S01B00006275696C642F72656C656173652F7A69676265652E73333714
S2140040000810002021790000B5C00000B749030061
S214004010B7490300BDC00000C5C00000B749030093
S214004020B7490300B7490300B7490300B74903007F
S214004030C9C00000388F0400B7490300B749030021
S214004040B7490300B7490300B749030039740000B5
S214004050B7490300B7490300B7490300B74903004F
S214004060B7490300B7490300C9C50000B7490300B4
S214004070B7490300B7490300B7490300B74903002F
S214004080B7490300B7490300B7490300B74903001F
S214004090B7490300B7490300B7490300B74903000F
S2140040A0B7490300E97C0000CD7C0000B749030057
S2140040B0B7490300B7490300B749030019150200C2
S2140040C0A9A50300A5A503007D0C0200BFA503005B
S2140040D0ADA50300D9140200B1A503000DF9010037
S2140040E059150200B7490300B7490300B749030052
S2140040F0B7490300B7490300B7490300B7490300AF
S214004100B7490300B7490300B7490300B74903009E
S214004110B7490300B7490300B7490300B74903008E
S214004120B7490300B7490300B7490300B74903007E
S208004130B749030083
S214004134F0B5114A114C124E00F00105E3695F0711
S21400414413D40DB9334213D103EA00078F4207D1C3
S2140041540B4A1A40002A14BF6FF001000020F0BD7D
S214004164013AEBD16FF00200F9E74FF0FF30F6E7C3
S2140041746FF00100F3E700BF80969800000003503C
S214004184020001000B4B70B5D96911F480310DD1D2
S21400419401244FF48072084E084DF46020462C64C7
S2140041A41A61FFF7C5FF3464EC6070BD6FF0010060
S2140041B4FBE700BF0000035000100350002003502C
S2140041C438B541F6713301220C4C0021E569E363EE
S2140041D40B4B05F48035DA600223606121202361ED
S2140041E4FFF7A6FF10B92120FFF7A2FF0122054B17
S2140041F4DA600DB10023E36338BD00BF000003504E
S214004204001003500020035070B5134C6061E3693E
S2140042145B071ED40E4656F8043B8D18A361AE42C7
S2140042240BD10423002121202361FFF781FF58B915
S214004234BDE870402120FFF77BBF08210846FFF742
S21400424477FF10B10423236170BD56F8043BA361C5
S214004254E5E74FF0FF30F7E7000003502DE9F84399
S214004264154641F67132164B8946DF69DA63012238
S214004274064603F58053DFF8508007F48037DA608B
S21400428455B9284601220F4BDA601FB10022A3F568
S2140042940053DA63BDE8F88306F5005404EA08041C
S2140042A4A41BAC4228BF2C46494622463046FFF79C
S2140042B4ABFF0028E6D12644A1442D1BE0E700BF4F
S2100042C4000003500020035000E0FFFF45
S2140042D02DE9F04F4FF0FD0BC9B09A460DF11B09C2
S2140042E09DF8503108AFCDF80C90CDF808B0019786
S2140042F0059303890446009383790E4690464188C9
S2140043008288407811F026FE054650B10090A388BA
S214004310002062883A4912F061F9284649B0BDE8A3
S214004320F08F99F8000033F05DFC38B12846A3887A
S2140043306288344912F052F98D25EEE75A4639461E
S21400434099F8000033F0F6FB8346002851D0529BC4
S2140043501BB1BDF84C3198424BD8002399F8009019
S2140043600793A9F14102012A5FFA8BF123D8384658
S2140043700139254ADFF898C05FFA81FE734513DBE2
S214004380059B04210792C3B907AF18221F489FED6B
S2140043901A7B02FB060420460A460830394684ED9E
S2140043A0027B16F071FE11E010F8011F0133514038
S2140043B00CFB01F2E2E7059B33B123464A4638463A
S2140043C000960FF0EFFCA8E70829DED9B8F1000F39
S2140043D001D088F80090BAF1000F01D0AAF800B01A
S2140043E0529B002B99D05A46184608A916F04CFE48
S2140043F093E7012591E700BF0000000000000000E1
S214004400CD38040002390400C59D1C8180100020B0
S21400441093010001000000002DE9F04F93B0CDE9B4
S2140044200A32DDE91C530E9353EC102BCDE908013C
S214004430104619468DED060B1E9E16F0AFF880B19D
S214004440DDE906014FF0FF32C54B16F0CFF840B954
S214004450DDE906014FF0FF326FF4801316F0A8F87E
S21400446070B1DDE908019DED060B0E9B1E96CDE9A9
S2140044701C53DDE90A3213B0BDE8F04F00F088B9EE
S2140044800022DDE90601002316F092F8002800F06D
S2140044903381DDE906A303F1004BCBF30A5016F493
S2140044A08063A0F2FF3008BF06250F9315F0A4FD29
S2140044B09BA3D3E9002315F009FE9BA3D3E90023B1
S2140044C015F04EFCCBF31304894644F07F5180462A
S2140044D00022A44B504641F4401115F03FFC94A333
S2140044E0D3E9002315F0F2FD02460B464046494646
S2140044F015F036FC16F084F8044615F07DFD8EA304
S214004500D3E900238046894615F0E0FD0022964B4D
S21400451015F026FC16F074F889A3D3E900230746A5
S2140045204946404615F0D2FD80463846894615F085
S21400453063FD85A3D3E9002315F0C8FD02460B46AC
S2140045404046494615F00AFC02460B46CDE90C23C8
S21400455015F0BCFDDDE90C23804689461046194659
S21400456015F0FEFB0022CDE91001804B404649467F
S21400457015F0D6FE00227E4B15F0F2FB02460B46E7
S2140045804046494615F0CCFE00227A4B15F0E8FB73
S21400459002460B464046494615F0C2FEDDE90C23AE
S2140045A08046894600204FF0804115F0D7FB024632
S2140045B00B464046494615F0D3FB02460B46DDE95E
S2140045C0100115F0ADFE07F2FF3700226A4B15F01A
S2140045D0C7FB00223B0515F079FD52465B46804638
S2140045E0894616F003F8002840F08980CDE90C894A
S2140045F004F16303C62B8CBF0527042731051BD5A2
S21400460053A3D3E900235046594615F0E5FF00288A
S2140046107FD051A3D3E900235046594615F0C8FF72
S214004620002876D00027A542C6BF2C1B04F1FF3514
S21400463000253C4646F480660E9B9F422CBF4FF0FA
S2140046400008A3EB070816F0020903D0002F18BFD6
S2140046504FF000083CB1DDE90C235046594615F0F2
S2140046605FFE82468B46DDE906010022002315F038
S2140046709FFF10B10BF100439B46DDE9080126F4CD
S2140046800063CDE90183DDE90A324BEC10AB0095FF
S21400469000F07EF802465FB3DDE9091316F0200F3E
S2140046A000F10105089E0CBF65204520B047DDE9F6
S2140046B008010523002205930A23002CCDE90232C7
S2140046C007F1FF374FEAD473B8BF64422A46019316
S2140046D004970A9B009435F0DFF80246B9F1000F04
S2140046E006D00B9BC41A0B9B1A190E9BA34245D8E7
S2140046F0104613B0BDE8F08FDDE906ABCDE600222C
S214004700404649461A4B15F00BFE013CCDE90C011C
S2140047106EE7002D90D00F9B002B8DD0013D8BE7D0
S214004720FB799F501344D33FB3C8608B288AC63F9B
S21400473061436F63A787D23F71A379094F930A40FD
S2140047401655B5BBB16B0240EF39FAFE422EE63F76
S2140047502D431CEBE2361A3F0000000080842E41F9
S214004760FFFFEF7F0000F83F0000E03F00002C4016
S21400477000002440000018400000F03F2020DDE943
S2140047800913089DA8470134ADE700BF00000000EC
S2140047902DE9F04F5BEC10AB97B0CDE90501DDE9F4
S2140047A02058CDE90723504652465B465946229F7D
S2140047B015F0F4FE70B90323CDE902870193AA4BE6
S2140047C00093DDE90501DDE9072334F097FF17B014
S2140047D0BDE8F08F4FF0FF326FF480135046594615
S2140047E015F0E6FE28B10423CDE9028701939F4B1E
S2140047F0E6E74FF0FF32504659469D4B15F0F6FE61
S21400480068B19C4A07F00403002B08BF03229A4BAA
S2140048101CBF13460422CDE902870192D0E750461A
S2140048208DA3D3E90023594615F0E0FE38B98CA3D2
S214004830D3E900235046594615F0BAFE68B1DDE9C3
S2140048400723DDE905014BEC10ABCDE92187209568
S21400485017B0BDE8F04FFFF7DFBD0022002350463B
S214004860594615F0A5FE002800F091805B4652469A
S2140048700020002115F072FA012382468B46099328
S21400488017F4806400F08580092D40F285800024AE
S21400489030210EABA5F109020134202C03F8011BD0
S2140048A0A5EB040901D09442F6D15946504615F0BE
S2140048B0A7FE724B054603EBC90393ED007B8DED17
S2140048C00A7B15F099FB02460B465046594615F0F2
S2140048D045FADDE90A2315F0F9FB02460B46CDE959
S2140048E00C2315F0B5FE064615F076FB02460B4681
S2140048F0DDE90C0115F032FA02460B46CDE90C2331
S21400490000225F4B15F072FE002848D00136304674
S21400491015F062FB02460B46DDE90A0115F052FE71
S21400492008B100260135B9F1000F45D1284615F02B
S21400493063FB02460B465046594615F00FFA002216
S2140049404F4B15F035FE10B9E90700D501350A21A1
S2140049500EAB1A19202C0AD095FBF1F001FB10556E
S214004960303502F8015B013405460028F2D107F025
S2140049700302012A55D1B8F1000F52D0099A12B994
S21400498017F00C0F01D008F1FF38302240E00990F4
S21400499076E74FF0060988E7A946002485E7002257
S2140049A0DDE90C01364B15F003FE0028BBD10EB135
S2140049B0F007B8D50136B6E70A210EAB1A19202C37
S2140049C00DD0B6FBF1F001FB1063092E03F13003A6
S2140049D009F1FF3904F1010402F8013B11D8302136
S2140049E0A1440EAA202CB2D04C4504F101030AD1F2
S2140049F004F158020DEB02042E2204F8202C1C466B
S214004A00A5E70646DBE7A1541C46EBE71A5501343A
S214004A10444506D2202CF9D1CDE9028701940EAB8D
S214004A20CEE6202CF8D0099B3BB12D2204F158038A
S214004A306B4403F8202C0134EEE77A0704D504F122
S214004A4058032B226B44F4E73B07E5D504F15803E3
S214004A5020226B44EDE700BF0000000065CDCD418D
S214004A600000000065CDCDC1BC560400C056040051
S214004A70FFFFEF7FB3560400B8560400709E040094
S214004A800000E03F0000000070B58EB02C22002130
S214004A9003A816F069F964234FF002320893CDE9B3
S214004AA005230B2301218DF834305B4B8DF8101055
S214004AB01D880D4040F0A980084639F0ABF90A225F
S214004AC0564B574C1A704FF42873ADF812304FF00F
S214004AD0FF332360534B54491B8820460B82534BAD
S214004AE0534A1B68CD828B61524B0D621B884B82EA
S214004AF0514B1B68CB611CF0A5FD20B14FF41B7118
S214004B004E483AF0C8FA0521206835F0AEF820B1D4
S214004B1040F27D2149483AF0BEFA206815F0DAF8EE
S214004B20474B2068196835F063F90C2539F0DAFD33
S214004B306843099039F0D6FD68430DEB05010790F0
S214004B40206816F0D3FF20B140F295213B483AF09A
S214004B50A2FA25681FF020F900220146284635F003
S214004B60BFF920B140F2972134483AF094FA40F267
S214004B700353344D344E2B80052396F90000AB705A
S214004B807F2801D11CF054FE3378EB7039F0AAFD73
S214004B9000EB80008000A88039F0A4FD0023C00050
S214004BA04FF0FF31E880AB604FF0FF3018A3D3E939
S214004BB0002339F081FA2549206835F04AF9206843
S214004BC002A935F066FD20B14FF434711B483AF067
S214004BD062FA042220680DEB020135F0DEF80428A4
S214004BE004D040F2D72115483AF055FA01A9012021
S214004BF034F0E9FC07F0A2FA01201DF0ABFA30F021
S214004C00D2FC1DF0D1FA1CF0ABFD0EB070BD00BF9B
S214004C100A0020FF42030000525C0020AA63002026
S214004C2084540020A2B70400646A0020A8B70400D9
S214004C303DDE0300A0B70400A4B70400EB8D04001B
S214004C40B467002078540020826D0020B1DE030097
S214004C500348044B834202D0034B03B11847704706
S214004C60B46D0020B46D002000000000064B07491C
S214004C70C91A891048BF0131491003D0044B0BB143
S214004C8001481847704700BFB46D0020B46D00207F
S214004C900000000010B5064C237843B9FFF7D8FF94
S214004CA0044B13B10448AFF300800123237010BDFA
S214004CB0681600200000000048DB040008B5044B1E
S214004CC01BB104490448AFF30080BDE80840CDE7B7
S214004CD0000000006C16002048DB0400A3F5803AB4
S214004CE0704700BF154B002B08BF114B9D46FFF7C2
S214004CF0F5FF00218B460F461148124A121A16F08D
S214004D0033F80C4B002B00D098470B4B002B00D0F1
S214004D1098470020002104000D000B4816F06AFB9F
S214004D2015F0FAFF200029002FF074FB16F050FB58
S214004D30000008000000000000000000081000202E
S214004D4008100020106400205DB4010007B50121A2
S214004D5020200DF1070201F029F850B10121202092
S214004D600DF107028DF8071001F030F803B05DF87A
S214004D7004FB9DF807100129F8D00122084814F01A
S214004D80E1FE01210DF1070220208DF8071001F049
S214004D901DF82FF0C1FA4FF4FA6000F051FEE5E777
S214004DA0C8F4030038B501F099F9012805D001F0E0
S214004DB095F9022801D001F0B7F9064D2B783BB9DA
S214004DC001F08CF90128044602D12FF01AFB2C7052
S214004DD038BD00BF3E5D002010B5044600882FF0A9
S214004DE06FFAA37884F84400834202BF0123E3707D
S214004DF02371074B04F11C00C4E9073401F02CF8BA
S214004E00224620880349BDE8104000F069BF00BF75
S214004E10574003002140030070B5C37804460D4692
S214004E201646002B34D1D1B1214814F08BFE012355
S214004E30E370E36CA6600BB1E06D9847E368F61A82
S214004E4063699E4221D2217E1A480131C9B2217679
S214004E5014F078FEA36D13B1217EE06D9847E570DF
S214004E602FF06DFA15B3237903BBA268238A801A44
S214004E7083421BD801231048237114F063FE236D70
S214004E80A3B1E06DBDE87040184701232376E6E73E
S214004E900029E4D1094814F055FE636DE660E5701C
S214004EA02571002BDBD0E06D9847D8E770BD00BFBA
S214004EB0F0F4030001F503002FF503001CF50300D2
S214004EC070B51E46838804460D46C18002810BB12C
S214004ED0868070BD817800882FF0DEF80123E370AD
S214004EE0064BA680C4E903340C34204600F0B4FF19
S214004EF029462046BDE870402FF018BAA3400300AC
S214004F0010B501790446B1FA81F1008849092FF0FD
S214004F103AF921796088B1FA81F149092FF033F91D
S214004F20034B1A68A24204BF00221A6010BD00BFDD
S214004F308416002070B543790446A3B100880E4E4F
S214004F4004F10805336813B10C4B1B786BB121795B
S214004F502FF019F964210A4B3460A3602846BDE897
S214004F6070402FF0E3B94088E9E7064814F0EAFD00
S214004F70054B3221A360F1E7841600203F5D002038
S214004F80014F000045F50300354F000010B50446FC
S214004F90E0B10F4814F0D6FD01236371A37953B92D
S214004FA0217920882FF0EFF8236B7BB1606B01210D
S214004FB0BDE8104018472046FFF7A2FF04F108009E
S214004FC02FF0B9F92046FFF7B5FFEDE710BD00BF9B
S214004FD07BF5030010B50446F8B1104814F0B2FD96
S214004FE000236371A3796BB921792088B1FA81F126
S214004FF049092FF0C8F8236B7BB1606B0021BDE830
S214005000104018472046FFF77BFF04F108002FF0FA
S21400501092F92046FFF78EFFEDE710BD86F50300F8
S21400502010B5044668B1074814F08CFD6379204635
S2140050301BB1BDE81040FFF7CDBFBDE81040FFF73D
S214005040A5BF10BD92F5030010B50E4C0E482146C4
S21400505014F078FD82210D4814F074FD82210220A0
S214005060A21E00F0B3FE014630B134F8022C084808
S214005070BDE8104014F066BD0648BDE8104014F0C8
S21400508061BD00BFD6550020A1F50300BCF50300A6
S214005090C7F503000BF6030038B5124C82212246F2
S2140050A0022000F083FEA51C014698B122880E4817
S2140050B014F048FD2A460D4B03F1280153F8040B63
S2140050C08B4242F8040BF9D119889B7811809370B3
S2140050D02A23238035F8021C054A0648BDE83840D6
S2140050E014F030BDD455002016F6030096F60300E3
S2140050F0D655002074F60300034B1B781BB18B4279
S21400510001D82FF009B97047226D002010B504466B
S21400511001460E4814F016FD012C11D10C4B0D481B
S2140051201A884FF6FF739A421EBF0022094B5A7424
S2140051302FF00FF801F0A2FDBDE8104001F074BC9E
S2140051400448BDE810402FF006B800BFC1F60300C3
S214005150D46C00204067002070B500241A4D1B4E0A
S2140051603378A3421BDC0024194D1A4E3378A34231
S2140051701BDC0024184D194E3378A3421BDC00F0CC
S214005180ADFF012816481CD12EF0E3FF01F076FD96
S21400519001F04AFCBDE87040124800F0BFBF284648
S2140051A0FFF71AFE01346035DAE728462EF0B7FF1F
S2140051B001343435DAE728462EF0EAFF0134383574
S2140051C0DAE72EF0C8FFE5E7B8210020455D0020AD
S2140051D0D8250020465D0020881F0020445D002062
S2140051E0406700200D5100002DE9F04F87B0FFF713
S2140051F053FFB34B05A805932EF0EEFF054615F0BA
S214005200AFFCB04CC2B21F2A627004D9AE4814F08C
S21400521099FC00F009FC2946A01C15F035FF05A8EE
S2140052202EF0DAFF054615F09BFCC2B21F2A84F862
S214005230212001D9A548EAE7294604F1220015F005
S21400524023FF05A82EF0C8FF32260446002725783F
S214005250002D40F092809E4CFFF77EFF2378DFF80B
S214005260ACA2DFF8AC829B4E00939AF8003098F818
S21400527000203178984814F065FC327898F80010D1
S2140052809AF8000053180344944F20782C460344A1
S2140052903846DBB2AA4200F3D782012B38BF01237F
S2140052A0DFF840B202935A4600235D464FF48271FF
S2140052B04FF6FF7402980133834213705180948036
S2140052C002F10C02F6DB864B86497E48AB6000F0A6
S2140052D0E1FFE879AB6800EB400003EB800000F0EC
S2140052E0AFFDEB790133EB717F4B1B88A34203D0F4
S2140052F07C497E4801F0D2F84FF00009784C3278AD
S2140053004A4500F3CB8200274FF00C09784ADFF8B5
S214005310D4B198F800003178B84200F3D482471828
S2140053200C21002501FB07B19AF800009423A8423F
S214005330704A00F3E6820C2598F8003000274FF0FC
S21400534070083678DFF8CCA11E44064405FB06B587
S2140053505F4B1B78BB4200F3E7820299614800F07E
S214005360FDFD059B56491A468B4240F0F082624886
S21400537007B0BDE8F04F14F0E5BB532D0FD16378AE
S2140053804C2B40F04781A378502B40F043810122FC
S2140053905A4B1A7005A82EF01FFF044657E7442DF7
S2140053A013D16378303B092BF4D8601C2EF021FF14
S2140053B0534B544A1978002386B2994202F1600290
S2140053C0E8DD22F8466C0133F7E7422D0BD163780F
S2140053D0542B55D1A01C00F0D1FC434B1880184626
S2140053E02EF0FBFDD6E7582D34D8412DD2D9433DBB
S2140053F0152DCFD801A353F825F000BFB7570000EE
S21400540095530000955300009553000095530000F7
S2140054109553000067550000955300009553000013
S214005420195500006754000095530000955300007E
S214005430955300009553000099560000155600003D
S21400544095530000955300009553000095530000B7
S2140054500F570000692D9DD1601C2EF0CAFE80B249
S2140054602EF056FF96E71B4B0120197800231B4AA7
S214005470994202F1A8028DDD02F8A60C0133F7E787
S214005480601C00F07BFC0546E01C2EF02AFF012184
S214005490024628462EF0E1FE60211948194C037892
S2140054A05943621865524FF4FA6111824FF44871FD
S2140054B05161154956831165013303706AE700BFD1
S2140054C0D655002054660020E0F60300F7F60300E9
S2140054D0405D0020435D002007F70300DC1C002031
S2140054E050170020D8160020D46C00208816002004
S2140054F0DC1B0020201A002057F703003F5D002029
S214005500455D0020B8210020C3410300415D002016
S214005510425D0020D0180020601C00F02FFC002206
S2140055204FF034088146CD4F11462EF096FE38785F
S214005530CB4D08FB00F325F80390EA18E3781046F5
S214005540693B18BF012393702EF0E9FD0021C54A80
S2140055503B785160012103FB08550B443B701560F6
S2140055600F46117416E7601C00F008FC0022114676
S21400557081462EF072FE3422B84DDFF8E482287899
S21400558002FB00F328F8039008EB0301E3780846D3
S214005590693B18BF01238B702EF0C1FDB24A002371
S2140055A01046916B31BB00EB831034232A7802FB44
S2140055B003838363AD4A00231046D2F8A410F9B9DA
S2140055C0A82202FB030034232A7802FB0383C0F8D8
S2140055D0A4305FB9A34A3B46114652F8040BA8B95B
S2140055E03422287800FB028241F823202B780133EE
S2140055F02B70CFE60133042B02F14002D1D1D9E75C
S2140056000133042B02F1A802D7D1E2E70133042BC1
S214005610E3D1EBE7601C00F0B1FB8046E01C2EF007
S21400562060FE0121024640462EF017FE602190489B
S214005630904D0278DFF858C251436B1825F8018068
S2140056404FF44871198259618B495E839965E178F8
S214005650A824642904BF012199709CF80030DFF863
S2140056600CE25C430EEB04010EF804304FF40074B9
S2140056704C8003240C718C7102EB420405EB44153C
S21400568032240133DBB201324B718D6081F8A040C9
S21400569002708CF800307DE6601C00F06FFB002284
S2140056A04FF0380A8146DFF8E08111462EF0D5FD2E
S2140056B098F80030714D0AFB03F325F803904FF07D
S2140056C00109EA1882F80490E37873B1E01C00F050
S2140056D055FB0022044611462EF0BFFD98F8003018
S2140056E00AFB03535C8083F8069065485E4A03789D
S2140056F09901535498F8001002EB8314C1EBC102D1
S21400570005EBC2054A1C656388F80020D4E6601CD9
S21400571000F034FB8046E01C00F030FB0546601DC0
S2140057202EF0DFFD04460246012140462EF095FD90
S2140057302246284601212EF090FD60204FF4487C3A
S214005740DFF82CE14B4A9EF8003000FB03F422F809
S2140057500480DFF824811119A1F810C0C1F814C024
S2140057604E83C1F85880591CC9B248431418A4F88F
S21400577010C0C4F814C06683C4F858809424155228
S214005780404D981C8EF800002878DFF808C1444386
S21400579003EB430301EB41010CEB040E02EB431356
S2140057A002EB41120CF80400CEF80430CEF80820C4
S2140057B001302870EEE5601C00F0E0FA8046E01C40
S2140057C000F0DCFA00220546114640462EF045FD64
S2140057D000223824114628462EF03FFD2A48274A44
S2140057E003784FF0000E04FB03FC22F80C804FF009
S2140057F0010802EB0C0181F806E081F8048003EB57
S2140058000801C9B24C4302EB040C15539C1C0470EF
S21400581070241E4D8CF806E028788CF804804443EB
S214005820DFF874C0C3EBC303C1EBC1010CEB040E7D
S21400583002EBC30302EBC1020CF80400CEF80430FE
S214005840CEF808204044B4E790F805C001358C45F2
S21400585084BF04714471A8301CE500BF465D00207B
S214005860D825002040670020DC1B0020DC1C002020
S214005870455D0020B8210020F9500000881F002058
S214005880425D0020415D0020445D0020405D002018
S214005890435D0020201A0020D0180020B9F1000F28
S2140058A007D01BF8052C02EB420204EB8204CBF86F
S2140058B008405946384601F0B5FB09F10109A837FA
S2140058C00BF10C0B1BE579180AD0481E09FB00B03B
S2140058D0C07900EB400004EB800409FB01B0846053
S2140058E0104609FB0151039201F05AF931781C4821
S2140058F0394409FB015101F07DF8039A0137403223
S21400590007E5FD4218BF11F8050C03911EBF00EB1A
S214005910400004EB80048C6003FB052000F082FF4F
S214005920039901350C31FFE4F74218BF15F8053C22
S21400593029461CBF03EB430304EB830408FB07A0C4
S21400594018BFAC6000F044FE01370C3500E513F8D4
S214005950011D00297FF406AD3B2102F8011C01E57C
S2140059607C1F002007B5012121200DF1070200F061
S2140059701DFA18B99DF80720024B1A7003B05DF89F
S21400598004FB00BF226D002007B5064B8DF807000C
S214005990187001210DF10702212000F017FA03B05C
S2140059A05DF804FB226D002007B5022101200DF1F1
S2140059B0060200F0FBF938B9044814F0C3F8BDF845
S2140059C0060003B05DF804FB0020FAE774F7030056
S2140059D007B50221ADF806000DF10602012000F021
S2140059E0F5F9014610B1034814F0ACF803B05DF8C1
S2140059F004FB00BF95F7030010B5FFF7D5FF04467C
S214005A000146074814F09EF80121064814F09AF85B
S214005A1024B9BDE810400120FFF7DABF10BD00BF73
S214005A20C5F70300D7F7030008B5044814F08AF852
S214005A3000F0DCF92EF070FC2EF06BFCEDF70300A6
S214005A4038B50446084D094B28462B6000F004FA8A
S214005A50002C18BF21462846BDE8384008BF4FF442
S214005A6096712EF063BC00BFDC26002011420300B6
S214005A702DE9F043384D91B008AC0746894690466C
S214005A800FCD0FC495E80F00002684E80F0001250F
S214005A900323324C3248CDE90366CDE905668DF81E
S214005AA00E300796029539F09FFA2E4839F09CFA88
S214005AB032462D4920468DF8176004F0DBFB33464E
S214005AC032462A498DF81900009020468DF823901A
S214005AD0CDF82C808DF8216004F0E6FB0A90204675
S214005AE08DF8097004F048FB204608AA05A904F0C2
S214005AF001FC02AA204603A92FF0B1FC4FF4007265
S214005B001B4B5A62194BE560626A920510D46BB95A
S214005B104FF40072164B11485A6204F02DFB1148E0
S214005B2039F065FA002011B0BDE8F083013BEBE7E1
S214005B30002BEDD0094908A82FF0C4FC4FF40072E2
S214005B400B4B06485A6204F017FB064839F04FFA2A
S214005B50BDF82000E7E700BFF08E04000040005AC2
S214005B60989104009491040080841E0040420F0027
S214005B700060005A0122034B1870034B1980034B38
S214005B801A707047485D0020DC6C0020475D0020DE
S214005B90F8B5454B1B780BB90020F8BD434B1B7876
S214005BA0012B03D1BDE8F8402EF035BB404B1C88D6
S214005BB04FF6FF739C42EFD03E4839F015FA0023AB
S214005BC0260AE4B21A462146304604F095FA012E1B
S214005BD0354604F0010335D015D9B51E012DDBD8A6
S214005BE0002B0BBF4FF480754FF080754FF470613B
S214005BF04FF070610BBF01274FF480370F204FF432
S214005C0070202D4B11E0002B0BBF4FF480754FF02A
S214005C1080754FF470614FF070610BBF01274FF431
S214005C2080370F204FF47020244B1A6802401CD097
S214005C30BA421AD01A680A4032D11A6822EA010219
S214005C402A4316E0002B0BBF4FF480754FF080758B
S214005C504FF470614FF070610BBF01274FF480372F
S214005C600F204FF47020164BDFE71A6822EA000276
S214005C703A431A602EF0CFFA054600288CD0083634
S214005C8044EA06102A460321C0B2FFF7F1FE40F6AA
S214005C90FF73684300F2FF70B0FBF3F080B27CE75E
S214005CA095427FF479AFC8E7475D0020485D002045
S214005CB0DC6C00209891040028C3035020C30350D6
S214005CC024C3035010B5044C237823B9034839F095
S214005CD08BF90123237010BD4A5D002098910400C3
S214005CE02DE9F0431F4C85B0074688469146FFF7DE
S214005CF0E9FF23781BB901F0AFFE012323707BBABE
S214005D00ADF80C3030220023174E02FB03F4315D51
S214005D10A51901BB012333554FF0FF3304F11000E2
S214005D2012493044AB606F80C5F80480C5F80C900B
S214005D3009F024F904F10801042231440C4B0095C3
S214005D4003A801F05FFFA96802460A4813F0FAFEAE
S214005D5005B0BDE8F0830133102BD6D1064813F00A
S214005D60F1FEF5E7495D0020042700203B420300D2
S214005D704D420300FAF7030028F8030080B10278CA
S214005D80A2F14103032B0BD840783038C0B2082864
S214005D9006D8054B134413F8413C40EA03207047ED
S214005DA04FF6FF70704700BF108F040008B50B4613
S214005DB042B101460448006803F068F8BDE80840B0
S214005DC02EF0A0BA022008BDAC67002008B50B462E
S214005DD042B101460448006803F0E0F9BDE8084017
S214005DE02EF090BA022008BDAC670020F0B5002661
S214005DF0124F8DB0FF2300930A223346386802A95B
S214005E002FF0EAF8C0B102AB1D4603EB800404E0B5
S214005E1055F8043BB34228BF5E1CAC423868E9D94B
S214005E20296803F041FB0028F2D02D28F0D00DB0F1
S214005E30BDE8F0402EF066BA0DB0F0BDAC670020AD
S214005E4028B1034B0360034B436000238360704715
S214005E501900000354670020FF2307B50021044AF9
S214005E600093083009F00EF803B05DF804FB00BF9D
S214005E70274303000B46044902460868034909788D
S214005E8008B12EF063BA7047102A00204C5D00203F
S214005E90F7B50C4618B12921194839F0FCF82468E2
S214005EA023685E795F8830463946FFF7E3FFF0B136
S214005EB08568E5B1A089227D3946904291BF0020D1
S214005EC0801AA36880B294BF03469B18E27C0090B9
S214005ED03046A8470138032803D8DFE800F0080F4B
S214005EE00B0D0024204632F0E7FB204600E0812020
S214005EF003B0F0BD8024F5E79324F3E78724F1E7A9
S214005F0050F80300F8B515460D4A044610680D4AC9
S214005F100B46117850B122462EF018FA034628B1E7
S214005F2000210C27C678B14201DB0020F8BD07FB34
S214005F3001F45A681019125BAA42F7D00131F2E751
S214005F40102A00204C5D002008B5034B1B6803B1E7
S214005F509847002008BD00BF0C2A00202DE9F74F07
S214005F6004460D460026454B454F1860454B1970B4
S214005F7033010021F85C01360FF0DAFD0C2EF7D164
S214005F800C2D28BF0C254FF0000901953C4EDFF87C
S214005F9000A13D4DDFF8FC80019B4B4502DC03B0C1
S214005FA0BDE8F08F23784FF0000B33706388738062
S214005FB0A388B380A379C6F80880B371E379C8F8DC
S214005FC0005088F804304FF00003A768A8F80630A1
S214005FD0E3795B450ADC012116F8100B0FF0A8FDEB
S214005FE008F1080809F101090C34D5E74FF0000361
S214005FF038886B812880FB784FF0000C2B81BA78AC
S214006000C5F804A0002A00920CBF802240222A7302
S21400601079680AF10C02634513DC03EB43030AEBD1
S214006020830ABB6843B1009A4FF6FF71B2FA82F258
S214006030164B520932F0D0FA14350BF1010B0C371F
S214006040C6E7B1F800E00CF1010C22F80CEC91F870
S21400605002E00C3202F816EC91F804E00C3102F87B
S21400606015EC11F809ECBEF1010F14BF4FF0100E3D
S2140060704FF0110E02F814ECCDE700BF102A0020F6
S214006080D84000204C5D002014300020915E0000B7
S214006090142A002094320020014B1860704700BF7D
S2140060A0082A002070B5128805460E46FFF72AFF1C
S2140060B0044670B102790499806814F0A7FE064B76
S2140060C01B680BB9002070BD3146284622889847C9
S2140060D0F8E78620F7E700BF082A002008B50EF08C
S2140060E0C3FD022806D0012806D0044B18784000CD
S2140060F0C0B208BD0120FCE70220FAE74B5D002095
S214006100054B10B51C682CB1FFF7E8FF2346BDE829
S2140061101040184710BD00BF042A0020014B18602D
S214006120704700BF042A0020034B1A781AB90122D0
S2140061301A700AF09FBD70474B5D00200022024B8C
S2140061401A70FFF7DDBF00BF4B5D002037B5044671
S214006150002836D00EF088FD022834D1608932F04F
S21400616028FEE079237A003818BF0120012B637AD5
S21400617008BF40F008000BB140F0100063890BB177
S21400618040F00400257CA188A2790DB1E36893B99C
S2140061900F4B10F0A9F82178084610F021F932F0DC
S2140061A014F9044610F0DAF87CB100280CBF002081
S2140061B0032003B030BDCDE90035064B10F094F84F
S2140061C0E9E70220F5E70120F3E72046F1E700BF04
S2140061D0E6450400E914040008B50CF0A9FE0146E3
S2140061E030B1044813F0AEFCBDE808400DF044BAE8
S2140061F008BD00BFC2F80300034B044A5B7C0121C4
S21400620003201370FFF7E2BD406700204D5D0020BD
S21400621010B50446FFF7F0FFB4F57F4F0BD100240E
S2140062200F4B1A8813449C70FEF70EFF2046BDE8FD
S2140062301040FFF705BC4FF601739C4204D1BDE841
S214006240104008482DF06DBF4FF602739C4205D1F2
S214006250BDE81040044B1878FFF796BB10BD00BF92
S214006260D455002040670020226D002010B5074C52
S214006270012122460320FFF799FD28B92378044A16
S214006280003B18BF0123537410BD00BF4D5D0020B6
S21400629040670020F8B5574B574C1A884FF6FF73E7
S2140062A09A4218BF03234FF0080218BF2370534BBF
S2140062B032251A7030229A705A7139229A71312218
S2140062C0DA7134225D70DD7036251A724FF40012D2
S2140062D01D714B4D4264C5644A4D012205654A4D09
S2140062E086188565494DC667C565494D494E45665C
S2140062F0494D80F848208566484D80F8542005674B
S214006300474D80F860204567202580F8785080F853
S214006310845000F12105C0F88850424D80F86C206A
S214006320C0F88C50C0F8806080F89020C0F8944088
S214006330C0F8B8303C4B3D4CC0F8BC300223C0F827
S21400634098403B4C80F8C030C0F8A4400F24394B2E
S21400635080F8A840C0F8C430374B384CC0F8C83076
S2140063608223C0F8AC40364C80F8CC30C0F8B04041
S2140063700924344B344DC0F8D030344B80F8B44048
S214006380C0F8D4302C7C324B80F89C20C0F8A0009B
S21400639080F8D820C0F8DC3044B12E4B80F8E420DA
S2140063A0C0F8E03005F11103C0F8E8304FF0000CFB
S2140063B0CA798E6802EB42039F00443006EB8303E3
S2140063C026F807C0586001200D349870DC7013184A
S2140063D0CB71FFF7C7FAFFF749FFFFF77FFE0128EB
S2140063E006D12B7C23B1BDE8F84017482DF099BEA6
S2140063F0F8BD00BFD46C0020236D00204E5D002049
S214006400298F040001002000288F040002002000CD
S214006410278F04000500420003002000268F04009A
S2140064200400420007003000FDFF210012001001AA
S21400643000404200248F040000FF4401148F040033
S21400644006004200D45500204067002002FF2001CD
S214006450226D002001FF100113B504460D482DF0F3
S214006460C7FD6422C0F30F43637083B2B3FBF2F33D
S214006470A0782370202201212DF08AFFA078212207
S21400648001212DF085FF0449201D02B0BDE8104013
S2140064902DF04CBFD46C0020E09304000B7870B550
S2140064A083704CF61E0303804FF02013C362012353
S2140064B080F8303080F83C30C3180364124B044632
S2140064C043640223114A80F84830114B8263C36448
S2140064D04063CA798D6802EB420305EB830004F142
S2140064E02C0646600B4E45F8236000238360531C41
S2140064F0CB71094B201DC4E90134FFF7ADFC2046E3
S214006500BDE87040FFF7A8BFFDFF21002100200076
S2140065102A8F04000100010359640000437B044AEB
S2140065200121137000781130C0B2FFF74FBC00BFD6
S214006530585D002038B504460078054D11302A46CF
S2140065400121C0B2FFF732FC08B92B78637338BD5F
S214006550585D0020024B53F820002DF0E0BF00BF2E
S214006560F4320020012908B506D0022907D049B91F
S2140065702DF0CCFF002008BD2DF0CBFFFAE72DF064
S214006580CBFFF7E7024813F0DDFA0120F3E700BF80
S214006590EFF8030010B4054C114654F820001A46D4
S2140065A0BDF804305DF8044BFFF7DCBFF432002082
S2140065B0002310B5044683810364A0F844304830B5
S2140065C0FFF74AFC014BC4E9123410BD0545030031
S2140065D038B504460B781A4A43700D4642F8230035
S2140065E0FFF7E6FF2046FFF7A5FF4FF440132361B1
S2140065F00123144A2375A261134A84F82030E2610D
S214006600124A84F82C306262114A84F83830A2624A
S21400661004F10C0222630F4A04F10D036263E36384
S214006620EA79A86802EB420300EB830110344C6061
S214006630094C40F82340094B8B60531CEB7138BD66
S214006640F4320020575D002008002000246D002052
S21400665000FF300001FF10010201010495650000F3
S21400666010B47024427B0D48013A012904FB020055
S21400667006D0022908D059B95DF8044B2DF046BF64
S2140066805DF8044B2DF045BF5DF8044B2DF044BF7C
S21400669003485DF8044B13F055BA00BFD01800202D
S2140066A00BF90300B0F85C302DE9F0418B4204464C
S2140066B00E4638D0437B077C8BB31C4A12789A422E
S2140066C02DD370251A4A013B05FB032390F80F8053
S2140066D01B7B42462DF031FFB845054601D1FF2809
S2140066E01FD13A463146204694F890302DF025FFCB
S2140066F02F460546552212216078A4F85C602DF0DE
S21400670047FEFF2F03D039462046FFF7A9FFFF2D8F
S21400671009D029462046BDE8F0412DF04EBFFF25A2
S214006720DFE70746E6E7BDE8F08100BF405D0020F2
S214006730D018002041688268C978D27849B112B171
S2140067400321FFF7AFBF837B002B0CBF0121022183
S214006750F7E72AB1837B002B0CBF02210121F0E76B
S214006760014813F0EFB900BF1CF90300037BD3B157
S2140067704368DA7812B18268D278A2B91B7933B14D
S214006780837B002B0CBF04210521FFF78BBF83689A
S2140067901B792BB1837B002B0CBF05210421F4E76A
S2140067A0014813F0CFB970474EF90300084A437BFF
S2140067B005211370837B5370C37B9370037CD37067
S2140067C0037B137100780E30C0B2FFF7FFBA00BF2C
S2140067D0595D002038B5044600780C4D0E302A4628
S2140067E00521C0B2FFF7E2FA20B1BDE838400848FC
S2140067F013F0A8B92B7863736B78A373AB78E37345
S214006800EB7823742B79237338BD00BF595D0020C5
S2140068108AF90300024B53F820002DF018BF00BF82
S2140068201C330020F8B504460B78424A43700D46E8
S21400683042F82300404E2DF028FFFFF7CBFF62689A
S214006840A3683E483E49D6641165D4655065C3E9E1
S2140068501410DE64DC654FF0987302266361012332
S21400686004F10C01E16137491032216204F10D0197
S214006870A16235492376E16204F10E016163334972
S21400688084F82430A16304F10F012164304984F8B0
S2140068903030616404F11001E1642E4984F83C3024
S2140068A084F84830216584F85460A265E879A968C0
S2140068B000EB400201EB820704F1140CC7F804C099
S2140068C04FF4817C244F41F82270C218D2B202EBFA
S2140068D0420241F822C001EB820700227A601F4A7A
S2140068E084F8703022661E4A84F88830A2661D4AF4
S2140068F01D4BE2661D4AC4F88C3062671C4A831939
S214006900A26704F15C02C4F88020DBB2194A03EBEC
S2140069104303C4F8842084F8646084F87C6001EB48
S214006920830260345460144A033041F82320E8712F
S214006930F8BD00BF1C330020356700001146030079
S2140069406D67000001002001020010010300300105
S214006950040030010500210101FC01064A00210067
S2140069602C8F0400510010002E8F04002F8F04007F
S214006970550021006F0018001200010470B50D4686
S2140069800646144613460A460146164813F0DAF839
S21400699025B92046BDE87040FFF73ABC072D05D163
S2140069A021463046BDE8704000F000BB4FF601437C
S2140069B09D4205D121463046BDE87040FFF72ABF0C
S2140069C0062D05D121463046BDE8704000F0A2B83D
S2140069D0B5F5817F05D121463046BDE87040FFF70A
S2140069E0B9BD70BDB9F903000148FFF755BB00BF3C
S2140069F07D6900004FF4C01330B5036001230371B6
S214006A00074B8C688360CA7902EB420304EB83056C
S214006A106860044844F82300531CCB7130BD00BFA7
S214006A20308F04000400010138B50024044D55F8E9
S214006A30040B08B12DF039FE01340A2CF7D138BD0D
S214006A4044330020042908B50AD172B16BB113781B
S214006A501BB92DF055FE002008BD2DF047FEFAE7C5
S214006A60034813F06FF80120F6E70320F4E700BFB1
S214006A70ECF9030010B4054C114654F820001A46F1
S214006A80BDF804305DF8044BFFF7DCBF443300204C
S214006A900229024608B50ED004D839B910462DF0A2
S214006AA02FFE06E04029F9D0412907D110462DF0E7
S214006AB01DFE002008BD2DF02DFEFAE7024813F05B
S214006AC041F80120F6E700BF0CFA030010B4054CAD
S214006AD0114654F820001A46BDF804305DF8044B01
S214006AE0FFF7D6BF44330020426B094B52791A7029
S214006AF082785A70C2789A70826B12B190F83C20F5
S214006B00DA70007804210930014AC0B2FFF75EB996
S214006B105E5D0020024B53F820002DF017BE00BF2C
S214006B204433002038B504460078084D09302A461C
S214006B300421C0B2FFF73AF930B96B78A370AB788E
S214006B40E370EB7884F83C3038BD00BF5E5D002013
S214006B5038B504460078114D09302A460421C0B2E3
S214006B60FFF724F9C8B9A3782A78022B0CD004D8EA
S214006B7063B920462DF0C4FD01E0FF2B0AD0204665
S214006B80BDE838402DF091BD002AF2D120462DF008
S214006B90ADFDF4E7002AF9D1EBE738BD5E5D0020D5
S214006BA0F8B504460B78284A0D4642F82300437091
S214006BB0FFF7B8FF636B254A5C631A632046FFF74E
S214006BC0C7FF20462DF071FD4FF48013636001234C
S214006BD0626BA66B0532E2601D4A23722261A21C1C
S214006BE02375A26166B11B4A84F82030E261E21C7C
S214006BF06262194A84F82C3004F13C03A2622363D3
S214006C000627EA79A96802EB4203002E21F82370D2
S214006C1001EB83000CBF02230423C370012383709F
S214006C200E4B04348360531C4460DBB20C4C03EB05
S214006C30430341F8234001EB830000234360094BE4
S214006C4002328360EA71F8BD44330020294703000E
S214006C500340300101FF300102FF1001CD6A000041
S214006C6008000100756A000028B1034B1B788342B8
S214006C7034BF002001207047425D002070B500251B
S214006C800A4C0B4E3378AB4200DC70BDD4F8A4201F
S214006C9042B123791BB16079FFF7E6FF10B91046C1
S214006CA02DF030FA0135A834ECE700BFDC1C0020DC
S214006CB0435D002008B5427901461046FFF7D4FF31
S214006CC0A8B1CB780A48013A042B00EB82100ED804
S214006CD0012B08D81BB9BDE808402DF007BDBDE85C
S214006CE008402DF00DBDBDE808402DF013BD08BDD1
S214006CF0DC1B002008B5427901461046FFF7B4FFBA
S214006D00A8B1CB780A48013A042B00EB82100ED8C3
S214006D10012B08D81BB9BDE808402DF0F1BCBDE832
S214006D2008402DF0E3BCBDE808402DF0F3BC08BDDC
S214006D30DC1B002010B586B00446FFF7CFF901280B
S214006D4030D1E278042A2DD8DFE802F0133234037B
S214006D50030061790846FFF787FF58B31648032AF1
S214006D6000EB811050F80C3C58791DD1003818BF44
S214006D70012063784FF480728DF804304FF48273EC
S214006D80ADF806300623ADF8083001238DF80B3039
S214006D9000238DF80A0001A8CDE903238DF81430EE
S214006DA0FFF7D4F906B010BDB0FA80F04009E0E76E
S214006DB00020DEE70220DCE7DC1B002010B586B0F2
S214006DC00446FFF78BF9012830D1E278042A2DD843
S214006DD0DFE802F013133203030061790846FFF779
S214006DE043FF48B31548032A00EB811050F80C3CCB
S214006DF05B791DD11A1E18BF012263788DF80A2010
S214006E008DF804304FF48273ADF806300623ADF8E3
S214006E10083001234FF480728DF80B30002301A850
S214006E20CDE903238DF81430FFF790F906B010BDB6
S214006E30B3FA83F25209E0E70222DEE7DC1B002009
S214006E4010B586B00446FFF749F9012812D16378D9
S214006E50094A8DF804304FF48273ADF806304FF4CB
S214006E608073CDE90223002301A804938DF8143023
S214006E70FFF76CF906B010BD0800070110B586B024
S214006E800446FFF72BF9012820D16278104B8DF8C5
S214006E9004204FF4827294F8A01094F8A100597060
S214006EA01870ADF8062004934FF480720223094947
S214006EB001A88DF81430CDE90212FFF747F994F8CF
S214006EC0A130013B18BF012384F8A13006B010BDE5
S214006ED0625D00200800050110B58378044603B300
S214006EE00379022B0AD142791046FFF7BDFE28B17E
S214006EF00C48013A00EB82102DF00CFCA379022B13
S214006F0002D12046FFF716FF2046FFF7B7FF022301
S214006F106078A4F86C305522BDE8104012212DF0A0
S214006F2037BA10BDDC1B00204388094A08211380AD
S214006F308388538083681B8A938090F8A03093716F
S214006F408379D37100780430C0B2FEF73FBF00BF2C
S214006F505656002038B50D4604460178114812F002
S214006F60F1FD4FF602739D420ED10F4B1B782BB9E5
S214006F7063712046BDE83840FFF7D6BF62790AB194
S214006F809342F6D20123F3E7B5F57F4FF1D12046C1
S214006F902DF059FCA378022B0CBF01220022A36817
S214006FA09A70E6E728FA0300425D0020024B53F889
S214006FB02000FFF7CFBF00BF6C33002038B5044673
S214006FC00078144D04302A460821C0B2FEF7EEFEC3
S214006FD020B1BDE83840104812F0B4BD2B8863805D
S214006FE06B88E978A380AA88A3681A82AB7984F8AC
S214006FF0A030EB79A371094B1B780BB9637138BDD0
S21400700009B19942FBD9064812F09CFD237801335A
S214007010F4E700BF5656002042FA0300425D002007
S2140070206BFA0300F8B504460B78474A0D4642F85B
S21400703023004370FFF7C2FFA268444BD465D364B5
S214007040434B02265365434BA11C13654FF4401374
S214007050E36001236161E1623F49103221632265EA
S214007060211D3E4AA1633E483E49626504F1A002E6
S214007070A061E163E265E01C611D3B4A2062616439
S2140070803A483B492266A21D2374237784F82830A9
S21400709084F8343084F84030A16484F84C6084F876
S2140070A0583084F864306062A266E879AA6800EB1B
S2140070B0400102EB810704F10C0CC7F804C04FF046
S2140070C0060C2C4F42F82170C118C9B201EB4101E1
S2140070D042F821C002EB810700217960264F84F830
S2140070E080302767254F84F89830A767244F254BB4
S2140070F0E767254F84F8746084F88C60C4F89C3089
S21400710004F16C06831CC4F88470C4F890601F4FAA
S2140071101F4EDBB203EB4303C4F89460C4F88870D8
S21400712002EB83067034746008261A4C42F823403B
S214007130C31CDBB203EB430302EB8304043042F8C8
S21400714023606160E871F8BD6C3300209D47030042
S214007150E7470300D96E000001FF300104FF20015D
S2140071601000300102FF200105FF300100FF300152
S21400717003FF2101070001084A002100328F0400A6
S21400718051001000348F0400358F04005500210094
S2140071906F0018001200010400239B6AB3F5804FAD
S2140071A003D21968064A914203D000230370836015
S2140071B07047012202709A689B694260F7E700BF39
S2140071C007B0CD5E024B034A1A602EF060BF00BFC8
S2140071D00000002002020FF073B53F4B04461A78F9
S2140071E01AB102221A7002B070BDCDE90022002842
S2140071F0F9D001261E7037F059FE384D384B18600E
S21400720017F082FA2B785BB902F0F2F940B93548EC
S2140072100823354A3549006801F038FE00B92E705B
S214007220334B5A68E260334A9A601A6E22605A6E8E
S2140072306260D3F87021A2601B6E5C042CD52E4AC7
S214007240D368D807FCD42D4B1A68531C29D04FF4AA
S214007250801393402A4A13660423294C4FF0804239
S21400726023664FF480632366102323664FF400538F
S2140072706846236601A9226663662DF0FCFA009B29
S2140072802366019B63662B78002BACD0164B1A68DE
S21400729022665B686366A6E71A4AD368D907FCD4F9
S2140072A0D1E7194B1B78002BD6D1184B5A68144BD4
S2140072B012B94FF480121A66154A526812B94FF482
S2140072C000121A66134B5B68002BC5D14FF4800280
S2140072D00B4B1A66C0E700BF655D0020665D0020A8
S2140072E0A4330020AC670020A833002000710800FB
S2140072F00080004455CEAC000000044078670020B3
S2140073000090004400000450645D0020008005509A
S21400731000C005500000065038B5224D04462B78B4
S214007320012B02D001232B7038BD0028FCD02DF095
S214007330C7FA013009D02DF0C3FA40F20113984283
S21400734003D0194AD368DB07FCD42268174B1A66A9
S21400735062685A66A268C3F87021E268D40744BF20
S21400736000229A60124B1A68013213D1114A127821
S21400737082B911494968C80748BF1A600F4A52685F
S214007380D10744BF01221A600D4A5268D20744BF93
S21400739002221A6017F0C0F90A4B186837F081FD10
S2140073A00023C0E7655D0020000004400080004424
S2140073B078670020645D00200080055000C00550FE
S2140073C000000650A433002070B50024A36AB3F56D
S2140073D0804F23D21A68134B9A421FD1124E33782D
S2140073E013F0FD0518D14FF480341048FFF7F4FE73
S2140073F0032004F04FFC0E4B0320DC6004F02EFC50
S2140074000C4B1C61AB6ADB69984704460748FFF7DC
S21400741083FF0CB901233370204670BD4FF481748E
S214007420FAE700BF07B0CD5E645D0020943300200D
S21400743000A000440090004413B5204B1B7803B90D
S214007440FEE700231E4CCDE900336A4608231D499B
S214007450206801F01BFDF8B91B4AD2F84031D2F87B
S21400746040211F2B4FF0010311D9203A9340019A77
S2140074701A43019208236A461249206801F08EFEDC
S214007480124B134A1A602EF002FE02B010BD934053
S214007490009A1A430092EDE72D28F1D10A4AD2F855
S2140074A04031D2F840211F2B4FF0010385BF203A10
S2140074B093409340019398BF0093DBE7655D0020FF
S2140074C0AC67002000710800008000440000002027
S2140074D00B020FF038B50025AB6A0446B3F5804FB3
S2140074E010D21B6BB3F5804F0CD20748FFF774FE23
S2140074F0AB6A20461B6B5B689847BDE8384002487D
S214007500FFF70ABF38BD00BFB033002013B5002414
S214007510A36A0190B3F5804F13D21B6BB3F5804F6F
S2140075200FD20948FFF758FEA36A01211B6B01A87A
S2140075309B69984704460448FFF7EEFE204602B0D3
S21400754010BD4FF48174F9E7B033002070B5002603
S214007550B36A0446B3F5804F0D4612D21B6BB3F5E3
S214007560804F0ED20848FFF737FEB36A20461B6BE3
S21400757029469B69984704460348FFF7CDFE2046F8
S21400758070BD4FF48174FAE7B033002070B5002662
S214007590B36A0446B3F5804F0D4612D21B6BB3F5A3
S2140075A0804F0ED20848FFF717FEB36A20461B6BC3
S2140075B02946DB69984704460348FFF7ADFE204698
S2140075C070BD4FF48174FAE7B0330020F8B5002799
S2140075D0BB6A0446B3F5804F0D46164611D21B6BA8
S2140075E07BB10948FFF7F8FDBB6A20461B6B3246A5
S2140075F029465B6A984704460348FFF78DFE2046F7
S214007600F8BD4FF40174FAE7B033002070B50026D9
S214007610B36A0446B3F5804F0D4612D21B6BB3F522
S214007620804F0ED20848FFF7D7FDB36A20461B6B83
S21400763029469B6A984704460348FFF76DFE204696
S21400764070BD4FF40174FAE7B0330020F0B50027A0
S214007650BB6A0446B3F5804F0D461646ADF5337D3E
S21400766020D21B6BB3F5804F1CD21048FFF7B4FD39
S214007670BB6A20461B6B40F2C1225B6A01A9984791
S214007680044630B10948FFF747FE20460DF5337D26
S214007690F0BD836A32461B6B2946DB6A01A8984711
S2140076A00446EFE74FF40174EFE700BFB033002065
S2140076B010B50024A36AB3F5804F10D21B6BB3F548
S2140076C0804F0CD20748FFF787FDA36A1B6B1B6B26
S2140076D0984704460348FFF71FFE204610BD0124C6
S2140076E0FBE700BFB0330020F0B58FB0044601A81A
S2140076F00E461546FFF7EEFE9DF80C30012B12D114
S214007700B5F5402F27D8B4F5402F24D86319B3F524
S214007710402F20D821462A46304613F0B5FC0024D8
S21400772020460FB0F0BD0027BB6AB3F5804F15D2D8
S2140077301B6BB3F5804F11D20A48FFF74DFDBB6AAD
S2140077402A461B6B314620465B6B98470446054825
S214007750FFF7E2FDE4E740F20244E1E740F20114FD
S214007760DEE700BFB0330020F0B58FB0044601A8B6
S2140077700E461546FFF7AEFE9DF80C30012B1FD1C6
S214007780B5F5402F06D8B4F5402F03D86319B3F5E6
S214007790402F13D940F2024420460FB0F0BDE25805
S2140077A0013225D104339D42F9D82A463146204677
S2140077B02DF0B6F80028EDD00024EDE70023F2E720
S2140077C00027BB6AB3F5804F15D21B6BB3F5804F0D
S2140077D011D20A48FFF700FDBB6A2A461B6B3146EA
S2140077E020469B6B984704460448FFF795FDD3E771
S2140077F040F20344D0E740F20114CDE7B033002056
S21400780070B58EB0044601A80D46FFF763FE9DF8DE
S2140078100C30012B22D144EA0503C3F30C03002BE2
S21400782033D1B5F5402F04D940F2024420460EB0BD
S21400783070BDB4F5402FF7D82544B5F5402FF3D8E2
S214007840204604F500542DF064F8AC4202D000281F
S214007850F6D1E9E70028E7D00024E7E70026B36A78
S214007860B3F5804F14D21B6BB3F5804F10D20A4885
S214007870FFF7B2FCB36A29461B6B2046DB6B9847C2
S21400788004460548FFF748FDD0E740F20444CDE73C
S21400789040F20114CAE700BFB0330020BFF34F8F99
S2140078A00549064BCA6802F4E0621343CB60BFF397
S2140078B04F8F00BFFDE700BF00ED00E00400FA05B3
S2140078C070B5D0B1C9B10E4E431E013913F8014F41
S2140078D02046325D02F00302012A11F8012F08BF8C
S2140078E004F12000B55C05F00305012D08BF203229
S2140078F0801A01D1002CE9D170BD0120FCE700BF41
S21400790091B604000348044A0449121A92102DF056
S21400791053B800BF34410000D0420000AC640020E1
S21400792008B5154B83F30A8800F030F8FFF7EAFF36
S214007930124B13498B4212D30020124B12498B4232
S21400794018D3FDF7CFF9186850F82240586840F869
S2140079502240013298688242F5D30C33EAE70022CF
S214007960F8E71C6844F8220001325C68A242F8D3AB
S2140079700833E4E70022F8E70800002050DB0400A4
S2140079805CDB04005CDB04005CDB0400124B134A87
S21400799070B59A60D3F88820114D42F47002C3F88F
S2140079A088206FF0010205F50054226641F2FF724E
S2140079B062660222C3F8D020BFF34F8FBFF36F8FEB
S2140079C04FF44036032004F065F90320E66004F027
S2140079D045F92E6170BD00BF00ED00E000400000DC
S2140079E000800044014B1860704700BF806700208D
S2140079F0054B1860054B1B6F03F00703032B01D1E3
S214007A0035F006BB704700BF886700200080005036
S214007A102DE9F04104464FF001080C250D4E0CB937
S214007A20BDE8F08194FAA4F0B0FA80F00F2808FAC6
S214007A3000F2C8BF103824EA0204CABF05FB006281
S214007A4005FB0062B4325768002FE8D09168C0B2D8
S214007A50B847E4E7C033002008B50C4837F0C4FA4E
S214007A60192004F009F928B1192004F013F9192097
S214007A7004F0F4F81A2004F0FFF828B11A2004F0F5
S214007A8009F91A2004F0EAF8002008BD98910400CD
S214007A902DE9F0410E461746054618B30F2923D8A0
S214007AA00378DBB1013BDBB2022B19D8104AD35C5A
S214007AB06A78D340DB0717D50E4BD3F81043ACB922
S214007AC037F0F4F980463A462846314602F042FE40
S214007AD0404637F0E6F92046BDE8F0817F23E7E729
S214007AE00023E5E72224F6E72124F4E70224F2E760
S214007AF0888F040000C0035010B5044610B3037806
S214007B00E3B1013BDBB2022B1AD8104AD35C627891
S214007B10D340DB0718D537F0C9F9012261782378FE
S214007B208A4030214B4341F2100103F1A04303F594
S214007B3070335A5037F0B5F9002010BD7F23E6E7C2
S214007B400023E4E72220F8E72120F6E7888F0400E8
S214007B5010B5044610B30378E3B1013BDBB2022B49
S214007B601AD8104AD35C6278D340DB0718D537F0B2
S214007B709DF90122617823788A4030214B4342F2F6
S214007B80100103F1A04303F570335A5037F089F91A
S214007B90002010BD7F23E6E70023E4E72220F8E775
S214007BA02120F6E7888F040038B50D46044618B342
S214007BB011B30378E3B1013BDBB2022B1AD8104AAB
S214007BC0D35C6278D340DB0718D537F06FF93022E4
S214007BD02378534303F1A04303F570335B6962785F
S214007BE0D34003F001032B7037F05BF9002038BD5B
S214007BF07F23E6E70023E4E72220F8E72120F6E7E4
S214007C00888F04002DE9F0410D4616469846044636
S214007C1000284FD000294DD00178002940D04B1EB7
S214007C20DBB2022B3ED8254AD25C6378DA40D20714
S214007C3001D4FF2940D1022E01D9042E3CD137F0C1
S214007C4035F923780746FF2B05D0324620462968AB
S214007C5002F0C6FD28602B68013309D12378FF2B7C
S214007C6006D1174B6078D3F824142DF080FC2860DA
S214007C7029684B1C18D00C23124A03FB0122069BD2
S214007C80C2F8048093602378FF2B04D001230E4AA9
S214007C908B40C2F82434384637F003F9002007E05A
S214007CA07F22C2E70022C0E7384637F0FAF82D20D8
S214007CB0BDE8F0812220FBE72120F9E7888F040049
S214007CC000C00350C033002000D0035008B502F0B7
S214007CD037FD044B00F05530C3F82004BDE80840DB
S214007CE0FFF796BE00E0035008B502F029FD044BEE
S214007CF000F0AA30C3F82004BDE80840FFF788BEAD
S214007D0000E003502DE9F04F144605460E469B460C
S214007D10C36B87B001225B6902A960689847EB6B6A
S214007D2001225B6903A93046984702A82DF043FA62
S214007D30074648B10023A37563754FF0FF33A36071
S214007D40002007B0BDE8F08F03A82DF041FA01230C
S214007D50A375237E04EBC303DE611F846368B3420E
S214007D600ED1206003A82DF055FA4FF0FF33207592
S214007D70A360237D043B022B26D80023A375DFE7F0
S214007D8023681A1A53425341A37503A82DF042FAEA
S214007D90237D834218BFA77503A82DF01DFA07465A
S214007DA002A82DF019FA874218BF002303A818BFAF
S214007DB0A3752DF019FA074602A82DF015FA87428A
S214007DC01CBF0023A375D4E703A82DF005FA80B1E5
S214007DD0EB6B022230465B6904A9984704A82DF095
S214007DE00AFA0346207D032839D8DFE800F0383841
S214007DF0040903A8F3E7CC22237E04EBC3031A840A
S214007E0001F06EFC109B187003A8277E2DF0D8F9A1
S214007E1004EBC70787F82200237E03A804EBC303FE
S214007E20B3F8209093F822702DF0D6F9804603A878
S214007E302DF0DAF98246B8F1000F15D0EB6B02226E
S214007E4030465B6904A9984704A82DF099F9607537
S214007E50637D6BB90023A3754FF0000838E0227EDF
S214007E6004EBC2021384CBE703A82DF074F9EEE707
S214007E7094F81680B8F1000FEED0B9F1000F09D1D2
S214007E80DFB10123E375637E002B4FD1012F42D172
S214007E90677614E06B6C06EB0A015A4286EA01002C
S214007EA010421CBF0022A2755A1E0A409B1A994512
S214007EB0D0D8A37D002BE3D1CEE7E37D43B94FF0C6
S214007EC000084B465246314628462CF0BFFEA060BE
S214007ED0A27D12B123694B4423611A49237E097897
S214007EE099422AD901332376BBF1000F27D032B34B
S214007EF0E37D23B3B8F1000F21D1032F1FD0A16873
S214007F004B1C1CD0109B2246009328460123FFF7EB
S214007F10F9FEA07513E095F8343063B9EB6A0133C7
S214007F20CFD1032FCDD10123A376C8E7012FCFD021
S214007F30032FC4D1F7E79846C3E70023A375A07DB7
S214007F40FFE600BFAC8F04002DE9F04F0E469846C2
S214007F5000238BB004464FF0FF31104617468DF8CD
S214007F60133001F0A7FBB6F5801F20D2314605AAD4
S214007F7004F108002DF071F8451C014603D1237C5E
S214007F80BBB92D2010E0384601F094FB012239469B
S214007F9020460DF113032CF0ABFE0028EFD09DF821
S214007FA0133088F8003000200BB0BDE8F08FB01C0E
S214007FB0E5D1E56A691C36D12046616A2CF08CFD55
S214007FC00546B31C18BF0123DFF8CC900193636A03
S214007FD0626C0293236805A902FB053AE36B05224F
S214007FE05B695046984705A82DF080F92DF0A3F957
S214007FF050462DF0ABF94FF0000B824601464B1C65
S21400800005D0636C81EA0A025B42134211D029460E
S21400801020462CF061FD029BAB422CD0BBF1000F3A
S2140080202CD10546D3E72368ED1A636CB5FBF3F550
S214008030C7E7484601F03EFB0DF1130349462046CC
S214008040019A2CF055FE034690B1B21C03D0D9F825
S2140080500020B2420CD19DF8132003930D4B88F8F4
S214008060002049461A68384613F00EF8039B9B46D4
S214008070D9F80810C3E7BBF1000F82D0B6F5801F11
S21400808091D2314698F800307A6804F1080001F081
S2140080903FFA88E7A88F04009C3B00202DE9F341B7
S2140080A00446174698460E46184D816AE36A8B4288
S2140080B001D04B1C02D102B0BDE8F081284601F089
S2140080C0F9FA0122294620460DF107032CF010FE8E
S2140080D038B14346294620469DF80720B847002871
S2140080E0E9D0A9684A1C04D1696820462CF081FDB5
S2140080F00146012EDAD16B6881EA0302636C5B42AB
S2140081001A4218BF4FF0FF31D0E700BF703B002087
S2140081102DE9F04F4FF0FF334FF6FF72002504466F
S21400812000F10806C0E909238BB0C3620562056347
S214008130304688462CF062FF20462CF09DFC60BB43
S214008140204641462CF018FD20462CF095FC60BBDE
S2140081505E200BB0BDE8F08F2368E26B606C576959
S21400816000FB0530052205A9B84705A82DF0BEF886
S214008170012807460CD1294620462CF0CEFC012FBC
S214008180024600D10132294620462CF094FC03E03A
S2140081902DF0D6F80028EED10135E3699D42DBD3F9
S2140081A020462CF069FC0028CAD000254FF0FF3985
S2140081B04FF6FF73CA46A846C4E90853E3699845D4
S2140081C00AD3A5EB0905012D2CD84FF6FF72636A7A
S2140081D093423CD16720BCE72368E26B606C57692A
S2140081E000FB0830052205A9B84705A82DF07EF843
S2140081F0834605A82DF051F8074658462DF09BF803
S21400820068B1574538BFC4F82480B94528BFB94679
S214008210BD4238BF3D46BA46236A0133236208F1A1
S2140082200108CBE74FF6FF7300256362E3699D42C2
S214008230CBD2676C2068E36B052207FB05005B6901
S21400824005A9984705A82DF028F80135EEE7E26B5A
S214008250676C2068694607FB030055690522A84736
S21400826068462DF01AF8626A2368606C4B4D00FB76
S21400827002302DF06BF84FF0FF33A062E3622A461F
S2140082806FF00101204605ABFFF75EFE002846D1E1
S214008290AD6829462046E5622CF0CAFB206320B96B
S2140082A02046E16A2CF0A5FCE062294620462CF028
S2140082B0A0FC0546A36A9D4233D120462CF08BFBDA
S2140082C000278046B946E36999453CD3B84559D955
S2140082D02046616A2CF000FC0026054604F1400AA0
S2140082E0B74212D8626C2368694602FB0539E36B15
S2140082F005225B694846984768462CF0CEFF5346F1
S21400830002464946E06B2DF023F8294620462CF01D
S214008310E3FB0136B0450546E2D1642019E7A56ABD
S214008320B7E7294620462CF083FB236B29460344F7
S2140083300746236320462CF05CFC0546002FB9D187
S214008340C4E90B07B6E7636C2568052203FB0955ED
S214008350E36B05A95B692846984705A82CF0C6FF7D
S2140083602CF0E9FF58B128462CF0F0FF01462046D5
S2140083702CF05EFB636C143B984208BF013709F192
S2140083800109A0E730462CF039FE002320461946A6
S214008390034AFFF783FE0020DBE600BFC83B002051
S2140083A0DF4C03002DE9F041036B9046826B0768B3
S2140083B09A4288BF8363426C436A90B002FB03779D
S2140083C0C36B0E46052201A95B69044638469847EA
S2140083D001A82CF08BFF01280146307057D0656C41
S2140083E0E26B2368606AD2F814C005FB00300522F1
S2140083F006A9E04706A82CF079FF01284FF00005F3
S21400840023D0D4E90A3201219342CDE90B458DF8F9
S21400841034800E958DF83C102AD1194620462CF053
S214008420E8FB236B626C14339B1AE06223630C9B9D
S21400843053B99DF83C303BB1626A616C2368E06BCF
S21400844001FB02312CF00AFF0C9DE36B05225B69F1
S21400845001A93846984701A82CF048FF30702846F6
S214008460236BA26B9A4288BFA36310B0BDE8F0816D
S214008470237C33B91C490BAA04F1080001F096F8D6
S214008480D5E72046194A0BABFFF708FECFE7237C5B
S21400849023BB2246164904F1080001F087F8616AFA
S2140084A020462CF03AFB616A421C20462CF003FB67
S2140084B0054620B9236B626C1344143B23632046A5
S2140084C0A16A2CF096FB2368A062C01A636CB0FB0E
S2140084D0F3F0606220462CF0CFFBB6E70023204680
S2140084E0044AFFF7DBFDDAE7498C0000C58B000085
S2140084F0794D0300154D030073B50D46D11E4A4253
S2140085001C461B7E4A419A4226D129682368994216
S21400851022D3636899421FD8114E0DF107033246E5
S214008520FFF712FDC0B972686B689A4214D19DF8C5
S2140085300730DA1E53425341227E93420CD16369C0
S21400854001336361D4E90323934205D22968A26804
S21400855042F8231001332361012002B070BD00BF32
S214008560C83B00202DE9F04F9B4689B09DF8483067
S2140085709046514A0193136907465B450D46C0F085
S2140085809580D94653680093B9F1000F7BD0FB6BFA
S21400859001225B6905A90098984705A82CF018FEEB
S2140085A0454B1B68984240F0848005A82CF01CFEC2
S2140085B00428064615D105A82CF01DFE009B04468F
S2140085C01E44019B002B3ED1804512D91C46A8EBC9
S2140085D00008384600992CF00CFBA9EB0409009023
S2140085E0D2E7FB6B02225B69009806A9984706A8AB
S2140085F0E2E7A0EB08045C4528BF5C46032C464433
S214008600ABEB040B1DD9FB6B294630465B69A20811
S214008610984724F0030304F0030A1E441D44DDF8C3
S2140086200480BAF1000FD4D0FB6B012206A93046B5
S2140086305B6998475246284606A912F025FD554420
S214008640C7E7A246EBE7824600F0030302932B1827
S21400865003930644039BA6EB0A00A3EB0A05029BC2
S2140086609A4514D1BAF1000FB3D0FB6B012206A9CC
S2140086705B6998475246284606A912F0C1FE0028B4
S214008680DDD04FF03609484609B0BDE8F08FFB6BE9
S214008690012206A95B6998470422284606A912F01B
S2140086A0AFFE0028EDD1AAF1040AD3E74FF0630924
S2140086B0E9E74FF06F09E6E7F43B00202DE9F041CB
S2140086C00F4616469846044688B060B390F8345075
S2140086D0FDB101212CF0C5F900210E9BCDE9051155
S2140086E0CDE902379DF83C30CDF804808DF81C307B
S2140086F0237C04968BB90D4901AA04F1080000F00A
S21400870055FFDDE90553E06B002E08BF1D462CF033
S21400871041FB284608B0BDE8F0812046044A01AB7C
S214008720FFF7BCFCEDE70546F3E700BF434D03004B
S214008730F98400007FB590F84260044601920DF17E
S2140087400B030A46304611492CF02CFB012E054639
S214008750E36B17D132465B6903A998479DF80B1067
S214008760039B019A59B19BB243EA02430122284671
S2140087700393E36B03A99B69984704B070BD62F34B
S2140087800F03F3E701229B6901A9F5E7F43B0020FC
S2140087902DE9F04F99B00E460D920A69416C0B9385
S2140087A01439D31DB3FBF1F3013302EBC302036BA1
S2140087B004469342C0F001820023DFF80494089335
S2140087C0E36A48461946059300F074FFD6E9033776
S2140087D007930B9B022B4DD1CC2F40F0D7810D9BDE
S2140087E03BB1314620462CF033FB656C14900120DB
S2140087F044E00120079B656C1B68149300F00100A1
S21400880000280CBF04230823782F0E9349D8059A16
S2140088106B1E1340ED1A3B1D9D423CD2002F3DD0EF
S214008820082D3ED80023042506934FF0040A33682B
S21400883006990B98C9F80030C9F810702CF0EEFCB9
S2140088404FEA9A030F93059B89F8140003930023BD
S21400885009930C9304930A93616C039B4A1E1A4077
S2140088608B1A27B35544AB4223D8236B5B1A1344A9
S21400887023632FE1782F656CB9D8F07D0D9B002B14
S214008880BCD0E36B01225B69706816A9984716A8EE
S2140088902CF0A2FCB4E700250695C6E7042506974B
S2140088A0C3E7012300254FF0080A0693BFE75345A8
S2140088B0DBD3A3EB0A029742039BB84628BF904639
S2140088C09742534428D90122D9F8101089F8172066
S2140088D08F4226D10399C9F80410049299F81720FC
S2140088E00AB399F818100398CA1C09EBC202506024
S2140088F004980131A2F80880907289F81810B8F12F
S214008900000F07D00B9A022A40F08180099A72B1B4
S214008910012209929B46ABE0049A002A18BF032264
S214008920DBE70222D9E7039AC9F80420E7E70C9AA6
S2140089304244032AEED9E26B1846956914A901222F
S2140089400993A847099B05460028E1D03D2D40F035
S2140089501E8104F1080303932368059A606CA2EB5A
S214008960030ABAFBF0FA00FB0A302CF0EFFCE16ACF
S214008970804620462CF03DF9A26A824200F00F8124
S214008980626CD9F80830511E0B40216B2768891A93
S2140089900B442363089BE062DF1BB7FBF2F7BA4584
S2140089A040F0FA80059BB3EB080A12D0E36B4FEA5F
S2140089B09A0241469B6998478346E36A059A534460
S2140089C0E362236B03989B1A434423632CF016FB45
S2140089D0DA462368616CE06B01FB07312CF02BFC58
S2140089E020462CF049F820462CF046F92063BAF1D0
S2140089F0000F00F0D4803269616CD31D1439B3FBCC
S214008A00F1F3013302EBC3029042A5D2BFE00D9A08
S214008A10002A77D1B8F1030F4FEA98026ED9E16BBE
S214008A2018468D6907991093A847109B0546C0B94C
S214008A3018F0030515D0079A28F0030B02EB0B017C
S214008A409B444FF0FF3215A815922A46109312F059
S214008A501BFBE26B5846956915A90122A8470546F7
S214008A60109B9B46079A42440792002D40F08B804D
S214008A70049B16A80193069B009399F8142043467E
S214008A80316800F0CDFDE36B0F9A9B69039816A939
S214008A909847039A051E089B18BF1346089343463B
S214008AA05246204603992CF0D1F8236B08F10302B6
S214008AB0A3EB0A0322F003029B1AC9F808002363FB
S214008AC0002D7FF443AF0C9BA7EB080743440C93A1
S214008AD0CDF80CB0204603992CF08BF800250390B7
S214008AE0002F7FF4B9AE364A3168936804F1080067
S214008AF0E36252680B9B00F00BFD49E09B4645463F
S214008B0007999EE79B4606F120021092F27D706858
S214008B10A2B1002296F818C00A99D5B2AC4511D970
S214008B20109D02F1010E35F832508D4228D90E986C
S214008B3006EBC2020144D069084403E00E9A0A9983
S214008B400A441044E26B15A9556901221193A847FF
S214008B50159A0A9B1392E26B0433956958460122D4
S214008B6013A90A93A847119B054603EB0802A2EB3C
S214008B700B02042A7FF679AF28B90BF1040BC5E780
S214008B807246491BC9E7CDF820B088E770252F4606
S214008B90384619B0BDE8F08F4FF0000A19E7326981
S214008BA0616CD31D1439B3FBF1F3013302EBC3023E
S214008BB0236B9342BFF404AEE9E71C27E8E700BF47
S214008BC09C3B0020032A2DE9F34106460D46174636
S214008BD01C4606D1237A012B23D0012002B0BDE823
S214008BE0F081DFF86080096842460DF10703FFF761
S214008BF0ABF960600028EDD19DF80720237A032AA0
S214008C00E8D0D8F804106A689142E3D1012B2969AC
S214008C10D4F80CC007D172690CEB0103934202D959
S214008C202074207CDAE708316144E1603B4601228B
S214008C3029463046FFF7ACFD60600028CAD0002009
S214008C40CCE700BFC83B00202DE9F341089C032A6F
S214008C501746266806D1237A012B24D0012002B0BD
S214008C60BDE8F081DFF89080304642460DF10703FC
S214008C70FFF76AF960600028EDD12568D8F804008F
S214008C80A96AD5F844C04840CCF100031840227ABF
S214008C90E1D1012A09D1E268D8F81030134472698C
S214008CA0934202D92074207CD9E72868EB6A1B1A05
S214008CB0081AB3FBFCF3B0FBFCF083420BD1706CDC
S214008CC0F36A421E1340326B121A1344284633636B
S214008CD02BF08FFFE862D8F81020E36808321344C0
S214008CE0E36001223B4604492068FFF751FD6060BF
S214008CF00028B0D00020B2E7C83B00202DE9F041A4
S214008D000025604B0E46D3F8008004461D6018B957
S214008D1021252846BDE8F08190F8347007B30A682C
S214008D2003689A4240F0A3804A6843689A4240F03B
S214008D309E808A6883689A4240F09980CA68C368B1
S214008D409A4240F094800A6943699A4240F08F80C4
S214008D508A69C36B9A4240F08A804B698361D8E780
S214008D6068223946856B11F0FFFFD6E90212336898
S214008D7004F1080023607368A56363603369636168
S214008D807369A3612CF04CF9B36904F14000E36306
S214008D909B68984720B9676C17B16368B3FBF7F711
S214008DA094F84330E761002BB2D00023656C23664D
S214008DB0002D64D0002F62D02368B3FBF5F205FBCC
S214008DC01233002B55D16668B6FBF5F305FB13632B
S214008DD0002B4ED120462BF01BFEA3690433034420
S214008DE09E4248D340F634726369CC3B934244D8E3
S214008DF0B5F5805F43D3032120462BF032FED4E93D
S214008E000001E36B1B6898470546E36B0220DB68AE
S214008E109847CDB941462046FFF77AF964280546BB
S214008E2004D141462046FFF773F90546666C5DB9E6
S214008E30236A2046143E5E432BF0EAFDA369043302
S214008E4003449E4238BF5A25002D0CBF0123002341
S214008E5084F8343007D1D4E900010B4A1368013393
S214008E6013602CF077F9E06B2BF094FF51E75D254B
S214008E704FE759254DE75A254BE75F2549E75B2520
S214008E8047E700BF2C350020283500202DE9FF419C
S214008E900C4616461F46054680B390F834307BB322
S214008EA0B1F5801F2ED2DFF8608001212BF0D9FDAE
S214008EB02146424628460DF10F03FFF745F80446C3
S214008EC070B99DF80F30012B11D1D8F81030BB4285
S214008ED012D10246009031462846FFF743FB04466F
S214008EE0E86B2BF057FF204604B0BDE8F081022B5C
S214008EF014BF2D246024F3E76324F1E72124F2E76E
S214008F001124F0E72924EEE7F43B00202DE9F04396
S214008F1085B00C4617461E460546DDF8308098B3E9
S214008F2090F8343093B3B1F5801F31D2DFF86490F7
S214008F3001212BF096FD21464A4628460DF10F03E7
S214008F40FFF702F8044688B99DF80F30012B14D1BC
S214008F50D9F8102006EB08039A4213D30090434634
S214008F60324639462846FFF7FDFA0446E86B2BF0F2
S214008F7011FF204605B0BDE8F083022B14BF2D2458
S214008F806024F3E76324F1E72124F2E71124F0E7F5
S214008F902924EEE7F43B002073B50C46164605463A
S214008FA030B390F834302BB3B1F5801F24D20121B2
S214008FB02BF057FD21462846104A0DF10703FEF711
S214008FC0C3FF044680B99DF80730032B0CD0022B54
S214008FD00CD1284609492BF03BFF3060E86B2BF09C
S214008FE0D9FE204602B070BD2D24F7E76124F5E7D0
S214008FF02124F6E71124F4E72924F2E7F43B0020C5
S2140090002DE9F3411E4600230C46174605463360FD
S21400901050B390F834304BB3B1F5801F28D2DFF848
S214009020548001212BF01DFD2146424628460DF1B5
S2140090300703FEF789FF0446A0B99DF80730032B07
S21400904010D0022B03BF01233B600423D8F8103056
S21400905018BF38603360E86B2BF09CFE204602B0E9
S214009060BDE8F0812D24F6E72124F7E71124F5E783
S2140090702924F3E7F43B002073B50446056B2BF078
S214009080C7FC636E03449D422CBF00230123854228
S21400909094BF00252D1A207C84F85030656584F82E
S2140090A05800A8B100230C4E1A46194620460096D2
S2140090B02BF092FF002305461A46194620460096D6
S2140090C02BF093FFE3682844984294BF0020C01A10
S2140090D0E06502B070BD00BFFFFF0F002DE9F3474B
S2140090E01E4643690446B342884617469DF82890B4
S2140090F04ED300258DF8075020462BF089FCD4F877
S21400910030A082450AD2236AB5EB430F06D200226E
S21400911020460DF10701FFF745F9B8B39DF8073073
S214009120012B05D1002220460DF10701FFF73AF981
S214009130B9F1030F06D0314620462BF059FC256BBB
S214009140854227D3144D4FF0FF31284600F0B2FA7F
S2140091504B46294600222046C5E90376C5F800801E
S214009160FFF716FB236E054663B12046FFF784FF24
S21400917094F8503013B994F858301BB1236E04F1AC
S21400918050009847284602B0BDE8F0870135B3E79F
S2140091906225F7E71C25F5E7C83B00202DE9FF41CF
S2140091A00F4690461E46054698B390F8343093B363
S2140091B0B1F5801F31D21A4C02212BF052FC224608
S2140091C0394628460DF10F03FEF7BEFE024678B17B
S2140091D0012342460093394633462846FFF77EFF72
S2140091E00446E86B2BF0D6FD204604B0BDE8F081BF
S2140091F09DF80F30012BEBD12169B142E8D10093E5
S214009200414633462846FFF7ADF904460028DFD12D
S214009210E7E72124E8E71124E6E72924E4E700BF8E
S214009220F43B00202DE9F04790F8423086B0012B41
S21400923005460391A1EB020740F0AA80FF2F03D852
S2140092401E464FF0640807E00226012B14BF4FF0BD
S21400925032084FF06408013600244FF6FF79DFF835
S21400926044A195F84230012B14BF322364239C425C
S21400927002D35FFA88F40DE005AB22465146284635
S2140092802BF0C4FD95F84230012B059B34D14B459D
S2140092902DD1E4B295F84230012B14BF322264225D
S2140092A0121BB24217D3012E39D10022012B05978B
S2140092B08DF8132027D1082205A90DF113002CF0F4
S2140092C061F89DF81330059A42EA032221462846A3
S2140092D0FFF730FA40B10223324900932846CC23E8
S2140092E0096803AAFFF7FAFE06B0BDE8F087DBB20E
S2140092F003B902340134B4E7591CCAD09BB2002B20
S214009300F8D10134F6E7102205A90DF113002CF070
S21400931039F89DF81330059A42EA0342D6E7039AD5
S214009320012B059223D10823202205A90DF1130055
S2140093308DF813302CF026F89DF8132012022146E3
S2140093402846FFF7F7F995F84230611C012BC9B2A1
S2140093501AD10028BFD12846BDF81420FFF7EAF935
S2140093600028B8D10234BDF81620E1B2AFE71023CA
S214009370202205A90DF113008DF813302CF002F809
S2140093809DF813201204DAE70028A4D1059A9EE778
S214009390B7F5803F4FF00106BFF457AF4FF03208E5
S2140093A05AE700BFF43B002070B586B00E4605466F
S2140093B00392A0B390F834309BB3B1F5801F32D23D
S2140093C002212BF04EFB31462846184A0DF11703B2
S2140093D0FEF7BAFD044618B99DF81730032B0ED1D8
S2140093E00223314600932846CC2303AAFFF776FED5
S2140093F00446E86B2BF0CEFC204606B070BD022B70
S2140094000BD10A4928462BF023FD039902468142D8
S214009410EFD02846FFF706FFEAE76124E9E72124B4
S214009420EAE71124E8E72924E6E700BFF43B00203A
S214009430F7B50C461646054668B390F8343063B365
S214009440B1F5801F2BD202212BF00BFB21462846BC
S214009450144A0DF10703FEF777FDC0B99DF80730F3
S214009460032B14D0022B14D10E4928462BF0F0FC07
S214009470471C024639462846FFF7D4FE044606B186
S2140094803760E86B2BF086FC204603B0F0BD2D2439
S214009490F7E76124F5E72124F6E71124F4E7292409
S2140094A0F2E700BFF43B002030B50C46054685B019
S2140094B028B390F8343023B3B1F5801F23D20221AD
S2140094C02BF0CFFA0DF10F03214628460F4AFEF780
S2140094D03BFD034688B99DF80F20032A0DD00322D2
S2140094E02146009202462846FFF7F8FD0446E86B40
S2140094F02BF050FC204605B030BD2D24F7E7212484
S214009500F8E71124F6E72924F4E700BFF43B00202F
S2140095102DE9F043466886B3056898464FF0000C80
S214009520A946AE4655F83C400CF1010CC4F31307AF
S214009530013401D0B94217D0B4450EF1080EF1D16E
S2140095402F46002403E0B44207F1080712D055F86E
S214009550343001340133F6D1C1F3130141EA085126
S214009560C7E90012BDE8F08341EA0851CEE90012CF
S214009570BDE8F083B8F1030F03D101230372BDE801
S214009580F083002303E0B34209F10809F5D055F84B
S21400959033400133C4F30754032CF4D1C1F313034F
S2140095A043EA0853C9E90032BDE8F0832DE9F041EB
S2140095B00646406882B0B8B10F469046002433682D
S2140095C053F8345003EBC403C5F30752C5F3130135
S2140095D0013506D05B683046CDF80080B84718B134
S2140095E0706801348442EAD302B0BDE8F08100BF5F
S2140095F0024B1968024B1868FFF780BB8C67002087
S214009600AC67002008B535F044FC014B186008BD77
S214009610203C0020014B186835F036BC203C00206A
S21400962073B504462248012A00EAC1119DF8185075
S21400963023F07C4007D9961E012E28D9073303F065
S2140096407F03194308E09DF81C300A43DB0603F04D
S214009650C053134343F060410023C4E900108DF863
S2140096600730B5B1202221460DF107002BF08AFE07
S2140096701A220DF10700211D2BF084FE08206368D6
S2140096809DF8072043EA8263636002B070BD114311
S214009690E2E71B220DF1070021462BF073FE23683C
S2140096A09DF80720042043EAC2632360EDE700BF6D
S2140096B080FFFF0738B5094B0D461A68002104469F
S2140096C011F052FB00234FF0FF322383C4E900253C
S2140096D02361A260E382A37638BD00BFA88F040092
S2140096E00138C0B205289ABF014B185C01207047AC
S2140096F0AD8F04002DE9F0410746154600240E46BE
S214009700596888B0490A012922464FEA510104F1F6
S2140097100104F8D8DC78997824031B88C90201F480
S214009720006104F480540C43C3F30A035203234439
S21400973092B24FF000089C18274B6FEA044403933C
S21400974025F07843ED4302A90DF107001B22029392
S2140097508DF807802BF016FE9DF80720029B02A9C5
S21400976043EAC2630DF107001B2225F078450493F7
S21400977002958DF807802BF005FE9DF80720029BCA
S2140097806FEA144443EAC26305934FF0FF3307942D
S214009790069307A9BB69012206F110009847BB692A
S2140097A005A90446012206F108009847BB69404512
S2140097B018BF044604A90122301D984701224045DF
S2140097C018BF0446BB69304603A99847404508BF02
S2140097D0204608B0BDE8F08101009AB238B5104BBB
S2140097E00546D3F800310C4603F00303022B0BD0DA
S2140097F0032B0DD0012B0FD133F024FC032305B12E
S214009800286004B1236038BD33F066FC0723F6E712
S21400981035F052FB0623F2E701230020EFE700BFF6
S2140098200080005038B5134B0546D3F820010C468F
S21400983000F0070004281AD8DFE800F003090D112D
S2140098401500012305B1286004B1236038BD33F04C
S214009850BFFB0423F6E733F0F5FB0323F2E733F010
S214009860F7FB0523EEE733F0E9FB0223EAE70023E4
S2140098701846E7E70080005038B5104B0546D3F889
S21400988040310C4603F00303022B0BD0032B0DD004
S214009890012B0FD135F012FB082305B1286004B167
S2140098A0236038BD33F018FC0723F6E735F009FBD4
S2140098B00923F2E701230020EFE700BF00800050F5
S2140098C038B5104B0546D3F860310C4603F0030359
S2140098D0022B0BD0032B0DD0012B0FD135F0EEFA57
S2140098E0082305B1286004B1236038BD33F0F4FBCB
S2140098F00723F6E735F0E5FA0923F2E7012300200F
S214009900EFE700BF0080005041F6713210B5104CF2
S214009910104BA04294BF00240124D969DA639A68E8
S21400992001F4803122F4401242EA04529A600A4A54
S21400993090420A4AD2F818028CBF40F0020020F08B
S2140099400200C2F8180209B10022DA6310BD00BF97
S214009950005A62020000035080F0FA0200C007506E
S2140099602E4B98424AD022D82D4B984240D014D83D
S2140099702C4B984239D00AD82B4B984232D02B4BDE
S21400998098422FD02A4B98422CD000207047294B63
S2140099909842FAD1284B186F7047284B98422AD025
S2140099A0274B9842F1D1244BD3F880007047254BC3
S2140099B098422BD009D8244B984223D0234B984268
S2140099C0E3D11D4BD3F88C007047214B984221D031
S2140099D003F5740303F510539842D6D1164BD3F80B
S2140099E098007047144B986D7047134B586E70472D
S2140099F0114B586F7047104B986F70470E4BD3F84B
S214009A00840070470C4BD3F8880070470A4BD3F895
S214009A1090007047084BD3F8940070470048E80160
S214009A200024F400C0CF6A0080841E0000093D00B8
S214009A3040420F00405DC6000080E00FC0EA2101F2
S214009A4080BA8C01007E560380D54302006CDC028F
S214009A500090D00337B50C460021114B0191D3F886
S214009A608031054603F00303022B0ED0032B11D0E2
S214009A70012B03D101A8FFF7D5FE0D210DB1019BE7
S214009A802B6004B1216003B030BD33F0E1FA05214C
S214009A900190F3E733F0D2FA02210190EEE700BF1F
S214009AA00080005038B5104B0546D3F840320C46BF
S214009AB003F00303022B0BD0032B0DD0012B0FD189
S214009AC035F0FCF9082305B1286004B1236038BDE1
S214009AD033F002FB0723F6E735F0F3F90923F2E744
S214009AE000231846EFE700BF0080005038B5144B3F
S214009AF00546D3F800020C4600F0070004281BD8E1
S214009B00DFE800F003090D111500012305B12860F8
S214009B1004B1236038BD35F0D1F90823F6E733F0F9
S214009B20DBFA0723F2E735F0CCF90923EEE733F04A
S214009B306FFA0C23800AE9E700231846E6E700BF21
S214009B400080005038B5144B0546D3F808020C4682
S214009B5000F0070004281BD8DFE800F003090D1109
S214009B601500012305B1286004B1236038BD35F027
S214009B70A5F90823F6E733F0AFFA0723F2E735F046
S214009B80A0F90923EEE733F043FA0C23800AE9E74D
S214009B9000231846E6E700BF00800050032814D0D4
S214009BA005D8012805D0022809D0002005E00F2896
S214009BB0FBD1084B186FC0F3013001307047054BDE
S214009BC0D3F89000C0F30460F7E7024B186FC0F3B9
S214009BD08020F2E7008000501FB50023019325285F
S214009BE017D8DFE800F0131A1D272C363B51565BBA
S214009BF060656A78161A401616561A272C27361AE3
S214009C005127783B3B3B3B2727275B6033F0E6F941
S214009C100190019805B05DF804FB33F0F9F9F7E719
S214009C2033F0DCF902460220FFF7B8FFB2FBF0F291
S214009C300192EEE733F0ECF902460320F4E733F046
S214009C40E7F902460320FFF7A9FFB2FBF0F252083D
S214009C50EEE7002101A8FFF7FDFEDAE7002101A8E4
S214009C60FFF7E0FDD5E702934FF0E0231B695B07A3
S214009C7005D533F0CDF90290029B0193C9E703A9FD
S214009C8002A8FFF7F9FDF7E7002101A8FFF7F4FDAA
S214009C90BFE7002101A8FFF713FEBAE7002101A8DD
S214009CA0FFF724FFB5E7002101A8FFF74BFFB0E759
S214009CB0002101A8FFF792FDABE7094BD3F88030EF
S214009CC003F00303022BA8D0032B01D000209FE74C
S214009CD033F0BEF99CE7002101A8FFF7E3FE98E702
S214009CE00080005008B50120FFF776FFBDE8084069
S214009CF00349884294BF01210221032000F002B8E4
S214009D0080F0FA02032810B50C4627D004D80128A4
S214009D1004D0022817D010BD0F28FCD12BF050FB22
S214009D202BF056FB124A013C136F23F4405343EAD0
S214009D300433136733F06CF90021FFF7E5FDBDE847
S214009D401040FFF7CFBF0A4A4C1ED2F8903023F0DF
S214009D50F85343EA0463C2F89030DCE7044A4C1E2A
S214009D60136F23F4806343EA84231367D3E700BFAB
S214009D70008000501FB500230193252821D8DFE876
S214009D8000F013202020202A2F454A4F54595E7198
S214009D9020203420204A202020202A204520712FF1
S214009DA02F2F2F2020204F54314B1B6F03F007031B
S214009DB0013B032B05D8DFE803F00C02080A042356
S214009DC00193019805B05DF804FB0323F8E706232A
S214009DD0F6E70223F4E7002001A9FFF73BFEF0E7D1
S214009DE0002001A9FFF71EFDEBE702934FF0E023EA
S214009DF01B695B0705D533F00BF90B230393039B15
S214009E00DEE703A902A8FFF737FDF8E7002001A95F
S214009E10FFF732FDD5E7002001A9FFF751FDD0E797
S214009E20002001A9FFF762FECBE7002001A9FFF79B
S214009E3089FEC6E7002001A9FFF7D0FCC1E70C4B5E
S214009E40D3F8803003F00303022B03D0032B05D096
S214009E500023B5E733F0DCF80B23B1E733F0F8F86E
S214009E600523ADE7002001A9FFF71CFEA9E700BF08
S214009E700080005008B50320FFF790FE034B1870D3
S214009E802BF09EFABDE808402BF0A2BA675D0020D2
S214009E9010B5044633F0BCF80021FFF735FD1CB1C1
S214009EA0BDE81040FFF71EBF034B0320BDE810407F
S214009EB01978FFF727BF00BF675D002038B5054655
S214009EC0FFF74EFD204B04465A68012A04D11F496D
S214009ED04A609A699207FCD10020FFF74BFF0428DE
S214009EE003D12BF06DFA2BF073FA194A24F0407365
S214009EF095421FD0174A95421FD0174AD16811F0D5
S214009F00060FFBD19068936091684B4013F4F81FDE
S214009F1016D12846FDF766FD0020FFF72BFF042824
S214009F2010D133F075F80021FFF7EEFCBDE838409D
S214009F30FFF7D8BE43F00073DFE743F08073DCE73B
S214009F409060E9E738BD00BF00C0015000E0015056
S214009F5040420F0080841E000000015070B5044689
S214009F600020FFF707FF03287CD045F60E030221EA
S214009F70414AC2F88030414B9962012103F5805373
S214009F809962936DD903FCD4D4E900131B0543EA08
S214009F900163E17B94F823500B43217B43EA0143A2
S214009FA0617B43EA0133A17B43EA81131361916924
S214009FB0D4E904031B0643EA806301F000410B4327
S214009FC0A17EE07E0B43217E43EA0143617E43EAA5
S214009FD001239361E169136A002923F00D0343EA24
S214009FE0010314BF0121002143EA800343EAC103B1
S214009FF0136294F8203094F82200916A4FEA4313D3
S21400A00031D194F8216021F0330143EA06130B4363
S21400A01043F0010393621A49174A936D31EA03032A
S21400A020FBD10221154B9962936D5B00FCD413693A
S21400A030A16823F4700343EA015313614FF0004212
S21400A0400E4B9A6118B9022203F580539A6215B92D
S21400A05001220C4B9A6294F824301BB1064B0A4A34
S21400A060C3F8802070BD21F0330129430B4343EA37
S21400A07040039362EFE700BF00C0005000D00050DE
S21400A0800300014000E00050F1A7FFFF014B93F9E9
S21400A09000007047685D0020014B1880704700BFC5
S21400A0A0DE6C00200C4A10B51369044643F0040326
S21400A0B0136133F01DFB2BF08FF9084B084AC3F8E9
S21400A0C0202430BF2BF089F902F066F91CB9BDE8F0
S21400A0D0104032F09DBF10BD00ED00E000E00350E0
S21400A0E00000FFFF034A0179D36E23F030030B43D1
S21400A0F0D366704700400050F8B504460D461F462C
S21400A10016464AB101238B403021184A01FB002233
S21400A110F7B141F21001535004EB4403072D4FF002
S21400A1200F014FEA031316D8A80006FA00F2814082
S21400A1300F4818442BF054F94EB9012330210B4A2E
S21400A140AB4001FB042277B141F210015350F8BD39
S21400A15042F21001DFE7A5F10800800006FA00F2DF
S21400A16081400448E5E742F21001EFE700C00350E3
S21400A17004C003500CC00350012200F5805310B5F4
S21400A1805A60244B244AC36043691340FCD1836160
S21400A190C0F89830436913F4401FFBD14369DA05D1
S21400A1A02CD4836F53BB43699B0529D4D0F88830E1
S21400A1B033BB0121C26FD0F88C2000F500525160ED
S21400A1C0302183600361C36203620167C0F88010B8
S21400A1D01249884208D142F260041149846401653C
S21400A1E043658465016643660C49884202D10020B7
S21400A1F0102B08D10B4B5362936210BD436FCDE713
S21400A200D0F88430CFE703F1280441F82400013366
S21400A210EEE700BF12000200520001000040005AA4
S21400A22000C002808F330F80084608B569B9182031
S21400A230FFF7D2FCB0B10C4B984206D90B4B9B688B
S21400A240C3F302730133B0FBF3F0094B00F574203F
S21400A25000F23F20B0FBF3F001387F2828BF7F20B4
S21400A260C0B208BD0120F0E7005A62020040005A62
S21400A27040420F000B4B10B5994228BF19460C46BA
S21400A2801AB91820FFF7A8FC0246631E1344B3FB56
S21400A290F4F0A34228BF00F1FF30032828BF0320B4
S21400A2A0C0B210BD005A620210B51048104C002B08
S21400A2B008BF04468C4228BF0C461AB91820FFF780
S21400A2C08BFC02469DF8083040F2FF300133B2FBAB
S21400A2D0F3F2631E1A44B2FBF4F3A24228BF03F162
S21400A2E0FF33984228BF184610BD00BF80969800DE
S21400A2F0404B4C002DE9F04F2DED068BB64D0C462D
S21400A30016462946002285B00746FFF7B3FF94F8A5
S21400A31005800122804538BF804607F500535A6005
S21400A32020795FFA88F850B91820FFF755FCA84244
S21400A330014628BFB0FBF8F13846FFF775FF4FF02F
S21400A3400009E37822781B01524202F0020203F071
S21400A3503003134362780004524202F004021343AF
S21400A360A27800F4FE00524202F0080213434FEABD
S21400A370087202F0E04213431843E3882289B8606B
S21400A3803B616389DFF85CA243EA02433B625745C0
S21400A39002D1B9F1020F08D1012307F580577B607F
S21400A3A005B0BDEC068BBDE8F08F002235788B48F3
S21400A3B08B49B468954218BF01462B468948CDF8AC
S21400A3C00080FFF771FF07EB09118B6CA2B223F038
S21400A3D0405323F4EE2323F01F0305F003041C432D
S21400A3E0737882424FEA830303F01C0344EA0304B3
S21400A3F0B37838BF02461B03F07803F4E0432343E8
S21400A400040404F4E024234334794FEA091C2407A7
S21400A41004F0405423438B648C6C09F1050BC4F3A1
S21400A4200234013C7049042C26D8DFE804F02525C8
S21400A43003101A00D1F88041240C2DB3C2F3090290
S21400A4400AEB0B135A6009F1010910369FE7D1F8A1
S21400A4508441002DF2D1D1F88C11A4B20914490020
S21400A46015E0D1F88441002DE8D1D1F88C11240CE8
S21400A470091401EB41010AE0D1F88041A4B2002D95
S21400A480DCD1DFED5A7A06E0D1F88C11091407EE1C
S21400A490901AF8EEE77A01210CF1B44C0CF5804CDA
S21400A4A02304DCF8483024F4C045C3F3820C0CF1D6
S21400A4B0010C01FA0CF107EE101A4FEA854548BF69
S21400A4C045F0004513F01C0FB8EEC79AF6EE008A6A
S21400A4D0454B55D1D3F88C110BB208EE103AB8EEB6
S21400A4E0C88A38EE278A9FED42AAF7EE049A00281B
S21400A4F05DD103922AF0EEFF07EE900AF8EE677A37
S21400A50087EE8A7AC9EE877A27EE888A039A9FEDC5
S21400A510397AC7EE097A9FED387A67EE877AB1EE18
S21400A520007AB5F1004F48EE077A0BD09FED337AEC
S21400A53006EE104A77EE876ABAEEE86AF0EE477AD9
S21400A54056EE267AF5EEC07AF1EE10FACBBFF1EEB3
S21400A550677A78EEE78A77EEE87AFDEEE87AC8BFA3
S21400A560FDEEE77A17EE901AB1F5003F2ADB6FEAA8
S21400A57055456FEA45451B484FEA0B1145505DE7C8
S21400A580D3F8901169EE286A09B207EE101AB8EEF1
S21400A590C77AD3F8881177EE677A0BB208EE103ACE
S21400A5A087EEA67AB8EEC88A38EE078A9BE7D6ED1D
S21400A5B0037AF8EE677A87EE8A7AC9EE877A27EE0C
S21400A5C0888AA4E711F5003FAABFC1F3110145F43C
S21400A5D000350D43CFE700BF005A6202404B4C00E7
S21400A5E0809698000040005A0080E00F00000000AF
S21400A5F000007A4400008043000020440000004928
S21400A60041F67132034BDA63012203F50053DA6038
S21400A610704700BF0000035041F671320121044B21
S21400A620DA6303F50052D1600022DA63704700BF98
S21400A63000000350044B1868421C02BF034AD2F8BD
S21400A64094001860704700BFB067002000400050BC
S21400A650CB784A7810B55B010C7843EA82030A7916
S21400A660234343EA02130C22424302F1B04213632F
S21400A670012C02BF8A78024B43F8202010BD00BF91
S21400A680D080035008B54FF0B0435A6802B960B1A5
S21400A6905B680BB12AF046FF4FF0B04130B10120A5
S21400A6A0074B58602AF03EFFC86008BD2AF03AFF04
S21400A6B00223CB602AF036FF0122024B5A60F4E7F1
S21400A6C000100058002000584FF0B0414B6810B5FD
S21400A6D00BB12AF027FF01220B4BC4785A6083780F
S21400A6E0934043EA840344782343047943EA0413FB
S21400A6F0447943EAC4038B60044B5A600378C3F181
S21400A7000203CB6010BD00BF0020005800100058A8
S21400A710054B5B69C3F38512827003F03F021B0B87
S21400A72042700370704700BF00C007500120034B03
S21400A7309B680A3303F01F03984070470080E00FC1
S21400A740034BD3F82424D3F820041040704700BFEE
S21400A75000C003502DE9F8431E4B0546D3F81033CE
S21400A7604B1E0E2B0E46174690F8009044781DD9C7
S21400A77009B34FF000082846D7B134F0A5FB09EB23
S21400A7804903072C4FF00F014FEA031315D8A40016
S21400A790114808FA04F2A14018442AF0CBFEBEB9CC
S21400A7A028468FB1BDE8F84334F08EBB8846E2E712
S21400A7B02AF0CFFEE3E78846E1E7083CA400074816
S21400A7C008FA04F2A140E7E7BDE8F8432AF0C1BE64
S21400A7D0BDE8F88300C0035004C003500CC003500B
S21400A7E02DE9F041204B1646D3F810234A1C0546A7
S21400A7F00C46407804D1D3F824142AF0B8FE044658
S21400A800002C2EDB072C14DC03274FEA84082A785A
S21400A81007FA08F73946154802FA08F22AF08AFEBF
S21400A8206A78394602F00302114802FA08F22AF062
S21400A83081FE012316F0050F0E4A18BF0E4903FAD3
S21400A84004F30CBFC2F81034C1F8103416F0060F2B
S21400A85018BF094AC2F814340123064AA340C2F8B6
S21400A86020342046BDE8F08100C0035000C40350E9
S21400A87008C4035000E0035000D0035070B50446EF
S21400A8802FF0C7FA064630B90FCC044D0FC594E832
S21400A8900F0085E80F00304670BD00BF243C002046
S21400A8A047F6FF739A42F0B570D0022970D8394B3C
S21400A8B05B5C022B6CD8384DDE0005EBC304A77832
S21400A8C015F83330012F394638BF0121012B16D138
S21400A8D0E078401A0021884205D8012F2CBFC01905
S21400A8E00130C0B2F0BD431A6568A0EB530335F9DA
S21400A8F013509542D4BF194603F1FF30EBE760686A
S21400A9000028EFD0B0F90040944204DBB0F90240D2
S21400A9109442B8BF144683883544FF2B19BFC8231A
S21400A9202827B0F90630B0F90870A3EB04030CBF73
S21400A9300122002293FBF7F36E7813441BB29E426B
S21400A94001DD002B01DA731E1BB24FF47A7C00EB9C
S21400A950C305EA88AD685F1C14FB02521D4622EA56
S21400A960E2723BB25C329E42B2FBFCF204DD00EBCC
S21400A970C307BF889742EAD200EBC5039888904287
S21400A98028BF1046884238BF0846AAE7FF20A9E736
S21400A9900020A7E7B38F0400243C00200229F0B56E
S21400A9A060D8314B595C02295CD8304B13F8310023
S21400A9B0012816D103EBC1039C78D878012C2146D8
S21400A9C038BF0121904294BFC1EB0001C1EB0201E8
S21400A9D0001BCAB28242C8BF00225B6833F912006D
S21400A9E0F0BD002A3CD003EBC1035968002939D0DA
S21400A9F09878904202D3B1F90200F1E7DC78B1F919
S21400AA0000009442ECD95C788B88013CA3F1FF06E9
S21400AA10734201F10405E4B2734101F10C07DEB2A2
S21400AA20B44216D805EBC3034FF47A756A43B3F9FC
S21400AA3002405B68D21A04EBD47302EB630292FB0B
S21400AA40F4F29042CCDBB1F902009042C8DC10B2BE
S21400AA50C6E737F833C05E1C9445E3D33346DEE7DB
S21400AA600348BDE70348BBE7B38F0400243C00203F
S21400AA700CFEFFFF0080FFFF08B50448FFF7FEFE50
S21400AA80BDE8084001202FF0CAB900BFB88F040007
S21400AA907FB51422002101A810F066F9044B01A925
S21400AAA04FF0FF3002932FF000FA07B05DF804FB7A
S21400AAB0006A18002DE9F0418CB08846DDE9127670
S21400AAC01D460446002847D0002945D0002F43D015
S21400AAD0002E41D013F00F033ED120482049A3603A
S21400AAE0002A08BF01462362C4E90013404609A9AC
S21400AAF02AF0CFFD68BB2046099934F040FA294673
S21400AB00204634F03CFA694640462AF051FE00BB27
S21400AB10694620462AF07CFE404603A92AF053FEEA
S21400AB20B8B9204603A92AF073FE069701272046E7
S21400AB3045F0005506A9079708952AF069FE2046B5
S21400AB4009A909960A970B9534F03FFA204634F087
S21400AB50F9F90CB0BDE8F0812120FAE70001000405
S21400AB60000101042DE9F04F97B0894690461F4634
S21400AB700546DDF880A0002800F0BB80002900F024
S21400AB80B8803AB1229B002B00F0B380239B002BA9
S21400AB9000F0AF80BAF1000F00F0AB80219B002BD5
S21400ABA000F0A78067B13C680026229B43440293CE
S21400ABB0464507D307B13C60002017B0BDE8F08FCC
S21400ABC03C46F1E75CB1229B219A9B5D125D013405
S21400ABD05340239A04F00F0493550136E8E7A8EB98
S21400ABE0060BBBF10F0F58D9434B4846C5E9003456
S21400ABF0AC602C6213A92AF04CFD0028DDD1284653
S21400AC0013992BF00F0B34F0BAF95946284634F056
S21400AC10B6F9484604A92AF0CBFD0028CDD128462F
S21400AC2004A92AF0F5FD484607A92AF0CCFD00281D
S21400AC30C3D1284607A92AF0EBFD012322992F4A03
S21400AC40CDF828A00B930C928A190D9228464BF04B
S21400AC5000520AA90E9303920F922AF0D9FD2846B5
S21400AC600DA92AF0D5FD239B039A9919012310916B
S21400AC7011931292214A284610A9CDF84CA014939D
S21400AC80159234F0A2F9284613A934F09EF9284606
S21400AC9034F058F95E4400288FD1229B03EB060B54
S21400ACA0239B1E44029B9B4501D1464680E7ACB9D8
S21400ACB0219B2246CDE900A3494610232846FFF7EC
S21400ACC0F9FE00287FF479AF0AF1100212F8013D70
S21400ACD00133DBB213700BB95245F7D1219A1BF83A
S21400ACE0013B125D0134534006F8013B04F00F04AB
S21400ACF0D8E7212061E700BF03030004100000200E
S21400AD007FB50E461D460446F0B102B9E3B90123ED
S21400AD100192029345F00053039300230B4AA3606D
S21400AD20C4E900232362204601A92AF071FD3146BA
S21400AD30204634F024F92046294634F020F92046EF
S21400AD4034F000F904B070BD2120FBE70000094391
S21400AD50084B984202D0084B984207D10B88B3F5AF
S21400AD60105F14BF6FF08500002070476FF08500FD
S21400AD70704700BF004440040013C0041038102879
S21400AD8008D8064BC34013F0010F0CBF6FF08600C7
S21400AD90002070476FF08600704700BF0101010079
S21400ADA02DE9F04FA7B008AFCDE90501DDE93295F2
S21400ADB0DDE9346A00210792384610229846DDF80D
S21400ADC0D8B00FF0D1FF102200210CA80FF0CCFF56
S21400ADD0069B2BB96FF08604204627B0BDE8F08F9F
S21400ADE0079B002BF6D0B9F1000F01D1002DF1D151
S21400ADF0309B13B9319B002BECD116B9BAF1000F7A
S21400AE00E8D1BBF1000FE5D040460599FFF7A0FF5B
S21400AE1004460028E0D1014628221CA80FF0A4FF13
S21400AE202022214614A80FF09FFF1CA834F09DF89E
S21400AE30002840F0AF80DDE90612059814AB2AF032
S21400AE4033FD04460028C7D11498FFF797FF044641
S21400AE500028C1D115B9CBF80000BDE7B14518D21E
S21400AE6009EB05039E4214D25545B3D82A464946F7
S21400AE7030460FF0CBFF554B984526D006D3544BA3
S21400AE80984524D003F54073984520D06FF085048C
S21400AE90A2E74F4B98451BD003F54073984517D053
S21400AEA04A4B9845F2D1554594D815F00F0291D1EA
S21400AEB02B46CDE9009614A91CA8FFF7FBFD81469A
S21400AEC000285CD1CBF8005086E7B146EDE7B146E6
S21400AED01022002110A80FF047FF55453FF67AAF25
S21400AEE03C4B9845319B39D10D2B7FF473AF012332
S21400AEF08DF84030309B0DF1410203F10C0153F800
S21400AF00040B8B4242F8040BF9D11B781370012313
S21400AF108DF84F3015F00F0842D025F00F034B4444
S21400AF200DF1300C03F1100E6246186859680833AC
S21400AF3003C273459446F7D10F2D33D825F00F037F
S21400AF40334403930CABCDE9017310AB0093424638
S21400AF50002314A91CA8FFF705FEB0E7102B7FF40A
S21400AF6039AF309B10AA03F1100E94461868596842
S21400AF700833ACE8030073456246F6D1CAE752468A
S21400AF80002130460FF0F0FE0023B9F1010FCBF898
S21400AF90003002D06FF092041EE76FF08B041BE7C0
S21400AFA00F2D8FD910ABCDE90296009301970023A1
S21400AFB025F00F0214A91CA8FFF7D4FD814600282F
S21400AFC0DDD1B8F1000F3FF47DAFB7E70044400491
S21400AFD00010C0040013C0042DE9F04F8A46A1B04B
S21400AFE00021DDE92A56DDE92C790590934606A86E
S21400AFF0102298460FF0B8FE102200210AA80FF083
S21400B000B3FEBAF1000F05D16FF08604204621B0DA
S21400B010BDE8F08FBBF1000FF6D00DB9002EF3D1CE
S21400B02017B9B9F1000FEFD12E9B002BECD040469C
S21400B0300599FFF78DFE04460028E7D10146282231
S21400B04016A80FF091FE202221460EA80FF08CFEC7
S21400B05016A833F08AFF002854D15A465146059860
S21400B0600EAB2AF021FC04460028CFD10E98FFF73D
S21400B07085FE04460028C9D116B92E9B1860C5E780
S21400B080BD4216D2AB199F4213D24E45BCD83246AB
S21400B090294638460FF0BAFE3A4B98455BD003F582
S21400B0A04073984531D0384B984511D06FF08504E1
S21400B0B0ACE7344B98454FD003F54073984525D000
S21400B0C0314B9845F2D14E4503D96FF089049DE780
S21400B0D03D46330798D133460122CDE900570EA9E5
S21400B0E016A8FFF7E7FC2E9B05461E6000288DD0AD
S21400B0F04A46002138460FF037FE00232E9A012DCF
S21400B10013603BD06FF0920480E73D460D3E4E45FF
S21400B110DBD801238DF828302B460DF1290205F1E6
S21400B1200C0153F8040B8B4242F8040BF9D11B7840
S21400B1300D3513704FF48073ADF8363006AB0193BF
S21400B1400AAB009332460023CDE902570EA916A893
S21400B150FFF708FDC7E73D46103E4E45B5D82B46DF
S21400B1600DF1280C05F1100E624618685968083370
S21400B17003C273459446F7D11035DFE76FF08B04B2
S21400B18044E700BF0010C0040044400410B54FF46C
S21400B1902F72002104460FF0E7FD8023C4F88C30A0
S21400B1A0054B04F19C00C4F88430012384F88830F1
S21400B1B0BDE8104029F0C4BBA0FA030010B5D0F8D3
S21400B1C0A0400A468CB92AF085FD044610B9002432
S21400B1D0204610BD2D2896BF064B074953F8201071
S21400B1E0064A07482AF0BCFEF2E7D0F8A41010463C
S21400B1F0A047ECE7A4900400A3FA0300F8F70300C6
S21400B200D3FB0300F8B590F88060044616B100261C
S21400B2103046F8BD2AF091FB0028F8D1012384F8C7
S21400B220803094F8883033B1D4F884101F4884F8FE
S21400B23088602AF095FE4FF0FF37D4F8B402421C1F
S21400B2401FD0C4F8B47210F0FF052CD020462AF0A8
S21400B25071FB2946204600F0A7FB0028EDD02046CB
S21400B2602AF076FB94F888303BB1D4F884100F4867
S21400B2702AF076FE002384F88830002384F8803095
S21400B280C6E72AF052FE431CDDD1D4F88C30D4F841
S21400B2909420013B9A4204DB054A064906482AF0F8
S21400B2A05FFE0126E9E70126C7E700BF6E0D040032
S21400B2B0F8F70300B1FA0300D3FB0300F8B50B78E8
S21400B2C00446302B0D46164604D14B7803F0DF03B8
S21400B2D0582B11D0284F6A1E12F8011F002934D1AE
S21400B2E028460A220FF030FC202C03460D4631D1AA
S21400B2F0B1FA81F040091AE04A1C1F4912F8013FD2
S21400B3008BB928460FF02CFC1C4B02382340032B2D
S21400B31012D10134A41084420AD1A87837288CBFF1
S21400B3200020012003E0CB5C13F04400E6D1F8BD1A
S21400B330CCBF01200020FAE7002CB8BF0334B0EBE6
S21400B340A40FD4BF01200020F1E77B5C13F00400BB
S21400B350C2D1ECE726B1084302D0013B61F10005FB
S21400B3600122A240013A1A40002D08BF9A420CBFA3
S21400B37001200020DBE700BF91B604000300008038
S21400B380F0B5037801467B2B17D10646022400222F
S21400B3900B4F16F8015F7D2D05D10B5D6BB9D243BF
S21400B3A002F0010008E07B5D13F0440002D0013299
S21400B3B00134EEE7202DFBD0F0BD0020FCE700BFF7
S21400B3C091B6040070B506460D460FF0C9FB04465C
S21400B3D030462AF0C5FD044EAC4200D370BD304660
S21400B3E02AF0BEFD0134F7E7460404002DE9F84FC5
S21400B3F0044602215148FFF7E5FF1E212068FFF7AB
S21400B400E1FF636858682AF0ABFD4D482AF0A8FDB6
S21400B41067683B7BFD2B12D8D7F808804FF0FF36C5
S21400B42040460FF09DFB0546DFF81091DFF870A14F
S21400B430DFF84CB10C3717F8013BFF2B01D1BDE804
S21400B440F88F212B18D8212B36D8DFE803F0377277
S21400B45074111B1D1F2135353535353535352325FA
S21400B46027292B2D2F3135353535353535353D33B7
S21400B470344C002D2BD12EE0334C344AFE2B08BF23
S21400B4801446F6E7324CF4E7324CF2E7324CF0E77B
S21400B490324CEEE7324CECE7324CEAE7324CE8E767
S21400B4A0324CE6E7324CE4E7324CE2E7324CE0E777
S21400B4B0324CDEE7324CDCE7234CDAE7314CD8E797
S21400B4C02AF042FD01362AE0002DB4D02E4C202B67
S21400B4D006F10106AFD002214846FFF773FF1E2192
S21400B4E04846FFF76FFF50462AF03AFD5946204679
S21400B4F00FF090FE2549002818BF214624482AF060
S21400B5002FFD3B78202B02D12B202AF01DFD214851
S21400B5102AF026FD4DB118F806301F2B05D018F876
S21400B52006001F2801D0AE42CADB05482AF018FDE7
S21400B53081E7194C9DE7194C9BE700BFE6450400E0
S21400B540F8F703005BFB03006DFB030052150400D5
S21400B550B8FB0300BFFB0300B0FB0300ACFB03001B
S21400B560A3FB030099FB03008FFB0300A4FB03006F
S21400B5709AFB030090FB030085FB03007EFB0300A1
S21400B58075FB03005AFB030060FB03006BFB030024
S21400B5906E0D0400E4FE0300B7FB0300BEFB0300D1
S21400B5A03A1604002DE9F04F9BB005468B46002462
S21400B5B0009203930FF0D4FA249F039B04901C6020
S21400B5C028463C600AAA09A92AF0ECFC064658B9A7
S21400B5D00A980FF0C5FA3446B046039B1860D5F8B3
S21400B5E09C300293029B1BB920461BB0BDE8F08F2F
S21400B5F0029BD3F80890B9F1000F6CD02E4416F8D1
S21400B600013B202B11D000260C23734309EB030AC1
S21400B61059F803300193002B58D0099B434555DB5E
S21400B6209AF808202AB1721C39E03B6801333B6067
S21400B630E5E73968D5F894200793039B521A1A60F9
S21400B6401AAB03EB880151F8403C01991846059364
S21400B6500FF0A0FD06900028E5D101980FF080FAC3
S21400B660DDE906230146DAF80400D7F800A090F8D2
S21400B6700CC0BCF1FE0F16D103F1FF3EC64512D03A
S21400B680D0F80090059801920FF06AFA0AF1010AC4
S21400B690019A50442B5C23B1386008F10108164625
S21400B6A0B2E70130F6E7D5F894200591A2EB0A023E
S21400B6B08A4220DC58460FF053FA059901447B294C
S21400B6C00DD958461F4A009929F061F92B46049A6D
S21400B6D02A4493422CD1029B1B68029382E7DDE941
S21400B6E00012584629F053F95846174A0099013473
S21400B6F029F04DF997E7BCF1FE0F94D1013B434585
S21400B70091D1D0F800A0DFF840905AF80C2B22B95F
S21400B710049B3B60039B1A60D8E75846009929F0C3
S21400B72036F94A465846009929F031F90134ECE7D3
S21400B73013F8011B0029CCD14FF0200103F8011C9F
S21400B740C7E700BFC5FB0300460404002DE9F04729
S21400B750002486B01C60DDE90EA8064689468AF8F5
S21400B76000401168154888F8004017461D468DF8B9
S21400B7701740FCF7A5F818B901242B6801332B6095
S21400B7800020D6F89C6036B914B1012388F8003042
S21400B79006B0BDE8F087B06868B14B460021CDE939
S21400B7A002A8CDE900750DF117022AF032FA9DF8CD
S21400B7B01730002BE8D13668E5E700BFCAFB030068
S21400B7C02DE9F0470446ADF5447D8022002104A80B
S21400B7D002AF0FF0C9FA80222046009703AB04A9F7
S21400B7E0FFF7E0FE01283DD104A80FF0B9F9039950
S21400B7F03B68461A0B4426EAE6762344054604A828
S21400B8003246014418460FF03FFC00228255D4F819
S21400B8109060039B3968D4F890201944B14212DC3A
S21400B820D4F89410E81A0244C4F89020014404AAFC
S21400B830C4F89410D41825182B1B002B0DDC0DF51E
S21400B840447DBDE8F087A05C2AF07EFBD4F89030FB
S21400B85001360133C4F89030DBE714F8010B2AF008
S21400B86073FBE9E7EBDD24AD8022002128460DF5C9
S21400B870887A0FF079FA0DF110094FF40072002162
S21400B88050460FF071FA4FF001084A46002312F8AE
S21400B890016BA6B904A84AF828300FF061F92946CA
S21400B8A0334698451CDB19F8016B0DF5887C5CF86F
S21400B8B0042B82420CD101F8016B0133F1E7202EF4
S21400B8C003F1010304BF4AF8283008F10108DEE757
S21400B8D00DF1100E7244D25CB242E8D00022EA5457
S21400B8E0D4F89060039BB3422FDC23462C4A04A96D
S21400B8F02C482AF035FB28460FF032F90646039B03
S21400B9003F68F61A1F4426EAE672E01917441D44FB
S21400B910E11904F1900399423CD904F19803984246
S21400B92038D26A1E81190B1A002B27DD12F8013F48
S21400B93000F8013BD4F890300133C4F89030D4F8C6
S21400B94094300133C4F89430EDE7D4F890300136E3
S21400B950E05C2AF0F9FAD4F890300133C4F890305D
S21400B960C0E7D4F89020013B0132C4F89020D4F808
S21400B97094200132C4F89420002BF2DC00232E44DD
S21400B980E355731B002B7FF75AAF15F8010B2AF00F
S21400B990DBFAF6E729460FF077FB3346ECE700BF05
S21400B9A0A0FA0300CFFB03002DE9F843D0E92456A4
S21400B9B004460F46002294F89830012B07D10A2F30
S21400B9C007D1002384F898300020BDE8F88300F201
S21400B9D09F801B2F01D10223F4E70D2F0DD10123E9
S21400B9E084F898300D202AF0AFFA0A202AF0ACFA34
S21400B9F000230120C4E92433E7E74FF00008082FAE
S21400BA0084F8988034D1454530DDB5420FD13846AC
S21400BA102AF09AFA20202AF097FA013D38462AF0B2
S21400BA2093FA013E04F80580C4E92456CCE7FBDA15
S21400BA3005F1FF3938462AF087FA04EB0903A6EB2E
S21400BA400902611918460FF0E1F904F8068001466C
S21400BA50013E48482AF084FA35464D4501DC4D46FD
S21400BA60E2E708202AF070FA013DF6E7ACD0DBE703
S21400BA707F2F1CD1002EA7DDB542A5DA6319691CFD
S21400BA8021441846721B0FF0C1F904F806800146DF
S21400BA9039482AF065FA0820013E2AF055FAB542E0
S21400BAA0F9D1D4F89430013BC4F894308CE70A2FCF
S21400BAB098D0092F03D12046FFF782FE84E7D4F8FA
S21400BAC08C30013BB3427FF77FAFB54204EB0508ED
S21400BAD005F101090CDB384688F80070D4F894307C
S21400BAE0C4F890900133C4F894302AF02DFA6BE72E
S21400BAF04146721B04EB09000FF088F940462AF015
S21400BB002FFA0820013E2AF01FFAB542F9DDE2E7D7
S21400BB10022B06D15B2F01D1032353E784F898202C
S21400BB2049E7032B7FF450AF413F84F89820032F5A
S21400BB303FF64AAFDFE807F002070A160121204663
S21400BB402AF0B3F940E74FF0FF31F8E7B542BFF609
S21400BB503BAF605D2AF0F8F9D4F890300133C4F8B2
S21400BB60903031E7002D7FF72FAF013D0820C4F855
S21400BB709050BAE7D8FB0300D2FF030008B502488E
S21400BB80FEF79CF9002008BD00B4C40430B58BB0A5
S21400BB906C46174D0FCD0FC40FCD0FC495E80300AC
S21400BBA084E80300134BD3F84C2112031CD5A3F5ED
S21400BBB0FE431C884FF6FF739C4208BF8C248DF80A
S21400BBC01940FEF763FA204480F308008DF8180049
S21400BBD00948FBF70DFF6846FEF7C0F93220FEF76E
S21400BBE05BFA00200BB030BDD3F85041E4B2E6E774
S21400BBF05C9104000080E00F00F049020028ACBF12
S21400BC0000F16040064B4FEA0111C9B2ABBF00F528
S21400BC10614000F00F0080F800131954704700BF11
S21400BC2014ED00E008B533F041F90B4B1A7872B901
S21400BC3001221A7033F035F96FF004021046013213
S21400BC40052152B2FFF7DAFF3D2AF7D108BDBDE85D
S21400BC50084033F026B900BF695D0020002807DBE6
S21400BC6001234109034A00F01F00834042F82130B7
S21400BC70704700BF00E100E0054B421153F8223048
S21400BC8000F01F0023FA00F0C04300F001007047E8
S21400BC9000E100E0002808DB01224309034900F028
S21400BCA01F008240603341F82320704700E100E027
S21400BCB010B5044633F0EDF8024B1C6033F0E4F8A0
S21400BCC0002010BD4C3C002010B533F0E2F8034BCA
S21400BCD01C6833F0D9F8204610BD00BF4C3C00204D
S21400BCE038B50C461546014610B9FFF7EDFF01467C
S21400BCF02B46224603480DF047FF0028D4BF3720C6
S21400BD00002038BDFB60030008B500F0E3FB18B167
S21400BD106A21024833F0BFF9002008BDDDFB0300AE
S21400BD2008B500F049F80C4A536A43F4702353628E
S21400BD30EFF308834FF0CD31084A043B934208D214
S21400BD4000F070FAFFF7E0FFBDE808400448FEF791
S21400BD5095BD43F80419F1E700ED00E00800002067
S21400BD60B88F040007B5042200200DEB02012EF068
S21400BD7014F8042803D0D721044833F08CF901982E
S21400BD8000F0DCF903B05DF804FB00BFDDFB030048
S21400BD90082310B50C0A41400648C9B241F3000218
S21400BDA0013B024013F0FF0382EA5101F6D184EA18
S21400BDB0010010BD2083B8ED38B5FEF73BFC044605
S21400BDC029F0AAFBE3072AD401221046114600FAFE
S21400BDD001F3234002F1010223D01D4B33F811304A
S21400BDE01C48062B028844881B4920D14FF20F03BB
S21400BDF09C4219D1B2F5406F28BF4FF4C0624CF296
S21400BE003C330A80438040F201730A889A4201BF9D
S21400BE10124B134AD2E90001C3E9000115E00021E4
S21400BE20DBE7102AD2D1DBE74FF4C062E7E740F247
S21400BE300725AB420AD14FF20F05AC4206D19A4213
S21400BE4004D14CF23C320B80428038BD0B80DAE7DE
S21400BE5020930400A86400205E560020503C00207A
S21400BE60A0640020014B1888704700BF5E56002073
S21400BE70014B1888000A70475E560020044B0548A0
S21400BE801B881A0AB3F5406F38BF00EB8200704774
S21400BE905E560020F0920400044B1888044B020AF9
S21400BEA053F82230C0B203EB800070475E56002085
S21400BEB0C092040010B5044632F0EFFF4FF20F02B6
S21400BEC0044B1C805A80BFF35F8FBDE810402AF0F9
S21400BED0DEB800BFA86400206D4A2DE9F0416D4B26
S21400BEE055686D4C5D65516A99656C49D1F80002DC
S21400BEF0D865D1F80412586B1966916A10F0040FD1
S21400BF005966D16A4FF000009966116BD966516B7D
S21400BF101967D26BD8645A67D3E90E1218BF114658
S21400BF205F4A91421A655DD301F12000A04259D8BC
S21400BF308869C5F308051864CE69062D5E6455D178
S21400BF40584DA84252D3584DA8424FD205884DF6B8
S21400BF50426085424AD11868C3F890005868C3F812
S21400BF60940040F20170A242154604D22E680432B4
S21400BF70B6F1CD3FF7D00022C3E91E22C3E9202246
S21400BF80C3E92222641BDFF81CC1434DDFF818E129
S21400BF909C648D422DD8D3E91EC7D3E92065D3E92A
S21400BFA022414FF0000E013AD2B2FF2A3CD1BEF138
S21400BFB0000F05D0C3E91EC7C3E92065C3E92241C7
S21400BFC0B3F85430C3F308030C2B3BD8022B54D9D8
S21400BFD0DA1E092A51D8DFE802F0315740435050A4
S21400BFE05050504D0021C3E910112D494FF42060E8
S21400BFF0B9E755F8044D6445CBD37445C9D2E60776
S21400C000C7D50026294F57F8048FA045C1D0013662
S21400C010062EF8D132B1013AD2B202F11E0643F82A
S21400C0202640B6E70522F8E7E0464FF0010EBC468C
S21400C03037462E4625460C464146B4E740F60120D4
S21400C040BDE8F0813B2B18D1194B9B6913F0020F0A
S21400C05040F2025318BF1846F2E740F60320EFE717
S21400C06040F6042240F20173B0F5206F0CBF104674
S21400C0701846E5E740F60520E2E740F60722013BD2
S21400C0804B2B98BF1046DBE740F60220D8E700BFF0
S21400C09000ED00E0106400200810002000E100E041
S21400C0A008000020D0420000A0F4030084640020B2
S21400C0B00080015A00F00CB800F00AB800F008B88A
S21400C0C000F006B800F004B800F002B800F000B8BF
S21400C0D072B61EF0080F09D01EF0040F0DD0DFF860
S21400C0E050E0AEE8FF1F6FF002000CE0DFF840E023
S21400C0F0AEE8FF1F6FF00E0005E0DFF834E0AEE8B4
S21400C100FF1F6FF006006946EFF309828EE807000E
S21400C11086460848084C854501D3A54501D384F3D7
S21400C1200888FFF7D9FE84F30888FFF7C3FE0000EF
S21400C1301064002048000020081000204BF6EF6234
S21400C14083B2002B08BF1346044A000C13804FF638
S21400C150CE2308BF1846024B18807047E26C0020BA
S21400C160E06C00200B4BB3F900201888002AB8BFFB
S21400C17080F0620042001A80074AB2F90010138865
S21400C1800029BCBF83F4805383F00B035900118051
S21400C19058407047E26C0020E06C002007B5684607
S21400C1A000F01AF8DDE900010022034B03B05DF849
S21400C1B004EB2AF068BA00BF583C002007B500938D
S21400C1C013460A46014603482AF011F803B05DF804
S21400C1D004FB00BF583C00200249034A0160521A83
S21400C1E042607047B86D002000000120004870478C
S21400C1F0583C002038B54160044632F04AFE0546F9
S21400C2002146044828F09FFB2846BDE8384032F017
S21400C2103BBE00BF803C0020014828F091BB00BF19
S21400C220803C00200222014B1A67704700400050F5
S21400C23070B532F02EFE174E0546174832F0D4FE83
S21400C2403378CBB900F046F9044620B1284632F0E0
S21400C2501BFE204670BDFFF7DFFF32F08FFF0F4B4F
S21400C2601C6031F0C1FB0E4B0E4A1860536F43F052
S21400C270010353672AF023FA00F028F82AF036FA6A
S21400C280094B0024186001232846337032F0FCFD69
S21400C290DFE700BF755D002098910400843C002015
S21400C2A0AC3C002000400050883C0020054B1B683A
S21400C2B05843054B00F5742000F23F20B0FBF3F026
S21400C2C0704700BFAC3C002040420F00294B2A4A72
S21400C2D0D3F8003170B503F00303136031F01AF998
S21400C2E04FF4C870FFF7E2FF0022244B2449186081
S21400C2F0244C0B680132D2B20A2A44F8040BF9D156
S21400C300034400EBC00003440B601F4B1F4D1B781B
S21400C31013B3184BD3F8003103F00303022B22D0DB
S21400C320032B23D0012B17D130F08CFE024698B198
S21400C330174B184EDC6800231946C4F30B0401346F
S21400C34004EB84040138E4FB06010EF0A1F9FFF7C4
S21400C350ADFF2B6803442B601F20FFF7A7FF2B6859
S21400C36003442B6070BD30F0B7FEDFE732F0A4FD6B
S21400C370DCE700BF00800050EC3C0020B03C002012
S21400C380B43C0020B83C0020795D0020E43C00204E
S21400C39000C0015040420F000122154B10B55A67ED
S21400C3A0144B154C1B7813B3022032F0D8FEF0B1B4
S21400C3B031F0A0FBD8B1A36DD90302D5E36D9A077F
S21400C3C015D40D4B9B6DDB0711D401220B4B1A7055
S21400C3D032F0B9FEBDE81040094B0A4A1860136FE8
S21400C3E023F0070343F00303136730F011BE10BDBC
S21400C3F000D000507A5D002000C00050775D00201D
S21400C400E03C0020008000500122014B1A7070476B
S21400C4107A5D002007B5FFF7C1FE01A8FEF778F9A0
S21400C4209DF80530012B25D1234B9A6DD20311D4EC
S21400C4305A6B6FF3162242F4BC1242F4A0625A639F
S21400C4401A6B22F4704242F440421A631A6B42F4AA
S21400C450E0621A639DF8043063B94FF000531B681E
S21400C460164B1B68164B1B68164B1B68164B1B6837
S21400C470164B1B68164AD2F8803043F00303C2F806
S21400C48080302AF03BF9FFF7CDFBFFF777FBFFF78D
S21400C4907DFB0DF0C3FBFFF7CBFE00F01BF82AF088
S21400C4A02EF9FFF73DFC2AF039F92DF0B0FA03B06B
S21400C4B05DF804EB2AF024B900C0005000400020CC
S21400C4C00080002000C00020000001200040012065
S21400C4D00080005070B532F0E9FC144E0546347802
S21400C4E0FCB9134B1C60134B1C60134B1C6000F014
S21400C4F031F8012031F0ECFB31F0DEFB0F4B024649
S21400C500186020B9284632F0CCFC232070BD2346A4
S21400C51040F2E7310A480EF0BBF80A4B18600123D8
S21400C5203370284632F0BDFC0020EFE77D5D00202A
S21400C530FC3C0020F83C0020043D0020003D00208C
S21400C54018FCFFFFF43C0020014B1868704700BF42
S21400C550F43C00201FB50024184B18689A880290F7
S21400C560D3F806009B7A00901548ADF80C208DF89D
S21400C570043032F039FD02A88DF808408DF80C40E2
S21400C580FEF7A2F8694601208DF80040FEF760F835
S21400C5901F220C4B9A615A614FF0B042936A13F017
S21400C5A00803FBD113620120FEF76CF80A20FFF7A0
S21400C5B071FB0A20FFF752FB04B010BD499304003C
S21400C5C0909104000020005810B532F06FFC4FF038
S21400C5D0B04304465B691A07074A03F0010003F0FC
S21400C5E00D0348BF40F00200536131F099FA20462F
S21400C5F0BDE8104032F055BC0020005821282DE937
S21400C600F341054604D82C46204602B0BDE8F0812A
S21400C61000240B4E0B4FDFF830800023CDF800804F
S21400C6201A461946386828F0D7FC8442EBD2222CEA
S21400C630E9D056F8043BAB42E6D00134EDE700BF44
S21400C64068960400AC670020FFFF0F002DE9F04F4E
S21400C650644E654D89B02AF0ADF831682868FCF75D
S21400C6604DFB0446002827D033680024D3E9000198
S21400C6709A6912689047336804A89B699B68984734
S21400C680336802209B69DB689847326805985368D0
S21400C690E7B2B3FBF0F3BB42916904F101044ED854
S21400C6A0CB680020984733689B695B689847316879
S21400C6B02868FCF723FB04460027DFF844A1DFF8D0
S21400C6C04481DFF84491F4B9484B2868DB5D002BC1
S21400C6D000F08380D8F8006002AB314603AAFCF76E
S21400C6E08FFC2D2807D070B9039B012B0BD0314649
S21400C6F02868FCF7D9FEDAF8003031461A68286850
S21400C700FCF752FE04460137222F0AF1040A08F10C
S21400C710040809F10109D6D1B4FA84F3344A5B0956
S21400C72013702B681B7C33B12AF010F818B1DB218C
S21400C730304832F0B0FC204609B0BDE8F08F1268F1
S21400C7400B6907FB002098479FE7D8F8003003AA3C
S21400C750194402AB0191FCF753FC2D2803460199BE
S21400C7602BD0286813B30BF1010B5FFA8BF18E42C6
S21400C7702868EAD8204BDB5D002BC4D0F3B27E2BB2
S21400C7802868C0D8D8F8003003AA06EB030B594631
S21400C79002ABFCF735FC2D28B5D059462868FCF7C7
S21400C7A083FE013604460028E8D0ACE7039B7BB93D
S21400C7B099F80020029B9A42D5D099F80030DAF812
S21400C7C000202868FCF7EAFC0028CCD00446D1E715
S21400C7D00191FCF769FE0199EFE7084BA346DE5D81
S21400C7E0C3E700BF8C670020AC67002044960400B7
S21400C7F07F5D002064FC030022960400DE950400A2
S21400C800549304006896040000960400F8B51F468A
S21400C810214B04461B780D46164623B100F47E23B2
S21400C820B3F50E2F2BD02046FFF7E8FE212804464E
S21400C83014D81A4B53F82010194B1B78ABB1194B70
S21400C840212C18681DD8184B1B5DD3B13268FCF735
S21400C850ABFD044650B129F078FF07E0FF2807D962
S21400C8603A46314680B229F084FC00242046F8BDC2
S21400C8704FF4A9710D4832F00EFC0021DCE70146AA
S21400C880DAE77F2D08BF00253B46324651FA85F190
S21400C890FCF784FCDDE700BF7E5D002068960400A0
S21400C8A07F5D0020AC6700204496040064FC030013
S21400C8B030B5134600F07E62B2F17E6F8BB00DD1BC
S21400C8C00A46C0F30B016846FEF71AFA20B140F29A
S21400C8D09311094832F0DFFB0BB030BD5A0829F03F
S21400C8E037FF0028F8D04FF49C7103480BB0BDE822
S21400C8F0304032F0D0BB00BFF5FC03002DE9F74313
S21400C900C70705460E46144604D540F2E3114948CB
S21400C91032F0C1FBE10704D54FF4F271454832F01E
S21400C920BAFB454B93F80080B8F1000F20D043F2D5
S21400C93060239D4208D12246314640480EF0A4FBB3
S21400C940002003B0BDE8F083C5F30B0705F440559F
S21400C950B5F5805F14BF4FF40F204FF40E2023462A
S21400C96032467F21384303B0BDE8F043FFF74EBFA1
S21400C97005F47043B3F5805F3FD1C5F30B05304A2D
S21400C98005F17E65631E2B44934230D82F46DFF8B0
S21400C990A49007EB0408474542D1AA070ED04FF6ED
S21400C9A0FF7336F8022BA81E43EA024304220DEB5F
S21400C9B002010193FFF77CFF0235023CA3070ED06D
S21400C9C0023C24F00103F35A04226FEA03436FEAA1
S21400C9D013430DEB020128190193FFF769FF002CA2
S21400C9E0AED0224631462846FFF762FFA8E740F25F
S21400C9F0FD11104832F04FFBC8E705F46043B3F56D
S21400CA00005F04D1C5F30B0505F53E25BEE740F2F1
S21400CA100521084832F03FFB6FF00F074546B6E7A2
S21400CA2017F8013BFF2BB6D04FF40471484632F09E
S21400CA3032FBB0E7F5FC03007E5D0020E46C0020CE
S21400CA40FF03E00F10B500F077F829F0CDFE04469E
S21400CA5018B100F079F8204610BD00F07BF80446C7
S21400CA600028F6D10122014B1A70F2E7805D002003
S21400CA70054B1B7833B1054BC0F313010022186831
S21400CA80FCF7D6BC11207047805D0020AC67002004
S21400CA90144B2DE9F0411B7805460E461746FBB1B0
S21400CAA029F089FE012805D9841EE4B2012C09D993
S21400CAB0212412E03B4631462846BDE8F0410022DC
S21400CAC000F052B800F038F83B46002231462846BF
S21400CAD000F076F8044600F037F82046BDE8F0810E
S21400CAE01124FAE7805D0020124B70B51B780446CF
S21400CAF00D461646E3B129F05EFE012805D9831ED1
S21400CB00DBB2012B08D9212410E032462946204604
S21400CB10BDE8704000F040B800F00EF820463246FF
S21400CB20294629F063FE044600F00EF8204670BD44
S21400CB301124FBE7805D002008B532F0AAF9014B0E
S21400CB40186008BD083D0020014B186832F09CB9FB
S21400CB50083D0020024B1968024B1868FCF7CEB857
S21400CB608C670020AC67002037B505460C46C0F33E
S21400CB7013010848ED02006805D5224603B0BDE85B
S21400CB803040FCF709BA009313462246FCF7BEF97C
S21400CB9003B030BDAC67002030B405461346074AE4
S21400CBA00C46C0F313011068EA0203D5226830BCB5
S21400CBB0FCF7FABB224630BCFCF7F0BAAC670020A4
S21400CBC0F7B505460F4614461E461BB921252846CE
S21400CBD003B0F0BD0029F9D029F0EDFD4BF2346228
S21400CBE0ABB2934220D14FF0FF3322466946CDE9DF
S21400CBF0003325483346FFF7E3FF0822054623495E
S21400CC0068460EF0FDFB38B933462246694641F2C7
S21400CC10F010FFF7D5FF0546002DD8D132466946FD
S21400CC2038460EF031FAD2E741F2F01293420FD1B5
S21400CC30174B311908299A6CDB6CC7D8CDE900234D
S21400CC4032460DEB040138460EF01EFA0025BEE70C
S21400CC5002280BD1C5F30C4332199342B6D3C5F361
S21400CC600B0104F17E6432462144ECE7032809D127
S21400CC70C5F30C4332199342A8D3C5F30B0104F550
S21400CC803E24F0E70125A2E7021008C0F49604004F
S21400CC900080E00F10B52CF05AF82DF010F9BDE822
S21400CCA01040034601210220014A02F00BBC00BFDF
S21400CCB08CFD030013B5D0E9023253F822301C78FD
S21400CCC020462CF056F82346009001210220024A06
S21400CCD002F0F8FB02B010BDA0FD0300014B18786F
S21400CCE02BF01CBC815D0020FF232DE9F04F8FB098
S21400CCF01122002108A88DF813300EF035F808A888
S21400CD002AF0CAFD01210220B04A08AB02F0DAFB85
S21400CD1041F24903AE4A0121022002F0D3FB06A8E5
S21400CD202AF0E9FE08A90DF113002AF0EFFE022012
S21400CD300021A84A02F0C6FB00202BF020FC10B110
S21400CD4006A809F0CDFB9DF92A3001210220A24A4F
S21400CD5000939DF82B3002F0B5FB2BF0F4FF831EFA
S21400CD60DBB2FC2B054631D8012102209B4A02F09B
S21400CD70A9FB01249A4E9B4FDFF8D0822346324609
S21400CD800021022002F09EFB05A9E0B22BF0DDFF99
S21400CD90034650B1A0F11602012A40F2AA8042468C
S21400CDA00121022002F08EFB0CE09DF914303A4679
S21400CDB001939DF816300121009302209DF815304E
S21400CDC002F080FB0134E3B29D42D7D8BDF828407C
S21400CDD007F072FF23460021834A0090022002F0EB
S21400CDE071FB02200021814A02F06CFB00202BF030
S21400CDF0C6FB10B108A809F073FB01217C4A02208B
S21400CE0002F060FB2BF0FDFE04462BF0F8FE2346F6
S21400CE100121784A0090022002F054FB08F024FC1E
S21400CE2000210220744A02F04DFB9DF81330FF2BC0
S21400CE3065D000210220714A02F044FB01216C4AB1
S21400CE40022002F03FFB2AF066FE012103466C4AF0
S21400CE50022002F037FB07F007FF00210346694A6D
S21400CE60022002F02FFB2AF05CFE04462AF05BFE4E
S21400CE7023460121644A0090022002F023FB32F090
S21400CE8017F908F099FC01210346604A022002F0D7
S21400CE9019FB0025DFF8B88108F08EFCECB2A04242
S21400CEA033D832F005F90123594A1946022002F018
S21400CEB009FB00202BF032FB564B574C0093012108
S21400CEC000230220554A02F0FDFA236863B10121CF
S21400CED002201B78524A02F0F5FA2368012102204C
S21400CEE05B78504A02F0EEFA2BF01DFB0FB0BDE85F
S21400CEF0F08F012102204C4A02F0E4FA62E700219A
S21400CF0002204A4A02F0DEFA98E7494B204603EB35
S21400CF100416D6F8089008F009FD8246204608F068
S21400CF2051FC444F00280CBFC346BB46204608F0C1
S21400CF30FDFC0AF0B7FA002808BF47465346002112
S21400CF400220CDE900B73C4A02F0BCFAB3790121D1
S21400CF500293B388022001937388384A0093337B88
S21400CF6002F0B0FA0026DFF8ECB099F80430F4B21C
S21400CF70A34203D832F09CF801358DE714235C43B6
S21400CF80D9F8007002203A5B07EB040A9AF90C30D5
S21400CF9000922B4A002132EA230228BF5A46134643
S21400CFA0284A02F08FFA00202BF0E9FA38B15046F2
S21400CFB03C5B2AF01FFE014620460AF0C1FA01211A
S21400CFC00220214A02F07EFA0136CEE7E1FD030098
S21400CFD0F0FD03000CFE030038FE030013FE030002
S21400CFE029FE030030FE030065FE030085FE0300F5
S21400CFF0CFFE03008EFE0300B0FE0300D11C04002B
S21400D000BBFE0300D1FE0300E7FE0300FDFE0300A7
S21400D01076FF03008EFF0300A441002082FF03007A
S21400D0209CFF0300B0FF03004DFE03006DFB0300F2
S21400D030D8400020B8FD030008FF030028FF0300C7
S21400D040D5FD03005EFF0300E645040058FE03001E
S21400D050C0FD0300C9FD03002DE9F7430025134E6C
S21400D060DFF8588008F0A8FBECB2A04202D803B064
S21400D070BDE8F0832701204616F8079008F0A2FBCB
S21400D0800B4A4B46002808BF424600210220009269
S21400D090084A02F017FAF05D2AF049FD0121022045
S21400D0A0054A02F00FFA0135DCE700BFD840002041
S21400D0B07F4C0400CBFF0300E6450400894C0400C7
S21400D0C008B583685A681178C26853F82230A1F10F
S21400D0D0650251425141187808F02AFD30B9BDE882
S21400D0E0084001210220024A02F0ECB908BD00BF48
S21400D0F0D6FF030000210220014A02F0E3B900BF78
S21400D100F0FF030000210220014A02F0DBB900BF55
S21400D1101E00040010B5044686B01822002168469A
S21400D1200DF022FE68462BF078F9D4E9022052F87A
S21400D130203002EB80021B788DF80B30516891F995
S21400D14000108DF80A1091680988ADF8081061681B
S21400D150091A032907DDD26803F01F03127843EA91
S21400D16042138DF80B30684607F054FE0021034644
S21400D170024A022002F0A6F906B010BD3A000400EA
S21400D18007B500202BF0A3FD00210090034B0220E2
S21400D190034A02F097F903B05DF804FB4700040069
S21400D1A04D00040013B5D0E9023253F8221003EB09
S21400D1B082035B68087819680023094CA22299420A
S21400D1C008BF2146C01A18BF01202BF074FD0121AC
S21400D1D00090044B0420044A02F074F902B010BD1B
S21400D1E000F8FF07144204005F01040013B5D0E9FD
S21400D1F0023203EB820153F82230D1E90114187889
S21400D200FF22003818BF0120237809682BF053FD51
S21400D21001210090034B0420034A02F053F902B0A8
S21400D22010BD00BF580004005F01040008B50021CF
S21400D23001230C4A2BF0B1FB0A482BF00FF9002013
S21400D240094909F0E5F900202BF099F910B10548D5
S21400D25009F046F9BDE8084001210420034A02F01F
S21400D26031B900BFB26200206D000400E64504003C
S21400D27010B52AF05AFC034630B1BDE81040012133
S21400D2800420054A02F01EB90121BDE81040042022
S21400D290024A02F017B900BF7B0004008C000400AD
S21400D2A010B52BF0DFF8BDE8104003460121022040
S21400D2B0014A02F007B900BF9700040010B52BF032
S21400D2C0A2F8BDE81040034601210220014A02F000
S21400D2D0F9B800BFAD00040037B5D0E9023201242A
S21400D2E053F822304FF6FF701D78FE2204FA05F13F
S21400D2F000232BF054FD2B46009021460420024AC2
S21400D30002F0E0F803B030BDC1000400D0E90232FC
S21400D31053F822301B7823B101210220024A02F082
S21400D320D1B8024A13707047E0000400815D002007
S21400D33007B568462AF0DFFB07F0BEFC012103466E
S21400D340084A022002F0BEF8684609F0C9F807F05D
S21400D35027FF01210346044A022002F0B3F803B077
S21400D3605DF804FBF60004001001040037B5D0E9B0
S21400D3700245406854F82530401B0328D8BF0020DB
S21400D38004EB8504C8BFE06819786368C8BF0078F6
S21400D3901A78A36893F90030009001202BF079FCEE
S21400D3A038B901210220084A03B0BDE8304002F037
S21400D3B089B8064B0190009301210220044B054AD0
S21400D3C002F080F803B030BD2101040029010400FA
S21400D3D0C32D04003D01040007B501202BF061FCBD
S21400D3E048B9009001210220084B094A02F06AF869
S21400D3F003B05DF804FB054B019000930121022069
S21400D400044B054A02F05EF8F2E700BF290104006B
S21400D41054010400725A04003D01040008B5D0E926
S21400D420023253F8223018782BF0EFFB30B9044A5A
S21400D4300121BDE80840042002F044B8014AF7E79D
S21400D440690104008501040008B5D0E9023253F8EA
S21400D450223018882BF0D7FB30B9044A0121BDE8EA
S21400D4600840042002F02EB8014AF7E7A4010400A1
S21400D470D401040073B50378044613F0050F0ED0EC
S21400D4804588062D17D1836801215B68174A1B78EB
S21400D4900193838804200093154B02F013F8237839
S21400D4A0012B20D001210420114B124A02B0BDE806
S21400D4B0704002F007B835B98388012104200E4A6F
S21400D4C002F000F8EBE7012DE9D186680B49002051
S21400D4D009F09EF8304609F003F829460420084A69
S21400D4E001F0F0FFDBE702B070BD00BF0A020400E7
S21400D4F0010204005C020400270204004402040047
S21400D500E64504002DE9F04F00268FB0364D09ACF5
S21400D5100FCD0FC42B6801210220344A236001F08E
S21400D520D1FF3446DFF8DC902AF0F9FAF5B2A842CB
S21400D5300BD82AF0F4FA23460090012102202C4A48
S21400D54001F0C0FF0FB0BDE8F08F284605A92BF00C
S21400D5503EFB0346002841D19DF81430032B39D9F1
S21400D56004238DF814302B4600210220214A01F0B6
S21400D570A9FF9DF814300EAA02EB830300214A4649
S21400D58053F8143C022001F09DFF28469DF821A088
S21400D5909DF815B09DF81870BDF816802BF019FB95
S21400D5A05346CDE9028000210220CDE900B7124A99
S21400D5B001F088FF01340020E4B22AF0E0FF18B141
S21400D5C00DF1190008F08CFF002102200B4A01F033
S21400D5D079FF01E0002BC6D10136A5E70021022025
S21400D5E0074A01F06FFFF7E7FC9604006E0204009E
S21400D5F0E70204002BFE03009B020400F8F703007A
S21400D600C20204006E0D0400C3688268013BDBB2F0
S21400D61052F8233002201B78652B14BF002201210C
S21400D620044B1BBF01211A70034A044A08BF197035
S21400D63001F048BF4D6D0020FE0204000C030400FC
S21400D640D0E9023253F822301A88014B1A8070470C
S21400D650E66C002007B5D0E9023103EB810253F8EF
S21400D660213052681988054B0548128800930088B7
S21400D670012309F029FC03B05DF804FB75D4000013
S21400D680E66C0020C3688268013BDBB252F82330A8
S21400D6905B78A3F1660253425341014A1370704708
S21400D6A0506D002030B5D0E9023253F8223089B0F0
S21400D6B01D78012302AA194604462BF06EF90123B1
S21400D6C00093102302210DEB030220462BF046F9AF
S21400D6D0284604AA02A92BF07CFB044600202AF068
S21400D6E04EFF18B12146044807F076FB0020034998
S21400D6F008F074FF09B030BD1B030400E6450400C3
S21400D700002330B58FB00221009309AA12230546E4
S21400D7102BF024F905AA014609A807F0E1F804460B
S21400D72098B1232805D1134A0121042001F0CAFE2E
S21400D73009E0212801D1104AF6E70346012104201A
S21400D7400E4A01F0BFFE0FB030BD01232846194631
S21400D75003AA2BF022F905A903A82BF03CFB0546EB
S21400D76020462AF00CFF18B12946054807F034FB7E
S21400D770044AD9E7280304004B0304008603040088
S21400D780A7030400E6450400F0B5D0E9023253F8DA
S21400D790221003EB82039B6805461F7887B0384645
S21400D7A00E782AF0CCFE044608BBD5E902210123F8
S21400D7B08DF80830194452F8210002EB81020088E7
S21400D7C08DF809709268ADF80A00127804218DF879
S21400D7D00C2028460DF10D022BF0DFF8304602A98A
S21400D7E08DF815402BF0F7F904462AF09CFE3346D8
S21400D7F001210420024A009401F064FE07B0F0BD47
S21400D800BC0304002DE9F04101218EB00220274A16
S21400D81001F058FE002005AB01AA09A92BF0D3FAA7
S21400D82000250446224E234FDFF898801CB1284678
S21400D8300EB0BDE8F08102202B463246214601F0AC
S21400D84041FE20462AF09BFE10B10AA808F048FECA
S21400D8503A46002102209DF8303001F033FE424661
S21400D86000210220079B01F02DFE00210220BDF8BA
S21400D8702030114A01F026FEBDF8143000210F4A70
S21400D880022001F01FFE013501A82AF073FEEDB25A
S21400D890012102200A4A01F015FE284605AB01AA1E
S21400D8A009A92BF090FA0446C0E700BFEE03040077
S21400D8B0340404003C040400F01C0400510404007A
S21400D8C0E6450400480404002DE9F047064698B0F3
S21400D8D0C0B92AF022F9074600250EA82BF07DFADB
S21400D8E001210220384A01F0EDFD2C46DFF8E080E9
S21400D8F0DFF8E090DFF8E0A0BC4205D3284618B079
S21400D900BDE8F0870127E7E713A82BF066FA002E9C
S21400D9104CD0022306A913A88DF84C30FE242BF019
S21400D9204EFA00283FD102A913A82BF04EFA9DF814
S21400D930593043F001038DF85930002E3DD123466F
S21400D94031460220214A01F0BDFD9DF859300AA952
S21400D95043F0010313A88DF859302BF036FA002057
S21400D9602AF00DFE10B114A808F0BAFD0C9B424632
S21400D9700021022001F0A6FDBDF82820002112F4A7
S21400D980007F0CBF4C23412312F0100F0CBF6E22F9
S21400D9907922022000924A4601F094FD06A82AF059
S21400D9A0E9FD0135EDB20134E4B2A5E720460AAB45
S21400D9B006AA13A92BF005FAB3E752460021022067
S21400D9C001F080FDC1E700BF5B04040034040400DE
S21400D9D048040400970404009004040030B50124B1
S21400D9E099B00EA82BF0F9F913A88DF838402BF053
S21400D9F08AF9C0B9BDF84C1011EA040513D12146C6
S21400DA000220444A01F05EFD29460220424A01F007
S21400DA1059FD214602203F4A01F054FD21460220CE
S21400DA203C4A01F04FFD06A90EA82BF0C8F920B11C
S21400DA301022FF2106A80DF097F904A82BF0C7F9CD
S21400DA40059B01210220354A0093354B01F03AFD33
S21400DA509DF8123001210220324A0093304B01F02B
S21400DA6031FD00212E4B304A022001F02BFD06A886
S21400DA702AF080FD13A82BF0B0F902230AA913A8F8
S21400DA808DF84C302BF0A1F900283FD10B9B00936A
S21400DA9001210220254B264A01F014FD0121234BCB
S21400DAA0244A022001F00EFD0120FFF70DFF0121A0
S21400DAB01E4B214A022001F005FD0020FFF704FF5F
S21400DAC004462AF02AF823460090012102201B4A29
S21400DAD001F0F8FC01211A4B174A022001F0F2FC73
S21400DAE0FFF790FE1749022803461748174A28BF33
S21400DAF00A46084928BF01460092CDE901310220B6
S21400DB000121134A01F0DEFC19B030BD4FF0FF339F
S21400DB10BDE700BFE6450400AA040400E8040400CC
S21400DB20E0040400F80404004D2C0400743A0400D9
S21400DB300B0504001B050400220504002B05040049
S21400DB403F050400A6040400B721040009220400CF
S21400DB504D05040010B5D0E9023253F822301C7887
S21400DB60201E18BF01202BF0BAF8054A054B0020EE
S21400DB70002C18BF1A46BDE81040034908F02EBD19
S21400DB807A0504007505040083050400D0E9023216
S21400DB9010B553F822301C8820462BF0A2F82246F7
S21400DBA0BDE810400020014908F018BDC405040077
S21400DBB037B5044607F058F8014638B100200D4A3C
S21400DBC00D4903B0BDE8304008F008BDE368A26820
S21400DBD0013BDBB252F8233008481D780123084A7F
S21400DBE000936C2D08BF0246102320462AF0B6FE8E
S21400DBF003B030BD120604001A060400366D00207D
S21400DC00266D002013B583689A681278672A22D199
S21400DC1001A82BF078F80446A8B9BDF804201749E7
S21400DC2008F0DCFCBDF80430DA070AD413F0020F63
S21400DC30134B144A18BF1A461349002008F0CEFCAE
S21400DC4019E0124AF8E702461149002008F0C6FC1F
S21400DC5022461049F1E7C26801A953F8220003EBF7
S21400DC6082035B6800681B68ADF804302BF051F83F
S21400DC7004460028ECD102B010BD00BF4D060400DB
S21400DC8040060400AA2D04006E06040030060400B8
S21400DC9080060400AC060400034A04491388C854EE
S21400DCA001331380704700BF6E560020875D00204A
S21400DCB073B5154D01242B78144E13F0040F0CBFCA
S21400DCC002230423124A214614703288022001924D
S21400DCD0EB5C104A0093104B5B8801F0F3FB0021CD
S21400DCE002200E4A01F0EEFB0D4B294600933288C7
S21400DCF02346022001F02CFC21460220094A02B0ED
S21400DD00BDE8704001F0DEBB875D00206E56002047
S21400DD10865D0020BB06040060560020E006040076
S21400DD2002070400E645040070B516464FF48A5212
S21400DD30114B124DDA805980114B1B881A1E18BFE2
S21400DD40012240EA82000F4A1278003A18BF0122E8
S21400DD5040EA0210287063B103246B701B0AAB7094
S21400DD6009F00EFC631C2855EE54074B02341C8049
S21400DD7070BD0124F4E700BF60560020875D0020D8
S21400DD806C560020855D00206E56002038B5D1E91F
S21400DD9002320C46054653F82230024619880C4BD0
S21400DDA01878FFF7C1FFE368A268013352F8233002
S21400DDB0188828F05DFD4DB1E368A268023352F87A
S21400DDC023301878BDE83840FFF766BF38BD00BF7F
S21400DDD0825D0020F0B50546EB68AA68023352F86B
S21400DDE0233008461C78294685B0FFF7CFFF20462B
S21400DDF029F0ECFE204E214F78B3204629F0F2FEA3
S21400DE000321441C03AA284627F099FD3288E4B271
S21400DE10C2F1FF0303991B1B9BB28B4222443CBFFB
S21400DE20C2F1FF0303930123032100933A449DF8B4
S21400DE300C3028462AF092FD039A022C338804BF41
S21400DE400F48110AFA5408BFC15413441C443480C6
S21400DE5005B0BDE8F040FFF72BBF204607F00CFCEE
S21400DE600123328804460093032103463A44284699
S21400DE702AF074FD3388E9E76E560020875D00209F
S21400DE80885D0020052307B5012100930220044B7E
S21400DE90044A01F017FB03B05DF804EBFFF79EBDE4
S21400DEA0E9060400F006040013B504462AF027FF2E
S21400DEB038B1CDE9004001210220034B034A01F0AE
S21400DEC001FB02B010BD00BF1206040007070400E5
S21400DED0194B37B51B783BB901210220174A03B00E
S21400DEE0BDE8304001F0EEBAD0E90232144C53F8E7
S21400DEF0223001211D78638802200093114A2B46A8
S21400DF0001F0E0FA104B25711B78104D63B101212A
S21400DF1002200F4A01F0D6FA20460E4A298803B09E
S21400DF20BDE8304029F0F3BB20460A4A298803B0F2
S21400DF30BDE8304029F0ADBC865D00201E07040019
S21400DF40605600202C070400835D00206E560020DB
S21400DF5043070400875D00202DE9F041D0E9023236
S21400DF6053F8221003EB82035A680C7817889A68D5
S21400DF70DB68B2F80080C6B01D780021304B022066
S21400DF80304A0094CDE9017801F09CFA002D0CBFD0
S21400DF906E237923012102202B4A01F093FAFF23F6
S21400DFA0002D0DF1170606AD019320460CBF802309
S21400DFB0402342463946029600952AF04DF904461B
S21400DFC0002835D1307829F007FE0746B0B128463C
S21400DFD02AF094FA1D4BFD28A8BFFD200093234687
S21400DFE082B20DF11901022001F0B2FA01210220DD
S21400DFF0174A01F067FA46B0BDE8F081307829F09C
S21400E000F1FD60B128462AF07EFAFD28A8BFFD2063
S21400E0100E4B82B200930DF11A013B46E3E73078CF
S21400E02007F02AFB0B4B0246009329460123DAE74A
S21400E030009001210220084B084A01F043FADAE773
S21400E040103B04005D07040082070400944F0400A0
S21400E050E6450400020704000A1004008C070400CA
S21400E060D0E9023253F8221003EB82032DE9F04F79
S21400E0705A680F78B2F800809A68C7B0B2F8009075
S21400E080DA681B6992F800A01E7800212F4B304AF0
S21400E0900446CDE901890220009701F013FABAF18F
S21400E0A0000F0CBF6E23792301210220294A009617
S21400E0B006AD01F007FAFF22002128460CF054FEB8
S21400E0C0304629F089FD834608B3002305210093D6
S21400E0D02046FD230DF119022AF040FC2870BAF103
S21400E0E0000F0CBF802340234A4641463846CDE900
S21400E0F000562AF07CF80146144806F06DFE012111
S21400E1000220154A01F0DEF947B0BDE8F08F304630
S21400E11029F068FD60B1FD2305212046CDF800B04A
S21400E1200DF11A022AF01AFC85F801B02870D6E71D
S21400E1300590304607F0A0FA059A0346009205219E
S21400E1402A4620462AF00AFCC9E700BF033B040023
S21400E1505D0704009D070400E64504002DE9FF471F
S21400E1601C465B68E5685B1B00255FFA83F8039531
S21400E1702E46FFF7D9FDEBB298450BD90C9B9B5D5D
S21400E180282B39D8202B00F2CB800136F6B2002B94
S21400E19040F0C980FFF78CFD04B0BDE8F087132A75
S21400E1A02FD801A151F822F06FE2000081E20000B2
S21400E1B093E20000C7E2000095E1000095E1000050
S21400E1C095E1000095E1000003E2000003E2000094
S21400E1D003E2000003E2000003E2000003E20000A6
S21400E1E003E2000003E2000003E2000003E2000096
S21400E1F013E20000EDE20000A3F13102D1B21329D0
S21400E200CDD90136F6B2A3F14102032AC2D8422B79
S21400E2106CD06C4F00213A88DFF8B0A1C2F1FE0343
S21400E2209BB2FF2B28BFFF2301320091DBB22046B2
S21400E230524469B22AF06EFB3B880AF803000133A9
S21400E2401844388011E04FF00409E368A2682B44B4
S21400E25052F823301F68F8B209F1FF39FFF71CFDAA
S21400E26019F0FF094FEA1727F5D1013583E7E36870
S21400E270A2682B4452F823301878FFF70DFDF4E718
S21400E280E368A2682B4452F82330188828F0F0FA86
S21400E290EBE7E368A2682B4452F823301F68B7F117
S21400E2A0807F09D2F8B2FFF7F7FCC7F30720FFF725
S21400E2B0F3FCC7F30740E0E72B4601210820424A5B
S21400E2C001F000F966E74FF00409E368A2682B4402
S21400E2D052F823301F68F8B209F1FF39FFF7DCFC6B
S21400E2E019F0FF094FEA1727F5D1BEE7294603AA1A
S21400E2F0204627F024FB0021324F344A3B88DDF8C5
S21400E3000C9002EB030CCAB2914501F1010102D850
S21400E3104B443B80A9E710F802A00CF802A0F2E7F5
S21400E320242B3FF670AF013B232B3FF633AF01A201
S21400E33052F823F06FE2000081E2000093E2000052
S21400E34047E2000095E1000095E1000095E100003D
S21400E35095E1000095E1000095E1000095E10000E0
S21400E36095E1000095E1000095E1000095E10000D0
S21400E37095E100006FE2000081E2000093E20000F9
S21400E380C7E2000095E1000095E1000095E100007D
S21400E39095E1000095E1000095E1000095E10000A0
S21400E3A095E1000095E1000095E1000095E1000090
S21400E3B095E100006FE2000081E2000093E20000B9
S21400E3C047E200006E560020B6070400875D002076
S21400E3D0094B1B7823B101210820084A01F072B8C6
S21400E3E0D0E9023253F82230054A1B8801211380F7
S21400E3F00820044A01F066B8865D0020DC070400A9
S21400E4006C5600201E080400D0E9023253F8223071
S21400E410054A1B780121003B18BF01230820137012
S21400E420024A01F04FB800BF845D00204408040093
S21400E430D0E9023253F82230034A1B7801211370C8
S21400E4400820024A01F03EB8855D002073080400EB
S21400E45010B5D0E90232044653F822301322198848
S21400E4600B4B1878FFF760FCE368A268013352F89C
S21400E47023301878FFF710FCE368A268023352F8DE
S21400E48023301878FFF708FCBDE81040FFF710BCF3
S21400E490825D002010B5D0E90232044653F82230DF
S21400E4A0112219880B4B1878FFF73EFCE368A26828
S21400E4B0013352F823301878FFF7EEFBE368A268C2
S21400E4C0023352F823301878FFF7E6FBBDE8104019
S21400E4D0FFF7EEBB825D0020D0E9023253F822300F
S21400E4E0034A1B78003B18BF0123DB0013707047FC
S21400E4F0825D002010B5D0E9023253F8223004467F
S21400E50019880E4B06221878FFF70EFC0120FFF73D
S21400E510C3FBE368A268034452F82330188828F047
S21400E520A7F9E368A268023352F82330188828F067
S21400E5309FF9BDE81040FFF7BBBB00BF825D00201F
S21400E5402DE9F043D0E902324FF0FD09013253F8CD
S21400E550221003EB82035A68C7B017889A68B1F88E
S21400E5600080147853F8043C002C0DF1170506AE15
S21400E57018783A4614BF4023802341460295CDF8CA
S21400E5800490009629F068FE034638B1184A012127
S21400E590082000F097FF47B0BDE8F083201E18BFA4
S21400E5A001200A224146C000FFF7BEFB384628F08D
S21400E5B05FF92878FFF770FB4A463146287829F03D
S21400E5C0B9FA044628B10B4F3D88C5F1FF039842BF
S21400E5D002DD2346084ADAE7024608483146284460
S21400E5E025440CF051FD3D80FFF762FBD3E700BFEA
S21400E5F0A90804006E560020C5080400875D0020A8
S21400E60010B5D0E90232044653F8223008221988A1
S21400E6100B4B1878FFF788FBE368A268023352F8C2
S21400E62023301878FFF738FBE368A268013352F806
S21400E6302330188828F01CF9BDE81040FFF738BBD7
S21400E640825D002073B5D0E902320546023253F8E7
S21400E650221003EB820353F8042C53F8083C0C7882
S21400E6601988234B168818780622FFF75DFB0020D2
S21400E670FFF712FB304628F0FBF82046FFF70CFBAE
S21400E680EB68AA68033352F82330188828F0F0F8AD
S21400E690EB68AA68043352F82330188828F0E8F8A4
S21400E6A0204609F06DF9E8B9204606F0E5FF052199
S21400E6B00446019001AA284627F041F9019B01462D
S21400E6C09C4206D0224631460A480BF03BFA02B07E
S21400E6D070BD094D09482E882246304434440CF05B
S21400E6E095FB2C8002B0BDE87040FFF7E1BA00BF92
S21400E6F0825D0020F10804006E560020875D002031
S21400E70073B5D0E902324FF48A5153F82230104DD7
S21400E7101A88104BD9805A8000232A46009301217C
S21400E720FF232AF01BF92B78044613F0040F0A4B3C
S21400E73008BF01261B7818BF032613B108F020FF78
S21400E740A855064B1C8002B0BDE87040FFF7B0BA73
S21400E750875D002060560020845D00206E560020F5
S21400E760D0E9023253F82230034A1B78003B18BF28
S21400E77001231370704700BF835D002010B50C4660
S21400E78008B907F089FE024B18715C7110BD00BF16
S21400E7906056002002462DE9F341D0E90253526844
S21400E7A055F82310D21A0C8805EB8301013BDBB227
S21400E7B055F82380294D022A4868C8BF8A682B78F6
S21400E7C0D8BFFF210078C8BF11783BB901210220CD
S21400E7D0234A02B0BDE8F04100F074BEFFF7CEFF5A
S21400E7E006F06AFA1F4F204E3B88014622460093E9
S21400E7F01E48334629F01CFE0246C8B998F8041095
S21400E8003B885F2917D1CDE900364FF6FF712046C9
S21400E810164B28F070FF28B1034601210220144A47
S21400E82000F050FE0023134A2B701380124A137018
S21400E83002B0BDE8F0814FF6FB718C4208D9CDE9F5
S21400E84000362146094B4FF6FF7028F0B2FFE2E78C
S21400E8502146064A009628F0DEFFDCE7865D0020AB
S21400E8603C0904006E560020875D0020605600209C
S21400E870430904006C560020855D0020002210B578
S21400E8800A2104461046FFF74FFA002027F0F0FF53
S21400E8900122044B1A70FFF70BFA2046BDE8104021
S21400E8A0FFF778BFAF62002038B51C461546012337
S21400E8B022462AF072F860B9214628462AF049FA1C
S21400E8C0044620B101210420034A00F0FBFD204647
S21400E8D038BD0024FBE700BF6A0904002DE9F043B9
S21400E8E00C4615461F46D0E9022352F8231002EBC9
S21400E8F0830293680E8893F80080D3688BB0B3F8D1
S21400E90000903246012106ABFFF7CEFFF0B90DF1BD
S21400E910200CF4B101232A884021CDE902C2CDE9BA
S21400E9200471CDE900932221434606AA30462AF018
S21400E9306BF80B4B0B4A00930B4B0190002C08BF57
S21400E940134601210420094A00F0BCFD0BB0BDE8C7
S21400E950F083624628686968032303C22246DBE721
S21400E960C9090400AE090400A8090400B609040099
S21400E97007B501236A4600212AF00FF868460349C6
S21400E98008F04EFB03B05DF804FB00BF75D4000032
S21400E990D0E9023253F822300149188808F012BB39
S21400E9A075D4000010B5D0E9023203EB8201496845
S21400E9B053F8223009784FF48A5218882AF014F84F
S21400E9C0BDE81040034601210420014A00F07ABD4C
S21400E9D0D3090400D0E9023253F8223002214FF462
S21400E9E08A5210B5188829F0F1FFBDE8104003469A
S21400E9F001210420014A00F065BD00BFEC090400B7
S21400EA001FB5D0E9023203EB820153F82230496881
S21400EA1018884FF48A5309880293094B094A0193D0
S21400EA20094B1B7800931278084B2AF045F8012111
S21400EA3003460420064A05B05DF804EB00F042BD2C
S21400EA4070560020875E0020865E00207A560020E2
S21400EA50030A04002DE9F043D0E9023253F82210ED
S21400EA6003EB82035A680E8817789A68DB688BB0C7
S21400EA7092F80090B3F800803246042106AB0446B4
S21400EA80FFF712FF28BB08AD01232A4605212046C2
S21400EA9029F083FF38B9042001210F4A00F012FD47
S21400EAA0284629F028F84FF48A53CDE9049300232A
S21400EAB0CDE9025303232121CDE9008306AA3B4674
S21400EAC0304629F0A1FF01210346044A042000F045
S21400EAD0F9FC0BB0BDE8F0831B0A04004A0A0400E8
S21400EAE038B5D0E9024303F18043023B02220F49C6
S21400EAF054F823009D000CF083FC60B90C4B0D49C4
S21400EB001A78042A0BD82C44A068008821F8120032
S21400EB1001321A7038BD084B08491A78F1E701210E
S21400EB20BDE838400420064A00F0CCBC3E33040062
S21400EB30875E00207A560020865E002070560020F1
S21400EB405C0A040008B5C368806803F18043023B92
S21400EB500222064950F823000CF052FC10B9044B70
S21400EB60187008BD0022034B1A70FAE73E33040003
S21400EB70875E0020865E002037B5D0E9023153F864
S21400EB8021208C0015784268521A012AC5BF1B192D
S21400EB905B686C091C78DCBF44F0180405F01F05A0
S21400EBA02946204629F04CFE034640B12346012163
S21400EBB004200E4A009500F085FC03B030BD01210C
S21400EBC0A94074B92346FE224FF6FF702AF0E7F8F4
S21400EBD0012103460420064A03B0BDE8304000F099
S21400EBE071BCFE2241EAC461EEE700BF720A04006F
S21400EBF0920A040070B5D0E9021551F8253001EBF1
S21400EC008501044618884B681A788B68052A1B8885
S21400EC1002D85E1E072E0BD9012104200C4A00F0F4
S21400EC2051FCBDE87040012104200A4A00F04ABCAD
S21400EC306468641B032CCABFC968074909682AF0C0
S21400EC40AEF8BDE8704002460449002007F0E0BC7C
S21400EC50B00A0400D00A040000F8FF07ED0A04001A
S21400EC6008B5D0E9023253F8220003EB8203596854
S21400EC70FF22038809684FF6FF702AF090F8BDE877
S21400EC80084002460149002007F0C2BC000B040001
S21400EC9008B5D0E9023253F8223005214022188800
S21400ECA029F094FEBDE8084002460249002007F01D
S21400ECB0AFBC00BF210B040008B5D0E9023203EB5D
S21400ECC08201486853F822100278402309883120D0
S21400ECD029F0CFFEBDE8084002460249002007F0B2
S21400ECE097BC00BF420B040008B5D0E9023203EB24
S21400ECF08201486853F8221002784023098833209E
S21400ED0029F0B7FEBDE8084002460249002007F099
S21400ED107FBC00BF5C0B04001FB5D0E9023253F87D
S21400ED20221003EB82039B6808881A780023D21A05
S21400ED3018BF0122CDE9023302A94023D20129F0EF
S21400ED40A7FE01210090044B0420044A00F0BAFB01
S21400ED5005B05DF804FB00BFC90904007A0B040087
S21400ED6007B5D0E9023253F8223003214022188832
S21400ED7029F02CFE01210090034B0420034A00F0EA
S21400ED80A1FB03B05DF804FBC9090400890B04006D
S21400ED9037B5C3688268053352F8233004211D78DE
S21400EDA06A460123044629F0F8FD38B904200121FB
S21400EDB0064A00F087FB684628F09DFE2B466A460A
S21400EDC000212046FFF78AFD03B030BDA30B0400E8
S21400EDD007B5D0E9023203EB8201486853F82210E7
S21400EDE0027840230988322029F043FE0121009052
S21400EDF0034B0420034A00F065FB03B05DF804FBF8
S21400EE00C9090400D40B040070B585690446EA07F6
S21400EE1005F0020605D476B1C5F3072029F08FFB6E
S21400EE2009E01EB1B2210F4830F035F9A069C0F3F1
S21400EE30810029F073FBE3691BB9BA21094830F059
S21400EE402AF9204614F0D0F9E3693EB1607E98476F
S21400EE50AB0706D0BDE8704029F065BB2046984752
S21400EE60F6E770BDE90B040008B514F0D1FD28B133
S21400EE70BDE808404721024830F00DB908BD00BF84
S21400EE80E90B04002DE9F041FF2B04460F4690469F
S21400EE901D469DF8186005D0FF2E03D0D5211148D9
S21400EEA030F0F9F80023FF2D18BFAD000E4A1CBF46
S21400EEB045F00105EDB222600C4AC4E9063818BFD9
S21400EEC0A561FF2EC4E901232361E76007D0A3698B
S21400EED043F0020323F47F4343EA0623A361BDE81D
S21400EEE0F08100BFE90B04000C3D002009EE000095
S21400EEF0002310B5054C03610460054CC261C0E9EF
S21400EF0001430123C160836110BD00BF0C3D00209A
S21400EF1009EE000070B58669044606F00303032B6D
S21400EF200D4603D1FC21144830F0B5F8FF2D16D05D
S21400EF30B20704D440F201110F4830F0ACF828466E
S21400EF4028F099FFFF28054604D14FF482710A483D
S21400EF5030F0A1F82DB204EB4514204670BDF3073F
S21400EF60FBD5A36913F00C0FF7D040F20B11024843
S21400EF7030F091F8F1E700BFE90B04000023054AE2
S21400EF80C0E9063103610260C360034A034B426076
S21400EF90836070470C3D002009EE0000B53102008A
S21400EFA001482BF0FCBD00BF0C3D002001482BF0B3
S21400EFB002BE00BF0C3D002013B50E482BF0C9FD65
S21400EFC027F0D2FC2AF077FD2AF093FD2AF09AFD6E
S21400EFD0FCF748FF0446FCF75FFF2346009001213C
S21400EFE00420054A00F06EFA02B0BDE81040FCF7B7
S21400EFF03FBF00BF0C3D00207C0C0400022808B573
S21400F00003D130F041F8014B186008BD3C3D0020AC
S21400F01008B50CF00FFF0122044B1A7030F0BDF853
S21400F020BDE8084002490348FDF7E4B8895E0020C1
S21400F030B8670020403D0020014B1870704700BFA5
S21400F040885E0020024B187808B105F019BE70479C
S21400F050466D002008B5074B1B780BB1002008BD95
S21400F060FFF7F0FF0028F9D106F0E4F9023818BFE0
S21400F0700120F4E7885E002070B5FFF7EBFF174D20
S21400F08020B1FFF78DFF0428044613D82B781BB950
S21400F09030F083F801232B7027F074FC0446D8B1B7
S21400F0A02B781BB9F7210E482FF0F5FFBDE870400E
S21400F0B0FFF776BF27F068FC0028E7D02B785BB117
S21400F0C02FF0E7FE0646002101202EF0A7F8304676
S21400F0D02FF0DAFE00232B70204670BD895E0020DC
S21400F0E09D0C04001FB5FFF7C7FF0446FDF72CFA7A
S21400F0F0A04228BF204688B103A92EF07BFC034619
S21400F10038B9CDE90000064A039906482FF0D8FF23
S21400F11018B18E2104482FF0BEFF012004B010BDA8
S21400F120836903001C3D00209D0C04000D4B70B548
S21400F1301B780D4D0D4C0121002B0CBF2B46234692
S21400F14002200B4A00F0BEF90A4B01211B78022070
S21400F150002B0CBF2B462346BDE87040064A00F045
S21400F160B1B900BF466D00205D3304007C33040057
S21400F170330D0400885E0020520D040010B5D0E95F
S21400F180023253F8223002201B780121002B15BFD3
S21400F19001240024044A054A00F094F92046BDE8FC
S21400F1A01040FFF749BF00BF710D04008E0D04002C
S21400F1B0D0E9023253F82230034A1B78003B18BFCE
S21400F1C001231370704700BF466D002038B5012537
S21400F1D0084B1D702FF05DFE0446294628462EF08B
S21400F1E01DF820462FF050FEBDE83840024903487F
S21400F1F0FDF700B88A5E0020C0670020683D00204A
S21400F20070B514F08BFC10F0070F1D4D11D02B7845
S21400F2105BB901262E702FF03CFE04463146304680
S21400F2202DF0FCFF20462FF02FFEBDE8704014F0B6
S21400F23039B929F090FD0228E9D1124C2378032B26
S21400F240E5D914F06BFC10B92378032B14D814F00E
S21400F25029F904460028DAD02B785BB100262E70F8
S21400F2602FF017FE0546314601202DF0D7FF284621
S21400F2702FF00AFE204670BD4FF0FF34ECE700BFCB
S21400F2808A5E00202E6300201FB5FFF7B9FF0446F4
S21400F290FDF75AF9A04228BF204688B103A92EF0F0
S21400F2A0A9FB034638B9CDE90000064A039906488B
S21400F2B02FF006FF18B18C2104482FF0ECFE012039
S21400F2C004B010BD4D6F0300483D0020AD0D040096
S21400F2D010B5094C0949002007F080F923681B681F
S21400F2E0587928F0FEFD23681B68587927F037FE0A
S21400F2F004F092FE002010BD684200203B0E040081
S21400F30008B529F018FD024628B1BDE808400020DF
S21400F310014907F063B908BD5E0E040008B529F080
S21400F32020FD024628B1BDE808400020044907F049
S21400F33055B95422BDE80840FF2102480BF014BD21
S21400F340760E04008456002038B504460D4629F093
S21400F3500CFD024628B1BDE838400020034907F0FE
S21400F3603DB9034B23F8145038BD00BF940E04007B
S21400F370845600202DE9F34100240C4E0C4DDFF896
S21400F38038800C4F56F8043B0BB9D8F8003035F8E7
S21400F390022B3946009200202246013407F01EF95F
S21400F3A02A2CEFD102B0BDE8F08100BFCC67002068
S21400F3B0D8560020B00E0400C867002008B52A21E1
S21400F3C0034829F0CAFCBDE80840FFF7D3BF00BFDA
S21400F3D0D856002007B5D0E9023253F822301A7802
S21400F3E0292A0DD8084B53F822300BB9074B1B6857
S21400F3F00749002031F812100091064907F0EEF890
S21400F40003B05DF804FB00BFCC670020C86700208F
S21400F410D8560020B00E040008B52A21034829F06B
S21400F4209EFCBDE80840FFF7A5BF00BFD8560020E9
S21400F43038B5D0E9023253F8221003EB82035B683A
S21400F4400C781D880020044907F0C8F82946204695
S21400F450BDE83840FFF778BFBB0E04002DE9F34146
S21400F46000240C4E0C4DDFF838800C4F56F8043B49
S21400F4700BB9D8F8003035F8022B39460092002038
S21400F4802246013407F0AAF82A2CEFD102B0BDE8D4
S21400F490F08100BFCC67002084560020B00E040028
S21400F4A0C867002010B5024627F06FFD20B9044C4F
S21400F4B0236811B11343236010BD23EA0203FAE761
S21400F4C0786800200CB413B502460C4627F05DFDA4
S21400F4D060B9094B1B681A4208D005A90498019127
S21400F4E00AF044FB14B105482AF071FA02B0BDE8F0
S21400F4F0104002B0704700BF78680020BA110400C0
S21400F500034610B5D3E9023253F8223008461C7879
S21400F510211E18BF0121FFF7C5FF014648B9084A5A
S21400F520084B0220002C08BF1346074AFFF7CAFF05
S21400F53010BD00210220054AFFF7C4FFF8E700BF10
S21400F540C0FD0300B8FD0300BC110400D211040086
S21400F5502DE9F04105461F460C46DFF82C808E1834
S21400F560B44201D1BDE8F0810021284614F8013BE1
S21400F570069AFFF7A7FF002FF2D042460021284642
S21400F580FFF7A0FFECE700BF46040400024602496E
S21400F590002007F023B800BFE311040010B5234C89
S21400F5A02348FF2127F0D2F9207802281ED003280E
S21400F5B02ED0012804D02120BDE81040FFF7E6BF7A
S21400F5C01C4B19780029F7D002231B4A23701378A6
S21400F5D0052B0EBF00230133DBB29942137003D113
S21400F5E0052313700020E7E7052BFBD0124B1B7892
S21400F5F0052B02D103232370DDE7104A104932F8A9
S21400F600230007F0DFFC032323700028D4D110BDAD
S21400F610094B0C4A1878094B03EB8001897833F8BC
S21400F620200007F09FFC0123EEE700BF8B5E002062
S21400F630703D0020945E0020486D00202C5700206E
S21400F64025F80000D1F700002DE9F04F0D461446CE
S21400F65095B00490112200210FA89946DFF86C811E
S21400F6600BF082FB04EB45030393D9F800301C2B08
S21400F67002D0039B9C4202D115B0BDE8F08F012357
S21400F680DFF844A18DF81C3023884C4AADF81E30B4
S21400F6909AF800304A4D08EB83039B7828788DF85B
S21400F6A0203013688DF81D00CDF821305368CDF852
S21400F6B0253028F03AFF049B8DF829002188287809
S21400F6C0002B4AD128F0FEFB002844D09AF80030E0
S21400F6D00FAA38F8230007A927F073FC00283AD0B1
S21400F6E028F01DFA4FF0000B074606461C255FFA69
S21400F6F08BF2974234D8B7422BD99DF81C30032B97
S21400F7001AD10FAB0193BDF82130002204210093DB
S21400F71001202C4B06F0E8FD9AF8003008EB830336
S21400F7209978274B187806F05BFE9AF80030002090
S21400F73038F8231028F04CFE5DB107A9304629F0B2
S21400F7404AFA214B05461B78304638F8231029F034
S21400F75044FAC9F80050023487E728F0AAFBB3E75A
S21400F76010460BA9059229F032FA30B99DF82C10F4
S21400F77031B9059AB74208BF16460BF1010BB6E73A
S21400F780BDF82E00BDF81E209042F6D19DF8300040
S21400F7909DF820209042F0D19DF81C208A42ECD1A2
S21400F7A0032A14BF082202220DF121010DF13100B7
S21400F7B00BF026FE002808BF0025DEE78C5E002042
S21400F7C0476D002060140400486D00202C57002070
S21400F7D013B503460020114A9C6812780190052A4A
S21400F7E003D01B78032B00D12CB9012002B0BDE852
S21400F7F01040FFF7CBBE6268217801ABFFF724FF0D
S21400F800217A0120E26801ABFFF71EFFFF210448C2
S21400F81002B0BDE8104027F091B800BF486D002048
S21400F820703D0020094B1B78052B02D00378032B74
S21400F83002D00120FFF7AABE8168054A0B6805487A
S21400F84013604B68FF21536027F078B8486D00209E
S21400F8508C5E0020703D002038B50024114B124D00
S21400F8601870124BFF211C702C7006F0B9FD012297
S21400F870032110460E4B06F037FD4FF6FF71224669
S21400F880084628F0A8FD044648B940F6B832FF21DD
S21400F890084827F04AF801232B70204638BDFFF7AA
S21400F8A075FEFAE7476D00208B5E0020945E002010
S21400F8B0E6450400703D0020144BF0B51A68144964
S21400F8C013680978587988420BD11249D7880846B8
S21400F8D00022114D1E792B78D4B2A34203D8052CF2
S21400F8E00AD10020F0BD0C88BC4202D18C78B4420C
S21400F8F0F7D001320431EFE7A342F2D120F82270AC
S21400F900013300EB820086702B70EAE76842002025
S21400F910476D00202C570020945E0020FF2307B57B
S21400F9200021044A04480093FFF7ACFA03B05DF8E0
S21400F93004FB00BF9DF50000703D00201FB5B423FA
S21400F94003210446ADF80E3028F0B3FA98B121230F
S21400F95020460093002203210DF10E0328F058FCE8
S21400F96004460020054B064A0649009406F036FE7B
S21400F970204604B010BD8624F3E700BF0D12040035
S21400F9801A1204002F120400D0E9023253F8223073
S21400F990034A1B78012113700220024AFFF792BD2A
S21400F9A0636D00203E1204000122014B1A7070475E
S21400F9B0636D00200A4B90F805111B7890F808211B
S21400F9C019448A42BCBFB2FBF3F103FB11234FF08C
S21400F9D0FF32B8BFDBB202FA03F380F80A31704791
S21400F9E0636D00202DE9FF410446057F867EDFF823
S21400F9F070806E43237F98F8002013449D4212DBEC
S21400FA00607F60B9238B029363690193237C009324
S21400FA106288A31D217805F0EFFDFF2323700020E8
S21400FA2004B0BDE8F081E37EAB42E9D9A77E228B25
S21400FA30F1199142A4BF921BD7B205EB0323E381D1
S21400FA403A4633462946204627F0D5FA0028E7D11D
S21400FA50637F3744013301356377BEB2EDB2C9E741
S21400FA60636D002037B5054629F0EBF80D4B0446CC
S21400FA701B6869461B78032B82BF0B4B1B881B1821
S21400FA80284688BF9CB229F064F938B9684629F040
S21400FA90DAF818B9044B1B8823449CB2204603B0FE
S21400FAA030BD00BFA4410020EE6C0020084B1B7840
S21400FAB0FF2B0BD1074B1B78FF2B07D1064B1B7870
S21400FAC0022B03D04FF4807028F0C5BC704700BFEF
S21400FAD07C680020C03E0020903D002010B5044603
S21400FAE0FF2126F033FF054B9C4202BF0023A4F5FE
S21400FAF088742370BDE81040FFF7D8BFA03E0020F2
S21400FB002DE9F0479A462A4B81461B7888461646CA
S21400FB10BDF82050002B49D0FF2D3ED93825284669
S21400FB20BDE8F087234B0C223146A01D636184F8A4
S21400FB300090A4F802800BF069F9A289414642F4CD
S21400FB40004242F040022046A28127F066FA2A468A
S21400FB50514660690BF05AF941464846A21D258376
S21400FB6028F0B0FDA0760028D8D00544013DB5FBAE
S21400FB70F0F0FF28D2DC0023E0762046A383FFF7D0
S21400FB8031FF054680B923794FF48070B37228F0B0
S21400FB9025FC227C099B1A80C1E7074C2778FF2F9B
S21400FBA0C0D040F60345BAE72770F2E70225B6E76D
S21400FBB0636D0020965E0020C03E0020B0F906303F
S21400FBC010B5002B25DA144C2278237CFF2A02D0AD
S21400FBD0827A9A4207D0114C2378FF2B17D0827A6C
S21400FBE0237C9A4213D169B9637F013BDBB263770A
S21400FBF05BB90B4A237F1278204613442377FFF71E
S21400FC00F1FE0146204627F017FAFFF74FFF0120C6
S21400FC1010BD0020FCE700BFC03E00207C6800202E
S21400FC20636D00202DE9F04F9A46B1F9063091B089
S21400FC30002B0D461746DDF86880049080F2298177
S21400FC40B8F80030FF2B04D94FF4B871A6482FF04F
S21400FC5022FAA64B00241A7893F80401B3F802118E
S21400FC60002A40F0A5802E7AA14A1278B24240F2CD
S21400FC70AF800222A3F802711A70AA7AFF2483F8D2
S21400FC8004210022A3F8084183F80521A3F80621E1
S21400FC90B8F80020954883F80C21FFF78BFE38460D
S21400FCA0FFF7E0FE214600EB4002924826F03DFEBC
S21400FCB04FF4807028F092FB8C4C94F80A91B9F1BE
S21400FCC0FF0F20D18A4A94F8053112781344B342C4
S21400FCD019DC94F80C1184F80531B4F80631204686
S21400FCE001FB0233A4F80631FFF764FE0122824BC3
S21400FCF038461A70FFF7B6FE494600EB400204F598
S21400FD00887026F012FE94F80531B34260D8DFF80A
S21400FD10E0B19BF800C00CEB0302964258DA764935
S21400FD2094F808210878013A002853D0964205DA5C
S21400FD30B8F8002084F80C2100220A70B6FBFCF903
S21400FD4001220CFB196994F80A015FFA89F902FA94
S21400FD5009F2D1B2024076B92889000A844584F8AF
S21400FD60080108D92046CDE906210593FFF722FEB3
S21400FD70DDE90621059B94F80A01014384F80A117F
S21400FD8082B994F80921B4F806C1013284F8092131
S21400FD90B8F80020DAF800100CEB0200FF2826DD89
S21400FDA00323237094F80831013B9E4230D138E09B
S21400FDB0AE7A864202D18F4200D11C462E7A002CA3
S21400FDC07FF47BAF002A3FF44FAF012A3FF44CAFDD
S21400FDD001205FE09642B1DA94F80C1198F8002002
S21400FDE09142ABD004F58870FFF778FEF0E794F800
S21400FDF00CE1F31A0EFB03C3A01C10FA83F0059265
S21400FE000BF004F894F80831059A013B9E4244D062
S21400FE10012394F80A2103FA09F3013B1343FF2B4D
S21400FE2004D122462946384627F0F8F894F80831D7
S21400FE3094F809219A42CBD19BF80030B2FBF3F13B
S21400FE4003FB112212F0FF0218BF13462278022A83
S21400FE5026D1264A023410785178012804BF013191
S21400FE605170012224F8022CEA88B4F8041122F01A
S21400FE704002EA8094F809210A44591E94F80A318F
S21400FE8013FB01F31344A8F80030CAF80040FFF74C
S21400FE900DFE002011B0BDE8F08F84F80B21C0E7FE
S21400FEA06979002994D0032A92D1B4F8062194F8EF
S21400FEB00B1108AE11445A1E94F80C31284613FB59
S21400FEC002F30B4400219BB2A21CA8F80030CAF82B
S21400FED00020CDE900710296049907F05FFD8921A4
S21400FEE0304628F0ECFB7DE765120400903D0020CC
S21400FEF0636D0020A03E0020955E002013B50446EA
S21400FF0018B101280BD002B010BDFF2301460093A4
S21400FF10064A0748FEF7B6FF064B1C70F3E7FFF7E6
S21400FF2043FDFF22044B1A70EDE700BFDDFA000028
S21400FF30A03E0020903D0020C03E002013B501A941
S21400FF4009F0D2FE044648B9BDF806309DF80420F4
S21400FF50034906F043FB204602B010BD8120FBE7B4
S21400FF60FC12040013B5694609F0CAFE044688B9B7
S21400FF70BDF802309DF80020074906F049FB2046F0
S21400FF80019906F09DFA2046044906F027FB204614
S21400FF9002B010BD8120FBE72013040046130400C6
S21400FFA037B5694609F0D0FE044618BB9DF8013007
S21400FFB09DF80020104906F02BFB104D9DF80120FF
S21400FFC0E3B29A4206D800200D4906F007FB00204F
S21400FFD003B030BD0198630003F4FF7302220021D2
S21400FFE0184428F085FA29460246002006F010FB41
S21400FFF00134E3E78120EBE748130400771304009D
S214010000E645040013B501A909F074FE044648B993
S214010010BDF806309DF80420034906F0DFFA2046B5
S21401002002B010BD8120FBE78113040030B5002427
S2140100300B4D85B06946E0B228F0C9FD50B99DF870
S2140100400030032B06D12946BDF805309DF8012066
S21401005006F0C4FA0134202CECD105B030BD00BF47
S214010060A813040008B50020034906F0B7FABDE856
S2140100700840FF2000F0DEBABA1304002DE9F04F65
S21401008085B006460D46174627F016F8044640B1D9
S21401009030463A46294626F0F9FF002005B0BDE86D
S2140100A0F08F4FF003094FEA15285FFA84FA694684
S2140100B0504628F08CFDB8B99DF800B0BBF1000F92
S2140100C012D1694650468DF800908DF805508DF88E
S2140100D006808DF8016028F07EFD02460028D7D004
S2140100E05846064906F07AFA0134202CDDD1002064
S2140100F0034906F073FA8920D0E700BFCF13040046
S214010100F61304001FB5002304468DF80F3026F0C1
S214010110BEFF28B19DF80F3063F07F038DF80F30D6
S214010120182301930DF10F030022009304214023AD
S214010130204628F05CF8024618B10020024906F075
S2140101404DFA04B010BD00BF111404001FB502A97A
S21401015009F0E8FD044688BBBDF80820184906F0FA
S21401016057FA2046039906F0ABF92046154906F0E2
S21401017035FA4FF6F672BDF80810134C4B1E9BB2BB
S214010180934219D82368039A1B685879FFF776FFBC
S21401019023681B79012B0BD8BDF808300022CDE966
S2140101A000030421094B092006F09EF828F081FA85
S2140101B06FF0FF0004B010BD8720E9E78120F9E762
S2140101C0301404004613040068420020471404005B
S2140101D070B504468AB005AD1122002128460AF002
S2140101E0C3FD204604A909F091FD044600283AD132
S2140101F01E4EBDF810201E4906F0F0F9326813793C
S214010200012B28D84FF6F670BDF810104B1E9BB286
S214010210834224D81368587926F04EFF08B3336812
S2140102202A461B68BDF81010587926F02EFFBDF837
S214010230103001220421CDE9004309200D4B02951F
S21401024006F052F828F035FA034620B100200A4A93
S2140102500A4906F0C3F96FF0FF000AB070BD8724A3
S214010260E5E78B24E3E78120F7E700BF684200203B
S2140102704A1404005F140400631404006E1404009E
S2140102802DE9F0479AB004A909F058FD0446002864
S21401029040F0B5809DF810205B4906F0B9F9254677
S2140102A05A4E9DF81020EBB29A4254D80020584975
S2140102B006F094F99DF81050002D40F099802C46D8
S2140102C02E46544F06A9F0B228F081FCC8B99DF815
S2140102D01830032B15D13B689DF819201B685B79F4
S2140102E09A420ED19DF81D2005F168036B4403F870
S2140102F0402C9DF81E200235013403F83F2CEDB248
S214010300E4B20136202EDDD19DF810300BB1002C61
S21401031077D00AABCDE90143FF23022204210093E3
S21401032009203D4B039505F0DFFF28F0C2F903468F
S21401033060B19DF81020002A5FD0384A3849002C59
S21401034008BF0A460020374906F048F96FF0FF005B
S2140103501AB0BDE8F08705986B0003F4FF7302221C
S2140103600021184428F0C4F831460246002006F061
S2140103704FF9013595E70598730003F4FF730222E0
S2140103800021184428F0B4F8002780465FFA80FA66
S21401039006A9F8B228F01BFC00BB9DF81830032B09
S2140103A01CD1D9F800309DF819201B685B799A4258
S2140103B014D19DF81D30534510D19DF81E30C8F359
S2140103C007229A420AD105F168036B4402350134CB
S2140103D003F840AC03F83F2CEDB2E4B20137202F0E
S2140103E0D6D101369DF81020F3B29A42C3D88BE7D6
S2140103F00025DFF820902E46F4E7084AA2E7812080
S214010400A6E78B20A4E700BFC814040077130400F6
S214010410E645040068420020E7140400991404002D
S214010420B7140400EB1404002DE9F04389B002A9C7
S21401043009F072FC0446002867D1BDF8082034494B
S21401044006F0CCF84FF6F672BDF80850DFF8D490F7
S2140104506B1E9BB2934254D8D9F8003029461B68CC
S2140104605F79384626F028FE00284CD026465FFAEB
S21401047086F8404603A928F0AAFB28B9294638463B
S21401048003AA26F006FE20B90136202EEFD14FF042
S214010490FF08404628F099FB014658BB112203A8E5
S2140104A00AF062FC2946384603AA26F0EFFDD9F881
S2140104B000301A79012A18D81B68BDF80810587937
S2140104C027F0D7FFBDF8083003220421CDE9004309
S2140104D00920104B05F008FF28F0EBF8034620B181
S2140104E000200D4A0D4906F079F86FF0FF0009B0BB
S2140104F0BDE8F08302460A49002006F06FF80124A1
S214010500D5E78724D3E78B24D1E78120EFE700BF27
S2140105100D150400471404004B1504006E14040066
S21401052024150400684200202DE9F043DFF894808A
S2140105300020D8F8003021491B688BB05E79002571
S21401054006F04CF801275FFA85F9484601A928F01C
S2140105503EFB044690B99DF80430032B0ED19DF85E
S2140105600530B3420AD1484628F02FFB0146A0B118
S21401057002461349204606F031F827460135202D5C
S214010580E1D1D8F8003000211B68587927F071FFB7
S21401059087F001000BB0BDE8F083112205A80AF030
S2140105A0E3FBBDF809403046214605AA26F06EFD5C
S2140105B02146304627F05DFFE0E700BF58150400EE
S2140105C0241504006842002037B5694609F0B0FBDF
S2140105D0044638BBBDF80020134906F019F8134D40
S2140105E02046019905F06CFF2046114905F0F6FFFB
S2140105F02B681B68587928F04BF870B14FF6F672E5
S214010600BDF800104B1E9BB2934209D82B68019A85
S2140106101B685879FFF732FD0446204603B030BD0B
S2140106208724FAE78120F9E76C1504006842002068
S214010630461304007FB505460024E6B269463046F7
S21401064028F0C5FAA8B99DF80030032B11D19DF802
S2140106500130AB4204D0FF2D0BD19DF80D3043B9CC
S214010660304628F0B2FA024618B10020034905F0D8
S214010670B5FF0134202CE0D104B070BD2415040070
S214010680034B1B681878012808BF0220704700BF7B
S214010690A4410020D0E9023253F822301A78024BE6
S2140106A01A7000F0E7BA00BF955F002070B5D0E978
S2140106B002456B1EDBB254F8230003221B490AF0E5
S2140106C09FFE54F8253004EB8504197863681A7880
S2140106D0A2F10B030F2B05D915490020BDE8704088
S2140106E005F07CBF01290FD1124C9140236840B917
S2140106F00B43114A23600020BDE870400F4905F006
S2140107006DBF23EA0103F4E702290CD101230C494A
S21401071003FA02F20B6818B913430A4A0B60EAE7B8
S21401072023EA0203F9E70A460749D6E790150400CB
S21401073094150400A0680020AA150400B215040050
S2140107409C680020C5150400CF15040007B5D0E944
S214010750023103EB810253F821300B491B785268B2
S214010760012B0A4B08BF0B4612684FF000001A60B7
S2140107700092074A074B084918BF1346074A05F077
S2140107802DFF03B05DF804FBA06800209C680020E4
S214010790EA150400E2150400F4150400209704008D
S2140107A038B5254A254B264C0020264905F016FF6C
S2140107B00020254905F012FF22682449002005F093
S2140107C027FF2068224C234D05F0E2FE214600203B
S2140107D005F004FF2A682049002005F019FF286863
S2140107E005F0D6FE2146002005F0F8FE1B4B1C49FD
S2140107F01A781C4B002053F8223005F0EFFE00F06B
S2140108000DF919490246002005F0E8FE174B0020B5
S2140108101A78174905F0E2FE164B17491A78002098
S21401082005F0DCFE04F020FABDE838400246134924
S214010830002005F0D3BE00BF209704000E1604006A
S214010840A0680020151604001D1604002B160400CF
S214010850CFFE03009C6800203C160400C35F002006
S2140108604D160400A468002060160400A85F00204E
S21401087074160400A75F002086160400981604006C
S21401088007B500F071F8054B0090054A00200549B0
S21401089005F0A4FE03B05DF804FB00BFAE1604002D
S2140108A0209704002F120400F8B504460B4F0C4E97
S2140108B00C4D00200C4A0D4905F090FE20463B7871
S2140108C029783278F5F73AFC00233B7033702B70A9
S2140108D0FF21BDE8F840064826F038B8C35F00207F
S2140108E0A75F0020A85F002020970400B31604002D
S2140108F0E03E002037B51248FF2126F027F8114BBD
S214010900187810F0100505D0002003B0BDE830407F
S21401091003F01CBF0121B42004F020FB04460A4B5F
S2140109200A4A0B490090284605F058FE2046FFF774
S214010930BBFF4FF4806003B0BDE8304027F08BBDAD
S214010940E03E0020C35F0020CA1604002097040082
S2140109502F1204000021024A0248FEF7C9BA00BF5E
S214010960F5080100E03E002008B5054B1B7823B1D1
S2140109701720FFF799FF002008BD0220FCE700BF03
S214010980C35F002010B550B1054B00F1100250F8BE
S214010990044B904243F8044BF9D1024B197010BD39
S2140109A0A95F0020B95F002037B5174D04462B78A4
S2140109B0DB0626D50090154B0020154A154905F093
S2140109C00DFE1E2C0BD0652C09D0032C19D000204F
S2140109D028F07DF940F61C40FFF766FF0DE028F091
S2140109E09EF94FF4FA63B0FBF3F202FB1300C21850
S2140109F0FF21094892B225F098FF2B7823F01003C7
S214010A002B7003B030BD00BFC35F0020E3160400A7
S214010A10209704002F120400E03E0020014B1879B5
S214010A20704700BF4057002070B54C4E8EB03378EB
S214010A3003F0FB02A3F10905022AEDB258D0042BFC
S214010A4041F6041257D0A3F108014B424B415B001B
S214010A5013434348ADF80C3026F05EFB48B9414BD2
S214010A603F4A03F1100153F8040B8B4242F8040B82
S214010A70F9D13D4B1B78002B3FD03C4B0DF10E02BC
S214010A8003F1100153F8040B8B4242F8040BF9D121
S214010A9003A828F03CF92328044610D1012D49D893
S214010AA00020334A334905F099FDBDF80C3003A800
S214010AB023F40053ADF80C3028F029F90446002C35
S214010AC041D14FF40C7028F020F9044600283AD1A1
S214010AD003F0FAFE012D36D8274A01AB106851689B
S214010AE003C3264901A828F076F978B319242AE029
S214010AF043F60412A7E70223AAE73378042B0DD0A6
S214010B00082B0BD01E4B0DF10E0203F1100153F80A
S214010B10040B8B4242F8040BF9D1B9E7104A0DF1E8
S214010B200E0302F1100152F8040B8A4243F8040B3B
S214010B30F9D1ADE7337803F0FB03022B03D1002094
S214010B40104905F04BFD20460EB070BD044901A8C2
S214010B5028F041F904460028C8D1F4E7C35F002015
S214010B60975F0020B0170400B95F0020A95F00203E
S214010B702097040007170400C1170400109704000B
S214010B80CA1704006217040070B5002686B0044632
S214010B90252028F0A2F81622002116480AF0E4F8CB
S214010BA0154B1E60154B1878FFF76AFD022814BF17
S214010BB00123042303208DF8083028F0DCF80423F1
S214010BC08DF810300E4B02A80593039403F030FD08
S214010BD005460C4B0C4A19680C4B3046A14208BF1F
S214010BE0134600940A4A0B4905F0F8FC284606B05D
S214010BF070BD00BF40570020003F0020C35F0020AB
S214010C00E90E0100A0680020E2150400EA150400C0
S214010C1020970400DB17040008B5134A1378042B49
S214010C2009BF124B01331B78C3F10603DBB2137005
S214010C3003F0FD02092A04D11720FFF735FE17201D
S214010C4008BD0A4A1278002A14BF052206229A42D3
S214010C5007D1074B18680028EED0FFF795FF4D2007
S214010C60EEE70020ECE700BFC35F0020B95F00207D
S214010C709C68002073B51E4C1E4E236832681343D1
S214010C8034D01D4B1B6853B31C4D2B783BBB03F074
S214010C90EBFFF8B94FF4806027F0A0FB184B2468EF
S214010CA01B7894B1C3F102032B7003F047FD204675
S214010CB0FFF76AFF04460020124B134A13490094BB
S214010CC005F08CFC204602B070BDC3F10603346803
S214010CD02B70EAE70121B42004F040F9EAE700208E
S214010CE0094A0B4905F07AFC0224E4E70224E9E705
S214010CF0A06800209C680020A4410020C35F00205B
S214010D00B95F002023180400209704002F12040066
S214010D10091804002DE9F347384D394E00202A7989
S214010D202B88384905F05AFC3268287922FA00F0F7
S214010D3010F0010002D1344905F050FC334F3C78E5
S214010D403CB10822324933480AF05AFB041E18BF48
S214010D500124DFF8DC80DFF8A490DFF8B4A014E00B
S214010D6098F8000049460130C0B288F8000027F024
S214010D70A6FF002835D13C783CB1082251462548CB
S214010D800AF03EFB041E18BF01242A793368D340BB
S214010D90DB07E5D5002CE3D100922B881E4A1F49BC
S214010DA0204605F01BFC1E4B1878FFF769FC012353
S214010DB00322124927F089FF1A4A054613780133A0
S214010DC0137010B902B0BDE8F08720462B46124AD0
S214010DD0154905F003FC284602B0BDE8F047FFF7C9
S214010DE063BD0020114905F0F9FBFFF715FF002848
S214010DF0E8D102B0BDE8F04700F01CB8405700202B
S214010E00003F0020291804005A180400C25F002081
S214010E10BA5F00204E5700202097040029190400CD
S214010E20C35F0020A75F0020CA180400F31804005F
S214010E30965F00202DE9F041214C224D23780020B9
S214010E4055F82330204A214905F0C8FBFFF7ECFD91
S214010E5003461D4E1E4FDFF874802BB92378042BF2
S214010E6015D8B3B91B4B15E032463946002005F0BC
S214010E70B5FBFFF7D1FE00BB2378324655F8233089
S214010E80414605F0ABFBFFF7CFFD0346E5E7092B2F
S214010E90E8D1114B00201B68104A11491360114B11
S214010EA0187027F00CFF20B1BDE8F0410120FFF7D4
S214010EB0FBBCBDE8F041FFF72DBFBDE8F08100BFE8
S214010EC0C35F0020A468002020970400491904008D
S214010ED0561904009C680020A0680020003F0020EE
S214010EE040570020965F002070B51C4C23789BB3BA
S214010EF0838913F4407F2FD0056835B12A46BDE8B3
S214010F0070400020164905F069BB27F0D6FE154E45
S214010F1003463070144A2846144905F05FFB3378BF
S214010F201BB1BDE87040FFF785BF2378082B0CD8AE
S214010F30042B0CD80E4B1B78C3F1060323700D4B04
S214010F40BDE870401868FFF71FBE0A2BF2D1BDE856
S214010F5070401820FFF7A8BC70BD00BFC35F00201B
S214010F6081190400A85F002020970400AE19040030
S214010F70B95F00209C68002030B5464D0346044604
S214010F80454A0020454987B005F028FB2B782BBB46
S214010F9001A827F022FF022301A88DF8043027F0CC
S214010FA00AFFB0B93E4901A827F007FF88B1152C02
S214010FB00FD127F0B4FE47F23153B0FBF3F202FB38
S214010FC0130000F51C50103080B203F0BFFB07B0D1
S214010FD030BD162CFBD103F0F3FBF8E7152C2AD114
S214010FE000202D4A2F4905F0F9FA2B78042B11D051
S214010FF0082B0FD02C4B1B78DA070BD401A827F04F
S21401100080FE18B9BDF804309B0703D42B7843F053
S21401101010032B7027F083FE4FF4FA63B0FBF3F254
S214011020FF2102FB1300C218204892B207B0BDE8A8
S214011030304025F07ABC27F0A4FE04460028C6D12D
S2140110402B78013B092B1ED8134A194905F0C6FA1D
S214011050184A194913780133D8B2107027F02FFEB9
S21401106060B12046154905F0B9FAFFF7D5FD00280D
S214011070ADD107B0BDE83040FFF7DCBE07B0BDE834
S2140110803040FFF747BE40F61C4007B0BDE8304091
S214011090FFF70ABCC35F002020970400D2190400A2
S2140110A010970400E9190400955F0020E03E002037
S2140110B0FC190400965F002040570020F318040036
S2140110C02DE9F0410B4686B004460E4617463A49CE
S2140110D00246002005F082FA4FF000080123CDE910
S2140110E001380DF11603009342464023062120469F
S2140110F027F0B2F8054640B102463049404605F0B1
S2140111006DFA284606B0BDE8F0819DF816202AB98A
S21401111036B900202A4905F061FAF2E7012EF8D027
S21401112082F00103002027498DF8173005F056FAA2
S2140111309DF817300DF1170633B310230022CDE9C1
S214011140006306214023204627F051F8064630B1B9
S214011150324600201C4905F041FA3546D1E74FB921
S2140111600821204626F0A5FE20B120469DF817103E
S21401117027F080F90521204626F09BFE0028C0D0E6
S214011180204627F074F9BCE74FB90821204626F01F
S21401119090FE20B120469DF8171027F06BF910231A
S2140111A00022CDE9006306214023204627F01FF8E0
S2140111B006460028DED0CBE72B1C0400471C0400A3
S2140111C0601C0400801C0400A01C0400002208B55A
S2140111D0034B11461B681B685879FFF771FF08BD62
S2140111E06842002008B5044B00221B6801211B68D9
S2140111F05879FFF765FF08BD6842002008B5044B23
S21401120000221B6802211B685879FFF759FF08BDA9
S2140112106842002010B50123002488B001A88DF88B
S2140112200430CDE90244F5F7B7FF20469DF80420C7
S214011230124905F0D3F92046039A114905F0CEF973
S2140112402046029A0F4905F0C9F910220E4B0DEB04
S2140112500201188840F0604040F48010FBF718FC4B
S21401126020460A4905F0D4F904A827F083F9204658
S214011270074905F0B3F908B010BD00BFB91C04005A
S214011280D81C0400F71C0400F0960400161D040088
S214011290E645040008B525F070FF0020024905F078
S2140112A09DF9012008BD00BF331D04000023054A37
S2140112B08360C360044BC0E9002311B14FF6FF738E
S2140112C00B807047491043B20230021110B5044634
S2140112D060B10020064905F081F9052C06D002F020
S2140112E0CBF904490246002005F078F9012010BD2B
S2140112F0471D0400581D040037B500216A4601AB9E
S214011300054625F0FBFF044668B100220F4910464A
S21401131005F064F902F0B0F90D490246002005F027
S2140113205DF903B030BD0B4905F058F9012024F0F2
S214011330FEFE01F099FF431C02D008F025F8F0E705
S21401134021462846FFF7A6FFEBE700BF811D0400F4
S214011350581D0400C91D040038B5054601F084FF78
S214011360044627F04FF84DB100200E4905F036F936
S214011370631C14BF2046002007F0C8FF25F00BFFB2
S2140113800228044605D0012805D10020064905F0AB
S21401139025F9204638BD0020044905F01FF9002430
S2140113A0F7E700BFE61D0400001E0400191E040036
S2140113B008B50020034A044905F010F9BDE80840C5
S2140113C000F050BDC32D0400321E040008B50020F5
S2140113D0034A044905F002F9BDE8084001F0CAB91C
S2140113E0511E0400321E04001FB5D0E9023253F824
S2140113F0223068461C78214601F0D0FB684601F091
S21401140073FC28B92246044905F0E8F804B010BD7B
S2140114106846FFF771FFF9E7571E040000200149EF
S21401142005F0DCB8731E04007FB50DF1060102A8B5
S214011430FFF73CFF0020264905F0D0F80020BDF854
S2140114400820244905F0CAF80020BDF80A202249E0
S21401145005F0C4F8039A0020204905F0BFF80020E3
S2140114601F4905F0D5F84FF6FF73BDF806209A42DE
S21401147029D000201B4905F0B1F800201A4A1B4963
S21401148005F0ACF800201A4A1A4905F0A7F8002220
S2140114901949104605F0A2F80020154A174905F02B
S2140114A09DF80A220020164905F098F80A22002025
S2140114B0144905F093F80A220020134905F08EF826
S2140114C007B05DF804FB0020104905F087F8D4E763
S2140114D0821E04009A1E0400B31E0400CC1E0400E3
S2140114E0E51E0400F01C0400E0930400FB1E04004B
S2140114F0C02709001A1F0400391F0400581F0400E2
S214011500771F0400961F0400B41F0400F81E040091
S21401151008B50020034905F061F8BDE80840012040
S21401152001F0FAB9D21F040008B50020034905F0FE
S21401153055F8BDE80840002001F0EEB9EB1F0400A5
S21401154030B5104B104D1B5C85B08DF80F302B78E5
S2140115500446834206D00D4B0D4953F82020002047
S21401156005F03CF830232C700A4801930DF10F0367
S2140115700093062280231921007826F038FE05B054
S21401158030BD00BF37970400CB5F002044970400AE
S214011590032004004A6D00201FB523230390019306
S2140115A0064803AB0093012280231921007826F018
S2140115B01EFE039805B05DF804FB00BF4A6D0020CF
S2140115C073B5164D04462B78154ECBB125F004FEA7
S2140115D0012815D0346040F6B244124B1B78072B15
S2140115E017D02D78C5B925F0F7FD031E18BF0123C6
S2140115F00D48009522461921007826F07CF903E073
S21401160000233360002CE8D1201E18BF012002B051
S21401161070BD02250123EBE70025FBE7C85F00202C
S214011620043F0020CB5F00204A6D002008B5044827
S214011630FFF7C6FFBDE808400220FFF781BF00BFE5
S214011640C027090010B5064C208826F014FF6088D4
S21401165026F011FF6068BDE8104026F01BBF00BFF2
S214011660083F00207FB523238DF813300DF11303B7
S214011670029304230648019305AB009301228023BD
S2140116801921007826F0E8FD059807B05DF804FBFF
S2140116904A6D00202DE9F047DFF84C91044699F891
S2140116A0000090460F4626F0E6FB0B2899F800202E
S2140116B005D9BDE8F04700203F4904F08FBF00265A
S2140116C03E4B3F4D1E803F4BDFF820A103EB00133E
S2140116D05B8801202B802A7104F0A8FE05F050FFDC
S2140116E004F0A4FE204604F0A1FE0123042C8AF88F
S2140116F000300BD8022C45D89C4216D02346BDE8B4
S214011700F0470020304A314904F068BF062CF5D175
S21401171030462F4904F062FF384604F087FEFFF793
S21401172091FF97B18AF800600FE04FF6FF76294FD8
S2140117303888801B18BF012004F078FEFFF782FF6F
S2140117403888B04201D026F096FE19236B8099F8AE
S214011750003000202B71204B1B786B71EB8843F017
S2140117604003EB801D4B198826F032FE034620B15C
S214011770224600201A4904F031FF4046BDE8F047F2
S214011780FFF71EBF304604F051FEFFF75BFFFFF781
S21401179069FF26F07FFE134B1B78002B0CBF3F2002
S2140117A0202004F043FE042CCFD14FF4806026F0B5
S2140117B062FE3220C7E700BF1620040064570020EF
S2140117C068570020D84000200A1004006220040058
S2140117D04520040058570020496D0020E86C002081
S2140117E07B200400C75F00204A6D0020C85F0020F0
S2140117F038B5044605200D46FFF7A2FE184B1A8899
S2140118004FF6FD739A4207D10020164904F0E6FE12
S214011810BDE83840FFF70ABF65B1134A13780133B4
S214011820DBB2092B137014D90A2200200F4904F0E9
S214011830D5FEEDE7012C0ED10B4B1D700C490D4862
S214011840FFF734FDBDE83840002101200A4AFFF7C2
S21401185021BF012CF2D0BDE838400748FFF7B0BEE3
S214011860E86C0020B5200400CA5F0020E0200400D8
S21401187058570020083F0020E093040008B50649A9
S214011880002004F0ABFE0548FFF736FDBDE8084032
S21401189000210846FFF7ACBF24210400083F0020C2
S2140118A0814237B50346154608D2002000910F4AFB
S2140118B00F4904F093FE002003B030BD0C1A2246F7
S2140118C000200C4904F08AFE40F6BB532246002055
S2140118D0094904F083FE4FF47A735C43074B0120F9
S2140118E09C4294BF2C602B60E6E700BF0A10040000
S2140118F035210400722104008D21040080EE36009B
S21401190010B504460820FFF71BFE0D4B3CB91C70B2
S2140119100021BDE8104006200A4AFFF7BBBE1B782F
S214011920092BF5D90A220020074904F057FE0020AA
S214011930064904F053FEBDE81040FFF79FBF00BF05
S214011940CA5F0020C0270900B9210400FA2104005B
S21401195073B51F4D2C7834B100201E4902B0BDE886
S214011960704004F03BBE0220FFF7EAFDFF221A4E4C
S2140119701A4B30781A7026F07EFA0B2807D92046C3
S2140119803278174902B0BDE8704004F027BE154B07
S2140119901549009301EB0011012319224FF6FD7042
S2140119A0498805F091FA70B12046104904F016FEF8
S2140119B000220F4B0F481C700F4B1A7002B0BDE887
S2140119C07040FFF7FDBD01240C492C70EEE700BF07
S2140119D0C95F00200B2204004A6D0020496D0020DB
S2140119E016200400E11C0100D84000204C2204000F
S2140119F0C85F0020C0270900CA5F002072220400C9
S214011A0038B5144D04462B78052B21D91249FFF71A
S214011A105DFC24B918B9114904F0E0FD0424104B0B
S214011A20195D21B9BDE838400846FFF769BF032CA8
S214011A3006D02B78052B03D006200A4AFFF72AFE8C
S214011A400021094B08461970BDE83840FFF7D0BEA3
S214011A5038BD00BFCB5F0020083F00209422040061
S214011A602D970400C0270900C85F002030B5044642
S214011A7089B00720FFF764FD052C0AD100222A4B06
S214011A8003A91A7002A804AA01F0FEFD30B10220D3
S214011A9045E09CB90122244B1A700224224D287875
S214011AA078B1421E504221495041FFF755FC0223AE
S214011AB004462B70022C0ED10A200FE0022CE6D130
S214011AC0EBE7631F5A424FF0050018495A4125F0CB
S214011AD08AFB0446EEE7032C04D10020FFF770FDD5
S214011AE009B030BD062C06D10020114904F076FD60
S214011AF001232B70E0E70F4A0F4B2878002C18BF04
S214011B0013460E490E4A0094002808BF0A460020D4
S214011B100C4904F063FD201E18BF0120400009B0E7
S214011B20BDE83040FFF76CBFC65F0020083F0020CD
S214011B30CF220400C8220400C1220400B0220400FF
S214011B40BA2204000A23040013B51F4C0620FFF72F
S214011B50F7FC2278092A09D900201C4904F03EFD29
S214011B60042002B0BDE81040FFF74ABF184B1B78AF
S214011B702BB3002024F0FFFA25F02EFB68B9FFF7FF
S214011B8071FD144B196825F01EFB02460420002146
S214011B9002B0BDE81040FFF77DBD01A825F01AFB95
S214011BA0FF2809D14FF4FA6023780133237002B07D
S214011BB0BDE81040FFF704BD0198FFF7EDFC4FF4B8
S214011BC0FA620320E3E700BFCA5F00202523040072
S214011BD0C75F0020183F0020F023F0B589B0CDE99B
S214011BE0000334488023002219210078324E334FF7
S214011BF026F0FDFA0020324904F0F0FC3246394660
S214011C0003A801F041FD032804462E4D1CD10626EB
S214011C10039A2D49002004F0E1FC0398FFF7BCFC71
S214011C200020396800F0ACFE2E7001F09FF900220A
S214011C300446264B30461A70FFF782FC84BB09B077
S214011C40BDE8F040FFF780BF28BB7268204904F06A
S214011C50C5FC214604A8FFF729FB059B7268934241
S214011C600BD020461B4904F0B9FC072305202B7036
S214011C7009B0BDE8F040FFF7F9BE1A4620461649FE
S214011C8004F0ACFC0523002101202B7009B0BDE84F
S214011C90F040FFF7ADBD0020104904F09FFCF1E7CE
S214011CA0042C05D0042009B0BDE8F040FFF7A8BE1B
S214011CB009B0F0BD4A6D0020083F0020183F002003
S214011CC05D230400CB5F00208E230400CA5F002042
S214011CD0C9230400022404005624040092240400AC
S214011CE0F7B50446876800202378364D012B287007
S214011CF004D0354B3549187004F070FC26785EBB6D
S214011D00334B1B78FF2B04D103B0BDE8F040FFF73F
S214011D108DBC304B1B78032B11D82F4C0320FFF7BB
S214011D200FFC6946208827F014F8002843D02B4979
S214011D30208805F047F920B12E70FFF777FC03B035
S214011D40F0BD0124204B26491C7004F047FC0320FB
S214011D50FFF7F6FB2C70F2E7012E25D13B78002B1E
S214011D60EDD01B4D2B78FF2BE9D1A68802F0A4FFFE
S214011D70864206D100201B4903B0BDE8F04004F0BE
S214011D802DBC194BA2881B783BB132B117490020F4
S214011D9003B0BDE8F04004F021BC7B6814491B7811
S214011DA02B700D4B1A80F2E7032E08D108226846E5
S214011DB0A16809F02BF86846FFF70EFFBFE700237E
S214011DC02B70A1E7C85F0020C95F0020AD24040086
S214011DD0496D0020CB5F0020E86C0020E11C01006B
S214011DE072220400CD240400C55F0020F324040001
S214011DF01E2504007FB5094B1A78FF2A0AD11870F0
S214011E0001F088FB0022064B0DF1060102A81A809C
S214011E10FFF74CFA07B05DF804FB00BF4A6D0020DF
S214011E2056570020152838B517D10C4B1D78A5B983
S214011E3026F075FFC4B2012C38BF01240120FFF73C
S214011E407FFB28462246064904F0C8FB4FF47A7009
S214011E506043BDE83840FFF7B3BB38BDCB5F002019
S214011E603B250400034B1B78022B01D8FFF770BDFE
S214011E70704700BFCB5F002070B5284C25F0A7F94E
S214011E802578274EBDB10020264904F0A7FB264A37
S214011E90137801331370002323703378062B0AD18D
S214011EA0BDE87040214B1868B0F5FA6F38BF4FF4A3
S214011EB0FA60FFF785BB3378013B082B2CD8DFE8A7
S214011EC003F005090D2B13191D222700BDE87040EC
S214011ED0FFF7C8BFBDE87040FFF73ABD0023237087
S214011EE0BDE87040FFF7A2BB2946BDE8704001205F
S214011EF0FFF77EBCBDE87040FFF726BE0220BDE8B6
S214011F007040FFF7B3BD0120BDE87040FFF7F8BC95
S214011F10BDE87040FFF7B2BC70BD00BFC85F0020CF
S214011F20CB5F00206A250400CA5F0020043F002022
S214011F3010B90520FFF764BD034B1B78062B01D1B2
S214011F40FFF79ABF704700BFCB5F00202DE9F0472F
S214011F508E68054633189A780C46092A8EB008D939
S214011F600020A34904F03AFB852420460EB0BDE8C4
S214011F70F08750B98B899F49895C8B4205D20091C5
S214011F809D4904F02BFB8024EFE79C4BE7881B88D8
S214011F909F4236D09A490978012932D932B13A4658
S214011FA00020984904F01AFB7E24DEE7964B1A704F
S214011FB0934B26791B78052B03D0012B3AD8FFF7D4
S214011FC051FF5EB93146204626F079FB03460028CC
S214011FD051D030468D4A8E4904F000FBD4F8088073
S214011FE0A48998F8037098F80450002E4CD1304616
S214011FF0884A894904F0F2FA00210120FFF7F8FB2C
S2140120004FE00021804B1970072A00F28A8301A352
S21401201053F822F0B11F01005F2101005F2101008A
S21401202071230100712301007123010007260100BD
S21401203007260100022B17D102F03EFE8742B3D0DD
S2140120400020764A764904F0C9FAFFF781FC46BBC0
S2140120503146204626F033FB034610B36B4A6C49E3
S214012060002004F0BBFA1CE06E4A00206E4904F022
S214012070B5FA012479E7A3681B78DA06AED43246AE
S2140120806A4904F0ABFAA9E700210AA8FFF70EF99E
S214012090032F08D95F4B664A66490097002004F073
S2140120A09DFA002461E76B1E632B04D9594B604AE5
S2140120B061490095F2E7614BE4B2DB5D9C4209D0D1
S2140120C0CDE901430020534B594A5D49009704F07E
S2140120D085FAE6E757B3A4B222460521404626F024
S2140120E007FABDF82830834203D04A4B554A564971
S2140120F0B6E7012F1AD022460721404626F0F8F906
S214012100BDF82A30834203D0424B4E4A4F49A7E7D7
S214012110032F0BD122460921404626F0E6F90B9BF8
S214012120984203D13B4B474A494999E7642D3FF40E
S21401213063AF26F0F4FD6423C0B2B0FBF3F203FBF9
S21401214012030133DBB29D42BFF456AFCDE9005313
S2140121500020304B3B4A3F4904F040FAA1E7284BA8
S2140121601B78052B01D03C4A7FE7EB1CDBB2277BB3
S214012170F45C44B123460020374A384904F02EFA6D
S21401218000210C460BE00F2F0DD8102320463449B2
S2140121900093314A3B4604F021FA802401210020B5
S2140121A0FFF726FBE1E60435EDB220462A4A2D4923
S2140121B004F014FA7A1B7119D2B206A825F01AF89F
S2140121C005443A46E9B2304626F08FF9264D069A7E
S2140121D02B68264F9A42386001D100284AD12449FB
S2140121E000201D4A04F0FAF985240121D7E700BF33
S2140121F087250400709704009F250400E86C0020E2
S214012200CB5F0020CE250400C85F002044260400D2
S2140122104C260400D4260400E926040012260400F5
S2140122201F26040074260400812604009E2604004E
S214012230FE26040006270400202704003397040026
S2140122403E270400932B040078270400A2270400ED
S214012250CA270400F1270400252804003F280400AB
S2140122606E28040085280400083F0020183F00203F
S214012270AE28040000F08EFF3E68B0420AD200F09D
S21401228089FF9D4903463246204604F0A7F9892472
S214012290012184E7079A6B689A4205D12046974A3E
S2140122A0974904F09BF96BE79649097859B19A4228
S2140122B009D22046944904F091F996210620934AC2
S2140122C0FFF7E8F95CE7924A924905A801F0DCF9C4
S2140122D0079E48B96A68964206D88F4904F07EF987
S2140122E00520FFF7C3FB40E6324600208B4904F089
S2140122F075F939680027002000F042FB00206E6067
S214012300FFF74AF9864B06201F80FFF719F9854B20
S2140123101F7001F0B1F90646F8B94FF6FF73824A0D
S2140123200AA81188994214BF13463B466A88298831
S21401233001F012F90AA800F0D7FC58B10AA801F07A
S214012340DDF938B13046794904F048F90420FFF741
S21401235057FB0AE6FFF7F8FB07E6042805D1744B9E
S2140123601921187825F0DEFAFFE538467149EBE7C2
S214012370714B1B78062B01D0704A76E6DFF8A0A1D8
S214012380EB1C94F80C90BAF80080DBB22EB93046FC
S2140123906B4904F023F98724E7E5F75C2C1D972F9A
S2140123A0E4B22FD025D8812F71D0952F67D017BBD7
S2140123B0B9F1100F7FF6E7AD31194A460AA824F0A5
S2140123C019FF0444E4B221464A46304626F08DF809
S2140123D0231DDBB2053416F803A0E4B2A9EB04030F
S2140123E05345054666DA009338465346534A5549DF
S2140123F0C7E5982F43D03B460020504A524904F087
S214012400EDF8C8E7B9F10A0F7FF6BDAD1FFA89F7F7
S21401241021463A46304626F068F805F1080104469A
S2140124203A46C9B2304626F060F80AAA0146204666
S214012430FFF736FA08B9454B0A93B9F10C0F12D9D2
S21401244005F10C013A46C9B23046DDF8288026F07F
S2140124504FF8044602463E49002004F0BFF8AAF8A9
S214012460004044440A940A9C3A492246002004F05B
S214012470B5F82046FFF7A4F824F0B4FE11E6364975
S214012480002004F0ABF80320FFF7BAFA09E6334C54
S21401249023786BB124F099FE50B10020304904F046
S2140124A09DF80023237024F09DFEFFF74DFBF8E511
S2140124B02C49E5E7DFF8A49099F8003043B9FFF717
S2140124C0D1F88542034607D01C4A27490095E5E521
S2140124D024F082FE0128F2D110220D480AA908F044
S2140124E08FFF10B9BAF13F0F42D9144A1F49002095
S2140124F004F074F84FE700BFCD2804002528040037
S21401250005290400C45F00203A290400C0270900F9
S214012510083F0020183F0020C92304007B2904003F
S21401252056570020CA5F0020585700209D290400F6
S2140125304A6D0020BC290400CB5F0020E22904007C
S214012540F7290400242B0400062B0400E093040062
S214012550322A04005D2A04007C2A0400C75F00209A
S214012560982A0400D72A0400602B04009C2B040040
S2140125706D4B187099F800304BB124F026FE30B13F
S214012580284624F025FE042807463FF48AAD514626
S2140125902846321924F05FFF28B10020634904F071
S2140125A01DF8042070E799F80030554463B124F013
S2140125B00CFE48B1FF2FF4D0012F3FF472AD032F6C
S2140125C016D124F00DFE05462846FEF7E5FF044623
S2140125D002460521564824F034FE564B1B689C42A1
S2140125E00AD3204624F032FF0520FFF73FFA58E5CC
S2140125F024F0F4FD8046E7E74046FEF7E1FF0028B9
S2140126007FF44FAD51E74C4B1B7803F0FD03082BCD
S21401261001D04A4A29E5A48935B1F27822B10020D1
S214012620474903F0DBFF2EE7E4B22246F11C0AA875
S21401263024F0E0FD434BBDF8282019880546914259
S2140126400DD04FF6FF718A4209D03C4A00203E4B1E
S2140126503E4903F0DDFFBDF828203D4947E7BDF8B8
S2140126602A20598891420CD04FF6FF718A4208D031
S214012670324A0020374B354903F0CAFFBDF82A20FD
S214012680EBE70B9A5B689A420AD0013208D02B4AD4
S2140126902E490020304B03F0BBFF0B9A2F4926E74B
S2140126A0A4B2E91C2246C9B2304625F01EFFE91D38
S2140126B0C9B207462246304625F017FF431C01469D
S2140126C006D10820FEF73CFF2548FEF779FFE8E42F
S2140126D0384606AAFFF7E4F8A8B9214B0693214B22
S2140126E000221978204B187824F060FD069C2046BD
S2140126F0FEF766FF224600201C4903F06FFF092003
S214012700FEF71EFFCDE440F6B733069A9A42E6D8A6
S21401271040F6B8320020164903F060FF40F6B833A1
S214012720DCE7812421E400BFCA5F0020CF2B040030
S214012730F22B0400183F0020CB5F0020FB2B040087
S214012740102C0400083F002092270400372C0400B8
S214012750F01C0400BC270400522C04004F34040073
S21401276080EE3600496D00204A6D00208A2C040058
S2140127705F2C040008B50420FFF742F90020FEF79D
S214012780DFFE0023054A19211370054A1370054B15
S2140127901878BDE8084025F0C5B800BFC85F00201E
S2140127A0C95F00204A6D002010B5164B164C1A78EA
S2140127B0164B002053F82220154903F00FFF21780D
S2140127C0144B154A0020002918BF1A46134903F076
S2140127D005FF23782BB1124B00201A68114903F02C
S2140127E0FDFEFEF73FFF0446FEF73CFF0E4B196861
S2140127F024F01AFD2246BDE8104003460B4900208E
S21401280003F0ECBECB5F0020C85F002044970400B5
S214012810A62C04007C3304005D330400B32C0400B2
S214012820043F0020CD2C0400183F0020E62C0400B5
S21401283038B5014604460020FFF788FB054698B1E7
S214012840E37C00200A4A0B4903F0C8FE2379042BD7
S2140128500AD02946204625F032FF034620B1002043
S214012860054A064903F0BAFE6FF0FF0038BD00BF07
S2140128700A1004000E2D0400442604004C26040011
S21401288010B51346094A127882420DD163B1084A3F
S214012890002014680A46074903F0A0FE2146BDE859
S2140128A010400120FFF752BB10BD00BF4A6D00204B
S2140128B068420020302D040010B50D4B1C782CB159
S2140128C0BDE8104000200B4903F088BE6420FEF7E7
S2140128D063FE4FF6F0716FF00F02074B0320C3E95A
S2140128E0001222462146BDE81040FEF7D3BE00BFC7
S2140128F0CB5F0020692D0400083F0020014B1870B3
S214012900704700BFC75F002000210620014AFEF77E
S214012910C1BE00BFC0270900014B1870704700BF39
S214012920C45F0020114B2DE9F04107460D4618689B
S2140129300F49101A096824F077FCDFF840800D4E25
S21401294098F800400346FF2C307004D0A8420AD302
S2140129502C44A04207DB3A460020074903F03EFE1E
S214012960337888F800303078BDE8F081203F0020C9
S2140129701C3F0020CC5F0020972E04004B6D0020EA
S21401298050EA010208D0FF22054B091A1A70054BBE
S2140129901860054B1960704711461046FFF7C2BF15
S2140129A04B6D0020203F00201C3F00202DE9F04FFA
S2140129B0AFB006AD284600F0FDFD0026624FDFF8F9
S2140129C0D091284600F090F9044648B900F0BEFDC3
S2140129D05E490246204603F001FE2FB0BDE8F08FA7
S2140129E039460020F2B203F0F9FD284616A900F098
S2140129F0FFFD044620B15649002003F0EFFD8FE0AD
S214012A00BDF85820534903F0E9FD49462046BDF874
S214012A105A2003F0E3FD2046BDF85C204E4903F042
S214012A20DDFD2046BDF85E204C4903F0D7FD20466B
S214012A30BDF860204A4903F0D1FD2046199A49495C
S214012A4003F0CCFD2046BDF86820474903F0C6FDDB
S214012A50204646490DF16A0203F0C0FD444920466E
S214012A60239A03F0BBFDBDF85C30D90705D5204697
S214012A709DF890203F4903F0B1FDBDF85C309A0700
S214012A8014D500203C4903F0C3FDBDF85830B3F51A
S214012A90807F4FD1002025F072FD18B10DF1910015
S214012AA003F01EFD0020354903F098FDBDF85C30AB
S214012AB05B070BD50020BDF8B220314903F08EFD2F
S214012AC00020BDF8B4202F4903F088FD06222846D1
S214012AD00DF116030AA924F0D6FB044690BBBDF8F7
S214012AE01620294903F07AFDDFF8A8A0DFF8A8B080
S214012AF00DF12808BDF81610A2B2914210D9B8F807
S214012B0000205146002003F069FD0134D8F8042066
S214012B105946002003F062FD062C08F10808E9D1A9
S214012B206C46204600F05AFD94E80F00013685E811
S214012B300F0046E70123202200200DF1910103F04A
S214012B40B1FCAFE7114957E7A92E0400763004001F
S214012B50B22E0400D62E04000A2F0400232F0400F0
S214012B603C2F0400552F04006E2F0400872F04000D
S214012B709C2F0400B82F0400D12F0400E645040062
S214012B80E42F0400FD2F0400163004004930040031
S214012B90EF2E040027300400373004002DE9F04101
S214012BA088B004AD044628468846002700F002FD9A
S214012BB06E46474507D195E80F0084E80F0020468A
S214012BC008B0BDE8F081304600F008FD96E80F0039
S214012BD085E80F00284600F087F801370028E8D17D
S214012BE0014B0FCBE9E700BFE89904001FB5D0E918
S214012BF0023253F8223068461978FFF7CFFF68464D
S214012C0000F07CFD48B1042809D1074A0020074995
S214012C1003F0E4FC05B05DF804FB054AF6E7002086
S214012C20044903F0DBFCF5E7123A04009130040096
S214012C30C83304009D29040010B5D0E9023203EB25
S214012C408201496853F8223098B00C6804A81978B4
S214012C50FFF7A4FF03AB40220093214608AB04A86C
S214012C6000F0E2FC024628B100200E4903F0B6FC53
S214012C7018B010BD039808A900F007040122C0F39C
S214012C80C70003F055FC039908A8091B0144064830
S214012C9001232246008803F005FC044803F03EFCAD
S214012CA0E6E700BFA130040074570020E6450400A3
S214012CB0F0B504460D460B4BEF880FCB84E80F00AA
S214012CC0AB882E899B0741BFD5F83900D5F83D1052
S214012CD004F1080303C3EA68204627806680626021
S214012CE0F0BD00BF7C970400102208B5034908F028
S214012CF087FB003818BF012008BD00BFE899040013
S214012D0008B526F093FCC288FF219208012A38BF35
S214012D100122024823F009FE012008BD303F0020B1
S214012D2038B5134690B10120274A1070274A002073
S214012D301160274A13600A46264903F04FFC02F049
S214012D409DFB254B1870022002F09EFB26F089FCA5
S214012D50E8B91D4D1D4C2B782BB926F067FC22686F
S214012D60C368134423601A4B24681B689C4229D20B
S214012D7026F05CFCC168204606F0AAF8002402464C
S214012D802C7050B926F06DFCFFF7BAFF03E0FFF791
S214012D90B7FF0028DDD0012038BD20460F4903F0DB
S214012DA01DFC0D4B187802F06FFB00200C4903F058
S214012DB015FC00F091F908B900F0AEF92046FFF7CE
S214012DC0B7F8E8E70124ECE7CE5F0020283F0020B3
S214012DD0243F0020C8300400CD5F0020F4300400FA
S214012DE01431040038B500F04BFA044600F042FAFC
S214012DF0241A26F01BFC054618B9B1211B482CF0F5
S214012E004AF9AB8803F00303032B03D0B22117481A
S214012E102CF041F900F02EFA054624F0A7FA01231A
S214012E208340013B2B4203D0B42110482CF033F9E8
S214012E3024F09CFA01238340013B234203D0B521B1
S214012E400A482CF028F905F019FE054624F08EFAFA
S214012E504FF48063B3FBF5F3C440A34205D2BDE84B
S214012E603840BA2101482CF016B938BD2A31040081
S214012E70FF2108B5044823F069FDBDE8084000229B
S214012E8011461046FFF74CBF303F0020F7B5044609
S214012E900E4600F089F8054626F0C8FBC3682B44A9
S214012EA09C4220D324F062FA2C44C440013C114FCA
S214012EB03B68DEB1A34219D101340023ADF80430DA
S214012EC000F0E4F9054605F0D9FD103504FB005481
S214012ED005F0D4FD01A90246204605F021FE24F0A6
S214012EE055FA386004E04FF0FF34E0E7A342E4DB34
S214012EF003B0F0BDD06800204FF0FF320A4B10B58A
S214012F001A600022094B1A7000F0B4F9044600F06A
S214012F10B7F9214602460120FFF702FF00280CBF41
S214012F200120042010BD00BFD0680020CF5F002024
S214012F3038B500F0D1F808B9002038BD094D0A4C63
S214012F402B7823B924F022FA012320602B70246801
S214012F5024F00CFA01348440EED000F025F8204429
S214012F60EBE700BFCF5F0020D068002070B50D4CA6
S214012F702368002B01DA012070BD00F07BF90546BD
S214012F8026F054FB2468C66824F0F0F9013404FAEC
S214012F9000F1294401208A19FFF7C2FE0028EAD071
S214012FA00420E9E7D0680020024B18680C3024F0B2
S214012FB01DBA00BFD4680020FF2307B50021044ACC
S214012FC004480093FBF75EFF03B05DF804FB00BF07
S214012FD0712E0100303F00200E4B70B51C6805466F
S214012FE0036804F582641C440E46FFF7DDFF2B6878
S214012FF0834208D232681A44824208D9C31A012091
S21401300033602C6070BD044A126813441C1A0020F9
S214013010F7E700BFD46800202C3F00202DE9F04FD1
S214013020B3F5803F87B00F469846019003D3002042
S21401303007B0BDE8F08F03A904A8CDE90332FFF776
S214013040CBFF0024824600F10109DFF888B05FFA61
S21401305089F9019BDDE90356AAB27BB13046109986
S21401306026F0EBFA0028E2D1B9F1020F2BD1DBF8FA
S21401307000300493019B03BB2F4421E039463046C0
S21401308005F04EFD0028D2D1BAF1000FECD0002C8D
S214013090EDD105F0F3FC2E44B6FBF0F303FB106014
S2140130A00028E4D005F0EAFC05A90246304605945E
S2140130B005F036FD0028DAD0B9E7109B2B441093B3
S2140130C0A8EB05050395631C4B454FF00104C0D3DF
S2140130D02046ADE72C3F00207FB56B460C4A1068B2
S2140130E0516803C390680C2218600A4B0DEB02016D
S2140130F0186826F0A2FA0C2268460DEB020108F0C9
S2140131007FF9B0FA80F0400907B05DF804FB00BF14
S2140131108C970400D46800201FB5084A01AB1068DC
S214013120516803C3906801A91860054B0C22186802
S21401313005F0F6FC05B05DF804FB00BF8C970400B3
S214013140D4680020F7B5044615460E4681B9072A0D
S21401315003D80024204603B0F0BD0D4B80791968D2
S214013160E379063000EB03200C3180B224F048F9F5
S214013170002721462B46324638460097FFF74EFF7A
S21401318004460028E5D039467019FFF77FFEE1E7CF
S214013190D4680020024B1868A0F50060704700BF95
S2140131A0E068002010B58AB0684606F09DF810F079
S2140131B0FF0027D1009BFBB1174C01A9206006F048
S2140131C00BF810F0FF001DD12268009B9A4204D331
S2140131D04FF4DD7111482BF05EFF019B104A114937
S2140131E01360029A13440B600F49A3F500630A604B
S2140131F00E4A1360009B63B940F2CF1107482BF0CB
S2140132004AFF06E0044A034612680020084903F014
S214013210E5F90AB010BD00BFD8680020DD31040012
S2140132202C3F0020DC680020E0680020D4680020E5
S2140132308532040008B5FFF7B5FF26F0F7F950B15F
S21401324026F0F4F9064B02691B689A4203D2B321B1
S21401325004482BF020FFFFF7C5FD012008BD00BF85
S214013260E0680020DD310400014B1868704700BF9C
S214013270D8680020014B1868704700BF2C3F00201B
S214013280014B1868704700BFDC680020014B1868C6
S214013290704700BFD468002010B5FFF749FE04460A
S2140132A02849002003F09AF90020274903F096F9EF
S2140132B00020264903F092F90020254903F08EF9F3
S2140132C0244B00201A68244903F088F92246234932
S2140132D0002003F083F9FFF767FE2149024600202C
S2140132E003F07CF91F4B00201A681F4903F076F99A
S2140132F01E4B1F4C1A6800201E4903F06FF9226806
S21401330000201D4903F06AF94FF4806200201B4932
S21401331003F064F9226800201949103203F05EF9BF
S2140133202268002017490C3203F058F92268002061
S214013330154902F5826203F051F9BDE8104005F027
S214013340D1BA00BF043304004133040060330400E3
S21401335080330400D8680020AB330400CA3304006D
S214013360ED3304002C3F002010340400DC680020FC
S214013370D468002033340400563404007934040041
S2140133809C340400BF340400E23404002DE9F0410B
S21401339094B004460D460020482102AA24F041F8C4
S2140133A018B9534903F01AF919E0602200212046A2
S2140133B007F0DAFC04224F4902A808F021F890B180
S2140133C06DB19DF80B30002001939DF80A309DF8F1
S2140133D00820009348499DF8093003F0FFF80120C2
S2140133E014B0BDE8F081BDF80C20B2F5807F2280D4
S2140133F003D0424903F0F2F8F1E7BDF81420BDF816
S2140134000E102281DDF816206180E2600499BDF875
S2140134101A206160228284F8320007AD04F112029C
S2140134200FAE2B4603CBB342106051601D4602F12E
S2140134300802F6D10F9B324A63631360314B1022A8
S2140134401846002107F090FCE288A38802802289B2
S2140134504280E26842600BB90020C1E7002635468B
S214013460A388D90709D536B105F150026A4412F886
S214013470482C84F838200135EDB29A0714D52088F7
S21401348023F0E5FE07466EB102AB03EB05080246E4
S214013490414604F1390007F0F7FD3A4641461A481D
S2140134A007F0F2FD2F44FDB2A3885B070DD556B198
S2140134B005F150036B4433F8482C33F8463CA4F826
S2140134C05A20A4F85C300435EDB2002EC4D1482D44
S2140134D002D930460D4965E72946382002AA23F06D
S2140134E0A0FF08B90A495DE738250126B8E700BFFD
S2140134F00535040098970400373504006D3504003F
S214013500503F0020543F00205C3F002088350400D7
S214013510D835040030B50B4C99B025786DB9FFF756
S21401352089FE68B129466846FFF730FFB0FA80F099
S214013530054B4009187001232370002019B030BDD7
S2140135400120FBE7D05F0020D15F0020014B1878F7
S214013550704700BFD15F002070B51E46134B04466E
S21401356018881D46884298B002D15B88934206D0DF
S2140135700F4B0FCB84E80F00204618B070BD96B1F4
S21401358000216846FFF702FF0028F1D1BDF804309C
S2140135905B0708D53388BDF85A209A42E8D8BDF8AB
S2140135A05C209A42E4D395E80F00E3E7543F0020FD
S2140135B0E8990400064B10B51B7804462BB9054B59
S2140135C00FCB84E80F00204610BD034BF8E700BF81
S2140135D0D15F0020E8990400543F002010B504464E
S2140135E0024B0FCB84E80F00204610BDE89904007B
S2140135F00B4B10B51B78044608467BB10021FFF73C
S214013600C5FE48B910222146064807F0F9FE0038E3
S21401361018BF0120C0B210BD0120FBE70120FAE768
S214013620D15F0020543F00202DE9F0410E46904620
S2140136300E4910221F4607F0E3FE044670B90C4BF4
S2140136403A461D683046AD1B454528BF45462946C6
S21401365023F0E7FE28B9074902F0C0FF0120BDE8C4
S214013660F081069B20461D60F9E700BF543F00200D
S214013670503F0020D83504000022024B1A70FFF795
S2140136803BBC00BFD15F00202DE9F0419CB00F4646
S21401369016468046FFF74CFC0546024615490020B3
S2140136A002F09CFF382D20D9012104A8FFF76EFEF9
S2140136B00446D0B9119B04A93B606F463846FFF714
S2140136C0F7FA97E80F0086E80F00119BAB4297BF09
S2140136D001210324084AC8F8003094BF1170C8F8C5
S2140136E0005020461CB0BDE8F0810022024B0124A8
S2140136F01A70F6E70A360400D15F002070B5084D4F
S21401370000262B7853B1FFF7F7FB04461022002161
S21401371004482E7007F028FB204670BD3446F5E7B6
S214013720D15F0020543F002008B50020064902F072
S21401373055FF064B00201A78054902F04FFFBDE8F9
S2140137400840FFF7A9BD00BF29360400D15F00205D
S2140137505336040003460120024AC3E9032000222F
S2140137601A7070470100FEFF2DE9F0410024264E35
S214013770264FDFF8A88088B000F0D4F9A5B28542BC
S21401378002D308B0BDE8F081284603A923F07FFEE6
S214013790A2B23146002002F03BFF9DF80D2012B385
S2140137A09DF81210BDF81030402914BF6E21792102
S2140137B00020CDE900313946BDF80E3002F028FF71
S2140137C0BDF814201AB10020114902F021FF9DF81E
S2140137D00C00BDF8182070B9079B0E490093BDF880
S2140137E01A3002F015FF00200B4902F0F7FE0134F3
S2140137F02BF05EFCC0E7BDF81C304146009300206C
S2140138009DF81A30EDE700BF6C36040072360400EE
S214013810953604009F360400E6450400C6360400CB
S21401382010B500F0ABFABDE810400346024A00208E
S214013830024902F0D3BE00BF414204005F0104000A
S214013840D0E9023253F8223010B5188800F086FA13
S214013850BDE810400346024A0020024902F0BEBEFF
S214013860EE3604005F01040010B5D0E902320024F0
S21401387086B08DF8044053F8221003EB82030978D2
S21401388001A88DF805105A681288ADF806209A68C6
S2140138901288ADF80820DA681278ADF80C40A2421A
S2140138A014BF402280228DF80A201A691288ADF8CA
S2140138B010205A699B691288ADF812201B6805937F
S2140138C000F0D0FB034A03460349204602F086FE79
S2140138D006B010BD901504005F01040038B5002441
S2140138E0064D2BF0D1FB45F824000634C02CF8D148
S2140138F00020BDE83840024902F070BE801000206A
S214013900F536040030B5002087B0204902F066FE87
S21401391000201F4902F062FE00201E4902F05EFEF2
S2140139202BF0B2FB00240546A0B201A9013423F016
S214013930AEFD202CF8D12BF0A7FB1749421B002027
S21401394002F04CFE1549002002F048FE2BF09CFBCD
S2140139500446012000F09EF82BF096FB0E49021B50
S214013960002002F03BFE0E49002002F037FE2BF04D
S2140139708BFB044623F07CFD2BF086FB021B00200C
S214013980054907B0BDE8304002F028BE21370400E3
S21401399050370400803704009D370400AC3704001C
S2140139A0C637040010B50C4603F07CFD08B9032C9D
S2140139B012D101F059F904280ED001F055F9052865
S2140139C00AD0064802F0BAFC1C2801D124F0FDFCFE
S2140139D0BDE8104002F0C2BC10BD00BF7B740300FE
S2140139E02DE9F04F00274FF0FF36DFF8A4B0264C44
S2140139F087B0BBF80030B8B2834209D8731C3BD0FD
S214013A003246FF21214807B0BDE8F04F22F08DBFB6
S214013A1001A923F03CFD9DF8050001F05BFFF8B11C
S214013A209DF80480B8F1000F1AD1BDF810A0BDF8BA
S214013A3012902BF029FB18210246BBB24B43E0182B
S214013A40E158007C4FF47A73A2EB010C50B103FBF2
S214013A500AF363450ED30B44981A864228BF0646DE
S214013A600137C6E74D466B43FAD06345F5D3194493
S214013A70881AF2E74046F0E7FF21044807B0BDE8A0
S214013A80F04F22F063BF00BF80100020643F00208B
S214013A905A5700202DE9F041014688B058B1022856
S214013AA010D023F00EFD78B3D221194808B0BDE836
S214013AB0F0412BF0F0BAFF23164A17480093FBF7A4
S214013AC0E1F9EEE700244FF001082746134EA5B2B0
S214013AD0284603A98DF80D7023F0D9FC9DF80D003A
S214013AE068B101F0F7FE20B19DF80C300BB986F8ED
S214013AF010800134202C06F11806E8D12546084B23
S214013B001D80FFF76DFFCCE708B0BDE8F08100BF70
S214013B10E6370400493E0100643F00208010002083
S214013B205A570020014B1888704700BF5A5700208B
S214013B302DE9F04F634A077D89B0044662490020AB
S214013B4002F066FD002024F01AFD20B12368218AC8
S214013B50588803F0F5FC00205C4902F03FFD637DC8
S214013B60DFF87491002B236808BF08205988574B4B
S214013B7018BF00200093228A4FF0090314BF4FF0AC
S214013B8080084FF0400802F089FBA289BB1C9342D3
S214013B900CDB24F08EFD034620B100204C4A4D4933
S214013BA002F01CFD012009B0BDE8F08FA068791C69
S214013BB089B2C55D24F09CFC0337012D0646BFB2D1
S214013BC013D82368324659885879238A0093434686
S214013BD024F0D6F8824600283ED1862002F026FC44
S214013BE0284602F023FC304668E08520F6E703A964
S214013BF023F04DFC9DF80C30AB4223D123689DF891
S214013C000D105A7991421DD1BDF80E105A88914275
S214013C1018D1BDF81020B24214D19DF812204245A9
S214013C2010D1BDF81410228A91420BD1002D38D044
S214013C30BDF81810E288914204D19DF81A201B792C
S214013C409A422ED00BF1010BB9F800305FFA8BF0D7
S214013C508342CCD88B20C1E74FF0000BF4E79AF8EB
S214013C60020002F0E3FBBDF8180024F004FCBDF8E6
S214013C701A0024F000FC9AF8020003F081FE0028E6
S214013C8083D19AF8020001F0F7FC0546079E002D45
S214013C903FF47BAFF0B2013D02F0C8FB360AEDB24D
S214013CA0F5E7002002F0C2FB284602F0BFFB3046D3
S214013CB024F0E1FB012DD2D1BDF81C0024F0DBFB82
S214013CC063E700BF753804004D2C0400E645040088
S214013CD0823804009F3804005A5700202DE9F0432B
S214013CE091B06946804623F0D2FB0023194F8DF828
S214013CF001303888431E98B28045388009D169461C
S214013D00404623F0CCFB684623F0B0FB11B0BDE87B
S214013D10F0834FF0180905A923F0B9FB0E4C3E8835
S214013D200AAD09FB06460FCE0FC596E8030009FB50
S214013D30084485E803000AAE404605A923F0AFFB18
S214013D400FCE0FC495E8030084E80300694638885F
S214013D50D7E700BF5A5700208010002008B5064B51
S214013D601B88834205D9FFF7B9FFFFF739FE00200C
S214013D7008BD2720FCE700BF5A57002038B5074D7D
S214013D802C882CB9FF21064822F0E0FD204638BDDC
S214013D90601E80B2FFF7A2FFF2E700BF5A5700206D
S214013DA0643F00202DE9F3479A4618239DF8289092
S214013DB0244FCDE9001203FB09731446D3E902230D
S214013DC024F056FD064620460D4603F0D9FD04F0C4
S214013DD0FD03382B80460FD1009432462B46002136
S214013DE0DAF8100023F07EFBB8F1010F1BD1354342
S214013DF01ED102B0BDE8F087392CDAF810300BD1AD
S214013E0007EE906A07EE103AF4EEC77AF1EE10FA72
S214013E10ACBF01200020E7E79E4275F100032CBFEE
S214013E2001200020E0E7B8F1000FE2D10028E0D041
S214013E30182303FB097701233B7402B0BDE8F04762
S214013E40FFF7CEBD801000202DE9F04F00252E464D
S214013E50A846AA462C46DFF8BC91D1B0694BA8B259
S214013E601B88834209D81CB161882079FFF79AFD27
S214013E70FFF7B6FD51B0BDE8F08F0BA923F007FBA5
S214013E802BF002F91823AFB27B4309EB030B59F869
S214013E90033005909DF82D00049301F01BFD0028CA
S214013EA000F0AE809DF82C10002940F0A980DDE9D5
S214013EB00432D01A4FF47A72BDF838305343834235
S214013EC000F29E809BF8103043B9BDF83A30002BC3
S214013ED000F096805343834200F29280FD23002235
S214013EE0CDE9013210AB00930DF119020DF11A0361
S214013EF0E9B20BA8F0F7ECF9002877D1BDF81A3033
S214013F00DA1C0493D2B214B33F4B9DF82D101B88D4
S214013F1013442279914214D1BDF82E106288914241
S214013F200FD19DF83220B8EBD21F0AD1BDF834204C
S214013F30524506D1B3424DDD0020344902F04EFB16
S214013F4001E0B342F8DC61882079FFF72BFD02F02F
S214013F5041FA04469DF932002D4BC043C00F009331
S214013F60BDF834200A23BDF82E10C0009DF832801B
S214013F7002F094F99DF82D304FF0000B23714FF4A9
S214013F808A53FF26BDF834A04FEAD818E38007A964
S214013F905FFA8BF024F01BFEC0B2B0B99DF81D107D
S214013FA09DF82D20914210D1BDF81E10BDF82E208F
S214013FB091420AD122469DF829109DF81C0024F052
S214013FC081FBB04228BF3046C6B20BF1010BBBF1F4
S214013FD0200FDCD1BDF8300024F04DFA9DF8190011
S214013FE002F024FA049910A802F034FA18230022E9
S214013FF05F4309EB07031A742BF046F849F80700EC
S21401400001352BE75A570020645700205E3904001B
S214014010E64504008010002070B500240126104DEE
S2140140208AB02B88A0B2834204D80AB0BDE870409B
S214014030FFF7D6BC05A923F02AFA9DF8150001F072
S21401404049FC50B19DF814303BB91A46CDE901360A
S2140140500093E1B205A8F0F73BF90134E1E700BFB0
S2140140605A5700202DE9F0430389DFF858818BB0B9
S214014070B8F8009000930446837982884188407896
S21401408023F07EFE002800F09580E78927B1A389FA
S214014090BB4200F291800027B8F80030BDB2AB42B7
S2140140A014D84D4601264FF6FF73E2899A4226D16F
S2140140B046B9B8F80030AB4202D92846FFF70EFEE3
S2140140C0FFF78EFC00200BB0BDE8F083284605A95B
S2140140D023F0DDF99DF814307BB92268059B534027
S2140140E0FF2B0AD86368069E5E4036F07F4604D1F1
S2140140F0BDF81C2023899A42D5D00137CCE7E26867
S2140141009A422BD0002E53D1D4E90323CDE90823BC
S21401411005A823F0ABF90028D5D1B8F80030AB429A
S21401412004BF6B1CA8F800302AF0AEFF18236B43BF
S214014130234AE9B2D050D418002305A81A46CDE97F
S21401414001330093F0F7C4F818B100220023C4E944
S2140141500223284605A923F0A2F9B1E7234605AABA
S21401416004F1100C174618685968083303C76345ED
S2140141703A46F7D11868386005A823F07AF900287E
S214014180C0D01F2D1AD800238DF8143063788DF80F
S21401419015306388ADF81630A388ADF81830A379CA
S2140141A08DF81A302389ADF81C300028B0D1ABE762
S2140141B00020E6E7862086E7872084E7892082E7D5
S2140141C0801000205A5700202DE9F04FB04A90F891
S2140141D014908DB00446AF49002002F019FA002071
S2140141E024F0CDF920B12368218A588803F0A8F974
S2140141F00020A94902F0F2F9637DDFF8B8A2002B8E
S21401420014BF802340230293236808BF08205988DF
S214014210A14B18BF00200093228A072302F03EF824
S21401422000230393A28909F10305954211DB039B41
S21401423013B9184602F0FAF824F03BFA034620B107
S2140142400020964A964902F0C9F901200DB0BDE852
S214014250F08FA06809F1010189B210F8096024F015
S21401426047F93246804603468E490020ADB202F039
S214014270B5F98EB1012E00F08A808527384602F006
S214014280D5F8304602F0D2F8404624F0F4F8852FEF
S214014290D2D00123039376E0A06809F10401A28934
S2140142A089B2475D24F024F909F10601A289049038
S2140142B089B2A06824F01CF93A4605900090049B48
S2140142C03046794902F08AF909F1080938461FFA99
S2140142D089F503F055FB002857D1384601F0CCF993
S2140142E0294603468146A289A06824F0F2F86F4960
S2140142F08346304602F08CF9A1684A462944334683
S214014300304602F0CFF83046634902F067F9A94417
S2140143101FFA89F52368424659885879238A0093FB
S214014320029B23F02DFD18B18378BB4240F0AC8090
S214014330483FFFB2092F05D840F21133FB40DB0797
S21401434000F1A48000238DF81C30236807A85A7951
S2140143508DF81D205B88ADF82080ADF81E30029BDD
S214014360CDF82CB08DF82230238AADF82430049B8A
S214014370ADF82830059BADF82A30FFF773FE0746E7
S21401438000287FF47BAFA9464CE7B346C2E729462F
S214014390A289A06824F0ACF84FF0000B024607464D
S2140143A04349002002F01AF909F10509BAF800306C
S2140143B01FFA89F5BAF800201FFA8BF94A4503D887
S2140143C01F2B31D9892759E7484607A9049323F0BB
S2140143D05EF89DF81C20049B012A22D122689DF8D4
S2140143E01D00517988421CD1BDF81E0051888842B3
S2140143F017D1BDF82010414513D19DF8221002981F
S21401440081420ED1BDF82400218A884209D1BDF827
S2140144102800E188884204D19DF82A101279914239
S2140144201BD00BF1010BC5E7012299468DF81C2024
S214014430226851798DF81D105188ADF82080ADF8AD
S2140144401E1002998DF82210218AADF82410E188F9
S214014450ADF8281012798DF82A2007A8ADF82C702F
S21401446023F004F8074600287FF408AFBAF80030B6
S2140144704846994508BF09F1010307A908BFAAF8EC
S214014480003023F00CF87EE78D27F7E68C27F5E65B
S214014490893904004D2C0400E6450400EA3904007D
S2140144A09F38040091390400AE390400CF39040066
S2140144B0DA3904005A5700202DE9F04F074688469E
S2140144C09146002589B09A46BDF848B09DF84C60E3
S2140144D0149C224B1A88A8B2824235D903A922F02D
S2140144E0D6FF9DF80C201D4BB2BB9DF80D10B942AE
S2140144F032D1BDF80E1041452ED1BDF810104945F8
S2140145002AD19DF81210514526D1BDF814105945EF
S21401451022D13046029201F0AFF8A6F14103012BF9
S21401452001460AD8204623F0E9FF0D4B0D4A2044E8
S21401453084420CD10421029302ACEDB232462046ED
S214014540009503ABFFF72EFC09B0BDE8F08F14F819
S214014550011F4B405343EBE70135BBE75A57002099
S214014560C59D1C81930100011FB50F4C2478C4B171
S21401457042EA03229DF818308DF8051042EA4322DC
S2140145800A4BADF80C201A78094B8DF806100799DE
S21401459003EB021300908DF80400DB686846029175
S2140145A0984704B010BD00BFD25F0020D45F002042
S2140145B0843F002073B51A4DFF211A4822F0C6F930
S2140145C02B7853B3184C194E2378180106EB0313B6
S2140145D01A7A5968305C24F086FB4D281DD0E0B16C
S2140145E0012300212278CDE900311201B25CC0B26C
S2140145F0FFF7BAFF0A2223780A480133DBB2B3FB7E
S214014600F2F102FB1133FF2123702B78013B2B7053
S21401461002B0BDE8704022F091B902B070BD00BF93
S214014620D25F002024400020D45F0020843F002079
S214014630F8B5104F3E780A2E1AD00FC8DFF840C0E2
S2140146400D4D9CF80040013605EB041585E80F007A
S2140146500A230134E4B2B4FBF3F203FB1244074825
S214014660FF218CF800403E7022F068F90020F8BD6A
S2140146700120FCE7D25F0020843F00202440002078
S214014680D35F00200021024A0248FAF731BC00BF7E
S214014690B545010024400020002337B50C46124DD5
S2140146A012492A78CDE9003312018A5C01230146BA
S2140146B0E0B2FFF759FFA4B90D490A788AB10A207A
S2140146C02B78013A0133DBB2B3FBF0F40A70FF2119
S2140146D000FB143307482B7003B0BDE8304022F0CE
S2140146E02DB903B030BD00BFD45F0020843F002049
S2140146F0D25F00202440002008B500F0BDF850B17C
S214014700054B064A0649052808BF1A46BDE8084073
S214014710002001F063BF08BDFE390400E645040031
S2140147201F3A040008B5032024F0F7FA10B9012255
S214014730014B1A7008BD00BFD55F00200022024B56
S21401474018781A70704700BFD55F00200246FF2117
S214014750014822F0EAB800BF44400020114B37B5AB
S2140147601D78C5B9FF21104822F0F0F8FFF7DAFFEF
S214014770044600900D4B28460D4A0E4901F02EFFC7
S2140147804CB10D4B1B78DB0605D5284624F09FFA65
S214014790204622F0DCFC094B186803B0BDE8304027
S2140147A0FFF7D4BFD55F0020444000203C3A040008
S2140147B06A3A04002F120400C35F0020E468002058
S2140147C0FF21014822F0C2B84440002070B51A4EBD
S2140147D0054633780C466BB30020184A184901F099
S2140147E017FF032C01D0652C20D11649002001F0BB
S2140147F00FFF22460020144901F0F0FE0020134965
S21401480001F006FF012329460822002001F04AFE96
S21401481000200F4901F0E2FE032C88BF002320464A
S21401482088BF3370BDE87040FCF7BEB8012CE0D0FD
S2140148300849DBE770BD00BFD55F00206A3A040077
S214014840191604007D3A0400D01C04009B3A0400AB
S214014850E6450400933A0400014B1860704700BF18
S214014860E46800200021024A0248FAF741BB00BF73
S2140148705D47010044400020054B10B51C782CB95B
S2140148800448FF2122F05AF8204610BD0520FCE717
S214014890D55F002044400020F8B50024074B084EA1
S2140148A01D68084FE3B29D4204F1010400D8F8BD2B
S2140148B0394656F8230021F000FAF3E740B5040024
S2140148C044B50400B069002010B5044C23780BB140
S2140148D024F013FA0123237010BD00BF4C6D002095
S2140148E02DE9F743254B0D4616460446019350B174
S2140148F04AB1042301AA12F8011BA94235D0013B93
S21401490013F0FF03F7D1212003B0BDE8F08317F8B9
S214014910010F90FAA0F0000E21F00BFC014608EB07
S21401492007039945F3DCCAB2C1F30F2392FAA2F248
S21401493093FAA3F3120E1B0E03EB0223DB43621959
S21401494012F8020C99B2DBB298420CD112F8013C73
S214014950B3EB112F07D132462146284603B0BDE8F6
S214014960F04324F02AB92320CEE74FF6FF71671EE5
S214014970A5F10209C4F10108D1E700BF080A0E1229
S214014980F0B515468FB00E4607462AF029FC254B92
S21401499002A81C7824F0B5F915F0FD0F3BD028B914
S2140149A0BDF808309B0701D5032D36D01DF0A4FEB7
S2140149B058B309A824F011FA0323306871688DF8FA
S2140149C024300AAB03C39DF83130012D43F00203B6
S2140149D08DF8313019D105A909A824F0F6F9002877
S2140149E018BF022423F09FFD032D18D80E4B0F4A43
S2140149F00020CDE9004753F8243052F825200C4911
S214014A0001F0ECFD20460FB0F0BD032DEAD1042CD9
S214014A1008BF0024E6E70324E4E72C46E2E7032484
S214014A20F0E700BFD65F00208C9904007C99040053
S214014A30A2410400014B1870704700BFD75F0020E9
S214014A40024B1A6818608260704700BFE868002051
S214014A50024B186800B14068704700BFE868002044
S214014A6070B5044600250A4B1B687BB100211E88E1
S214014A7007E05A6802EB0110013145B9021B5542A5
S214014A8055418AB29642F4D89B68EEE7184670BD47
S214014A90E86800202DE9F04F1E46002393B0022E51
S214014AA0074688461446DDF870909DF874A0ADF868
S214014AB01A3040F2C08099F800305A0729D5042EE2
S214014AC040F2B98099F804B000255F4B33F83520E1
S214014AD0002A00F0B68001350A2DF7D1209B002B65
S214014AE040F0AD80FF250023207908AA0DF11901B9
S214014AF08DF8193023F08FFC70B1BDF82C309DF87D
S214014B001900238023F00AFD0790C0B113B0BDE859
S214014B10F08F99F802B0D7E7207923F0ACF90B288B
S214014B20059000F28A80207923F009FD079000287D
S214014B30ECD1464A059B02EB03135B8823804FF6B4
S214014B40FF73002F08BF434662880021CDE900238A
S214014B5058465246238802F0FDFD18B1E38843F01B
S214014B602003E380209B07A90DA8CDE90D34CDF8DD
S214014B703C90ADF84080ADF842608DF844708DF8F9
S214014B8045A023F059FC08B10798BFE7484602F054
S214014B9025FDA01D02F010FD22464146384623F0B1
S214014BA091FDB04227D3E3882246C3F30E03E38088
S214014BB09DF87C3041460393BDF878303846029321
S214014BC00DF11A03CDE90093F3B222F0C7FE209B44
S214014BD0079003B3F8B9BDF81A2042B1092D06D8DB
S214014BE01B4B03EBC5018A80209A43F83520112020
S214014BF023F0F4FB1CE0BAF1000F0AD10DF11A0301
S214014C00CDE9006322464B4641463846FAF778FF1F
S214014C10DDE73820DBE7052807D1E388DB0607D583
S214014C20002301200793FFF705FF079B002BDED02B
S214014C3023F079FCA8E7012068E7212066E71C201D
S214014C4064E7EDB24FE700BF6C400020D84000207B
S214014C50684000204FF6FF72024B1A805A809A80F5
S214014C60704700BF5C57002010B5044C2379FF2B1A
S214014C7002D124F070F82071207910BD5C57002015
S214014C8010B50C4C2379FF2B08D1002023F046FCED
S214014C9020B924F060F8207123F045FC2079022821
S214014CA005D00438012894BF0020012010BD002043
S214014CB0FCE700BF5C5700204FF6FF7310B5044CAD
S214014CC022889A4202D124F03CF82080208810BD28
S214014CD05C57002010B5FFF7BDFF40F61D43984214
S214014CE0044607D8B0F5416F05D2182826D81528EE
S214014CF048D829D010BDA0F541630D2BFAD801A2E2
S214014D0052F823F0494D0100494D0100F54C0100D0
S214014D10F54C0100F54C0100F54C0100F54C010085
S214014D20F54C0100994D0100AB4D0100454D0100C8
S214014D30454D0100454D0100454D010040F6064335
S214014D409842D7D11C4920E0FFF7B6FF1B4902461F
S214014D50002001F043FC152C05D123F0DCFFBDE853
S214014D60104023F072BB164B164A1749B4F5416F33
S214014D7008BF1A46002001F031FC23F065FB23F042
S214014D8064FBECE71628DDD11049002001F026FC73
S214014D90BDE8104023F07EBC22F0C7FEBDE81040FF
S214014DA002460B49002001F019BC0020BDE8104066
S214014DB0084901F013BC00BFC64204007342040058
S214014DC0E64504006E4204008F420400AF42040030
S214014DD0DB4204000343040007B5094A0346108872
S214014DE031B9084A084903B05DF804EB01F010BC7C
S214014DF00091064A064901F00BFC03B05DF804FB7E
S214014E0074570020660F0400234304000A100400B0
S214014E102F1204000D4B37B51B68044693B11D785D
S214014E200389012D08BF02250093C37A084A002092
S214014E30084901F0D3FB2146284603B0BDE83040BF
S214014E4023F041BF022003B030BD00BFA4410020C3
S214014E509843040047430400002010B523F05EFB8E
S214014E600D4B1B6863B15A78052A03D862B1052435
S214014E7002220AE0FF2AFAD00020084901F0AEFB20
S214014E80BDE8104023F04FBB1446104623F077FFD1
S214014E90204623F072FFF3E7A44100209D4304005F
S214014EA013B5134C002023F039FBFFF7D3FE23681C
S214014EB09BB101A822F02CFE78B923681A789DF8D8
S214014EC004309A4209D0D91E032906D9D11E0129D8
S214014ED003D9012A07D1022B05D1032301A8ADF876
S214014EE0043023F0F6FE02B0BDE8104023F01BBBF1
S214014EF0A441002000231946034A01330A2B91805E
S214014F0042F8081BF9D17047684000207FB50E466D
S214014F10054623F0E0FE2A46044603460D490020D6
S214014F2001F05CFB96B10C4B36211A889B78ADF8E4
S214014F300C208DF80E300323002200934FF6FC70F0
S214014F4003AB8DF80D5023F007FE0446204604B04F
S214014F5070BD00BFBE430400F8990400FF2810B5D9
S214014F600C4604D10020044901F038FBFE202146FE
S214014F70BDE81040FFF7CABFD7430400F8B51E4688
S214014F800B8807460C461546002B64D14A88B1F9B2
S214014F90021000200029B8BF6B78304901F01EFBD3
S214014FA06288132A1DD002F5FF437F339BB2052B7F
S214014FB023D8A2F50042013A052A1ED8DFE802F0FE
S214014FC0193F1D033C09264A2649002001F006FB2D
S214014FD013E0254A2349002001F01AFB2A792349C8
S214014FE0F3E7022E94BF4FF6FF72B5F80120204971
S214014FF0EBE700201F4901F0F1FA33462A46214625
S214015000384624F0D1FD70B933462A462146384643
S21401501024F0CCFD48F2210362889A4203D1384637
S214015020697823F001FA6388B3F5004F02D90820A6
S21401503023F011FA0120F8BD2A790F49C5E70F4A76
S2140150400849002001F0E4FA032E94BF4FF6FF72E0
S2140150506A880B49B9E70020EDE700BF1244040057
S2140150603A440400414404005244040058440400F5
S214015070664404007E44040098440400BA440400D4
S214015080BF4404002DE9F04116888AB0DFF88C8011
S214015090ADF80E300DF10E03C8F80020154600934A
S2140150A0324610AB07460C46FAF7BCFD90BB109B88
S2140150B08DF824000693BDF80E3004A8ADF81C3018
S2140150C0AB898DF81070ADF820306B890594ADF87A
S2140150D01E60ADF8223023F0ADF9D8B9214630462E
S2140150E0BDF80E30109A01F0C9FF98B92146304636
S2140150F0BDF80E30109AFFF741FF58B9CDE90060B0
S21401510039462046BDF80E30109A02F049FB08B920
S214015110C8F800000AB0BDE8F08100BF6440002076
S214015120F0B585B004AB03E9030000231C469DF8E7
S2140151300D609DF80E70154AD9B202EBC1004568A4
S214015140EDB99DF80C30284600939DF80A209DF88D
S2140151500B300F4901F05CFA26B1324628460D495C
S21401516001F056FA0C4A0020002C18BF2246BDF862
S21401517008300A4905B0BDE8F04001F02FBA12F830
S21401518031100133B94208BF2C46D5E7A099040077
S214015190D1440400E2440400D50E0400E6440400B1
S2140151A04FF6FF7310B5084C88B062889A4207D153
S2140151B002A90DF1070022F0A9FCBDF810306380AA
S2140151C0608808B010BD00BF5C5700202DE9F04F85
S2140151D085B0894692461C460746BDF83850BDF84C
S2140151E03C80109E002833D00346464A002046499C
S2140151F001F00EFA2388002B76D040F20912934272
S21401520074D0424A4249B3F5827F08BF0A46CDF8B8
S21401521004806188002000913E4901F0F9F9238855
S21401522093B1B8F1020F0FD933783B4913F0010F50
S2140152303A4A18BF0A4659074FF000004CBF337967
S214015240B378374901F0E4F90020364901F0C6F990
S2140152500023354931F83320AA4249D1334A52F85E
S21401526033B0002331F83300DA00A84246D10020DB
S2140152702E490A44908041F8330047B9238833B950
S214015280B4F90230002B02DB082023F0A7F8012036
S21401529023F0E1F89EB13578EB0710D515F0040040
S2140152A004D042460121304623F022F9CDE90170AF
S2140152B04346224651464846009622F039FEBBF147
S2140152C0000F06D04346224651464846CDE90067C0
S2140152D0D8474346224651464846CDE9006722F064
S2140152E0EDFA05B0BDE8F08F114A90E7114A8EE756
S2140152F001330A2BAED14FF0000BB2E701330A2B74
S214015300B0D1BAE7120604000D450400D60E04001B
S214015310FB4404001B450400FE440400064504004B
S2140153204C450400E64504006C400020684000201F
S214015330F4440400F84404000D4BF0B54FF00C0C97
S2140153401F88054600230B4EDCB2BC4201D3002069
S214015350F0BD0CFB04F43019345DAC4205D1448831
S2140153608C4202D104799442F2D00133ECE700BFBB
S214015370EA6C0020F868002073B501262B4D2C4CF2
S2140153802A462046FF2300210096F9F77BFD2A4690
S2140153902046FF2300210096F9F774FD2A46204691
S2140153A0FF2300210096F9F76DFD2A462046FF23CC
S2140153B000210096F9F766FD2A462046FF230021C4
S2140153C00096F9F75FFD2A462046FF230021009646
S2140153D0F9F758FD2A462046FF2300210096F9F7E3
S2140153E051FD2A462046FF2300210096F9F74AFD83
S2140153F02A462046FF2300210096F9F743FD2A4658
S2140154002046FF2300210096F9F73CFD2A46204658
S214015410FF2300210096F9F735FDFF232A460021D8
S21401542020460096F9F72EFD02B070BDEB71030021
S214015430B84000202DE9F84300244FF00C090C4B2E
S2140154400C4F1E78DFF830803A88E5B2954202D3D9
S2140154503046BDE8F88309FB0585FF21A86821F0E1
S2140154607CFA18B9AB799E4238BF1E460134EBE789
S214015470D85F0020EA6C0020F8680020014B1878FD
S214015480704700BFD85F0020014B1870704700BFFF
S214015490D85F0020F8B506460C4622F0BAFF05464E
S2140154A0C8B9304622F0E7FC0B2815D80B4B03EBA6
S2140154B000131F7B87B95A88012122809A883046BB
S2140154C062809B79237100F037FA39466071304665
S2140154D000F032FAA07101252846F8BDD840002018
S2140154E070B504460E46154622F0C5FC0B2802D9B7
S2140154F04FF6FF7070BD094B03EB00131A7B002AB1
S214015500F6D146B901222946204600F03DFA002888
S214015510EED00088EEE7012EEAD1F4E7D84000206D
S214015520FF2313B50DF1070104468DF8073022F06D
S2140155306EFF18B19DF8070002B010BD074B03EBD4
S21401554004131B7B0BB1FF20F6E7204600F03AF967
S2140155500028F8D0204600F0E9F9EDE7D840002011
S21401556013B5F6F785FC0446F6F788FC2246034693
S2140155701249002001F032F800F084FFFFF7BAFC70
S21401558000F0A6F80221084602F074FDFFF764FC5D
S21401559041F2490023F00DFC4FF0FF130093FF2367
S2140155A068468DF8043023F0E2FB4FF4004023F008
S2140155B0C0FB002023F0DDFB02B010BD9B450400BC
S2140155C038B5054622F043FF90B9284623F0FDFA88
S2140155D0044628B140F60443984214BF88248D241B
S2140155E023462A460020034900F0F8FF204638BD2E
S2140155F08D24FBE7B34504002DE9FF4705460E461B
S21401560017469846BDF83090DDF834A0BDF838400E
S214015610CDF80090CDE9014AE4B2FFF7D7FD434645
S2140156203A4631462846CDE90094CDF808A024F044
S21401563084FAFF21034B044A044804B0BDE8F0474E
S21401564000F01ABE6857002064570020B0610020A1
S214015650044B01461888102240F0404040F4801068
S214015660F7F716BAF2960400024B18685968FFF766
S21401567057BD00BF26DA04000123064AD15C8142E9
S21401568002D1054AD05C704702335F2BF6D1002069
S214015690704700BFFA990400FB99040070B5002218
S2140156A00446094B1D78094BD0B2854201D8FF202C
S2140156B070BD1E78A64204D10029F9D05E7BF6079C
S2140156C0F6D401321033EFE7D95F0020D84000202E
S2140156D02DE9F04198B06B46304A1068516803C313
S2140156E090680CAA18602E4B14469C4603F11806C7
S2140156F0154618685968083303C5B3422A46F7D1D8
S21401570012AA1746274B03F118061546186859685A
S214015710083303C5B3422A46F7D1234A03AB1068C0
S21401572051684FF0010E03C3906871681860DCF889
S2140157303000002206AB03C30C21EC46B068CDE96D
S21401574009221860194BDFF86C801970184B0DEBA5
S21401575001060B9206AD09A91CF8010B013218705F
S21401576034F8020B0C2A588037F8020B83F80DE048
S214015770988016F8010B03F1100303F80A0C15F8CC
S214015780010B08EBC00043F8080C11F8010B03F8F5
S214015790040CE1D118B0BDE8F08100BFCD4504008E
S2140157A06A9D0400829D0400DA450400D95F00204A
S2140157B0D8400020649A0400014B1878704700BF57
S2140157C0D95F0020034B03EB0013587B00F0010068
S2140157D0704700BFD8400020F0B504460846D9B14E
S2140157E000220E4B11461F780D4B1D46D6B2B7420E
S2140157F001D8002010E01E78A64206D09E68F688E2
S214015800314489B201321033F0E75E7BF607F9D5F1
S21401581005EB02150180A868F0BD00BFD95F002026
S214015820D84000202DE9F347894690461D46074695
S21401583018B9002002B0BDE8F0870029F9D0002A87
S214015840F7D0002BF5D0002400780DF10601ADF855
S2140158500640FFF7C1FF0028EBD039460DF10602DE
S214015860BDF8066022F0FCF907460028E1D00DF1EC
S2140158700602BDF806A022F01AFA0028D9D0C9F807
S2140158800070C8F80000037913F0200219D1DB0676
S21401589014D4BDF806300C4A564413FA86F612FAAA
S2140158A086F20BE01A790C33920642BF13F8092CE4
S2140158B0891889B29842F5D8044A0A4401202A6018
S2140158C0B8E72146024BF5E7FC600020DA5F0020CE
S2140158D0A49C040008B50021FFF7E0FEFF2817BFCF
S2140158E0044B084603EB0013587B18BF00F0010079
S2140158F008BD00BFD84000202DE9F0410D461646F0
S2140159001F4622F0B8FA0B280AD8074C3B4604EB90
S214015910001032462946BDE8F041806822F078BA88
S2140159200020BDE8F08100BFD8400020014B0001F7
S214015930185C7047D840002070B50C4622F09BFAE0
S2140159400B281BD80F4B03EB00139A68C2B1002338
S214015950142618461579D9B28D4200D870BD116843
S21401596006FB0311097B34B911F0800F1CBF01300F
S214015970C0B20133EFE711F0400FF7E70020EDE783
S2140159801046EBE7D8400020F8B50D46164622F043
S21401599072FA0B280BD80F4B4FF0140C03EB0013C5
S2140159A09A6800231C461779D9B28F4201D8002085
S2140159B0F8BD10680CFB0300017B46B911F0800F9F
S2140159C003D0AC42F4D00134E4B20133ECE711F079
S2140159D0400FF5E7D84000202DE9F04F0646002499
S2140159E03A4B87B01B783A4F0093009B9C4207D2F4
S2140159F0FF2E08D0304622F03EFA0B28044606D980
S214015A0007B0BDE8F08F07EB04131B7B2BBB23010C
S214015A104FF00008019307EB041A14E014221B68E8
S214015A2002FB05352B89B3F5967F01D929F040FB9A
S214015A304FF000094FF00C0B29891FFA89F29142A9
S214015A400ED808F10108019B5FFA88F5FB189B68E0
S214015A501A79AA42E2D8FF2ED2D10134E4B2C4E7C1
S214015A601FFA89F00BFB00F06B6819180A7912F01F
S214015A70100F23D19AF800E012F0400F8DF80CE0D9
S214015A80B5F800E0185AADF80EE00CBF4FF0400E26
S214015A904FF0800EADF8120028468DF810E022F087
S214015AA0ABF85307ADF81400C8780AD50228896800
S214015AB000D90968002203A822F07AF909F1010940
S214015AC0BAE702288CBF89680831F3E7D95F00205E
S214015AD0D8400020052370B5094A06881488B442C8
S214015AE008D19578047B2C403F2C03D90D4201D078
S214015AF0506870BD013B02F10802EFD11846F8E785
S214015B00149D040070B50024074D084E2B78E0B2B2
S214015B10834200D870BD06EB0010437BDB0701D53E
S214015B2022F088FA0134F1E7D95F0020D84000203E
S214015B30F8B50C4600210546FFF7B0FDFF2829D031
S214015B40154A060102EB00135B7B03F001016CB101
S214015B5043F001031644A142737305D0C4B100B2E9
S214015B6002EB001022F066FA0120F8BD2346F1E7A9
S214015B707B4311682846CA18127BC95AD20921F0FC
S214015B80C5FE0134B268E3B211799942F0D8EBE769
S214015B901427F7E70846E8E7D8400020F0B5944612
S214015BA0497D20B339B3012918BF042100254FF6DA
S214015BB0FF702F462A46144E3488644511D196F854
S214015BC003E01EEA010F0CD0B4789C4209D30AB157
S214015BD0BC4206D81EF0100F03D08AB1BC420CD3CB
S214015BE070B90135072D06F10406E5D1F0BD00298F
S214015BF008BF0821D8E70221D8E727460020F0E7AA
S214015C0027460122FAE700BFF89C04002DE9F04F71
S214015C100A9FBDF824E09DF82C809DF830904C7DBD
S214015C2078B394B3012C18BF04240025194800F159
S214015C301C0C068896421ED190F803B01BEA040F8E
S214015C4019D08678464516D31BF0100F91F80FA091
S214015C5004D0BAF1000F0ED0B1F810A0BAF1000FBF
S214015C6009D1A94513D0AE4511D95E553E880135F7
S214015C7001363E80ADB204306045DAD10120BDE880
S214015C80F08F002C08BF0824CDE70224CDE70020C2
S214015C90F5E700BFF89C04002DE9F04F0024B1F5AC
S214015CA07C4F0E4638BF4FF0010BA246A1464FF679
S214015CB0FF781F4628BF274B85B028BFB3F800B032
S214015CC0009001925C4503D3404605B0BDE8F08FD5
S214015CD0B6F57C4F0CD3204B3A4603EB8403314692
S214015CE05B880098FFF708FE054680B300232AE08C
S214015CF03A463146009822F0EEF8F5E70C229CB2BF
S214015D0054436A680199105B02EB040C884219D36C
S214015D10B9F1000F01D0504514D861462846CDE9A7
S214015D20023221F069FF029B60B1039A125BB9F15E
S214015D30000F03D0524501D3804503D992468046D1
S214015D404FF0010901332A899CB2A242D6D8013408
S214015D50A4B2B7E75A9A04005C9A04002DE9F04F02
S214015D6091461A4600238BB08DF82020BDF85020AE
S214015D708DF81C00ADF81E10ADF8242005460F4620
S214015D801A4604A907A8159C9DF858609DF85CA0C2
S214015D909DF860B09DF864800493ADF8229021F0E0
S214015DA0B3FF049850B92B46CDE90079644A65499A
S214015DB000F014FC86200BB0BDE8F08FBAF1000F9E
S214015DC014D18378B34206D050465D4A5E4900F04E
S214015DD005FC8D20EFE7037913F0010306D1184681
S214015DE0574A5A4900F0FAFB8820E4E703795B0733
S214015DF02CD583685A689B6805920693807822F0B2
S214015E0019FD049B0546DF782146022F03463A46D4
S214015E1010D805A822F0CAFC81462B463A462146F0
S214015E2006A822F0C3FCB9F1010F01D001300DD153
S214015E308720C0E7059822F0B9FC0128F8D02B4648
S214015E403A462146069822F0B1FCEFE7BBF1000F77
S214015E506FD1049F4FF6FF722146B87821F06AFE93
S214015E6000286BD0BDF82430C5B20093CDE90254AA
S214015E709DF82030BDF82220BDF81E109DF81C00AC
S214015E80019622F0D3FA002895D1BDF82430CDE949
S214015E9002540093BDF822209DF82030BDF81E1054
S214015EA09DF81C00019622F09FF8002883D1214618
S214015EB09DF8682007A821F07BFF00287FF47BAFC0
S214015EC0B8F1000F07D03B462046BDF81E209DF8CE
S214015ED01C1022F010F8BDF82430BDF82220BDF8C1
S214015EE01E109DF81C000093CDE901649DF820303A
S214015EF0FEF7E2FABDF82430BDF82220BDF81E10E8
S214015F009DF81C000093CDE902549DF820300196BF
S214015F1022F08BFABDF82430BDF822200093BDF89C
S214015F201E109DF820309DF81C0022F035F8002048
S214015F3041E70020064900F051FBF8E701203AE767
S214015F40E7450400F34504001F46040033460400F9
S214015F50474604007FB500258DF80830BDF820308F
S214015F608DF80400ADF80610ADF80A20ADF80C3037
S214015F706946BDF82830099A01A80B9E009521F0C4
S214015F80C3FE044630B916B1009B9B783370204699
S214015F9004B070BD8928FAD12846024900F01EFBDC
S214015FA0F5E700BF644604002DE9F04F4FF0000A04
S214015FB0C7B0FFF701FC5FFA8AF6B04202D847B0D5
S214015FC0BDE8F08F5B4B36019A5D00205A4900F020
S214015FD005FB0020594900F001FB00230593554BB2
S214015FE09DF8144033449B681A79A24202D80AF1FC
S214015FF0010ADEE714224FF000091B6802FB043495
S21401600022891FFA89F39A4202D8059B0133E5E7F4
S2140160100C231FFA89F803FB08F8D4F804B029F01A
S21401602047F80BEB08052B79454913F0400F3BF871
S214016030083022884FF000000093424B18BF0B46F1
S214016040414900F0E5FA2946204621F0D5FD0746EC
S21401605000283CD13D4900F0DBFA2979DFF814C16C
S21401606011F0010F3A4818BF604611F0020FAA78E6
S214016070EB7832D1DFF800C111F0100F354918BFA7
S2140160806146CDE900010020334900F0C1FA2B79C1
S2140160903BF8082013F0400F4FF0000B4FF0FD03C4
S2140160A00DF118082188CDE9023BCDE90078214899
S2140160B00CBF40238023805DFFF74CFF86280ED15E
S2140160C02649002000F08AFA09F1010998E70246FC
S2140160D02349002000F09CFABFE72249D1E7A878BF
S2140160E021F07AFDD8B1404622F008FA421C92B25D
S2140160F001234146002000F0D5F93946208801F0F9
S21401610001FA4FF6FF73984207D0174B174903EB76
S214016110C0035A68002000F061FA1549D1E7A87853
S21401612021F060FD20B1404622F0EDF9821CDEE749
S214016130EA78DDE7D8400020B6460400C4460400ED
S2140161408E46040093460400044704007B3704008F
S2140161509B4604009E46040018470400344704008A
S214016160D54B0400A6460400E49D04005B1604001B
S214016170E645040098460400AE4604002DE9F04FBB
S214016180C7B0BDF844A10646BAF1040F0D46144641
S2140161901F46BDF840B163D9CDE9013B00920B46DD
S2140161A002463049002000F019FAFD230DF11709C7
S2140161B00DF118083046029322463B462946CDE9A2
S2140161C000B8CDF80C90FFF7C5FE0646B8B9FD221B
S2140161D0414699F8000021F0ADFC0746C0B1AAF18E
S2140161E00403834238BF8926204622F044F98EB143
S2140161F0304600F01BF9304647B0BDE8F08F0090FE
S21401620023462A460020184900F0E8F90027EBE764
S2140162108926E9E7DFF85CA0BA1CBAF80030C3F1BA
S214016220FF039A4219DA304600F000F999F80000A7
S21401623000F0FCF8BAF800900C483A46414648444B
S214016240B94404F021FFAAF8009023462A463046B6
S2140162500749009700F0C2F9CDE7892000F0E6F87B
S2140162608926C8E7404704007B470400B061002048
S214016270A24704006457002010B5044C206004486F
S214016280018004490A60044A136010BDA041002041
S214016290625700209C4100209841002030B587B00D
S2140162A00AAC0D4654F8041B0093CDE901141346BD
S2140162B009490246094809880068059421F0DBFF70
S2140162C04FF48A52064B1B681880064B1B685D808C
S2140162D0DA8007B030BD00BF62570020A041002021
S2140162E09C4100209841002008B410B587B009AB46
S2140162F00C4653F8041B0092CDE9011302460B49E4
S2140163000B48059309880023006821F0B4FF4FF479
S2140163108A52084B1B681880074B1B685C80DA8022
S21401632007B0BDE8104001B0704700BF62570020BB
S214016330A04100209C41002098410020044A0346C9
S21401634011680448044A09881268006821F06CBA8A
S2140163509C41002098410020A0410020044B054AA2
S2140163601B6812681988044B186821F0D0B900BF61
S2140163709C410020A04100209841002007B5074B12
S2140163801B681B880192064A12680092054A126829
S21401639021F01EFA03B05DF804FB00BF9C4100200B
S2140163A0A0410020984100201FB51446064A1268F5
S2140163B01288CDE901430091044B05491B68096821
S2140163C021F0E2F904B010BD9C410020A04100205C
S2140163D098410020014B1868704700BF9841002083
S2140163E0024B1B6818715971704700BF9841002015
S2140163F010B50024084B1C70FEF75EFC074BFF220D
S21401640018802146064804F0AFFC064B1C80064B5C
S2140164101C605C609C6010BDBA620020665700205C
S214016420B0610020645700206857002007490B8898
S214016430FE2B9FBF064AD054581C80B29DBF0880D1
S21401644000F1FF3080180020704700BF645700201D
S214016450B0610020F8B5094F0D463B885C18FE2C4C
S2140164600ADC074E0A46A4B20146F01804F0CEFC38
S2140164703C80641BA019F8BD0020FCE7645700208F
S214016480B0610020024B034A00201A60704700BF2B
S214016490A4410020609A0400014B1878704700BFA1
S2140164A0D840002030B4044D044C002B0CBF2B46C2
S2140164B0234630BC22F04BB802070400754804009E
S2140164C070B5054608460C4622F018F8611C0246CF
S2140164D0024B2846BDE8704022F039B8944F0400BC
S2140164E000B5037889B0069343783E2205938378F6
S2140164F008490493C378039303790293437901937C
S21401650083790093C3790448008800F081F809B0C4
S2140165105DF804FBD047040074570020024B024686
S2140165200249188800F05AB8745700206E0D04000E
S2140165302DE9F04705460E4617460024DFF844804D
S214016540DFF844A0DFF84490AC4201D1BDE8F08703
S214016550B8F8000006EBC4015346082221F0F7FF05
S2140165600134B8F800003FB9044AA54208BF4A46BC
S214016570034900F04DF8E7E74A46F9E7E645040027
S2140165806D0D04007457002075480400F7F70300EA
S2140165902DE9F0410E4E0446308821F0F0FFA8B1F7
S2140165A000250C4FDFF83080E3070AD518B94146BD
S2140165B0308800F02DF830882A46394600F028F851
S2140165C0002001351B2D4FEA5404EDD1BDE8F081C2
S2140165D074570020C7330400184504000EB417B5DD
S2140165E005A9044651F8040B019103F0BFFA0121F5
S2140165F00220054AF8F766FF044B1C8003B0BDE88D
S214016600104003B0704700BFE645040074570020F1
S2140166100EB417B505A9044651F8040B019103F011
S214016620A5FA034B1C8003B0BDE8104003B07047C9
S2140166307457002013B503680446587900F032FFFA
S21401664090B923685A88032A0ED0E17C5B79CDE99C
S21401665000211649164AFFF7C1FF0121204622F004
S2140166602EF8012002B010BD637D012B0AD0637D98
S21401667033B92368228A5988587921F008FC48B929
S214016680C3200AE02368228A5988587921F008FC39
S2140166900028ECD0204621F074FF064B1B78002B17
S2140166A0DFD110F5807FDCD0C1B2D7E7FD4704000B
S2140166B0F5470400B1620020002970B50F491D4658
S2140166C00F4B14460CBF6E227922002808BF0B46DA
S2140166D000200C49FFF79CFF0B4E2544AC4205D128
S2140166E0BDE8704000200949FFF778BF3146002019
S2140166F014F8012BFFF78CFFF0E700BF36480400C3
S2140167002C4804003F48040073480400042B04008E
S2140167102DE9F04FC27C8BB00592427D0368002ABA
S21401672014BF80224022077D0446856886895879F1
S214016730B846B3F80290069200F0B4FEA0B9059BE5
S214016740052B05D86FF02D03059A1341DB070BD5F2
S214016750B9F1030F08D0AB490020FFF73FFF012135
S214016760204621F0ACFF76E0E37B1BB1228A002AAB
S21401677000F0B781607D0022B0FA80F05B4203F042
S2140167800403DFF88CB2400943EAC000ABF80020EE
S214016790FFF74CFEE37B1BB3208A21F06CFE82469A
S2140167A0A07CFFF743FE059A162A00F29A81DFE8DD
S2140167B012F019009E016C005600D2016C00920185
S2140167C0D9019A01E001E701EE01390102029801BF
S2140167D0980198011402580214027002390102024B
S2140167E09A46DDE700204B46874A8849FFF7F6FEC2
S2140167F00120FFF71BFE08F10207B74229D84146E0
S2140168003246284621F074FE80462368424658796F
S214016810BBF800304946C3F1FF039BB20193238ABC
S2140168200093069B23F0C3F910B11FFA87F8E2E73D
S214016830236842465879BBF800304946C3F1FF0346
S2140168409BB20193238A0093069BFFF797FC892846
S214016850EBD121F02EFF01200BB0BDE8F08F4FF0F9
S214016860000B0420FFF7E2FDF31E0893089B9845F2
S21401687052D3BBF1000FECD1E37B94F81480002BCC
S2140168800CBF02220422624B1A804FF0000B042038
S214016890FFF7CCFD5F4608F1030A564540F29D809E
S2140168A032464146284621F023FE05EB08039B7835
S2140168B0F21EAA44A2EB080207905146184692B26D
S2140168C0099321F037F90890002879D02268099BAE
S2140168D05079CDE901A3238A49460093DDE90632C2
S2140168E021F057FC82464A460020079B4949FFF79C
S2140168F08FFEBAF1000F55D10BF101035046464900
S2140169005FFA83FBFFF76AFE089B08F1030813FA98
S21401691088F81FFA88F8BEE732464146284621F035
S214016920E7FD05EB08039F78089B08F10301A3EB3D
S21401693008022944824692B23846099121F0FAF8B3
S214016940079068B323680999587902970191238AB9
S214016950524600934946069B21F06BFC0746B8B1A8
S2140169600BF1010338465FFA83FBFFF75FFD5046E4
S21401697021F081FD53464A4600202649FFF72EFEA8
S2140169803A4600202549FFF729FE802F3FF471AFD4
S214016990079B08F1030813FA88F81FFA88F865E7D9
S2140169A08027DDE75046FFF741FD079821F063FD9C
S2140169B00137524600201949FFB2FFF70FFEA3E741
S2140169C08720FFF733FD079821F055FD0137872211
S2140169D012490898FFB2FFF701FE059B052B3FF40D
S2140169E03AAF002F7FF435AFBBF1000F05D10C494C
S2140169F05846FFF7F3FD8021B2E63846FFF716FD4D
S214016A0027E700BFC0FD030080480400CD4804000E
S214016A10645700208A480400CD470400A6480400B5
S214016A20B04804000599A84AA84B0020152918BFAC
S214016A301346CDF80090A64AA649FFF7CFFD059B61
S214016A400C2B14BF16200D20FFF7F0FC324628460B
S214016A50394621F04DFD059B3D440C2B0646AD788D
S214016A6035D1192D28BF1925E37BB3B14FF6FF7336
S214016A70278A9F4211D1206832464946069B4079B3
S214016A80FFF70AF9B84208D0BAF1000F05D0208204
S214016A908AF80000000A8AF801000020BBF800709E
S214016AA0FFF7C4FC236832465879059B4946A3F193
S214016AB0150CDCF1000343EB0C03CDE90153238AEB
S214016AC00093069B21F0D9FA834BD855C1E6132DC6
S214016AD028BF1325C8E72046FDF776FB00287FF47C
S214016AE0BAAE81213CE62046FDF722F8F6E7B9F179
S214016AF00A0F05EB0708A6EB070A21D1DFF8DCB180
S214016B009BF80030E3B1E37BD3B9BAF1080F17D194
S214016B1032463946284621F0EBFC88B998F802300F
S214016B2073B998F80320E22A0AD13246391D28465D
S214016B30059321F0DAFC21F0A7FD059B8BF80030C8
S214016B40414648461FFA8AF223F033F800287FF4BC
S214016B5082AE002104E6F21B484692B2E91921F002
S214016B6084FCF3E7F21B484692B2E91921F040FC97
S214016B70ECE7F21B484692B2E91921F063FCE5E71F
S214016B80F21B484692B2E91923F015F8DEE72368AE
S214016B90EE5D5879238A0137ED5D0193069B3246F7
S214016BA0494600932B4621F0A7F92A463146484626
S214016BB021F020FC4FE605987A1CE95DB31AA0F196
S214016BC01606704270410039009018BF01214846F0
S214016BD09BB22A4421F010FCB8E7059BEE5D112B11
S214016BE03D446F7838D11220FFF720FC0025E37B67
S214016BF0B3B14FF6FF73B4F81080984510D1334601
S214016C004A4621462846FEF7C9FF404508D0BAF154
S214016C10000F05D020828AF80000000A8AF80100D9
S214016C20BBF80080DFF8B0A0C8F1FE0292B208F10E
S214016C300103009253444A4621462846CDE902679D
S214016C40CDF804B0FEF7E2FFBBF800300AF8080002
S214016C500133ABF80030FCE51420FFF7E7FB012514
S214016C60C5E77B1C9E422CD3EF5D1D44003F18BF39
S214016C700127F31A9EB233462A4639460020FFF70B
S214016C801BFD00962B463A464846218A21F0B8FB62
S214016C905CE77B1C9E4214D3EF5DF61A003F18BFDB
S214016CA001271D44B6B233462A4639460120FFF76E
S214016CB003FD00962B463A464846218A21F09EFB64
S214016CC044E70020C8E500BFE64504007B48040011
S214016CD0C1480400CB480400B0610020AF62002028
S214016CE038B54FF6FB750446A9424FF001019DF8F1
S214016CF0100098BF43F40043217023816260A072A4
S214016D0002230020084A0949FFF768FCE07A084B8D
S214016D1040F6CA0203EB4010FF211FF006FEBDE855
S214016D203840042021F05ABBDB480400E648040042
S214016D30E841002030B5054685B028B91D4905B0A3
S214016D40BDE83040FFF74ABC0024007B21F0E6FB9B
S214016D502046194A19492C70FFF740FC184BE87A6F
S214016D60FF2103EB40101FF0F1FD2046154B0201F9
S214016D709A5C22B901300428F9D121F06CFB6968CC
S214016D8099B1B5F908302A899B1303F002038DF8EF
S214016D900430C2F30E03ADF806304FF6FF73ADF8BC
S214016DA00830002301A80393884705B0BDE83040AA
S214016DB021F0B9BB11490400DB4804004349040033
S214016DC0E8410020A84100200948037873B9194614
S214016DD0084AD3720133042B11731170516011816B
S214016DE0917202F11002F4D101230370704700BFC3
S214016DF0B0620020A841002008B5FFF7E5FF002398
S214016E0005491A018A5C01EB03101AB10133042B00
S214016E10F7D1002008BD00BFA841002070B50D467F
S214016E200646FFF7D1FF0023094800EB0514A17AB7
S214016E30B14205D1217819B12B4400EB031070BD86
S214016E400133042B04F11004F1D10020F7E700BF51
S214016E50A841002010B50446FFF7B6FF0E4B9C4232
S214016E6012D003F12002944210D003F14002944262
S214016E700ED060339C420DD10323084800EB03106B
S214016E80BDE81040FFF756BF0023F6E70123F4E7FD
S214016E900223F2E70020F3E7E8410020A8410020A2
S214016EA070B50024064D074E2846324600210134AF
S214016EB0F8F71EF8042C05F12005F5D170BD00BFCA
S214016EC0E8410020556E01002DE9F34105460C46C8
S214016ED017469846FFF790FF064640B91C4A1D49DB
S214016EE0FFF77CFB0224204602B0BDE8F0814FF696
S214016EF0FB739D420AD94FF6FD739D4204D00020D4
S214016F00134A1549FFF76AFB4FF6FD7543462146BE
S214016F103A46284621F0A0FB044600F02FFE8046A4
S214016F2034B1234600200A4A0C49FFF757FBDAE73B
S214016F303B462046064A0A49FFF750FB06232946E8
S214016F403046089ACDF80080FFF7CAFECBE700BFAF
S214016F50DB480400504904007A490400AF490400A4
S214016F60D8490400F7B506460C461746FFF744FF16
S214016F70054638B9104A1149FFF730FB022420466E
S214016F8003B0F0BD21464FF48A52304621F02CFD65
S214016F90044600F0F3FD34B123460020064A0849B2
S214016FA0FFF71CFBEBE7009004233A4631462846E0
S214016FB0FFF796FEE3E700BFDB48040050490400F4
S214016FC0004A0400F7B506460F46FFF715FF0546CB
S214016FD038B9104A1049FFF701FB0224204603B0D6
S214016FE0F0BD002240231146304621F0DCFE044667
S214016FF021F0D7FE34B123460020064A0749FFF7A1
S214017000EDFAEBE7009001233A4631462846FFF7B2
S21401701067FEE3E7DB48040050490400334A0400F6
S21401702073B504460E46FFF7E7FE054638B9104A23
S2140170301049FFF7D3FA0224204602B070BD0022A1
S2140170402046114621F0B1FE044621F0AAFE34B1D5
S21401705023460020064A0849FFF7C0FAECE70090ED
S214017060234632464FF6FC712846FFF739FEE3E722
S214017070DB48040050490400614A04002DE9F04150
S2140170808846107800219EB014461D46FFF7C6FEBE
S2140170900646002800F0FD800778002F7BD0B8F860
S2140170A00010002940F0F5800389B8F8022043F467
S2140170B00040824240F0ED80617800296BD1A2F554
S2140170C00042062A00F2E580DFE812F0A100A100E6
S2140170D0E300E3000700B8006900E3880D3DADF862
S2140170E02430238915F00105ADF8263063798DF833
S2140170F02830E37A03F1060214F812208DF81430D2
S2140171008DF81C2042D10BA98E46069104F10C0085
S2140171105FFA85FC9C4500F1020009D210F8018C4B
S21401712010F802CC01350CEB082C2EF802CBEFE759
S21401713001EB43011A440891D2B2590001F10D0046
S2140171409A42C0B20BD025186D78205C783169441C
S21401715000EB0520013321F84C0CDBB2EDE7B6F964
S21401716008203389002AACBF01220322C3F30E0391
S2140171708DF808206288ADF80A3005ABADF80C2012
S214017180049302A9304621F052FA04E0424A4349E8
S2140171900020FFF723FA38461EB0BDE8F081042D23
S2140171A002D83D4A3E49F3E72379053DADB29D42FB
S2140171B0B4F8028002D0384A3A49E9E73A4A3B4BEA
S2140171C00020002D08BF13463949334ACDF8008008
S2140171D0FFF704FA05348DF81450B6F90830069412
S2140171E085B1002BACBF012303238DF82C303389E6
S2140171F0ADF83080C3F30E03ADF82E3005AB0D931A
S2140172000BA9BFE7002BACBF06230523EDE70B2D2B
S214017210C7D9D4F80200D4F8061013F4004F05AA13
S21401722003C20CBF042203228DF82C206289C3F30B
S2140172300E03ADF83020ADF82E30DFE7042DB0D9BF
S2140172406388ADF8303023790533DBB29D4206D032
S2140172500020114A17490095FFF7C0F99BE70E4A2F
S21401726000201549FFF7BAF9B6F908203389002A34
S214017270ACBF01220322C3F30E03ADF82E3005ABDB
S2140172800D93631D069323798DF82C208DF8143009
S214017290B6E700277FE700BFDB4804008E4A0400FC
S2140172A0B64A0400CA4A04007E050400E645040006
S2140172B0F14A04000E4B04004F4B0400304BF0B56E
S2140172C0B0FBF3F24FF4616503FB1200B0FBF5F37C
S2140172D0DCB205FB13033C25B3FBF5F3DBB2A0EBF5
S2140172E004104B71C3EB0313A0EB83004FF4FA6356
S2140172F00B8040F201134B8001230C711F460024C2
S2140173006425204E8871944200D1F0BD91F802C0E8
S21401731013B1BCF1020F2BD006EB0C0010F801ECF8
S214017320C87870450BBF012001300CF1010CC0B2CA
S21401733008BF81F802C0C87088780D2816D10B885E
S2140173408F7001339BB298070B8014D1B3FBF5F015
S21401735005FB103080B280B94FF4C870B3FBF0FC67
S21401736000FB1C339BB2B3FA83F35B090134CAE713
S2140173704FF01D0ED4E70023F8E70123F6E700BF20
S21401738080510100A69D040010B5044688B006A9E8
S214017390FFF794FF9DF81E300A4803939DF81D30B1
S2140173A0049402939DF81C309DF81A200193BDF8B1
S2140173B018300549009300889DF81B30FFF70EF939
S2140173C008B010BD74570020684B0400026808B569
S2140173D01188154B19805188598051791971117985
S2140173E059714FF48A51D980D28812F0200F0CBF00
S2140173F00A464FF48B528169DA800C4A137831B908
S214017400C0880B4923F002030880137008BD43F0BF
S21401741002031370074B15221846013103F0F6FCE0
S214017420002200F8012CF1E768570020BA6200201C
S214017430665700207757002010B5184C23685879F6
S21401744020F019FD0B2822D8154B03EB0010027B08
S214017450237F9A421BD12368428819888A4205D025
S2140174604FF6FF70814212D1120410D42279023AEB
S214017470012A06D9A37B63B9BDE810400748FFF788
S21401748047B9198958791FF02CFE0028F2D100203F
S21401749010BD0248BDE81040FFF7CCB86C42002092
S2140174A0D840002008B520F0E6FC0B2896BF024B1A
S2140174B00020185C08BD00BFBF62002008B5002090
S2140174C021F02CF8FF2020F009FD21F02CF820F007
S2140174D0D1FEFEF771F901210246064803F044FC8D
S2140174E0054BFF21054A0648FEF7C6FEBDE80840E3
S2140174F0FEF708BBBF6200206857002064570020D3
S214017500B0610020F0B5002204464FF6FF750B4F20
S21401751090B237F830600346AE4201D12846F0BD3E
S214017520A64209D1B4F57C4FF9D307EBC3035B88B8
S2140175308B42F4D00029F2D00132E9E7E49D040041
S21401754010B50446FFF7DEFF094A034610884FF6DA
S214017550FF72934214BF074A2246BDE8104017BF88
S21401756002EBC30304495A680449FFF751B800BF48
S21401757074570020E49D04008B4B04005B16040046
S214017580034B18780130C0B2187000F07F007047C6
S2140175904E6D0020044A137818B143F001031370AE
S2140175A0704703F0FE03FAE7BA620020014B187039
S2140175B0704700BFBD62002038B1074B1B78012B16
S2140175C004D1038843F0400303807047022BFCD1AB
S2140175D0038823F04003F7E7BD62002068B1074A3D
S2140175E01378012B07D1064B1B781370037843F0F1
S2140175F01003037001E0022BF8D07047BC62002034
S214017600BB6200207FB50121264B274E19703378C7
S2140176100246D90744D42549096881B10868C1885A
S2140176208D0641BF224CE18841F02001E180C188EE
S2140176304C0641BF1E48C18841F04001C1801D4D26
S2140176401D492878097840074CBFE97069701B49C5
S21401765013F00204098809D0164A194820F0E0FE02
S214017660337823F00203337004B070BD154B1888CD
S2140176704FF6FB73984208D80B46CDE900520146F7
S2140176800B4A204620F0A4F8EEE74FF6FF73CDE94B
S214017690014200930A46074B054920F075F8E3E7D7
S2140176A00020E1E7B1620020BA62002068420020B3
S2140176B068570020B06100204F6D002064570020FD
S2140176C0765700206657002070B503790446012BD3
S2140176D00D46164631D883681B78DB0600D561B3A4
S2140176E0A37B13B9E37C0B2B27D00022144B1A8003
S2140176F0637DB3FA83F35B09D800E37BABB9FEF78E
S21401770095FEA07CFEF792FE0B20FEF78FFEE07C36
S214017710FEF78CFE2846FEF789FE2046FFF756FE4A
S2140177203046BDE87040FFF76DBF40F00400FEF73D
S2140177307DFE208A20F09FFEE3E7002070BD00BF9B
S21401774064570020024B0A4601461868FFF7BCBF83
S21401775068420020F0B4054618460F4B0C461B78CD
S214017760BDF81010012B0D4E01D0377827B100233C
S21401777033700020F0BC70470CB9002AF9D143B130
S2140177804FF65743994204D02B462246F0BC20F0D0
S2140177902DBE0120EEE700BF506D0020BE62002026
S2140177A02DE9F04F684C4FF0000A25468446964670
S2140177B098460F46654B664E83F800A00FCE0FC560
S2140177C096E80F0085B085E80F00DDF83C90BDF81F
S2140177D0383072460093394643466046CDE90194F7
S2140177E000F0DCF8DFF89081064670B90025FEF758
S2140177F0FFFD16220021574803F0B6FA002328465B
S214017800C8F8003005B0BDE8F08F534BA27CC8F82D
S21401781000401A70514B1B78002B36D020F036FFF3
S2140178204F4902465046FEF7F3FE2268504653790A
S21401783052884C490092A289FEF7EAFE504620F093
S2140178409EFE20B12368218A5888FFF779FEE37BE4
S21401785023B10020228A4449FEF7DAFEA3680020FD
S2140178601A78E37C41490093A37CFEF7D1FE207D84
S214017870A289A168121A01440123002092B2FEF7E0
S21401788011FE00203A49FEF7A9FE2F48FFF79EFD9C
S2140178902D4822F087F9054630BBB9F1000F25D1F6
S2140178A02168E0880B8801904988BA1E032A009156
S2140178B08CBF002201220121E07CFFF74BFF38B983
S2140178C023685B79FF2B3AD0FFF7B6FD05468EE7B6
S2140178D02368DB889A06F3D40121264C1A482170C6
S2140178E020F0EDFE84F80090354680E7B9F81430B4
S2140178F09B07E5D47AE75846FEF718F882465846BD
S214017900FDF760FF88B123685046228A598820F027
S214017910B5FA50B13846FFF759FD236889F804A037
S21401792083F805A0FFF788FD00B92846054601360D
S214017930FDF742FF5FFA86FB5845DCD857E700267D
S214017940014FDFF83890F3E76C420020B162002067
S214017950C49D0400765700204F6D00204D6D002019
S214017960A44B0400AD4B0400CE4B0400DA4B0400DC
S214017970CFFE0300BE620020684200206857002048
S2140179800023054AD15C814202D31A4450787047DD
S2140179900233DBB2F6E700BFB29D040073B51546AD
S2140179A02E781A4616F0040F0CBF032605269E42B3
S2140179B0089C08D9224A234900960020FEF70EFEAD
S2140179C0002002B070BDBDF8183021712060E38040
S2140179D0A560A2812B7803F00103A3732B7803F033
S2140179E00403002B14BF01210021E1732978C1F3A0
S2140179F0C00161754FF00101217518D0284620F0AD
S214017A0077FD237D208202332375227D531CDBB252
S214017A102375A95C0232D2B2A1742275EB5CE374C1
S214017A20A3899A4205D900920749054AC5E72382E8
S214017A30EBE7079B0120A36100232377C1E700BF83
S214017A40120604001D4C0400394C04002DE9F743CE
S214017A500024204FDFF89C80DFF89C90E0B221F0F4
S214017A60D6F8FF2805460FD12346012102201A4ADF
S214017A70F7F728FD194B013418781EF058FB152C22
S214017A80ECD103B0BDE8F08346B238EA260328BF3E
S214017A904B4601210093022057F82430104AF7F78D
S214017AA011FD002EE6DA0923E340DB070AD50D4A6D
S214017AB00D4B15F0010F18BF1A4601210220F7F7EA
S214017AC001FDD7E70A2CD5D1084A094B15F0010F5D
S214017AD0F1E700BFFC9D0400924C0400516D0020AC
S214017AE0BA4C04006B4C0400554C0400874C04004F
S214017AF07D4C04007E050400E645040008B55422CA
S214017B000021024803F030F9002008BD6458002027
S214017B1008B55422FF21024803F026F9002008BDCB
S214017B2010580020024B23F810100020704700BFA9
S214017B3010580020002310B4074ADCB2A14203D833
S214017B405DF8044BFFF7DABF2A2BF9D032F8024B67
S214017B5020F813400133F0E764580020002310B5E5
S214017B60054A994201DD2A2B00D110BD32F8024B9D
S214017B7020F813400133F4E764580020024B1878CC
S214017B8000F07F00704700BFCB620020034B1878DF
S214017B900130C0B2187000F07F007047CB62002041
S214017BA030B51C4600238BB0ADF82220021D92B2E0
S214017BB0012A0E9DADF82030ADF81E10ADF81C3030
S214017BC003D94FF6FF7290420FD10022CDE903523E
S214017BD0CDE90124094B01461B784FF6FF7000934F
S214017BE007AB21F032F80BB030BD0146CDE90153A9
S214017BF01846009407AA21F044F8F4E7526D0020D5
S214017C0038B505464FF480500C4603F0B3FA4FF4EE
S214017C1080532860236030B940F2A511BDE8384092
S214017C20014827F038BA38BDA94D0400004870470E
S214017C30425B0020014B1878704700BF6E6D002034
S214017C40014B1888704700BFF26C0020014B187872
S214017C50704700BF676D0020014B1878704700BF62
S214017C605E6D0020014B1878704700BF616D0020E3
S214017C70014B1878704700BFD0620020014B187086
S214017C80704700BFD0620020014B1878704700BFD4
S214017C90CF620020014B1870704700BFCF620020F2
S214017CA0014B1878704700BF626D0020014B1888A1
S214017CB0704700BFF06C00202DE9F74F414B424A58
S214017CC00193424BDFF844911B78DFF84481DFF8DB
S214017CD044E1DFF844C13E4F3E4E3F4D3F494048E8
S214017CE002EB431A019B524503F1200309F12009D7
S214017CF008F120080EF1200E0CF1200C07F12007E8
S214017D0006F1200605F1200501930FD10022114648
S214017D10344B324D1C78344E344B314FD0B2844202
S214017D2003F1200346D803B0BDE8F08F304B314C49
S214017D305360002349E907432F4CDFF8E0B048E9D8
S214017D4007432E4CC2E902304EE907432C4C116022
S214017D504CE907432B4C136147E907432A4C49E991
S214017D60050348E905034EE905034CE9050347E920
S214017D70050349F8201C48F8201C4EF8201C4CF836
S214017D80201C47F8201C46F8201C46E90743019CA6
S214017D9045E907B3DFF888B046E9050345E9050379
S214017DA044E907B344E9050345F8201C44F8201CC0
S214017DB0203297E743E9085643E9061743F8101CB3
S214017DC00132ABE7B4450020D4460020756D002093
S214017DD014460020F4450020D445002050550020CC
S214017DE0E64504006C6D002025C4020054460020C0
S214017DF07D6D020001B30300DD810200050D030065
S214017E005BC30300C5A40200B98B0300B44600207F
S214017E10944600207446002034460020353A03007C
S214017E20816A0200002208B5074B1A605A6020F0EA
S214017E30AAFE064B187020F0A6FE054B1870054BDF
S214017E401A78054B1A7008BDF25400202B630020E7
S214017E502A6300205F6D002029630020002100B501
S214017E6093B008466A460AF0FBF90146C8B90E4BBC
S214017E700E4A09930E4B0D920A930E4A0E4B0E9222
S214017E800B930E4A0E4BCDE90F230C930D4B6A460E
S214017E9011930AF09BFC003818BF012013B05DF85F
S214017EA004FB0120FAE700BF15AE0300797B020050
S214017EB019B00300A9440200FB8B0300799202006B
S214017EC079B00300C9750200084B1878112806D846
S214017ED0012809D9064BC34003F001007047A0F101
S214017EE04303584258417047002070472D630020D5
S214017EF03400020008B5064B1B78013B022B05D85F
S214017F000020FFF7E1FF0138C0B208BDFF20FCE703
S214017F102E630020044B00F1100250F8041B90421F
S214017F2043F8041BF9D170472F630020044B03F17B
S214017F30100253F8041B934240F8041BF9D1704712
S214017F402F63002030B5002491B0114B0546214621
S214017F5014220BA8CDE9094302F006FF102209AB53
S214017F60CDE900440693CDE90452CDE90252094B0E
S214017F7009490AA81DF0DAFC04460AA821F0B9FB53
S214017F801CB1A021054827F086F811B030BD00BF0E
S214017F9000248000004440042F630020344E040077
S214017FA070B5002490B0154B05460E4614222146A6
S214017FB00BA8CDE9094302F0D7FE102209ABCDE9A3
S214017FC0004406933146CDE90452CDE902520C4BEA
S214017FD00AA81DF0ABFC04460AA821F08AFB1CB1D6
S214017FE0BA21084827F057F8099B102B03D0BB216C
S214017FF0044827F050F810B070BD00BF0024800080
S21401800000444004344E040030B50D4600218FB0C4
S214018010124B0446142209A8CDE9071302F0A4FE68
S214018020102207ABCDE90242CDE90042049329466E
S2140180300B4B08A81DF07CFC044608A821F059FB50
S2140180401CB1D121074827F026F8079B102B03D037
S214018050D221044827F01FF80FB030BD002480005D
S21401806000444004344E0400014B93F95A00704713
S214018070885400200022034B1870034B1970034BE1
S2140180801A70704740630020416300203F63002060
S2140180902DE9F04FDFF89080064698F800300D463F
S2140180A085B0002B3AD04FF6FB73984236D84FF086
S2140180B0000B1C4FDFF874A03C7898F800305FFA8C
S2140180C08BF94B459AF8000011D9484402AA0DF1E4
S2140180D00601C0B216F028FA082229460DEB020066
S2140180E003F08EF90BF1010B0028E6D14C463B78E4
S2140180F0A34208D198F80020631CDBB29A423B7079
S21401810004BF00233B70324629469AF800301C44CF
S214018110E0B205B0BDE8F04F16F0F4BA05B0BDE820
S214018120F08F00BF3F6300204163002040630020C2
S2140181302DE9F74F06460D4614461F464FF0010B34
S214018140DFF8789003F10C0A15B903B0BDE8F08F9B
S214018150102DA84628BF4FF010083A46164B5FFA76
S21401816088F152F8040B524543F8040BF9D10191FA
S2140181709AF8002011481A70002389F80F4089F8F0
S21401818000B089F80E30FFF7DDFE324601340B48A9
S2140181900199E4B212F801CB10F8013B83EA0C0313
S2140181A002F8013C931BDBB28B42F3D3A5EB080824
S2140181B016461FFA88F5C7E743630020426300208E
S2140181C02DE9F04F9046914685B00090981A02939B
S2140181D083B20193009B0F46354903F10C0453F813
S2140181E0045BA34241F8045BF9D11B78314E0B7056
S2140181F049233370019BF0731B0A3046B373FFF7B4
S214018200A1FE0221BB460D46737888EA030373700C
S2140182104FF0000A1DE0C5F11004A9EB0A039BB25A
S214018220A4B29C4228BF1C4600231FFA83FCE81810
S2140182306445C0B21FD82544EDB2A344102D544462
S2140182401FFA84FA05D1002530460391FFF77AFE1E
S2140182500399D145DFD807EB080B25B115480391E3
S214018260FFF770FE039901294FF000050DD001219B
S214018270DDF80490CCE71BF803C016F800E00133E4
S2140182808CEA0E0C06F800C0CFE7029B09491F4492
S214018290094B38461C78224602F0F6FE2A4621464D
S2140182A03846009B05B0BDE8F04FFFF741BF00BF61
S2140182B04363002042630020766D002030B540788D
S2140182C00C4601284FF0110387B001F1100516D1B5
S2140182D0144A01A90BF002F8234601AC224618689D
S2140182E05968083303C2AB421446F7D111230D4A2D
S2140182F0002001A90AF0F2FF002007B030BD0120DE
S214018300094A01A90AF0EAFF234601AC2246186889
S2140183105968083303C2AB421446F7D11123024A07
S214018320E6E700BF75E4010079EB010030B50C46C5
S214018330407887B001284FF011030DBF0B4A0C4A55
S214018340012001A918BF01A90AF0C8FF234601AA06
S21401835005AD144603CCAC4218605960224603F1C1
S2140183600803F6D1002007B030BD00BF75E4010058
S21401837079EB010010B50C4688B01A230C4A01A906
S21401838001200AF0ABFF21460DF10E0304F11002A5
S21401839051F8040B914243F8040BF9D11A2300203B
S2140183A0034A01A90AF09AFF002008B010BD00BFD9
S2140183B024E10100F0B58BB004460D4622F09FFC87
S2140183C0A8B101A813F082FE88B1667B271D16F0BE
S2140183D0020F05D00822384601A903F011F8D0B9DA
S2140183E001AB46F0020603CB6060796066731A2320
S2140183F00A4A03A901200AF071FF29460DF1160366
S2140184000DF1260253F8040B934241F8040BF9D1FF
S21401841000200BB0F0BD2D20FBE700BF24E10100DA
S214018420F0B50546071D00220C463846082193B0D4
S21401843022F0F7FB6A7B0646D0070BD5687808A9B9
S21401844021F088F8DDF83D306B60DDF841307B6067
S21401845080B10BE0910709D5D2000121384602F020
S214018460800221F084F8FF28687002D12D2013B015
S214018470F0BDD6B1687801A921F001F89DF81C304D
S2140184805B0604D54FF4C6710A4826F004FE23465F
S21401849003AD07AC2A4603CAA242186059601546C6
S2140184A003F10803F6D10020E1E708A921F052F80C
S2140184B0CEE700BFB24E04002DE9F04106468AB071
S2140184C01F480F4615460024FFF730FD002C01A972
S2140184D014BF4FF05C0C4FF0360C10238846184A38
S2140184E012F8010B013B8CEA000013F0FF0301F8C0
S2140184F0010BF5D105A823F0FAF94246102105A88B
S21401850023F0F9F9C4B93946324605A823F05BFAD7
S2140185102A460DF1140C0DF1240E634603CB734568
S214018520106051609C4602F10802F6D114B10AB0FF
S214018530BDE8F0810124C9E72A461021E5E700BF1E
S214018540726300202DE9F04791460D46C0B09DF8B4
S2140185502041DDF828811E46DFF87CA09DF82431F5
S21401856007462246494640468AF8003002F08CFD0E
S2140185709DB12346324641463846FFF721FEB442B6
S21401858007D9A11B3B46012289B208EB0600FFF77B
S214018590CFFD002040B0BDE8F087A11B3B4601227D
S2140185A089B208EB0600FFF7C3FD2246414668463E
S2140185B002F06AFD3246694638462346FFF700FE5A
S2140185C09AF800200DEB040109EB040002F018FFF5
S2140185D00028DED02C20DDE7766D002038B5034676
S2140185E0104601F1100451F8045BA14242F8045B05
S2140185F0F9D104491BB1FFF7D3FC002038BDFFF7C2
S21401860003FDFAE77263002030B5054689B0694676
S21401861020F0AAFD6B8804ACABB122462946684619
S21401862020F042FD0E4A08AD234603CBAB42106054
S21401863051601C4602F10802F6D10948FFF76AFCB0
S214018640002009B030BD6B46054D1A4603CAA2424A
S21401865028606960134605F10805F6D1EDE700BF0D
S2140186607263002050B10B4B0B4A03F1100153F813
S214018670040B8B4242F8040BF9D17047064B054AAE
S21401868003F1100153F8040B8B4242F8040BF9D1A5
S214018690704700BF726300205263002008B51022A5
S2140186A0024802F0B3FB002008BD00BF6263002051
S2140186B008B508461022024902F0A8FB002008BDB2
S2140186C06263002010B5044686B001A9114A112341
S2140186D001200AF003FE9DF8143001A8E37023F090
S2140186E0FCFC80F001000C4A01A9607011230120F6
S2140186F00AF0F4FD9DF8143001A8A37023F0EDFCF8
S21401870080F00100207012F06DF86060002006B065
S21401871010BD00BF75E4010079EB010010B50446F9
S21401872086B01123134A012001A90AF0D7FDA378C8
S2140187309DF814209A4207D08DF81430002011239A
S2140187400C4A01A90AF0CAFD11230B4A012001A90E
S2140187500AF0C4FDE3789DF814209A4207D08DF8FC
S214018760143000201123044A01A90AF0B7FD06B00F
S21401877010BD00BF79EB010075E401002DE9F04161
S21401878086B0064603A80C4614F0EEFC0546002803
S2140187904AD1BDF80C30980646D510222946204607
S2140187A002F0E2FA01A813F091FCC0B1777B06F162
S2140187B0040817F0020F06D00822404601A902F06D
S2140187C01FFE00282ED101AB47F0020703CB7060D5
S2140187D0C8F804107773238843F00803238023889E
S2140187E043F00203238013F041F8606022F087FA19
S2140187F030B10E4B1B68A360238843F0040323802B
S2140188000B4B1A68D1035EBF238843F01003238005
S214018810130203D5238843F400632380284606B059
S214018820BDE8F0812D25F9E72425F7E70447002068
S2140188300847002010B5D0E9023253F8223090B034
S2140188401C6840226946204620F0F7FE034630B1F8
S214018850224600200549FDF7C1FE10B010BD0122D9
S21401886069460820FDF764FEF7E700BF484F04009D
S21401887070B500F0B1F800280CBF6E2279220020F6
S2140188801349FDF7ABFE00F0A7F8F0B120F0E9FEC2
S21401889000280CBF6E22792200200E49FDF79EFEAD
S2140188A0082200200C49FDF799FE00250B4C0C4EC2
S2140188B0234654F8042C314600200335FDF78EFE7E
S2140188C0182D04F10C04F3D170BD3F22E4E700BF7C
S2140188D0804F0400974F0400A74F04002C48002047
S2140188E0C64F040070B520F0A1FE044621490020C1
S2140188F0FDF774FE2CB92046BDE870401E49FDF711
S2140189006DBE00F0BBF805461C4B62690020002ACC
S21401891008BF1A461A492668FDF760FEA28800209D
S2140189201849FDF75BFE1849E2880020FDF756FE60
S214018930A388228913F010001ABF00201349144996
S214018940FDF74CFEE26800201249FDF747FE22695A
S21401895000201149FDF742FE104A114B0020B6F5E2
S214018960817F38BF13460F492A46BDE87040FDF7A0
S21401897035BE00BFFB4F040008500400F81E04007B
S2140189802950040047500400685004008550040034
S214018990A2500400C0500400DE500400F34F04004F
S2140189A0E94F0400FC50040038B5014600230C25AD
S2140189B0084A05FB03F4A0181459013404D10C220B
S2140189C002F024FA002038BD0133082BF1D1012032
S2140189D0F9E700BF28480020034B1878012894BF08
S2140189E000200120704700BF8463002038B504468C
S2140189F0044D2878A04203D0214620F0F7FD2C70C4
S214018A0038BD00BF8463002000B58FB0342200213A
S214018A1001A802F0A9F901A8EEF75CFD0598D0B10E
S214018A2082680E4BB2F5803F34BF92B2C2F38F22FA
S214018A3041881A81028828BF41F010011A604268F5
S214018A409980DA80C268DA6002691A6142695A61FD
S214018A50027E18461A760FB05DF804FBAC4700207C
S214018A60054B1B7820B1012B04D80220FFF7BEBFAF
S214018A70012BFBD8704700BF8463002010B5084C5B
S214018A80237853B920F0D2FD0123237028B103685F
S214018A90B3F5817F24BF037E2370207810BD00BF0D
S214018AA08363002070B5184B1B78012B2BD820F060
S214018AB0A0FD164D024616490020FDF78FFD012048
S214018AC0FFF7CEFF2E78FF2E1DD1FFF79DFFC8B111
S214018AD0848860223146C4F340040E482C7002F0AC
S214018AE043F9602231460C4802F03EF95CB1FFF7CB
S214018AF0C5FF042807D9BDE8704040F22B1107488E
S214018B0026F0C9BA287070BD84630020776D0020F6
S214018B101F51040028480020C84700203151040096
S214018B202DE9F04FDFF884928DB003AB07468846F7
S214018B30144699E8070083E80700FFF7B3FFFFF73D
S214018B409DFF944B06461D784B46012D40F07081E3
S214018B50012840F27281B7FBF0F200FB1272002A84
S214018B6000F06B818C4900228B46D1F800C0BCF125
S214018B70FF3F04D0087A6044874200F01981013231
S214018B80082A01F10C01F0D193E8070006AE0DF1B9
S214018B90240A86E807008AE80700FFF76FFFB7FB9D
S214018BA0F0FB00FB1B7BA0EB0B094A464146064641
S214018BB00AA809978DF82C9002F066FA00224FF069
S214018BC00C0E764902E00132082A0ED00EFB02F0A6
S214018BD000EB010C08580130F5D19AE807008CE843
S214018BE007006F490A7801320A70A14504DD4FF487
S214018BF0E2716C4826F04FFAA41B5C444F44A1B2C4
S214018C0017FA84F4B4FBF6F206FB1242C8448E1A35
S214018C1091B1A41A08EB060107A88DF82020069446
S214018C2002F032FA06A8FFF7BFFEFF2804D140F291
S214018C30D9115C4826F02FFAB6B2B6B10320FFF779
S214018C40D5FE802E0AD832464146574802F01CFA15
S214018C5032463846544920F0D4FC05460220FFF738
S214018C60C5FE28460DB0BDE8F08F0025F9E74FF4A4
S214018C700E714C4826F00FFA464B1B78012B00F07C
S214018C80E380002C36D00320FFF7B0FE802C2FD8CF
S214018C9022464146444802F0F7F922463846424900
S214018CA020F0AFFC05460220FFF7A0FEDFF8F090AB
S214018CB099F8003093B1039CFFF7E0FE374B00278D
S214018CC098461A68511C04D0197A411A521A9442CD
S214018CD024D00137082F03F10C03F2D1002DC0D1A7
S214018CE0039B0133C1D003A8FFF75EFE0546B8E734
S214018CF00125D8E72546D9E740F26D21294826F017
S214018D00CAF9012524E0012D30D0802E2FD8324615
S214018D102549039820F075FC054628E0002DA0D1D2
S214018D200C247C4308EB04039DF814A093F808B0C8
S214018D300AEB0B03802BDFDC1B4B524604A91846BB
S214018D4002F0A2F9211D5A464144504402F09CF912
S214018D500C2303FB07839DF814201B7A13449E42C1
S214018D60D1D040F273210F4826F095F90125022053
S214018D70FFF73CFE99F8003013B1013B89F800304B
S214018D804FF0FF3308EB040248F80430C2E9013320
S214018D9067E700BF776D002028480020C8470020FD
S214018DA082630020315104002C470020609E04009D
S214018DB04FF00C0A0AFB02B3187AA6EB00095FFA19
S214018DC089F9A14501D35FFA84F90AFB02FA0AF18F
S214018DD0040528444A464146584402F055F90BEB2F
S214018DE00A031A7AA4EB09044A44D2B2B242A4B2E4
S214018DF01A7219D103200193FFF7F8FD32460BEBE7
S214018E0005015BF80A0020F0FCFB05460220FFF78F
S214018E10EDFD4FF0FF32019B4BF80A20C3E901221A
S214018E20002D7FF41EAFC844002C3FF41EAF4F4404
S214018E30104B1B78012B7FF424AFB7FBF6F306FB30
S214018E401373002B7FF413AFE319B3FBF6F506FBA0
S214018E501535002D3FF415AF641B5B1B08EB0401B1
S214018E602A4604A80393A4B202F00EF98DF8145012
S214018E7007E700BF776D002070B5134B1B78012BF9
S214018E800CD1FFF70FFE0026104D55F8043C0133B8
S214018E9006D10336182E05F10C05F6D1002411E093
S214018EA00320FFF7A3FD55F8044CFFF7E7FD29461D
S214018EB00246204620F0A5FB04460220FFF796FD59
S214018EC0002CE6D0204670BD776D00202C4800208F
S214018ED070B505460C46FFF7E5FD0520FFF786FD54
S214018EE02146284620F09BFB06460220FFF77EFD22
S214018EF000220A4B2C441968481C08D0A94206D304
S214018F00A1423EBF4FF0FF31C3E900119960033221
S214018F10182A03F10C03EED1304670BD2848002014
S214018F20D0E9023253F8223010B51C68204600F012
S214018F3095FA28B12146BDE81040024800F002BE6D
S214018F4010BD00BFAF51040008B5D0E9023253F896
S214018F502230186800F06CF920B1BDE808400248DC
S214018F6000F0F0BD08BD00BFD15104002DE9F0416D
S214018F70D0E9023253F8221003EB82035B680F68D4
S214018F801D789AB0642D04D96421114800F0DAFDE9
S214018F9064252A46384601A900F002F9044698B924
S214018FA00C4800F0CFFDDFF8348001AE013DA5424C
S214018FB002DC1AB0BDE8F0813919404616F8012BDB
S214018FC000F0C0FD0134F2E7034800F0BBFDF0E716
S214018FD0F4510400145204003E5204002B520400C3
S214018FE02DE9F04700252D4FDFF8E080DFF8E0900F
S214018FF08CB0284603A900F0EFF810B10CB0BDE81C
S214019000F087049B2946039A0093384600F09AFDA0
S214019010404600F097FD059910290CD810290CD868
S214019020DFE801F00F14320B340B0B0B360B0B0B76
S2140190300B0B0B0B3A0020292CD0194800F082FDAF
S21401904007E0184800F07EFD0135D2E7164800F02B
S21401905079FD0699484600F075FD0799134800F01A
S21401906071FD134800F06EFD1024DFF868A00DF1C5
S2140190701F06504616F8011F013C00F063FD14F070
S214019080FF04F6D10B48DDE70B48E0E70B48DEE7C7
S2140190900B48DCE70B48DAE70B48D8E759520400DF
S2140190A0FE520400AE520400BE52040024530400D3
S2140190B03C530400F8F70300C6520400CE520400E5
S2140190C0D7520400E2520400F95204009D520400F3
S2140190D00D5304004D53040010B50B4C8EB023788D
S2140190E05BB9EEF771F9014650B9012301A8237067
S2140190F0EEF7F0F9054B049A1A6020780EB010BD11
S214019100034800F01FFDF8E7856300206C4B002044
S2140191105353040000B58FB0FFF7DEFF002829D0B7
S21401912001A8EEF7D7F9059B1448198800F00AFD47
S214019130059B13485969134B002908BF194600F0CF
S21401914001FD059B1048598800F0FCFC059B0F4863
S214019150196900F0F7FC059B0D48D96800F0F2FC90
S214019160059B0C48197E00F0EDFC0B4B0B4819686B
S21401917000F0E8FC0FB05DF804FB00BF905304005C
S214019180A2530400F81E0400B4530400C85304009C
S214019190DC530400F05304006C4B0020045404001C
S2140191A070B5064615460C4679B172B1FFF794FFC5
S2140191B068B121462A463046EEF796FA014618B1BE
S2140191C0044800F0BFFC012070BD2120FCE71120FF
S2140191D0FAE700BF1654040037B505460C46FFF7FC
S2140191E07BFFE0B1114B1B68AB421AD9CCB1002111
S2140191F02422204601F0B8FD214628461BF052FBEA
S21401920088B9284601AA04F10801EEF71FFA20B131
S21401921040F20643C01A18BF012003B030BD11202A
S214019220FBE72120F9E70120F7E700BF6C4B0020A0
S214019230F0B593B00546FFF74FFF002845D0254B04
S2140192401A68AA4207D829462348013A00F07AFC50
S214019250212013B0F0BD05A8EEF73CF9284603A976
S2140192601BF020FB98BB049A22F4FF57C2F30C03B1
S21401927027F01F072BB14FF400532946174800F07B
S21401928061FC039E7FB125F013FF30464FF4005179
S214019290EEF7B6FA3346044606F5005650B9039B78
S2140192A0F31ABB42EFD32A4639460D4800F04AFC72
S2140192B0002406E000902A464FF40051094800F0C9
S2140192C041FC201E18BF0120C3E71120C1E7012081
S2140192D0BFE700BF6C4B002044540400F254040066
S2140192E0B15504006055040010B5044638B1FFF7C7
S2140192F0F3FE30B10020044B1B68236010BD212013
S214019300FCE71120FAE700BF6C4B002010B50446BD
S214019310FFF7E2FEB0B10C4B1A68A24206D821460E
S2140193200A48013A00F00EFC212010BD25F0C0FECF
S21401933040F2C12220460649EEF748F9003818BF28
S2140193400120F2E71120F0E76C4B002044540400A2
S214019350A848002010B50446FFF7BEFE70B12146AE
S2140193600848EEF753F940F20323984208D040F23A
S214019370012398420CBF0520012010BD1120FCE7F7
S2140193800020FAE7A84800202DE9F0412D4D0446BB
S2140193902F68FFF7A1FE002851D02968A14207D8FF
S2140193A04A1E2948214600F0CDFB2120BDE8F08168
S2140193B02648EEF7EBF8DFF894800246B0B943464C
S2140193C02E68964222D1BE4214BF3A4606F1FF32BB
S2140193D012BB31461D48C8F80040EEF7B7F8014603
S2140193E000B31B4800F0AEFB0120DFE72046EEF796
S2140193F08DF8044638B10146164800F0A3FB201E3E
S21401940018BF0120D2E7EDF7DDFEF8E753F8041B9D
S2140194108C42DDD00132D4E70C499200081D01F0E0
S214019420F5FCD6E729680948EEF7B0F8044610B10E
S21401943001460948D6E7EDF7C5FE2046B6E71120F6
S214019440B4E700BF6C4B0020445404008848002059
S214019450F7550400CD5504002A560400F8B5044615
S214019460FFF73AFE002845D0234B1A68A24207D8D8
S21401947021462248013A00F065FB21242046F8BD2A
S2140194801F4800F05FFB25F013FE40F2C1221D4984
S2140194902046EEF79BF840F20327054625F008FE26
S2140194A0184E65B140F203239D421AD0294616484C
S2140194B000F048FB0124154800F044FBDEE725F0E8
S2140194C0F7FD29463046EEF7A1F8B84209D040F23A
S2140194D00123984203D10E4800F034FBE1E705462C
S2140194E0DFE721460B4800F02DFB2046FFF74CFF37
S2140194F00446E0E71124C1E76C4B00204454040005
S21401950061560400A848002081560400F8F70300BD
S214019510042B04009956040010B50A46044619B1F6
S214019520024B00211B68984710BD00BF6C9E0400CB
S21401953010B5114C2378580744BF23F00403237059
S2140195402378990705D500F05DF8237823F0020308
S214019550237063781BB10023084A636053600023BD
S214019560082106486370FFF7D7FF2378DA0744BF60
S21401957023F00103237010BD704B0020744B0020B4
S21401958038B51A4C62782378022A01D1072B11D0FC
S214019590DD0712D52378980707D400F02BF8237837
S2140195A0054643F00203237080B96278237882B1BE
S2140195B05A0716D50025284638BD1CF035F92378FC
S2140195C0054643F0010323700028E3D0FFF7B0FF00
S2140195D0F1E7D907ECD5064962604A60022262705B
S2140195E0E6E743F004032370E4E700BF704B002076
S2140195F0744B00200122024B002083F8F0207047B4
S2140196007C4B00202DE9F0410A4C002526464FF000
S214019610010803272046C4F81C802776013520F070
S2140196204BF8062D04F12804F4D1002386F8F03017
S214019630BDE8F0817C4B00202DE9F04F984691B0B3
S2140196400B1E0A93B44B914614BF83469B460025D6
S2140196501A9E98F8000070B94D4538BF2A464B4609
S2140196604FF000000A9928BF09F1FF32D847284673
S21401967011B0BDE8F08F252808F1010806D02A466A
S2140196804B460A996C1CD8472546E2E7002341461B
S21401969011F8012B2B2A16D00AD8202A16D0232AF5
S2140196A017D0A2F13000092834D800270A2418E080
S2140196B02D2A05D0302AF4D143F001038846E6E787
S2140196C043F00203FAE743F00403F7E743F0080325
S2140196D0F4E743F01003F1E7884604FB0722A2F102
S2140196E03007414611F8012BA2F130000928F3D9C1
S2140196F098F800202E2A52D198F8011008F101029C
S214019700A1F13000092843F480633ED800244FF0CD
S2140197100A0E11E02A2A08D156F8047B8846002F43
S214019720BCBF43F002037F42E2E70027E0E70246C0
S2140197300EFB0411A1F13004104610F8011BA1F133
S214019740300CBCF1090FF2D99046424612F8011BC3
S2140197506C292DD025D8682933D06A293BD04246BA
S214019760904618F8010B672860D8572836D8452840
S21401977008D084D9462800F0188147287FF47FAFA7
S21401978043F4006343F0200327E12A2906D156F863
S214019790044B08F1020824EAE474D6E79046002454
S2140197A0D3E7742901D07A29D9D143F48073D7E756
S2140197B098F801106C29F8D143F4407308F10202BD
S2140197C0CEE798F80110682902D043F08003C7E776
S2140197D043F0C003F2E743F40073C1E7A0F1580277
S2140197E00F2A3FF64CAF01A151F822F08D980100E7
S2140197F07F9601007F9601007F9601007F9601000B
S2140198007F9601007F9601007F9601007F960100FA
S2140198107F9601008D980100F99901008D9801004D
S214019820CF990100AF990100CF990100A0F169011C
S214019830C9B20F293FF623AF012249F2410C8A40F3
S21401984012EA0C0218D10A2900F0158107297FF4C3
S21401985016AF43F0210305930823CDE903431023F4
S214019860CDE9012356F8043B2A46009358464B4659
S2140198700A9920F011F8A8E06F2800F05E8110D94F
S214019880782808D1102223F00C0310E0582839D08C
S214019890622800F054810A2223F01003642806D0BF
S2140198A0F1E769284FF00A0223F01003F6D15905B3
S2140198B048BF23F00103692803F4007101D064282E
S2140198C040D111B3073626F00706B24670685AF83B
S2140198D0081BCDE9077300230593C30F00280293E5
S2140198E006940B46049202DA4B4260EB4000CDE947
S2140198F000304B462A4658460A9920F00FF805468E
S2140199005646A6E643F02003BCE7D90506F1040A4D
S21401991004D5316805E000BFFB96030058060CD558
S2140199203178CDE90224CDE9047300294FEAD173D9
S2140199300193B8BF4942009120E01906E9D5B6F96E
S2140199400010EEE779B1CDE907730023CDE90423D2
S21401995006F1070A2AF0070A06940293FAE8022398
S214019960CDE90023C5E7D80506F1040A0DD5CDE9F2
S2140199700473CDE902240191336800934B462A46CD
S21401998058460A991FF088FFB9E7590607D5317876
S214019990CDE904730023CDE902240193CBE73168B6
S2140199A013F0800F18BF89B2F2E743F02003CDE928
S2140199B00173073626F007060094B6EC020B4B46F9
S2140199C02A4658460A99EAF7E3FE054641E600F0BC
S2140199D0DF00472801D143F40063CDE90173073660
S2140199E026F007060094B6EC020B4B462A4658466C
S2140199F00A99EAF711FDE8E713F0020426D04FF0C2
S214019A00010A6B1C0B932A464B460A9916F8040B5F
S214019A10D84774B354460B9A21E04B4620200A9946
S214019A20D8470AEB05020AF1010A5745F5D83A1E4E
S214019A3018BF0122002A07F1FF3308BF002307F1F0
S214019A40010A1D4408BF4FF0020ADAE7A246E8E71A
S214019A50551C4B4620200A99D8472A460134BC4259
S214019A60F6D3A7EB0A03574538BF00230B9A1A44CF
S214019A700B920B9DEDE53246002C52F8046B14BF99
S214019A8021464FF0FF310B9232463144107808B12F
S214019A90914211D1A2EB060A13F480620C9202D015
S214019AA0A24528BFA24613F002030D931BD1AAEBD1
S214019AB005032A460F9308E00132E7E7531C0E938D
S214019AC020204B460A99D8470E9A0F9BD318BB42C3
S214019AD0F4D3A7EB0A03574538BF00230AF1010266
S214019AE01D4403EB020AAB1B0E9304E01C464B46D7
S214019AF02A460A99D8470E9BF51816F8010B28B185
S214019B000C9B002BF3D0631E002CEFD10D9B93B161
S214019B102A46AAEB050405E0561C4B4620200A9966
S214019B20D84732461319BB42F6D3A7EB0A0357456B
S214019B3038BF00231D440B9E8BE50822A3E60222B4
S214019B40A1E600BF0FB41FB506AA52F8043B02A94E
S214019B500392009204484FF0FF32FFF76DFD05B007
S214019B605DF804EB04B07047BD9903001FB50346CA
S214019B7000914FF0FF3203A90248FFF75DFD05B0E3
S214019B805DF804FBBD9903001FB5CDE90201009302
S214019B9002A9134603484FF0FF32FFF74DFD05B00B
S214019BA05DF804FBC59903001FB5094B094A1868FF
S214019BB0094B01A91860094B1360094A0192094A29
S214019BC01268CDE902231BF0D6FE05B05DF804FB52
S214019BD098690020443C0020483C00208C69002005
S214019BE0028D04002C4F0020014B18681BF0D7BED5
S214019BF09869002038B5F2F767F80446064D2B68D9
S214019C00D3F8B002F2F754F828681BF0DBFE2046C2
S214019C10BDE83840F2F74CB89869002010B51F4CE3
S214019C20F0F728F9236F012023F0070343F002031E
S214019C302367F0F72DF9D4F82031002023F007032D
S214019C4043F00103C4F82031D4F8403123F0030374
S214019C5043F00103C4F84031D4F8603123F0030324
S214019C6043F00103C4F86031D4F8403223F0030313
S214019C7043F00103C4F84032D4F8003223F007035E
S214019C8043F00103C4F80032D4F8083223F0070386
S214019C9043F00103C4F8083210BD00BF0080005035
S214019CA0064B1B681A7A022A01D81AB97047032A8A
S214019CB000D070471B68024A136070479C690020F9
S214019CC02C4F00200022024B5A60DA601A6070475F
S214019CD0304F002008B501F037FF0022014B1A7003
S214019CE008BD00BF866300200A4601491FF0D4BEA6
S214019CF089B604000A4601491FF0CEBE84B60400A8
S214019D000A4601491FF0C8BE7DB604000A4601494D
S214019D101FF0C2BE7AB604000A4601491FF0BCBE57
S214019D2077B604000A4601491FF0B6BE72B60400B3
S214019D300A4601491FF0B0BE6DB604000A46014945
S214019D401FF0AABE68B604000A4601491FF0A4BE69
S214019D5061B6040081F0004102E000BF83F00043D9
S214019D6030B54FEA41044FEA430594EA050F08BFB0
S214019D7090EA020F1FBF54EA000C55EA020C7FEA74
S214019D80645C7FEA655C00F0E2804FEA5454D4EBF1
S214019D905555B8BF6D420CDD2C4480EA020281EABB
S214019DA0030382EA000083EA010180EA020281EAF3
S214019DB00303362D88BF30BD11F0004F4FEA013145
S214019DC04FF4801C4CEA113102D0404261EB410154
S214019DD013F0004F4FEA03334CEA133302D05242DA
S214019DE063EB430394EA050F00F0A780A4F1010496
S214019DF0D5F1200E0DDB02FA0EFC22FA05F28018D0
S214019E0041F1000103FA0EF2801843FA05F35941B5
S214019E100EE0A5F120050EF1200E012A03FA0EFC34
S214019E2028BF4CF0020C43FA05F3C01851EBE3715E
S214019E3001F0004507D54FF0000EDCF1000C7EEB7B
S214019E4000006EEB0101B1F5801F1BD3B1F5001FB9
S214019E500CD349085FEA30004FEA3C0C04F10104D8
S214019E604FEA445212F5800F80F09A80BCF1004F01
S214019E7008BF5FEA500C50F1000041EB045141EA83
S214019E80050130BD5FEA4C0C404141EB0101013C4C
S214019E9028BFB1F5801FE9D291F0000F04BF01463B
S214019EA00020B1FA81F308BF2033A3F10B03B3F10D
S214019EB020020CDA0C3208DD02F1140CC2F10C029D
S214019EC001FA0CF021FA02F10CE002F11402D8BFFB
S214019ED0C2F1200C01FA02F120FA0CFCDCBF41EAC7
S214019EE00C019040E41AA2BF01EB0451294330BD96
S214019EF06FEA04041F3C1CDA0C340EDC04F1140473
S214019F00C4F1200220FA04F001FA02F340EA030049
S214019F1021FA04F345EA030130BDC4F10C04C4F18F
S214019F20200220FA02F001FA04F340EA030029466F
S214019F3030BD21FA04F0294630BD94F0000F83F4B9
S214019F40801306BF81F480110134013D4EE77FEA9C
S214019F50645C18BF7FEA655C29D094EA050F08BFE8
S214019F6090EA020F05D054EA000C04BF19461046C9
S214019F7030BD91EA030F1EBF0021002030BD5FEA0D
S214019F80545C05D14000494128BF41F0004130BD35
S214019F9014F580043CBF01F5801130BD01F0004589
S214019FA045F0FE4141F470014FF0000030BD7FEAFC
S214019FB0645C1ABF194610467FEA655C1CBF0B46F7
S214019FC0024650EA013406BF52EA033591EA030F0E
S214019FD041F4002130BD00BF90F0000F04BF002106
S214019FE0704730B54FF4806404F132044FF0000539
S214019FF04FF0000150E700BF90F0000F04BF0021B2
S21401A000704730B54FF4806404F1320410F0004517
S21401A01048BF40424FF000013EE700BF42004FEA12
S21401A020E2014FEA31014FEA02701FBF12F07F438F
S21401A03093F07F4F81F06051704732F07F4208BF46
S21401A040704793F07F4F04BF41F40021704730B54D
S21401A0504FF4607401F0004521F000411CE700BF99
S21401A06050EA010208BF704730B54FF000050AE01C
S21401A07050EA010208BF704730B511F0004502D51D
S21401A080404261EB41014FF4806404F132045FEA1F
S21401A090915C3FF4D8AE4FF003025FEADC0C18BFC8
S21401A0A003325FEADC0C18BF033202EBDC02C2F1BA
S21401A0B0200300FA03FC20FA02F001FA03FE40EA4C
S21401A0C00E0021FA02F11444BDE600BF70B54FF050
S21401A0D0FF0C4CF4E06C1CEA11541DBF1CEA13552E
S21401A0E094EA0C0F95EA0C0F00F0DEF82C4481EA96
S21401A0F0030621EA4C5123EA4C5350EA013518BFB6
S21401A10052EA033541F4801143F4801338D0A0FBA2
S21401A11002CE4FF00005E1FB02E506F00042E0FB4F
S21401A12003E54FF00006E1FB03569CF0000F18BF55
S21401A1304EF0010EA4F1FF04B6F5007F64F54074FD
S21401A14004D25FEA4E0E6D4146EB060642EAC62190
S21401A15041EA55514FEAC52040EA5E504FEACE2EFD
S21401A160B4F1FD0C88BFBCF5E06F1ED8BEF1004F00
S21401A17008BF5FEA500E50F1000041EB045170BD7C
S21401A18006F0004646EA010140EA020081EA0301C0
S21401A190B4EB5C04C2BFD4EB0C0541EA045170BDBC
S21401A1A041F480114FF0000E013C00F3AB8014F136
S21401A1B0360FDEBF002001F0004170BDC4F100047F
S21401A1C0203C35DA0C341BDC04F11404C4F1200500
S21401A1D000FA05F320FA04F001FA05F240EA02005B
S21401A1E001F0004221F0004110EBD37021FA04F691
S21401A1F042EB06015EEA430E08BF20EAD37070BD4B
S21401A200C4F10C04C4F1200500FA04F320FA05F0A9
S21401A21001FA04F240EA020001F0004110EBD370AB
S21401A22041F100015EEA430E08BF20EAD37070BD1B
S21401A230C4F1200500FA05F24EEA020E20FA04F3F4
S21401A24001FA05F243EA020321FA04F001F00041A3
S21401A25021FA04F220EA020000EBD3705EEA430E14
S21401A26008BF20EAD37070BD94F0000F0FD101F043
S21401A2700046400041EB010111F4801F08BF013C7C
S21401A280F7D041EA060195F0000F18BF704703F0BA
S21401A2900046520043EB030313F4801F08BF013D41
S21401A2A0F7D043EA0603704794EA0C0F0CEA1355FD
S21401A2B018BF95EA0C0F0CD050EA410618BF52EAB7
S21401A2C04306D1D181EA030101F000414FF00000BD
S21401A2D070BD50EA410606BF1046194652EA4306CB
S21401A2E019D094EA0C0F02D150EA013613D195EA3F
S21401A2F00C0F05D152EA03361CBF104619460AD187
S21401A30081EA030101F0004141F0FE4141F4700190
S21401A3104FF0000070BD41F0FE4141F4780170BD80
S21401A32070B54FF0FF0C4CF4E06C1CEA11541DBFE5
S21401A3301CEA135594EA0C0F95EA0C0F00F0A7F8E7
S21401A340A4EB050481EA030E52EA03354FEA013114
S21401A35000F088804FEA03334FF0805545EA131327
S21401A36043EA12634FEA022245EA111545EA1065EF
S21401A3704FEA00260EF000419D4208BF964244F186
S21401A380FD0404F5407402D25B084FEA3202B61AA5
S21401A39065EB03055B084FEA32024FF480104FF479
S21401A3A0002CB6EB020E75EB030E22BFB61A7546ED
S21401A3B040EA0C005B084FEA3202B6EB020E75EB80
S21401A3C0030E22BFB61A754640EA5C005B084FEAE8
S21401A3D03202B6EB020E75EB030E22BFB61A7546B5
S21401A3E040EA9C005B084FEA3202B6EB020E75EBC0
S21401A3F0030E22BFB61A754640EADC0055EA060E81
S21401A40018D04FEA051545EA16754FEA06164FEAC3
S21401A410C30343EA52734FEAC2025FEA1C1CC0D16F
S21401A42011F4801F0BD141EA00014FF000004FF0FC
S21401A430004CB6E711F4801F04BF01430020B4F1BD
S21401A440FD0C88BFBCF5E06F3FF6AFAEB5EB030C75
S21401A45004BFB6EB020C5FEA500C50F1000041EB72
S21401A460045170BD0EF0004E4EEA113114EB5C043F
S21401A470C2BFD4EB0C0541EA045170BD41F4801112
S21401A4804FF0000E013C90E645EA060E8DE60CEA1A
S21401A490135594EA0C0F08BF95EA0C0F3FF43BAF37
S21401A4A094EA0C0F0AD150EA01347FF434AF95EAEE
S21401A4B00C0F7FF425AF104619462CE795EA0C0FD2
S21401A4C006D152EA03353FF4FDAE1046194622E79F
S21401A4D050EA410618BF52EA43067FF4C5AE50EA79
S21401A4E041047FF40DAF52EA43057FF4EBAE12E769
S21401A4F04FF0FF3C06E000BF4FF0010C02E000BF4A
S21401A5004FF0010C4DF804CD4FEA410C7FEA6C5C2C
S21401A5104FEA430C18BF7FEA6C5C1BD001B050EACF
S21401A520410C0CBF52EA430C91EA030F02BF90EABA
S21401A530020F0020704710F1000F91EA030F58BF79
S21401A540994208BF90422CBFD8176FEAE37040F0DB
S21401A550010070474FEA410C7FEA6C5C02D150EA79
S21401A560013C07D14FEA430C7FEA6C5CD6D152EA34
S21401A570033CD3D05DF8040B704700BF84461046F9
S21401A58062468C461946634600E000BF01B5FFF7F8
S21401A590B7FF002848BF10F1000F01BD4DF808EDC8
S21401A5A0FFF7F4FF0CBF012000205DF808FB00BF99
S21401A5B04DF808EDFFF7EAFF34BF012000205DF8F3
S21401A5C008FB00BF4DF808EDFFF7E0FF94BF012040
S21401A5D000205DF808FB00BF4DF808EDFFF7CEFF41
S21401A5E094BF012000205DF808FB00BF4DF808ED80
S21401A5F0FFF7C4FF34BF012000205DF808FB00BF51
S21401A6004FEA410212F5001215D211D56FF4787394
S21401A610B3EB625212D94FEAC12343F0004343EA37
S21401A620505311F0004F23FA02F018BF4042704712
S21401A6304FF00000704750EA013005D111F000409C
S21401A64008BF6FF0004070474FF00000704700BF32
S21401A6504A0011D212F5001211D20DD56FF478739B
S21401A660B3EB62520ED44FEAC12343F0004343EAF0
S21401A670505323FA02F070474FF00000704750EA3B
S21401A680013002D14FF0FF3070474FF000007047A5
S21401A69053B94AB9002908BF00281CBF4FF0FF3143
S21401A6A04FF0FF3000F08CB9ADF1080C6DE904CE27
S21401A6B000F006F8DDF804E0DDE9022304B0704797
S21401A6C02DE9F04F099D0E4604460F46002B47D153
S21401A6D08A429446B2FA82F35AD943B102FA03FC8B
S21401A6E0C3F120029F409C4020FA02F217434FEA32
S21401A6F01C461FFA8CFE220CB7FBF6F106FB1177FF
S21401A70001FB0EF042EA0742904208D91CEB020216
S21401A71001F1FF3702D2904200F23C813946121A0B
S21401A720A4B2B2FBF6F006FB102200FB0EFE44EAD2
S21401A7300244A64508D91CEB040400F1FF3202D2FC
S21401A740A64500F22A81104640EA0140A4EB0E0419
S21401A75000211DB1DC400023C5E90043BDE8F08FB0
S21401A7608B4205D90DB1C5E9000100210846F5E780
S21401A770B3FA83F100294FD1B342C0F0028182427D
S21401A78040F2FF800846002DE8D0C5E90047E5E71E
S21401A790002B40F0AF808A1A4FEA1C4E1FFA8CF746
S21401A7A00121B2FBFEF60EFB1620220C42EA004205
S21401A7B007FB06F090420FD91CEB020206F1FF38A8
S21401A7C02CBF4FF001094FF00009904203D9B9F1AF
S21401A7D0000F00F0DC804646121AA4B2B2FBFEF06F
S21401A7E00EFB102200FB07F744EA0244A7420FD9EA
S21401A7F01CEB040400F1FF322CBF4FF0010E4FF0AA
S21401A800000EA74203D9BEF1000F00F0C980104622
S21401A810E41B40EA06409CE7C1F120048B4006FA9F
S21401A82001FC00FA01FE22FA04F7E6408A401F43C3
S21401A83020FA04F34FEA174843EA0C031FFA87FC91
S21401A8404FEA1349B6FBF8F008FB106649EA0646DC
S21401A85000FB0CF9B1450ED9BE1900F1FF3A2CBF29
S21401A8604FF0010B4FF0000BB14503D9BBF1000FC0
S21401A87000F0A2805046A6EB09061FFA83F9B6FB44
S21401A880F8F308FB136603FB0CFC49EA0646B445DD
S21401A8900ED9BE1903F1FF382CBF4FF001094FF056
S21401A8A00009B44503D9B9F1000F00F08280434690
S21401A8B043EA0040A6EB0C06A0FB028C6645434625
S21401A8C0E14602D307D1C64505D2B8EB02036CEBCD
S21401A8D0070C0138E1465DB1BEEB030266EB0906E3
S21401A8E006FA04F422FA01F3CE401C43C5E90046F9
S21401A8F0002133E702FA03FCC3F1200299409C4091
S21401A900D6404FEA1C4E20FA02F21FFA8CF7B6FB2D
S21401A910FEF00A430EFB1066110C41EA064100FBED
S21401A92007F68E420ED91CEB010100F1FF382CBF51
S21401A9304FF001094FF000098E4202D9B9F1000F1C
S21401A94034D04046891B92B2B1FBFEF60EFB1611BF
S21401A95042EA014206FB07F191420ED91CEB0202C4
S21401A96006F1FF382CBF4FF001094FF00009914264
S21401A97002D9B9F1000F16D04646521A46EA0041EE
S21401A9800FE7841A66EB030201201746FBE6023E38
S21401A990624421E702396244C1E664440238D3E6E0
S21401A9A06444023834E7023E6244E6E70238614412
S21401A9B0C8E7023B3E447BE702383E445BE700BF04
S21401A9C0704700BF2DE9F04F924685B089461E4676
S21401A9D00D46554A0390294615F8014B135D13F0B1
S21401A9E00803F8D12D2C7CD02B2C4ED04FF0FF3104
S21401A9F002936FF00043CDE9001336F0100851D0F2
S21401AA0037464FEAE6783A464346DDE90001FFF766
S21401AA103FFE002383468E4618461946A44613E099
S21401AA20ACF13704A6421FDD002B09DB83457EEB24
S21401AA30010305D38E4508BF83453BD1A24239DACF
S21401AA404FF0FF3315F801CBACF13004092CE9D9EE
S21401AA50ACF14104192CE3D9ACF16104192C03D8EB
S21401AA60ACF15704A642DFDC5A1C2FD0029A12B171
S21401AA70404261EB4101BAF1000F03D0002B48D1EF
S21401AA80CAF8009005B0BDE8F08F4FF0FF30029392
S21401AA9036F010086FF000432C7801F10205CDE97D
S21401AAA00003ADD1302C25D0002E3AD10A27B0466E
S21401AAB03E46A8E700FB08F307FB0133A0FB0701AE
S21401AAC00B44201843EBE4710123BBE72223039ACE
S21401AAD01360BAF1000F17D005F1FF39DDE9000167
S21401AAE0CEE74FF00047009301232C788D1CCDE96B
S21401AAF0017382E72B7803F0DF03582B0CD086B95D
S21401AB000827B0463E467EE7DDE9000105B0BDE810
S21401AB10F08FCDE90001DFE710276C7802353E465D
S21401AB2071E710273E466EE791B604004AE700BF7C
S21401AB3010B4044C13460A46014620685DF8044BDF
S21401AB4040E700BFCC69002010B4044C13460A4607
S21401AB50014620685DF8044B34E700BFCC6900204D
S21401AB6020F0030110F00300C0F1000051F8043B8F
S21401AB7000F1040C4FEACC0C6FF000021CBF22FA65
S21401AB800CF213434FF0010C4CEA0C2C4CEA0C4C23
S21401AB90A3EB0C0222EA030212EACC1204BF51F81C
S21401ABA0043B0430F4D0C2F1000102EA0102B2FA19
S21401ABB082F2C2F11F0200EBD20070472DE9F04786
S21401ABC080460C464548264614F801EB10F80EC0A0
S21401ABD01CF0080CF7D1BEF12D0F5BD0BEF12B0F88
S21401ABE03AD0654633F010003ED04FF0FF379A4614
S21401ABF0B7FBF3F703FB07F96FEA090900263046AE
S21401AC000EE0AEF1370C63451DDD002E04DBB842C5
S21401AC1002D833D1CC4531DD4FF0FF3614F801EBC5
S21401AC20AEF1300CBCF1090FEDD9AEF1410CBCF11F
S21401AC30190FE6D9AEF1610CBCF1190F03D8AEF1CC
S21401AC40570C6345E1DC731C1CD005B140420AB1C8
S21401AC50F6B91160BDE8F08733F0100094F800E013
S21401AC60654606F10204C0D1BEF1300F17D06BBBAA
S21401AC700A234FF005091A4F9A46BFE700FB0AC0A0
S21401AC800126CBE722233046C8F80030002AE1D05F
S21401AC90611EDEE794F800E00125B41CA2E72078E7
S21401ACA000F0DF00582807D083B908234FF00709C2
S21401ACB06FF060479A46A1E7102394F801E04FF041
S21401ACC00F0902346FF070479A4697E710234FF04A
S21401ACD00F096FF070479A4690E700BF91B60400DF
S21401ACE0999999196AE700BF10B4044C13460A46AD
S21401ACF0014620685DF8044B60E700BFCC69002080
S21401AD0010B4044C13460A46014620685DF8044B0D
S21401AD1054E700BFCC6900200F4B70B50F4DAB4216
S21401AD20A3EB050607D0B6100024013455F8043B02
S21401AD309847A642F9D80A4D24F0B2FB094B5E1B90
S21401AD40AB424FEAA60606D00024013455F8043B70
S21401AD509847A642F9D870BDAC6D0020AC6D0020B6
S21401AD60AC6D0020B06D002070B5860747D0541E2C
S21401AD70002A3ED0CAB2034601E0013C39D303F8AB
S21401AD80012B9D07F9D1032C2CD9CDB20F2C05EB45
S21401AD90052505EB054535D9A4F1100C03F1100E78
S21401ADA01A462CF00F064FEA1C1CB644C2E90055A1
S21401ADB0C2E9025510327245F8D10CF1010214F0C5
S21401ADC00C0F04F00F0C03EB021213D0ACF10403CA
S21401ADD023F003030433134442F8045B9342FBD18C
S21401ADE00CF003042CB1C9B21C4403F8011BA342A6
S21401ADF0FBD170BD64461346002CF4D1F9E7034637
S21401AE001446C0E71A46A446E0E700BF88420ED9BA
S21401AE108B1883420BD900EB020C002A6ED06246D7
S21401AE2013F801CD994202F801CDF9D170470F2AE6
S21401AE300FD8034602F1FF3C002A5FD00CF1010C4B
S21401AE40013B8C4411F8012B614503F8012FF9D120
S21401AE50704740EA01039B0751D1A2F1100301F1AB
S21401AE60200C70B523F00F0501F1100E00F110044F
S21401AE701B09AC445EF8105C0EF1100E103444F859
S21401AE80205C5EF81C5C44F81C5C5EF8185C44F8B8
S21401AE90185C5EF8145CE64544F8145CEAD10133AC
S21401AEA012F00C0F02F00F0C01EB031100EB031371
S21401AEB029D0ACF1040C1C1F8E462CF003064FEA79
S21401AEC09C0C1E445EF8045B44F8045FB442F9D15E
S21401AED00CF1010402F0030203EB840301EB84018D
S21401AEE002F1FF3C4AB10CF1010C013B8C4411F814
S21401AEF0012B614503F8012FF9D170BD704702F1AE
S21401AF00FF3C03469AE76246EAE700BF2DE9F04FA9
S21401AF1082468E463F4875461EF801BB10F80B4028
S21401AF2014F00804F7D1BBF12D0F5BD0BBF12B0F4A
S21401AF306FF0004904BF9EF800B005F1020E33F031
S21401AF40100010D1BBF1300F04D0002B5ED10A23C4
S21401AF501F4609E09EF8000000F0DF0058284ED09A
S21401AF60002B53D108231F460025B9FBF7F62846C8
S21401AF7007FB16980EE0ABF1370C63451DDD002D7F
S21401AF8004DB864202D321D1E0451FDA4FF0FF35BC
S21401AF901EF801BBABF1300CBCF1090FEDD9ABF1DA
S21401AFA0410CBCF1190FE6D9ABF1610CBCF1190FDC
S21401AFB003D8ABF1570C6345E1DC6B1C0AD004B136
S21401AFC040420AB1CDB91160BDE8F08F07FB00C061
S21401AFD00125DDE72223CAF800305AB10EF1FF3110
S21401AFE04846F0E79EF800B04FF0004905F1020E22
S21401AFF00124A4E74846BDE8F08F8146EEE710231A
S21401B0009EF801B00EF1020E1F46ADE710231F4653
S21401B010AAE700BF91B60400242B02D8012B00D06A
S21401B02074E710B500F02EFA16230360002010BD59
S21401B03010B5242A084C1346246807D8012A05D0DF
S21401B0400A4601462046BDE810405FE700F01AFABE
S21401B05016230360002010BDCC69002010B5242AF9
S21401B060084C1346246807D8012A05D00A4601462B
S21401B0702046BDE8104049E700F004FA16230360B5
S21401B080002010BDCC690020844641EA000313F07D
S21401B090030349D1403A23D30B6803604B684360EE
S21401B0A08B688360CB68C3600B6903614B6943613E
S21401B0B08B698361CB69C3610B6A03624B6A436226
S21401B0C08B6A8362CB6AC3620B6B03634B6B43630E
S21401B0D08B6B8363CB6BC36340304031403ADBD22A
S21401B0E030320BD30B6803604B6843608B68836018
S21401B0F0CB68C36010301031103AF3D20C3205D34E
S21401B10051F8043B40F8043B043AF9D2043208D023
S21401B110D2071CBF11F8013B00F8013B01D30B8895
S21401B12003806046704700BF082A13D38B07B1D04F
S21401B13010F00303AED0C3F10403D21ADB071CBF21
S21401B14011F8013B00F8013BA4D331F8023B20F88B
S21401B150023B9FE7043AD9D3013A11F8013B00F8C4
S21401B160013BF9D20B7803704B7843708B78837070
S21401B17060467047024B014618681BF0E2B900BFF3
S21401B180CC690020024B014618681BF0DDB900BFF0
S21401B190CC690020CAB384460B4630B50446084342
S21401B1A0800719D09CF800000C78A04212D150B349
S21401B1B0012A28D0E64603E01CEB030F23D010B388
S21401B1C01EF8010F11F8014FA2EB0E03A04203F186
S21401B1D0FF33F1D0001B30BD032A07D8E2E7043A5B
S21401B1E011D01EF0803F0ED1032A10D920681946CF
S21401B1F053F8045BA446A0F1013E0434A8422EEAAB
S21401B200000EECD0CEE7002030BD10467047A446B5
S21401B2101946C7E780EA010C1CF0030F37D110F07E
S21401B220030C20F0030021F0030150F8042B08BFA3
S21401B23051F8043B0ED08CF0030C6FF07F434FEABD
S21401B240CC0C23FA0CFC51F8043B42EA0C0243EA0C
S21401B2500C0300BFA2F1013C9A4201BF2CEA020C8A
S21401B2601CF0803F50F8042B51F8043BF2D04FEA13
S21401B27002604FEA1222012828BFB0EB036F08BF15
S21401B2801B0AF4D003F0FF03000EC01A704710F03B
S21401B290030F0AD010F8012B11F8013B012A28BF31
S21401B2A09A42F4D0A2EB030070474DF8045D50F8C3
S21401B2B0042B01F0030521F0030151F8043B022D94
S21401B2C026D04DD822F07F45B5EB132FA2F1013CD5
S21401B2D02CEA020C0DD11CF0803C08BF51F8043B4F
S21401B2E00AD185EA0205B5EB036F0CD150F8042BA1
S21401B2F0E8E74FEA13235BE03CF07F4C54D10B7830
S21401B3004FEA126554E04FEA126503F0FF034FE07F
S21401B3104FEA0245A2F1013C4FEA15452CEA020C20
S21401B320B5EB134F18D11CF0803C08BF51F8043B15
S21401B33007D185EA0205B5EB034F09D150F8042B76
S21401B340E6E75FEA0C4C2FD10B884FEA12452FE057
S21401B3504FEA03434FEA12454FEA134328E000BF82
S21401B36002F0FF05B5EB136FA2F1013C2CEA020CCB
S21401B3700DD11CF0803C08BF51F8043B0AD185EA88
S21401B3800205B5EB032F0AD150F8042BE8E74FEA84
S21401B39013630DE012F0FF0F06D051F8043B4FEA9D
S21401B3A0122523F07F4303E04FF0000020BC7047D6
S21401B3B005F0FF0203F0FF00012828BF904204BFFA
S21401B3C02D0A1B0AF4D0A2EB000020BC704700BF78
S21401B3D008B5064B044613B1002100F0AFF8044B44
S21401B3E01B6803B19847204619F0E4FA3DB5010001
S21401B3F078500020002301461A46184600F048B847
S21401B400032A30B415D941EA000484460B46A40742
S21401B41004D0541E0FE0043A032A08D919466046A0
S21401B42053F8044B5CF8045BA542F4D0F1E76046A0
S21401B4301946541E7AB1431E0139021901E09A4297
S21401B44009D013F8010F11F801CF6045F7D0A0EB32
S21401B4500C0030BC7047002030BC704738B5074D33
S21401B460074C2C1BA41005D0013C55F8043D984709
S21401B470002CF9D1BDE8384024F018B8B46D00208E
S21401B480B06D0020014B1868704700BFCC690020E2
S21401B490F0B5264C83B006460F46256805B36C68A2
S21401B4A01F2C3FDCA6B1D5F8880048B3D0F80011B0
S21401B4B04FF0010C40F82420022E00EB84020CFA17
S21401B4C004FC4CEA0101C0F80011C2F8803010D02B
S21401B4D0631C002002346B6045F8247003B0F0BD95
S21401B4E013491448216010B10068C1F88800104D56
S21401B4F0D5E7D0F8043143EA0C03C0F80431E7E796
S21401B5000D49CDE9002369B14FF48470FFF732FE8F
S21401B51040B100216C68C0E94011DDE90023C5F89F
S21401B5208800C5E74FF0FF30D8E700BF085100207C
S21401B5307C5000200000000075B101002DE9F04F9D
S21401B540DFF8B49083B0D9F8006096B388460190CE
S21401B5507568D6F888706C1E2BD4013507F1800B00
S21401B56006EB8505B8F1000F26D173682A68013B02
S21401B570A3423BD000232B60BAB1D6F804A05FB338
S21401B5800123D7F80011A3400B4225D0D7F80401B8
S21401B59057F8241003422BD1019890477368D9F8C5
S21401B5A0002053451ED1B2421CD1013C043D631C10
S21401B5B0D8D103B0BDE8F08F4FB15BF824304345D6
S21401B5C0D3D0013C043D621CF3D0002FF5D1013CE1
S21401B5D0EFD3013CFBD2ECE790477368D9F8002023
S21401B5E05345E0D0002AE4D01646B1E77460C3E7BD
S21401B5F008469047D2E700BF08510020431E033398
S21401B60006D8044B984228BF1846642838BF6420E1
S21401B610704700BF40420F0038B5194B05461B68FE
S21401B6200C4603B1984744B1236833B11B68013314
S21401B63003D0E3680BB1A3684BB91EF0E9FE002006
S21401B6404FF4C172412100F0FFF9212038BD204698
S21401B65002F04AFC00230B4A85F83C31C5E9374322
S21401B660C2E9003363694BB1074A422110684FF4BF
S21401B670D272C31A5842584100F0E6F90020E5E7B5
S21401B6807853002048660020DC530020F8B50446B5
S21401B69023F0FFFB002607460E4B1B6893B19E68FE
S21401B6A0AEB196F82420D20711D435460FCC0FC57B
S21401B6B00FCC0FC523682B6096F8243043F00103A6
S21401B6C086F82430384623F0DFFB3046F8BD1B6889
S21401B6D0E4E700BF206A002010B5044618B9054B00
S21401B6E0054A136010BD00F0D9FCD4F8E830002BF1
S21401B6F0F6D1F4E7BB9B03001C6A0020014B1868D7
S21401B700704700BF4866002008B502460868FFF784
S21401B71075FF08604868FFF771FF48608868FFF7A3
S21401B7206DFF8860C868FFF769FF0B69C860581C21
S21401B73003D00B48834228BF03460B614B69581C54
S21401B74003D00748834228BF034688694B61FFF749
S21401B75055FFBDE808408861104601F07BBC00BF7C
S21401B76040420F00D0F8E0302DE9F04105460C4686
S21401B77013B1C38D8B424CD0D5F8DC30002B4BD0A7
S21401B7809E68002E48D0D868002845D0013800B2FF
S21401B79000281ADB002106E0128A591CA24217D2A1
S21401B7A009B2884211DB0B1803EBD3735B1003EB72
S21401B7B0C30206EB8202B2F80EC003F1FF3EA445B7
S21401B7C0EAD90FFA8EF08842EDDA2120BDE8F08141
S21401B7D04FF6FF7299B29142F7D09BB203EBC303C7
S21401B7E006EB83062846B6F9122095F83011D5F8EF
S21401B7F0F080EFF755F80746B8F1000F04D00023A4
S21401B800324628461946C047EC85C5F8E06085F8FB
S21401B81039710020BDE8F0810E20BDE8F08100BF3F
S21401B8202DE9F04782B004460F46164601F086FE23
S21401B830002863D14F4D2B68D4F8DCA0D4F8E08003
S21401B8400BB1534576D04FF00009AF6001F09EFE74
S21401B8500128074665D120461EF019FD002851D162
S21401B8602B68DAF80010D8F8002013B1186888425F
S21401B8706BD020461EF0BDFCC5E900A8D4F8F050F8
S21401B8808DF80760002D67D00022204611460DF185
S21401B8900703A847204600F0EDFF0546B9F1000F63
S21401B8A00FD076B9D4F88C300BBB012F05D025B15B
S21401B8B0314B002103205B689847284602B0BDE85B
S21401B8C0F087B5FA85F040F207523321400900F0BF
S21401B8D0BBF83146204601F00BFA284B05461B689B
S21401B8E0414620469847D4F88C30002BDDD0002204
S21401B8F04FF40073204600F0E1FBD6E700231D4D10
S21401B9006B6098E794F82530DA07A9D5D4F8943017
S21401B9105B05A5D51A4B0122002120461B689847D6
S21401B9209EE70021012000F001FC01F02FFE012816
S21401B930FBD190E76B68002B85D0434583D1AB687C
S21401B9409F4215D04FF001097FE7696811B1096878
S21401B950914291D059688CE794F82A1094F83931BD
S21401B9603246994228BF1946204600F0D1FE91E79B
S21401B9700025A2E748660020286A00201C6A0020ED
S21401B9807C530020F8B50F46054623F082FA394667
S21401B99006462846FFF7E6FE044620B1304623F069
S21401B9A073FA2046F8BD01F0A7FD2246394628461F
S21401B9B0FFF736FF04460028F0D128461EF067FC44
S21401B9C00028EBD095F8253013F001030DD0D5F8FB
S21401B9D0942052050DD5B5F82A21BA4205D0B5F8FE
S21401B9E02C31DB1BB3FA83F35B09034A82F8C430BC
S21401B9F0D4E72346F9E700BF001E00B013B504469E
S21401BA0069461EF008FA20461EF04CFBFF28024647
S21401BA1006D020469DF80010EEF7C0FF02B010BD1C
S21401BA200048FBE70080FFFF38B5044D044C054B8A
S21401BA30286021601A6022F081FE38BD0C53002078
S21401BA40246A00201053002010B550B90548064B53
S21401BA500160064802601868054B18601868FFF711
S21401BA60E3FF10BD246A0020685400201053002014
S21401BA700C5300202DE9F0418AB001AC05460B4677
S21401BA802746194A02F1200C2646106851680832EA
S21401BA9003C662453446F7D1002B08BF3B46002754
S21401BAA010681C463060384603F10C0690B95FFA00
S21401BAB087F84246284621881EF0ECFB50B94246DC
S21401BAC02846E1881EF0F7FB20B942463146284653
S21401BAD01EF003FC0137032F06F1080604F10204E9
S21401BAE0E4D10AB0BDE8F081B4B70400F0B589B07E
S21401BAF005460E461EF000FC044600BB01AC06F1EE
S21401BB000C070FCF0FC497E8070084E8070001A9C8
S21401BB102846FFF7F9FD2846311D1EF0C7FD0446ED
S21401BB2048B92846074901F057FA044618B9284685
S21401BB3001F0C6FD044628463168FFF79BFF204604
S21401BB4009B0F0BDACB7040001491EF0B7B900BF9B
S21401BB5091D6010070B5164E032804460D4633787B
S21401BB601ED023FA04F202F00102AA421DD053B1FC
S21401BB700122A240A54023EA02032B43DBB2337025
S21401BB804BB1012070BD2DB10A4B01201B689847AF
S21401BB903378EDE73570074B00201B689847F0E7D0
S21401BBA09A07DED003F0FC03E9E7002070BD00BF72
S21401BBB0876300205053002038B504460D4605F033
S21401BBC077FD60B101F0C6FC48B9012D07D8012008
S21401BBD01EF03DFB0D4B1B6823B15B6898470C4B71
S21401BBE01C7038BD23F0AFFA0A4B1A68801A186029
S21401BBF021F01EFF4FF47A72074B1B6802FB0030E0
S21401BC001EF05AF9012001F0ADFCE8E7745300205C
S21401BC10796D0020485300204C530020F8B50546A6
S21401BC200C4623F036F9104F06463B7833B1012D0A
S21401BC3004D01CB90D4821F04DFE3C702146284623
S21401BC40FFF788FF0A4B04461B783BB93B782BB9B4
S21401BC501EF0F1FA10B1074B1B689847304623F0E7
S21401BC6013F92046F8BD00BF886300202453002046
S21401BC7087630020286A0020054A0B46117831B1F7
S21401BC8000211170034A0121526818781047704745
S21401BC9088630020286A0020124B0239012910B55A
S21401BCA018701ED805F004FDD8B101F053FCC0B1E0
S21401BCB001F034FAA8B90C4B1C6834B123689847D4
S21401BCC0BDE8104000201EF0C2BA1EF0F3F8074B84
S21401BCD0186023F038FA064B1860204601F042FC43
S21401BCE0EEE710BD796D0020745300204C53002000
S21401BCF04853002038B5044680B123F0CAF8012124
S21401BD000446084621F08AFA01210B4A08461AF031
S21401BD10ECFC2046BDE8384023F0B6B823F0B9F86D
S21401BD2005462146012021F079FA01202146024AE2
S21401BD301AF0DBFC2846EDE7E68D0400F0B585B089
S21401BD4023F0A7F8344D04462B7823B1334821F06D
S21401BD50C1FD002852D121F047FE02AA03A91EF018
S21401BD6054FA0346002838D01EF063FA029B984224
S21401BD701CD100202A4B03991B682A4E9942307029
S21401BD8020D90027C91A012324482B70264A334696
S21401BD90CDE9007723F0B3F9002837D1234A137889
S21401BDA0D90701D53178F9B1204611E01EF03FFAE6
S21401BDB0029B984228D0002318461949194A096857
S21401BDC0137003910121FFF7C5FE002320462B7057
S21401BDD023F05AF8002005B0F0BD20462B7023F062
S21401BDE053F8212005B0F0BD03F0FE031370002BBD
S21401BDF0DAD10F4B1B6898472046E9E7204623F027
S21401BE0043F80E2005B0F0BD0220B3E70323204619
S21401BE102F703370F3E700BF88630020245300209F
S21401BE2044530020786D002079BC01008763002010
S21401BE305053002038B523F02CF80F4D04462B78CC
S21401BE409BB90E4A0E4913700E4B0F4A0F481A60E3
S21401BE500F4A5A60F0F7CEF90E490F48F0F7CAF9C3
S21401BE600E4B0F4A1A6001232B70F0F7CDFA2046CD
S21401BE7023F00AF8002038BD89630020886300207B
S21401BE80D8B70400286A00203DBD010014530020E5
S21401BE901DBC0100E0B704001C53002050530020D5
S21401BEA0F5BC01002DE9F0438F7880460F2F0C4634
S21401BEB085B003D9212005B0BDE8F08327B9012359
S21401BEC0374A00201370F6E70D784E78EDB9002E4C
S21401BED0F0D194F90310E08803F00AF82128E9D09C
S21401BEE055EA0603A088DFF8C89013D003F064F87B
S21401BEF04FF60403B9F8002001469A424BD1AE42F0
S21401BF00334638BF2B4600262DE0082DD2D8082E02
S21401BF10D0D8DEE703F050F84FF6040501464FF699
S21401BF200500204A136E9BB2AB4208BF0346B1F52B
S21401BF30803FA9F800300FD9022308251366802315
S21401BF400126C2F880302B4649084FF6FF720139A8
S21401BF50914228BF114608E080230126082516666F
S21401BF60C2F880302B460029EFD10022029201222E
S21401BF70013FFFB2009201972A4608F1F80002F04D
S21401BF80B7FE1EB14FF48012074B5A65074BA268E5
S21401BF901A60022394E703480266A9F80030AEE768
S21401BFA08A63002000C001B800D001B85C530020AD
S21401BFB0FA6C002010B50446D0F818210B4B4FF44C
S21401BFC00061C3F8A82090F82420D20102F4006290
S21401BFD005F0D2FA94F8243013F0100F4FF40073E2
S21401BFE014BF034A034A136710BD00BF001E00B00A
S21401BFF0001002B8002002B8431C07D06FF0FF0201
S21401C000034B10401A62A3F580531862704700BFB5
S21401C01000E000B8F8B504460F46164622F039FF90
S21401C0200546A047044620B1284622F02DFF2046AB
S21401C030F8BD04F07FFC04220549D1F8D83E23EA76
S21401C04007033343C1F8D83E024B1A67ECE700BF3B
S21401C050001000B0002002B800F01803182B0AD018
S21401C06003070AD440F2011310F0100018BF184657
S21401C070034B186570470020FAE70120F8E700BF78
S21401C080001F00B0044B1868830654BFC0F30F208E
S21401C0904FF6FF70704700BF4454002038B1036864
S21401C0A0044A002B08BF1346034A13607047014B2E
S21401C0B0FAE700BF039F0300346A002010B4D0E9FA
S21401C0C0544122400B4052EA030104D003495DF873
S21401C0D0044B096808475DF8044B7047346A002032
S21401C0E00F2938B505460C460ED801F04FFA01283F
S21401C0F00CD1074A2846D36B23F00F032343D3639F
S21401C1001EF009F9002038BD2120FCE70220FAE7DD
S21401C110001F00B0014B186C704700BF001F00B035
S21401C120014B002019647047001F00B003282DE959
S21401C130F347884655D82C4B13F800902B4B1E5CC2
S21401C1402B4B13F800A022F0A4FE074604F03EFB9A
S21401C150054640B100230022CDE90033012000232B
S21401C160002104F079F904F039FB48B100230022DC
S21401C170CDE90033002000234FF4004104F06CF9B0
S21401C1806EB31C4BDC6C04F008041B4B3146DC64BC
S21401C190484604F02DFC52463146484604F092FCCF
S21401C1A0164BDC646DB1164B1868D0F89410F83055
S21401C1B003F06EFA13490868FFF71EFF4FF0FF33CE
S21401C1C00B60B8F1000F04D00F4B002103205B6811
S21401C1D09847384602B0BDE8F04722F055BE3446CF
S21401C1E0D3E702B0BDE8F087F0B70400ECB704006F
S21401C1F0E8B70400004000B8006000B8005000B87E
S21401C20068540020306A0020286A00200F4A136F05
S21401C21013F0A00F15D1506F10F0040013D10C4B82
S21401C220D3F8D83E23F07F4323F0FF035BB1D368F6
S21401C230C3F30362092A07D0B2F10C0018BF01202C
S21401C2407047002070470120704700BF000002B809
S21401C250001000B070B50D46064620B91A4B1B6893
S21401C260A3B10E2011E001F091F9012829D1174B55
S21401C27093F90040C4F11C04641BC4F11C03002B99
S21401C280B8BF5B42232B0CDD212070BD81EAE17330
S21401C290A3EBE173DBB2232BF6D80C4B197000200D
S21401C2A0F3E786F8285022F0F4FD094AE402D36940
S21401C2B004F4FF2423F4FF231C43D46122F0E4FD9D
S21401C2C0EDE70220E1E700BF685400208B63002001
S21401C2D000C000B818B9034B93F90000704790F9F5
S21401C2E0280070478B63002010B504461DF0CFFF71
S21401C2F010B1012001F0D4F92046FFF75BFE22F0D1
S21401C300C8FD0A4A0121D2F8A030044623F02003D2
S21401C310C2F8A0300222064B08469A60054B5B68BD
S21401C3209847204622F0B0FD002010BD001E00B048
S21401C330001002B8286A0020064B5A6A920207D4F7
S21401C340D3F8803013F4706F14BF012000207047BB
S21401C35001207047004001B8F8B50E46D0F8943079
S21401C36002EA010423EA01032343C0F89430464A53
S21401C37001F00B0323EA0401D1642340A2F58052A5
S21401C380D3647207054610D50121FFF7D5FF60B1CA
S21401C39004F0D0FA4FF4007314F0040F14BF3B4AB4
S21401C3A03B4A536204223B4B1A67F30606D514F048
S21401C3B0100F14BF00221B22374B5A6537061DD5B6
S21401C3C0200616D54FF40012304B1A62012203F5EF
S21401C3D08053C3F8002122F05CFD0E21074603209E
S21401C3E003F09EF840F201222B4B3846DA6222F027
S21401C3F04BFD214605F1F80003F04AF9F10503D596
S21401C400E2052AD503F05CF8B30503D5A70527D5C1
S21401C41003F062F816F48C6F1DD014F4806224D0F9
S21401C42095F82530DC070CD5EA8DB5F82A3193420C
S21401C43019D0B5F82C31981A43424341174A82F86D
S21401C440C430D5F8E41028461DF05CFD8022144B5C
S21401C450D864144B1A610020F8BD03F02BF8D3E71B
S21401C46003F034F8D6E70123E8E77105E9D595F836
S21401C4702530DB07E5D5094B114683F8C4200A4B66
S21401C48028461B689847DCE7006000B8005001B8F2
S21401C490006001B8002002B8004000B8001E00B0DD
S21401C4A0001F00B0000002B87C530020014B186842
S21401C4B0704700BF6853002037B522F0EAFC00241D
S21401C4C001230022CDE90034002305461946104613
S21401C4D003F0C2FF022002F0E7FA064B21461C6079
S21401C4E0054B02205B689847284622F0CDFC204683
S21401C4F003B030BD70530020286A00202DE9FF41AB
S21401C50002290D4616469846039004D1FFF7D4FF3C
S21401C51004B0BDE8F08122F0BCFC1E4F04463B6827
S21401C5203BB1B34205D022F0AFFC002321203B6093
S21401C530EEE7194B0022C3F800803E600023012677
S21401C5404FF0000810461946CDE9006603F084FF57
S21401C550124B022083F8008002F0A6FA43462A46D0
S21401C560022003A902F0BEFA0D4B039A1A6008B91D
S21401C5702046D8E70B4D2B689847212804D0204643
S21401C58022F082FC0020C3E731466B680220984700
S21401C590F5E700BF705300206C5300208D63002028
S21401C5A068530020286A0020044B5B6E5B054EBF73
S21401C5B00120034B187800F00100704700C001B855
S21401C5C08D6300200A78022A11D0101F4242424190
S21401C5D052004B781201022B0BD0191F4B424B41D4
S21401C5E05B000549054842EA8312FFF713BD0122A5
S21401C5F0EFE70123F5E700BFF0FFFF00D5D5010007
S21401C6000B78022B10D0181F434243415B004A7837
S21401C610022A0BD0111F4A424A4152000F210448F8
S21401C62043EA8202FFF7F6BC0123F0E70122F5E7B1
S21401C63001D601002DE9F8430E780446042E0D4676
S21401C64090F830810BD100275FFA87F9484601F050
S21401C6507DFD08B14E4602E00137042FF4D1304685
S21401C66001F074FD002849D094F83031B34209D165
S21401C670AA88D4F8A8309A4204D16A88B4F832312C
S21401C6809A4238D084F83061AB883046A4F8343109
S21401C6906B88A4F83231AB8804F59875C4F8A830D5
S21401C6A0FF2384F82B301DF0E7FE84F82A00284685
S21401C6B001F078FC18BB284601F03EFDF8B9D4F825
S21401C6C0E03053B194F83011414506D02046B3F915
S21401C6D01220EEF7E5F884F83901204601F09AFEBB
S21401C6E00949A4F834010123084AD1F8FC1004F1E1
S21401C6F0F80003F0AFFC0020BDE8F88321200C23EE
S21401C70084F83031F8E700BF001F00B0581F00B0B2
S21401C710F8B5054690F830010C460C28164623D08D
S21401C720FF2923D01AB14FF0FF32114B1A601DF0CA
S21401C730A3FE074695F8300101F068FD844228BF44
S21401C7400446E4B2BC4238BF3C46E0B285F82B0052
S21401C75001F002FEFF280CBF2124002416B928464A
S21401C76001F068FD2046F8BD0224FBE72124F9E725
S21401C770386A002010B590F8303104460C2B43D0AF
S21401C780D0F8E03080F82A10D3B3D0F8F020CAB938
S21401C79090F839318B421BD300222046FFF7B8FFB1
S21401C7A040BB1A4B1B78022B23D8204601F032FEE1
S21401C7B017490123174AD1F8FC1004F1F80003F0D9
S21401C7C049FC16E0B0F94220B3F912309A42E3DD93
S21401C7D00022204694F83911FFF79AFF50B9C4F8A1
S21401C7E0E00020461DF091FA4FF6FF73984201468D
S21401C7F001D1002010BD2046BDE81040FFF7C2B8A9
S21401C800FF2380F82B30F4E70220F3E7FE6C0020CC
S21401C810001F00B0581F00B0F0B51D46144B04466B
S21401C8201B780F46164685B05BB1D0F8E030E3B111
S21401C83002AAB3F912300092002218F0B8FE05B031
S21401C840F0BD02A91DF0E7FA9DF808103A46204609
S21401C850EEF726F8014626B92A462046FFF758FF86
S21401C860EDE72046FFF786FFE9E71846E7E700BF52
S21401C870B68F0400D0F89C30012B01D10020704700
S21401C88070B5044665498CB01DF02BFED4F8E06007
S21401C8900146E58DC4F8E40026B1336813B15B6840
S21401C8A0002B71D122F0F5FA22F0EEFA0123D4F82A
S21401C8B0E4108DF80630B389D6E90120EB1A9BB255
S21401C8C000FB03225648ADF80430036800928B4201
S21401C8D007D020461DF016FB80225249524BC864F1
S21401C8E01A61514D00F052FE0128FBD1AB689E063D
S21401C8F0F8D420469DF80620009906AB03F0E6F82A
S21401C90000283ED100F042FE0128FBD1464A136FB3
S21401C910D801FCD493689906F9D4684606A903F0B1
S21401C9208DFA054668BBE28D404B5A6494F8243074
S21401C93060F3410384F8243000F0EEFFD4F8E030D1
S21401C9405969431E0E68DBB2FD2B029622D9F31CF1
S21401C95034D84B68FF2803935ED10126DA1C25D80C
S21401C960024602A920461DF0E5FCE6B9D4F854318A
S21401C97099053FD494F8243043F0020384F8243018
S21401C98011E002200CB070BD1A68032A8AD99B6A8E
S21401C9905B0E8EE74B6801280393DED002462046E5
S21401C9A002A91DF0C7FC00200CB070BD0133204B5E
S21401C9B05B6816D0DA1C23D80393D1E71C4B0136EB
S21401C9C01B6818BF0126DD1C06D802934B68FF289A
S21401C9D00393C3D00020C3E7FF284B6819D0039305
S21401C9E0C3E7DD1C0FD80246204602A903931DF0BB
S21401C9F0A1FCBBE720464FF480311DF023FED2E7B1
S21401CA00FF28B2D1E6E7FF28B0D10022204602A9CE
S21401CA10EDE701200393A1E72A46C0E7FC1F00B01B
S21401CA2058530020001F00B0000002B8008001B873
S21401CA30406A002010B50C4619B11DF028FC00B163
S21401CA400434204602F0B8FA024B4042C3F8C80E3E
S21401CA50002010BD001000B0838E70B593420C46C6
S21401CA6015461CD3836C8B4208BF002422F011FAB2
S21401CA704FF49C530B490646CA68C2F30362D3407F
S21401CA80DA0702D50B6F9B0304D401222946204600
S21401CA9001F016F8304622F0F7F9002070BD21208B
S21401CAA0FCE700BF000002B82DE9F84F0646154620
S21401CAB00B4611B92120BDE8F88F002AFAD00329C8
S21401CAC005D8002201F05EF903460028F2D01C8842
S21401CAD09978B4F5804F01F0070080F0C580A0F189
S21401CAE0070C1A7993F805A0DF88DCF1000343EB05
S21401CAF00C0305282B7394BF0023C1F30013C1F365
S21401CB00801C6B738B0985F810C003F00203C1F318
S21401CB10C00C43EA0C03C1F340116B74A974AF82D5
S21401CB20002A40F0828096F81E31013BDBB2EB749E
S21401CB30D6F89430DF0600F18380063801287FD8C6
S21401CB40B6F81280F76908F1FF38484B083C04EA4A
S21401CB5008045B6D3B5D0134802B0EBF6FF07F03D5
S21401CB60323B5BB2AB730023AB6096F8279004EAC6
S21401CB700804B9F1000F61D1631D03EA08035A1CCA
S21401CB8002EA0802BA5CFB5C43EA0223D9040FFA04
S21401CB9083FB4CD5D6F8E43013B11B68022B05D8BD
S21401CBA041F24D724C210020FEF74EFFD6F8E420EC
S21401CBB0CBF30B0392F82420DB000AB1B3FBF2F3AC
S21401CBC09A4508D83BB1CAEB0A2ABAFBF3FA6FEAD0
S21401CBD00A0A5FFA8AF9D6F8EC3023B1484695F985
S21401CBE00E1098478146631C85F80F9003EA0803E8
S21401CBF0F95C013303EA0803FA5C013303EA08032C
S21401CC0041EA0221FA5C013303EA0803F85C41EACF
S21401CC100241002341EA00616A7C304603F0D8FAFB
S21401CC2006232860AB71002045E7531E7EE717F800
S21401CC3004904FEA49095FFA89F9CCE79946D2E7A9
S21401CC4000230020EB730A4B5A69C2F30723120430
S21401CC5048BF63F0FF035AB212F1800F1CBF323B8C
S21401CC605AB2AA730346DCE7022024E7004000B864
S21401CC7000C000B838B5148811F003054FEAC404A3
S21401CC8022D13F2C20D9B4FA84F4C4F11903DBB2C3
S21401CC90052B01D8192C15D0052B28BF05230124F7
S21401CCA00633DBB29C40C4F3CF0313800382816159
S21401CCB0448700F02DFF054A631E2343C2F8A430C3
S21401CCC0284638BD2B46EAE72125F9E7001E00B0C5
S21401CCD011F5004F1FBF01F30E01044BC1F30E0106
S21401CCE0002014BF99642120704700BF008001B85E
S21401CCF0F8B504460E4619B990F824305A063FD4C2
S21401CD004FF6FF73618ED4F8E470994204D0314B2C
S21401CD101B680BB1204698472F4D2B68BB424DD060
S21401CD202E4B1B683BB11FB13A68002A48D0BF683A
S21401CD303946204698470727204601F06BFB002E10
S21401CD4032D006270126264B94F9282093F9003085
S21401CD502449C3F11C039B1ACA69DB0222F4FF2291
S21401CD6003F4FF231343CB61D4F8E4301E4A2B604F
S21401CD701E4B976720461E701DF0CDFA0020F8BDA9
S21401CD804FF6FF71144DD0F8E4702A6866F38613E7
S21401CD909742418680F8243017D0104B1B68002B31
S21401CDA0C1D101F037FB072711493B46114AD1F89B
S21401CDB0FC1004F1F80003F04DF9C2E70127BBE7C8
S21401CDC01746204639469847B5E701F023FB012769
S21401CDD0EAE700BF64530020585300206053002048
S21401CDE08B63002000C000B8006000B88C63002090
S21401CDF0001F00B0581F00B0054A12681AB190F81B
S21401CE001E1119B91047084602F0AABB014870471F
S21401CE105453002000FEFFFF344B2DE9F7431C68F6
S21401CE2001F4007900F00103174653EA09020646A9
S21401CE300D4635D04FF000083BB3002300220021F9
S21401CE400120CDE9008803F007FB042001F02CFE49
S21401CE5041462046FFF7D0FF012241462086104674
S21401CE601CF005FFD4F8941004F1F80002F010FC51
S21401CE701F490868FFF7C0F84FF0FF330B6094F8BE
S21401CE80243043F0040384F82430B9F1000F07D0AE
S21401CE90012120461DF0D6FB25F4007506430D43FF
S21401CEA02B4632462046FFF709F9FB070FD51149F5
S21401CEB0114A086800211368116001210F4A117098
S21401CEC003B198470E4B002102205B68984717F084
S21401CED00E0F08D04FF409723B21002003B0BDE8C5
S21401CEE0F043FEF7B1BD03B0BDE8F08368540020FF
S21401CEF0306A00206C530020705300208D630020A0
S21401CF00286A002008B5482200210248FDF72CFFB8
S21401CF10002008BDDC1E00B073B578216422A0F89D
S21401CF20141182210C23C0E94112C0E94322C0F842
S21401CF30002107224FF0FF35002680F830314FF6EA
S21401CF40FF730446C28700F14C0282641E4AC38501
S21401CF50A0F8403080F82C3043864263038780F87F
S21401CF602860C0F8A850458580F8265003F03EFC9E
S21401CF702046FFF7C7FF94F928102046FFF76AF905
S21401CF80602340F6FF71114A2046D36402F11C4229
S21401CF90D162D1650E4A2946D36440220D4B1A67E9
S21401CFA0D4F89420FFF7D8F90E230022CDE90033F8
S21401CFB040F202231046194603F04EFA01F0E2F859
S21401CFC0304602B070BD00BF4000FFFF004000B811
S21401CFD0005000B8002002B810B50C46FFF792FFCB
S21401CFE0BCB1A378082B16D8E278082A13D843EAEE
S21401CFF0021313F0FF030CBF19466168074AC2F813
S21401D000DC10217882F82011617882F8233182F8C9
S21401D0102111002010BD2120FCE700BF001E00B03A
S21401D020012A10B512D8032B10D803EB8202012374
S21401D030074C934094F82201DBB221B10343002050
S21401D04084F8223110BD20EA0303F8E72120F9E72E
S21401D050001E00B0034670B50C68B0F834210134E8
S21401D06008BFD3F800418D6808BF0C604C68F830E3
S21401D070013404BFD3F80C414C606E1C3CD1D3F88C
S21401D0800841CE688C60751C3CD1D3F804510E69FA
S21401D090CD60013604BFD3F8F8600E614E690136E3
S21401D0A004BFD3F8FC604E618E69013604BFD3F825
S21401D0B010618E618E695EB35A32B24238BF324613
S21401D0C00E688A6116B15A2E38BF5A26C3F808412F
S21401D0D04C68C3E94065C3E943420A69C3F8F820CE
S21401D0E04A690C49C3F8FC20D1F8FC1007230A4A08
S21401D0F002F0B0FF002070BD02F15A04AC4238BF06
S21401D1002C46BEE702F17805B54238BF3546BEE784
S21401D1106422D5E7001F00B0581F00B070B521F09B
S21401D120B8FE04460B4E00F031FA012805D0204621
S21401D13021F0AAFE0225284670BDF36813F0706F31
S21401D140C3F30365EFD1B36ADB06ECD5204621F0C5
S21401D1509BFEF0E7000002B838B521F09AFE4FF6C4
S21401D160FF710A4A13888B4203D121F08DFE0E20EF
S21401D17038BD074C074D1B046566A4F580546366ED
S21401D180118021F081FE0020F2E700BFFC6C002038
S21401D190006001B80000FFFF2DE9F74304460F4683
S21401D1A015461E46FFF732F830B3A38A23B320464E
S21401D1B01CF073FE78B9002E40F0F280794BD3F85C
S21401D1C0D83E03F03002102A00F0EA8003F0C003D4
S21401D1D0402B00F0E580DFF80082D8F81430D9073C
S21401D1E040F1DE8021F055FE0646032001F058FD91
S21401D1F030B1304621F048FE022003B0BDE8F0838E
S21401D200D8F8142012F00608F3D1304621F03CFE7F
S21401D210644B4FF400612046D3F8D89ED3F8AC6E29
S21401D22004F0BEF940B14FF4007201215E4B08468E
S21401D2301A6742461CF01BFD94F82530DA0707D51D
S21401D240D4F894305B0542BF4FF40022574B1A675F
S21401D25039462046FEF796FB524BC3F8D89EC3F8D4
S21401D260AC6E0028C9D194F82430980601D4002D5C
S21401D27057D0C5F3400003F023FB022315F4807F4B
S21401D2801BBF0021494A484A136717BF484A13671C
S21401D2905161136303F04EFB4FF4806315F0040FE6
S21401D2A014BF444A444A15F0400F53624FF004023B
S21401D2B03D4B28461A674FF0400314BF3F4A404A89
S21401D2C0C2F88830FEF7C8FE20461CF010FF38B1C1
S21401D2D04FF4807315F0010F14BF344A324A1367B6
S21401D2E0A90647D54FF6FF72B4F8403093420FD0E7
S21401D2F0344A3549526E100CC2F301120132B3FBA7
S21401D300F2F308802B4A2C4930481B0448665366C2
S21401D310003D18BF012594F8243065F3451384F8C1
S21401D320243020461CF0B3FFF0B120461CF0DFFE8F
S21401D330D0B14FF40031204604F032F9431C0322E9
S21401D3409BB2234801A91DF05AF89DF8042002F06B
S21401D3500703052B9DF8053015D112070DD443F4AC
S21401D36080731C4AC2F8B830002003B0BDE8F04311
S21401D3701DF052B8FFF7F0FECAE713F0040F09D10B
S21401D3809DF80630EBE703F03002202A05D113F0B2
S21401D390010FF4E74FF48073E3E79DF80630E0E70A
S21401D3A00E202AE7001000B0002002B8001002B8D4
S21401D3B000400054005001B8006001B800D000B829
S21401D3C000E000B8004001B8FC6C00200000FFFF40
S21401D3D008400054001E00B000C001B82DE9F3411A
S21401D3E00646884615461F4621F053FD044603208F
S21401D3F001F056FC38B1204621F046FD0E242046A9
S21401D40002B0BDE8F081042001F04AFC0028F2D108
S21401D410204621F039FD01232A4641463046FFF7D2
S21401D420BBFE04460028EAD1DFF8C8805FB388F85F
S21401D430000039463046FEF735FD00284CD198F8F5
S21401D4400030012B1CD02022244B1A67244BDB6CA6
S21401D450B3F5817F1FD201201DF01FF821F019FDC1
S21401D460204B06461B680193CBB901F093FC15F0DF
S21401D470800526D101F0E0FC284603F0F5F925E009
S21401D48003F008FABBE798F80030012BF8D0002B20
S21401D490D9D12124B3E78022134B1A61DBE704209C
S21401D4A001F002FB00230122042001A901F01AFB6E
S21401D4B00028DAD103F056FA2124304621F0E4FCA4
S21401D4C09DE70022094B9A6701F0B6FC084B012143
S21401D4D05B6800209847F0E7044690E7001002B822
S21401D4E0001F00B05C530020000002B800C001B865
S21401D4F0286A00208A63002008B50C4BD3F84C112B
S21401D5004B1C12D011F080410FD1094B1B6813B18F
S21401D5100320FEF70BFE4FF080624FF40071054BBF
S21401D520DA67054AD16201225A6108BD0080E00F20
S21401D53068540020001002B8004000B84FF40022E2
S21401D540034B186F03F500531A67C0F3C0407047CA
S21401D550000002B8024B586900F00100704700BF96
S21401D56000C001B8084B5A69D10707D508B901F0C0
S21401D57077BA5B69DA0706D401F064BA5B69DB0740
S21401D58001D40028F8D1704700C001B80F4BDB6802
S21401D590C3F30363013B0B2B0FD8DFE803F006064A
S21401D5A00C06060606080A0808080220704704202A
S21401D5B070470520704703207047054B5B6913F0E1
S21401D5C0060F0CBF01200420704700BF000002B800
S21401D5D000C001B8094AD368C3F303630B2B08D014
S21401D5E06FF49050184100F0010080F001004000F7
S21401D5F07047106F10F48030EDD17047000002B80C
S21401D6000C4AD368C3F30363062B07D8042BD8B29E
S21401D6100BD8C31E5842584140007047072B06D10D
S21401D620D2F830010028ECD1704702207047002064
S21401D630704700BF000002B8094BDB68C3F3036301
S21401D6409A1E012A8CBF00220122012B02701EBFE6
S21401D6504FF4026222FA03F303F001030B707047E2
S21401D660000002B8094AD368C3F30363032B01D051
S21401D670072B08D1536FDB0605D4906F80F00800A6
S21401D680C0F3C00070470020704700BF000002B81A
S21401D690024B002219681CF0DBBD00BF54B8040021
S21401D6A0024B1B6803B11847704700BF8853002020
S21401D6B0024B1B6803B11847704700BF8453002014
S21401D6C010B5FF224FF6FF7104461CF0E3FD68B962
S21401D6D0FF224FF6FF7120461CF0EDFD30B92046C3
S21401D6E0BDE81040FF2202491CF0F7BD10BD00BF87
S21401D6F0F8B704002DE9F0411C46184B05461E6894
S21401D7000F46904646B1306801F01CFEF3681BB127
S21401D710B368186801F016FE114B1B682BB1DA6866
S21401D7201AB19B68186801F00DFE9DF81830640761
S21401D73044EA08425B0503F0BC6342EAC7621A4347
S21401D7402846084942F4C87203F016FF002228460C
S21401D7501146FFF781F90020BDE8F08150B80400BA
S21401D76054B804009007E12D08B5FFF77BFF88B198
S21401D770094BDA6912030DD5186F10F4003009D180
S21401D7809B6F13F0100F4FF010030CBF034A044AAF
S21401D790936708BD0220FCE7000002B8001002B83B
S21401D7A0002002B838B50446F8B1124AD3691B0303
S21401D7B01DD5556F104BC5F38115032DB3F8B43045
S21401D7C00DD10822083B9BB221460C481CF017FEDF
S21401D7D00020084B25729B6F1B0A637238BD022D11
S21401D7E005D1023B2A469BB2EEE72120F6E702204E
S21401D7F0F4E700BF000002B8001E00B03840005435
S21401D800431EDBB2FD2B14D9FF280B6801D14A68F1
S21401D810134313F0802F1EBF42F20102074BC3F8D9
S21401D820282251F82020054BC3F85022C3F8542271
S21401D83070470128F5D10023E9E700BF004001B891
S21401D840F0B585B06D460E460F4B074614460FCB16
S21401D85085E80F000D4BD3F848020090D3F84C2210
S21401D86001923EB1631EDBB2FD2B0AD93060FF2C5C
S21401D87000D172602246294638461CF05BFD05B091
S21401D880F0BD012CF4E700BF00B804000080E00FF3
S21401D890F0B585B06E460D4B07460D460FCB86E8B4
S21401D8A00F0000F039F831460446024638461CF0AF
S21401D8B0BAFE4DB140B9FF2C1BBF04AB03EB840489
S21401D8C0009B54F8103C2B6005B0F0BD00B8040076
S21401D8D030B50C4B0546187085B0082380B90A4A46
S21401D8E0C2F8FC3351B96C46084B0FCB84E80F00E5
S21401D8F0074B2A4621461868FFF7A2FF05B030BD40
S21401D900044AEDE77A6D0020001002B810B8040052
S21401D91068540020002002B8014B1878704700BFF9
S21401D9207A6D0020124BD3F8E020D2031ED54FF4B7
S21401D93080321049C1F8E020A1F58051C1F8EC20F1
S21401D9401A6CD1B2C2F30722C3F88010C3F8802044
S21401D9500422C3F880200022C3F88020C3F8802068
S21401D960C3F88020C3F88020C3F88020704700BF2A
S21401D9700040005400600054F0220A4B01219A64D2
S21401D980A022A3F580539A64074B826CC3F8C0109B
S21401D990FC21C3F89810C3F89C204FF40052C3F83A
S21401D9A0BC207047006000B800400054F8B50D4632
S21401D9B01746064621F06DFA01230421084C094A50
S21401D9C02363A760E6602561C2F8E010064AC2F844
S21401D9D0843121F059FA0DB102232363F8BD00BF4B
S21401D9E0004000540060005400E100E00222024BB7
S21401D9F058611A63704700BF004000540122044B6F
S21401DA001A6640F6FF729963D863DA65704700BFFD
S21401DA10004000542DE9F04F042A05460B4683B01A
S21401DA2039D901260978141F81615A7803F104094E
S21401DA3082619A788261DB7883610368D0F808B0E6
S21401DA4003F0070306339E4006F1FF3A0AEA0B0885
S21401DA504768A6EB0802944247F000570ED849469D
S21401DA60224607EB0800FDF70FFB46EA0A0604EB21
S21401DA700B023240AA6003B0BDE8F08F494607EBBF
S21401DA8008000192FDF700FB019A384609EB0201F6
S21401DA90A21B4244E7E7013A032AECD8DFE802F08A
S21401DAA00B08050213F8012B826113F8012BAA61FA
S21401DAB013F8012BAA611B78AB6103B0BDE8F08FA8
S21401DAC038B50C46154601460F4B60B101220F488A
S21401DAD0C3F8C0202246FFF79DFF1DB104220A4B62
S21401DAE0C3F8C02038BD64B1D3F8A420A24284BFD5
S21401DAF00122C3F8C0200222C3F8A040C3F8C02008
S21401DB00EBE70122FAE700BF0040005498400054BA
S21401DB1038B5044621F0BDF901211A4A638F05463E
S21401DB2011663BB3B3FA83F3C3F11903DBB2A06901
S21401DB30C2F8901093660723D066C2F88C304FF473
S21401DB40A02302F50052C2F8E030A2F58052C2F8D6
S21401DB50EC3000220C4B1A600C4B1B6F5B0209D594
S21401DB604FF480020A4B04F1F8001A67D4F89410B7
S21401DB7001F08EFD4FF4E0232846E363BDE838400C
S21401DB8021F082B9004000548C530020000002B8F6
S21401DB90002002B82DE9F84305460C46B1B1D0F88D
S21401DBA01880478F21F075F9B5F83CC0791E01EA57
S21401DBB00C0323F00702032C0646DFF8F8E0424484
S21401DBC05CD1DEF8004024B921F05EF90E20BDE8F4
S21401DBD0F88324F00104DEF8000020F00100A042E2
S21401DBE051D10023CEF80030238894426FEA434394
S21401DBF06FEA534323803CD1EB8F08EB07091846A5
S21401DC00083880B202F108044C4528BF444608286B
S21401DC1004D9B4F800E0BEF5804F3ED263440F430A
S21401DC201B1A3B409BB2AB87E887118894781C4A45
S21401DC30C1F30C0151645367C2F88C004FF4802283
S21401DC40184B04F00704C3F8E0200122164BC3F872
S21401DC508421FFF767FE042C0BD14FF48002134B8F
S21401DC6005F1F8001B6F124B1A67D5F8941001F0F6
S21401DC700FFD304621F008F90020A8E7601E0128B4
S21401DC8098BF1446A7E7E88F4344E31A48BFDB1959
S21401DC9008389842A8DC304696E72246B0E700BF2F
S21401DCA0004000540060005400E100E0000002B8AB
S21401DCB0002002B88C530020144B10B51968CA8F87
S21401DCC08B8F488F13440138073B8C69034023F040
S21401DCD007031C4402F108030D4A9BB2CB87C2F826
S21401DCE08C304FF480220B4BC3F8E02001220A4B04
S21401DCF0C3F88421A07800F00700042803D1074A5E
S21401DD00D3681B03FCD4064B1C6010BD685400206E
S21401DD10004000540060005400E100E0000002B83A
S21401DD208C53002010B5064C216839B1CB0703D4BB
S21401DD30044B1868FFF72EFF0023236010BD00BFB9
S21401DD408C530020685400204FF480320B4B0C4952
S21401DD50C3F8EC20A3F50053C1F8E020D3F88810EF
S21401DD609A6E012302F0070206329340C1F30C01BA
S21401DD70083B994201D8FFF7D5BD704700600054B3
S21401DD80005000542DE9F04780460C461646876938
S21401DD90458F21F07EF8B8F83C2005F1FF3C02EAF9
S21401DDA00C0323F00701032C82463944B8F83E00E1
S21401DDB019D1494C24689CB90244073A02EA0C027C
S21401DDC022F00702BC183B44E31A48BF5B198342A2
S21401DDD010DB504621F058F800242046BDE8F087B5
S21401DDE024F00104EFE7012C02D0022CEBD1083815
S21401DDF00C46E8E7002E3DD08C423FD1374AD2F898
S21401DE0044903649B8F81270D1F88820C2F30C0253
S21401DE10934247DA2588B5F5804FDAD2A378C5F361
S21401DE200C0503F007037A1EA5EB09053A43052BFB
S21401DE30337005EA02052DD82DB2E84340F241427F
S21401DE400421C00FFDF700FE7580E3783374D8F81F
S21401DE501C207B1E03EA0903D118B160A9B213FA8C
S21401DE6085F5AF422FBF0023FF1AB780F26024BFAB
S21401DE70B180F360504621F007F8AEE7A4F108023E
S21401DE80974284BFED0802EBC502B2F80090C9F3D1
S21401DE900C09B6E7124B5B6D003B18BF0123A5EBDF
S21401DEA0C305C9E70B6C7A1EA3EB09033A431A4074
S21401DEB00C4915B2002DCB680BDCC3F30363D81EE7
S21401DEC043424341DB0033708B6F72801B0A33740D
S21401DED0BDE70823F7E700BF8C530020004000543D
S21401DEE0004000B8000002B8054BA822D3F84C0148
S21401DEF03121431C0CBF0120C0F38070FDF7A4BD87
S21401DF000080E00F38B5094D0446286840F69702B0
S21401DF10003818BF01202B21FDF796FDFA235C433C
S21401DF202B680A20B4FBF3F4604338BDC0530020CD
S21401DF30174B30B51A68431C164B22D0B2F1407FFE
S21401DF401FD3154D00F03F04D5F8002122F03F0203
S21401DF501443C3F8C84001F03F042243C3F8D0205D
S21401DF60D5F804310D4A1A400D4B03EA500003EA76
S21401DF70510110431143074BC3F8CC00C3F8D4102A
S21401DF8030BD00200146C3F8C800C3F8D000F2E750
S21401DF900080E00F001F00B0000002B81FF087E10C
S21401DFA0E0FFFF7F73B5574E0446317819B91C223E
S21401DFB05548FCF7D9FE2378544A6188137051807E
S21401DFC04FF0FC62524CFF21C4F8FC204FF47F0254
S21401DFD0C4F808214F4A022B4F4D117033D1042348
S21401DFE007224E49C4F8FC23C5F8FC33C4F80011D7
S21401DFF04FF4C071C5F80011C4F8FC234FF48052E9
S21401E000C5F8FC33C5F870214FF40052C4F87021EE
S21401E010C4F808314FF4FF13C4F8FC304FF4BB13B7
S21401E020C5F8FC308023C4F8703148F2C8023C4B76
S21401E030C3F8D8203B4B3C4A0020C3F8C02F01232D
S21401E040337002B070BD394A012BC4F80021384B39
S21401E05027D14FF4C072C5F80021D3F83802D3F89F
S21401E0603C12FFF765FF0723C4F8FC330223C5F80B
S21401E070FC334FF48053C5F870314FF40053C4F8A5
S21401E08070310423C4F808310DEB0300ECF740FBB4
S21401E0909DF80530023B012B9CBF8023C5F87031EB
S21401E0A0C3E7244AC5F80021D3F83002D3F8341266
S21401E0B0FFF73EFF0723C4F8FC330123C5F8FC3302
S21401E0C08023C4F870314FF4805301A8C4F870312E
S21401E0D0ECF71EFB9DF80530012B05D19DF80430A9
S21401E0E053B948F25D1309E0FBD9023B012B9CBFF3
S21401E0F04FF40053C5F8703148F25813084AC2F875
S21401E100D83097E78E630020C41F00B0FE6C002055
S21401E110002002B87E6D0020001002B8C0F10F008A
S21401E120001F00B0001000B094530020C0F70F008D
S21401E1300080E00FC0F60F00034B1A6802609B8850
S21401E14083800020704700BFFE6C002010B5044697
S21401E15001F026F80A4BD3F8F83724B983F40023E4
S21401E160C3F3C04010BD012C05D113F4C02F0CBF62
S21401E17001200020F6E7A31E58425841F2E700BFEF
S21401E180000002B86FF07F42154BD3F8FC3793427C
S21401E19008D0144A03F03F031370F123124A137098
S21401E1A0124A13701249134B09781A68A9B1B2F1D1
S21401E1B0A06F12D3D3F850120F4A104BB1F1FF3FA4
S21401E1C018BF13460E4A136041F66A020D4B1B68D0
S21401E1D0B3FBF2F30C4A13607047084BF2E700BF3B
S21401E1E0000002B87F6D0020806D0020816D002048
S21401E1F07D6D00200080E00F5082E00F34B80400EF
S21401E20090530020DC530020C0530020012807D083
S21401E210022802D030B100207047034B18787047AF
S21401E220024BFBE7024BF9E77F6D0020806D002073
S21401E230816D00200023F0B590F8304185B002468C
S21401E2402046CDE90133CDF80B30FFF7DFFF92F81A
S21401E2502B30411EC9B28B4228BF0B46002C3CD046
S21401E260012C38D1042418464FF00F0C384E0DEB14
S21401E2700405B0FBFCF7F75D013CC01BC0B2814250
S21401E28038BF00206055002CF3D105240F278DF8E8
S21401E2900830B3FBF7F0305C0344DBB28B4228BF97
S21401E2A00B462B5501340B2CF3D10F2602F1A80097
S21401E2B0D43215F8013BB3FBF6F14C1CC1EB01114E
S21401E2C05B1A0133DBB2E4B21B0443EA045340F8A1
S21401E2D0043F8242EDD105B0F0BD042418464FF04C
S21401E2E00F0C1C4F0DEB0406B0FBFCF5EDB27D5D8B
S21401E2F0013C401BC0B2814238BF0020A055002C13
S21401E300F2D105240F258DF80830B3FBF5F0385C03
S21401E3100344DBB28B4228BF0B46335501340B2C2A
S21401E320F3D10F2502F1A804D43216F8013BB3FB52
S21401E330F5F1481CC1EB01115B1A0133DBB2C0B227
S21401E3401B0443EA005344F8043FA242EDD1C2E75E
S21401E3502DB8040020B8040038B5284B05461A78B5
S21401E36027490C2A02D1FF20087038BD10461CF040
S21401E37083F804461046FFF749FFA84228BF2846FF
S21401E380C0B2A04238BF20460B78C0B28342ECD060
S21401E390087088B1431EDBB2022A1A490ED14FF02B
S21401E3A0FC62C1F8FC20A1F50051D1F8FC2042EA3C
S21401E3B04353C1F8FC30D8E70346EDE7124A134C45
S21401E3C01268AC32C4F8C02F4FF47F02C1F808219E
S21401E3D00F49CA6FD202C8D40F22B3FBF2F2551C02
S21401E3E0C2EB02129B1A0133D1F808411B0443EA1F
S21401E3F005532343C1F80831B7E700BFFE6C002080
S21401E4007E6D0020002002B868540020001000B085
S21401E410000002B82DE9F04F90F830510646D0F8CA
S21401E420A82087B035BB1F2A38BF1F22093A4C24C3
S21401E430844B85481B6A96F82B10C3F38213DC4085
S21401E4400368DFF82CA29342DFF828827F4B04F0A2
S21401E450010414D11F78A74211D19AF80070AF4277
S21401E4600DD17B4F3F788F4209D1B8F8040007B031
S21401E470BDE8F08F032A38BF0322023AD7E70260CD
S21401E48098F800001C70FFF7C1FEFF2924D128462A
S21401E4901BF0F2FF07466F493CB3D6F8E4702FB184
S21401E4A03B68082B40F2CB8097F838701DBB0B6891
S21401E4B040F27121B3FBF1F353431922B3FBF2F39C
S21401E4C039462A4605A805931BF0ACFF02023C0418
S21401E4D0059842F0110988E0471E8F4228BF0F4673
S21401E4E0012F38BF0127FFB2D5E7012D29D0022D14
S21401E4F001D0B5B327460B6840F27121B3FBF1F3A7
S21401E50053431922B3FBF2F33946012207EB0724E2
S21401E51005A8059307EB04241BF084FF7F00032F57
S21401E52038BF0327020242EA001242EA0009033F0B
S21401E53000F01F0007FA00F0FFF7E4FC00F5FA67A9
S21401E54058E00F23B7FBF3F3581CC3EB0313FB1A76
S21401E5500133DBB2C0B21B0443EA0053C3F30747DF
S21401E560C9E70C6840F27121B4FBF1F40F23544360
S21401E5701922B7FBF3F3B4FBF2F43748374A0068C5
S21401E580A2FB0412013350FA83F313F8013C039201
S21401E590A3F140012A4603A801931BF043FF039F02
S21401E5A02F4AE41BA2FB041200903021049204A817
S21401E5B02A461BF037FFDDF810B08146A4EB0B04AA
S21401E5C001220594102144F2100405A81BF02AFF2D
S21401E5D0009B1A02019B42EA091244EA0344059B86
S21401E5E042EA000907EB0B001844FFF78BFC00F525
S21401E5F00C57283740F6FF711A4B3846C3F8C0103F
S21401E600A3F58053C3F8C090A3F58053C3F8C44064
S21401E610154C276001F0B0FC4FF47A72134B404260
S21401E620986523680A49B3FBF2F3A8F8043096F814
S21401E6302B30B7FBF2F08AF800500B7017E7002773
S21401E64034E700BF004001B8386A00208F6300201D
S21401E6507B6D0020DC5300209053002069C2F568D2
S21401E660911E856B006001B8C4530020001F00B0E6
S21401E6707C6D0020FE6C0020014B1870704700BFB7
S21401E6807D6D002010B5044603F012F878B1174BE3
S21401E6901B786BB964B1164B1B784BB1154B1B78C5
S21401E6A0013B012B04D84FF40042134BDA6710BD2F
S21401E6B0124BDB6F1B04FAD420F0EBFB4FF4004245
S21401E6C00F4B0446DA67A3F5A0435B682BB1FEF750
S21401E6D041FF10B102201BF0E0FE0222094B20464A
S21401E6E0BDE81040C3F8842420F0CEBB9063002020
S21401E6F091630020C8530020002002B8000002B831
S21401E700001002B800D003500122024B00201A70FC
S21401E710FFF7B8BF906300200022024B01201A7059
S21401E720FFF7B0BF90630020F7B50646504C00F0E7
S21401E73037FD504B2578504F1E7085BB2846FFF796
S21401E740A1FF2378013B012B19D8E37B01A88DF8A3
S21401E7500430237C8DF80530E9F7FAF9C7F88454BC
S21401E7604FF6FF72454BC3F88420F822A3F5805379
S21401E770C3F884200022404BC3F884240DE04FF6F2
S21401E780FF723E4BC7F88454C3F88420F822A3F5E1
S21401E7908053C3F88420C7F88454394B5BE00020CB
S21401E7A0FFF770FF2378013B012B08D8E37B01A814
S21401E7B08DF80430237C8DF80530E9F7C9F900237C
S21401E7C0C7F88434002ECBD062685AB32D4B1B6831
S21401E7D003EB5203B3FBF2F3013B1B0243F0F803D6
S21401E7E026782649022E284A1ED0032E4FF6FF759C
S21401E7F0214826D0012E34D143F00203C1F88450BB
S21401E800C2F884300723C0F88434E37B01A88DF86E
S21401E8100430237C8DF80530E9F76EF90120FFF707
S21401E82031FF17E0F823DBE74FF6FF7043F00103F3
S21401E830C1F88400C2F8843006220F4BC3F8842442
S21401E840E3E743F00503C1F88450C2F8843004239B
S21401E850C0F884340D4B4FF080420020DA6703B0D5
S21401E860F0BDC1F88450C2F884300023F0E700BF41
S21401E870C85300209163002000C00350006000B818
S21401E880002002B8DC530020005000B8001002B887
S21401E890F0B5294F06463D4604460FCE0FC53368F0
S21401E8A085B02B6000F07CFC0022244BC3F8842446
S21401E8B0A17A627A42EA0142C3F89024217CE27B83
S21401E8C042EA0142C3F88C24217B627B41EA024082
S21401E8D0C3F888043B78032B2AD8DFE803F022022A
S21401E8E00C178DF8041004218DF805200DEB01009E
S21401E8F00022E9F7CDF8E37B00228DF80830237C6F
S21401E900042102A88DF80930E9F7C2F8637A0122DA
S21401E9108DF80C30A37A042103A88DF80D30E9F7A1
S21401E920B7F8074B187805B0BDE8F040FFF7FCBE16
S21401E930212005B0F0BD00BFC853002000C0035021
S21401E94091630020034BDB6F002BBCBF024BC3F867
S21401E95088007047000002B8004000B82DE9F04773
S21401E9601BF0FFFD4FF47A762D4BB0FBF6F61860E0
S21401E9704FF4FA73734307462A48190E1B021818F8
S21401E980294A4FF0000341F10001FBF781FE274BB6
S21401E990A0F5807205461A6320B948222B21FDF79F
S21401E9A053F801254FF47A724FF0000A6A43534632
S21401E9B050083102FBF76CFE1C4B1D4AB7F57A7FF7
S21401E9C09A601C4B4FEA056819601B4B8946044642
S21401E9D018604FEA152505D29B222B215046FDF7DC
S21401E9E033F801264FF47A73A8FB030103FB0511E4
S21401E9F07308C01841F1000100233246FBF748FEB8
S21401EA000E4B023419600E4B49F10009A408186038
S21401EA1044EA8974054B013C9C63BDE8F08700BF5E
S21401EA20DC53002020A1070040420F0000C001B8BF
S21401EA3002110100EC530020E8530020E4530020AB
S21401EA40E05300201022044BC3F884215A600122AF
S21401EA50024BDA60704700BF00E100E000C001B879
S21401EA601022064BC3F88421C3F88420BFF34F8FCE
S21401EA70BFF36F8F0422024BDA60704700E100E0BB
S21401EA8000C001B810B50446A242A2EB0000A3EBF9
S21401EA90010104D2034B01399B6B0133184401F089
S21401EAA0030110BD00C001B838B501250A4B0201AB
S21401EAB09D504FF480730446084A8340536620F005
S21401EAC0E8F9074AA540137823EA05031370BDE861
S21401EAD0384020F0D9B900BF00E101B800E001B824
S21401EAE09A6300202DE9F84F164605468A461F46CA
S21401EAF020F0CFF9022E00F09080804620F0D6F963
S21401EB00594B5A4AD3F82090147D5A6EE4B25207F4
S21401EB1044BFD3F82090013404F0030420F0C1F977
S21401EB204846214600F036FA8446DAF80000012EFF
S21401EB3004BF01306044ACEB000C08BFCAF800000B
S21401EB40BCF1804F7DD300F037FA8145A1EB04017B
S21401EB5088BF454BDFF834C188BF01F1FF3101F0B2
S21401EB60030188BF9B6BA0EB090E0CF80510A1B141
S21401EB70F90742BF41F61F723D4B5A67BA0742BFBB
S21401EB803B4B3C4A5A677B0742BF0022364B9A678B
S21401EB903C0742BF0022344B9A6511244FF0010A0C
S21401EBA0314B05F11002120103EB051BCBF80C01EA
S21401EBB031499C501A6A0AFA05F4586E0B78A2EB92
S21401EBC00902E4B2234372450B7025D34FF48073D8
S21401EBD0AB40034220D11CF80520002A40D10EB3D9
S21401EBE0264AF807536607D541F61F7140F2011011
S21401EBF01F4B596750675967B90706D51C4B1D4A05
S21401EC001E491F485A6748675A677A0742BF01225A
S21401EC101C4B1A613B071AD4404620F035F90120F7
S21401EC20BDE8F88F184A2D0142F805A042F89C3C31
S21401EC3020F02FF910490B7823EA04030B7020F01B
S21401EC4023F9404620F020F90020BDE8F88F212066
S21401EC50FFF778FE4FF48032034B4046DA60DCE77C
S21401EC60064A40465366D8E700C001B84C54002017
S21401EC7000E001B800001F1F9A63002000D001B811
S21401EC8000000101000002B800E101B89263002013
S21401EC90024B1878003818BF012070479A6300208D
S21401ECA0034B10300001185800F00100704700BFF8
S21401ECB000C001B870B50646FEF74CFC044608B124
S21401ECC0FFF7CEFE0023084D3046AB61EB612B62A9
S21401ECD000F072F9054BC9B2197528620CB1FFF73D
S21401ECE0B1FE002070BD00BF00C001B84C5400202A
S21401ECF02DE9F0419DF818800D46B8F1000F08BFC8
S21401ED000022214EB5F5803FB168074621F4700117
S21401ED1041F4A001B1609DF820409DF81C104FEA17
S21401ED20042444EA016444EA031444EA084444EA35
S21401ED3002044FF0180140F2E9222CBF0020012006
S21401ED407465FCF781FE3564B8F1000F1AD00F4BDD
S21401ED50BC68D3F888305A2C38BF5A245B0606D5CF
S21401ED6000F0F0FB18B10A4BB3FBF0F31C4420464D
S21401ED7000F022F90130854238BF0022024B34BF31
S21401ED805A645864BDE8F08100C001B800C000B8FC
S21401ED9000093D00214B10B51A6E1A66596C59B11F
S21401EDA01F49C96800292EDB596D4FF0FF3301F06A
S21401EDB00F018B409A4326D110242020FFF7C2FD75
S21401EDC0184B9C6002F088FB2022174BC3F8842165
S21401EDD001F0F4FC48B1002200200821FEF71CF8DF
S21401EDE0124B5C66A3F580531C670D4AD36803F08B
S21401EDF07063B3F1807FF9D9084B0D4A5A6741F227
S21401EE0001429A6710BD01F0D9FC0028F4D0094BE5
S21401EE10064A5366A2F580521367EDE700C001B8B3
S21401EE20000002B8001002B800E100E000E001B8FE
S21401EE30011B01181000002008B52120FFF782FDF4
S21401EE404FF48032014BDA6008BD00BF00C001B844
S21401EE50F8B5184D04462B6A1B0426D500F0E6FBD0
S21401EE602B6AA0FB044613F0787F4FEA9367C3F33F
S21401EE704450C3F3044505D140F25A422B21FCF716
S21401EE80E3FD0120AD01B5FBF0F010EB871005D1D5
S21401EE9040F25F422B21FCF7D7FD012002460023FA
S21401EEA020463146FBF7F4FBF8BD00F04BFBA0FB18
S21401EEB00401F9E700C000B80246012030B50B4C4A
S21401EEC0A0F12003C0F1200524FA05F504FA03F3A6
S21401EED02B4304FA00F595428B4100D330BD0F2831
S21401EEE001D00130ECE7FF20F8E700BF40420F00F9
S21401EEF010B50C46FFF7ACFFC30943EA4163C01ADD
S21401EF0061EBD111FFF7D8FFFF2814D00F220C4B6D
S21401EF1040F01000C3F88820A3F58053C3F888009A
S21401EF20A3F580531B6ADBB2802B06D02046BDE8D2
S21401EF30104000F067BB212010BD0220FCE700BF97
S21401EF4000E000B838B51FF0B1FF084B084A1D6A4B
S21401EF50147D5A6EE4B2520744BF1D6A01341FF095
S21401EF60A0FF284604F0030138BD00BF00C001B869
S21401EF704C5400200346064A103302EB00111B01D5
S21401EF80D1F80C01D158C1F340011BF091BA00BF72
S21401EF9000C001B8064B1B68434303EB8171054B68
S21401EFA01B68A3FB003013F1004341EB00007047E0
S21401EFB0E4530020E05300200C4A20F04043014671
S21401EFC010B5002014684FF00042E4FB0320084A05
S21401EFD0890F126802FB0300064B9B6B984204D90B
S21401EFE001330131C01A01F0030110BDE8530020BE
S21401EFF0EC53002000C001B8044B01F0F071103052
S21401F00041F0030100011950704700BF00C001B86C
S21401F01008B52220FFF796FC4FF48022014BDA60F8
S21401F02008BD00BF00C001B808B5064B4FF0304020
S21401F0301A6805499200FCF727F8BDE8084001F078
S21401F040E3B800BF70B8040074B8040070B50C686B
S21401F050651C15D0C4F302669E42C4F3074530D141
S21401F060A4B294422DD804EB8506B24229D2141BD1
S21401F070A50824F003040E59340F04D0012C08D03F
S21401F0800022212402E06B1C51F82320C0E9002451
S21401F09070BD0E4C34F8133042EA03431A686B1CF9
S21401F0A051F8234001EB83014B6822405E4036F065
S21401F0B0704404D11B0F032B04BF8B681A43002432
S21401F0C0E4E7013501EB8501C1E700BF48B804005C
S21401F0D007B501A8EBF71CFB4822164B5A65164AE2
S21401F0E0D2F8D43023F4FC33C2F8D430134B1B6867
S21401F0F09DF80530023B012B19D84022104BC3F86E
S21401F100FC23104BD3F85C32DBB2FF2B00D1062375
S21401F110094A1B03D2F8FC139BB20B43C2F8FC331B
S21401F120D2F83021084B1A6003B05DF804FB00F0FA
S21401F130E7FEECE7008001B8000002B8002000B04E
S21401F140001002B80080E00F8053002000224FF428
S21401F15000710F4B10B51A675A679A670D4AD1624C
S21401F160012102F5E8325161DA6812F0706FFBD1C5
S21401F1704FF0304201245A6602F5FC5208329C6672
S21401F180DA64054B1B689847044B5C6110BD00BFF1
S21401F190000002B8004000B83C6A0020002002B817
S21401F1A001230F4A0F49C2F880328A6A22F002020E
S21401F1B08A620D4A53600D4A53600D4A5360A2F5A8
S21401F1C080425360A2F54042536002F5C03253605C
S21401F1D002F580425360A2F500425360704700BFBB
S21401F1E00080005000C0005000D000B8005000540D
S21401F1F0005001B808B5FFF7D3FF0E4B0E4ADA6789
S21401F20000F076FEFFF764FF03220C4BC3F8E02004
S21401F210012203F54043DA674FF460725A614FF4F6
S21401F2200072DA67FEF778FBBDE808400021FEF7BA
S21401F2304FBB00BF000002B80048F000005001B804
S21401F2402DE9F04F054687B002900F4657F8044B5C
S21401F250631C06D1029B2C60E81A801007B0BDE83B
S21401F260F08F5FEA147B18BF0123344AC4F30161AF
S21401F27008BFC4F3074332F81120A4B24FEAC30A09
S21401F2802F4844EA02440AF104022A4482421BD26D
S21401F2900722CA4002F0010201929A0004EB83039E
S21401F2A003930123B94603FA0BF808F0940305F11A
S21401F2B0080604920593039B09F10409A34208D1A9
S21401F2C0049955443944C0E71D4A9542E0D80020C8
S21401F2D0C4E7059B53B918F0420F19D118F0280F4F
S21401F2E00BD146F8084C59F8042C21E04FF4206263
S21401F2F032210020FCF7A8FBF3E740F60422322176
S21401F3000198FCF7A1FB04F5805246F8082CEAE7C1
S21401F31040F60D2232210198FCF796FB04F50052C7
S21401F320BBF1010F46F8082CDDD159F8042CD24365
S21401F33046F8042C04340836BDE700BF48B804007C
S21401F340003000B0F8B50546F0B10026154B34463E
S21401F3501F46154953F8042BBAB9A00000F13040F6
S21401F360294600F50150FFF76BFF30B940F6AE3283
S21401F3703621BDE8F840FCF767BB0C4B013404446A
S21401F38047F8265023F81640F8BDAA42FCD00136AD
S21401F3900C2E02D031F81640DCE740F6C832362192
S21401F3A00020E6E7F0530020365C0020385C0020A1
S21401F3B070B50446A8B1C1B1384A52F8043B984228
S21401F3C015D1002336498A689206FCD49B00354A3B
S21401F3D003F1304303F50153C2F8B0302022324B1B
S21401F3E09A6070BD01330C2B02D1304D12E001231F
S21401F3F052F8041BA142F5D12D4A32F81330E1E749
S21401F40004D16268C3E90012083403E0012A01D17D
S21401F410043419602268531CE3D0C2F3016335F843
S21401F4201300110C93B211F0FE0F43EA004360681B
S21401F4300DD00434CAB2022A2168E1D9D4E90160A8
S21401F440033AC3E9001698600C340C33F3E7120F45
S21401F450072AD9D8DFE802F00704090D1013181D92
S21401F460C04303F500531860CEE71A6842401A609D
S21401F470CAE703F58053F6E71BF00FF8C4E701224D
S21401F48003F580538240F2E7012203F500538240E0
S21401F490EDE71A6830EA0202FBD1B5E7F053002027
S21401F4A0000002B8001E00B0001002B848B8040000
S21401F4B0365C00200122014BDA677047001002B863
S21401F4C00122014BDA677047002002B84022014B47
S21401F4D0DA677047002002B84022014BDA677047AE
S21401F4E0001002B80B4B1B68D3F8E43023B11A683E
S21401F4F0022A01D9186A7047074B9A6D90B238B143
S21401F500064BC2F307421B68DB085343B3FBF0F01C
S21401F510704700BF68540020004001B8DC5300204B
S21401F520064BDB68C3F30363984206D1044AD36BE8
S21401F53023F0F00343EA0111D1637047000002B8DB
S21401F540001F00B0054B1B68D3F8E43013B11A68EE
S21401F5500A2A01D8FFF7C6BF186C70476854002006
S21401F5602DE9F74306461AF091FF00248046DFF89E
S21401F57090901FF08EFC0DF1070105460DF1060077
S21401F580FEF75AF89DF806308BB9721C29D01AF08E
S21401F5907DFFA0EB080428461FF076FC9DF8063098
S21401F5A013B99DF807303BB3A642E2D824E0D9F858
S21401F5B00C3013F4603FE8D0D9F810001AF0D3FFEE
S21401F5C0731C074603D01AF061FFA0EB0804284617
S21401F5D01FF05AFC17F5007FE0D0384603B0BDE8AF
S21401F5E0F08328461FF050FC9DF80630002BC0D152
S21401F5F09DF80730002BBCD1004FEEE700FEFFFF61
S21401F60000C000B810F1800F04D04D28CEBF7F2077
S21401F610323040B2FF22044BC0B21A62A3F58053C7
S21401F62018620020704700BF00E000B80B4A10B512
S21401F630136E0B4C116E03F00703E35CC1F3CD01AF
S21401F64001FB0333126E0748C2F3454202FB033344
S21401F65000688001B0FBF3F010BD00BF004001B8A8
S21401F66040B80400DC530020084910B5D1F89C309E
S21401F67040B11C46CA68D1F89C309C42F9D1C2F30D
S21401F6800362027003F00F0010BD00BF000002B855
S21401F690094B01F080011B6F03F480030B4309D172
S21401F6A04FF40012054B1A62837F1BB10122044BF3
S21401F6B0C3F80021704700BF000002B8006001B81F
S21401F6C0005001B82DE9F04F404F804685B03868AC
S21401F6D00C461AF0E2FB20B90024204605B0BDE82E
S21401F6E0F08F224600214046FBF73EFB384B5D6912
S21401F6F015F00105F0D1FCF701F806460028EBD01D
S21401F7003F6838461AF001FB4FF6FF73984234D033
S21401F7104FF060512F4E304B304AD3F82090D6F838
S21401F7208C3011624FF00061A2F5805211622422E2
S21401F7300421C6F88C202A4A4FF4804B91604FF47E
S21401F74080520027DFF8A4A0CAF868B0F262A74288
S21401F7501ED30421234A9160A2F5F032C2F88C3000
S21401F7604FF060521D4B1A6209EA02031E4A1362E9
S21401F7704FF480421D4B9A66AFE7314638461AF081
S21401F78068FA01463846FCF7FDF80028C0D0A3E722
S21401F790B26E5104FCD5B268D205F9D5CAF868B084
S21401F7A0D6F890200135012D0392D0D9E21B042A08
S21401F7B0A8BF042208EB070003A901930092FBF7F8
S21401F7C063FC009A019B3A4497B2C0E76854002054
S21401F7D0000002B8004000B8004001B8006001B85F
S21401F7E0001002B8002002B8005001B8006000B84E
S21401F7F04FF604014FF60502044B01201B6C9BB229
S21401F8008B4208BF1346024A136670470080E00F1A
S21401F81000C001B82DE9F74F81460F464FF0FF357E
S21401F820FFF790FB002601908A462C463046DFF80B
S21401F830D8B006F110031B015BF8033003F0030890
S21401F840B8F1010F15D13046FFF794FB02460B467F
S21401F85001985146FFF716F9DBF8643006F1080205
S21401F860D340DB0739D5002F40D000252C463E601B
S21401F87040460136082EDCD160B3234A0027D2F871
S21401F88008C0916B0CF440330131A4FB01416419AB
S21401F89041F10001B3F5003F30D1536B0CF4405CED
S21401F8A0013347F10006BCF5805F22D1156B15F5D3
S21401F8B0807505FB06F647F1000203FB0266A5FB11
S21401F8C003323244594304FB0212A3FB04341444AA
S21401F8D0C9E9003403B0BDE8F08FA84271EB040318
S21401F8E0C6D207B13E6005460C46C1E73D463C46DA
S21401F8F0BEE7320242EA13621B02E3E7136B13F51B
S21401F900807347F10002DDE700C001B808B51AF0C0
S21401F9103EFE044B5A7C012302329340024A536155
S21401F92008BD00BF4C540020002000582DE9F341CB
S21401F93005460F4668461146FFF76CFF0646B0B10E
S21401F940AFB1DDE900321B0A43EA0263A5FB03847B
S21401F950094B120A05FB02441A6812B91AF001FE95
S21401F9600246002340462146FAF792FE38603046AA
S21401F97002B0BDE8F08100BFDC53002037B5044675
S21401F980FFF70EFCE17822791B4841EA0243C0F8F2
S21401F990CC34E579A37943EA0543C0F8D03423781B
S21401F9A04BB18DF8041004218DF805200DEB0100F4
S21401F9B00022E8F76DF863785BB10421A379002291
S21401F9C08DF80430E3790DEB01008DF80530E8F78A
S21401F9D05FF8227801235AB1084AC2F8C83462781F
S21401F9E002233AB1054A0020C2F8C83403B030BD3C
S21401F9F0034AF2E7024AF6E700C0035000D003507C
S21401FA0000E0035070B52C4B0C461A7812B92B4AFD
S21401FA10926D1A702A4AD26F52054AD51D78294B23
S21401FA2005F00F06B0FBF3F040434FEA151505D17C
S21401FA3040F27C622B21FCF707F80120224A0A21BA
S21401FA407243B2FBF0F34843B3FBF1F602EB50020C
S21401FA50B2FBF0F201FB1633042BD2B207D8C3EB8C
S21401FA608310C3EB80035BB283B96DB217E0C3F1B9
S21401FA700B0303EB8303DBB2B3FBF1F32B44DDB2E1
S21401FA800F2DF2D9013AD2B2053DEEE7053B5BB246
S21401FA9093FBF1F31D44EBB26DB2002D04DB0020A5
S21401FAA042EA0512226070BD01320533D2B25DB260
S21401FAB0F5E70220F7E700BF9B630020008001B84E
S21401FAC0000002B8403B2500809698004FF0000CDD
S21401FAD02DE9F84FA2FB017BC84EDFF85CE3BE19A7
S21401FAE099466BF10003B6457CEB030308D240F25E
S21401FAF03E220E216046FBF7A7FF0220BDE8F88FE5
S21401FB00D0F8E4A00C461546BAF1000F04D0DAF896
S21401FB100030032B00F21B81B94BBA4A9B6BD2F81B
S21401FB20FCA0C3F31408B84BD3F8EC305E00B64B18
S21401FB3048BF48F400181B6E48EA456858074EBF90
S21401FB404FF440039B0503F0E07348EA03081DF0F9
S21401FB5079FA012D0646D0D10028CED0AB4B98427B
S21401FB6000F0048103F5122303F5F863984200F0D0
S21401FB700381A74B984200F02F81002502462B46B1
S21401FB8000204FF00071FAF783FD2B46013007FB8A
S21401FB9003F3C8F3130100FB0B33A1FB0662A7FBBB
S21401FBA0007001FB0522034420339B09C9F800308D
S21401FBB0F60C984B46EA423618F4801F1C6008BFC4
S21401FBC07642954B954DC9F8144034441E602C601E
S21401FBD0BAF1000F00F0B98000239149C8F38152B1
S21401FBE08A5C194618F0807F18BF6408002EB8BFDB
S21401FBF0764292066008C2FB06012246FAF748FDE5
S21401FC00DAF800300E2B08D97F4B7D4A926BD96902
S21401FC10D3F80C31C90600F1D68018F4001814BFC9
S21401FC20C42240F207127F49C0F31300A1FB04610E
S21401FC304FEA511102FB01F1C9F80400DAF8180085
S21401FC404FF4FA73B1FBF0F118BF4FF0000801FB57
S21401FC5003F3A4FB0262FA33A3FB003004FB082281
S21401FC60B342904138BF0131C9B241F4006CC9F8C2
S21401FC7008C000297ED0DAF81C00A1FB003624B1AA
S21401FC80B4FA84F20E2A40F38880E203002E77D17C
S21401FC90B2FBF3F2530003FB0113A3FB00764FEA1A
S21401FCA0044EBE454FEA144474EB060609D34E00D3
S21401FCB03344A0FB0371BE4574EB010102F101025E
S21401FCC0F6D2C2F30E024CEA023C4CF00063C9F8CD
S21401FCD008301DF0B7F92B68002B00F08880B3FAC6
S21401FCE083F4D4F102044CBF1C4623FA04F44E4BB1
S21401FCF09C4288BF6408002846D0B4FBF0F3642118
S21401FD0000FB134201FB02F2904244D85A1E5208ED
S21401FD105B08013B120242EA0313C9F80C301DF0DE
S21401FD205DF900285CD0B4FBF0F2642100FB1244BC
S21401FD3001FB04F4A0425ED8531E5B085208013A48
S21401FD401B0243EA0213C9F810300020D6E6042B42
S21401FD50DAF828807FF4FBAE18F0807F0CBF08F03D
S21401FD60E0734FF4400328F0E078EEE600232F48D6
S21401FD701D460CE72120C1E600232D481D4606E757
S21401FD800B46002289E7044640F2C2422B2100209E
S21401FD90FBF75AFE2346013BB8E7C2F10F0702F113
S21401FDA0110E06FA0EFEFB4043EA0E03A7F1200EE3
S21401FDB026FA0EFE43EA0E03FE40013304FA02F26F
S21401FDC046F1000662E702F4801203F400131A43B8
S21401FDD008BFC0F5801020E7002316481D46D6E66A
S21401FDE040F2E5422B21FBF72FFE621EA4E7002816
S21401FDF0C9D01C46CFE71446F7E700BF006CCA8897
S21401FE00008001B8001F00B0004001B800F04902B0
S21401FE10005A620228540020245400202054002056
S21401FE2058B80400D34D62103FBE40250A3BB2DFEE
S21401FE30313641DCD694BFD6807C814A10B50B465C
S21401FE40044686B039B98279016821486B46006854
S21401FE50FFF73CFE6B461F4A196851631E4AD2F8EB
S21401FE60FC2062B35A6842B11C4A1D49C2F80C1103
S21401FE705968A2F58052C2F80C119A6842B1174A25
S21401FE801849C2F8EC109968A2F58052C2F8EC1035
S21401FE901549D868D1F8642122F4EE620243C1F80C
S21401FEA06421D1F85C21186922F4EE620243C1F89C
S21401FEB05C21A1F5FF4158692839FFF7A3FD002011
S21401FEC0A2880A4B9A6203F5A033186406B010BDE7
S21401FED068540020008001B8001F00B0006001B81F
S21401FEE0FFFF0F00FFF8FF0F000002B8004000B848
S21401FEF04FF48062014BDA67704700BF001002B80A
S21401FF004FF48062034BDA67034B1B780BB1034A4D
S21401FF1093657047002002B89B630020008001B8FB
S21401FF2040B10368012B05D90069034B002808BFBF
S21401FF30184670470048704760B8040010B590B185
S21401FF400468012C0FD902696AB11168094B102C9B
S21401FF50196051685960916888BFD268996094BFEA
S21401FF60D960DA6010BD102200210248FAF7FCFEC3
S21401FF70F8E700BF30540020084BC1171A68A2FBEF
S21401FF80000302FB013310F1807043F10003400EC1
S21401FF9040EAC310803820EAE070704740540020E1
S21401FFA00722164B70B5DA66154B164A1D68164BB6
S21401FFB0EC08E005C0184FEA153141F100010023B5
S21401FFC0FAF766FB114B124E18604EF66020FFF7EB
S21401FFD0D3FF4042C6F884000E48FEF7EDFF024606
S21401FFE058B1E301500818184FEA15714FF0000395
S21401FFF041F10001FAF74CFBF06570BD000002B854
S214020000DC53002065CD1D00B2E60E0040540020F1
S214020010001F00B040420F0010B5044698B10B4BCB
S214020020D3F8FC00FFF78AFF4FF47A7303FB04F061
S214020030074BA0F6AC50DA689B681044C01ABDE8BD
S2140200401040FFF799BF4EF66020F8E7001F00B099
S214020050305400202DE9F8430546084614461E464D
S214020060FFF76CFF0DB306F0020716F004061ED16A
S214020070DFB14FF47A706B685843002B40F08C80E7
S214020080FFF77AFF60626B69002B00F08C804B4AA8
S214020090D0684FF47A7202FB0300A0F503501038C2
S2140200A0FFF76AFF2062002E57D1BDE8F883286961
S2140200B0002868D04FF47A735843404BA0F6AC50F1
S2140200C09B68C01AFFF758FFE061A88B00285DD036
S2140200D04FF47A735843394BA0F6AC509B68C01A5B
S2140200E0FFF74AFF2061364BE968D3F80080002903
S2140200F04FD04FF47A735943304BA1F6AC519A68FD
S2140201005B68891AC91A2F4BC8171A68DFF8BC90A1
S214020110A2FB011302FB003311F1807143F10003CD
S214020120490E41EAC3118039274B6161DB6EA36138
S214020130D9F8003053B140461AF0A9F830B1224639
S214020140D9F800301D49D8F8D80098470021A86988
S214020150FFF762FFA062002F8BD1A86830BB47F280
S2140201603050FFF709FFA0604FF47A702B685843AF
S2140201702BB1124B1B6803F51C5310331844FFF7C0
S214020180FBFEE06091E74EF660209BE74EF66020AD
S214020190A6E74EF66021B6E7084B1B6803F51C532C
S2140201A0103318446CE747F2305079E74FF47A730D
S2140201B05843A0F503501038D3E700BF3054002050
S2140201C06854002040540020001F00B02C54002029
S2140201D038B5054608461C461AF07BF90246D5F89D
S2140201E0E400FFF79DFE4368A018002B044AA8BF50
S2140201F04FF4FA721A44034B92FBF3F2104438BDE2
S2140202000CFEFFFF18FCFFFF70B5124C88B001AD64
S2140202100FCC0FC594E8070085E807008C22002162
S2140202200D48FAF7A1FDD42200210C48FAF79CFDEE
S2140202300B4B0C4A5A6301F04DFA0B4B1B783BB141
S214020240044E01AD0FCD0FC695E8070084E80700FF
S21402025008B070BDC41F00B0A01E00B02C1F00B0B6
S214020260001F00B0101111118E63002008B51EF099
S21402027010FE0E4B1A78A2B90D4A126812F4843F89
S2140202800FD10C4A1021D1671B7863B9084B1B6843
S214020290DB0508D4074B2022DA67BDE808401EF0CB
S2140202A0F3BD054AEEE7044BF5E700BFA163002065
S2140202B048160020002002B8001002B80A4B19782F
S2140202C001F0FF0229B10021197008499202C1F813
S2140202D0B420597801F0FF0229B100215970930227
S2140202E0024AC2F8B83070479C630020005000B83B
S2140202F0064BD3F8D80E064B5B6F1A0103D4054B98
S2140203009B6E1B0401D500F580707047001000B08C
S214020310000002B8004000B810B51EF0BAFD0E216B
S21402032004460320FFF7FCF840F20122034B204666
S214020330BDE81040DA621EF0A7BD00BF004000B85C
S21402034008B51EF0A6FD4FF00042224BC3F88020EF
S214020350BFF34F8FBFF36F8F0122C3F88420BFF322
S2140203604F8FBFF36F8F0222C3F88420BFF34F8FE5
S214020370BFF36F8F0422C3F88420BFF34F8FBFF3FF
S2140203806F8F0822C3F88420BFF34F8FBFF36F8F9F
S2140203901022C3F88420BFF34F8FBFF36F8F202243
S2140203A0C3F88420BFF34F8FBFF36F8F4022C3F88A
S2140203B08420BFF34F8FBFF36F8F4FF48072C3F862
S2140203C08420BFF34F8FBFF36F8FBDE808401EF047
S2140203D05BBD00BF00E100E008B51EF05AFD4FF01D
S2140203E00042094B1A6001225A6004225A6008220F
S2140203F05A6010225A6020225A6040225A60BDE893
S21402040008401EF041BD00BF00E100E0012370B5C8
S214020410074C2370074B1E68074B3240D3E9005344
S21402042019402840FCF7F8FC0023237070BD00BF7B
S2140204309F63002048540020481600200022044BE8
S2140204401A70044B197811B11A70FFF70FBF704774
S214020450A0630020A16300202DE9F047DDF820A06C
S21402046003EA0108099B06460C4602EA000703EA6D
S2140204700A09BAF1000F40F04E81031F0B4300F049
S2140204800E81052871F1000380F0E48050EA010332
S21402049000F06081431E0B4300F02481FFF750FFFB
S2140204A0AD4AD2E9005323EA040325EA06053D4392
S2140204B043EA0807A94BC2E900571E68DFF8F48230
S2140204C026EA0A0646EA09061E60FFF7CFFE15F080
S2140204D02A4F14BF48F202034FF40043A04AB00763
S2140204E0D26EA04848BF43F4005383EA020122EAD0
S2140204F00302C2669C4A0B408166D366C5F38042FD
S2140205001203290348BF42F48072EB0648BF42F446
S2140205100052964BAC0648BF42F400726806D3F807
S2140205200C3248BF42F48062290648BF42F4006299
S2140205308F4882EA030123EA0203C0F80C328D4B8D
S2140205400A40C7F34024A404C0F80812C3F80C22D9
S214020550EA0448BF44F48034AB0348BF44F4801432
S214020560A80748BF44F4800415F4001F06D0D8F844
S21402057000001AF0E2F808B944F40024E90248BF81
S21402058044F40034FA0648BF44F4000473077A4B76
S21402059048BF44F004041A6A44F4001484EA0203CE
S2140205A023F0010375491A400A621C40CB61744B62
S2140205B016F0010F1C62734B734A18BF1A46734B30
S2140205C07C071B6F48BF42F00062714882EA030153
S2140205D023EA020303676F4B0A4041661A676E4AB4
S2140205E005F00103516CA0F5803081EA030221EA8E
S2140205F00301416482631A40684B28025A64D8F8A1
S214020600002048BF664B92F8F62058BF654B690734
S21402061048BF43F4806322B115F4C06F18BF43F499
S21402062080733207604A48BF43F00043D2F8EC10AA
S2140206305E4883EA010222F4A0221140C0F8EC10C0
S2140206401340C0F8E0205A4ABDE8F047C2F8EC3042
S214020650FFF7C2BEA0F580630B4306D020F480638A
S214020660A3F500730B437FF419AF1EF012FC3A4950
S214020670D1E9003223EA060322EA040242EA080229
S2140206803B43C1E900324B4A126892F8F610474AD9
S21402069009B313F4C06F1ED04FF4807311E01EF03E
S2140206A0F8FB2D4AD2E9003123F004033B4341EA2A
S2140206B0080157EA0807C2E900314FF480633B4A53
S2140206C00BD0C2F8E030A2F58052C2F8EC30BDE89A
S2140206D0F0471EF0D9BB4FF48073C2F8EC30C2F874
S2140206E0E030F4E71EF0D5FB1B4AD2E9003123F0D6
S2140206F001033B4341EA0801C2E9003101232E4AC5
S21402070057EA08071BBF9363A2F5805253645364EB
S21402071008BF9363DBE750EA01037FF4BFAEBAF18A
S214020720010F7FF4BBAE1EF0B4FB0C4A136823F035
S214020730010343EA090313604FF48063144AB9F1D4
S214020740000F04D05366A2F580521367BFE7136703
S2140207505366BCE7BDE8F0874816002048540020E0
S214020760004000B8006000B8005000B8004001B871
S214020770006001B8005001B8000002B8002002B8BC
S214020780001002B8041C00030418000300C001B8DD
S21402079000E001B800D001B800C000B800D000B830
S2140207A00D0A0A09090A0A090040005400600054AA
S2140207B0005000546854002000E000B8024B58680D
S2140207C0C0F3C000704700BF48160020024B1868EE
S2140207D000F00100704700BF48160020024B586820
S2140207E0C0F3C030704700BF4816002010B504465C
S2140207F0FEF700FDFFF7A4FD2046FDF7BDF8FEF765
S214020800A5FCFEF7ABF8FEF71DF9FFF7C9FB134987
S2140208100723134AD1F8FC1004F1F800FFF71AFC7C
S2140208204FF080710020FEF7E7FB4FF000720D4B91
S2140208304FF400110120C3F80021FEF7DDFBFEF79E
S214020840D7FF20B940F292321421FBF7FDF819F0D7
S214020850A7FEBDE810400120FDF766BF001F00B0EE
S214020860581F00B000D001B88023074A1367082338
S21402087040B11367054AD2F8A03023F02003C2F82D
S214020880A0307047024AF4E7001002B8001E00B01B
S214020890002002B810B51EF0FCFA01210446002022
S2140208A0FFF7E2FF044B1961044B5B68984720464A
S2140208B0BDE810401EF0E8BA000002B8286A002020
S2140208C0F8B5194C0546207840F2E442B0FA80F0BA
S2140208D03E214009FBF7B8F855B9607840F2E44289
S2140208E0BDE8F840B0FA80F03E214009FBF7ACB80C
S2140208F04FF440660D4F0E4DD7F8B43040F2E44246
S214020900C3F381232370C5F8B46060783E21B0FA41
S21402091080F04009FBF798F8D7F8B830C3F3812384
S2140209206370C5F8B860F8BD9C630020004000B84C
S214020930006000B8F8B5084C084D236F0423084F32
S2140209402B67236F5B0300D4F8BD042602203E67A4
S21402095019F0A3FD2E67F4E7000002B8001002B8F3
S214020960002002B8A82238B51A4B1D6F03F50053B3
S2140209701A6710229A60A3F5804302F100521A67A2
S2140209805A66FFF79BFC144B1B7813B90320FEF73D
S2140209908BF80024114B9C67FFF7CCFF104A114BD3
S2140209A0D2F8D81E0B40C2F8D83E04220E4B1A6765
S2140209B00E4BAA06C3F8AC4008D503F58073DB6C71
S2140209C0B3F5817F22BF8022024B1A61BDE8384010
S2140209D0FCF7C2BB000002B89E63002000C001B84C
S2140209E0001000B0DF0000FF002002B8001E00B0BA
S2140209F010B549B930B3164AD3681B0E13F00E0F62
S214020A0020D193689A061DD4FFF786FC104C00206E
S214020A10FEF72AFE032801D0092805D1636FDB03FF
S214020A20F5D4E36D0C2BF2D9FFF784FF4FF4007276
S214020A30084BDA62012203F5E8335A61042203F511
S214020A4080531A674FF4C062034BDA6210BD00BFD0
S214020A50000002B8004000B8006001B808B50321E3
S214020A600920FEF75DFD2022014B1A6108BD00BF7A
S214020A70000002B838B505461EF00BFA0E4B0446C7
S214020A801868FDF745F835B1FFF7D8FC2046BDE8F3
S214020A9038401EF0F9B9094B1B78002BF6D0084BEC
S214020AA01D78002DF2D1FFF7C9FC2A464FF480408C
S214020AB00021FFF7ABFCE9E768540020A0630020A2
S214020AC09F6300202DE9F84F5C4B06460D46144600
S214020AD01B6F002A40F0AE8013F0A00F14BF4FF039
S214020AE001094FF00009FCF737FBA0234FF0000A7C
S214020AF0DFF868810320C8F87030FDF7D5FF0420C0
S214020B00FDF7D2FF4E4FFFF799FC4E4B4FF0040B0A
S214020B107B67C7F878A0FFF70DFF4B4B4FF4807149
S214020B20D3F8A020494842F02002C3F8A020FF22B2
S214020B30C8F80820414A1161D0F8D82E444911401D
S214020B40C0F8D81EC8F870B0C3F8ACA07B6913F022
S214020B50060F04D0FEF75CFA5846FDF7A5FFB9F17A
S214020B60000F08D04FF400623A4B1A674FF4004267
S214020B70A3F5E0339A6666B1374BDB6C180701D4EF
S214020B80FFF7CAFBFFF76AFF0420FDF78DFFFFF7AA
S214020B9095FB2A4B5A69D10747D5DA6812F0706F6F
S214020BA0FBD12E4B2E4A1A672E4AD36B23F0F00344
S214020BB0D36315B12046FFF75DFF2B4BD3F84C31BC
S214020BC05A1C01D05B0002D50122244B5A6164B341
S214020BD0214BDA6E03F500539A6603F5D0331B6A8F
S214020BE01E4A23F00103D361204BD3F80C1203F5FF
S214020BF00053C3F8081203F50053D3F8841003F524
S214020C00005399671A4BD3F8EC1003F50053C3F858
S214020C10E010184B596C03F500539963164903F517
S214020C20803359664FF6084313670020BDE8F84F35
S214020C30FCF736BD4FF0000955E700BF000002B8CA
S214020C4000C001B800000101001E00B0001000B094
S214020C50DF0000FF001002B8004000B8002002B813
S214020C6010003000001F00B00080E00F004001B806
S214020C700040005400C000B85000002F9B4B2DE9E6
S214020C80F04F9F6EDB6E85B01F40994B9F66994B67
S214020C90D3F8E050D3F8EC301D40974BC3F8E05041
S214020CA0964BD3F80822D3F80C3202EA0309944B87
S214020CB0C3F8089203F52043DA691B6A02EA0308BE
S214020CC0904B08F47702DA618F4BD3F80422D206EF
S214020CD005D4D3F80431C3F30016DB0651D51EF053
S214020CE0D8F88A4B5A695E6E1B6F12F0060F06EA38
S214020CF00306874A26F0007314BF4FF0010A4FF02E
S214020D00000A23F400637407536604D5814A137DF0
S214020D100133DBB213751EF0B7F8002F00F0E28045
S214020D2017F4004300F0D3801EF0B3F80146FFF735
S214020D30DFFA0446784BD3F800B0DBF80020DBF885
S214020D4000309A42FBD0DBF800209A42FBD0FFF735
S214020D50CFFAA04217D108461EF096F86F4B1C60D9
S214020D606F4BD3F870B01BF4E0520ED124F07F44E0
S214020D7024F0DF040CB9FFF7F5FD4FF0807B00246A
S214020D8014E0B246C9E70446D7E70192FFF7EAFD48
S214020D905C4B019A1BF480541A6740F09A801BF44D
S214020DA0806F0CBF4FF0805B4FF0806BB80715D595
S214020DB05B4A5448126F02F460410167002900F052
S214020DC08B80110400F18B8012F4005F0CBF4FF091
S214020DD000524FF0006200244BEA020BC7F3403782
S214020DE07F00504A2A40002A4AD015F4206F0AD0C3
S214020DF040F6A31206210020FAF726FE0020FFF78F
S214020E0039FE25F48025EB0506D5FF213D4A4BF435
S214020E10C06B9160FFF780FA15F0090F0AD040F612
S214020E20B81208210020FAF70FFEFFF717FE01217D
S214020E30304A116315F0106F0CD040F6C11209212A
S214020E400020FAF701FEFFF709FE002211461046BF
S214020E50FCF736FE15F4202F0AD040F6C9120721F9
S214020E600020FAF7F1FD0020FFF704FE25F48025A6
S214020E70E80301D5FCF768FF002DB8BF47F0080766
S214020E8069070DD51B4AD26A12F4005F4FF400526E
S214020E9017BF19492449CA624BF4000B08BFCA623D
S214020EA06A0548BF4BF0040B15F48023019300F04B
S214020EB0A480FCF701FF0138062837D8DFE810F0D7
S214020EC028012B0128012E013101340134019B46F1
S214020ED055E74FF0804B52E74FF000727BE74FF03A
S214020EE0004278E7BB463C467BE700BF004000B8BE
S214020EF0006000B80040005400600054004001B892
S214020F00006001B8002002B800E100E000C001B8AD
S214020F1000E001B84C540020F4B70400445400200A
S214020F20000002B8090B0B890050005440F6FA1272
S214020F3003210020FAF788FD01218548826ED0F849
S214020F40883002F00702063201FA02F2C3F30C0CF2
S214020F50A2EB0C0292B2072A12D97E4A126F5302F1
S214020F600ED47D4B826B806D5B6D5BB102F0070227
S214020F7006329140C0F30C00091A89B2072901D83B
S214020F804BF4007B754A1278002A36D0704AD2F8A3
S214020F90E02012F4A02F30D1714A724912789AB921
S214020FA0F20411D40A787AB14FEADB026E4842EABA
S214020FB0447282F00102D0F8D80E02F0010252000A
S214020FC020FA02F2930718D10420FDF76DFD674A56
S214020FD067485067FFF732FA62490A784AB9654AA3
S214020FE0127832B1644A654912680BEA02020A4272
S214020FF001D14BF4804B26F48056B9F1000F1DD078
S21402100019F4805F18BF4BF4802B19F4807F18BF49
S2140210104BF4002B19F4005F18BF4BF0100B19F4B9
S214021020007F18BF4BF0200B19F4806F18BF4BF0EF
S214021030400B19F4006F18BF4BF0800BB8F1000F8D
S21402104048D018F4001F0AD04D4A13683BB1414AF3
S2140210504C48116F00680022C1F3C061984718F42B
S214021060802F18BF44F4007418F4803F18BF4BF466
S214021070805B18F4801F18BF4BF4003B18F4800FF7
S21402108018BF4BF0020B18F4003F18BF4BF4801B3E
S21402109018F4000F18BF44F0100418F4002F19D0EB
S2140210A0394AD2F8A02012F0C00F13D02949CA68D4
S2140210B0C2F30362032A01D0072A05D14A6FD0067B
S2140210C002D48A6F120732D54FF400212F4A28F431
S2140210D00028D161002E00F01B81330540F18F807D
S2140210E02B48DFF88890C2782A49002A58D04FF455
S2140210F00063013AD2B24B66C27032B9264A1278FF
S214021100C2B140F60141254A51670022002173E030
S2140211104BF4803B10E74BF4006B0DE74BF4806B0F
S2140211200AE74BF4807B07E74BF0080B04E74BF427
S214021130001BCFE7D9F8782012F4A05F15BF4FF452
S214021140807240F60142C9F85820C9F87820DCE7D8
S21402115000400054000002B8004000B8A16300201E
S214021160A0630020A3630020001000B000C001B8F6
S21402117000000101A263002048160020088D01002D
S2140211807C53002068540020001E00B0002002B8E5
S2140211909263002000E001B89E63002000D001B8F0
S2140211A00320FDF781FCD9F81420A84B12F0060F95
S2140211B004BF41F61F72A649A64808BF4A674FF405
S2140211C00061A34A5166D9F8142012F0060208BF3D
S2140211D0C9F878205A8A12F4006162D022F40062BA
S2140211E05A82027802F0FF09002A5ED1FDF710FF4C
S2140211F0FFF7B8FB4A4620214BEA020B0C43B0002D
S21402120009D52E20FDF79EFB4FF00051904A44F080
S214021210080411675166F10606D52B20FDF792FBEE
S21402122010218B4A1167516616F0306F05D1F20411
S21402123063D5BAF1000F00F0C080330117D529201C
S214021240FDF780FB844A526C12B11021834A9160EA
S214021250FFF7B4FA48B1824A82487D494A66026775
S21402126000F54050C068400422D444F0040416F04E
S214021270007A28D00420FDF717FC2720FDF762FB32
S214021280FFF770FB4FF00071714A5166764AD2F84A
S214021290D82E520679D40221704A916044F0020494
S2140212A028E002784FF40052A6E74FF400422DE7FA
S2140212B00A6720204A66FDF745FB2D2044F00C0401
S2140212C0FDF740FBD3E716F0807FDFF88C9147D01E
S2140212D00420FDF7E9FB2820FDF734FBD9F8782037
S2140212E0002A3AD1FFF73EFB594A5D4944F0010411
S2140212F0116751660021584A9165720508D55B4907
S2140213008A78002A00F0D880013A8A7000221743B1
S214021310574AD2F8A020130603D558462146FCF7B2
S214021320C7F93A4658462146FFF770F8019B0BB1BB
S214021330FCF7F8FC01224F4B05F00435C3F8E050E9
S2140213404D4B18F4002FC3F884211EBF4FF4002221
S214021350424BDA6105B0BDE8F08FC9F878A0C3E762
S214021360F104C7D50420FDF79FFB444AC9F8742050
S214021370FDF74EFED9F8642012F0407FBAD12A203B
S214021380FDF7E0FAFFF7EEFA80E7394AD2F8A01046
S2140213908B0683D402203A4988603A49096891F854
S2140213A02510C8077FF57AAF92F8C420002A3FF4CA
S2140213B075AF8021344A116170E7344A12680132EF
S2140213C002D04BF0010B98E728490A7952B1013A4C
S2140213D0D2B20A7112B9234A2D49516700224BEA4A
S2140213E0020B8AE70420FDF75FFB0320FDF75CFB98
S2140213F0194A224951671DF04CFD81460DF10F0036
S214021400FEF732F9234A824612780AB1FEF784FFC3
S214021410BAF1030F0ED1DFF870A00020FEF724F910
S214021420032807D1DAF87420D103F6D4DAF85C2060
S2140214300C2AF2D99DF80F20032A2FD10121164A31
S214021440484611701DF020FDC8E700BF4C5400202E
S21402145000E001B89E63002000C001B8002002B878
S2140214601000002000D001B8001000B092630020E7
S214021470001E00B00060005400E100E00000010120
S214021480001002B868540020000002B8306A00203B
S2140214900000010DA4630020A0630020094AD2F8D0
S2140214A0E02012F4A02FC9D1FEF7C8FF48461DF06F
S2140214B0EBFC4FF4804292E70220FDF7F5FA012298
S2140214C025E700BF004000540122024B1A62DA618F
S2140214D0704700BF002002B80D4B10B5DC691A6ACF
S2140214E014400C4A24F47F01D161E20706D5D9687C
S2140214F04FF0FF30C1F3036119F05CF8630706D5BD
S214021500BDE81040042200200021FEF77FBF10BD78
S214021510000002B8002002B80C4A08B5936B526C61
S21402152013400B4A9363DB070FD50A4B40F6634220
S2140215301878122100F00100FAF786FABDE8084092
S214021540002201200021FEF761BF08BD00C000B8DE
S21402155000E000B848160020054AD2F88430DB07BF
S214021560FBD4936FD2F884201340024A93677047E5
S214021570008001B800A001B870B514460D461DF0F3
S21402158088FC064BD3F8A06074402C407440C3F825
S214021590A0401DF079FC06EA050070BD001E00B0F2
S2140215A0034BD3F8A03099430CBF012000207047AC
S2140215B0001E00B02DE9F04117460A43012A1D46D7
S2140215C09DF818409DF81C60DDF8208029D8B442AA
S2140215D027D2082E25D8032B23D8B8F1000F20D007
S2140215E00A460021FBF71CFDFF21EB009940C94388
S2140215F0DFF834C008F1FF38FF00E2B2964202D8A4
S2140216000020BDE8F0813D190CEB8505D5F8E020F9
S21402161018F8010F0A4098401043C5F8E00001345C
S214021620EBE72120EDE700BF001E00B0034B186871
S214021630034B002808BF1846704700BF64540020BA
S21402164044D904002DE9F843DFF860900646D9F83D
S214021650008008461746B8F1000F03D00E24204635
S214021660BDE8F88306B3336801331DD1E1B1FAF75A
S2140216700DF805460028F1D0C9F80000FAF72CF854
S214021680284618F0ABFA044640B14046C9F8008036
S214021690FAF722F8284618F09CFAE0E73560002FA1
S2140216A0DDD02846B847DAE72124D8E76854002078
S2140216B0024B1868003818BF012070476854002093
S2140216C0002108B5024B08465B689847002008BD13
S2140216D0286A00200523064AA2F84A3092F84930C2
S2140216E003F0010363F0730382F84930704700BFCA
S2140216F0001F00B00023F0B585B0CDE90133039397
S214021700124B134D1B78134E8DF804301DF0CEFB92
S2140217102A78337804469A420F4F0CD031783868CC
S21402172001AA297018F07BFF50B140F608210B4839
S2140217301DF0B1FC04E0386818F051FF0128EDD026
S21402174020461DF0AEFB05B0F0BD00BF536D002075
S2140217508A6D00208B6D002084540020EB8D0400DF
S214021760F8B52B4B1B7823B140F6FC3129481DF007
S21402177092FC1DF09BFB284B07461C8814F00604BF
S21402178009D001214FF480701CF044FB3846BDE8B6
S214021790F8401DF086BB21464FF480701CF03AFBE1
S2140217A0204600F0ABFF022808D180221B4B802186
S2140217B0186818F0DDFAFFF79DFFE7E7204600F00D
S2140217C09DFF054638B1012807D040F63141114841
S2140217D01DF061FCDAE70246E8E7FF220F4E104BE7
S2140217E030681A70FFF76CFF306818F0F8FE0128B0
S2140217F0CCD02A462946306818F0F3FE21462C2023
S2140218001CF034FB21460A201CF030FBBEE700BF6A
S214021810AA630020EB8D0400525C00208454002052
S2140218208A6D0020002101481DF03AB9A86A0020FE
S2140218307F2837B5044610D14FF6FF7302221748A9
S2140218400DF10601ADF80630EBF722F9BDF80640B9
S214021850E2054CBF6FF04A0464B21DF027FB104B42
S21402186005461C700F4B1B88DB0710D50E4B1B78EA
S214021870002B0E4B0CBF21466FF07F01186818F044
S2140218809CFA20B140F6786109481DF004FC28460F
S21402189003B0BDE830401DF004BB00BF641002C0B8
S2140218A0826D0020525C0020AB630020845400202E
S2140218B0EB8D040010B513F076FE60B113F075FEE2
S2140218C00B4A80B141F20D03BDE8104041F20D0112
S2140218D007481CF0F1BB074B1A781B799A4204D1D1
S2140218E000220023F0E70D23EEE7034AF9E700BFE4
S2140218F0400D0300536D0020488D0100F8B5164ECA
S2140219000D46337802F0010423B140F2C531134884
S2140219101DF0C1FB124B134F1D60134DA4B1134BA8
S214021920997801B1012120201CF074FA2B783B70C3
S2140219300F4B1C780F4B00211C70042333700E488B
S214021940BDE8F8401DF0ACB8214620201CF062FA33
S2140219502B783B70EEE700BFAA630020EB8D0400F5
S21402196074540020A76300208C6D00207854002059
S214021970A8630020A9630020A86A00202DE9F84386
S2140219801DF094FADFF8A0810546B8F80030614CE5
S21402199013F4807F03D0237873BBFFF7E1FE0021A8
S2140219A008461CF063FA5C4B1A78FF2A13D01A78A2
S2140219B002F0FF0632BBFF221A702378052B0AD1EB
S2140219C00023284623701DF06CFA304618F0B7FE46
S2140219D01DF06CFA05462378504E062B09D1337853
S2140219E0FF2B06D03378022B15D100214C481DF070
S2140219F057F8FF2333702BE000214FF480701CF061
S214021A0009FACCE71A78012A4FF0FF0214BF3326F0
S214021A104C261A70D4E7337813B13378012B22D1CF
S214021A201CF098FA07463E4896F8009001F0DCFB58
S214021A30FF235FFA89F9337077B1B9F1010F44D108
S214021A406421374884F800901DF02AF8FFF752FE0A
S214021A5028461DF026FA06E0284627701DF021FAD1
S214021A60384618F06CFEB8F800301B0605D5002183
S214021A7080201CF0CFF917F056F901F0F1FA294E42
S214021A80308000B32778012F42D11CF01DFF054697
S214021A9010B301301DF0DDFB00F44060B0F5006FBE
S214021AA01AD10422394628461CF04EFE28441DF060
S214021AB0D0FB4FF6FF7398420ED10020318800F01B
S214021AC0FFFC00233380BDE8F883002328462370FA
S214021AD01DF0E7F93F20C4E7114801F085FB00211D
S214021AE008462170012500F09DFC23780BB9FFF70C
S214021AF037FE0020318800F0E3FC00233380002DFF
S214021B00E1D020780028DED1BDE8F84318F062BFA5
S214021B100025EAE7AA630020896D0020886D002070
S214021B20A86A0020505C0020525C002008B51346CC
S214021B300A461946064B186818F0CCF930B1BDE8CB
S214021B40084040F2F44103481DF0A5BA08BD00BFA4
S214021B5084540020EB8D040008B513460A46194645
S214021B60064B186818F0B0F930B1BDE8084040F2EC
S214021B70FB4103481DF08FBA08BD00BF8454002005
S214021B80EB8D0400024B1878431E584258417047AA
S214021B90AA63002008B5064B1B7823B140F22551F4
S214021BA004481DF078FAFFF7DBFD002008BD00BFF1
S214021BB0AA630020EB8D040008B5054B01EB8101FA
S214021BC01868490018F0FBF8002818BF212008BD45
S214021BD08454002008B5044B1868F9F70FFF0A234F
S214021BE090FBF3F040B208BD84540020014B1878F5
S214021BF0704700BF8B6D002008B5044B186818F0BC
S214021C0049F8B0FA80F0400908BD00BF84540020AD
S214021C1038B5124D0C462B78012B04D940F24651AA
S214021C200F481DF038FA21460020FFF7E5FF90B175
S214021C300C4B1C702B785BB9FFF792FD0A4B93F99D
S214021C4000100A4BC901186818F08DF8002038BD3C
S214021C50FFF750FDF2E72120F9E700BFAA63002054
S214021C60EB8D04008B6D0020AC63002084540020B2
S214021C7008B5074B186818F00BF830B1054BB3FBE4
S214021C80F0F083B20BB1184608BD0120FCE700BF96
S214021C908454002040420F002DE9F3475C4E012099
S214021CA01DF0F6F93388990704D440F63F415948A7
S214021CB01DF0F1F9DFF8808198F80030053B012B22
S214021CC004D940F6414153481DF0E5F9524F3B68AE
S214021CD023B940F644414F481DF0DDF9348814F02C
S214021CE0200478D0012122201CF0C0F84FF47A7428
S214021CF0FFF7BEFF3B681B780933434304EBC3047C
S214021D0098F80030A5B2062B0BD11CF0EBFC04466B
S214021D10FFF7AEFF602358430C2303FB040028445E
S214021D2085B2D7F800903D4B99F800801C7808F1F0
S214021D30FF381FFA88F8002C52D133885A0505D48A
S214021D4009F101001DF085FAC0F340143449354A02
S214021D50887812784B7812FB00F2334F93423B702E
S214021D60A4BF9B1A3B703B78CA78BD60934238BFCB
S214021D7013463B7013F01FFC002833D013F019FCF7
S214021D80012814BF1025082525430023DFF8ACA040
S214021D900093802243464946DAF8000018F041F8DC
S214021DA020B14FF43B611B481DF075F91F4BDAF862
S214021DB0000019781E4B197033889B0614D52A46E4
S214021DC01C4B009718F029FCC0B9002002B0BDE8F1
S214021DD0F0471DF05DB9214622201CF047F887E740
S214021DE00024B3E72546D0E72A460F4B18F013FC2B
S214021DF0014618B925201CF039F8E6E721462620C8
S214021E001CF034F840F6F43102481DF044F9DCE7E1
S214021E10525C0020EB8D040074540020AD63002059
S214021E20536D0020A7630020586A00208B6D0020A7
S214021E308A6D002078540020AA6300208454002073
S214021E40184B10B51B889B0704D440F6A6611648AB
S214021E501DF021F9154B1B78053B012B04D940F6E2
S214021E60A76111481DF017F9114B1B6823B940F6FC
S214021E70A9610D481DF00FF900240E4B0E492120D2
S214021E801C701BF0F3FF014618B9BDE81040FFF7BF
S214021E9003BF022804D12046BDE810401CF07CB8DF
S214021EA010BD00BF525C0020EB8D0400AA63002028
S214021EB074540020A563002059200200F8B55A4C3D
S214021EC023889A0704D54FF43E7158481DF0E3F86C
S214021ED0574801F089F91CF0E9FF238805465B079D
S214021EE00DD54FF0FF3017F0E3FF524B1B68C01AB8
S214021EF0B0F5717F03D9002104201BF08BFF284622
S214021F004D4D1CF0CEFF2B78042B32D11CF0CEFFA9
S214021F10238806465F0708D5454800211CF0C0FD09
S214021F203046BDE8F8401CF0BCBF1CF0BAFF1CF0FF
S214021F30BDFF424B06461B78414F13B9238859050D
S214021F400FD50523012102202B701BF063FFFFF73C
S214021F5077FF30461CF0A5FF3B68DA78394B1A70DB
S214021F60F8BD386801301DF074F98206E9D50623FB
S214021F70E8E7062B4DD1344B1B78FF2BF0D1334EBE
S214021F8013F01BFB3378002B3DD01CF08FFF238809
S214021F9005465B0705D5264800211CF081FD28462C
S214021FA0BFE71CF07EFF3378013B33701CF07EFFE8
S214021FB00446012102201BF02DFFFFF741FF2046B9
S214021FC01F4C1CF06EFF206801301DF042F900F431
S214021FD04060B0F5006F13D1246801210422204628
S214021FE01CF0B2FB20441DF034F90146184B0420C5
S214021FF01A783378D21AD2B2BDE8F8401DF0F2B899
S2140220004FF6FF71F2E740202B70BDE8F84018F05B
S21402201096BB012BA4D100232B700E4B1868FFF73A
S2140220204FFB3F20F1E700BF525C0020EB8D04001F
S214022030A86A002070540020AA630020AD63002026
S21402204074540020A6630020886D0020A763002039
S2140220508C6D00208454002008B50A4B1A7882B989
S214022060012210281A7004D040F69D6106481DF021
S21402207012F8002120201BF0CDFEBDE80840FFF735
S2140220800BBE08BDA5630020EB8D040008B5094B06
S2140220901B88DB0604D440F2C35107481CF0FBFF42
S2140220A0102000211BF0B6FE044B1868BDE808405D
S2140220B018F0AABA525C0020EB8D0400845400206B
S2140220C0012208B5074B1146186818F08AFA002153
S2140220D02C201BF0CBFEBDE8084000210A201BF096
S2140220E0C5BE00BF84540020014B4008185C7047F0
S2140220F0846D002008B513460A461946064B186832
S21402210017F0EEFE30B1BDE8084040F6E94103485C
S2140221101CF0C1BF08BD00BF84540020EB8D040034
S21402212008B5044B186818F05AFA013818BF01208F
S21402213008BD00BF84540020054B10B54C00224653
S2140221400146186817F029FE031B5842584110BD75
S2140221508454002070B505461CF0A8FE0E4B0F4EA8
S2140221601B880446DA07357008D50D4B0D4D1B78D3
S214022170012B08D90121286818F0DBFA2046BDE8B1
S21402218070401CF08EBE1BB113F00BFAC305F1D4DF
S214022190317881F00101EEE7525C0020836D002069
S2140221A0AB630020845400200C4B10B51B880446F9
S2140221B0DB0711D5FFF77EFB094B84F001020821ED
S2140221C01868D20017F0D4FD30B1BDE8104040F6D2
S2140221D0367104481CF05FBF10BD00BF525C002081
S2140221E084540020EB8D040008B5044B01461868A1
S2140221F017F081FE003818BF012008BD8454002065
S21402220010B50A4C23787BB1FFF75AFF0021042051
S2140222101BF000FE002102201BF0FCFD00232370B1
S214022220BDE81040FFF79CBA10BD00BFAA630020AD
S21402223038B5094800F0E8FC0024084D95F844300B
S214022240E0B2834200D838BD05EBC000043000F08F
S214022250DBFC0134F2E700BF28550020885400203A
S21402226008B5104602494822F8F70EFF002008BDBE
S214022270E054002008B505481DF07DF8014620B957
S214022280BDE8084001481CF00BBC08BDC86A002027
S214022290002238B51C4B15461C461A700132082A15
S2140222A05D609D8043F8085FF8D1482200211748F8
S2140222B0F8F75AFD4FF6FE73A4F868306FF48033D1
S2140222C0E365134B00211A88124B1868F8F74CFD89
S2140222D0114BC4E91255C4E9283584F8445084F8F1
S2140222E05050656584F8A850E9F73CFFFF220B4B77
S2140222F0012118700A4B00201A70E2F7C5FB002075
S214022300FFF7B8FF002038BD88540020E0540020B4
S214022310F46C0020886900200000FFFFAE630020F6
S2140223200364002010B5AC24084B04FB0030836C19
S21402233053B990F850403CB931B1C0E91212204668
S214022340FFF798FF204610BD2120FCE788540020A6
S214022350AC2370B503FB00F5094E731993F8504091
S2140223605CB9204610F0AAFC735D204643F00203D7
S2140223707355FFF77FFF204670BD0120FCE700BFC4
S21402238088540020AC235843024A135C23F003030C
S214022390135470478854002070B516461F4A0446E8
S2140223A01278C2BBAC211E4D01FB00518A6C92BB57
S2140223B091F850203AB1022B2DD191F844100729FA
S2140223C007D91C2026E091F844100729F9D8012BDA
S2140223D008D0AC2000FB0450CA00011D0C30F8F7F0
S2140223E015FD0021AC2303FB04F000249DF81430F5
S2140223F000EBC1012944CB71049B8E808B602B18A5
S21402240093F84420204601328C7183F84420FFF76B
S21402241031FF204670BD0120FCE700BFAD630020FF
S21402242088540020F8B5234B04461B780F46002B31
S2140224303ED1AC23204D03FB0053B3F8A03023B9A2
S21402244040F245311D481CF026FEAC2202FB045227
S214022450D2F8A46036B192F8A33039460020B2F81A
S214022460A020B047AC2300216343EA18A2F8A010CC
S214022470C2F8A410482192F8A82001FB02322A448E
S214022480D2F89820964213D0EB5C9B070CD5AC2270
S2140224906243AB5C204623F0020343F00103AB54D5
S2140224A0BDE8F840FFF7E6BE10F02AFC0028EED1A1
S2140224B0F8BD00BFAD63002088540020428E0400A1
S2140224C02DE9F04F89B0059008460D461CF0FCF940
S2140224D0044618B9212009B0BDE8F08F28461CF042
S2140224E00FFAC0B20838215C221892F802A00491B2
S2140224F0D1785268277803920022B4F80130ADF8FA
S2140225001E20434A029192F800B0BBF1000F08D099
S214022510404B1B681BB120464FFA8AF298470020B0
S214022520D9E703F00703022B70D00134092259467B
S21402253020461CF009F9023F3F1A3B0606465FFAA0
S21402254087F8C7D4344FD7F89090B9F1000F27D147
S21402255000210DF11E0B434622460846CDF800B078
S21402256010F0E4FAC3B20546002B4BD1BDF81E00AC
S21402257018F029F9E0B9BDF81E0018F020FA8146D5
S214022580BDF81E0018F01FF9F0B906EB0802012389
S2140225902146584692B200F07BFDD0B119209AE748
S2140225A05B465A4601212846C8470028D0D191E703
S2140225B0D7F89430BDF81E00002BDCD0A11998473E
S2140225C00028D8D1022086E742464846A119F8F7E5
S2140225D05BFDBDF81E001CF077F9029B059A03729C
S2140225E0049B80F809A08372039B1BBAC360AC23CA
S2140225F003FB027393F85020BDF81E0022B1DB6C79
S21402260003B19847E8B266E7BB6FF9E7012062E7D5
S214022610AD6300206C540020885400202DE9F84356
S21402262008460F46164602F1010918F0CDF9804613
S214022630384618F0C1F8042856D1384618F0E0F8A3
S21402264048F661054FF6FF7248F64103294C904260
S21402265008BF1D46B4F85C10301D1CF0FCFD384661
S21402266018F0CEF80146B01D1CF0F5FDB4F85E1069
S21402267006F108001CF0EFFD06F10A0438460DF0DC
S21402268067FF10B145F01005ADB2294648461CF06A
S214022690E2FD384618F093F9424601462046F8F71E
S2140226A0F3FC384601211CF047F94444074660B162
S2140226B01CF026F9054638461CF006F9EDB201462E
S2140226C02A462046F8F7E0FC2C440B4AA41B137853
S2140226D00134591C1170F37034703046BDE8F8436B
S2140226E0092201211CF030B848461CF0B2FD4C46C7
S2140226F00546C3E788540020AE630020AC2210B51E
S21402270048245043094B1A1892F8A81004FB0100FB
S214022710034493F87700022806D092F850301BB98B
S214022720032818BF012010BD0020FCE788540020B3
S21402273070B508B1012070BD234C94F8A850002D46
S214022740F8D12946B4F85C20FFF706FA294628464F
S214022750B4F85E20FFF7EAF92946284604F160023B
S214022760FFF7C8FC94F87730002BE3D0284694F89D
S2140227705860FFF73BFA864215D1002094F95A506A
S214022780FFF728FA854216D10020FFF7B7FF044666
S21402279000201BF08FFF0028CDD02146BDE87040F8
S2140227A00020FFF7F7B9284694F85810FFF730FADA
S2140227B00028E2D0BFE7002094F95A10FFF7FCF990
S2140227C00028E1D0B7E700BF885400200346AC20BB
S2140227D010B51446164A00FB032292F87700022828
S2140227E00CD1E07F022809D141B1124909780129AA
S2140227F013D992F85810227891420ED118462178B1
S214022800FFF7FAF990B1482221460B48F8F73CFC4C
S21402281000201BF04FFF08B9002010BD044B93F8B0
S214022820A8000028F8D1FFF783FFF5E72120F4E798
S21402283088540020596D0020E054002038B5AC239F
S2140228400D4C054603FB004300205A6DD86483F8FE
S214022850500012B15865FFF719FCF5F74BFBFF283D
S2140228601EBFAC2303FB054484F8A8000020FFF734
S2140228705FFF002038BD00BF885400207FB51D4C86
S21402288094F8A83023B1002084F8A800FFF750FF80
S21402289094F85A30B4F8A0608DF80F3026B940F29A
S2140228A0FD2115481CF0F7FB144B31461D6800202D
S2140228B02A46FFF7B3FEE46F02469CB10DF10F0302
S2140228C001930023294630460093A04702462C78FF
S2140228D054B920462146FFF7A5FD2046FFF7CAFC5D
S2140228E004B070BD0122F2E729460020FFF706F881
S2140228F0F6E700BF88540020428E04008869002054
S21402290038B5494B1C78002C58D1484800F06CFC6E
S21402291020461BF0CFFE002850D0454C2378D9071E
S21402292033D594F850201AB123F00303237045E000
S21402293023F00103237010F0CBF9237805469A079B
S21402294001D510F0BBF9294600200FF053FF40B91D
S2140229502378284643F001032370BDE8384010F080
S214022960ADB90023482284F8A33094F8A83084F83E
S214022970A25002FB0343D3F89830A4F8A000C4F890
S214022980A430BDE83840FFF779BF94F84400B0B1F0
S21402299004F1A003251D95E8030083E80300FFF772
S2140229A06DFF94F844202846D20004F10C01F8F793
S2140229B02DFA94F84430013B84F8443038BDA26CBA
S2140229C062B99B0711D52378002023F0020343F057
S2140229D001032370BDE83840FFF74CBC0123A06416
S2140229E084F85030904723789EE710F089F9002843
S2140229F0E9D194F8A83073B1F5F77CFA94F8503020
S214022A00002BDBD1FF2818BF84F8A800BDE83840A9
S214022A100020FFF78DBED4F88C30002BECD0984700
S214022A200028CBD1E8E700BFAD630020C86A0020CB
S214022A308854002070B5044600201BF03BFEAC23F1
S214022A405C430B4E351995F850300BB1002070BD23
S214022A500028FBD007481CF08EFC0028F6D1335D18
S214022A60002BF3D195F84400B0FA80F04009EEE767
S214022A7088540020C86A002010B5084A034617F09A
S214022A80B1FF14684FF6FF7203EB40039C421846F0
S214022A9003D9018802339142F8D010BD4455002074
S214022AA02DE9F047204F05463B88A3B3B0F9023024
S214022AB0002B30DBDFF87C801C49D8F80000F8F7E2
S214022AC0A9FB20B94FF4EA7119481CF0E4FA002673
S214022AD0DFF85CA0DFF860903A88B3B29A4204D876
S214022AE04FF4EB7150461CF0D6FAD9F80030B2B269
S214022AF053F83200D8F8001003EBC20468B943F862
S214022B003210A38828460133A38017F06BFFE388B0
S214022B1003EB4003E380BDE8F087F8F77BFB013662
S214022B200028D9D1EDE700BF545C00200F8E0400C8
S214022B30198E0400E86A00203855002038B5094C82
S214022B40094D22682B689A4204D94FF487710748C8
S214022B501CF0A1FA28682368C01A20F0010080B28F
S214022B6038BD00BF445500204C550020198E040085
S214022B7038B5124C124D21462846F5F741F823681F
S214022B800BB12B681BB9DE210E481CF084FA2A68AA
S214022B900D4B0E491A60236823F0010313440B60A1
S214022BA00B4B1A602AB9BDE83840F82105481CF0DC
S214022BB072BAFFF7C3FF6428F5D938BD3C5500202A
S214022BC040550020198E0400485500204C55002020
S214022BD04455002038B5094C094D22682B689A42A4
S214022BE004D34FF48A7107481CF055FA2868236804
S214022BF0C01A20F0010080B238BD00BF4855002040
S214022C004C550020198E04002DE9F0411D4B044658
S214022C101B78012B24D100881BF038FE0546D8B15C
S214022C200426DFF864802C461CF040F9074620464E
S214022C30FFF736FF638843EA08036380A05B1BF056
S214022C4025FE044638461CF02CF91CB1B4F90230B5
S214022C50002BE9DA062E01D1BDE8F0810626E2E76E
S214022C60022BF9D11CF022F9024620881BF00EFE38
S214022C7018B10388C3F30E0323801046BDE8F04163
S214022C801CF00FB9AF6300200080FFFF2DE9F04F64
S214022C900024BA4B97B006461C801CF007F90123A5
S214022CA0DFF8EC82B64F3B70B8F80030A8F8004068
S214022CB0ADF81630B34B1B6801931CF0F2F8B24B1A
S214022CC021461A88B14BD2001868F8F74DF80DF174
S214022CD01600FFF799FF002E3CD1DFF8B8924FF0AE
S214022CE0000B0125D9F80040019B9C4239D3BBF169
S214022CF0000F39D1002DF2D0D9F80040DFF898A2A3
S214022D0025462246019B9A4273D302230DF11600F2
S214022D103B70FFF779FF002E40F08F80D9F80060F5
S214022D203246AA4280F0A28090881BF0AFFD18B10E
S214022D300388C3F30E039380D0881BF0A7FD18B157
S214022D400388C3F30E03D3801046FFF795FE0246B0
S214022D50E7E79847E3B256F823300134002BF8D160
S214022D60BBE7BBF1000F3ED00BF1FF335FFA83FBEC
S214022D7016AB03EB8B0252F8402CB2F902005188D4
S214022D800028B1DA4B04AFD4924641F48040931D3A
S214022D902AF8020F02933AF8020F1BF077FDF0B101
S214022DA0B0F902E0B0F802C0BEF1000F17DB6FEA1E
S214022DB04C4C6FEA5C4CA0F802C00390FFF770FE22
S214022DC0BBF10F0F8FBF002516AB039A03EB8B00E8
S214022DD09EBF0BF1010340F8402C5FFA83FB029B77
S214022DE09A45D8D180E72046FFF746FE224604469B
S214022DF0C3E7104617F0F6FD8346B2F902001188C3
S214022E0000280AEA010108DA20461BF035FD0843CD
S214022E1081B204EB4B0402EB4B0510461180FFF720
S214022E202BFE02466EE798475FFA8AF356F823307F
S214022E300AF1010A002BF6D170E74FF0000AF3E719
S214022E403046FFF719FE82467EB1B6F90230718827
S214022E50002B0ADA3088C0F30E001BF017FD8642FC
S214022E6003462DD1C1F30D0171805646AE42E7D31B
S214022E70DFF81CA11CF01AF800210646504617F08F
S214022E8014FE1BF003FD0546002800F0878030463E
S214022E901CF007F8284617F0A5FD064620461BF04C
S214022EA0EBFC81467600324629462046F7F7AEFF0F
S214022EB0002249460DF116001CF035FA3444D9E7D3
S214022EC01BD9304617F08EFDC1F30D01420071800A
S214022ED01846314692B2F7F799FFC6E75046FFF713
S214022EE0CBFDD146854203D9B0F90230002B01DA78
S214022EF0824603E0FFF7C0FDF4E7B146554507D921
S214022F00BAF80000C0F30E001BF0C0FC8245E5D301
S214022F10B9F1000F30D0B9F80000C0F30E001BF074
S214022F20B5FC034638B93346CB46994513D8B14566
S214022F309BD0D946ECE7484617F054FDB9F8022074
S214022F404946C2F30D02A9F80220420092B2184680
S214022F50F7F75CFFE7E718460193FFF78DFD019B45
S214022F609B46854203D9B0F90230002B01DA0346AC
S214022F70DBE7FFF781FDF4E7CB46DAE7565C002095
S214022F80AF63002044550020545C002038550020D2
S214022F90585C0020485500200080FFFFBDF8163020
S214022FA03870A8F80030044B30461C601BF079FFDE
S214022FB017B0BDE8F08F00BF445500202DE9F04160
S214022FC005461BF063FC0F460446D8B11CF095F983
S214022FD020B940F2FB4120481CF05DF828461BF061
S214022FE08FFC05462046FFF747FDBD42064609D040
S214022FF004D840F2035118481CF04DF82588ED0B12
S21402300002D02781BDE8F0816780204617F0EAFCEF
S214023010074604EB40081BF049FF104B1A68B24201
S2140230200AD1C3F800801BF03CFF2A464046BDE8A2
S214023030F041FF21F7F798BEA6EB0806B5B21BF0E3
S21402304030FF072DF1D90023083D44F81730C8F8A1
S2140230500430A8F80250D5E7198E04004455002023
S21402306038B51BF023FF00210546044817F01DFD66
S214023070044628461BF015FF204638BD585C002043
S214023080024B1888B0FA80F040097047585C00205E
S2140230902DE9F74F044600881F461BF0F7FB8846CB
S2140230A0154606461CF029F920B940F2FE613F4853
S2140230B01BF0F1FF3388DB0B009306D033892B44D9
S2140230C03381002003B0BDE8F08F20881BF018FC87
S2140230D082463046FFF7D0FC01901BF0E7FEDFF891
S2140230E0D0B0019BDBF8002081469A421DD1FFF743
S2140230F025FDA84204D248461BF0D3FE1A20E1E77B
S2140231000AEB050373803FB120881BF0DDFB2A46DD
S21402311041465044F7F7B8FF3046FFF7ADFCCBF810
S214023120000048461BF0BDFECBE71BF0BAFE208827
S2140231301BF0E6FB2844009980B21BF039FC0646D9
S2140231400028DBD01BF0C0FB814620881BF0BCFBAE
S214023150824620881BF0D4FB514602464846F7F7C3
S21402316093FF3046AFB11BF0AFFB074620881BF03B
S214023170C7FB2A4641463844F7F786FF01212088D6
S2140231801BF0DAFB0121024630461BF0E9FB2680E3
S21402319097E71BF099FB804620881BF0B1FB2A4676
S2140231A039464044F7F7E0FDE8E700BF198E040011
S2140231B044550020342101481BF06DBF2D8E0400BB
S2140231C0036910B55BB18268064B9A4201D10020B2
S2140231D010BD44691BF058FF201AF9D5F7E74FF0E7
S2140231E0FF30F5E7B531020082681C4B70B59A4293
S2140231F00446056819D11BF059FE236923B1A34280
S21402320006D100222A601A61BDE870401BF049BE52
S2140232101A4611461269A242FBD12A68A24208BF88
S21402322029600B6100232361EEE7036993B198429C
S2140232306E6803D19D210A481BF02DFF2B46B4422F
S21402324009D122699D4218BF1A614FF0000308BFD8
S2140232506A60236170BD33463669F0E7B531020015
S2140232602D8E04002DE9F047074600254FF0010A8F
S214023270154EDFF858808AB0347914B90AB0BDE822
S214023280F087D6F8009087B900972A46B8F800105B
S214023290234603A81CF0DEF82246484603A9E9F7AF
S2140232A023FC2544EDB20836E6E7224603A9484643
S2140232B0E9F7EEFBCDF800A023462A46B8F8001040
S2140232C003A81CF0C7F8ECE770D904005A5C00208B
S2140232D00148FFF799BC00BF5A5C00209C46174B7A
S2140232E0F7B5054608461988164611B1144B1C78E0
S2140232F0CCB1014662463046BDB103B0BDE8F040EF
S214023300E9F7C6BB1C44E4B208373B79002BF0D081
S2140233103A689642F6D185F00105224600951CF0E1
S21402332099F803B0F0BD074FEFE7E9F7DDFBB0B25F
S21402333003B0BDE8F04015F0FABC00BF5A5C0020AE
S2140233408D6D002070D9040010B5074C238843B158
S2140233500020FFF787FF0020FF22044B20801A7010
S21402336010BD0220FCE700BF5A5C00208D6D0020D5
S214023370142810B518D8082805D115F051FDC40137
S214023380E4B2204610BD0E2802D115F04CFDF6E739
S214023390064B53F82040002CF3D00A282478F0D1AC
S2140233A007F0C2FB0443EBE7FF24EAE7C0D90400B8
S2140233B0014BB3F8680070478854002000487047F5
S2140233C0F2540020014B1878704700BF2663002095
S2140233D0014B1878704700BF29630020014B187014
S2140233E0704700BF29630020204B022810B5204CEE
S2140233F0187002D00438012822D82378042B0BD068
S21402340000211C481BF04CFB2378033B012B03D9FD
S214023410002119481BF044FB184B1B689A0022D562
S21402342013F0805F40F6114418BF4FF44164204603
S21402343016F0ABF8C8B92046BDE8104015F075BCCA
S2140234400C48FFF7D1FE0C48FFF7CEFE17F0A6FD9C
S2140234502378033B012B03D816F091F81624E6E7EF
S2140234600DF0BAFFFAE71524E1E710BD2D63002040
S2140234702E6300200C6B00207446002008470020B4
S214023480024B187800F00F00704700BF2D63002033
S214023490034B187800F00F00831E584258417047BD
S2140234A02D63002008B517F064FDC0B117F07AFD51
S2140234B0A8B10FF01BFD90B90A4817F0ADFA70B12B
S2140234C0094817F0A9FA50B115F0B2FC38B116F057
S2140234D05EF820B9BDE80840044817F060BB00203B
S2140234E008BD00BF5C5C0020905C002050550020A8
S2140234F030B505460C4693B081B910B9002013B01A
S21402350030BD1023214A69460120FFF7E7FE9DF8E9
S21402351005305A1E052A28D91720F0E7182200215E
S2140235202046F7F721FC002DEBD1FFF7B1FF30B3B1
S21402353015F026FB6A4601460020FEF791FEBDF80E
S2140235400430204623819DF80230A3729DF8003095
S214023550E37217F0ECFE002304F11401237304F166
S214023560100004F0F7FDE081C8E7094A9DF8041050
S21402357012789142D0D12B70002CD6D1BEE7054BE3
S2140235801B78033B022BD3D9C6E700BF64EE0100CB
S214023590606D00202D63002030B593B005460C46C2
S2140235A0FFF776FF20B90C4B1B78033B022B10D893
S2140235B015F0E6FA6A4601462846FEF751FE002056
S2140235C09DF80230607023709DF80030A37013B02F
S2140235D030BD1720FBE700BF2D630020054B18788F
S2140235E0012805D000F0FD00A0F1310358425841F1
S2140235F0704700BF2D6300202DE9F3410E460021DF
S21402360005461BF08AFE0023124FADF806002B80FB
S2140236100DF1060017F000FA044610B102B0BDE83C
S214023620F08121460DF1060017F03FFA80461BF0A6
S2140236304BF9438AB34207D99B1B43822246414633
S21402364028461BF070FEE3E743895B07E0D53B881C
S214023650F3E700BFF66C002008B50A48FFF7C4FD82
S21402366009484FF47A71FFF7C7FF074817F0D4F9F5
S21402367030B9BDE808404FF47A7102481BF010BA20
S21402368008BD00BFEC6A0020046D00201FB501468D
S214023690002201A81BF0D4FA064801A91BF0A0FEDE
S2140236A020B11BF011F94089C0F3400005B05DF867
S2140236B004FB00BF046D002030B585B00D46002225
S2140236C0014601A81BF0BCFA084801A91BF088FEB7
S2140236D050B11BF0F9F80446014608222846F7F7CF
S2140236E095FB6089C0F3400005B030BD046D002034
S2140236F010B5044C204617F0C6F96388181A80B233
S21402370010BD00BF046D0020F8B50546F8B10021D3
S2140237100F481BF002FE0446A8B10D4F20461BF0D0
S214023720D3F806461BF078FA830705D40822294602
S2140237303046F7F765FE38B1214638461BF011FED3
S21402374004460028EAD10024201E18BF0120F8BD36
S214023750046D002010B50C46014606481BF040FEDC
S21402376030B11BF0B1F843891C4214BF012000207F
S21402377010BD00BF046D00201FB51446024601A806
S2140237801BF05EFA074801A91BF02AFE40B134B1CD
S2140237901BF09AF8142201462046F7F737FB012061
S2140237A004B010BD046D00201FB50146002201A81A
S2140237B01BF046FA094801A91BF012FE58B11BF08D
S2140237C083F84389024613F0020004D0507B80F04F
S2140237D00800C0F3C00005B05DF804FB046D0020CD
S2140237E00146014817F075BA046D0020F8B5044684
S2140237F00E46142000211BF0DBF80546204617F083
S21402380042F96388834225D925B33146204617F00C
S21402381060FA08BB28461BF057F807460A223146CC
S214023820F7F7F4FA082206F10A0107F10A00F7F799
S214023830EDFA0A4B1B887B82238823B94FF47A71F0
S21402384007481BF02DF92046002229461BF06BFD87
S2140238500020F8BD1C20FCE72E20FAE7F66C0020BC
S214023860EC6A002010B5044686B0B0B11BF0D4F95D
S21402387010F0020011D1CDF80E006168CDF81200EA
S214023880ADF81600206801AB03C32289044801A9DB
S2140238901A80FFF7ABFF06B010BD2120FBE700BF82
S2140238A0046D0020F8B50D4616461F46044648B37A
S2140238B01BF0B2F930BB2046FFF792FFE0B121467B
S2140238C011481BF08DFD1AF0FFFF438905734673FE
S2140238D0877343F0020321894381204601F0F2F9FF
S2140238E0FF28044606D001F0F3F818B10022074B71
S2140238F043F82420002004E02046FFF7B3FF002808
S214023900DDD0F8BD2120FCE7046D002044440020F1
S214023910F7B59DF824400D4601949DF820400646D2
S21402392000941F460DF076FC4FF6FF71884204465F
S21402393010D0BB0711D4284600F0CCFF20461BF05F
S214023940E3F9FF281FBF084A32F8103023F48043F9
S21402395022F81030204603B0F0BD02462946304613
S21402396017F0BEF9EAE700BF205C002073B50E46EA
S214023970014614481BF034FD0546D8B11AF0A4FFE0
S21402398043890446334012D09B0736B20BD5002E2D
S21402399009DAA17B437B0289007B01910121009118
S2140239A02146FFF7B5FF638923EA0603638162892E
S2140239B012B1012002B070BD2946024817F094F8F1
S2140239C0F7E700BF046D00200148FFF71DB900BFEE
S2140239D0046D00201FB50C460B4A014601A81BF0D9
S2140239E02FF901A8FFF7FCFE60B101A907481BF0FA
S2140239F0F7FC1AF069FF03682360436800206360DF
S214023A0004B010BD2D20FBE72EDA0400046D002062
S214023A1013B53E4C12F089FBD4F8FC311020C3F3E8
S214023A2007430193FFF7A4FC000650D50020FFF7DA
S214023A309FFC01064BD5019B802B3ED1236A9A0739
S214023A4004D440F61544204602B010BDE3699B0735
S214023A50F7D52F4816F0BBF8012016F08BFE12F0B1
S214023A6077FB04460028EED100F086F9294817F0C5
S214023A7070F800F0F1F9E8F775F912F055FB0AF064
S214023A80F1FC0AF043FDF4F717F9F4F7CBF9F4F773
S214023A90E5F904F003FD15F0C5F915F0C6F915F0C1
S214023AA079FD1D480CF00CFC07F092FE15F031FD76
S214023AB00028C8D015F02FFDC5E7019B812BC0D189
S214023AC0D4F80C315B00BCD5D4F80C31BFE710201B
S214023AD0FFF74EFC0006BCD40020FFF749FC0106A7
S214023AE0B7D5019B802B05D1084B1A6AD207A8D5F9
S214023AF0DB69ACE7019B812BA3D1044BD3F80C21E5
S214023B00002A9EDAD3F80C31A1E700BF0080E00F4E
S214023B10690345EC505500208D36020010B517F0AB
S214023B203AFA70B301F0B8FB80F00104E4B2002068
S214023B30FEF7F6FA44EA800424B217F01AFA10BB2B
S214023B400220044316481BF016FC44EA40141548AB
S214023B501BF011FC24B244EA001413481BF00BFCC1
S214023B6024B244EA801411481BF005FC24B244EA4D
S214023B7040240F481BF0FFFB24B244EAC02080B268
S214023B8010BD0124D3E70B4816F046FF0028D7D015
S214023B90094816F041FF80F00100C0B24000D0E7AD
S214023BA04C6B0020306C00200C470020B06B0020CD
S214023BB0106C00205C5C0020905C002008B501F0D0
S214023BC047F90EF0DFF8FDF7D9FE154816F024FF88
S214023BD008B906F065F9134816F01EFF08B907F093
S214023BE0E1FD03F059FC0CF01DFD0F4816F0E3FF53
S214023BF00E4B1B78043B022B09D80D481BF0BBFB6F
S214023C0028B1FFF78BFF102801D109F07DF915F0D6
S214023C1011F917F073F8BDE808400648FFF736B802
S214023C205C5C0020905C0020505500202E63002033
S214023C30306C002038DA0400014B1868704700BF69
S214023C4084540020F8B54FF6FF77104B06461B78D3
S214023C500C46033B012B0F8009D830460AF0BAFC0B
S214023C604FF6FF73984220800ED000200DE00CF035
S214023C7023FEB84205462080F7D1304600F002FD0A
S214023C80A8422080F1D1E8E72D20F8BD2E6300205F
S214023C904FF6F77370B5984204460D4686B05AD86A
S214023CA017F02DF8A04207D108222C492846F7F72C
S214023CB0ADF8002006B070BD294EB6F86830A342B3
S214023CC00AD10022082106F16A0016F0AAFF18B9E6
S214023CD0082206F16A01E9E7ACB1224B1B78033BE6
S214023CE0012B1AD8002301221946204600930AF017
S214023CF01BFBFF2823D1294620460AF0BFFC80F092
S214023D000100C0B2D6E7184B1B689B07E5D42846CD
S214023D1008F0DCF90028E0D0CBE7204600F06AFF86
S214023D20FF2806D129462046FFF754FE0028D9D19F
S214023D30BFE7294600F080FF0028F3D0B9E702A9C2
S214023D4018F00BFA0028D6D1DDF80D302B60DDF81E
S214023D5011306B60ADE70120ACE700BFB063002016
S214023D60885400202E63002008470020014B18705C
S214023D70704700BF606D002010B5054C0822214632
S214023D800448E8F785FE204616F0F3FF10BD00BF94
S214023D90B063002034B608C000487047B063002005
S214023DA0082208B50349F7F72BFBB0FA80F0400962
S214023DB008BD00BFB0630020014B1870704700BFFB
S214023DC021630020074B44F6FF701A7840F6FF7313
S214023DD0012A18BF1846044B1B780BB140F400406A
S214023DE0704700BF2E63002021630020F7B50D4602
S214023DF0044616461F460021284601F0F1FF0B4BEB
S214023E00002183F859402A463346204600970EF092
S214023E10AFFC014630B10222204603B0BDE8F040B6
S214023E2000F006B8012003B0F0BD00BF88540020A1
S214023E3013B513460C461AB1022A0CBF13460123C9
S214023E400021044A019100922246FEF7A5FA02B02A
S214023E5010BD00BF79B0030000B5002093B0FEF796
S214023E6017FA1E4B18880CF031FA1D4B1D491A78AA
S214023E7000200EF0A1FD342200216846F6F774FFFA
S214023E800B238DF800306FF4803301934FF6FE73E8
S214023E90ADF8103003238DF81D30134B134A0893E8
S214023EA0134B10680993134B51680D93124B6A46D5
S214023EB00E93124B0F93124B1093124B119302ABAD
S214023EC003C300210846FEF781FC6A460121002052
S214023ED0FEF77CFC13B05DF804FB00BFEE6C00201E
S214023EE0736D0020509E040001430200B063002060
S214023EF015AE0300797B0200A94402007992020003
S214023F0079B00300C9750200014B1878704700BFEC
S214023F10B8630020014B1888704700BF086D002068
S214023F202DE9F74F814610460E4690461BF091F952
S214023F30DFF840B105469BF8003033B94A4B1B68A0
S214023F401BB94A4B1B68002B7FD015F4406A05F05C
S214023F5040071BD19FBBB5F5804F61D24FF48074EA
S214023F60B9F1400F73D0B9F1800F63D0B9F1100FD9
S214023F706BD100239BF800003D4AD9B2884264D92F
S214023F8032F8021B0133A142F7D166E008F10300C2
S214023F901BF05FF94FF6FF73984214BF0124022408
S214023FA087B1052705F44043B3F5004F44F00804F3
S214023FB025D0B5F5804F24D244F4807421E05446CF
S214023FC00327EFE7B5F5804F4FF00507F4D3BAF5B0
S214023FD0406F14BF02200820384440441BF039F9D1
S214023FE0019016F0A9FE019B05F4404598420CBFCD
S214023FF044F0080444F00404B5F5004F01D144F03F
S2140240008004BAF5006F0FD108EB07001BF021F908
S214024010054616F074FEA842A2D144F010049FE7AB
S214024020544603270220D7E7BAF5406F08BF44F08C
S214024030200495E70C4B1B683BB10022D1B233F843
S214024040110033F91110002903DA002008E0074BAB
S214024050F1E7A04202F10102F0D106B1348001205C
S21402406003B0BDE8F08F00BF605500206455002005
S214024070BA5C002000640020034B1A78022A04BFB0
S21402408009221A70704700BFB96300200C22034B46
S2140240901A211A700320002202F024B8B963002005
S2140240A00C2208B5054B1A211A700022104602F09F
S2140240B019F80022024B1A6008BD00BFB96300203F
S2140240C06C5500200C2270B50D4B05461E781A70F2
S2140240D030B93046BDE8704000221A2102F002B81C
S2140240E0084B1C78E1B21A29F3D825FA04F3DB0749
S2140240F003D54422304601F0F5FF0134F2E700BF53
S214024100B96300208F6D00200C22024B1A7015F046
S21402411037BA00BFB9630020F0B50C8805460E46D4
S2140241208BB0E4B94FF6FF77ADF8247015F03BFA82
S21402413010B902200BB0F0BDCDE90340CDE905442D
S214024140134A0294B2F85C306032019300923B4606
S2140241504CF60101FF2009AA18F048FB30802846D9
S21402416016F063FF0B4C70B1237863B1013BDBB2F0
S2140241702846237016F059FF38B12078B0FA80F03E
S2140241804009C0B2D6E70523F2E70120F9E700BFEF
S214024190885400208E6D0020034B11461B6803B125
S2140241A0184714F080BD00BF6C5500200C22024B4D
S2140241B01A700AF0F1BC00BFB96300200148FEF78E
S2140241C023BD00BF5E5C00207FB505460C46164642
S2140241D01AF04AFE00286BD1062D03D85223EB4074
S2140241E0DB071AD4B4F1006F05D3E30E1C3B032B96
S2140241F018D94F202EE000222F4B1A602F4B1D702D
S21402420016F038FD03460A2D54D8DFE805F02D18BF
S2140242103E49182518535341360002F03BFCB4F1D0
S214024220006FE2D20022244B042D1A60234B1D702D
S214024230E6D1022001F02EFC16F01CFD03460122F8
S21402424002921F4A01921F4A00921F4A3146204696
S2140242500EF088FE04B070BD314620461B4A04B0FC
S214024260BDE870400EF066BE31462046184B194A2D
S21402427004B0BDE870400EF041BE00220292164A1B
S2140242800192104A0092154AE0E702220B4B1A707E
S21402429000221046124904B0BDE87040FEF742B84C
S2140242A0002202920F4A0192064A00920E4ACDE777
S2140242B04D20CFE70120CDE76C550020B9630020E2
S2140242C0C54002000143020065B00300AD41020092
S2140242D0A140020099410200094102001941020070
S2140242E0794002008D40020027B0030008B50EF0A8
S2140242F069FE0C22014B00201A7008BDB96300202B
S214024300F0B585B0ADF8060018B9762164481AF003
S214024310C2FEBDF8060016F04FFA0446BDF80600C7
S21402432016F04AFA082846D00C2CBDF8060042D1F0
S21402433016F045FB07461AF08CFF0DF10F010646F4
S214024340BDF8060014F057FD002879D00922002196
S21402435038461AF0F9F99DF80F301033C518BDF833
S21402436006001AF0CDFAEDB2854269D22946BDF8AA
S21402437006000EF035FF06F44C4416F44066054679
S21402438014D0F81C1AF065FF4FF6FF73984208BF68
S21402439044F04004B6F5006F08D1781D1AF059FFB4
S2140243A04FF6FF73984208BF44F010049DF80F3092
S2140243B05BB3072D44D1BDF8060016F0F3F90446A8
S2140243C0BDF8060016F0F8F9082817D0A30615D58A
S2140243D024F0200189B2BDF8060016F0CEF9BDF829
S2140243E0060016F0ECFA002109221AF0ADF900F1E7
S2140243F0100189B20DF1060018F021FB0022BDF86B
S214024400061028481AF08FFF1AE0082D16D8BDB1FC
S214024410013D072D14D801A353F825F07944020074
S2140244208544020041440200454402004144020021
S21402443091440200B7430200974402007C2D24D028
S21402444005B0F0BD24F48844A4B2B4F5084FF7D101
S214024450BDF8060016F0ABF9BDF806100BF0D0FF5B
S2140244600028A8D0BDF8060016F00CFA0022014675
S21402447002201AF0B7FEE3E724F48064A4B2B4F58F
S214024480484F97E7B4F54C4F94E7B4F54C4F92D0AB
S2140244904CF6500301E04CF640439C428AE700BFCC
S2140244A03B8E04005C5C00202DE9F7430F469046E5
S2140244B0994606461AF008FA044630461AF020FADA
S2140244C0C5B2083D2C44E178094BA2781970094B15
S2140244D031461A70002043463A46CDF8009012F054
S2140244E0D9FA003818BF012003B0BDE8F08300BF38
S2140244F0DD630020DC6300202DE9F04FDFF8408109
S214024500DFF8409198F8002099F8003006469A4263
S21402451085B004D340F2191142481AF0BCFD304669
S2140245200DF10F011AF0A4FB20B14FF48E713D4835
S2140245301AF0B1FD98F800709DF80F403D1B15F07B
S214024540FF0530D04FF0FF3C374B01211B78A140CE
S214024550184699F800304FF6FF790CFA03FC002350
S214024560324A01F1FF3E0193C1F1000A9DF8043080
S214024570984243D8122004FB00002D4BA0F11201F2
S21402458005EBC5025200194404F101091844F6F776
S2140245903DFC4FEA89092748A9F104010144AA0013
S2140245A04844F6F733FC224904EBC40201EB42030B
S2140245B021F81260204A013712784FF6FF71DA733B
S2140245C01A745A7412025A801C4A0D2012781A71F2
S2140245D010225A7100229A73C3F80620C3F80A20E2
S2140245E0144B43F8242088F800701AF0FBFD0EB92D
S2140245F008F05CFF204605B0BDE8F08F13884B45F7
S2140246000AD053680AEA030B03EA0E030B4403EBD1
S2140246104B0343EA0C035360019B083201330193B8
S214024620A4E700BF4E8E04006D6D0020A04400205B
S214024630105A002044440020DD630020BA630020A4
S214024640276300206B6D00202DE9F0410746002508
S2140246500A4B0B4E93F80080ECB2A04503D8FF2419
S2140246602046BDE8F08108223846B11DF6F7C8FE9E
S21402467001350028F4D01236EEE700BF276300208B
S214024680105A002008B5FFF7DFFFFF281DBF00B253
S214024690044B00EBC0004FF6FF7018BF33F8100053
S2140246A008BD00BF105A002007B50DF107011AF029
S2140246B0DFFA30B19DF80730034803EBC30300EB83
S2140246C0430003B05DF804FB105A00202DE9F843BE
S2140246D0294E044633785D1E2D1A8342EDB204D865
S2140246E04FF4A17125481AF0D6FC0123A3404FF0DF
S2140246F0FF305F1E3B4400214FF6FF7E6FEA030841
S2140247001F4A92F800C01F4A127890401E4ACBB247
S2140247109C4523D8BDB127B204EBC4041B486400F1
S21402472005EBC50204F11201014452002044F6F7DB
S2140247306DFBBF001648AA00391D014402F0FC02B8
S2140247403844F6F763FB33780022013B33704FF6AA
S214024750FF71BDE8F8430E201AF044BD1388734576
S21402476007D0536808EA03093B4003EB59030343A7
S214024770536008320131CAE7276300204E8E0400D8
S2140247806D6D00206B6D0020A0440020105A0020A2
S2140247904444002010B50A4C207858B9094B1B78BF
S2140247A01A2B03D9992108481AF075FC0322074BE5
S2140247B01A7010BD0138C0B2FFF788FFECE700BFE1
S2140247C0276300206B6D00204E8E040023630020BA
S2140247D02DE9F04705461AF019FEFF28044624D1B3
S2140247E0DFF884901E4B99F800201B789A422BD251
S2140247F02846BDE8F047FFF77FBE38883B7950452C
S21402480018D86F2B4FEA131214D85B0710D0123742
S21402481008F1010899F800105FFA88F6B142ECD860
S2140248200023104ADEB28E4214D32046BDE8F0873B
S214024830022AECD90DF0E2F90028E8D129463046E2
S214024840BDE8F04716F032BC4FF000084FF6F77A94
S214024850044FDFE7107901338F28EFD81232E1E7F1
S2140248606B6D0020105A0020276300204FF6F77366
S214024870984210B514D8FFF7ABFFFF2810D0134CA0
S21402488000B200EBC00004EB400412F05CFB1049DF
S21402489038B962880B7802EB0313A3EB121363801A
S2140248A010BD227C637C09789A42E2732374617499
S2140248B007D98B4203D213468B4228BF0B461B02F4
S2140248C0EDE78A42F8D31346F9E700BF105A0020F4
S2140248D0DD6300202DE9F04106460F4600240E4D0A
S2140248E0DFF8388098F80030A34201D8BDE8F0819E
S2140248F0082229463046F6F783FD40B935F8063CCD
S214024900BB4204D02046FFF7E1FE013CE4B201348C
S214024910E4B21235E6E700BF165A002027630020ED
S214024920F8B5054608460E46FFF78EFEFF2830D03D
S2140249301D4B294653F820703046FFF7CBFF28461A
S214024940FFF746FFFF28044625D10CF083F8FF2820
S2140249500AD1164C207838B114F015F92378B0FB3A
S214024960F3F202FB1300C0B2294616F09FFB044680
S21402497023B20F4D03EBC30305EB43050822314672
S214024980A81DF6F743FA2B79204603F00F032B7186
S214024990F8BD0027D3E7074B1B78002B18BF00276C
S2140249A0014B43F82070E3E7444400206B6D00207F
S2140249B0105A0020906D002038B50B4B04461B7829
S2140249C00D46834204D840F25A2108481AF063FB87
S2140249D0074804EBC40400EB44002946BDE838400F
S2140249E008220630F6F712BA6B6D00204E8E0400CF
S2140249F0105A002070B5044608460E461AF006FD08
S214024A00FF28054610D02046FFF71EFEFF2807D0D7
S214024A10084B1B7823B9084B53F8202043F825206F
S214024A2021462846FFF7C8FF31462046BDE87040BB
S214024A30FFF750BF906D0020444400202DE9F84354
S214024A400024804601272646114DDFF84C9099F83F
S214024A500030A34210D83E430134E4B21A2C4FEA87
S214024A60470705F11205F2D14FF0FF30094B1B78CC
S214024A7098403043BDE8F8832B884345EBD0284660
S214024A8016F06CFB0328E6D82B796F2BE3D8E3E706
S214024A90105A00206B6D00202763002010B5084CCA
S214024AA000EBC00004EB400423795B0707D12046E5
S214024AB016F054FB237923F007031843207110BD28
S214024AC0105A0020014B1878704700BF916D0020E5
S214024AD0014B1878704700BF906D002070B51A48D9
S214024AE0FEF782FB194B1B78033B012B28D805F0F7
S214024AF0A3FB03F057FBBDE870404FF47A5112480F
S214024B0019F0CEBF23798F2B4FEA131111D801313A
S214024B10204616F053FB062901D8032909D123792A
S214024B20002223F007034FF6FF710F2023711AF0BD
S214024B3059FB123401353278EBB29A42E2D8D6E704
S214024B400025034C034EF6E70C6B00202E63002074
S214024B50105A0020276300200022084B1878084BC2
S214024B60D1B2884203F1120300D8704713F80D1C25
S214024B70013221F0100103F80D1CF1E72763002033
S214024B80105A00202DE9F04702261227DFF85C9023
S214024B90DFF85C8099F8004000250CE007FB05F37F
S214024BA038F803A00021504616F0EDFA10B15CB1B9
S214024BB0013CE4B2013599F80030EAB29342EDD8EE
S214024BC0A34204D14FF6FF7A5046BDE8F08713F0B1
S214024BD0DAFF99F80030012EA3EB040390FBF3F200
S214024BE002FB1300C4B2EDD00126D5E727630020EE
S214024BF0105A002010B504461AF008FCFF2808D107
S214024C0020461AF081F8FF281FBF024B1B78C018F7
S214024C10C0B210BD6B6D0020044B00211A78044B05
S214024C2004481B781A449200F6F79EB86B6D002073
S214024C30726D00204444002010B5134B0C461B78BE
S214024C4086B0834212D9114900EBC00001EB400145
S214024C50082220460631F6F7D9F800220821204617
S214024C6015F0DFFF80F00100C0B206E0C01A01A90D
S214024C70C0B20CF02BFA10B1002006B010BD01AB8A
S214024C8003CB20606160E8E76B6D0020105A0020BD
S214024C9008B5074B024653F820308B4206D915203A
S214024CA04FF6FF711AF09EFA002008BD0120FCE7BD
S214024CB044440020024B013143F82010704700BFE5
S214024CC0444400202DE9F34781460C4600272A4E2D
S214024CD0DFF8ACA09AF80030FDB2AB4210D86946B5
S214024CE0204617F06FFBC0B3082269464846F6F71F
S214024CF087FB90B34946204616F006FDFE2537E0B0
S214024D0006F10608082241464846F6F779FB90B9AE
S214024D104FF6FF739C422BD03388A34228D02046FE
S214024D2019F0F2FFFF2814D14946204602B0BDE82A
S214024D30F047FFF7F5BD14B912360137CAE73388D4
S214024D40A342F9D100220821404615F06AFF002846
S214024D50F2D12846FFF7BAFCCCE74946002019F004
S214024D60A3FFFF28054603D0044B1B780344DDB29D
S214024D70284602B0BDE8F087105A00206B6D00206E
S214024D802763002008B5FFF7E7FE054B1B78013BBB
S214024D90012B03D8BDE808400CF084B908BD00BF5B
S214024DA02E6300200F4B1B7883420CD8C01A0E4A83
S214024DB0C0B232F81030D90411D443F4805322F82A
S214024DC0103001207047094B00EBC00003EB400394
S214024DD05A79D10603D442F010025A71F1E7002044
S214024DE0704700BF6B6D0020205C0020105A002028
S214024DF0F0B5134B06461B78FBB100251148DFF8C9
S214024E004CC090F800E0104807781F44E8B2864588
S214024E1001D80020F0BD7C1B94FBF3F003FB10448A
S214024E200CEBC4003CF83440B44204D1002AF1D161
S214024E3084788C42EED00135E8E71846EAE700BFF0
S214024E406D6D0020F446002025630020A04400205B
S214024E5070B511F05BF914250F49104E0B783288A5
S214024E6030809B1A03449BB2B3FBF5F405FB143364
S214024E700B700B49E2B20B78934292BF00239B1A47
S214024E80DBB2032A0B7088BF002306499EBFD200FE
S214024E900B68D3400B6070BDBD630020605C0020D1
S214024EA024630020F4460020084B1868084BC2B260
S214024EB01B789A4208D2074BC0F307201B78984209
S214024EC034BF00200120704701207047F4460020BE
S214024ED06D6D0020BC630020F8B505461746FFF747
S214024EE0E3FF064610B9184B1A783AB92120012278
S214024EF04FF6FF711AF076F90020F8BD1348DFF876
S214024F0054C003780133B3FBF2F402FB143303708C
S214024F100F48DCF8002000EBC30420F8335002F1FF
S214024F200132A1703846CCF80020FFF787FDE67004
S214024F30606015F0E4FEA84201D10120DDE7E378C7
S214024F400133E370F9E700BF6D6D00202563002092
S214024F50A0440020F446002010B50B4C0B4A2378E0
S214024F60063B137011F0D2F80022094BFF2118807D
S214024F70084B09481A602278D200F5F7F5FE04229B
S214024F80064B1A7010BD00BF6D6D0020BC6300207A
S214024F90605C0020F4460020A04400202463002029
S214024FA048B139B1044B1B780B70044B1B78037065
S214024FB00120704708467047BB630020926D0020B0
S214024FC02DE9F84307461AF05FF805461A481AF024
S214024FD0D2F91A4B48B31C683C1B2C44A4B20022DC
S214024FE0174BDFF864901B78164D99F8006005EBB6
S214024FF003155FFA82F8464509D9AB8805F1100019
S214025000A34215D9B21A29461201F5F7FFFE013658
S21402501089F80060AC80B8F1000F03D13946064823
S21402502019F03EFD2846BDE8F8833C461D60D6E7EB
S21402503005460132DDE700BF2C6B002070550020CC
S214025040BF63002044430020C06300202DE9F74FD1
S2140250501AF01AF84FF0000E284D294F2978294CDD
S21402506097F800A004EB011303EB0A120092F34632
S2140250705246DFF898801FFA80FC0646B8F8000011
S214025080ACEB0009A0EB0C001FFA89F9019000981E
S214025090984217D1BEF1000F00D02970524503D2B4
S2140250A000203A70FDF7E6F83B7823B32B781648D3
S2140250B004EB0314A188C8F8006003B0BDE8F04F03
S2140250C019F0EEBCB3F804C0CC450FD84FF0010E71
S2140250D093F802C001310CF1FF3C013AA3F804B088
S2140250E083F802C0C9B2D2B21033D0E70198844422
S2140250F0A3F804C0F8E703B0BDE8F08FBF63002052
S214025100C0630020444300202C6B00207055002012
S2140251107FB56C461E4B1F4D1E78013EF6B21E70C2
S21402512095E80F0084E80F001B4B28461A7805F115
S214025130100132441201F5F769FE9DF8026016F07E
S2140251400F0511D1BDF808000EF0C4F9360918BFD4
S21402515029464FF00002BDF8000008BF039904B0CC
S214025160BDE8704003F0F4BCBDF80400FFF728FF6A
S2140251700346828804ADADF80420224603CAAA423A
S21402518018605960144603F10803F6D104B070BDE6
S214025190BF63002044430020C0630020F8B500240B
S2140251A0084D094F094E3B783178E2B20B449A42D9
S2140251B004F1010400DBF8BD2846FDF725FD103595
S2140251C0F1E700BF44430020C0630020BF63002015
S2140251D070B5134B06460D46104612491A78124B06
S2140251E009781B780B44934206DB1F204FF6FF71AB
S2140251F019F0F8FF002070BDFFF7E2FE01350680C9
S2140252008570044619F03BFFE0800EF069F940F61F
S21402521002432081E3600020FDF72CF80120EAE734
S2140252206A6D0020C0630020BF6300202DE9F843AA
S21402523086460023144FDFF85C803E7898F80050CC
S21402524012497219DCB294421CDA4FEA041C31F895
S2140252500C900133F14501EB0410F3D1631CD21A12
S2140252600CF1100C12016144F5F7D0FDA5428BBF7C
S21402527005F1FF3506F1FF3688F800503E700CB98E
S214025280034B1C70BDE8F883C06300204443002033
S214025290BE630020BF630020044B054A1B781278C9
S2140252A0D3420CBF01200020704700BFBF6300201E
S2140252B0C0630020024B1878003818BF01207047E0
S2140252C0BF630020002108B5084B09481970094B36
S2140252D01970094B1970094B1A781201F5F744FD3B
S2140252E0BDE808400648FDF77FBF00BFC063002048
S2140252F044430020BF630020BE6300206A6D002086
S2140253002C6B002010B50B4C23784BB10A4803F0E7
S214025310ABFD58B1084B0121188815F032FE08B9CA
S214025320002010BD0122054B1A70FAE7FFF7F0FEC7
S214025330EAE700BFBF63002044430020BE630020AC
S21402534010B50E4B1B78BBB10D4C238883424FF031
S214025350000311D10B4AE160137049B9A3781033E8
S214025360A37016F004F918B9A37823F00F03A370FC
S214025370FFF7CEFE012010BD1846FCE7BF630020F3
S21402538044430020BE63002070B592B00C46064629
S21402539013F0F6FBE17A05460020FCF72DFC28B355
S2140253A094F90A0015F04BFC10BB134BE27A29461F
S2140253B083F85820A27A83F85A206A46FCF750FFF0
S2140253C04FF6FE739E420CBF4FF6FF7323896A4662
S2140253D029460020ADF80660ADF80430FDF7F6F970
S2140253E040B92289054B5A8012B070BD5520FBE7A2
S2140253F05620F9E72120F7E788540020745500204C
S21402540010B50446014608220948F5F7FFFC237B3F
S214025410022B0AD8002B14BF3122012205490B7039
S21402542017234B61044B1A7010BD00230122F5E7C7
S21402543078550020745500202D6300200146102365
S2140254400120014AFDF74ABF64EE0100014B586194
S214025450704700BF74550020014B1878704700BF94
S2140254607455002010B5054C2378112B03D0E22189
S214025470034819F010FE4123237010BD2D6300204F
S214025480598E0400064B01461B78042B04D1054AAC
S214025490137E053313767047034819F001BB00BF2D
S2140254A02E630020745500204C6B002008B5064879
S2140254B0FDF7AAFB0548FDF7A7FB13F0A8FCBDE81D
S2140254C0084001F003BB00BF5C5C0020905C00203B
S2140254D0064B1878332806D000F0EF00A0F14303FD
S2140254E05842584170470120704700BF2D63002084
S2140254F0002208B5074B4FF6FE701A7015F00BFC2B
S2140255004FF6FF7015F024FC034B5869BDE80840BF
S21402551013F00BBC2D6300207455002008B5064B13
S214025520187838B10548FDF74BFE4FF47A73B0FB96
S214025530F3F0C0B208BD00BF22630020B4460020CC
S2140255402DE9F0438BB00746154698460E469DF861
S214025550489049B9104605AC19F0D6FB21460BF027
S214025560B5FD172818BF2646B9F1000F0AD1124B0F
S2140255701B781BB9284616F04AFFD0B92846FEF714
S21402558013F902E0284616F042FF80F00104E4B266
S2140255909DF850302A4602939DF84C303146CDE9AC
S2140255A0009338464346039415F049FE0BB0BDE817
S2140255B0F0834C46ECE700BF296300202DE9F04F4C
S2140255C097B099469DF88830BDF880B0219D089323
S2140255D09DF88C300E4658460FA90492079317F092
S2140255E090FB05B3002800F0208195F801A00FACCF
S2140255F0CAF3400A8E4B19F0800F1B7814BF4F4631
S21402560049F08007022B17D04FF6FF78002D40F0A6
S21402561087810225584615F0CAF82B46424621468F
S21402562015F0E6FBBCE0584615F042F904460028A1
S21402563000F0FB80AA46DDE71EB97E4B1B78002BE6
S214025640E2D00DF13A012046FEF7FCFA584615F074
S21402565042F9012838BF0120C3B2059395B3281D2D
S21402566019F0F7FD804609F002032046069315F06E
S21402567021FB214609908146002019F015FB069A67
S214025680099B12BBFF2820D1F2F7E6FA6A4A127883
S214025690824200F032814FF6FF72099B934214D188
S2140256A0FEF726F8002800F028814FF6F773984593
S2140256B023D915F0F9FF11A98146FEF7E9FA002869
S2140256C0F7D02EE0BDF83A80CDE74FF6F772904558
S2140256D020D8934211D898450FD0194622460AA8D8
S2140256E019F0AEFA0A980B9913AB03C3BDF8302033
S2140256F0022113A81A80FEF739F9404611A9FEF7CF
S214025700C7FA024628B9082111A815F08AFA002815
S21402571066D0C1464FF6F67209F1FF339BB293424A
S214025720C7D8BAF1000F03D1444B1B78002B60D1C7
S214025730584615F03CF8059B4A460193012321463C
S21402574000933B46FEF7E4F84FF6FF739842804616
S21402575000F0D380014600220AA819F071FA0A98CE
S2140257600B9913AB03C3BDF83020022113A81A808D
S214025770FEF7FCF8002D3FF44DAF002E40F0D2802D
S21402578045460123C7F3C0074246CDE901632146D9
S2140257902B4604980397CDF800A015F050FDA846B6
S2140257A0BAF1000F0FD04FF6FF7398450BD0404664
S2140257B019F0AAFAFF281FBF214A32F8103023F444
S2140257C0804322F81030089B7BB315F098FA249B8E
S2140257D0014600934246234607980CF0EDFC24E06F
S2140257E00822204611A9F5F70BFE00287FF461AFC8
S2140257F08FE7002D64D0134B1B68980727D5049BB0
S2140258000F2B21D0281D19F024FD02230121CDE9FA
S21402581001310023C7F3C0070246009321464FF624
S214025820FF730498039715F00AFD17B0BDE8F08FD2
S2140258302D630020226300202663002029630020B7
S214025840205C002008470020079B012BDAD1281D88
S21402585019F0FFFC804619F057FA0990404619F0F5
S214025860D5FD4FF6FF71BDF83A208A4256D0424522
S214025870099B53D1FF2B4AD0184616F0DEFD78401E
S21402588010F0EF0F14BF01230023BDF83A0009936E
S21402589019F03AFA0690BDF83A0019F0B7FD099BDE
S2140258A066B14FF6FF7CBDF83A10614506D0414519
S2140258B004D0069A0240D2B2FF2AA3D1002BA1D16D
S2140258C0224649460AA819F0BBF90A980B9913AB67
S2140258D003C3BDF8302058461A8014F068FF3A46D3
S2140258E00146059B13A8FDF7DDFF30B94FF6FF739F
S2140258F0BDF8548098457FF43DAF4FF6FF789DB1D2
S2140259000126281D19F0A5FC4546804639E7FF28E2
S21402591004D0069BB3FA83F35B09B6E70023B4E729
S2140259200226EEE70026ECE7012573E60022014B8D
S2140259301A7670477455002008B50B4B1B78022B5D
S21402594010D10A4B1B78033B012B0BD9084B187856
S21402595000F00100FEF730FA0023064AC2E90133DE
S214025960538008BD0020F3E72D6300202E6300203D
S214025970226300207455002038B5174D2B78033B60
S214025980012B1CD8154BB3F868204FF6FF739A42CA
S21402599015D10320FDF728FD02F0CEFBFFF7CCFF62
S2140259A02B78033B012B01D909F0FCF8002018F0F4
S2140259B081FE78B1BDE83840002015F00EB8FDF73C
S2140259C0FDFC0446FDF7F4FC0146204608F05EFBAB
S2140259D00220DFE738BD00BF2E6300208854002077
S2140259E008B5114A114B58611378032B1BD0D3B15B
S2140259F0332B01D0432B10D10D4B1B78033B012BCD
S214025A0005D803231370BDE8084013F08EB913F0CF
S214025A108CF9BDE80840FFF7AFBF21231370BDE83D
S214025A20084002F09DB908BD2D6300207455002081
S214025A302E63002038B504461348FDF7D5FB134BFA
S214025A401B78013B012B1DD8114D5CB92B7823B175
S214025A5040F619402C7013F068F90024FFF76CFF2B
S214025A60204638BDFF2C05D04FF47A7106486143B4
S214025A7019F016F82B78002BEFD1012340F61840C8
S214025A802B70E8E70224E9E7B44600202E630020E4
S214025A902263002038B5114D04462B78834218BF86
S214025AA0287013F078FD80B124B9204613F075FDF6
S214025AB002220DE0012013F070FD2B781A1F012A36
S214025AC005D9062BF4D1032202E0002CF5D10122DF
S214025AD0BDE838400021084615F0D7BA2E630020EC
S214025AE030B5044685B068460D46FFF7A7FC94B16C
S214025AF000212846144A02F043FB144B20681B7808
S214025B0061688DF80430124B1B788DF8053002ABB5
S214025B1003C306F0B1FA0F4B93F8582093F85A30A5
S214025B208DF803208DF8023015F006F9ADF8000066
S214025B3015F0E5F81023ADF8060069460020064A7F
S214025B40FDF7CCFB05B030BD00F8FF07606D002006
S214025B502E6300208854002064EE010010B5144B1A
S214025B6004461A78134B002083F8582018F0A2FD3A
S214025B7010B1002014F031FF00210846FFF7B0FFF5
S214025B800D4B1B78033B012B0ED813F0F8FC204676
S214025B90FCF754FE40F6174013F0C7F80023074AF6
S214025BA01380074A138010BD0BF016FCEFE700BF08
S214025BB0C1630020885400202E630020365C00203B
S214025BC0345C00201FB504466846FFF737FC54B124
S214025BD000238DF80530102369460020064AFDF79B
S214025BE07DFB04B010BD15F08AF8ADF8060015F07E
S214025BF0A3F8ADF80000EEE764EE010010B501462A
S214025C0004460020FBF7F8FF90B10C4B1B78023BD2
S214025C10032B0FD80A4B1C7019F026F960B9094AF3
S214025C200949FCF77FFB003818BF0120800010BD31
S214025C305520FCE70220FAE74D20F8E72D63002006
S214025C40C1630020219302005D5B0200F8B50646A0
S214025C5019F00AF9044668B918F02CFD50B1064D41
S214025C60204695F8587085F8586014F0B6FE10B1C4
S214025C7085F858704D20F8BD885400202DE9F04173
S214025C8080461846033B012B0E46174602D918B12A
S214025C9021243CE0FFF7FEFE294B1B78012B4CD05B
S214025CA0284B1D78022D08D0032D46D1B8F1000FDF
S214025CB003D1254B1B689B073FD43320FDF794FB8B
S214025CC001F0E8FCB6F1006F34BF204B05223146E6
S214025CD04FF0060038BF1A78FEF776FA044628BB5D
S214025CE01B4D2873012000F029FF15F025F8688067
S214025CF02846B8F1000F0DD0022300F8043B15F039
S214025D0016FB6C732F613946304612F048FF204668
S214025D10BDE8F081012300F8043B15F008FB6C7324
S214025D202F613946304612F039FFF0E72846FDF774
S214025D305BFBB8F1000FF4D0E5E70224E7E700BF0B
S214025D402E6300202D63002008470020936D00205C
S214025D5074550020034B187818B9034B034A1B7876
S214025D60D05C70472C6300202E6300202BDB0400DF
S214025D7038B5174B04461B78033B012B06D8437BEA
S214025D80DB0703D590F9090013F0F8FB0025114B49
S214025D9083F859502079FFF759FFFFF7DBFF618838
S214025DA02488034622462846FEF720F8044620B1F9
S214025DB01720FFF715FE204638BD1723064DC821CB
S214025DC006486B6118F06CFE03232B76F3E700BFE0
S214025DD02E63002088540020745500204C6B00204F
S214025DE0F0B51A4D06460C4693B0A5F8680005F1C4
S214025DF06A0729BBC5F86A10796012F0C1FE6A46C6
S214025E0001460020FCF72CFAD5F86A30ADF810608F
S214025E10CDF812307B68CDF8163012F0B1FE6A4625
S214025E2001460020FCF7D2FC4FF6FF73B5F8680077
S214025E30984203D014B1064912F0B4FE13B0F0BD76
S214025E4008223846F4F7E2FFD7E700BF885400205E
S214025E50F25400202DE9F041DFF8B8801F4698F88A
S214025E60003005460C4616461BB102252846BDE8FC
S214025E70F081531E052BF8D818F0F6FF0028F4D14F
S214025E803B7B032B14D14FF6FE739C4212D1012E9C
S214025E9009D0022EE9D114F032FF4FF6FB73984276
S214025EA003D814F02CFF044604E015F0FDFBFAE7D5
S214025EB0012EDAD0EDB939462046FFF765FA0546D7
S214025EC00028D3D198F80030332B03D0532B1CBFB5
S214025ED00E4B18613046FFF7DDFD00214FF6FF70CE
S214025EE0FFF77EFF0A4B1B78002BBFD00BF048FA59
S214025EF0BCE7397B721ECB1E594259415042504173
S214025F0007F054F905460028D5D0AFE774550020AF
S214025F10946D00202D6300202DE9F843054688463F
S214025F20914614F0ECFE3F4E04463378033B012BB9
S214025F3006D86B7BDB0703D595F9090013F01EFB29
S214025F4014F0DDFE384B394F188014F0F5FE384B4E
S214025F501880FDF72DFA374B1880FDF72FFA082226
S214025F6001463548F4F752FF14F092FE334B187090
S214025F702879FFF76BFE00216888FFF731FFFDF7EF
S214025F802DFB60B14FF6F672631E9BB2934206D9A2
S214025F9015F08AFBB7F8683004468342F8D02046EC
S214025FA014F0B9FE288814F0D3FE4946B7F8680004
S214025FB0C047044628B91920FFF712FD1920BDE88C
S214025FC0F883B7F8681014F031FC00231C4D87F8EC
S214025FD059302B7803F0FB03022B02D0204615F033
S214025FE01EF9002220461146FFF7F2F80446A8B131
S214025FF017236B613378042B09D1C821114818F096
S2140260004FFD03232B7684F00100C0B2D7E74FF48E
S21402601016710C4818F044FD0023F3E71720FFF72B
S214026020DFFCF0E72E630020665C00208854002028
S214026030645C0020625C0020C2630020CA63002009
S214026040745500204C6B0020F0B50C461E460B46DD
S2140260502049074689B004F1140053F8045B8342D2
S21402606041F8045BF9D11B8802AD0B80D4F80E0010
S214026070D4F81210238803C5ADF8103023798DF8B2
S21402608012208DF8133000233A468DF814304FF65E
S214026090FE71012002ABFFF7DDFEC8B902A8FFF7CA
S2140260A0AFF9237B4BB10C4D0C4B01AA29460120BC
S2140260B0019313F03FFA2A781AB92046FFF758FEE2
S2140260C003E020460199FFF727FF08B9044B1E702C
S2140260D009B0F0BD685C00207455002045B303008B
S2140260E0CB63002001232DE9F341304E05460F46CF
S2140260F000202F491446737300F0EEFC13F040FAAA
S214026100DFF8AC8038B9012D01D9042D0FD1214614
S214026110384612F0CEFD102000210AF07FFC00283F
S2140261203CD0002002B0BDE8F041FCF7A3B8002C3A
S214026130F1D1204B1B78212B03D0062B01D0532BF9
S21402614002D101F00DFEE6E7FDF748FA0028E2D09C
S21402615000F0EEFC28B9307BC0F11800FFF740FCD7
S214026160D9E7154B41462046019300F0B5FC20B115
S21402617040F61901114818F08EFF01AA0B4998F84B
S2140261800C0013F0D7F932781AB90948FFF7F0FD78
S214026190C1E701990648FFF7BFFEBCE7FFF78AF89A
S2140261A00028BED102B0BDE8F08100BF74550020C1
S2140261B0685C00202D63002045B30300598E04005E
S2140261C01FB5144B04461B88DB0707D44FF6FF7037
S2140261D00021FFF705FE002004B010BD0A230E4A78
S2140261E0012001A9FDF77AF84FF6FF73BDF80C20DF
S2140261F09A42EBD00822FF2101A814F012FD0028D3
S214026200E4D10CB90120E7E7BDF80C0001A9FFF7BD
S214026210E7FDF7E7805C002026E1010038B50C4672
S214026220154614F078FD03F0AFFE29462046FFF728
S214026230D7FD00F07DFC48B1074BDB790E2B28BF5B
S2140262400E230133DBB2054A137038BD044B1B78AC
S214026250013B18BF0123F6E7685C0020E1630020DB
S2140262602E63002038B500220821044614F0D9FC1B
S2140262700546C8B914F043FD2A464FF6FF71FFF7EC
S214026280CDFF2046217CFFF72BFC6269E189207C4A
S21402629001F076FF054B1B78012B01D107F0F6F8CB
S2140262A0FFF76AFB002038BD0120FCE72E630020C2
S2140262B038B51D46FFF7CEFD0446C8B92B7B2846E7
S2140262C0032B03D1BDE83840FFF7CCBFFFF798F8A1
S2140262D0084B25469C8114F0DBFC0121064B8140CD
S2140262E01A780620FDF770FF044608B1034B1D70AE
S2140262F0204638BD74550020936D00202D63002083
S21402630030B5012087B0FFF75BFF6B460446144AA0
S2140263101068516803C384B905F0BCFE02A8FFF7F3
S2140263208DF84FF6FF752246BDF80E002946FFF798
S21402633075FF12F03DFC07B030BD6B46094AD2F835
S2140263406A00D2F86E10B2F8685003C305F0A2FED7
S21402635002A8FFF773F86A46BDF80E00E6E700BF2C
S214026360C11704008854002073B53A4B04461B78C4
S2140263701BB10224204602B070BD18F075FD00283D
S214026380F7D100F0E5FB14B12288334B1A800021C6
S2140263900DF10700FDF7ACF8002856D114F0B8FF4F
S2140263A004460028E6D12D4D9DF80700FFF772FB44
S2140263B02B785A1E012A1FD8FFF7A2FF2B78033B21
S2140263C0012B01D801F014F9FFF7D6FA012014F0D8
S2140263D026FC034600283AD12A78033A012AC9D86D
S2140263E01D4A108810F0020521D0052201201C4902
S2140263F0FFF744FC0446BDE7033B012B04D82046C6
S214026400FFF7DEFE0028D7D12B78053B012BB1D84B
S214026410FFF776FFFFF7B0FA2B78052B0CBF0420A8
S2140264200520FCF7E1FF012014F0F9FBE2E70D4E30
S2140264300223314601200C4AFCF750FF33885B07E3
S21402644098D5284601F0E8F894E7172492E7044620
S21402645090E700BF2D630020805C00202E630020A2
S21402646000F8FF07325C002027E101007FB5002418
S214026470184E194D3278E3B29A4201D804B070BD74
S2140264804FF6FF73B5F868209A421AD0134B1B8852
S214026490DB0714D5124AB5F8683010685168ADF8B3
S2140264A00C3001AB03C30F4A0A23002001A9FCF7F4
S2140264B015FF022300200C4A0C49FCF70FFF01349B
S2140264C0D8E700220821064814F0ABFB0028F6D1D4
S2140264D0DCE700BF6C6D002088540020805C002042
S2140264E0F254002026E1010027E10100325C002080
S2140264F010B501F0CFF802F013F8D8B10E48FCF749
S21402650073FE0E480E4C017A0E30FFF7E9FA237836
S2140265101BB100F0BFFA002323700022094B1A7346
S214026520FFF72AFA08F056FD01F044F9BDE81040DC
S214026530FFF79CBF10BD00BF4C6B0020685C0020BC
S214026540CB6300207455002010B52548FCF74CFE9E
S21402655001F0E6FF30B1234B1B781BB9BDE81040B3
S214026560FFF7C6BF01F0DCFF78B11F4C237E83B174
S214026570C8211B4818F094FA0021237E0846013BE6
S2140265802376BDE81040FBF7E3BEFDF727F80028A8
S214026590EBD1FDF723F8154B1B7858B9112B03D016
S2140265A003F0FD03412B19D1BDE810400E4B58698C
S2140265B0FFF716BA332BF7D10D4B188814F0ABFB46
S2140265C00C4B188814F0C4FB0B4B0C491888FFF7C9
S2140265D007FC0B4B1878FFF739FBE5E710BD00BF49
S2140265E04C6B002029630020745500202D63002088
S2140265F0665C0020645C0020625C0020C2630020AF
S214026600CA6300202DE9F04F0F4685B002AD04465E
S21402661029463846914616F074FB4FF0000B824628
S2140266203846CDF804B014F0CAF94678022C8046F3
S21402663006F0020609D85CB1FCF7D0FF0446002833
S21402664048D1754B01241B7865E0043C022C3AD9EC
S214026650FCF7C4FF384614F02BF900240546A04682
S214026660DFF8D8A1384614F0AAF950F809300DF12F
S2140266700500019318F0EDFD9DF807B00746B8F146
S214026680000F4DD1BBF1000F5BD0DFF88C9199F86B
S21402669000300BB1002E63D0002C61D05F4B1B780C
S2140266A0022B5DD1BBF1000F53D1384614F033FBF9
S2140266B058465946FFF714FA08F08CFC40F6074095
S2140266C012F033FB34E014F0F2FDFCF787FF0446C9
S2140266D0F8B15C464EB1524B1B78012B02D0043BFC
S2140266E0012B0BD805B0BDE8F08F4B4B1B782BB1B6
S2140266F04B4B1B7803F0FB03022BF3D0BAF1000FCF
S214026700404608BF002516F0EFFA4FF00108824611
S214026710A8E7414B1B78002BF0D0002EEED1E1E724
S214026720BAF1000FAED05046FDF73AFB0028A9D1C9
S214026730002017F0BFFF0028D4D0002014F04DF937
S214026740D0E74FF6F7739F429FD91720FFF748F915
S214026750EEE7FCF743FF48B13248FCF745FDF4E7A5
S214026760FCF73CFF10B1BBF1000FF5D1FCF736FF8A
S2140267700028DDD02846FDF767FFFF28DFF89CA03B
S214026780294C03D09AF80030012B04D12946B4F8DC
S2140267906800FEF7C5F8FEF781F92A463846B4F8CF
S2140267A06810FFF73BFD214B214A93F906301B0286
S2140267B013809AF80030012B19D0312B14BF4323D3
S2140267C011238AF800301B4B1648196818F068F92E
S2140267D000F00EFF0023124C99F80010237641B900
S2140267E0104818F05DF940F61B436361A0E71123D9
S2140267F0E7E7B8F1000F03D016B1FFF779FEF2E72C
S2140268000D4B1B78042BEED10521064818F048F9EB
S21402681009232376E7E700BF296300202D630020C3
S214026820745500204C6B002088540020685C0020C1
S2140268307E5C00206C6B00202E630020B06300207C
S2140268402DE9F043084693B00E4614F0B8F8092234
S2140268500021804617F078FF0446304614F028F8E8
S214026860052207460DF1090330460AA912F0B7FAC7
S214026870022881461DD09DF8093031461C4400236B
S214026880E4B204F1100218F8045001200093D2B2C8
S21402689010F000F968B1072D09D855B1013D062D53
S2140268A007D8DFE805F00918068A062541007C2D80
S2140268B045D013B0BDE8F0835B4B1B78013B012B40
S2140268C0F7D8304613F073FF002332461946009479
S2140268D014F0F1FCEDE7554B1B78012BE9D1544B34
S2140268E018780028E5D122463146FFF78BFEE0E70E
S2140268F04D4B1B78013B012BDBD8384609F0DCFFF9
S2140269004FF6FF739842044606D0304613F04FFF08
S2140269102246394614F05BFA444B1B78022BC8D148
S214026920384612F0C4F9C4E73F4B1B78013B012BF3
S214026930BFD8494630460AAA00F01EF9B9E73A4BD4
S2140269401B78013B012BB4D8A04498F8012098F894
S2140269500230652AADD16D2BABD1304617F0D0FF91
S2140269601334E4B28442A4D20822394603A8F4F7C8
S2140269704DFA214630460DF10A0216F005F90028B6
S21402698097D1BDF80A30002B93D005A809F0B0FACB
S2140269900123284DBDF80A002B7017F0B1FF0446FC
S2140269A0BDF80A0017F090FFE2B2034605A903A855
S2140269B012F017F900232B707BE71B4B1B78013B69
S2140269C0012B3FF676AF06220021404617F0BCFEAA
S2140269D0404418F03EFC0746FCF758FE04460028E2
S2140269E07FF467AF304613F0DDFEC3047FF561AF78
S2140269F046F204030121ADF8143038460223CDE9ED
S214026A00004405AA16F00FF9054600283FF451AFD8
S214026A10394613F00BFF304613F0C9FE22462946CC
S214026A20FDF706FA45E700BF2E6300202D6300201F
S214026A3074550020FC63002008B5084B187050B14E
S214026A40074B1B883BB14FF47A710648594318F03E
S214026A5027F8002008BD0120FCE700BF20630020C5
S214026A600A6D0020B4450020014B1878704700BF1D
S214026A7020630020014B1880002070470A6D00201A
S214026A8008B5FCF7B1FB0022014B1A7008BD00BF27
S214026A902063002010B50024044B05481C80054BDB
S214026AA01C70FCF7A1FB204610BD00BF825C0020D4
S214026AB0706B0020D563002008B50348FCF794FBF2
S214026AC0BDE80840FFF7E6BF706B00200148FCF700
S214026AD09BB800BF825C0020F7B5134B04461B78B8
S214026AE00E46EBB183421DD90021104818F015FC62
S214026AF0002501460D4F09B9012009E0AC4209D133
S214026B000024162322463046009418F0A3FC2046A2
S214026B1003B0F0BD384618F024FC01350146EAE71A
S214026B201820F5E72720F3E7D5630020825C0020D3
S214026B30014B1878704700BFD563002025289DBFFB
S214026B40024B187000202120704700BF966D00206F
S214026B50012307B51846064A0DF10701FCF7BEFBEE
S214026B609DF80720034B1A7003B05DF804FB00BFC4
S214026B7029E101000C6D0020F8B507460E461446C2
S214026B8013F096FE1A4B05461B78022B2FD1194896
S214026B9018F0F1FB58BB284612F03EF938B32246ED
S214026BA03146384612F034F908B311F0ECFF0446C9
S214026BB0384613F0FCFD104B012E1A784FF00F03E7
S214026BC003FA02F39BB2B4FBF3F203FB124404F1A2
S214026BD00104A1B206D1094B094A1E702B68136044
S214026BE06B6853600348BDE8F84017F059BFF8BD1C
S214026BF02D630020D4460020956D0020D46300202B
S214026C00CC63002084B010B502AC84E80F000822E2
S214026C1027480DF11601089CF4F7F2FB08BB9DF815
S214026C2015309A0705D4234B1B7803F0FD03312B4E
S214026C301DD121496378097803F00F028A4203D0F6
S214026C40012922D1022A12D1227882B91B09022BEB
S214026C500DD11A4BA0781B78022B1AD1C0F38000F4
S214026C6006E000220821124813F0DBFF20B90020BC
S214026C70BDE8104004B07047114BBDF808205B8891
S214026C809A42CCD0002BCAD0F1E70229EFD1012AD2
S214026C90D9E7030609D40B4BB3F86820BDF80A30CF
S214026CA09A42E4D1FEF714FCE2E70120E0E700BFD7
S214026CB0785500202D630020606D00202E63002092
S214026CC07455002088540020284BF0B55D880023B8
S214026CD087B08DF80830264B0DF10B001B7805F0B7
S214026CE0010743F020038DF8093014F020FB6FF003
S214026CF07F43ADF813308DF8153014F096FB1D4B1C
S214026D008DF816001B7805F01006DB00DCB2F0F7F3
S214026D10A3FF194B1B7883422CBF44F0040344F0B4
S214026D2084032FB1A9061ED426B143F0020301E064
S214026D30AA07F9D4002108468DF80A3017F038FE63
S214026D40ADF8060058B101230F2202A90DF1060084
S214026D50FCF79EF918B90DF1060012F0E8FBBDF833
S214026D60060007B0F0BD43F00103DDE70C6D00201E
S214026D70606D0020E16300202663002010B5FCF75A
S214026D8033FA0A4B1B78022B0CD1094B1B78033BB8
S214026D90012B07D9074C207828B1002012F03FF8C3
S214026DA00023237010BD13F0E5FFF9E72D630020E2
S214026DB02E630020D463002084B02DE9F0478EB005
S214026DC016AC84E80F00DFF878C1594BBCF8020015
S214026DD09DF85DA010F001049DF96220BDF870E0F8
S214026DE09DF875909DF976709DF878509DF97A1009
S214026DF09DF95E809DF860601B7835D09DF87D0019
S214026E00C0F34004C0F38000002B4AD0494B1B78E5
S214026E10022B09D18A4244DB24D1A81BC0B28028A7
S214026E208CBF0020012016E0434B1B78012B01D1BA
S214026E30002C7AD078B19CF800301E335BB29F42A9
S214026E40D4BF002701279845D4BF00230123BB42A5
S214026E5006D18A42E0DA0EB0BDE8F04704B07047C9
S214026E603846F8E70020F6E710F0020F18D0C3B154
S214026E70490814BF01200020520814BF0123002332
S214026E808342E8D1AB1BDBB2802B0AD9AE42E9D1F2
S214026E90B84506DB49D1CA452CBF00200120DAE7F7
S214026EA00BB90120D7E7AE4216D002AC1CAF0FCF0B
S214026EB00FC497E8030044F8040B2180DDE91A01A9
S214026EC016AB0090ADF804100FCB12F02AFB002888
S214026ED0E7D1AE42A1D1BEE7BDF8583073451ED009
S214026EE008AC0DF1700CBCE80F000FC49CE8030060
S214026EF044F8040B2180114C638873450FD1082295
S214026F00211D0DF12E00F4F77BFA024638B908214E
S214026F10201D13F086FE10B96388002BC1D1B84538
S214026F20BFDBC2D1CA45BCD3BFE7204693E700BF4A
S214026F30D56300202E6300202D63002074550020A8
S214026F400C6D002084B02DE9F04F8FB06A4E18AC5D
S214026F5008AD84E80F00162200212846F3F704FF46
S214026F6033783BB90024654B32781B789A4239D283
S214026F70002726E00021624818F0CFF900270446D1
S214026F80B846DFF87C91002C45D13FB122463946FF
S214026F905B4813F0A9FD3378013B33703378002B3E
S214026FA0E0D0002156484FF0000918F0B6F94F46D7
S214026FB08046CA46DFF848B1B8F1000F6CD1002F00
S214026FC0D1D01621002218A813F014FD014648B1AC
S214026FD0002F00F08B802246494813F02BFD3378B1
S214026FE001333370454B32781B789A4207D94448AE
S214026FF00022018813F078FD3378013B3370337832
S214027000012B03D13F49404817F04AFD0FB0BDE8B7
S214027010F04F04B070470022214616232846CDF8CA
S214027020008018F017FA1622294618A8F4F7E8F98D
S2140270300028EBD09DF864209DF824309A4225D192
S214027040BDF86020BDF820309A421FD108220DF10B
S2140270502E010DF16E00F4F7D3F9B8B902AF0DF1B7
S214027060600CBCE80F000FC79CE8030047F8040B4F
S21402707039800EAB13E903000090ADF8041095E8D2
S2140270800F00FFF799FE0028C0D027462146484643
S21402709018F067F9044676E716230022414628468A
S2140270A0CDF800A018F0D6F902AF0DF1600CBCE8DE
S2140270B00F000FC79CE8030047F8040B39800EAB9D
S2140270C013E903000090ADF8041095E80F00FFF7EF
S2140270D073FE074620B1B9F1000F04BF444681464D
S2140270E04146584618F03DF9804665E73A46044858
S2140270F018F019F973E700BFD5630020966D0020DB
S214027100825C002020BF0200706B00202DE9F04F49
S214027110002104469FB00DF14008162240460E910B
S214027120CDE90C11CDF83B10F3F71EFE05222046E2
S2140271300DF11F0316A911F052FE0228074600F0B1
S214027140F880204613F03BFC064618F082F881468B
S214027150F01C18F07EF8ADF84000701D18F079F8B3
S214027160012FADF84200204640F0E68013F027FCDF
S2140271700546204617F0A8FB0D3502232D1A00936C
S214027180214643460820EAB20FF084FC002800F0AD
S214027190D080204613F018FC012F83469DF84D3010
S2140271A040F0E38000252F4643F001038DF84D3072
S2140271B016AE3388022B4DD1F178204602310CF000
S2140271C00FF81B2846D1F178204603310CF008F858
S2140271D019283FD1F178204604310CF001F84A28EC
S2140271E038D14FF0050AF1782046013151440BF0B0
S2140271F0F7FFF1780590514420460BF0F1FF059B0E
S21402720000EB032083B200F03F02932B059240F07E
S2140272109B800023F778214602375744FFB23A464E
S21402722000930CA80F2318F015F907F10F0120465A
S21402723015F040FC07F111010546204615F03AFC10
S214027240ADF84200059B023353445FFA83FA337962
S2140272505345C8D806360DF17603B342A9D19DF838
S2140272604D20C5F3C03363F3410220468DF84D200E
S21402727013F03CFB8DF84400204613F02CFB8DF8EF
S2140272804500204613F02CFB9DF83230BBF1190F57
S214027290C3F3C3028DF84720DDF833208DF846008D
S2140272A0CDF84E20DDF83720CDF8522094BF0022CC
S2140272B09DF83E208DF8482003F003028DF84A2000
S2140272C06E4A1278022A9DF84D200CBFC3F3800343
S2140272D0DB0963F382026A4B8DF84D201B78022B82
S2140272E057D1BDF8406013F027FD864251D108A859
S2140272F014F01DF8BBF1190F48D908220DF14E0102
S21402730008A8F4F77DF800283DD1B9F5004F02D061
S214027310B9F5624F0DD140F6FF7325F440459D4204
S21402732007D1002208210DF14E0013F07AFC002846
S2140273303FD01FB0BDE8F08F13F041FB0546204654
S21402734017F0C2FA073518E7412B7FF47BAFF178C6
S2140273502046023151440BF043FF4A4B1B78C3F1DF
S214027360B30318448DF849006CE76FF30003F01D71
S2140273708DF84D3017F06DFF0CA90546204614F027
S2140273800AF80B276BE700F0B3FFBEE700F0B0FF8A
S214027390CFE7B9F5004F02D0B9F5624FC9D140F632
S2140273A0FF7325F440459D42C3D1BBF1190FC0D9E6
S2140273B0B7E7BBF11A0F06D007F11F014246204677
S2140273C0C9B212F0B6F8304C304D637BDBB12B7885
S2140273D0012B1DD1012323730CAB029314AC94E84A
S2140273E003000090ADF8041098E80F00FFF70AFCBF
S2140273F090B194E803000090ADF8041098E80F00EE
S214027400FFF7A0FD08E0FCF7E9F80028DFD0E1E787
S21402741003F0FD03042BDDD02B78012B01D0042BC7
S21402742087D11B4BDDF84E001B78DDF852108DF825
S2140274302230BDF84030ADF820309DF84D30C3F311
S21402744040038DF823309DF8313003F00F038DF89A
S2140274502C309DF848308DF82D3009AB03C30D4B08
S2140274601B681BB1414608A8984762E79DF946206B
S2140274709DF8451008A811F018FC5AE72E63002064
S2140274802D630020DC63002074550020B9630020C1
S214027490DB630020685500202DE9F043424B434C45
S2140274A01B7885B0033B012B22D817F0EDFD23781D
S2140274B0022B31D13E4A1468A0422DD03D491060BD
S2140274C00A68121B10443C4A0860127872B1013AEC
S2140274D093403C2253434FF47A72534398421BD94B
S2140274E0032005B0BDE8F043FBF77EBF0A23F2E7B0
S2140274F017F0CAFD2378022B0ED12D4A1568A84232
S2140275000AD00027DFF8BC802C4E1060451B98F886
S2140275100030FCB2A34202D805B0BDE8F08356F8AC
S214027520243020462B4446F8243017F045FCC30787
S2140275304FF0000910D5204609F0FEF970B156F852
S2140275402430242B08D9102200232046CDF80090A0
S21402755009F00CFA46F824900137D8E7184B1B5D61
S21402756013F00F031FBF03F1FF32022393403C22A6
S2140275700CBF0A2353434FF47A72534356F824201F
S2140275809A42E9D9204609F067F902A914F01AFFCF
S21402759028B1204609F060F902A911F004FB204642
S2140275A014F0A6FFD8E700BF2E6300202D6300204C
S2140275B000470020FC4600205B6D00201845002096
S2140275C0D2620020726D0020064B1B88DB0708D5AE
S2140275D00022054B43F82020044A135C63F00F0395
S2140275E013547047845C002018450020D2620020A5
S2140275F008B517F049FD0022024B1860024B1A60CC
S21402760008BD00BF00470020FC460020014B18685A
S214027610704700BFFC46002008B50C48FBF7E4FDA7
S214027620FBF736FF80B10A4B0322B3F8681001203D
S21402763011F0A1FF4FF47A71064B04481B88594398
S214027640BDE8084017F02CBA08BD00BF906B0020BA
S21402765088540020EC6C0020014B188000207047F4
S214027660106D0020044A054B1870138823F003039C
S2140276701843108000207047845C00205C6D002058
S214027680034B1888C0F30E00003818BF012070475D
S214027690325C002008B5FFF7F3FF30B10020044942
S2140276A00223044A0880FBF719FE002008BD00BF2B
S2140276B0325C002027E10100024B1888C0F30E005E
S2140276C0704700BF325C00200023084A0120137076
S2140276D0074A08491370084B084A1B7843F004030C
S2140276E013800223064AFBF7F9BD00BFD8630020C9
S2140276F0D7630020325C00205C6D0020845C002092
S21402770027E1010013B514468DF80710DAB9CAB29C
S2140277100E2A18D80E4B1B881341DB0713D517F019
S214027720F3FAFF2811D09DF807200A4B0DF1070146
S2140277301A5400F58330012200F58070E5F7D4F97B
S214027740204602B010BD0124FAE70224F8E700BF83
S214027750106D0020D262002030B5012100240B23D8
S21402776085B0104D019400918DF80C308DF80D0007
S2140277700323B5F8680003AA8DF80E4015F053FAF5
S21402778068B1B5F8681013F0EFFE40B10522064B5B
S21402779064211A70054B06481C7017F081F905B073
S2140277A030BD00BF88540020D7630020D863002075
S2140277B0B06B0020064B1B78033B012B06D8054B0B
S2140277C01B781BB9044B1878FFF7C6BF704700BF7B
S2140277D02E630020D66300205B6D002010B515488E
S2140277E0FBF702FD144B1978F9B9144A13787BB1EA
S2140277F0013B1370124B1B78042B02D10846FAF792
S214027800A7FDBDE810404FF496710A4817F048B934
S2140278100C4A128802F00302022A0AD1BDE810407E
S214027820032201200849FEF729BABDE81040FFF7F7
S214027830C1BF10BDB06B0020D8630020D763002004
S2140278402E630020325C002000F8FF071FB50C23D1
S2140278508DF80C300B4B0C461B88012123F00403D9
S2140278608DF80E3000238DF80D00CDE9001320466A
S214027870032303AA15F0D7F910B1214613F074FEBC
S21402788004B010BD845C0020F8B5064612F0FAFF7C
S2140278900546304615F0EBF9411C044689B23046DF
S2140278A00BF09EFC02340746A1B230460BF098FC61
S2140278B0394602462846FFF725FF022816D02946F3
S2140278C0FFF7C4FF0A4B1B8803F00303022B0DD1FC
S2140278D0284617F019FAFF2808D00022054B43F86D
S2140278E02020054A135C63F00F031354F8BD00BF53
S2140278F0845C002018450020D2620020084B1A78CB
S2140279005AB10223013A93404EF6602253430321B2
S2140279100448B3FBF1F117F0C3B842F21073F6E76E
S2140279205B6D0020B06B002070B505461748FBF76C
S2140279305BFC0122164B28461A7015F098F9411C7A
S214027940044689B228460BF04BFCA11C064689B2B7
S21402795028460BF045FC0F4C0223208021460020CF
S2140279600D4AFBF7BBFC86B9238803F00303022B00
S21402797003D1FFF73DFEFFF7C1FF23885B0704D55F
S214027980BDE870400548FFF747BE70BDB06B0020EB
S214027990D8630020325C002027E10100906B0020B3
S2140279A02DE9F0431F4C0546238889B0002B33D0BF
S2140279B01D4E00214FF4807009F09CFA3378DB07E5
S2140279C028D50121208816F0B7FF0746208812F036
S2140279D0F6FF023017F03DFC05A98046208815F018
S2140279E04CFA3378384613F0020F104B18BF0025B6
S2140279F0B3F8009016F084FF0646384616F064FF89
S214027A00F6B20290424606212846CDE9009605AB1C
S214027A1011F009F900232380054809B0BDE8F043B8
S214027A20FBF7E2BB8C5C0020D9630020885C002058
S214027A30D06B00202DE9F047304F80463D880E4639
S214027A4014469946ADB3104612F0C7FEB0F5006F65
S214027A502FD1204612F0D4FE824617F055F9FF28A1
S214027A6027D02EB1264A32F810302B4322F8103097
S214027A70B5F5007F36D0B5F5806F33D0B5F5807F8B
S214027A8017D1204B1B88A3421CD14FF6FF718A45A3
S214027A900FD0204612F0CAFE284609F059FA50B90D
S214027AA03046FFF77DFF0023174A1380174A3B80B4
S214027AB01370BDE8F0870220002108F0AFFF00280F
S214027AC0EED1F0E7104D2B88A342F2D14FF6FF71AC
S214027AD08A45EED024B1204612F0A8FE00232B8061
S214027AE00023E3E70023094A3B80137031464B46E6
S214027AF022464046BDE8F04713F0BEBA865C002038
S214027B00205C00208C5C00208A5C0020BE63002083
S214027B1010B5044640F62140FFF742FF01214FF41C
S214027B20807009F0E7F978B10022084B1C80084BF8
S214027B301A700BF0D5FCBDE81040064B1880064BB9
S214027B400648198816F0ACBF10BD00BF8C5C00203A
S214027B50D9630020885C0020EE6C0020D06B0020E9
S214027B60044A137818B943F001031370704743F0C0
S214027B700303FAE7D96300202DE9F04FDFF84C91B2
S214027B8087B099F80060002E40F08C80DFF840B194
S214027B90DFF840A19BF80030F4B2A34207D80022D7
S214027BA0424B1A8007B0BDE8F04FFDF7ABBB20464C
S214027BB03AF8145008F0C0FE8046002860D02046EE
S214027BC008F04AFE15F40071074645D001464FF606
S214027BD0FF720E2013F0EBFD0546002850D0394602
S214027BE012F024FE4FF400730027304E20463380F6
S214027BF03AF8142022EA03032AF81430102200234B
S214027C00009708F0B3FE2A4B1B88DB0707D5294BE3
S214027C10294A43F82470135D63F00F0313551820A6
S214027C2000216043254B264C0093019101232A46EE
S214027C30205CFAF7B1FB002814BF0123002389F861
S214027C40003005D13388B3F5807F01D11D4B1880F3
S214027C50404607B0BDE8F08F680513D5059113F0CE
S214027C6023FD012205990346009207203A46CDE9F4
S214027C700111FDF765FC4FF480630546002DB3D174
S214027C80013687E7104B18880028F9D0EA05F7D5A1
S214027C90394612F0CBFD0C4B1D880A4B1D804FF463
S214027CA08073EBE74FF00008D2E700BF865C002047
S214027CB0845C002018450020D2620020357A02003B
S214027CC0801300208A5C00208C5C0020BE630020AB
S214027CD0726D0020205C0020042230B501F04003C3
S214027CE087B0002B054614BF012400248DF80C2013
S214027CF08DF80D1004D004A914F064FB38B304AB5D
S214027D00CDE9004301210223284603AA14F08BFF83
S214027D100446F0B1104B1B78033B012B04D80F4BE3
S214027D20B3F8681012F082FD4FF6F7739D4209D938
S214027D30322202212046FDF74BFA80F00100C0B243
S214027D4007B030BD2946204613F00EFCF5E70120A9
S214027D50F6E71920F4E700BF2E63002088540020BF
S214027D6010B5FFF797FC04F0DBFF13F056FA00207D
S214027D7014F023FB17F078F808B1FCF7B7FA204C9A
S214027D802378532B12D1032323700023FF22194694
S214027D900120FDF773FF002016F08CFC10B10020C6
S214027DA012F01BFEBDE8104011F0E9BB062B01D015
S214027DB0212BF0D10120FDF705FF4FF6FE7012F0E1
S214027DC0AAFF4FF6FF7012F0C3FF0020FDF732FE47
S214027DD00020FDF75FFEFDF7AFFD00F087FB11F018
S214027DE0D1FB2378212B02D1FDF782FBD3E70020BB
S214027DF0FBF7FAFA00214FF4004014F0E0F8CAE765
S214027E002D63002010B50A4C0A48FBF7EDF92378DB
S214027E10062B02D10120FDF7D5FE2378062B01D0D2
S214027E20532B03D1BDE81040FFF79ABF10BD00BF29
S214027E302D630020F06B00202DE9F84FDFF8CC8090
S214027E4004460E461746FFF725FC98F8005015B96B
S214027E500220BDE8F88F212DFAD0DFF8B49099F809
S214027E600030012B01D1A306F2D4274817F083FA7B
S214027E700028EDD114F0200439463046DFF894B0DD
S214027E80DFF894A005F00F051BD010F08AFE012D36
S214027E908BF80070AAF8006033D1212388F80030EE
S214027EA0FFF75EFF0020D4E7212388F80030FFF7B3
S214027EB057FF00214FF6FE70FDF792FFFEF7D6FA47
S214027EC0F0E710F06DFE012D8BF80070AAF8006046
S214027ED0EAD0062321464FF6FD7088F80030FFF7F9
S214027EE0FBFE40F6020240F2262199F800300648D0
S214027EF0033B012B88BF114616F0D2FD002CD1D1D0
S214027F00D7E75323E6E700BFF06B00202D6300207F
S214027F102E630020DA630020126D00202DE9FF4157
S214027F200F460546511C38460BF05AF904463846A9
S214027F3012F045FD0646023017F08BF9424B80469A
S214027F401B7804F04002022B02D0043B012B06D819
S214027F503E4B1B68580205D5A10603D452B304B0A3
S214027F60BDE8F08132B33A4A1278D11E012917D8F9
S214027F70384BB3F86830AB42F1D17378180714D592
S214027F80304614F0B1FEFBF70BFF0028E7D00122C3
S214027F90294604F0200004B0BDE8F041FFF74CBFCC
S214027FA0022ADCD1DF01DAD4E7E712F0A8FE404568
S214027FB0D5D1ECE7264B1B78013B012BCFD8737843
S214027FC0D906CCD502A9384614F09BFE002002A999
S214027FD016F06AFEFF2806460BD0A20601D413F05E
S214027FE009FA304608F038FC04F0BAFE304614F0BF
S214027FF07FFA284617F00AFAFF280DD0FCF766FB30
S21402800014F0200608D112F07AFE28B13346022276
S214028010284602A905F0E0FF12F071FE00289ED164
S214028020A3069CD402A94FF6FF73022228460EF03E
S214028030F2FC4FF6FF72034600922846022202A97D
S21402804010F0A1FE8BE700BF2D630020084700203A
S2140280502E6300208854002038B504460D4616F0DC
S21402806053FEFF28034615D00B4A127842B10B4A3C
S21402807032F81020520403D514F03AFA002038BD24
S214028080184613F0B7F9204645F04001BDE83840DF
S214028090FFF722BE0120F2E729630020205C0020C1
S2140280A038B5054612F08BFC0446284614F0DFFD70
S2140280B0411C89B228460BF093F842060DD5637828
S2140280C01B070FD5204614F00FFE0146002016F0BF
S2140280D0EBFDBDE8384014F00BBA0348BDE8384063
S2140280E0FFF790BE38BD00BFF06B002038B54FF6E4
S2140280F0FF75A842044617D012F01EFEA04213D007
S2140281004FF6FD72094B198891420DD9084A12881A
S214028110AA4201D0A24207D11C804FF47A71BDE870
S2140281203840044816F0BCBC38BD00BFF86C0020CE
S214028130146D00209446002008B50448FBF754F856
S2140281404FF6FF72024B1A8008BD00BF944600200D
S214028150F86C002037B505460C4608236946012010
S214028160064AFBF7BBF815B19DF806302B700CB12A
S214028170009B2360BDF8040003B030BD25E101007A
S21402818007B508238DF80600ADF80410009269467C
S2140281900020034AFBF7A2F803B05DF804FB00BF19
S2140281A025E10100024A13780BB1013B13707047B8
S2140281B01C63002008B512F0CBFD00214FF6FF72BB
S2140281C0054B08461A80FDF78BFCBDE8084040F6D2
S2140281D0164010F0AABD00BFF86C002008B5FBF7E9
S2140281E003F80A4B1B78023B032B08D84FF6FE73A4
S2140281F0074A108898424FF6FF7301D1138008BDD4
S2140282009842FCD0BDE80840FFF7D4BF2D6300209B
S214028210F86C002010B5084B1B78042B0AD012F01D
S2140282206EFD002104460846FFF794FF231A5842C3
S214028230584110BD0020FCE72E630020F0B5002652
S21402824089B00546CDE90566ADF81C6014F00FFD51
S2140282500A23024604462946009605A817F0FAF8AD
S2140282609DF815309DF814701F2B27D803A813F01D
S2140282705EF808220DF1160103A8F3F7C1F80646C8
S214028280E0B9092F1CD1FFF7C5FFB8B1144B1B7814
S214028290A3B1144B1A884FF6FD739A420ED9124CAC
S2140282A0124A23780433DBB223701278013AB3EB16
S2140282B0820F03DD58B20EF003FE267009B0F0BD41
S2140282C00A34E4B2214628460AF08AFF13F0B8F8C8
S2140282D0611C284614F0EEFBFFF708FFEEE700BF2E
S2140282E0746D0020F86C00201C6300205A6D00207C
S2140282F038B5134B1B78033B012B20D9114B4FF695
S214028300FF711B78ABB1104D2B888B4217D112F040
S21402831013FD4EF6602104460C4816F0C1FB4FF6DC
S214028320FE7322462B800021BDE83840092013F058
S21402833095B8074A13888B421CBF0133138038BD99
S2140283402E630020746D0020F86C002094460020F6
S2140283502E5C002010B5044661B1FF2112F0D0FA5F
S2140283600021204612F0D2FA12F000FA0146204608
S21402837012F0D2FA2146BDE810400022014816F05B
S214028380D2BF00BF905C00202DE9F0410D46174693
S214028390044612F014FB06782846FBF777F92946BE
S2140283A08046204612F042FA12F0A9FCA84206D1F4
S2140283B020460121FFF7CEFF0120BDE8F0812846C6
S2140283C0B8F1000F0AD0FBF7EFF950B9144B3A4652
S2140283D02046BDE8F0411978FCF7FABE14F017F80B
S2140283E0F3E706F00306012E08D012F088FC0023FD
S2140283F02246294602F030FF0028D9D1204612F044
S214028400D1F9430505D52046BDE8F041002112F01A
S214028410B8BD204613F0CEFFB0FA80F04009CCE794
S214028420586D002010B586B0044614F020FC104BA0
S2140284300246186819790290D3F805005B7A013271
S2140284408DF8143000238DF80C100490214600930A
S21402845092B2052304A816F0FDFF052204A902A87D
S214028460F2F7CEFFB0FA80F0400906B010BD00BFAA
S21402847094DA040008B50748FAF7B6FE064B1B78EE
S214028480033B012B05D8BDE8084000210846F9F752
S2140284905FBF08BD106C00202E63002008B511488F
S2140284A012F05CFB104B1B78012B06D8FF2009F05C
S2140284B0FDFBFCF751FD08F09DFCFCF76BF902F0A2
S2140284C06BF9FFF701F914F069FD0BF05BFBFCF7A3
S2140284D0F9FE0BF085F810F068FBBDE8084003F0E3
S2140284E0B1B900BF50550020596D002008B5EFF70E
S2140284F001FDFF2803D0094B1B78012B06D900206B
S21402850009F0D4FBFCF728FD08F074FCFCF742F9EE
S21402851002F042F9BDE8084003F094B9596D002014
S214028520064B1878112806D000F0FD00A0F1410392
S2140285305842584170470120704700BF2D63002003
S2140285402DE9F0410446FCF7AFFC18B10026304690
S214028550BDE8F0811D4B1B78033B012B09D81C4B51
S214028560B3F868104FF6FF739942EFD0204612F028
S2140285705DF9184B022120461A88FCF729FE0646AA
S2140285800028E3D0204612F01AFA90F80780054633
S214028590043016F05EFE074612F0B1FB4146024674
S2140285A03846FCF799FCA81C16F053FE4FF6FF73EC
S2140285B0984202D12046FFF7ABFA2B789B07C6D12A
S2140285C001212046FFF7C6FEC1E700BF2E6300204A
S2140285D0885400208E5C00202DE9F04F002585B0DF
S2140285E00746039512F0EBF90646043016F031FE04
S2140285F08046B01C16F02DFE3378044640460093A3
S21402860016F082FB82464046FBF740F83378BAF112
S214028610FF0F0CBF83464FF0010B9A070AD112F0E8
S2140286206EFB404514BFD9464FF00109B3791BB91A
S2140286300320B9E0A946F9E712F061FBA04205D192
S21402864012F05DFB0446994B1B7836E0984B1B787C
S214028650052BF8D0033B012B03D8964BB3F86840A2
S214028660F1E7204616F0EFFE737840B313F00402EB
S214028670DFF838820BD198F800301A442146384683
S214028680D2B2FFF781FE0028D2D000208CE0384616
S21402869014F0AFFA0146054638460AF0A1FD421C20
S2140286A052002946384602F0FE0212F01DFF737889
S2140286B023F00403737098F800300022DDE75B07AE
S2140286C026D5384614F095FA0146064638460AF08C
S2140286D087FD824606F101091FFA89F9494638469E
S2140286E00AF07EFDDFF8C481BAF1000F01D0FF2840
S2140286F005D10022494638460AF086FDDBE7B11C62
S21402870001EB4001C9B2384614F0D4F90446D2E768
S214028710204603AA02A913F0CAFF0546B9F1000FC4
S2140287204AD0009B03F0C003802B0ED1FF232046C5
S2140287308DF809300BF03EFAFF281BD00DF1090226
S2140287400DF10A010BF02AFC14E0402B34D19DF8FF
S21402875008308BB3FF2320468DF809300BF02AFA37
S214028760FF2807D00DF109020DF10A010BF016FCE5
S2140287702D281CD13378404603F03F03337016F0A1
S21402878062FE10B912F0BBFA804600234246194632
S214028790204608F04FFE00283FF44AAFC8220721C1
S2140287A038460AF055FF012005B0BDE8F08F9DF867
S2140287B00930FF2BDED12546039838B99DF80820EC
S2140287C0002A62D1394B2C461B7856E709F032FA5A
S2140287D0039AFF280346127908D1CDE900204FF408
S2140287E0E171354816F057FCDDE90023B9F1000FB8
S2140287F0E4D002F03002102A0AD0202ADED1BBF1E1
S214028800000F24D05146184609F016FC0028D5D190
S214028810DFF8A89099F80030012B45D0204610F0DA
S2140288208AFE28B92A4621464046F37913F0C2FE4C
S214028830A54212D1039A137923F00C0313719DF803
S2140288400830ABB92C46194B1B78302215E7039B30
S2140288501B7913F00C0FDBD1B0E799F80030022B2E
S214028860E8D0039A137923F00C0343F00403E5E7F8
S2140288700121204612F087FC20B920460BF09AF917
S214028880FF280FD0094B1B78DFE70121204612F0A4
S2140288907AFC00287FF4D7AE20460BF08BF9FF282F
S2140288A07FF4D1AE02207FE7A542D9E78E5C002096
S2140288B02E63002088540020CF8E0400DE63002042
S2140288C038B50E4B04461B780D46033B012B10D9D8
S2140288D000F108039BB2012B0DD812F010FA002308
S2140288E002462946204608F0A5FD80F00100C0B2E7
S2140288F038BD0120FCE70220FAE700BF2E63002005
S2140289002DE9F041064610460D4614F0B0F9A0F1E6
S2140289101004E7B256FA84F42146EA1B04F10E006C
S214028920F2F774FA2823DFF84480F35598F80030FB
S214028930637301F045FF611C0246012010F035FE0C
S21402894008220949601DF2F761FA98F8000013F050
S214028950A4FB05F10E0130463B460022C9B201F0E7
S214028960E1FF1220BDE8F081B063002028630020FA
S2140289702DE9F04F89B0044612F021F8054620464C
S21402898011F080FF0746281D16F063FC8146A81CDE
S21402899016F05FFC0390384695F807A016F053FDD4
S2140289A02B780490990761D12146042002F0C2F880
S2140289B000285BD0204614F05AF9014620460AF0F9
S2140289C00FFC820752D1204614F051F90146204688
S2140289D00AF006FC10F00303059347D12046FFF782
S2140289E021FD002842D0204614F036FA461C2046C6
S2140289F015F086FFF6B206F10A0B834580F29F80D9
S214028A00504A06AB1068516803C3711C20460AF030
S214028A10E7FB3146804620460AF0E2FB594600EB69
S214028A20082820460AF0DCFB8346059B2146B21C3A
S214028A30009306A8082316F00DFD1FFA88F82046B4
S214028A4011F020FF5A46414610F0A3FD012240468F
S214028A5006A901F09BFB002871D102200BF036F824
S214028A60013003D1404606A9EFF712FB12F047F990
S214028A7048453A46514608D112F0B3FB00285ED16B
S214028A8009B0BDE8F04F01F077BB484612F0A9FBEB
S214028A90002854D12C4B1B781BB93946484612F095
S214028AA03DFD3A4651464846FCF716FA002846D09F
S214028AB0297811F0030102D12046FFF74BFCAB796F
S214028AC0002B3CD0214B1B78DA1E012A37D9062B05
S214028AD035D06B78DB070DD503982E7A13F07CFB26
S214028AE010B3F30803F01C0326F01F06334343F0CB
S214028AF001032B724FF6FF71204611F097FE049B7E
S214028B00DBB910F040F800F03F0202212046FCF7E5
S214028B105FFB4FF6FF73039A9A4210D1204609B0C4
S214028B20BDE8F04FFEF7F4BF06F01C031C2BE1D0A5
S214028B30042B04D9043E2E72DCE70022E5E709B0D6
S214028B40BDE8F08FC1170400246300202E630020C6
S214028B502DE9F04385B004460E46174611F02CFE6A
S214028B600C2820467BD111F02AFF0922002115F09D
S214028B70EBFD00F11005EDB2294620460AF030FB67
S214028B80042853D006D8012815D0022822D005B0D2
S214028B90BDE8F0837C28FAD1204615F0B1FE0546E2
S214028BA0204615F091FE02463046E9B205B0BDE811
S214028BB0F04310F014B846B91321204613F07AFF9A
S214028BC005B0BDE8F04312F0C3B805B0BDE8F04307
S214028BD0FCF7ACBE9D4B1B78013B012BD7D8204639
S214028BE0E91C0AF0FDFA074686B978B9691C2046E0
S214028BF013F060FF0546214613F03DFA3A46294631
S214028C00102005B0BDE8F04316F0ECBA00250823A4
S214028C102146152200950DEB030016F01BFC284694
S214028C2002A916F041F813F063FCB0E7884B1B78F4
S214028C30022BACD146B9FEF73FFDC2070AD5FEF7B6
S214028C40D7FC002F08BF3F26304605B0BDE8F043EC
S214028C500FF0D1BFFEF714FD0028F0D0F1E711F0B7
S214028C60AEFE8046043016F0F4FA074608F102001B
S214028C7016F0EFFA4FF6F773984205460CD8754A87
S214028C80138801339BB213800BB9734A13801EB14B
S214028C90714A13880133138098F8009009F003098B
S214028CA0B9F1010F40F08380204613F0E0FF014641
S214028CB020460AF095FA043809283FF668AF01A361
S214028CC053F820F0ED8C02008F8B02008F8B02008F
S214028CD0118D02008F8B02008F8B02008F8B020099
S214028CE0F98C02008F8B0200F98C0200204605B038
S214028CF0BDE8F043FFF7D4B9544B1B78042B7FF43E
S214028D0046AF0021084605B0BDE8F043F9F720BBA0
S214028D104E4B1B78013B012B3FF639AF404613F012
S214028D20E3FF00274D4B01465B898DF80A70ADF8CC
S214028D30083000283FF42BAF384615F0B5FF05463D
S214028D40204613F094FF421C03232146009792B25A
S214028D5002A816F07FFB9DF80A30E6B93C4A127864
S214028D60022A18D1BBB9FF2DBDF808400AD03C4AEA
S214028D70214632F81530284623F4806322F815304F
S214028D8013F095FB204613F073FC002221461020B8
S214028D9016F028FAFBE6022B3FF4F9AE2BB9304B5D
S214028DA033F815305B053FF5F2AE28463BE7B9F1DE
S214028DB0000F7FF4ECAE3146204604F0BBF8002EDE
S214028DC03FF4E5AE4FF6F7739D423FF6E0AE98F8F5
S214028DD00160284616F0040620D113F096FC0446DD
S214028DE028467CB113F013FB0346F0B90C22009020
S214028DF02946384612F0F0FC0C2200233946284653
S214028E00009308E013F003FB0346B8B9154A009036
S214028E1012782946384612F0DFFCB8E613F0F7FA65
S214028E20034678B90B220090F3E70622334629461A
S214028E303846009612F0D0FC0622DEE7234600945F
S214028E400622E6E74B46CDF80090F9E72E630020AF
S214028E502D630020365C0020345C002094DA040087
S214028E60205C0020986D00202DE9F04F05888BB01D
S214028E700446284611F0A3FD8046043016F0E9F9B0
S214028E80074608F1020016F0E4F905A90190284603
S214028E9013F037FF284613F0EAFE01460646284638
S214028EA00AF09EF998F80030029003F00303012BB3
S214028EB00CBF82464FF0FF0A16F0E1F8B4F806B08F
S214028EC0814611F01CFF98F807300090384603934D
S214028ED001F08AF8002838D1019801F085F80028B8
S214028EE049D1FCF7B9FAA9EB0B0B1FFA8BFB8146AB
S214028EF0FAF774FB002844D1FFF712FB002840D192
S214028F00A14B1B78033B012B42D8BAF1060F00F0A7
S214028F10BE80BAF1040F00F0BA80FFF701FB20B161
S214028F20029B03F00303012B32D0FAF7B1FA28B9F9
S214028F30964B1B7803F00F03062B6FD1944B2846F3
S214028F40B3F8681011F072FC22E0284611F037FDE3
S214028F50023016F07EF94FF6F773984206D9039B55
S214028F6023B92846FFF75EFA0028B5D1A37823F086
S214028F700F03A37054E0019816F065FA0028B0D1EA
S214028F80F4E7A9F104095FFA89F9B9F1020FB7D833
S214028F90BAF1010F40F0A280284611F031FC4FF6DC
S214028FA0FF7398426AD100233146284607AA13F077
S214028FB0C2FA80460028D9D042799DF825309342DD
S214028FC009D9711D284689B20AF01EF9A37823F042
S214028FD00F030233A3700FF0D6FD7E23B0FBF3F22D
S214028FE002FB130303F58073A3809DF8263013F06B
S214028FF0180F0BD0A378190708D1009BBB4205D0E7
S214029000384698F8052005A90FF005FE9DF82700BA
S214029010003818BF01200BB0BDE8F08F2823A380CC
S2140290200020F8E7584B1B78033B012B5FD940F62C
S214029030B8339B459AD80FF0A6FDFF238DF8133060
S214029040002300F03F00C0F5FA70A08007A90DF1DA
S21402905013008DF81C30FBF7A3FF054698F807109F
S214029060384612F0B2F8002D80D09DF81C20013A46
S214029070032A7BD8DFE802F0807A697D4FF6F77321
S214029080019A9A4224D898F80130DA0720D4284662
S21402909011F0B6FB16F074F9012808BF3D4BA27812
S2140290A009BF1B78FA2303EB830303EB830302BF98
S2140290B09B00FA339BB212097FF458AF5B45FFF46C
S2140290C055AF0FF060FD00F01F001030A08053E097
S2140290D02D4B1B78033B012BA9D8D8E74FF6F77325
S2140290E0019A9A429ED898F80130DB079AD4BAF1D0
S2140290F0020F53D10123314607AA284613F01BFA62
S214029100074611F0FCFDBDF82230984236D1002FFA
S2140291103FF42CAF01227B883146284608F00EFB2E
S2140291201D4A13780133DBB288F8073013707B8848
S214029130BDF81E209A421FBFA37823F00F03023306
S214029140A3704FF4C873A38016E0009BBB4213D0F3
S21402915000283FF40BAF426801323FF407AFC278F3
S2140291609DF813309A42BFF401AF05E0009BBB4264
S21402917002D0A2781209EBD101204CE7184616F06D
S21402918062F90028C3D182E72E6300202D630020F7
S214029190885400206A6D00202B630020BAF1030F6A
S2140291A07FF475AF009BBB427FF471AF711C2846FB
S2140291B089B20AF015F80C287FF469AFFBF7E2FCD7
S2140291C04FF6FF73984201463FF461AF284611F00E
S2140291D02DFB5CE72DE9F3410446008811F0EFFB16
S2140291E00546043016F035F80646A81C16F031F887
S2140291F0074615F044FF05463046B4F8068000F0F0
S214029200F3FE064648B9384600F0EEFE58B9194A4B
S214029210A3781278033A012A0BD8A378002623F003
S2140292200F03A37021E0384616F00DF90028EED1A0
S214029230F3E71B09F1D1A5EB0805ADB2B5F5C86F8A
S214029240EBD80DF10301384601AA019313F02FFA69
S2140292509DF80350014645B94FF6FF73984204D075
S2140292600126208811F0E2FAA580304602B0BDE859
S214029270F08100BF2E6300202DE9F04105460C4622
S21402928011F09AFA082802D10120BDE8F081201DCB
S21402929015F0DFFF0646284694F8078011F0F2FA2A
S2140292A00746284611F07EFA010612D5184B1B789F
S2140292B0042B0ED1174B1B78022B0AD1164BB3F890
S2140292C068204FF6FF739A4203D000210846F9F74A
S2140292D03FF8124B1B78002BD6D1A01C15F0B9FF15
S2140292E04FF6F773984202D86378DA070DD52378DB
S2140292F09B070AD13A464146304611F072FF80F08B
S2140293000100C0B200F00100BFE70120FAE700BF8B
S2140293102E6300202D63002088540020E063002086
S2140293202DE9F04F9DB0044611F046FA0546204658
S21402933011F042FA08285AD14FF4004310220021B5
S2140293402046ADF8503012F0CFF8204615F0BCFAA1
S2140293500DF0DBFD002321461A460C2000930DF08B
S21402936099FB98B3204615F0AFFA14A902461020CE
S214029370FAF7D6FD0501204615F0A6FA14A902460C
S2140293804020EDB2FAF7CCFD10B120460FF00FFCEC
S214029390204615F099FA14A902468020FAF7C0FD75
S2140293A0B8B99DB1102517A806F0A2FD2046BDF853
S2140293B0507015F0A5FA0646204615F085FA29469D
S2140293C00090F3B2384617AA0FF08FFC1DB0BDE826
S2140293D0F08FBDF8503017A8ADF85E40ADF85C309F
S2140293E010F0D1F80028DCD145F08005DBE72046F6
S2140293F011F035FAB0F5006F40F00581204611F005
S21402940041FA0646042D40F00181204611F0CAF9C1
S21402941080F40060C0F3C02000223146400015F000
S214029420E1FE954B1A78022A0DD0FFF779F850B96B
S21402943002F0FD03312B06D0043A012A03D98F4BE2
S2140294401B78002BC2D02146022001F073FB059048
S2140294500028BBD02046ADF8464011F0B0FA0446CC
S214029460BDF8460011F00EFA0546201D15F0F1FE75
S214029470A31C83461846039315F0EBFE12A9074673
S214029480BDF8460013F03DFC63780690BDF8460032
S21402949094F80080099313F0EAFB6378064608F016
S2140294A0030828460C93FAF7F1F8B8F1010F0CBF3F
S2140294B0032302230E93724B08BF4FF00B091D8045
S2140294C0237818BF4FF00A0903F03C03082B0D90CF
S2140294D07FF47CAFBDF8460015F012FAB0427FF674
S2140294E075AFB8F1010F03D0237898077FF46EAFFB
S2140294F0644BB3F86830AB420DD1634A634BB2F9A2
S214029500001093F90030002900F0A58001EB031348
S214029510A3EB211313804FF0010AA6F11003DBB26E
S21402952007938DF8453010224846BDF84610CDF810
S21402953000A00DF145030DF0ADFA00283FF446AF4A
S214029540099B13F002030A9300F00A81504B1B7822
S214029550002B3FF43BAFBDF84690484613F087FB1E
S214029560002308904846CDE917331993ADF86830C2
S21402957011F088F9089B039003F10E01484689B260
S21402958013F048FB002870D000234946089A00933F
S21402959017A80E2315F05EFF50460DF15D0110F080
S2140295A012F89DF869300B9004939DF85C30282BD6
S2140295B05BD10DF16100FAF7F3FB0F90002854D14E
S2140295C0049812F06AFD0F9B002867D1314B049A6B
S2140295D01B78D31A190648D404F04CFD50453CD1EA
S2140295E015F052FD2C4E0546346824B104F048FDB1
S2140295F02C1B844239D30023FF2219461846FCF757
S2140296003DFB356031E04FF6FD76FBE64FF6FF7028
S214029610301A18BF012000223146400015F0E2FD44
S2140296200C2D0DD12146012001F084FA00283FF4CA
S214029630CDAE214600201DB0BDE8F04FFDF700B9C3
S2140296402DB920461DB0BDE8F04FFDF75FBD042DD5
S2140296507FF4BCAEE5E61B025CE704F00BFD0228D5
S21402966003D104F0E9FC0028BAD00022192003999D
S21402967015F0B8FDAAE600BF2D630020E0630020C7
S214029680AC5C0020885400207E5C0020DC63002056
S21402969029630020286300209855002010214846A0
S2140296A0089ACDF800A012F036FB0028DDD0A64BB3
S2140296B0049A1B78934240F0AA8003990DF1610246
S2140296C014A815F0BDFA012114A8FAF743F8824649
S2140296D048F2030114A8FAF749F9BAF1000F03D0C9
S2140296E0082114A80FF00AFF484613F0DEFA039981
S2140296F00DF16100FBF7E6FAFE288246B5D0FF2898
S2140297000AD1039815F082FEFF28824600F0878071
S2140297100DF16101FBF750F98B4B049A1B789342CB
S21402972000F0A38050460B99FBF7B2FA00283FF4EC
S2140297304DAE50460B99FBF7BDFA23789A070FD128
S214029740484613F094FA0146484609F049FD00F0EF
S2140297500300012804D103980DF16101EEF798FC8D
S214029760BDF8460011F01EF8030440F1858020463D
S21402977015F06FFD40F4007189B2204615F06BFDBE
S21402978000224FF40041BDF8460010F0FCFFDDF861
S2140297901490012310220093BDF846100E980DF186
S2140297A045030DF077F900283FF410AE032866D182
S2140297B0204615F04EFD40F4007189B2204615F0A1
S2140297C04AFD284615F03FFE002840F0B780DDF837
S2140297D01490B8F1010F40F0C1800320BDF8461086
S2140297E001F0A8F9002840F0B9803146BDF84600DD
S2140297F009F0F6FC0F2801467FF6E8AD4FF6F77340
S2140298009F423FF6E3AD284611F0D2FEDEE5504613
S214029810049903F049FD00287FF44FAF25E723782B
S21402982003F00303012B08D1484613F020FA014641
S214029830484609F0D5FC082892D0444B1A78444B87
S2140298401B789A4209D20DF161010398FBF768F87A
S214029850039815F0DBFD82465EE7A01C15F0F9FCC6
S2140298604FF6F7739842EED9FFE65046FBF79AFAA0
S21402987000283FF457AF5CE74FF0000989E7284617
S21402988015F0E1FD0028A4D00A9B002B58D1B9F1AF
S214029890000F53D1B8F1010FBDF846009DD03146F6
S2140298A009F09EFC8246DFF8B09099F80030002B53
S2140298B05FD011F024FA87427FF488ADB8F1010F29
S2140298C040F08280BAF1070F78D8BAF1050F7FF61A
S2140298D07DAD204B1B78022B02D0043B012B03D814
S2140298E099F80030002B4BD00C9B980640F1BB80B9
S2140298F00D9B002B40F0B380284615F005FAFF2892
S21402990040F0AD805D457FF461AD069B002B00F014
S214029910A48012AB46F204020124ADF85C20019347
S214029920214602232846009417AA13F07CF9002841
S2140299303FF44CAD214611F024FB47E5DDF81490C8
S214029940284607F053FD44E72863002027630020DB
S2140299506B6D00202D630020296300203146BDF880
S214029960460009F03DFC0A9B824613B9B9F1000F86
S21402997099D0A84B1B78022B02D0043B012BB3D8FC
S214029980284600F031FB814600287FF41FAD11F017
S214029990B6F9854222D1A04B1B78033B012B19D87E
S2140299A09E4BB3F8684011F0AAF94B4601460D22C9
S2140299B02046CDF8009011F00FFF07E5AAF10E033E
S2140299C0DBB2012B85D901E50AF00303012B7FF4F4
S2140299D0FDAC7EE7012000F0A5FBF7E4284615F073
S2140299E032FD58B911F0A8F94FF6FF73984205D028
S2140299F015F03AFA10B92846FAF738FF284615F055
S214029A0022FD88B111F098F94FF6FF7398420BD0F9
S214029A1015F02AFA40B9B8F1010F02D1BAF1060FD1
S214029A2002D0284607F04CFA069BA3B91946012233
S214029A30584600F0ABFB814600287FF4C7AC2046B0
S214029A4013F052F94A460146384600F09FFB0028BA
S214029A503FF44AAFBAE412A9E9E7069B5AE76378ED
S214029A6023F0200363704FF6FC739F4275D16A4B56
S214029A701B78033B012B7FF6A9ACA3790BB1013B04
S214029A80A3716378590727D50023584617AA14A945
S214029A90179312F00CFE1798F0B108F0CBF8814637
S214029AA0384615F031F9179A0146137903F030005B
S214029AB0102806D003F00C0008281CBF23F00C0365
S214029AC01371137903F03303202B05D1FF2903D03A
S214029AD00122484608F078FA284615F015F9FF28BC
S214029AE01EBF00224E4B43F82020099B03F00109BB
S214029AF04FF6F7739F4200F21381B9F1000F40F060
S214029B001C812946584611F009FD11F0F8F88742E3
S214029B1000F0DF80384615F096FC00284AD0B8F1EF
S214029B20010F30D1BAF1010F20D14A463146BDF8B5
S214029B30460007F05FFE384615F085FC394B1B7869
S214029B40002B78D1584615F07EFC002870D1384696
S214029B5015F079FC00286BD138E44FF6FD739F426E
S214029B608BD12D4B1B78042B87D12FE4384615F06A
S214029B706AFC50B3BAF1030F27D13146BDF846004E
S214029B8011F062FE22E4384615F05DFC384612F00B
S214029B903EFC002848D0002339465846BDF84620E9
S214029BA001F05AFB00283FD00021BDF84600FEF720
S214029BB0D1FB0BE4384615F046FC18B1B8F1010F9C
S214029BC0D8D0E3E7B8F1010FE0D1164B1B78002B93
S214029BD0B8D0BAF1050F2ED111F091F88DF85C00CD
S214029BE011F08DF8000A8DF85D000123022217A9F4
S214029BF00DF14600F9F74CFA00287FF4E7AB711C2A
S214029C00BDF8460089B209F0D9FA03780133037029
S214029C1011E000BF2D6300202E6300208854002030
S214029C2018450020716D00209A4B1B78002B89D0B6
S214029C30B8F1010FCDD063785A070CD5BDF846406F
S214029C40204612F0D6FF411C89B2204609F0B6FA29
S214029C500378013B0370904B1B78033B012B30D8F3
S214029C60B8F1010F06D1BAF1050F1FD111F047F86E
S214029C70834522D1BDF84600FEF7AEFC02281CD171
S214029C800021584617AA08F021F930B10379458019
S214029C9003F03C0343F04003037100237F4A009322
S214029CA039465846127811F097FD06E0BDF8460090
S214029CB0FEF792FCBAF1030FE0D1002239461C20CF
S214029CC0D6E4BDF84600FEF787FCB8F1010FD5D101
S214029CD0F0E7B8F1010F7FF467AF0AF1FF330C2B00
S214029CE000F2AA8001A252F823F000BF4F9D0200A4
S214029CF04F9D02007B9B0200659D0200759D02003F
S214029D00999D0200BB9D0200E79D0200FD9D020098
S214029D10FD9D0200099E0200219E02002D9E020069
S214029D20B8F1010F00F09480B9F1000F08D1BDF828
S214029D304600FEF71DFEFFF749BBB8F1010FCCD077
S214029D40237A03F00303012B7FF440ABEFE7AAF17B
S214029D5002035A423146BDF846005A4107F04AFD10
S214029D60FFF734BB32465846BDF84610FEF7D6F823
S214029D70FFF72CBB711CBDF8460089B209F030FA19
S214029D800236F6B20246BDF846305846009612A98A
S214029D900AF054F8FFF71ABB3F4B1B78013B012B26
S214029DA03FF614AB079B0121009300202346BDF823
S214029DB0462011F080FAFFF709BB374B1B785A1E74
S214029DC0012A07D90120079ABDF84610FCF71AFCAB
S214029DD0FFF7FCBA022B7FF4F9AAF9F7FFFB00287B
S214029DE0F0D1FFF7F3BABDF8460006F069FEFFF7BA
S214029DF0EDBABDF84600FEF721FA98E7BDF8460030
S214029E00FEF71CFAFFF7E2BA234B1B78013B012B45
S214029E103FF6DCAABDF84600FDF736FDFFF7D6BAD8
S214029E20BDF84600FDF780FDFFF7D0BABDF8460044
S214029E300FF0A3FBFFF7CABA334622465046BDF8D8
S214029E4046100FF06CFB00287FF4C0AA5146DAE4F5
S214029E500AF1FF330C2B3FF6B9AA01A252F823F0FF
S214029E604F9D02004F9D02007B9B0200659D0200F3
S214029E70759D0200999D0200BB9D0200E79D0200AF
S214029E80F39D0200F39D0200099E0200219E02003D
S214029E902D9E0200716D00202E630020986D00201A
S214029EA010B50021114810F000FE0446E8B110F08B
S214029EB012FD0F4B1870204610F012FD0D4B187055
S214029EC0204610F013FD0C4B1870204610F013FDC0
S214029ED00A4B1860012015F0DBF82046FFF720FA3F
S214029EE0BDE81040002015F0D3B810BD5C5C002021
S214029EF0DD630020DC630020DB6300209055002039
S214029F0070B5164E044633680D46E3B110F054FCA5
S214029F100C2818D1204610F052FD092200210446D2
S214029F2014F012FC235C042B0DD10D4B1B78033B63
S214029F30012B08D80B4C25B10B4B22781B789A4282
S214029F4003D300232370002070BD0848316814F044
S214029F50A7FD2378012001332370F5E794550020EE
S214029F602E630020DF630020976D0020106C002017
S214029F70014B93F9010070477E5C0020014BB3F859
S214029F80680070478854002070B50024124D2C706B
S214029F90EDF762FEE6B2B04212D8104B1B78013BD8
S214029FA0012B04D800214FF6FF70FBF719FF0022A1
S214029FB00B4B1A700B4B198801B11A80012070BD29
S214029FC0304614F0F9FEC30748BF2B7804F10104AB
S214029FD044BF01332B70DBE7266300202E6300208C
S214029FE01D630020305C002038B50B4B05461B78FD
S214029FF073B101335C08094B188814F065FC002322
S21402A00030F81320AA4205D00133DAB2A242F7D3BF
S21402A010002038BD0120FCE71D630020305C0020D4
S21402A02030B5054685B008460C4615F008FAFF28F6
S21402A0300CD011F039FB012200210346CDE90112B2
S21402A040009221462A460720FBF77AFA284614F0A1
S21402A0505BFEFF2804460FD014F0AEFEC2070DD5F5
S21402A060204614F0A9FE830708D40B4A32F81430AF
S21402A07043F4806322F8143005B030BD11F014FBAF
S21402A080012200210346CDE90112009207202A464A
S21402A090FBF756FAF0E700BF205C00204FF6FA7294
S21402A0A0431E9BB2934270B504462AD8FFF79CFF24
S21402A0B038BB194B1B78042B23D0204615F0A6F983
S21402A0C0FF2801D0FAF702FB204612F0C9FA08B1BF
S21402A0D007F0C6FD2046114E04F046FA20460EF062
S21402A0E098FD31780E4D69B1288814F0EDFB0546CF
S21402A0F001461E220230F0F789FE2C8033781E2B92
S21402A10007D970BD202014F053FC28800028EBD11C
S21402A110F7E702333370F4E72E6300201D63002056
S21402A120305C002037B5134B05461B78022B1FD137
S21402A13010F0E5FD044610F0E2FDFFF7AFFF11F068
S21402A140B3FA10F0E8FD0020FBF73CFD40F60740AE
S21402A1500EF0EBFD3DB100230D2221464FF6FD70B9
S21402A160009311F039FB03B0BDE8304004F032BF73
S21402A17003B030BD2E630020034B1B7813B90120B9
S21402A180FFF7D0BF704700BF24630020F7B5044630
S21402A1900D46174610F0B3FD0646002D47D04FF683
S21402A1A0FB739C4243D82046FFF71EFF30B1A642FF
S21402A1B004D1204B1B78033B012B38D92046FFF7EE
S21402A1C013FF10B1012003B0F0BD20460EF0F1FCE3
S21402A1D0C0B1A642F6D00CB369462046F9F758FD40
S21402A1E00246D8B90821684610F01BFDB0B908220D
S21402A1F069462846F1F704F980B12946204611F04F
S21402A20083FADFE7A642E6D12846F9F7C9FD28B960
S21402A2100120FFF787FF06F0DFFDD3E73FB12146B7
S21402A2202846FAF7E7FB2146284604F0B9F900204B
S21402A230C9E700BF2E630020044A13782BB1013B06
S21402A240DBB213700BB9024A138070471D630020FD
S21402A250305C00200148F8F7D7BC00BF305C002015
S21402A2602DE9F047804617460D468CB061B903AE1D
S21402A27000211B4815F051F84FF000090446DFF89C
S21402A28060A01CB920461DE00E46F1E700222146DA
S21402A29024233046CDF8009015F0DCF8082241461B
S21402A2A03046F1F7ADF8A8B9337C9BB96FB945B91A
S21402A2B02A4621460A4810F017FC0A4A1388013B30
S21402A2C0138001200CB0BDE8F0873B88B28953406A
S21402A2D05B06ECD52146504615F043F80446D0E717
S21402A2E0945C0020925C0020024B1888003818BF4D
S21402A2F001207047925C002040232DE9F04397B07E
S21402A300074611A88946ADF80E300EF098FD0223D6
S21402A3108DF84430002304AE314638460493736009
S21402A320F9F7B6FC0546002840F0958038460FF04F
S21402A33002F9804610F0E3FC0446002840F0BB8099
S21402A34099F80130042B40F0B980EDF791FC022811
S21402A35040F08480EDF78CFC022840F08B8096E873
S21402A360030003238DF8443012AB83E803009DF804
S21402A3705130002143F00603102209A88DF851300F
S21402A380F0F7F2FC09A911A80EF0EEFE40B111A8F2
S21402A3900EF055FD30460DAB09AA11A90EF0E9FFE5
S21402A3A0BDF846300DA943F0040311A8ADF84630B7
S21402A3B00EF033FF102209F10A010DA8F1F720F87A
S21402A3C00546002872D1EDF753FC022806D1314625
S21402A3D0FF2009AA0EF0EFFE00286AD134240025D9
S21402A3E0EDF746FC022808D19DF851301B0704D42D
S21402A3F030460DF10E0111F0A7FB2146304611F052
S21402A400CCFB10238DF8183004238DF81A3033460F
S21402A410002203CBCDF81B00CDF81F1006A80B2197
S21402A4208DF8195010F0E6FA024638B1002D14BF26
S21402A430012303233146384603F078F8B8F1000FBB
S21402A44009D0342C07D106A83246394614F0F8FB58
S21402A45006A80FF056F817B0BDE8F083234621464B
S21402A4603046009411AA01F05FFE00283FF472AF56
S21402A470AD25C6E7EDF7FCFB012891D1104B1B6812
S21402A48003F08403842B8BD196E8030002238DF815
S21402A49044301023ADF8463012AB83E803009DF833
S21402A4A0513043F002038DF8513079E73324AD255D
S21402A4B096E7052494E72C46A325A2E7AA25A0E75B
S21402A4C0084700202DE9F04336488DB0F8F78CFE99
S21402A4D014F0DAFD344D2B68C41A4FF47A73B4FBC9
S21402A4E0F3F4A4B214B114F0CFFD28602F4F4FF648
S21402A4F0FF763B88DFF8B880ADF80A3000233B8051
S21402A50000210DF10A0010F0D0FA054658B9284B82
S21402A5101B882BB14FF47A712248714314F0C0FAAB
S21402A5200DB0BDE8F0834FF0000924234A462946C1
S21402A530CDF8009003A814F08DFFBDF81A30A342A0
S21402A54094BFDB1A1B1B9BB2ADF81A30CBB910F0C6
S21402A550D6FBBDF8183003F04003184380B218B992
S21402A560322103A80EF0C7FBBDF818301B0602D531
S21402A57008980EF0CDFDB8F80030013BA8F8003080
S21402A580BEE79E4228BF1E4601234A46294600933E
S21402A59003A8242314F05EFF4A462946384614F0E0
S21402A5A0C2FEADE7144600209C550020945C0020B5
S21402A5B0925C0020F0B50446304A8DB010685168AF
S21402A5C001AB03C3A378012B54D1162200210DF14F
S21402A5D01A00F0F7C9FBD4F82110D4F81D0003AB1B
S21402A5E003C32388190644BF62680892DA050BD5AE
S21402A5F0221D08AE04F11407354610685168083269
S21402A60003C5BA422E46F7D1ADF8183013F004034C
S21402A61018BFA3690593EDF749FB0023ADF81A00AE
S21402A6208DF81C3010F06BFBE0B906A903A811F0F8
S21402A6308BFA0022242103A810F0DCF90446D8B1D4
S21402A6400020FFF73FFF002221460D4814F06BFE64
S21402A6500C4A0020138801331380FFF733FF0020D3
S21402A6600DB0F0BD082201A903A8F0F7C9FE002824
S21402A670DFD0DAE70220F3E71920F1E7C11704007A
S21402A680945C0020925C0020F7B5044600200E463B
S21402A690FFF718FF104B1B88A34202D8212003B0F5
S21402A6A0F0BD00210D4814F038FE002501460B4F80
S21402A6B00029F3D0A54208D100242423224630469E
S21402A6C0009414F0C7FE2046E9E7384614F049FE27
S21402A6D001350146ECE700BF925C0020945C002046
S21402A6E00148F8F791BA00BF945C0020014B188825
S21402A6F0704700BF925C002030B5154A8DB0516895
S21402A7000546106801AB03C307A80EF098FBDDE907
S21402A7100101032308AC84E803008DF81C309DF881
S21402A720293003A943F0020307A88DF829300EF05A
S21402A7301BFD10B12D200DB030BD23462868696878
S21402A74003C303A907A80EF0F4FC0028F3D0F1E730
S21402A750C117040070B50C4611460E4A23781278CB
S21402A760064613F0200542EA0302227018BF611D56
S21402A7700822F0F74BFB002D0CBF05200D20D4F865
S21402A7800130B3602378337303F01803082B08BF35
S21402A790013070BD29630020042307B501200DEBAC
S21402A7A00301054AF8F79AFD019B044A1B0313604E
S21402A7B003B05DF804FB00BF63E51100F846002015
S21402A7C010B5064C2368C3F30B0313B90448E2F72B
S21402A7D04FF92068431C236010BD00BFF8460020D6
S21402A7E063E51100014B1868704700BFF846002069
S21402A7F007B50020054B064A186004230DEB03013B
S21402A8000190F8F76BFD03B05DF804FBF8460020F4
S21402A81063E511007FB511230A4A012001A9F8F762
S21402A8205DFD094B9DF814201A70084B1B780BB17E
S21402A830052B05D10EF0A6F9012007B05DF804FB42
S21402A8400020FAE779EB0100286300202963002044
S21402A8502DE9F04F0646CBB0884600880121174600
S21402A86014F06AF82E4B3A463188ADF8160006A860
S21402A87011F026FA0DF1280B5A464146C4193088C3
S21402A88011F0A8F9E4B208EB0003A34208BF04469D
S21402A89005464FF004091CBFA4EB0804E4B22346A5
S21402A8A05A460121CDE900090BEB050ACDF808B09E
S21402A8B02D1B06A8EDF746FEEDB20BEB0403009344
S21402A8C0019523465A464146308811F0B1F934883C
S21402A8D03946204608F084FC394600F0F802204645
S21402A8E008F092FC0121308814F026F801234A462B
S21402A8F0514680B10DF11600F8F7CAFB0121044655
S21402A900BDF81620308814F02BF8B4FA84F040090B
S21402A9104BB0BDE8F08F3046F8F7BAFB0446F4E7D2
S21402A920B06300202DE9F04FC9B00446884692462F
S21402A930C118224A04A81F46FFF70CFF4FF004096D
S21402A940C519EDB208AB0293A5EB0A0BA8EB0A03F6
S21402A9505FFA8BFBA8EB0506DBB2F6B204EB0A0243
S21402A960009301215B46CDF8049004A8EDF7EAFDBA
S21402A97006F590730DEB03025A44A2F58072136833
S21402A98008A844F80830E35D324623F00703E3558F
S21402A9902C442146F0F778FB08ABCDE9019308AAD0
S21402A9A000230121009604A8EDF7CCFD324620468E
S21402A9B008A9F0F769FB49B0BDE8F08FB063002044
S21402A9C0F8B5064612F048FA811C054689B23046AA
S21402A9D012F020F9F0B1EDB12946304608F000FC3D
S21402A9E01228074616D80C4B691C1C5C89B23046E6
S21402A9F008F0F6FB2C44052FE4B205D1052809D849
S21402AA00064B1B5C1C44E4B221463046BDE8F840C7
S21402AA1012F000B90020F8BDDADA0400D4DA040035
S21402AA20F8B5054612F023F9044628460FF0C7FF8C
S21402AA30A11C074689B2284612F0ECF800283ED040
S21402AA40002C3CD02146284608F0CAFB0646611C6C
S21402AA50284689B208F0C4FB0F2E30D8194B9B5DEE
S21402AA60E118731E89B2092B0ED8DFE803F0090538
S21402AA700D0D120D0D181E1EC40644BF083189B2F4
S21402AA80820601D5083189B22846BDE8F84012F0A0
S21402AA90C1B87B78DB0612D501EB4001F3E700F084
S21402AAA01F0000EB40000144EDE71F2805D8092EE1
S21402AAB00ABF4000022080B2F5E7C828E4D0002092
S21402AAC0F8BD00BFEDDA0400F8B506460FF077FFD2
S21402AAD009220021054613F037FE00F1100428462D
S21402AAE014F0B7FBE4B207462146304608F078FB7E
S21402AAF00546304613F004FFBA05A0EB0403DBB2AA
S21402AB000AD47C2D0AD0082D0AD8064A505D9842EF
S21402AB108CBF00200120F8BD1220F8E70320F6E7DC
S21402AB20FF20F4E7FEDA0400014B1878704700BFF6
S21402AB30996D002038B5114B04461B7808469BB920
S21402AB40012038BDA24205F101050FD103EBC10376
S21402AB505B6898470028F3D11E2022464FF6FF7105
S21402AB6014F040FB0020ECE70025054BE9B213F891
S21402AB703120002AE6D11446EEE700BF996D002088
S21402AB80A4DA04004FF6FF7307B502220DF10601A0
S21402AB900348ADF80630E1F7A7FF03B05DF804FB03
S21402ABA0603202E0002307B5ADF80430134B98423A
S21402ABB021D10B88DA0703D5232003B05DF804FB06
S21402ABC09B0748BF4FF47F434FF002020C480DF13B
S21402ABD0060148BFADF80430E1F75AFF4FF6FF739F
S21402ABE0BDF806209A42E7D10222054801A9E1F7FC
S21402ABF07BFF0020E1E72120DFE700BF1FD1BACAB2
S21402AC00603202E0002313B50222038004460DF1EF
S21402AC1006010F48E1F73CFF2D2801D0112805D187
S21402AC204FF6FF73ADF80630FFF7ACFF9DF806301F
S21402AC30BDF806201BB1238843F0010323800020C1
S21402AC40FF2A82BF238843F00203238002B010BD8E
S21402AC50603202E0034B1B78002B14BF44205620C0
S21402AC600E307047296300202DE9F04F8DB0179CF7
S21402AC7006468946CDE90223BDF85870D588ADF858
S21402AC8016103CB9EC0605D500970EF0CFF80DB0BD
S21402AC90BDE8F08FC5F380242B054FEA043448BF85
S21402ACA044F40064A80511D544F080040A2E00F28C
S21402ACB06981DFE816F09A002F0017003700670157
S21402ACC06701370010009A0037009E00E90548BF6A
S21402ACD044F04004EAE74FF001084FF0020B4FF051
S21402ACE0000A14E008A95FFA89F011F036FADDF8D6
S21402ACF02500DDF8291006AB03C3A44B33F8193040
S21402AD00ADF816304FF00008C3460DF1180A002FB2
S21402AD105DD125E006AA0DF116015FFA89F003F06F
S21402AD2003FCEFE74FF6F773994540F22B8115F4D3
S21402AD30026F40F02781964B1B78022B03D0043B10
S21402AD40012B00F2218147BB032E4FF001080CBFF6
S21402AD504FF00C0B4FF0080BBA4624F4C074A4B2A2
S21402AD608C4B18884FF6FF73984206D08A49F8F73C
S21402AD708FFF10B124F48054A4B2039B384600938C
S21402AD80BDF81620534644F4027108F051FAADF8A5
S21402AD902000002838D1192079E7384613F0B0FD94
S21402ADA00246FFF757FF032E08BF0138824201DD35
S21402ADB038206CE7032E4FF001080CBF4FF00C0B47
S21402ADC04FF0080B4FF0000A24F4C074A4B2029BA2
S21402ADD01B889BB91A463946062000930BF07DFE67
S21402ADE00028BDD140F6014051E74FF00008C346A7
S21402ADF075E74FF001084FF0030B70E70023394662
S21402AE001A4607200093E9E74FF6FF73614A118856
S21402AE1099421CD00FF0D3FD03465E4A04301188D7
S21402AE20039314F018FA5D49039B097814F4805FC3
S21402AE30D9715949574A1FBF086898604868D86050
S21402AE404FF6FF7313804FF0FF330B604B6059468B
S21402AE50029A08A808F0A8FA00289CD0504C23783A
S21402AE60002B3CD1A7B1384613F04AFD0746BDF881
S21402AE70200013F045FD23780744002B14BF12224E
S21402AE800022EB1003F0040317443B44842B8FDCB0
S21402AE9015F400570AD0BDF8204020460FF082FC79
S21402AEA040F4806189B220460FF067FCA6F10803E1
S21402AEB0012B05D801221021BDF820000FF063FCFB
S21402AEC0179BBDF8204043B32046BDF816100FF07E
S21402AED0ADFCBDF82030179A00201380D7E6AA06EC
S21402AEE0C0D56B0103F020030A2E14BF43F0010302
S21402AEF063F07E03DBB2B8F1000F08D000215246A1
S21402AF00009108A800F086FE0028ABD0BFE61A46DD
S21402AF10514608A810F0FFFFF6E7204611F0A7FEFC
S21402AF20179B02462146042000930BF0D6FD00280C
S21402AF303FF458AF0A2E18D84FF4D963F340DB0714
S21402AF4013D5072E0AD00A2E08D0BDF8200010F01E
S21402AF50F5FA80F00100C0B2800098E608A80EF06C
S21402AF60EDFA0028F1D0042091E617B125F040054D
S21402AF70ADB22B463146BDF820005FFA89F201F0E9
S21402AF801BFF84E6012082E6162080E67859002020
S21402AF902D630020166D00209A6D0020EB630020C2
S21402AFA029630020F7B50F469DF828100446DDE910
S21402AFB00B061D46F1B94FF6FF739C421CBF174B9A
S21402AFC01C804FF000041CBF154B1A70BDF82400FD
S21402AFD008F080FA00232A46CDE9004339460620C7
S21402AFE09DF82030FFF740FE10B90EB1AB7A3370F1
S21402AFF003B0F0BD78B14FF6FF739C421FBF074BFC
S21402B0001C80074B1A7000220FF0F4FC044600283E
S21402B010DCD11920ECE72120EAE700BF166D0020FC
S21402B020EB6300202DE9F04788469DF82810074676
S21402B03016461D469DF820A0BDF824900B9839B1FF
S21402B04058B300220FF0D6FC044610B9192025E0AA
S21402B0500C464FF6FF739D421FBF114B1D80114BCE
S21402B06083F800A04FF6F7739E4208D80E4B4FF6B1
S21402B070FD761A784FF6FF73002A18BF1E4648461A
S21402B08008F028FA00233A46CDE9084331464346FB
S21402B090BDE8F0470320FFF7E7BD2120BDE8F087B3
S21402B0A0166D0020EB630020CC6200202DE9F047ED
S21402B0B086B09DF838600546DDE90FA80C461746AF
S21402B0C09946B6BB374B1B78022B1DD125BB4FF6D4
S21402B0D0F7739C4214D80026484608F0FBF9002372
S21402B0E03A46CDE900632146FF232846FFF7BCFD1A
S21402B0F038B9B8F1000F04D0BB7A88F8003000E007
S21402B100012006B0BDE8F087043B012BDED90846D5
S21402B1100EF011FA10B31DB3022D31D1ECF796FDE5
S21402B120A042EDD9204B33F814204FF6FD739A4215
S21402B13019E0BAF1000F32D01A4B1B78022B05D158
S21402B140FFF788FDB042E6D23820DAE7043B012B4F
S21402B150F6D908460EF0EFF90028F1D11620D0E70E
S21402B1604FF6F7739C42CBD8002EB4D0314600225D
S21402B17050460FF03FFC06460028ADD11920C0E726
S21402B180012DBDD104AA0DF10E01E0B203F0CCF9F7
S21402B190064B1B78A342B3D9BDF80E20C5E7212083
S21402B1A0AFE700BF2D63002078590020656D0020B0
S21402B1B030B5104B87B005460C461868596803AA86
S21402B1C003C298680C4910609A88DB8852BA23F04A
S21402B1D04003ADF812300023CDE90043ADF810204D
S21402B1E0FF23098803AA0720ADF80E50FFF73CFD9F
S21402B1F007B030BDA05C0020AC5C002038B50C4621
S21402B2001146124A124D108022682A6062686A60ED
S21402B210A268AA60E288500616D5EA88520613D5B6
S21402B22061B1002218460FF0E5FB014650B1608876
S21402B230FFF7BEFF0522074B1A7038BD084611F00D
S21402B24057FCF2E71920F5E70220F6E7AC5C00208F
S21402B250A05C0020FC6300202DE9F04F074689B071
S21402B260104615461C468A4611F001FD0146284640
S21402B27007F0B6FF064628460FF0A1FB043013F08F
S21402B280E8FF80460FF03BFD804550D0B2074ED116
S21402B290DFF8AC80284605A9B8F800B011F0EDFD3D
S21402B2A09DF81930A8F8007003BBBDF81430EBB94E
S21402B2B028460FF084FB023013F0CBFF4FF6F773ED
S21402B2C0984294BF4FF000094FF001090123013460
S21402B2D0E4B22A463846CDF8009005A9039303F057
S21402B2E0C5FE039B40B901339C421ED20020A8F83B
S21402B2F000B009B0BDE8F08F022CF8D1012BF6D1D0
S21402B3000C4A0D4BA3F800A01378591C11700B4A77
S21402B3107F3B16F00C01137007D1BDF81A305B069E
S21402B32003D5BDF81600FFF743FF0223D1E700203E
S21402B330DFE700BF2B630020166D0020EB630020C2
S21402B340AC5C00202DE9F04FABB00F46ADF81E0006
S21402B3500FF035FB00F1020A0646504613F079FF5D
S21402B360BDF81E400546204611F081FC01462046E7
S21402B37007F036FF814600F00308301D13F069FF20
S21402B380434C20800FF0BBFCA8422DD04FF6F7733B
S21402B3909D4229D87378DA0726D4284611F037F862
S21402B3A030B101232946BDF81E202088FFF754FF3E
S21402B3B00FF0A5FC364B1B8883420FD1BDF81E400A
S21402B3C0204611F054FC0146204607F009FF10F013
S21402B3D00C0103D1BDF81E0001F0ACFD00222D4B7E
S21402B3E01A602BB0BDE8F08F2B49BDF81E0011F095
S21402B3F044FD2A49BDF81E0011F083FC0028274BA5
S21402B40008BF0023234ABDF81E0013600FF063FA3C
S21402B410234B1870BDF81E000FF062FA214B18700D
S21402B420BDF81E000FF067FA1F4B186000238DF858
S21402B4302230002F3ED0184BDB889B063AD50FF001
S21402B4405EFC10B3194B1B689D071ED4B8F1010FA2
S21402B45014BF082318230DF12202009200220DF1D8
S21402B4601E00114600F0D6FB20B3B8F1010F9FD1A3
S21402B4700F4B1B78112B9BD110F0ECFD002897D1B7
S21402B48040F61D40F9F7E2FF92E70823E3E700BF24
S21402B490AC5C0020A4550020A05C0020E3630020E2
S21402B4A0DD630020DC630020905500200847002062
S21402B4B02D630020504613F0CCFE8246BDF81E00D7
S21402B4C013F01EFAA0F11005EDB22A4631460AA87C
S21402B4D0EFF7DAFDFF238DF82F304FF6F7739A4514
S21402B4E040F2DF80B8F1010F00F0E780B8F1020FFA
S21402B4F000F04681B8F1000F7FF45AAFA44DBDF8B4
S21402B5001E00EB88ADF8240004930FF058FABDF83D
S21402B51024600746304611F0AAFB0146304607F083
S21402B5205FFE8DF82300B81C7E7813F092FE074665
S21402B5300FF0E5FB06F00106B4F8009003906C8865
S21402B540002E7FF435AF4FF6F77A42464946574506
S21402B5508CBF0620082013F045FEBDF824B05846DE
S21402B56011F085FB5946024643460420CDF800807A
S21402B5700BF090FA574583460AD8B5F90620EB88B1
S21402B580002A05DB580603D541462046FFF710FE83
S21402B590BBF1000F3FF40CAF2B88002B5AD16B790E
S21402B5A0002B57D14FF6F7730DF126019F42BDF8D7
S21402B5B0240094BF4FF0000B4FF0010B10F02CFE4E
S21402B5C0DFF8D8A100F1FF38BAF800301FFA88F188
S21402B5D00593EB88BDF82600069307F001FE069B4E
S21402B5E004990190009322465B460598C1F34011E8
S21402B5F00DF0AEFF00283FF4DBAE042306200093D6
S21402B600BDF82610624B5FFA88F20BF043FA002868
S21402B6103FF4CEAE48F202036A889A4205D1BDF8DC
S21402B6202410BAF8000000F08DFF594D09AA2946E9
S21402B6300DF123000DF08AFF034600287FF4B8AE12
S21402B6402104BAF80000BDF8242060D52346294616
S21402B65010F0F7FD9DF823304D4D03F00C030C2B34
S21402B66075D1288910F0B8FD00283FF4A1AE039BDF
S21402B670002029894B4514BF0226032602F02CFE21
S21402B680444B18704FF6F7739F42BDF8240075D8E6
S21402B690A4F138025342534132463D4904F066FC57
S21402B6A086E6B8F1020F6BD0394BB3F90630002BA1
S21402B6B026DAB8F1010F7FF41DAF0FF020FB2388C6
S21402B6C083423FF475AE0520BDF81E10FFF732FA2E
S21402B6D000283FF46DAE2E4AD3885B0607D50023BA
S21402B6E0CDE900330A20FF232188FFF7BDFA3A4648
S21402B6F09DF822302188BDF81E0002F023F957E695
S21402B70029460AA800F070F80028D2D050E6022196
S21402B710DFF88C8088F800102946CDF800B003F0D8
S21402B720A5FC132C96D0EB885D0493D41A4B1B7899
S21402B730D80703D598F80020022A8BD099077FF500
S21402B74037AE98F80030012B7FF432AE82E7002243
S21402B7502B79124800936B791146008802F0E4FDBB
S21402B7600C4B18709DF8233003F00C03082B89D17C
S21402B770039B4B4514BF0426052683E701238BE76C
S21402B7804846BDF81E20024901F048FB10E600BFFD
S21402B790A05C0020FB630020CE620020AC5C002090
S21402B7A0EC63002010B5002108480FF07EF904462D
S21402B7B050B101460420FFF7BDF928B12046BDE886
S21402B7C010400121FFF7BEBD10BD00BF905C0020F7
S21402B7D0034BFF211A7803489200EFF7C5BA00BF61
S21402B7E0666D00203043002070B5451804464FF0C1
S21402B7F0FF31AC4212D1104B10481A78054600238E
S21402B800934211DB0E4C2078431CB3FBF2F602FB8C
S21402B810163345F82010237000200CE014F8010BB4
S21402B820E0F7B6FA0146E4E750F8044BA14201D02D
S21402B8300133E5E7012070BD666D0020304300202D
S21402B840ED630020042307B501200DEB0301054A32
S21402B850F7F744FD019B044A1B03136003B05DF82F
S21402B86004FB00BF23E11100A0550020014B18681D
S21402B870704700BFA0550020014B1868704700BFF4
S21402B880A055002010B5064C2368C3F30B0313B96A
S21402B8900448E1F7EDF82068431C236010BD00BFA2
S21402B8A0A055002023E111002DE9F04F93B0039339
S21402B8B00023DDE91C79069399F8003083460DA82B
S21402B8C004930E4615460DF0BAFA99F8003013F0B6
S21402B8D003043ED0039B0DF1250A8DF82430002286
S21402B8E0082138460FF09DF9002870D028880FF0FE
S21402B8F066F899F800301C074CBF0430023013F08B
S21402B900A8FC07A98046F7F7D7FE9DF82430044620
S21402B910980633D5288806F10D0111F07BF9A8B1F7
S21402B92000230093384608232988721D13F092FDDF
S21402B93099F8003003F01803182B4AD1B8F1000F1B
S21402B94047D0A94BB3F86830434542D040F60A4385
S21402B95027E02888711D11F05DF90028F6D00094C2
S21402B96005233246298809A813F074FD9DF8243071
S21402B9700DF1240A03F018030393B0E714BB39460B
S21402B9804046F8F785F90028D2D099F80030990792
S21402B990DCD0402322462146404610F000FD40F609
S21402B9A0094399F8002012F0030440F0F780288833
S21402B9B003930EF067FF224601461A2013F012FC8C
S21402B9C0039BEBE007AB03CB38607960B0E74FF63A
S21402B9D0FF780DF09EFD044620B104213846F7F7A5
S21402B9E093FE04461E9B002B5AD009231E990DA8CF
S21402B9F08DF834300DF09DFB209B0BB1209B0693F7
S21402BA00039B002B40F08E800DA8ECF7FDFD99F805
S21402BA1000309A0700F09880FFF734FF514602463E
S21402BA2001200DF0C2FD99F800309B0710D559464B
S21402BA30288811F0E8F90BF1090350FA83F35FFA4C
S21402BA4083FB5946288811F0B5F900EB0B06F6B2CF
S21402BA5099F8003013F0C20F0AF104030DD09DF8D6
S21402BA602420624942F020028DF824200A68CAF88F
S21402BA7004204A685A600AF10C03012209A80092BF
S21402BA801B1A324629889BB213F0E4FC324659460A
S21402BA902846FEF7DDFE002800F0A48000237DE0A5
S21402BAA01F9B5BB19E460DF1340CBEE80F00ACE85E
S21402BAB00F00DEF80030CCF800309DE7049B5946B4
S21402BAC003F020032888049307F08AFB10F0030F84
S21402BAD00CBF012300230593049B059A003B18BF65
S21402BAE0012342EA430300930DAA06AB38461F9988
S21402BAF000F01AFB049A034682B1002880D0059B08
S21402BB000DAA0093384606AB1F9900F00DFB0346BC
S21402BB1099F8002022F0200289F80020002B3FF43A
S21402BB206FAF3EE7039B102B06D1BDF8363043F0CD
S21402BB300103ADF8363067E7039B182B4FD1BDF8EB
S21402BB40363043F00203F4E701200DF125010DF033
S21402BB503AFD99F80030824613F0040F288821D166
S21402BB60069B1BB3002C35D00EF08CFE002201463D
S21402BB70162013F037FB84B17FB14FF6FF7398455A
S21402BB800BD000230DA91A4638460DF0F2FB3946B3
S21402BB9040469DF835200DF0D4FC0123184613B01C
S21402BBA0BDE8F08F002CDFD1104F01E0002CDBD176
S21402BBB000233246009359463B4610F0ACF8002864
S21402BBC03FF4C4AE002C3FF469AF069A0AF10103B3
S21402BBD0136063E71B685345C6D80124E8E740F6BE
S21402BBE00A43DBE71923D9E788540020B063002014
S21402BBF0002307B5054A0648136004220DEB02012E
S21402BC000193E0F771FF03B05DF804FBA055002036
S21402BC1023E111002DE9F04F0446B1B000888DF8FB
S21402BC202F3016468A4611F022F8014681462088B1
S21402BC3011F0C0F800EB0908208811F00DF9002376
S21402BC409DF82F505FFA88F815F001070790ADF8B7
S21402BC50363008D101460DF13602208810F094FFE6
S21402BC6008B1ADF8367016B9CDE90E660EAEFEF71F
S21402BC703BFB18B145F020058DF82F500023CDE987
S21402BC80033302930DF12F03CDE900632246534698
S21402BC9041464846FFF708FE0546002800F0CA80DF
S21402BCA09DF82F3013F0010747D123F020038DF8BB
S21402BCB02F300FF024F868B17C4A10AB1068516838
S21402BCC003C3184600F002FA0546FEF70FFDBBB2A4
S21402BCD098423BD83A9B13B100233A9A1370BDF8A8
S21402BCE03630CBB10121208812F026FE2788054681
S21402BCF0002800F0CA800121384612F01DFEBDF869
S21402BD0036700546384612F0FBFD002300903A4690
S21402BD101946284610F0BBFE0023CDE903330293F2
S21402BD200DF12F03CDE900632246534641464846AD
S21402BD30FFF7BAFD054600287CD00EF0E0FF00288B
S21402BD4040F0BA80284631B0BDE8F08F18AB14AA8E
S21402BD5026A9F8B20DF062FB002840F09480082273
S21402BD6010A927A8EFF74CFB8346ADB19DF8A53086
S21402BD7013F0020F08930FD0082212A927A8EFF794
S21402BD803FFB48B9089B590706D53A9B13B10123D6
S21402BD903A9A1370089507E03A9B002B61D1BBF1E3
S21402BDA0000F70D1002308930DF1740C14AB0FCB67
S21402BDB08CE80F00BDF83630CBB10121208812F096
S21402BDC0BBFDB4F800B000284FD00121584612F04F
S21402BDD0B3FDBDF8362083461046099212F090FD58
S21402BDE000231946099A0090584610F050FE304B30
S21402BDF00DF1740B0493002303930DF12F03CDE989
S21402BE0000632246534641464846CDF808B0FFF73F
S21402BE104BFD002837D1002D33D012AA5B464FF4D3
S21402BE2082714FF4005000F0D9F8089B13B126A88F
S21402BE300DF000F90EF063FF88B11E4B1B689A07DF
S21402BE400DD4FEF751FA50B1184A18AB1068516873
S21402BE5003C3002226A918A80FF03AFE00BB00254D
S21402BE6070E700233A9A137099E7BDF836200A90D5
S21402BE701046099212F044FDDDE909230799009065
S21402BE80B2E72A46CAE701371FE7BDF836B058467A
S21402BE9012F036FD2B4600905A463846079939E787
S21402BEA026A918A80FF050FED3E700BFC11704005A
S21402BEB004470020084700209DF82F3003F01103A6
S21402BEC0102B7FF43FAF3E4B1B78432B7FF43AAFE9
S21402BED03C4B1B685B067FF535AF208808F10501F1
S21402BEE010F098FE834600283FF42CAF4146208887
S21402BEF007F076F9344B10F0200F08BF1E4612A842
S21402BF0000F0E4F80822314612A8EFF779FA002882
S21402BF1052D0314612A80DF0D5FA012326AE009370
S21402BF203246002314A912A800F0FEF800287FF477
S21402BF3009AF12AB0DF12F07CDE903600290009313
S21402BF4022465346414648460197FFF7ADFCA8B342
S21402BF50BDF89A30102043F0080318AA14A9ADF8C9
S21402BF609A300FF092FD00287FF4ECAE12ABCDE9CA
S21402BF700360CDE901700093224653464146484687
S21402BF80FFF792FC054600287FF4DCAE18AB4FF4B0
S21402BF909071002012AA00F021F84FF00051002004
S21402BFA010F00DF8BBF1000F3FF459AF4FF080517F
S21402BFB0002010F004F852E78346AEE714ABE6E73B
S21402BFC02D63002008470020F254002001461A2361
S21402BFD00120014AF7F782B924E10100F0B51646BE
S21402BFE091B0074609A80D461C46FFF7EFFF3EB183
S21402BFF0336845F04005CDF826307368CDF82A3010
S21402C0001B4B1A6822EA070242EA050119604B0432
S21402C0100DD5BDF824200B0A03F4E243C9B222F47C
S21402C020E3420B4322F07F021343ADF824301A2377
S21402C0300020104A09A9F7F751F9B4B104A80CF088
S21402C040FEFE02236A468DF810301546234604F19A
S21402C0501006144618685968083303C4B3422246C9
S21402C060F7D1294604A80DF064F811B0F0BD00BF60
S21402C0700847002024E1010047F2FF10044B19682C
S21402C08041F48042014041F480411A600FF097BFAC
S21402C0900847002000B589B0FEF7BCFB01A8FFF7F1
S21402C0A095FF0948BDF804200168130221F0FF013C
S21402C0B003F4E2030B43D2B2134343F48043036018
S21402C0C009B05DF804FB00BF0847002010B50C4B12
S21402C0D00446186888B0830706D54FF0FF332360FE
S21402C0E00120636008B010BD10F04000FAD001A82D
S21402C0F0FFF76CFFDDF806302360DDF80A30EFE765
S21402C1000847002008B5074B02461B6813F0400399
S21402C11005D118461946FFF761FF012008BD002029
S21402C120FCE700BF084700202DE9F0479EB0804696
S21402C1300C461D4691469DF898A0A2B1164630467A
S21402C1400CF07DFE1AF0020F0FD004B917AC22468F
S21402C1503146404601AB0DF03FF90DB100232B608E
S21402C1601EB0BDE8F0870DAEE9E701AB31464046AA
S21402C17005AA0DF0FEF873780AF0010AFF2B26D006
S21402C180002840F0B68054B105AA09AF134603CB87
S21402C190BB42206061601A4604F10804F6D125B15C
S21402C1A07278554B03EB82032B60BAF1000F01D174
S21402C1B00020D5E7BDF80430D906F9D418204FF68A
S21402C1C0FF71727813F00EF840F60E40C8E74B4F38
S21402C1D03DB10EF094FD10B13B689A072BD50023B3
S21402C1E02B603B6803F03003102B01D0202B24D1A8
S21402C1F017A8FFF7EBFE082240460DF15E01EFF7A7
S21402C200FFF820B13B6803F04403402B15D0BAF187
S21402C210000F15D109A80FF0D6FE02233370002CAA
S21402C2204CD1B9F1000FC3D00EF069FD60B3301DDA
S21402C230FFF74CFFBCE7324BD2E740F60A408FE7E7
S21402C2403B68DB03E6D509A80FF0BDFE0223337078
S21402C25074BBB9F1000FB1D00EF051FDF0B1301D34
S21402C260FFF734FFAAE73B6803F08403842B2CD045
S21402C27009AB0DAF1A4603CABA4220606160134684
S21402C28004F10804F6D105E025463B6803F0840372
S21402C290842B28D0301DFFF719FF26E03B680125C6
S21402C2A003F08403F4E73B68012503F08403DDE72B
S21402C2B00EF025FD0028F6D00125D9E70EF01FFD69
S21402C2C005460028CFD00025D2E712A80CF0B7FD0D
S21402C2D0022312A88DF84830ECF796F92246082178
S21402C2E04046ECF7E9F810237380002D3FF460AF68
S21402C2F064E72D2034E700BF8C4200200847002068
S21402C3000447002049B9084B197849B14EF6602314
S21402C310594328B1054812F0C3BB41F28831F8E709
S21402C3200248F6F761BF00BFCD62002054460020E7
S21402C33070B586B005460EF0E2FC10B9022006B0D3
S21402C34070BDF7F745F80028F8D001A8FFF7BEFE43
S21402C35006460028F2D08DB92E4B1C6814F0020453
S21402C36006D02D4B1B78112BE8D12C4BB3F8684026
S21402C3704FF481630221ADF80C3023E02846F7F72C
S21402C3800FFD0028DAD1234B1C6814F0020406D0F5
S21402C390214B1B78112BD1D1204BB3F868400822D1
S21402C3A0294601A8EFF72CF80028E1D04FF40273D3
S21402C3B000260A21ADF80C302B68CDF80E306B68DB
S21402C3C0CDF81230002203A80EF014FB024608B97C
S21402C3D01920B4E70F4B196801F03003102B17D061
S21402C3E0202B14BF01230323490001F004010B4351
S21402C3F02046002101F09AF80028E9D00021012009
S21402C400FFF780FF16B10122054B1A70002096E74F
S21402C4100323E9E7084700202D6300208854002004
S21402C420E263002030B5002585B0CDE90055F6F769
S21402C430DBFE0EF064FC1E4C60B905F0AFFF0D2566
S21402C440002108462170FFF75DFF294668460CF07A
S21402C45052FC18E023784BB3164917480A7800783E
S21402C460904223D90132012B0A700ED12A464FF48C
S21402C470A071284602F012FDC0B2B8B941F2883166
S21402C4800E4812F00DFB05B030BD022B09D128462E
S21402C49002A9F7F7FDFB0028EED102A8FFF748FF36
S21402C4A0EAE7032B02D101F0FBF9E5E70425C7E72B
S21402C4B0EE630020EF630020A26D002054460020A9
S21402C4C070B51B4A1B4D04465168106886B02E781C
S21402C4D001AB03C31EB10224204606B070BDF6F7B8
S21402C4E0CFFF0228F7D10EF00AFC0028F3D003A8EB
S21402C4F000F03AFE082201A90DF10E00EEF780FFC9
S21402C500A0B10D4B32464FF4A07130461C7002F0BB
S21402C510C5FC04460028DFD10123084A41F28831CF
S21402C52007482B70137012F0BBFAD5E72324D3E723
S21402C53007DB0400EE630020A26D0020EF630020FC
S21402C54054460020F0B50C4600219BB02B4F064601
S21402C550492207A80691EEF707FC3B78012B34D157
S21402C5609EBB0DF10E0120460FF056FE0546BDF8A5
S21402C5700E0012F0C5F9441BE4B2BDF80E102346B5
S21402C5802A46009606A812F065FF304604A9F7F779
S21402C5907FFBD0B9CCB19DF81920B2B9BDF82330D3
S21402C5A003F47E43B3F5285F1ED3B3F5385F0ED38C
S21402C5B01349BDF80E000B6843F400030B602946CE
S21402C5C00CF09AFF18B104233B701BB0F0BD012299
S21402C5D00C4B04A81A70FFF7ABFE41F288310A48EA
S21402C5E012F05EFA0223EFE711463A70FFF78AFE70
S21402C5F01E2104A80CF07FFBE7E700BFEE630020D5
S21402C60008470020EF63002054460020014B1870B4
S21402C610704700BFEF630020014B1878704700BFD9
S21402C620EE630020014B1870704700BFEE630020D7
S21402C6302DE9F04F0446408891B00E298846ADF8A1
S21402C6401A0079D094F80890A7790EF0B8F909A9DB
S21402C6500546BDF81A00E67910F00FFCBDF81A0080
S21402C6600EF0A0F8420542BFBDF82A3043F400534C
S21402C670ADF82A30E379DB0642BFBDF82A3043F430
S21402C6808053ADF82A30BDF82A30980613D5022F0B
S21402C69057D10CA9207A0FF060FDDDF83500DDF8E1
S21402C6A0391007AB03C307AA0021042300910DF13A
S21402C6B01A00FFF7AFFA0121BDF81A0012F03CF992
S21402C6C0022F824649D1474B33F81950B8F1000F72
S21402C6D07ED0BDF82A2051067AD54FF6FB739D42CE
S21402C6E076D8414B1B78033B012B04D83F4BB3F85B
S21402C6F06830AB426CD0D30502D528460FF00FFF48
S21402C700BDF82A30D80463D5002F33D1BDF81A00FD
S21402C7100EF048F8C10663D548F23403BDF8262069
S21402C7209A4209D1324E3078FF2805D00322294694
S21402C730FBF782FBFF2333700023236011B0BDE8B2
S21402C740F08F012F01BF237A2A4A03EB430302EB41
S21402C750830314BF00229A1CA6E7012F05D10C23DF
S21402C76003FB09F3234AD55AB0E7A81C12F071FD61
S21402C7700546ABE7284601F0F7FEBDF81A000EF0B4
S21402C78011F8C206C8D463895046059312F0B8F869
S21402C7908346504612F098F8059B02905FFA8BF09B
S21402C7A04A46394601900093404609AB0CF03BFAE4
S21402C7B0B8F1000F14BF0B20092016F0030218BFB1
S21402C7C002F1FF32294618BFD2B212F00BFDA3E7E0
S21402C7D0BDF81A000DF0E6FFC3069DD4002FD2D195
S21402C7E0A946D0E7785900202E63002088540020FE
S21402C7F0A66D0020B858002038B500240F4B104D07
S21402C8002A78A24205D8C2B9BDE838400D48F6F7E4
S21402C810EBBC598869B9013AD2B2A2422A70EFD06B
S21402C820121B184603F110011201EEF7EFFA034647
S21402C830E6E701341033E4B2E2E738BD9042002066
S21402C840F2630020306C002070B51A4B1A4A1D782D
S21402C8500023DCB2A54200D870BD144666880133B8
S21402C860864202F11002F4D1E379A588E16003F072
S21402C87040028DB9CAB123F00403E3710EF09FF8AB
S21402C880037803F07F03037021880029E4D1BDE812
S21402C89070400A4812F004B900216580A180002A7F
S21402C8A0E9D1BDE87040FFF7A7BF2046FFF7C0FEFC
S21402C8B0F7E700BFF263002090420020306C0020B1
S21402C8C02DE9F047044686B040880F4615460EF01E
S21402C8D076F8A3798046082B52D8DFE803F0052EB7
S21402C8E01851515151510500023012F0B2FC002D80
S21402C8F04ED06946F7F7CCF9002841D1684601F0D8
S21402C900DDFEB0FA80F0400906B0BDE8F08702A965
S21402C910207A0FF022FC6B466E46DDF80D00DDF83D
S21402C9201110334A03C3237A32F81390314AD05C8B
S21402C93075B131460FF035FCE6E7237A2E4903EB54
S21402C940430301EB830231F82390907A961CEFE7BB
S21402C9504FF6FB7AD14515D9304603F0ADFF4FF6B8
S21402C960FF739842054615D00146304601F018FE80
S21402C970554508D9E379DA060ED440F62243E36039
S21402C9800020C1E74D46294608F1020012F063FC7A
S21402C9900120B9E74D46EDE74FF6FC78454512D142
S21402C9A003F00C030C2B1CD1DFB130464FF6FD71A1
S21402C9B001F0F6FD40F61F412046E160FFF738FE23
S21402C9C0FFF71AFFDCE74FF6FD739D4209D10023FD
S21402C9D0304619461A4602F02DFB4146304601F013
S21402C9E0DFFDE37943F00C03E37140F62343C6E729
S21402C9F078590020D9620020B858002073B5044642
S21402CA0040880E460DF0DBFF023012F022FC0CF0DE
S21402CA1092FD18B1A11C201D0CF092FDE6B1E5793D
S21402CA200135EDB2E57115F0400514D0EBF708F9C3
S21402CA300122054600212046FFF742FF18B1394B76
S21402CA401B882B449DB2384B1B78042B01BF354BF9
S21402CA501B885B199DB22580002231462046FFF7CF
S21402CA602FFF20B360880DF0AAFFE2792F4922F04B
S21402CA700C03E3710B7805460133DBB20B70C3710E
S21402CA802B4BA61C1B780BB3E37998061ED52949B7
S21402CA90097871B159060CD592070AD500220423EB
S21402CAA0114630460092FFF7B5F810B1E06002B0CA
S21402CAB070BD00220123114630460092FFF7AAF805
S21402CAC020B1E37943F00303E371EFE730460CF05D
S21402CAD035FD0028EAD16088FBF77EFD0328E6D8FC
S21402CAE0DFE800F0020D1D19E37943F00403E37159
S21402CAF01B06DCD5104B1A78104B1A70D7E740F697
S21402CB002443E360E37943F00803E3712B7803F0F0
S21402CB107F032B70CBE740F62543E360C7E740F67A
S21402CB202643FAE7EE6C00202E6300202B630020DB
S21402CB3029630020A36D0020D1620020F16300204B
S21402CB402DE9F74F064612F09AFA5F4B0546B3F800
S21402CB50009018805D4BA0EB09041B78A4B2A34298
S21402CB6098BF00234FF000084FF6FF7788BF1B1BC5
S21402CB70564A88BFDBB21370DFF864B1A9EB000334
S21402CB800093534B5FFA88F2197891420ED80EB191
S21402CB90FFF732FE4FF6FF739F4200F08E80394653
S21402CBA04C4803B0BDE8F04F11F07ABFBBF8022044
S21402CBB0002A3CD0484B9BF807201878BBF800A008
S21402CBC0042818D00020BAF1000F08BFA24620445D
S21402CBD0504523D2BBF80010009B1944ABF8001056
S21402CBE0002E4ED002F04802482A4AD1002158466A
S21402CBF0FFF704FF45E00192F6F790FF30F01003CE
S21402CC00019ADFD1FAF702FD344B019AB3F800C05D
S21402CC108445D7D9ACEB000080B2D4E702F00C0012
S21402CC20042807D10022ABF800200BF1100B08F104
S21402CC300108A6E7510602F0030C02F008000ED522
S21402CC4028B3BCF1030F25D1DEB1DBF80C10584631
S21402CC50002908BF4FF44261FFF7EAFC11E040B337
S21402CC60BCF1010F25D11206EED44FF4C862ABF820
S21402CC7000209BF8072022F0030242F002028BF803
S21402CC800720BBF80020974228BF1746CDE70320AF
S21402CC908445D9D213060ED50C4B1A780AEB02003D
S21402CCA0844208DA4A44521B0AEB0201ABF800102F
S21402CCB0E7E70120ECE7012199E7064803B0BDE863
S21402CCC0F04FF6F791BA00BF965C0020F1630020A1
S21402CCD0F2630020306C00202E630020EE6C0020F1
S21402CCE090420020F8B500250A4E0B4F3378ECB27E
S21402CCF0A34204D8BDE8F8400848F5F785BF07EB1D
S21402CD000414A01CF5F780FF201DF5F77DFF013502
S21402CD10ECE700BFF2630020904200208C5C00200B
S21402CD2070B500240B4D0C4E2B78A34208D81B1B63
S21402CD30DBB22B706BB9BDE870400848F6F754BA00
S21402CD4006EB041040F621410134FFF771FCE4B211
S21402CD50EAE770BDF263002090420020306C0020AB
S21402CD602DE9F041002506462F46114CDFF8448097
S21402CD7098F80020EBB29A4203D8BDE8F041FFF7DC
S21402CD803BBD60880DF01BFE023012F062FAB04224
S21402CD900AD16088F8F74AFA00230E2118466288FC
S21402CDA003F086F92780678010340135E0E700BF7C
S21402CDB090420020F2630020F8B5154EDFF858E0E6
S21402CDC035789EF800E0134FAE454FEA051C07EB98
S21402CDD0051419D0002503F4835343EA1323A171E3
S21402CDE02272E371608027F80C50A58006F078FB6B
S21402CDF040F60243E360337860810133284633709D
S21402CE00FFF79EFE2846F8BD40F60340FBE700BF4C
S21402CE10F263002090420020646D00202DE9F04F5E
S21402CE20344B0D461C78174685B05CB9B1F90680BE
S21402CE30DFF8C890DFF8C8A0DFF8C8B099F800306D
S21402CE40A34202D805B0BDE8F08F0AEB0416B088FC
S21402CE5000B9708801A910F010F8AA7A9DF80E3071
S21402CE609A4244D1B8F1000F0FDA297A9DF80C20C5
S21402CE702B89914209D8204800780844824236DA43
S21402CE80521A1B0A1341D90731D538460FF0E4FF70
S21402CE90BDF80A3004469A0602D5EB889B06D1D521
S21402CEA0F37903F00C03042B08D17088F8F7BEF967
S21402CEB0002372881946184603F0FAF80021304615
S21402CEC0FFF7B6FBFFF798FC384611F019FD8442CF
S21402CED008D2337A01228BF80030294600233846DE
S21402CEE003F044F8B8F1000FACDA0024A6E70134E8
S21402CEF0E4B2A3E7F0630020636D0020F263002033
S21402CF0090420020FB63002008B512F0B8F8074BE9
S21402CF101B88C01A80B2B0F5807F05D9BDE80840EC
S21402CF200021034811F0BCBD08BD00BF965C00207E
S21402CF30306C00202DE9F04788B004460D460FF00D
S21402CF4096FE0146204606F04BF910F0030340F029
S21402CF50848010F00C0F06D12946204608B0BDE8A2
S21402CF60F047FFF771BC20460DF01CFCC10659D4F1
S21402CF7020460FF07CFE0146204606F031F90746B1
S21402CF8020460DF01CFD0646023012F062F905A995
S21402CF908046204607F00C0796F806A00FF06DFFB5
S21402CFA073780C2F0CBF03270627012113F0010FFD
S21402CFB0204618BF032711F0BFFC2B4B81461B7877
S21402CFC0033B012B1DD9BAF1010F1AD94FF6F7739D
S21402CFD0984502D8337A1F2B13D9301D12F039F92F
S21402CFE0F17982460EF0F1F806465046F7F726FD2E
S21402CFF0DEB173685A1C04D0834340F6284308BF48
S21402D0001D461A4B1B88A34212D1B5FA85F0400979
S21402D010FAF7A6FD20460DF0F3FB00220146072094
S21402D02012F0E0F808B0BDE8F08740F62845E8E7D9
S21402D03006F056FA8246484611F062FC0646484614
S21402D04011F042FCF6B20290424639462846CDE935
S21402D05000A605AB0BF0E7FDDCE7012BE2D110F0F2
S21402D0600C0FDFD178E700BF2E6300208C5C002017
S21402D070002210B5094B1C78094BD1B28C4201D85C
S21402D080002010BD197A814202D19979022902D074
S21402D09010330132F1E70120F3E700BFF26300200C
S21402D0A0904200200146002210B5084B1C78084B1F
S21402D0B0D0B2844201D8002010BD187A884202D12C
S21402D0C098790128F8D010330132F1E7F263002094
S21402D0D090420020002210B40A4B1C780A4BD1B2B0
S21402D0E08C4203D85DF8044BFFF786BB197A81425F
S21402D0F005D19979012902BF002119805980103380
S21402D1000132ECE7F263002090420020044B1B68D9
S21402D11013F0300F03D0202130200EF050BF70479E
S21402D12008470020002310B5044608491A4601EABB
S21402D13000414FF07F60FEF751FFE30703D5002161
S21402D14030200EF03CFF002010BD00BF000072072A
S21402D150044B5B8823F4784323F08D03038000207E
S21402D160704700BF0847002008B500220346C3F8F0
S21402D1700220C3F806200B4A02301268D1B212F01F
S21402D180200F18BF41F010011980930701D4FEF753
S21402D1909DFF054B1B78023B032B8CBF17200020FC
S21402D1A008BD00BF084700202D63002038B505469D
S21402D1B00C46FDF72FFB98B10E4B187878B10E4B44
S21402D1C01B681A040FD58CB113F0420F00D17DB143
S21402D1D003F44073B3F5407F0CBF0020232038BD14
S21402D1E040F60840FBE740F60B40F8E72046F6E735
S21402D1F02320F4E72963002008470020F0B5044600
S21402D2008DB007A80D4616460BF019FE1022002117
S21402D21003A8EDF7A9FD5CB1234603AC03F11007A2
S21402D220224618685968083303C2BB421446F7D12F
S21402D230012703A986EA070307A88DF81C708DF854
S21402D2401D300BF067FF80EA070401A8E4B2EBF793
S21402D25039FAB6B101A88DF80650EBF75FFA64B159
S21402D260002303A907A88DF81D300BF062FF0C4BB4
S21402D2701B78432B01D1F7F7CFFC0A4B1D700DB07C
S21402D280F0BD01A88DF80750EBF748FA002CF6D04F
S21402D29003A907A88DF81D700BF04BFFEFE700BF40
S21402D2A02D63002028630020F0B5012593B00746C1
S21402D2B00DA80C460BF0C3FD05A90DA8ADF8345019
S21402D2C00BF052FF01A8EBF7FDF909A90DA88DF89E
S21402D2D035509DF806600BF047FF0DA89DF80750E5
S21402D2E00BF0D8FE70BB731BDBB2802B28D91FB1A4
S21402D2F0A64225D0A54223D105A90DA80BF019FFF9
S21402D30003A8EBF7DFF903A88DF80F60EBF706FA30
S21402D3100122294609A8FFF771FFF7F733FD01211D
S21402D3204FF4007003F0E6FDFDF75CFAB0F1004F33
S21402D33001D9FDF75DFA044B18780BF0DAFC0120F0
S21402D34013B0F0BD0020FBE72863002070B50E4640
S21402D350144605460320FFF765F946F004022946FF
S21402D36020460BF040FF0022014B1A6070BD00BF42
S21402D37004470020F0B587B0078805461022002132
S21402D38002A8EDF7F1FC3E4B1B78002B76D1BC05CC
S21402D3905ED407F08403842B63D00022394C1146F6
S21402D3A01046FFF72BFF17F4045F276005F102060D
S21402D3B01CD0B9040AD5304605F0A4F900284ED18F
S21402D3C0236823F4005343F48073236030460EF040
S21402D3D084FE002842D10BF02EFD18B9236843F4D0
S21402D3E080332360236843F02003236022680DF114
S21402D3F0060042F400432360FFF7AAFE12F4805FA1
S21402D400BDF8063031D043F02003ADF8063021686F
S21402D410334611F0400218BF05F123024FF07F6039
S21402D420FEF7DCFDBDF80630DA0703D50021302012
S21402D4300EF0C5FD23689B0506D5012295F822103D
S21402D44005F11200FFF7DAFE00200F4B186006E027
S21402D45005F112000EF041FE00289AD0292007B0EE
S21402D460F0BDB80799D52320F9E723F02003ADF8DD
S21402D4700630FDF7BDF9FEF7BBFBC8E70220EEE774
S21402D4802D630020084700200447002008B5054BFE
S21402D4901B7833B1FFF73AFEBDE808400248FEF7B4
S21402D4A031BE08BD29630020B063002010B5154BBD
S21402D4B01B78D3B1144B1B78033B012B15D90020E4
S21402D4C00FF0CEF8044698B1EAF7EAFB237913F098
S21402D4D0300F0AD148B1012803F0CF0206D0811ED0
S21402D4E04B424B415B011343237110BD1023FAE7F5
S21402D4F0F7F7DAF80028F8D021462046BDE81040B3
S21402D50004F096B8296300202E63002008B50DF0BB
S21402D510F6FB054B18B91868C0F3800008BD1868FA
S21402D520C0F30050FAE700BF084700202DE9F04F8D
S21402D530064689461046002189B01546984605F0EB
S21402D5404FFE102807460AD86A4B0341DB0706D46B
S21402D550C8F340049DB9002009B0BDE8F08F664BC1
S21402D5601C78002CF6D0FFF7D1FF00280CBF4FF432
S21402D570F0744FF4D074FC4004F00104EAE74FF074
S21402D580000A18F0010F5346524629464FF005008E
S21402D590CDF800A00CBF4FF0080B4FF4027B09F049
S21402D5A09CFA0028D7D0C8233246009359465346E1
S21402D5B0284605F03DFEADF80E000028CBD018F048
S21402D5C0080A4AD14FF6F773A7F10F02D2B29E426B
S21402D5D08CBF09230123012A01D843F04003474A9E
S21402D5E08DF810301378591C11708DF81130002CFC
S21402D5F04FD09DF81030052F43F020038DF81030E1
S21402D60033D03F4B1D78002D5AD04FF6F7730025C6
S21402D6109E424FF00F0248D9012304A90DF10E00D5
S21402D620F5F736FD002896D1002C4DD1BAF100014F
S21402D63033463A4618BF0121BDF80E00CDF80090D9
S21402D6400BF083FFADF80E00002884D018F0040F0C
S21402D6504DD031460DF088FF7EE749460DF10E00AB
S21402D66005F02AF80028ADD175E70121BDF80E00B5
S21402D67011F062F9012105F0B3FD0123834013F096
S21402D680620F1CD11E4B1B78E3B14FF6F7731825B9
S21402D690BEE71B4B25461B780222002BBCD04FF65A
S21402D6A0F7739E42B8D8052FB6D0BAF1000FB3D1A1
S21402D6B09DF8103043F040038DF81030ACE710258B
S21402D6C00F22A9E71825FBE7BAF1000F0AD00223BA
S21402D6D04A46009029460DF10E00FEF79BFA0028F6
S21402D6E0A4D038E741235246CDF800A0F2E70DF069
S21402D6F025FF31E79FFEFEFF296300202A630020F4
S21402D7001B6300202DE9DF431E46144B80461B6830
S21402D7100F469B0791460A9C1BD4204614B10BF079
S21402D720FCFEC0B20622CDE902403B460020CDE90F
S21402D73000890B490FF01BFA024650B10021002E59
S21402D7400CBF01230323084604B0BDE8D043FFF70D
S21402D750EDBE002004B0BDE8D08300BF084700201D
S21402D760678E04002DE9F04F8DB081468A461F462B
S21402D77093469DF85C803AB903A8FEF7A7FCB0BBB7
S21402D78000200DB0BDE8F08F15460022232110467A
S21402D7900DF030F9ADF80A000028F1D011F094F837
S21402D7A00523044618F0100F00F8023B677020D0DD
S21402D7B011220021EDF7D8FA04F11306032F4FF0D9
S21402D7C0080237D159463046EDF720FBC8F38013DE
S21402D7D006F1090533720BF09CFE00283ED00023AA
S21402D7E02B706B700123033505F8013C36E003AD60
S21402D7F0CBE7012610221699EDF708FB06FA07F387
S21402D80013F0620F02D104F11206D7E707A80BF055
S21402D81016FB05A88DF81C60EAF754FF9DF8162043
S21402D82018F0200F9DF8173008BF134604F11306B0
S21402D830A374C3E751463046EDF7E8FA012306F132
S21402D8400802121B28460093BDF80A10082392B25B
S21402D85011F000FE042F06F11005BCD02D1BA9B254
S21402D8600DF10A000FF0EBF8002889D118F0040F2A
S21402D8700BD0484611F048FAFF281FBF074A32F875
S21402D880103023F4804322F810304346514648466F
S21402D890BDF80A20FFF74AFE73E700BF205C0020AF
S21402D8A070B5032690B08DF807600DF028FA18B907
S21402D8B00224204610B070BDF5F78AFD0028F7D086
S21402D8C002AD2846FEF702FC0028F1D01B4B1C686E
S21402D8D014F00204ECD140F20F43194AADF824309A
S21402D8E0136804A8CDF826305368CDF82A300BF01A
S21402D8F0A6FA95E8030005AB83E80300062304A80E
S21402D9008DF81D308DF81060EAF77EFE01210DF1CC
S21402D9102E020DF10700EAF7CFFD22461A2109A8CA
S21402D9200DF068F8024608B91924C2E70123294611
S21402D9302046FFF7FBFD0028BBD1F5E7084700208D
S21402D940B06300202DE9F04F06460F46002199B03D
S21402D9501F2210A803930F91EDF706FA30460FF038
S21402D96086F90146304605F03BFC8DF81B00304632
S21402D9700DF025F89DF81B3045788146C5F3400525
S21402D9809806304648BF45F002050FF065FA044691
S21402D990304610F0B5FF0023001B5FFA80FA0093B2
S21402D9A05346232B28BF2323224631460FA811F0C5
S21402D9B051FD002840D19E4B9DF83C801B789DF877
S21402D9C03DB0002B3BD0FFF7A1FD00280CBF4FF463
S21402D9D0F0734FF4D07323FA08F3D9072FD5AA07AA
S21402D9E02DD4B8F1080F24D1BBF1040F24D1FAF7D5
S21402D9F097FD08BB012322460093314605200DF110
S21402DA001B0309F047F8B8B1A8F10508B8F10D0FE5
S21402DA1012D8DFE818F02800A001C701EC01F501D2
S21402DA201100110011001100FB019D02A902D7028C
S21402DA30D702B8F1050F08D019B0BDE8F08FB8F1DB
S21402DA40100F05D1039B002BF6D0FAF769FDD1E73C
S21402DA50FAF766FD0028CDD0B8F1050FCAD0B8F1A6
S21402DA60110FC7D0E8E7BBF1050FE5D830460CF03A
S21402DA7009FF059009F1020011F0EBFB81460DF15A
S21402DA801E00FFF765FB01239DF83D70BB4013F0B7
S21402DA906203039305D0BDF81E309B0701D5AE077F
S21402DAA0CAD50DF02CF90028C6D0FAF739FD08B908
S21402DAB0002DC1D00DF13E0A50460EF00EFB039B20
S21402DAC00490BBB1032F9DF84EB01AD10DF14F044E
S21402DAD00DF015F9814540F01781032DACD19DF864
S21402DAE056105246003918BF01210DF14E000BF0B8
S21402DAF039FDA1E7032FDDF80CB07BD10DF14E0402
S21402DB00E6E74C4B1B689C0729D5FF2208210DF13E
S21402DB1057000DF086F8804608BB034601460DF115
S21402DB2057020220FEF75AFA0DF0E9F881450DF188
S21402DB3057060DF14F0422D04FF6F773994540F27F
S21402DB40E8800022082120460DF06BF8002800F03D
S21402DB50E080002259465046FFF750FB6CE70DF175
S21402DB6057060DF14F0430460EF051FA002846D003
S21402DB700DF0C5F8814540F0C8804FF000082046F9
S21402DB80F6F70EF9002800F0C080012F58D0042FB7
S21402DB907FF452AF0EF05EFA10B1032D7FF44CAF55
S21402DBA0049B002B7FF448AF324602215046FFF713
S21402DBB0CDFB214B1B7863B1FFF772FEFEF72CFDFF
S21402DBC0022806D10120FEF721FD01210846FEF7B4
S21402DBD099FB1A4B1B78022B1FD1032130460BF000
S21402DBE08AF8FEF719FD014600287FF425AFFEF7F6
S21402DBF089FB21E70DF156060DF14E04B3E70F4BF4
S21402DC001B78432B7FF418AF012F7FF415AF0DF06E
S21402DC1076F8814579D1B846B1E7412B7FF40CAF4F
S21402DC20044B1B6858057FF507AFF8F761FC03E75E
S21402DC302963002008470020E26300202D630020AD
S21402DC40B64C2378022B22D02378412B3FF4F4AE35
S21402DC50049B33B9FAF764FC594602465046FFF76E
S21402DC60CDFAFAF75DFC00283FF4E6AE0EF0F2F9C4
S21402DC70AB4F98B13B681A0502D42378432B0DD1DB
S21402DC80AB070BD440F61A40F7F7E0FBD4E60EF0EB
S21402DC90E1F90028D8D0A907D6D4CDE6386810F026
S21402DCA0020002D1059903F0C3FC2378112B16D18A
S21402DCB03B685F0513D50020FEF73AFB04460028B2
S21402DCC07FF4BAAE0DF0F3FA40F61C40F7F7BEFB4F
S21402DCD021462046FEF716FBF7F7C4FBACE6AC0778
S21402DCE001D5FFF713FAB8F1000F9ED00BF0A3F898
S21402DCF018B94FF480310EF062F90022894B304693
S21402DD001A600EF07BF990E70026039B002B7FF447
S21402DD1013AF4FF6FF73204608A9ADF82030F5F78B
S21402DD2091FF20B120460CF0C5FFADF820004FF65B
S21402DD30FF73BDF8200098423FF47EAE049B324645
S21402DD40002B0CBF042315232146CDE900A33B4636
S21402DD50FFF708FD70E60CF0D2FF00287FF46CAEE9
S21402DD60714B1B78002B3FF467AEA80704D46C4BAC
S21402DD701B6899013FF560AEBAF10C0F0DF1450034
S21402DD8094BF002412AC11F064FA02469DF84700D4
S21402DD9003283FF651AE394600940DF13D0304F0D8
S21402DDA00BFA49E60DF13D00F5F7FAFF28B102221B
S21402DDB039460020FAF740F83EE65C4B1B78013BFA
S21402DDC0012B3FF639AE0DF13D0002F075FD4FF620
S21402DDD0FF739842044606D10DF13D000CF06AFF2F
S21402DDE0A0423FF429AE0021FAF736F924E6EA0704
S21402DDF07FF522AE2A4638460FA904F0DBFA1BE668
S21402DE009DF83D100120FFF74FFA15E6474B1B78A9
S21402DE10013B012B3FF610AEEB077FF50DAE0DF181
S21402DE203D0002F049FD4FF6FF73984205468046D4
S21402DE3040F080800DF13D000CF03CFF4045054669
S21402DE40074677D10DF13D00F6F71CFCB8420546B1
S21402DE503FF4F2AD304610F053FD00220934E4B22E
S21402DE60071BFFB2394610460CF0C4FDADF81C0085
S21402DE7000283FF4E1AD4FF0010900232A460821AD
S21402DE80CDF8009005F0D4F9ADF81E0000283FF456
S21402DE90D3AD214630460EF0B6FF4FF0000A80465C
S21402DEA01622514609A8CDF820A0ECF75DFF43469E
S21402DEB022463146CDF800A008A811F0CBFA4B4610
S21402DEC0424608A90DF11E00F5F7E2F800287FF495
S21402DED0B3ADA7EB0807FFB2394607A80EF0AFFDB1
S21402DEE0284610F011FFFF2818BF114A444418BFF5
S21402DEF032F81030E4B21CBF23F4804322F810300C
S21402DF00BDF81C0023463246002100970EF0BFFDE6
S21402DF102946BDF81E000DF027FB8DE52D63002077
S21402DF200847002004470020296300202E630020B3
S21402DF30205C0020284610F0E7FEFF28074689D01E
S21402DF40F6F7C6FD002885D0384603F099F881E733
S21402DF501E4B1B78013B012B3FF66EAD2A46384618
S21402DF600FA9FCF7C9F967E5194B1B78022B20D1DC
S21402DF70002F7FF461AD08A8FEF7A8F800283FF44A
S21402DF805BAD144B1F709DF83D30002B14BF64240C
S21402DF906524FEF741FB032806D138463946FEF7CC
S21402DFA0B1F93846FEF73EFB214608A80AF0A3FE62
S21402DFB042E5043B012BDBD938460BF0BCFA0028BD
S21402DFC0D6D139E530460BF0B8FA35E52E63002097
S21402DFD02D630020E26300202DE9F34105460E463C
S21402DFE0174698460EF036F8044640B101233A46E4
S21402DFF031462846CDF80080FFF784FB04460EF033
S21402E00029F830B1FFF782FA78B10A4B1B689B01F8
S21402E0100BD400233A4631462846CDF80080FFF757
S21402E02071FB002C0CBF0446012404F0010002B070
S21402E030BDE8F0810847002070B58AB005A80AF04E
S21402E040FEFE022301AA15468DF81430084B03F192
S21402E0501006144618685968083303C4B3422246A9
S21402E060F7D1294605A80BF055F80AB070BD00BFD7
S21402E0700FDB0400014B1878704700BFA46D002028
S21402E080014B1888704700BF186D00204FF6FF73CB
S21402E0902DE9F043994280460D4685B00BD0002705
S21402E0A04FF6FD791C4EE9F7D1FDFCB2A0420BD823
S21402E0B04FF6FF701DE0F5F773FE0028EFD005B0AF
S21402E0C0BDE8F0430CF01BBE36F814304B4517D8AB
S21402E0D0694620460EF005F8082241460DF1050075
S21402E0E0EDF78EF94FF6FF7360B99D4204D136F80C
S21402E0F0140005B0BDE8F08326F814500DF0BAFF00
S21402E1000137D0E79D42FBD036F81430AB4208BF49
S21402E11026F81490F4E700BF785900202DE9FF474F
S21402E12006460F4600254FF6FD79DFF83C80DFF8FD
S21402E1303CA0E9F78BFDECB2A04202D804B0BDE8E1
S21402E140F08738F814304B450CD8694620460DF057
S21402E150C8FF082231460DF10500EDF751F908B95E
S21402E1600AF804700135E4E778590020D9620020E5
S21402E170014B33F81000704778590020F0B5064678
S21402E18000250D4F85B0E9F761FDECB2A04201D83B
S21402E19005B0F0BD37F81430B3420BD169462046BD
S21402E1A00DF0DBFF9DF80030022B1CBF4FF6FD730F
S21402E1B027F814300135E6E77859002030B585B0E7
S21402E1C004460D46E9F742FDA0420FD9084B33F844
S21402E1D014204FF6FD739A4208D8694620460DF081
S21402E1E0BCFF29460DF10500FFF750FF05B030BD14
S21402E1F07859002030B585B00446E9F727FDA042DD
S21402E20019D92046FEF734FF0546B0B969462046BE
S21402E2100DF067FF9DF800302BB1694620468DF859
S21402E22000500DF07CFF4FF6FF720020044B23F8DF
S21402E230142005B030BD2820FBE740F60440F8E77E
S21402E240785900202DE9F0410B7805460E461BB999
S21402E250BDE8F041FFF7CEBFE9F7F8FCA84231D996
S21402E2602846FEF705FF78BB374617F8058B4FF6AC
S21402E270FF713846FFF70AFF0446384600F01EFADA
S21402E280B0FA80F04009B8F1000F15D0B8F1030FCC
S21402E29015D04FF6FF724FF6FD73944208BF1C4628
S21402E2A00B4B314623F815400A4B585528460DF0BD
S21402E2B036FF0020BDE8F0814FF6FF74F0E74FF618
S21402E2C0FE74EDE72820F5E740F60440F2E700BFCB
S21402E2D078590020D96200202DE9FF410D460446F8
S21402E2E04FF6FE780F4F0E0AE9F7B0FCA04204D8AC
S21402E2F0FF24204604B0BDE8F08137F814304345C9
S21402E3000CD1694620460DF0ECFE9DF80520EBB2D6
S21402E3109A4203D19DF80630B342EAD00134E4B201
S21402E320E2E700BF785900202DE9F04F0C46174669
S21402E330984600254FF6FD7B87B09DF840A0DFF893
S21402E3405C900190E9F782FCEEB2B04201D8FF265B
S21402E35016E039F816205A451ED8304602A90DF0A6
S21402E360C0FE3FB99DF80920424515D19DF80C2004
S21402E370524511D144B939F81620019B9A420BD165
S21402E380304607B0BDE8F08F082220460DF10D0199
S21402E390EDF736F80028F3D00135D3E77859002098
S21402E3A010B514460DF09DFE2046BDE8104008222A
S21402E3B00149ECF72BBD00BFB06300202DE9FF47F3
S21402E3C0074615460846082224491E46EDF718F861
S21402E3D0044600283FD14FF6FF7ADFF88490E9F72B
S21402E3E035FC5FFA84F880450BD385B3384608F0CF
S21402E3F032FC01250C9B18700120357004B0BDE874
S21402E400F08739F8183053451FD0694640460DF05C
S21402E41068FE7A789DF801309A4216D17A88BDF85D
S21402E42002309A4211D13A799DF804309A420CD1C0
S21402E43008220DF10501781DECF7E2FF28B9002D40
S21402E440D7D1404608F022FCD3E70134C7E7FF20C5
S21402E45008F01CFCCEE70020D0E700BFB063002027
S21402E46078590020F0B50025154E164F85B0E9F70D
S21402E470EDFBECB2A04201D805B0F0BD69462046DD
S21402E4800DF02FFE9DF80030032B06D900236946B7
S21402E49020468DF800300DF042FE9DF8002062B155
S21402E4A04FF6FD734FF6FE71032A08BF0B4626F899
S21402E4B01430002301353B55D9E74FF6FF73F6E7D4
S21402E4C078590020D9620020F8B50E4604464FF669
S21402E4D0FF770C4B0C4D1B7803EB430305EB8305D0
S21402E4E0A54202D800242046F8BD2388BB4206D0A7
S21402E4F008223146A01CECF783FF0028F3D00C3428
S21402E500EEE700BF656D0020B8580020044BFF21DF
S21402E5101A78044802EB42029200ECF725BC00BFD0
S21402E520656D0020B8580020F8B504460C4B0D4621
S21402E5301B781046A3420DD90C27022117FB0411A3
S21402E5407C43084E08223144ECF760FC335B002023
S21402E5502B80F8BD0023136053604FF6FF73F6E777
S21402E560656D0020B858002038B504464FF6FD7594
S21402E570FFF704FE0022084B1878084BD1B28842F7
S21402E58000D838BD33F80C1C0132A14208BF23F86C
S21402E5900C5C0C33F2E700BF656D0020C458002007
S21402E5A070B505460E460846FFF7DEFF314628469A
S21402E5B0FFF76CFD29460648FFF786FF00B970BDD7
S21402E5C0044624F80C6B0DF055FD29462046F3E769
S21402E5D0B858002010B5082286B023490446ECF746
S21402E5E00FFF20B906B0BDE810400CF088BB082229
S21402E5F020461E49ECF704FF20B91D4BB3F868000D
S21402E60006B010BD0023012221464FF6FF7000938C
S21402E610FFF78AFEFF2806D0164B33F810004FF697
S21402E620FB739842ECD903A8FEF79EFD58B9BDF8D5
S21402E6300C305B0607D5082221460DF10E00ECF7DA
S21402E640DFFE0028DCD021460B48FFF73DFF40B135
S21402E6504FF6FB724FF6FF730088904288BF18464B
S21402E660CEE74FF6FF70CBE7B0630020F2540020EF
S21402E6708854002078590020B858002070B500222F
S21402E68004464FF6FB7608460A4B1D780A4BD1B273
S21402E6908D4201D8002009E01988B14207D8A1426C
S21402E6A005D10822991CECF7B1FB012070BD0C3392
S21402E6B00132ECE7656D0020B858002037B50146F8
S21402E6C005460E48FFF700FF044640B1807A294609
S21402E6D00DF067FD80F00100C0B203B030BD034606
S21402E6E00090012229464FF6FF70FFF71DFEFF2815
S21402E6F016BF034B2046185CE9E700BFB858002057
S21402E700D96200202DE9F341224B04461B780F46BE
S21402E7108342154638D9FEF7C5FCB8BB4FF6FD73E3
S21402E7209D421D4E0ED004EB440326F823504FF6AE
S21402E730FF739D421FD12046FEF7CCFC002002B09C
S21402E740BDE8F0810DF106013846F5F77BFA4FF683
S21402E750FF72BDF806303846934218BF1D460C239A
S21402E7606343F55206EB0308FFF7A8FFB0FA80F002
S21402E770400988F80A000C2303FB04600822394685
S21402E7800230ECF743FBD9E72820D8E740F60540ED
S21402E790D5E700BF656D0020B858002038B504469E
S21402E7A00D46FFF7BBFC21460448FFF78DFE00B975
S21402E7B038BD857221460C30F7E700BFB8580020F6
S21402E7C00023074A1370074A1370074A118801B1DB
S21402E7D01380064B1A880AB100221A80704700BFBF
S21402E7E0F4630020F36300209C5C00209A5C002007
S21402E7F02DE9F04F4C4C9846238889B005900F4679
S21402E80010469DF848A05BB952B10EF031F920804F
S21402E8104FF4FA61454809B0BDE8F04F10F040B930
S21402E820DFF81C91B9F80050002D69D0284610F088
S21402E83067F8C0F34704284610F046F8DFF804A14C
S21402E8400294BAF80030DFF800B10193BBF800304A
S21402E8500546009300224346012035490EF087F90B
S21402E860ADF81E0010B305EB44080124454512D14D
S21402E870E4B9BDF81E50CDB12E4B1B782BBB2B46F0
S21402E88000223946059800F043FA0023ABF8003020
S21402E890AAF800300AE0012329461A460DF11E00A6
S21402E8A0F4F7F6FB023504460028DFD00023224A9E
S21402E8B0A9F800301378013BDBB21370002BA7D106
S21402E8C009B0BDE8F04FFFF77BBF0CF0E1F9014657
S21402E8D0284604F085FC0A218046284604F080FC7F
S21402E8E00646A64202D8FF2CCFD1C8E7284604F136
S21402E8F00B0104F075FC8045C1D80134E4B2F0E7A0
S21402E9000E4C237823B910F0AFFA08B9012323700E
S21402E910524641460520F5F757FC0028D0D1207014
S21402E92009B0BDE8F08F00BF9C5C0020506C002050
S21402E9306D8E0400F5630020F4630020F36300206C
S21402E9409A5C0020345C0020365C002030B5154D01
S21402E95087B02C889CB923464FF4A07248F238013F
S21402E96003A80DF001FD21462046F9F7F3FB2246E7
S21402E9700D4B009403A9FFF73BFF07B030BD2046BE
S21402E9800CF01DF8043010F064FC03A90446288835
S21402E9900EF073FA0023009320462A8803A900F09B
S21402E9A065FBEAE79C5C002000F8FF0737B500200D
S21402E9B001A9F9F7CFFB0D4C014623780C4D7BB12C
S21402E9C00C4B019A1878F9F7DBFB2078F7F716F963
S21402E9D0002323702B700848F4F706FC03B030BD02
S21402E9E02B78002BF7D0FFF7B1FFF4E7F763002090
S21402E9F0F4630020F6630020506C002008B505483A
S21402EA00F4F702F90448F4F7FFF8BDE808400348B3
S21402EA10F4F7FAB89C5C00209A5C0020985C002010
S21402EA202DE9F04F89B089460446CDE905239DF8C5
S21402EA304870139E30B316F801ABBAF1000F23D01C
S21402EA400AF1FF34A400E4B2314601200AF0BBFD0D
S21402EA50C00E1BD1DFF838B1314601200AF0B3FDF3
S21402EA609BF8005034442279BDB1002F47D1802351
S21402EA704846CDE90277CDE900773E4A059900F08F
S21402EA8047F93CE08246DFE75446DDE71B28ECD92F
S21402EA90314601200AF097FDE7E7DFF8F880FF2A03
S21402EAA000EA08080BD14246E379A179607901EBC6
S21402EAB0032189B209B0BDE8F04FF9F761BB2E49D0
S21402EAC009688B070AD5FE2A35D101230135EDB236
S21402EAD0202D4FEA43030AD1FF250AE0294628469D
S21402EAE00792F9F737FB4845BFD1079AEBE79845F7
S21402EAF0ECD1224B1B78FF2B04D0AB4204D009B0DA
S21402EB00BDE8F08FFF2DFAD029460020F3F774F8FF
S21402EB100028F4D09BF800306479002BEFD1FFF781
S21402EB204FFE17484FF410510FF0BAFF154B8BF8F3
S21402EB3000501C70E3E7052A97D8BAF1010F94D863
S21402EB40B8F1000F91D0002FD9D17379002BD6D00F
S21402EB500D49098821B9082B28BF08230B490B70D9
S21402EB60434648461292DDE9051209B0BDE8F04F69
S21402EB70FFF73EBE6D8E040008470020A56D0020FC
S21402EB80506C0020F66300209C5C0020F46300209A
S21402EB90F763002000F8FF07014B1880FFF7D6BE88
S21402EBA09A5C002037B5184B1B78022B03D017252A
S21402EBB0284603B030BD00210DF10700F4F798FC9B
S21402EBC005460028F3D1114B1B78013B012B01D9D6
S21402EBD00225EDE7F4F7F6FB0028F9D009F0D3FF9B
S21402EBE00446F4F7EFFB0A4B4FF47A7118700B23C6
S21402EBF0B4FBF3F203FB12440A34A4B261430548A1
S21402EC000FF04EFFD4E700BF2D6300202E630020D6
S21402EC101E630020344600202DE9F043384B0024C2
S21402EC201E784FF4F813374FA5B003933D78ADF82E
S21402EC301040F7F78FF8BDF90E30ADF81200A34278
S21402EC40ADF8144006DB304B1C780134E4B21C707D
S21402EC5044F080048DF82C40A94602244FF00008A8
S21402EC608DF82D60B14529D3002221460BA83D70B0
S21402EC708DF82D800BF0BEFEE8B1B8F1000F09D07A
S21402EC8000234FF6FC71CDE9000303AAFF230620FA
S21402EC90FBF7EAFFB5422FD209F075FF0B23B0FB54
S21402ECA0F3F24FF47A7102FB13000A3080B241434A
S21402ECB016480FF0F5FE25B0BDE8F083484606A9D3
S21402ECC002F004FA98B9512C11D804F190030DEB16
S21402ECD00302083406AB013508F1010803CBE4B29F
S21402ECE042F8640C42F8601CEDB25FFA88F809F14B
S21402ECF001095FFA89F9B5E70448F4F775FADAE725
S21402ED001E6300201F630020F963002034460020A3
S21402ED100CB42DE9F04F8BB014AA0E4652F8041B21
S21402ED2007460992002940F08F80BDF85400ADF8DE
S21402ED302200002800F0A18033794FF6F778002BE6
S21402ED4040F0868047458CBF4FF009084FF0080810
S21402ED504C4B1C78FF2C40F08380B6F90230002B17
S21402ED60A9BF494B347A1C780134A2BFE4B21C70A6
S21402ED7044F08004DFF81CB12246002104F044FA75
S21402ED809BF80030BDF82200002B6CD0DFF808A1FB
S21402ED904FF00009BAF8003007930FF0B1FD0546B0
S21402EDA0BDF822000FF090FDEBB2CDE90193FF23F0
S21402EDB0CDE9030900932246334639460798FCF705
S21402EDC0F1F84FF6FF7305468BF80090AAF800306C
S21402EDD0382D33D13246394640460DF122030AF029
S21402EDE0B2FB00284BD04FF6F7739F4226D8B6F9EF
S21402EDF002307088002B21DA48F204022349244BA1
S21402EE004FF00008904214BF894699460BF077FFF0
S21402EE10494603468A220120CDF800800DF0A7FE5F
S21402EE20814658B12246414604F0EEF9FF233246A7
S21402EE3039464046CDE90098FBF716FF28460BB048
S21402EE40BDE8F04F02B0704701200DF06DFE6EE790
S21402EE50002347458CBF4FF006089846337177E784
S21402EE60FF221A7086E7CDE900033246FF233946B1
S21402EE704046FBF7F9FE0546AAE71925DEE70546F2
S21402EE80DCE700BFA76D0020F96300207E8E040039
S21402EE90738E0400F86300209E5C002070B54FF469
S21402EEA0003300240546164688B0ADF81A100DF158
S21402EEB00F0204A90593ADF81840ADF81C4004945F
S21402EEC08DF80F400AF016FB9DF80F302846019386
S21402EED0049B044A009305A93346FFF719FF08B0BE
S21402EEE070BD00BF778E040030B54FF48035002425
S21402EEF087B00395BDF82850CDE900128DF8103082
S21402EF00074A034603A9BDF82C008DF81140ADF858
S21402EF101250ADF81440FFF7FBFE07B030BD00BF3D
S21402EF20838E0400B1F1006F2DE9F04314462CBF26
S21402EF30392238228BB01D464FF00003ADF81E2052
S21402EF404FF480022CBF4FF001099946FF2C06466B
S21402EF50ADF81C300892ADF824304FEA11471FFA7C
S21402EF6081F80FD10CF061FAB9F1000F19D1154AE8
S21402EF70CDE9020543463046CDE9007407A9FFF7FE
S21402EF80C7FE1AE0FE2C0AD10CF04FFA0130C0B2CE
S21402EF900CF056FAB9F1000F12D00B4A02E0E8B2B2
S21402EFA0F8E70A4ACDE9030501233046CDE90174A4
S21402EFB0CDF8008007A9FFF7ABFE0BB0BDE8F083E3
S21402EFC0034AD5E77B8E0400818E04007A8E040005
S21402EFD0828E04004FF498124FF0806310B586B00C
S21402EFE0CDE903230023ADF814300BF088FE044667
S21402EFF0F6F7B0FE054B01900093054A234603A997
S21402F0004FF6FD70FFF784FE06B010BDB063002019
S21402F010878E040008B5064B1B78022B02D0043BF1
S21402F020012B03D8FFF7D6FF002008BD0220FCE71D
S21402F0302D63002030B500244FF4806587B0CDE9FB
S21402F04000128DF81030084A034603A94FF6FD70E9
S21402F0508DF811400394ADF81250ADF81440FFF746
S21402F06057FE07B030BD00BF8B8E04002DE9F04F6F
S21402F0709BB00E4605460EA91046CDE90A329DF80B
S21402F08090700DF0C9F8BDF838A0804650460FF0D3
S21402F09037FCB6F902300446002BB6F80690B6F8EE
S21402F0A002B004DA0022B24B1A70002049E0504641
S21402F0B00FF026FC4045F5D3A4EB0804E3B2002F7C
S21402F0C018BF4FF4A079152B099328BF15230024E7
S21402F0D0013308F1FF325146DBB292B2009414A813
S21402F0E010F0B8F96FEA4B436FEA5343A1499DF813
S21402F0F0502008684968ADF846300FAB03C3ADF838
S21402F1004840ADF84440ADF84A90ADF84C20BBF10B
S21402F110000F24D10DF15100F4F742FEA0B10BF01E
S21402F120EEFD5C4606460DF1590A0DF151030A9AA8
S21402F1309AF80080012A2DD157B384F0010404F016
S21402F14001001BB0BDE8F08F0DF1510001F0B4FBD9
S21402F1504FF6FF74011B4C4206464C41E3E7BBF1F7
S21402F160010F40F09480BDF851600BF0C8FD864256
S21402F1700AD030460FA90DF025F980F00104E4B25A
S21402F1800DF1530A0FABD2E77B4B0DF1530ACEE7D4
S21402F1900A9CD4E797B3002C75D1B8F1010F72D848
S21402F1A037D10BF0ACFD0BF0AAFD224606469AF8C4
S21402F1B00170714B00210120CDE9006102976F4971
S21402F1C00DF0D5FCADF83A0000285CD0002C53D1E7
S21402F1D0B8F1010F50D12646DFF8B8A19AF80030F0
S21402F1E05FFA84F8434538D940460FF0E5FDC2077A
S21402F1F002D5BFB1013FFFB20134EFE7B8F1010F0C
S21402F20005D1002CCDD081229AF80170D2E7002CCD
S21402F210F9D1B8F1010F94BF002201229AF80170C9
S21402F220D201C7E7404601F017FB0123ADF83400D0
S21402F23002220DA90DF13A00F3F72AFF18BBBDF81A
S21402F2403A000FF05DFB804648460CF057FE08F188
S21402F250010801368045F6B2CEDBB6B132460C2145
S21402F260BDF83A0003F0D0FF00222846BDF83A3037
S21402F27011A9FFF74DFD06E00C210DF13A000DF045
S21402F280DEFB0028F0D001205BE70D21F5E70A9BA4
S21402F290002B7FF40AAF7388342B57D1099B092BB6
S21402F2A07FF403AF002F7FF400AF9DF959603A4612
S21402F2B0B41008210DF1510004F020040BF0B1FC4B
S21402F2C0D0B12F4B1B78012B3FF4EFAE022B27D188
S21402F2D02C4B1B6813F0807F25D12A4B1B685B02E0
S21402F2E001D5002E30DA00232846274A11A9FFF757
S21402F2F00FFD264B1C70D8E60DF15100F4F750FDB9
S21402F3000028DED10DF1510001F0D6FA4FF6FF7358
S21402F310984208D02146F8F79FFE034618B903E044
S21402F320033B012B06D9C8232846174A11A9FFF723
S21402F330EFFCBAE6164BB3F86830AB42CDD0114BB1
S21402F3401B6813F0805FC7E78D23EDE7099BCDE9C5
S21402F350059204930DF15103CDE902833146284606
S21402F360CDE9007A0B9B11AA00F058F89DE600BF83
S21402F370EC630020C1170400B06300208F8E0400E7
S21402F3802E6300200847002071450400A66D002069
S21402F39088540020726D0020024B187840F08000DE
S21402F3A0704700BFF963002038B50A4B05461C7843
S21402F3B024B10BF0A4FCB0FA80F46409F8F72AFF33
S21402F3C008B144F04004E8F74DFC44EA40202840E7
S21402F3D038BD00BF29630020014B1880002070470B
S21402F3E0206D00204FF6FF71034602881B798A4281
S21402F3F017BF074901200A8041881EBF054A002020
S21402F4001180FF2B1EBF044A00201370704700BFF6
S21402F4101C6D00201A6D0020FA6300202DE9F04FC3
S21402F420B7B09946BDF80431439C0D939DF8083158
S21402F43083460E93BDF8143120460F939DF818317B
S21402F440B1F802A00F4690469DF8005110930FF0B7
S21402F45000FFBAF1110F064600F28A800BF04FFC4D
S21402F460B04200F08F80BAF1060F19D14FF6FD7345
S21402F4709E423ED0DDB9BC4B1B78033B012B36D9EE
S21402F48030460FF041FCFF2814BF89238123002257
S21402F4904146CDE900625846B44AFFF739FC06E019
S21402F4A02DB9BAF1030F08D8BAF1010F0AD8002213
S21402F4B0AF4B1A7037B0BDE8F08FAAF10403022BE7
S21402F4C0F5D8D8E7A84B1B78033B012B0DD930465D
S21402F4D00FF01AFCFF2814BF8923812341465846A1
S21402F4E0A44A0096FFF714FCE1E78023F6E78023A0
S21402F4F0CDE7A14B1B7859074CD40BF000FC002635
S21402F500034632460120994900960DF030FB2379D6
S21402F510ADF86C000F930028CCD0DDE90E320D98C2
S21402F52003EB42090FF0ECF95FFA89F909F10507D6
S21402F530FFB28742BED239460D9803F051FE1090B4
S21402F54007EB40070D980FF0DBF98742B2DADDE9E8
S21402F5500F321343DBB2002B40F03282002DA9D1CA
S21402F5602F463A460421BDF86C0003F04DFE76E1C4
S21402F570814BBAF13A0F1B7811D948F23B039A45F0
S21402F58008D014E07C4B1B785A070BD5AAF104036B
S21402F590022B07D8FB8843F48043FB808AE7BAF144
S21402F5A01B0F1ED8AAF102039AB2132A5ED9109B29
S21402F5B0494602930F9B5046CDE900530E9A5B468E
S21402F5C009F0A5FF0F287FF475AF0122684B1A7069
S21402F5D0694B1B789B0740F1D982002D7FF46AAFF6
S21402F5E0D8E7AAF11C021E2AE1D801A151F822F09E
S21402F5F015FE0200AFF50200AFF5020035FA020072
S21402F600AFF5020015FB020015FB0200AFF5020083
S21402F610AFF50200AFF50200AFF50200AFF502004B
S21402F620AFF50200AFF50200AFF50200AFF502003B
S21402F630AFF50200AFF50200AFF50200AFF502002B
S21402F640AFF5020045FB020045FB0200B1FD0200D9
S21402F650AFF50200AFF50200CBFD0200AFF50200E7
S21402F66065FE02007BFE020089FE0200132B9ED876
S21402F67001A252F823F000BFC9F6020091F7020079
S21402F680AFF702008DF80200FBF40200AFF50200AD
S21402F690AFF50200AFF50200AFF50200AFF50200CB
S21402F6A0AFF50200AFF50200AFF50200AFF50200BB
S21402F6B0AFF50200AFF50200AFF50200CFF9020087
S21402F6C0AFF5020041FE020000241BAB5A46484634
S21402F6D00E9900931DAB1D948DF86C4009F00BFF3C
S21402F6E00BF00DFB204B05461B78012B03D0022B9B
S21402F6F014BF02240124E8F7B5FA162894BF0020A6
S21402F700012044EA4014F6F725FB1C4B0646B3F8E4
S21402F71000A0FBF79FFA1A4B07464FF6FF70B3F8A6
S21402F7200090FFF741FE174B9DF86C201988124B8C
S21402F7301B7813F002031CBF134B1B780B921D9A07
S21402F740CDE90701CDE9093240234146CDE901431F
S21402F75058460023CDE90579CDE9036A0B4A0095A0
S21402F760FFF7D6FAA6E600BF2E630020738E0400CB
S21402F770EC6300207E8E0400CE620020206D002006
S21402F7801C6D00201A6D0020FA630020958E04007E
S21402F7900BF0B5FAA34BA44A1B88CDE9400300231D
S21402F7A04146584637B0BDE8F04FFFF7B1BAA478E5
S21402F7B01DA9631EDBB2EF2B204610D9F22C0ED009
S21402F7C008F095F982240BF09AFA00234146CDE917
S21402F7D00003964A23465846FFF79AFA6AE608F066
S21402F7E086F9002850D00BF08AFA9DF878209DF80A
S21402F7F07A100492BDF8762049000392BDF8742070
S21402F800C9B2CDE901429DF8792003465200D2B230
S21402F81008320A4400920120002285490DF0A7F919
S21402F8209DF87930ADF86C008DF8673000283FF40B
S21402F83041AE002601230DF167011A461BA8F3F715
S21402F84027FC054600287FF435AE9DF86730EAB2FD
S21402F850934209D89DF87A308DF8673016B1BDF814
S21402F8606C3033E00126E5E73146204608F041F9E0
S21402F8700123ADF8680002221AA91BA8F3F708FCB8
S21402F88001350028E1D015E683249CE70BF037FA11
S21402F890044608F04DF923460090002201206349F1
S21402F8A00DF065F900283FF405AE00252C46ADF8AC
S21402F8B0740008F03DF9EEB2B0420DD8224604219B
S21402F8C0BDF8740003F0A0FCBDF874300022414677
S21402F8D05846FFF71DFAEDE5304608F006F9FF2810
S21402F8E08DF86C000AD0012301341A461BA91DA804
S21402F8F0E4B2F3F7CDFB00287FF4DCAD0135D8E7A0
S21402F9005046B4F8029008F0F0F8FF288DF8680028
S21402F91000F0CF821DA908F0EAF8BDF874304B4516
S21402F92007D04FF6FF72914540F0C3821B0400F1E8
S21402F930C0829DF8793012930E9B0533DBB2139387
S21402F9400F9B1493002311934FF000094B4613E0CC
S21402F95017934900139BC9B219440D9889B20DF04A
S21402F960A9F84FF0000A179B159012995FFA8AF2CF
S21402F9708A4217D309F10109149A5FFA89F1914272
S21402F980E6D39DF87A201292169A1392002B40F034
S21402F9908582119B002B40F08C8201231193109BD1
S21402F9A01493D1E711999DF86800179308F0A1F80F
S21402F9B0159A179B0AF1010A824208BF0123D4E76F
S21402F9C009F106095FFA89F33746169372E2A71C15
S21402F9D039463046A57A09F0EEF801223946304615
S21402F9E0FAF7D4FB30460CF043FE384600F064FFCC
S21402F9F02288824207D04FF6FF72904203D00FF061
S21402FA0083F90CF075FD85F00804C4F3C0042146A2
S21402FA103846FEF7C3FE2146384637B0BDE8F04FFB
S21402FA2009F0A2BD1E6D0020A28E0400738E040093
S21402FA30A68E0400AD4B1B78033B012B7FF63AAD36
S21402FA400BF05DF958453FF435AD09F09CF80B23F1
S21402FA50B0FBF3F24FF47A7102FB13000A3080B265
S21402FA604143A3480FF01CF8F3F7ACFC00283FF420
S21402FA7021AD0123002218469E4994F800A00DF0FD
S21402FA8076F8ADF8680000283FF414AD0026354637
S21402FA9034460E9B1BAF01330E93F2B2524514D37B
S21402FAA0002C3FF407AD01232A461DA91AA8F3F736
S21402FAB0EFFA00287FF4FEAC22460221BDF8680069
S21402FAC003F0A2FBBDF8683000E74FF000090E997C
S21402FAD0D200D2B20A4408230D993846CDF80090D7
S21402FAE00FF0B8FC394648460FF0DEF8FF280FD074
S21402FAF0814B1B5C0F2B0BD997E8030005F1D8034B
S21402FB006B44643B83E8030008350134EDB2E4B28B
S21402FB100136C2E7002D7FF4CDAC18073FF53AADAB
S21402FB20534622464146584603F066FE00287FF4B6
S21402FB30C1AC842341465846704A37B0BDE8F04F00
S21402FB40FFF7E6B823780F9810930CF0D7F9002148
S21402FB500646584604F0BAF9644BBAF1310F1B78E0
S21402FB600746A3F103030BD1012B13D9644B654A55
S21402FB701B7812781344DBB20D9316230E930DE016
S21402FB80012B03D9604B1B780D9353BB002D7FF4DA
S21402FB9091ACCEE701231621CDE90D310024109B4E
S21402FBA02246009301202346584901940CF0DFFFB9
S21402FBB000283FF47FACF61BF3B22646544FDFF81C
S21402FBC05C911193ADF86C000F940D9BE5B2AB42BD
S21402FBD009D832460221BDF86C0003F015FB0F9AD5
S21402FBE0C0E40523CAE7162200211DA8EBF7BCF8DD
S21402FBF0BAF1320F3DD13B7903F00302032A21D139
S21402FC008DF87620109B0136F6B2B34215D2BDF8B7
S21402FC106C000EF075FE0E9B1844119B98420CDC8D
S21402FC2001230E9A1DA91BA8F3F732FA00287FF4C7
S21402FC3041AC0F9B0133DBB20F930134083709F155
S21402FC401209C2E7B9790029DCD13249C3F3C203EB
S21402FC50CB5C1DA8012A08BF43F0010339888DF842
S21402FC6076300FF0F8FA79880DF177000FF0F3FA94
S21402FC70C8E71DA80BF05BFB4FF0FF33CDE91F333F
S21402FC801F4B1B78AB4261D999F804306F2BD4D83E
S21402FC9028461FA9F4F7D0FF0028CED01E4BB9F88D
S21402FCA00020B3F8683092B9003B18BF01235B010D
S21402FCB043F004038DF8863002238DF88730B9F8B6
S21402FCC002301B0A11468DF8893021A8CEE79B1A0E
S21402FCD018BF01235B0143F005038DF8863002232B
S21402FCE08DF887300F238DF88830E8E72E630020E2
S21402FCF034460020B08E0400D26200207145040013
S21402FD002763002026630020706D0020AE8E04005C
S21402FD108A5B002020DB040088540020105A002052
S21402FD200132D2B2551EEDB22846139312920FF04C
S21402FD3043F8DDE9122310F0010FF1D06349097888
S21402FD40611A994205D00133DBB2E9E701220023AA
S21402FD50E8E75F4B1FA918782844C0B2F4F76CFF97
S21402FD6000283FF46AAF284600F076FD1290284637
S21402FD700FF022F810F0010F129A0FD116238DF809
S21402FD808630544B1B780133DBB20F2B28BF0F2370
S21402FD908DF88830504B33F8153092E72846129289
S21402FDA00FF00AF810F0020F129AE7D11223E6E7D4
S21402FDB01A073FF5EFAB23465A4641460F9803F023
S21402FDC073FD00287FF476ABE0E695B1434B1B78D3
S21402FDD0033B012B7FF66EAB0AF091FF18B9BBF11D
S21402FDE0000F7FF467AB207837B0BDE8F04FF5F729
S21402FDF021BE0AF084FF20B1384B1B78033B012B4F
S21402FE0001D8802396E62B4641465846344AFEF7EA
S21402FE107FFFE8E70AF073FFB0427FF44BABA01C0B
S21402FE20F3F7BEFF00283FF445AB0AF068FF04462E
S21402FE300AF065FF2B4B2C4ACDE940032346AFE47C
S21402FE4020460FF006FAFFF7AFFA00283FF432AB6F
S21402FE504090002341465846244A37B0BDE8F04F4A
S21402FE60FEF756BF4B46424659460020CDE940545F
S21402FE7037B0BDE8F04FFEF7D3BD4B464246594673
S21402FE800120CDE94054F3E72B464A464146584600
S21402FE90409437B0BDE8F04F09F06BBB01231AA9B6
S21402FEA01A461BA8F3F7F4F800287FF403AB0137D1
S21402FEB0FFB2013607F03CFE5FFA86FA50453FF67F
S21402FEC01FAD002F3FF44AABFFF74BBB2763002062
S21402FED06B6D0020E1630020125C00202E63002080
S21402FEE071450400B0630020B38E04007E8E0400C9
S21402FEF0F8B5164B04461D88154B20F8025B1968A8
S21402FF0079B10822EAF782FF124B0C201B78124EB8
S21402FF10A372124B19780023DAB2914205D8FF2257
S21402FF2009E0C4F802104160EEE7013300FB03F774
S21402FF30F75BAF42F0D10A4BE2721B782373094B90
S21402FF401B786373084B1B682361F8BDAC5C00200A
S21402FF50A4550020FB630020AC580020656D0020ED
S21402FF60DD630020DC63002090550020F0B589B0E8
S21402FF7006460C4615460CF06FFF0DF10A020146C6
S21402FF8030460CF001FE144F0346F0B901223A70D7
S21402FF902288BDF80A102AB102460090072006F011
S21402FFA079FD90B103A8FFF7A3FFBDF80A000EF093
S21402FFB0A7FC0646BDF80A000EF086FC2146009015
S21402FFC0F3B2284603AA08F028FE0023034A3B7031
S21402FFD0136009B0F0BD00BFFC630020A4550020EA
S21402FFE073B5ADF806000DF106000AF015FD0146E0
S21402FFF008B102B070BD0DF106000AF056FD0446C7
S2140300000EF062FCC67A002EEDD120460CF0EBF91A
S214030010FF28E8D00EF0B8FE054BD3F88850002D25
S214030020E1D03346224641213046A847DBE700BFEE
S2140300308854002073B5002200210C2000F0C2FC77
S214030040002119480FF069F901250446164E84B1BC
S21403005020460CF0C8F9FF2805D1214630460FF09C
S21403006080F90446F3E704220023009500F07EFCA3
S214030070F3E721460D480FF050F9012504460B4ED1
S2140300800CB902B070BD20460CF0ADF9FF2804D0C1
S21403009008220023009500F069FC214630460FF045
S2140300A060F90446ECE700BFB05C0020B25C0020B9
S2140300B02DE9F84F10460E46174699460AF08DFB73
S2140300C0254A264B0021B0F5006F14BF904698468C
S2140300D040460FF022F94FF0000A0446DFF880B0DE
S2140300E00CB9BDE8F88FBC4228D120460EF0ECFBD5
S2140300F0857A80F80BA0013DEDB2857216B13F2ECE
S21403010000D02DBB0EF0D2FE054620460AF065FB56
S214030110B0F5006F4FF00002214615D10F480AF0E4
S214030120E3FCFFF787FF28460EF0BBFEDBF888509C
S21403013025B14B463A4631460020A847214640465D
S2140301400FF00FF90446CBE703480AF0CDFCEAE7C5
S214030150FFF770FFF2E700BFB25C0020B05C002040
S2140301608854002000232DE9F34706460F464FF632
S214030170FF78284CDFF8A090ADF8063020460AF04A
S2140301804BFC054648B9294620460FF0C6F882467A
S2140301900EF09AFB0389B34217D94C4501D1FFF7FA
S2140301A049FF002120460FF0B8F8054607F1FF3A4D
S2140301B05FFA8AFAD5B94C4516D1BDF80600FFF7A3
S2140301C00FFF404602B0BDE8F0877B1EDBB2FD2B77
S2140301D0D4D9294620460AF068FC2A4651460DF132
S2140301E006000FF0A0F8C9E74C46C7E7BAF1FD0FC3
S2140301F009D928460EF068FB03899B1B9BB29845DA
S21403020028BF98460381294620460FF0AAF80546DC
S214030210D0E700BFB25C0020B05C002008B50EF04B
S2140302202EFF0B4AFF2113881080C31A98B2FFF7DC
S21403023099FF4FF6FF7301469942064803D1BDE87E
S2140302400840F2F7D1BFBDE808400EF029BC00BF56
S214030250B45C0020706C0020174B00282DE9F04199
S214030260164D18BF1D460F4628464FF000010CBF1B
S2140302704FF008084FF002080FF04FF8044610B985
S2140302802046BDE8F08120460EF01EFBC37A0646E4
S21403029023B1214628460FF064F8EFE720460AF01C
S2140302A0CBFA424601463846EBF7AAF80028F0D1C7
S2140302B0B378002BEDD1E3E7B05C0020B25C0020FE
S2140302C0014B1860704700BFA855002010B50446C0
S2140302D00548F2F789FF0023044A1380044A138073
S2140302E0044B1C8010BD00BF706C0020B25C002065
S2140302F0B05C0020AE5C002008B50448F2F784FC2E
S214030300BDE808400248F2F77FBC00BFB25C00209D
S214030310B05C00202DE9F341044688460EF0AFFE9C
S214030320324B074620461E880CF05DF805462046ED
S2140303300AF053FAB0F5006F32D1FF2D06D0012331
S214030340042200932846002300F010FBB8F1000FA8
S2140303501DD10EF0ABFD2146054625480AF061FB8C
S21403036028460EF09EFD23480FF005F8224BA8B34F
S2140303701988711A17FA81F086B220460EF0A4FA8D
S214030380032306818372002002B0BDE8F0810EF0DD
S2140303908DFD00222146054615480EF0C4FFDFE713
S2140303A016480AF070FB04281ED8FF2D06D001233A
S2140303B0082200932846002300F0D8FAB8F1000F6D
S2140303C005D10EF073FD214605460C48C6E70EF030
S2140303D06DFD0022054621460848DEE731460548FE
S2140303E01F800EF05DFBC8E71C20CDE7AE5C002047
S2140303F0B05C0020706C0020B45C0020B25C00206F
S2140304002DE9FF4708460C460AF0CCF900F480585D
S21403041020460AF04DFA054620460AF020FAB0F5C3
S214030420404F1BD1B8F1000F14D029460020FFF728
S21403043013FF054670B10EF047FA0023404A817851
S2140304400446009218462A460193F1F7A5FF08B919
S2140304500123E372012004B0BDE8F08728460EF0BE
S214030460F8FE81460EF050FCFF28074637D00125DC
S214030470A0F12006C0F12003324925FA03F305FA5A
S21403048006F61E438540D1E900232A433343C1E9D8
S21403049000230EF053FC044638B138460EF08CFCAD
S2140304A010F00C0F14BF01240024B8F1000FD1D0B4
S2140304B04FF0000A03A90120ADF80C90FFF7CCFE1D
S2140304C081460EF001FA8046B9F1000F1ED1BAF14B
S2140304D0000F14D1FF2FBDD0002CBBD128E01A4B40
S2140304E01B684BB148469847044628B1B8F1000F3D
S2140304F0B0D000252E46DBE7B8F1000F01D100206F
S214030500A9E7002501242E46A246D3E774B10023AB
S2140305100B4A8178009218464A460193F1F73CFF4E
S214030520002897D1012388F80B3093E7FF2F91D04B
S214030530064BD3E9001229433243C3E9001289E785
S214030540B100030060160020A855002058160020AE
S21403055038B504460AF041F9054620460AF06CF918
S214030560A5F500630446014658425841FFF774FE5A
S214030570B0B9B5F5006F01D0002038BD20460EF0A7
S21403058068FE0EF0C1FBFF28F6D0064B00B21B68D0
S21403059033F8100000F4E260003818BF0120ECE7DF
S2140305A00120EAE7AC5500202DE9F7434FF0000998
S2140305B00746ADF804900EF0FFFB10F00C0F29D0A1
S2140305C04FF00208154D2B88A5F80090ADF80630BD
S2140305D00DF106000AF020FA044630B1B8F1010F17
S2140305E014D04FF001080E4DEDE721460DF106003D
S2140305F00AF05BFA06460BF0F6FEB8422246314690
S21403060014BF284601A80EF08EFEE1E7BDF80400ED
S214030610FFF7E6FC03B0BDE8F08300BFB25C002042
S214030620B05C00202DE9F04FDFF8208185B0D8E9D3
S214030630003213437CD105B0BDE8F08F02EA040113
S21403064003EA0700014327D022EA040223EA07034A
S214030650C8E90023DAE9002304EA020507EA030CE3
S21403066055EA0C056FEA04006FEA070124D1304609
S2140306700EF0A2FBC2070FD530460EF085FBDBF863
S2140306809C30002B45D11D46304600F0E5F8DBF8DC
S21403069084300BB12946984724197F4109F1010993
S2140306A0284B5FFA89F61B78B342C4D9D8E90023EE
S2140306B052EA0301C2D1BEE702400B403046CAE904
S2140306C000230EF079FBC307E6D51F4B30461B68A5
S2140306D033F8163003F48873102B10D00EF054FB47
S2140306E0DBF89C3013BB1D460123102200933046D3
S2140306F0002300F03BF90020F1F7BCFDC4E70EF041
S21403070043FBDBF89C300125002BBDD0012203956B
S21403071002E000252A4603950392002130469847B7
S214030720039A002AB0D0002DAED1DDE70025EDE711
S2140307304FF0000901244F46DFF814A0DFF814B089
S214030740AEE700BFA86D0020AC5500206016002061
S2140307505816002088540020F8B50346084613B3FD
S21403076009B3402A1FD8114900260B6010490027F9
S214030770086010494FF0FF350A7000210C46043319
S214030780914205DB00215200EAF7EEFA0020F8BD9D
S214030790C3E9036703F8044C23F8024C1D605D604D
S2140307A001311833ECE72120F1E700BFB0550020F4
S2140307B0AC550020A86D0020F0B5144CDDE90567A4
S2140307C02568EDB1F0B91248007888421AD901EBD2
S2140307D041014FEAC10C05EBC10415F8311011B9FC
S2140307E02169C90710D4002005F80C0062801A6836
S2140307F046F0010662605A68C4E90467A260F0BD69
S2140308000220FCE72120FAE72E20F8E7B055002067
S214030810A86D00200E4B30B51A68A2B10D4B1B789D
S214030820834212D900EB400002EBC003C100002450
S21403083000200025C3E9044550544FF0FF3258808A
S2140308405A609A6030BD0220FCE72120FAE700BF19
S214030850B0550020A86D0020094B1B6863B1094AF8
S2140308601278824208D900EB400003EBC0031A69F2
S214030870D20701D5588870474FF6FF70704700BF00
S214030880B0550020A86D0020094A0346106870B1D1
S214030890084A12789A4209D903EB430300EBC303D1
S2140308A0186910F0010002D0181D70470020704729
S2140308B0B0550020A86D0020F8B50E4B05461C6801
S2140308C034B128B100260C4B1F78F3B29F4202D8EE
S2140308D04FF6FF7009E008222946201DEAF790FD2F
S2140308E020B92369DB0701D56088F8BD01361834C3
S2140308F0EBE700BFB0550020A86D00200C4B1B682B
S2140309009BB14FF6F77291420DD80A4A127882428B
S21403091009D900EB400003EBC0031A69D20704D5DC
S214030920002059807047212070470220704700BF7F
S214030930B0550020A86D00200A4A0346106878B117
S214030940094A12789A420AD903EB430300EBC30021
S214030950036913F0010003D0C3F3001070470020AF
S214030960704700BFB0550020A86D002070B51C4628
S214030970124B9DF810601968D1B1114B1B78834256
S21403098018D900EB4000551E01EBC0012543D1E901
S214030990040301D0C5070FD52EB110432343C1E985
S2140309A00403002070BD20EA020023EA0403F6E7EE
S2140309B00220F7E72120F5E72D20F3E7B0550020C6
S2140309C0A86D0020134BF0B51B6803B300266FEA2F
S2140309D0000C6FEA010E104C2778F4B2A74201D838
S2140309E00020F0BDD3E9044514F0010F07D014F03E
S2140309F0020F04D132B104430D43C3E90445013663
S214030A001833EAE70CEA04040EEA0505F5E70220C4
S214030A10E7E700BFB0550020A86D00200B4B70B56C
S214030A201B682BB100240A4A1678E2B2964201D814
S214030A30002070BDD3E9042502400D402A4304F18B
S214030A40010403F11803F0D00120F2E7B0550020AB
S214030A50A86D00202DE9F0470026FF27B246164D65
S214030A60DFF8588098F800305FFA86F94B4502D8CD
S214030A703846BDE8F0872B792F2B0FD928460AF086
S214030A806DFB2B796C7903F0070304F003048342B0
S214030A902CBFE4182418E4B2A24506D95446B94636
S214030AA0A2464F4612350136DCE7288801F0A6F841
S214030AB00028F3D1F4E700BF105A00202763002074
S214030AC02DE9F04F89B0814609F0DCFE02904846D6
S214030AD00CF0CDF80024411C054689B2484602F0C6
S214030AE07FFBA246A346A046274600F01F0002351A
S214030AF000EB4000EAB27D4E50FA85F5EDB2AA420D
S214030B0074D9DFF8FCA19AF8003033B1A400E4B23C
S214030B10B4FBF3F4042C08BF03240298F3F7C4FDD4
S214030B20054600283CD1FFF795FFFF285BD0704BA6
S214030B3005B2049018780AF0F8FA87422CBFE11938
S214030B402118002F14BF01230223684E05EBC505A9
S214030B5006EB450553FA81F3284603930AF0FEFA9B
S214030B6095F804C06B790CF0070103F00303884281
S214030B702CBF1B185B18039ADBB29A4233DA049A2B
S214030B802FB921B19AF80030033B5B452BDC1046A6
S214030B9002990AF08BFA05B205EBC50506EB450587
S214030BA02B791E09002F00F08180394628460AF06B
S214030BB0FFFA032128460AF001FBB8F1000F09D11A
S214030BC0002E40F0868007F0DEFFC0F30B01494895
S214030BD00DF066FF6B79484623F003031C446C71E3
S214030BE009F0E5FDA87309B0BDE8F08F50D0424B7D
S214030BF049461B8807A8ADF81C304FF000038DF854
S214030C001E3000230093032303920EF023FC9DF86B
S214030C101E30BDF81C101B09039A18BF08F1010803
S214030C20CDE9041318BF5FFA88F803920AF067F851
S214030C300499039A8842059B03D19DF81E7007F01A
S214030C400F072E4890F800C016E016F80E0C10F0AA
S214030C50070003D00BF1010B5FFA8BFBAA4207D008
S214030C6036F812EC8E4503D113B108B10134E4B261
S214030C700AF1010A5FFA8AFAAA4206F112060BD1B2
S214030C80D4450FD916F80E0C10F00700E2D1EFE7A3
S214030C9000234FF6FF71D4E736F8120C884201D8CA
S214030CA0D445D2D80332123ED2B228E7022E14D944
S214030CB05B0707D0394628460AF080FAB8F1000FDA
S214030CC081D087E7032128460AF078FAB8F1000FA7
S214030CD080D1062E3FF677AF7CE7314628460AF0EA
S214030CE06DFA58EA06063FF46EAF73E7105A002013
S214030CF0DD6300207446002028DB04002763002001
S214030D006B6D00202DE9F0430823002485B08DF891
S214030D1008300646022301214FF6FC70CDE9004455
S214030D2002AA0BF080FFADF80A00D8B12746DFF819
S214030D30A080DFF8A09099F80020E3B29A4224D866
S214030D40BDF80A4020460BF092FF411C47F06002B4
S214030D50204689B202F058FA0022BDF80A0011466E
S214030D60F4F736FA07F00FFF184AC0F30B011378AF
S214030D7001F55A51013113B1013B8908137030460E
S214030D8005B0BDE8F0430DF08BBE18F80E5C6F2D72
S214030D9017D8404630F8123D2D01ADF80C300AF056
S214030DA0DDF905F0700528448DF80E0001230322B3
S214030DB003A90DF10A00F2F76BF90028D2D1013727
S214030DC0FFB2013408F11208B5E700BF2363002021
S214030DD0225A00202763002010B5054C2046F2F760
S214030DE003FA2046BDE8104000210DF059BE00BFAF
S214030DF0744600202DE9F0432A4D87B0F6F7F8FB3A
S214030E002A7829492948FFF7A7FC09212A78284880
S214030E10E9F7AAFF0026244FDFF89C80DFF89C90B2
S214030E202B78F4B2A34202D807B0BDE8F08304F5EA
S214030E3082300B2203A900F5C070DBF729FE4FF6BC
S214030E40F670BDF814209DF81630511E89B2814203
S214030E5015D80020C3F3C003DB1840EB0001CDE92F
S214030E600031214603ABFFF7A7FC0028DCD14FF483
S214030E70805327F8143048F8240029F8140004F5A2
S214030E80833001220DF10A0100F58070DBF700FEC6
S214030E90BDF80A20064B01361A558022054B1A5513
S214030EA0BEE700BF726D0020205C00208013002088
S214030EB0D26200201463002018450020125C002034
S214030EC010B50A4B1C780DF01FFFFF280DD0012C20
S214030ED038BF0124064A230232F8101019B101EB79
S214030EE01313A3EB111322F8103010BDDD6300209B
S214030EF0125C00202DE9F047002506460F46AA4659
S214030F00DFF84490DFF8448099F80030ECB2A3424F
S214030F1002D85046BDE8F08720460DF04DFFC207C5
S214030F200CD520460DF048FF830707D438F8143055
S214030F3037B133434FF0010A28F814300135E3E79D
S214030F4023EA0603F6E700BF726D0020205C00204C
S214030F5010B5084B084A1C780023D9B28C4201D836
S214030F60002010BD32F8021B013330EA0101F4D130
S214030F700120F6E7726D0020205C0020F0B50C46D9
S214030F804FF6F77187B08A4286461D469DF8306055
S214030F9002D9002007B0F0BD596818680DF10C0C93
S214030FA0ACE803002C49ADF814200978A142F0D927
S214030FB000218DF81660B61006F002060191704601
S214030FC021460096FFF7F8FB0028E2D1234B244A7C
S214030FD043F824009DF83830224E1B0222F81430C2
S214030FE04FF4A04304F582300B2226F8143003A9ED
S214030FF000F5C070DBF778FD9DF834301A4913F01E
S214031000040F17BF0123194B0B5536F814300CBFCA
S2140310101B7843F0080304F583300CBF0B5526F802
S21403102014300122214400F58070DBF75DFD0021BA
S2140310300F4B104A1B782846234442F82310E7F741
S21403104013F80D4B1855284607F0E8FE0B4A012007
S2140310501378013313709DE7726D00201845002046
S214031060125C0020205C0020D26200205B6D002012
S2140310706B6D002044440020146300202663002088
S214031080054B1B78834206D90021044B044A1B7880
S214031090034442F823107047726D00206B6D0020E6
S2140310A044440020074B084A18780023D9B28842E4
S2140310B000D870471188013321F4805122F8021BAF
S2140310C0F4E700BF726D0020205C002030B585B0C9
S2140310D004460D46E6F7C0FDA04202D8172005B029
S2140310E030BD20460DF068FEC007F7D504F5823004
S2140310F00B2201A900F5C070DBF7CAFC9DF80E2091
S21403110001AB03CB69609107286030D412F0080F57
S2140311100CBF042303232B722046FFF79DFB154BBE
S21403112068811B5D20466B730DF02EFE124A2873F2
S214031130135D4FF47A7103F00F03AB73135D002056
S21403114013F00F031FBF03F1FF32022393403C2229
S21403115018BF5343094A08BF0A2352F82420B2FB98
S214031160F1F29A422CBF00239B1A2B61B7E70223A6
S214031170D1E700BF14630020D26200201845002088
S214031180F8B51F4E04463378834237D0FFF764FB27
S2140311904FF6FF77B84231D020463470FFF704FA93
S2140311A02046FFF759FB054609F0A9FD0123014632
S2140311B01A4628460BF0F4FE2046FFF72BFB05469F
S2140311C0E0B9104A1378013B1370F4F7B5FB2946D0
S2140311D020460BF06CF980220B4B204623F8145064
S2140311E00A4B1A550A4B23F8145009F013FD2A46E6
S2140311F0394611200DF0F6FFFF233370F8BD00BF0C
S214031200A96D002026630020205C002014630020C4
S214031210125C00202DE9F04F0E4615464FF00009EC
S2140312208BB01F469DF854309DF850A0DFF84CB1A4
S214031230049005939BF800205FFA89F4A24207D82E
S2140312404FF6F7739D421CD817F0020B3FD01AE0F7
S2140312502046FFF701FB804604F582300B2207A9E0
S21403126000F5C070DBF714FC4FF6FF727EB99045AD
S21403127016D14FF6F7729DF82630954203F0EF032A
S21403128011D94FF6FF7528460BB0BDE8F08F904591
S21403129006D00822304607A9EAF7B2F80028E8D0B5
S2140312A009F10109C6E79F4207F002082CD0F3F7BD
S2140312B00FFC002857D12D4B2D4A1B78234412F8D8
S2140312C023B020460BF014F9B8F1000FDBD1E6F794
S2140312D0C3FC284B1B788342D3D0002108460DF06D
S2140312E0E3FCFF280446CCD0059B0146CDE901A3C9
S2140312F02A46334604980097FFF740FE0028C0D0DE
S214031300F4F71AFBD8460FE02046FFF7A5FAA842E3
S214031310CDD1B8F1000FB6D13046E6F7A5FE164B91
S2140313201855304607F07AFD514620460BF093F8E1
S2140313302046FFF791FA054609F0E1FC0023014633
S214031340012228460BF02CFEF3F7C2FB28B9074B05
S214031350074A1B78234442F8238020460BB0BDE897
S214031360F04FFFF779BA4FF0000BAAE76B6D00203A
S214031370444400202663002014630020726D00207E
S214031380F8B50026104F3C78F5B2AC420FD80025CE
S2140313900E4B6400224629460D481D70E9F7E4FC0F
S2140313A022462946BDE8F8400A48E9F7DDBC284648
S2140313B0FFF7FAF8002128460BF079F82846FFF7DE
S2140313C029FA0136DFE700BF726D0020266300208E
S2140313D0205C0020125C0020024B80211A78024811
S2140313E0E9F7C2BC726D00201463002038B50DF017
S2140313F08BFCFF28044616D00B4D35F810301B0720
S21403140011D50A4B0A491B7801220B54014400F5F7
S214031410833000F58070DBF767FB35F8143023F074
S214031420080325F8143038BD205C00205B6D0020CF
S214031430D26200202DE9F04F794B05461B7889468A
S214031440022B17468BB004D0002630460BB0BDE8FF
S214031450F08F0DF0F8FF06460028F5D14FF6F97326
S2140314609D4262D04FF6F8739D4276D02B0A2846EB
S2140314700DF11E018DF81C308DF81B50F2F708FC99
S214031480002814BFB0464FF02008B34614BF062307
S2140314900E23022229463846039300F0EBFC012272
S2140314A00446039B002840F0B880DFF880A18DF83F
S2140314B018209AF800204946CDE900008DF81A2036
S2140314C08DF81D0006AA4FF6FC708DF819800BF0F8
S2140314D0AAFB81460028B7D009F011FCB8420FD00A
S2140314E0484609F06CFA394604300DF0B4FE384627
S2140314F004A90AF067FF70B1484604A90BF021FC63
S214031500484B1B78033B012B2BD84FF6FF714846FD
S2140315100AF02AF806469AF80030FF2B0EBF01237E
S2140315200133DBB28AF800308FE74FF008084FF03C
S214031530200B3C4B1B78033B012B85D909F0DFFBC3
S214031540B84281D109F0DBFBFC238DF81B30FF2367
S21403155005468DF81C3006239BE74FF01008C3465C
S214031560E7E70BF08EF880460028D4D009F0C7FBD7
S214031570A8422DD12C4B1A7852BB03214846F3F7C9
S21403158027FE0028C7D09AF80030A8F8007088F81D
S2140315900430002388F8053088F8083009F0AFFBDC
S2140315A0A84202D1204B1B7853B109F0A8FBB842DE
S2140315B006D12CB1237923F0030343F001032371EF
S2140315C000224FF6FF710C200DF00CFE0126A2E759
S2140315D05946284608F1070200F078FC044600281E
S2140315E099D0002203214846F3F7F2FD0028CAD11A
S2140315F0237903F00303012B8DD109F080FBA84266
S21403160003D1094B1B78002B85D0237943F00303C2
S21403161023714FF6FF7323807DE7164615E700BF59
S2140316202D6300202E630020AA6D0020FD6300209A
S21403163037B50E4B05461B780C46033B012B11D9D9
S214031640E6F72EFB01280FD0821E53425341590161
S21403165028460DF1070200F039FC18B1002144803A
S2140316600AF0F6FF03B030BD1021F1E72E63002029
S2140316702DE9F0438BB0857AB0F8069004460E4603
S214031680174609F03CFB8145804605F0400541D1ED
S2140316900021608809F077FD0246002E44D1082316
S2140316A004A9C14501EB03060CBF234902A9086838
S2140316B0496803C6A2B3022100268DF8172001222B
S2140316C08DF81010217A45F020058DF81210A188A8
S2140316D008338DF81310090A8DF81410E188CDE944
S2140316E000268DF81510090A8DF816106088314605
S2140316F004AA8DF811500BF096FA054680B161885E
S21403170009F094F879003246284601F0FE01F3F713
S2140317105FFD06E0E08802A90AF054FE0028B7D170
S21403172000200BB0BDE8F0833068716806AB03C3D6
S21403173045F010051023B3E7B06300202DE9F74307
S21403174089461E460746904609F039F900210446A5
S214031750304609F018FD054609F10701384601F041
S2140317602DFD7DB1B8F1000F02D103781D44EDB213
S214031770057063781A0716D569463046F2F788FA75
S214031780024618B1002003B0BDE8F083082168467E
S21403179009F047FA0028F5D120460BF0A5FA0822EF
S2140317A06946E9F733FB09F0AAFA0146201D0DF056
S2140317B052FD6378DB0603D538460C490BF0C1FAB5
S2140317C03146A01C0DF047FD3146384609F02EF889
S2140317D0074A13780133DBB21370E371A3790BB1B5
S2140317E00120D0E70123A371FAE700BFB06300200E
S2140317F02B630020FF232DE9F04F8FB0814616465A
S21403180005918DF822301AB301230BAA0AF093FE32
S2140318109DF836500446EF0625D50027059BBDF8F0
S214031820308003F108024946D2B20823009709A87C
S214031830CDE909770DF00EFE3A46404609A9F8F7BA
S214031840A5FC002840F08C80A90627D510220DE0C1
S21403185013460BAA0AF06FFE9DF836500446A806F8
S21403186063D5062202E0AA0618D5082200230599A6
S214031870BDF832700A44CDE9093349460093D2B223
S214031880082309A80DF0E6FD384686F0010209A9EB
S214031890F8F77CFC002863D1002E46D0BDF83070E4
S2140318A009F02DFA874249D038460DF0CCFD804624
S2140318B0002E45D1BDF82EB00021584609F063FC32
S2140318C0BDF82C300390184606930DF0BCFD064673
S2140318D009F015FA069B834242D0B64B1B78033BAE
S2140318E0012B3DD915F04003049339D1039B0BB963
S2140318F0002E35D09DF83570039B05F018051F4460
S214031900FFB2082D8DF835706CD120230493002C7C
S21403191040F041810AF0B5FE054608B3002E40F0BC
S214031920B28033460126B24674E0BDF8327009F041
S214031930E6F98742B8D14FF00108BBE74FF001083C
S214031940002C43D09C4BE279678803EBC20633F83E
S2140319503220BDF832309A4205D04FF6FF7323800B
S2140319600FB0BDE8F08FBDF82EA0B8F1000F08D079
S214031970002130460AF06CFEA6F802A00AF07AFBB5
S214031980EEE7BDF830000AF06BFE054641463046EA
S2140319900AF05EFEA6F802A0884E2DB14146284600
S2140319A00AF056FE63886B800AF064FB3378002BDC
S2140319B0D6D03B46002248460599FFF7BFFE0028CF
S2140319C0CED03946484609F0CFFDC9E70AF052FBA8
S2140319D07A4B1B78002BC3D0B8F1000FC0D14FF65B
S2140319E0FF77E6E7102D01D1049590E7B8F1000FD5
S2140319F08DD1002C3AD0C2460021BDF832000DF13D
S214031A00220200F063FA03460028A9D0002E40F015
S214031A10CA8025460499BDF830000DF123020793CA
S214031A2000F054FA044600289AD0644A079B1278BA
S214031A30002A78D0BAF1000F26D102462C466179E7
S214031A40B9427ED92546A4F802B067711446002B26
S214031A5000F09E809DF82230EA799A4200F0988042
S214031A60002E40F08E80EB7100253FE00AF009FE61
S214031A70044600283FF474AF4FF0010ABCE7002287
S214031A8001261346DBE70126B8F1000F1ED107F047
S214031A907AF87E23B0FBF3F202FB130005993A466D
S214031AA005315FFA80FA484601F0AEFB4FF6FF7148
S214031AB0484608F0BBFE039B032B2CD9AAF17E0AEB
S214031AC0022148465FFA8AF2F3F782FB069BA5F8E3
S214031AD002B02B809DF834306F712B7100232B726C
S214031AE0002E42D19DF82230EB710125B8F1000F8C
S214031AF03FF436AF484609A90BF003F900283FF434
S214031B002FAF2A4609A90BA8FFF7B2FD28E7002640
S214031B1025463446BBE7039B012B94BF0AF1020A12
S214031B200AF1420ACCE7BAF1000FCFD16979B9427C
S214031B3009D9A5F802B06F71002B8BD1002E93D074
S214031B4024E025461446049A002A3FF409AF8F4240
S214031B507FF406AF039307F016F883077FF400AF0E
S214031B60039BA5F802B06F7171E7FF23EB71002C9E
S214031B70BBD001252379A4F802B023F00303237115
S214031B80B4E7FF23EB71002C3FF46EAF0025F1E7BB
S214031B90002CD3D168E7002E7FF471AFB2462546FA
S214031BA00126534636E7BAF1000FB0D156465246E1
S214031BB045E700BF2E6300208A5B0020716D00207E
S214031BC070B50C4B4FF6FF751C78002302460A4887
S214031BD09C4201D1002005E00688964206D1AA421F
S214031BE001D10B7070BD8679002EFAD00133083010
S214031BF0DBB2EDE7706D00208A5B0020002210B593
S214031C000A4B1C780A4BD1B28C4201D8002010BD77
S214031C105988814204D11979890701D1997911B17B
S214031C2008330132EFE70120F1E700BF706D0020B3
S214031C308A5B002010B5084B01461C780023074A30
S214031C40D8B2844201D8FF2010BD914203F10103AC
S214031C50FAD00832F4E700BF706D00208A5B0020DC
S214031C6038B50446FFF7E6FFFF28054603D13F21B4
S214031C700B480DF010FA4FF6FF7320462380A3712E
S214031C8003210AF0E5FC074B07481A7800210732C0
S214031C90D21002FB0500BDE83840E9F765B800BF7F
S214031CA0B78E0400726D002003630020F8B5044667
S214031CB00026124D124F3A78F3B29A4209D8002200
S214031CC04FF6FF710F4B1D780F4BD0B285420BD8E2
S214031CD0F8BDFF2C02D0AB79A34202D12846FFF70A
S214031CE0BFFF08350136E6E7FF2C02D0187AA0427C
S214031CF001D1198019720A330132E6E78A5B0020A4
S214031D00706D00206F6D0020625B0020FF28F8B521
S214031D1004462CD0164B1B78834203D880211548E3
S214031D200DF0B9F94FF6FF75134A32F8341002EB8B
S214031D30C4000379A94203F0030318D0012B16D17C
S214031D4000220E4B1F780E4BD6B2B74203D8BDE81F
S214031D50F840FFF785BF1E88AE4205D093F807C04C
S214031D60A44504D0B14202D00A330132ECE7F8BDF1
S214031D70706D0020B78E04008A5B00206F6D002014
S214031D80625B00202DE9F74304F0C0F9324B1B7861
S214031D90033B012B21D9314B1D88451BADB2E5B161
S214031DA018804FF6FF7700202D4A13782B44C3F391
S214031DB0C81403F07F0313702A4B2B4A1E78C3B252
S214031DC09E420DD800264FF6FF77284CDFF8A090EA
S214031DD099F80020F3B29A4216D803B0BDE8F08310
S214031DE01388BB420DD0137999070AD104EB9311DC
S214031DF0022928BF022103F03F0389B243EA811375
S214031E00137108320130DAE734F80A8CB84506D085
S214031E1014F8043CAB4205D95B1B04F8043C0136BA
S214031E200A34D5E708F06BFF804534F80A3C04F81B
S214031E30027C24F80A7C09D018460DF10701FFF747
S214031E40BFFE18B19DF80700FFF760FF14F8030CF8
S214031E50FFF75CFFE3E700BF2E630020B65C0020BD
S214031E60FE630020706D00208A5B00206C5B002000
S214031E706F6D0020F0B500244FF6FF770346104839
S214031E80DFF844C006780F48E5B2AE4201D800201A
S214031E900FE005889D4210D13AB1012A16BFC579D5
S214031EA005793CF83550A94207D1BB4202D1142329
S214031EB08371F0BD057A002DFBD00A300134E3E7C9
S214031EC06F6D0020625B00208A5B0020F8B50D462C
S214031ED0114607461646FFF773FE002836D102461C
S214031EE04FF6FF7C1E4B1F4C1978D3B2994206D887
S214031EF000231C4C8B4221D1F8BD0834F5E7B4F817
S214031F0000E00132E645F8D13370012327802371C0
S214031F100021A17165B1144B45F008051A782571A7
S214031F20D31DDA103078114B02FB0030E8F71CFFA4
S214031F302379204603F03F032371DDE722799209D4
S214031F40022AE1D001330834DBB2D3E7037904462F
S214031F509A071EBF23F0030343F001030371D7E779
S214031F60706D00208A5B0020726D002003630020E2
S214031F7073B50DF107010546FFF722FE40B103795D
S214031F809A0705D113F0300404D043F0030303711A
S214031F9002B070BD28460AF06BFB094B4FF6FF7183
S214031FA01D7823469DF80760064AD8B28542EFD9C6
S214031FB0D0790133B04204BF118011720A32F4E7BC
S214031FC06F6D0020625B002030B50A4BCC081B788F
S214031FD0094D0733DB1000FB0340012301F0070123
S214031FE08B402C5CDBB212B11C432C5430BD24EA6C
S214031FF00304FAE7726D00200363002070B50B4BF1
S21403200004461B78834204D840F24B2108480DF05F
S21403201042F80025074E3378E8B2834200D870BDF5
S21403202000222146FFF7D0FF0135F4E7726D00204A
S214032030B78E0400706D0020FF2810D0FF290ED045
S214032040084BCA081B7801F007010733DB1000FBB7
S2140320500323054AD05CC84000F001007047002007
S214032060704700BF726D0020036300200148F0F73D
S214032070CBBD00BFB85C00202DE9F0471E464D4B94
S2140320808CB01B681546074688469DF8509003F0AB
S214032090080A08F034FEA8423FD1B9F1000F14D065
S2140320A06EB9ADF806603D460424224641462846EE
S2140320B00AF07AFB00F001000CB0BDE8F0870023BD
S2140320C0ADF806303D4606243AE038460CF01CFED2
S2140320D0FF28044605D0F2F7FBFC10B12046FEF7B6
S2140320E0CFFF96B10023ADF80630F8F7FDF80028C9
S2140320F0E8D0062440460DF1060202A909F0E8FCE2
S214032100D8B94046F8F7F8FA17E0ADF80660F8F7DE
S214032110EBF80028C7D00424ECE73EB3BAF1000F6F
S2140321202ED000230B24ADF80630B9F1000F0AD1E8
S214032130F8F7DAF82F460028DCD13D46002EB4D057
S214032140BAF1000FB1D004F00402414642F0110286
S21403215028460AF029FB22460646414628460AF048
S21403216023FB002814BF30460020A3E7BAF1000F74
S21403217014D00124ADF80660B9F1000F95D1D7E766
S2140321800B24284602A9F1F783FD074668B902A87F
S21403219007F068F920B9ADF80600EDE70124F0E78B
S2140321A044F00204ADF80670E6E70023ADF8063007
S2140321B0E2E700BF084700202DE9F0471E46744BB0
S2140321C08CB01B7807460D461446DDF85080002B6E
S2140321D03ED008F094FD30B36E4B1B68980722D4AC
S2140321E04FF6F7739C4233D843463A463146204669
S2140321F0FBF7F2FE08F083FD854200F0C58030460B
S214032200FEF75AFBA04203D10CF07EFD0AF070F9EC
S214032210BA1E534253412946002220460CB0BDE85D
S214032220F0470AF0BDBEE7B1F91ED1F1000949EB4C
S21403223001094FF6F7739C4216D90321204606F090
S214032240B3FC03233A4631462046009506F09BFD31
S21403225008F055FDA84200F097804FF6FF739C42A6
S214032260CBE74FF00109E4E72B463A4631462046D2
S21403227004F0D1FB2146CDE900082B46324638460A
S21403228007F040F980460146204606F08DFCB8F17B
S214032290000F61D1B9F1000F12D100233A4631463F
S2140322A02046009506F06FFD88F001032A46314666
S2140322B02046CDF8009003F00103FFF7DDFE99E713
S2140322C0002FEAD003AA9246334B03F1100E94462E
S2140322D0186859680833ACE8030073456246F6D1BC
S2140322E007A806F0ACFD0323306871688DF81C3030
S2140322F008AB03C39DF8293007A843F002038DF803
S214032300293006F0C7FE90B13068716808AB03C386
S214032310042307A88DF81C3006F0BCFE38B1022350
S21403232007A88DF81C3006F0B5FE0028B5D1514637
S21403233007A806F0EFFE0028AFD0F4F795FB0028B9
S214032340ABD103233A4631462046009506F01BFDE3
S21403235008F0D5FCA84250E743463A4631462046A5
S214032360009506F010FDB8F1010F9DD0B8F1020FED
S2140323707FF440AF284607A9F1F78AFC20B9324616
S214032380284607A90AF0D7F90CB0BDE8F08700BFC6
S214032390296300200847002032DB0400044B1A8818
S2140323A00AB100221A8000210846F9F7ABBF00BF26
S2140323B0B85C002000232DE9F0478EB004460D4696
S2140323C0CDE903334F7808F09AFC50B1B64B1B683F
S2140323D09A0706D4092103A806F08DFC0EB0BDE8C3
S2140323E0F087204603A9F1F753FC0646002840F081
S2140323F05781022F3DD0042FECD1E5F739FC002896
S21403240046D0E5F735FC022840F022810DF124087A
S214032410334632464146304606F0ABFF012103A859
S2140324209DF8255007F098F82840FF2800F03481DF
S21403243005AD284608F000FC002840F02F8195E8FB
S2140324400F0088E80F003A46414603A806F0CBFE85
S2140324500246002840F02081032303A9CDE9005358
S21403246020463B46FBF77EF900280CBF13210621C6
S214032470B1E78D4B1B689B07ACD40235082229466F
S2140324808A48E8F7BDFF0028A4D0E5F7FDFB08B9A6
S2140324901121A0E7864B874E1B78FBB9FFF77EFF1B
S2140324A03088002860D103AF2946384606F0C5FCBD
S2140324B0002800F0CA8028460DF10A01F1F7C2FB96
S2140324C040B90DF1240A504608F0B6FB80460028B2
S2140324D000F08780FFF762FF0F217CE73088002833
S2140324E042D101460CF064FA308000283AD001232A
S2140324F00822304603A9F0F7CBFD98BB0123082238
S21403250029463046F0F7C4FD60BB01230222694822
S21403251009A9ADF82440F0F7BBFD0346308823B184
S214032520002848D04FF0100920E00CF0E9F9614983
S2140325300746204601F0CAFC30880CF0E1F9FFB2EA
S214032540874209D1FF238DF82430012359481A46C0
S21403255009A9F0F79DFD28B900210120F9F7D2FE5D
S2140325600C2138E73088DBE74FF007090CF0ACF9AD
S214032570074630880CF0A8F93488112100F10808C2
S214032580204600F02DFE10218246204600F028FE4D
S2140325900822044603A94046E8F732FF002840F025
S2140325A08180082229463846E8F72AFF002879D191
S2140325B0B9F1070F01D010210DE704EB0A244546B5
S2140325C0A4B271E730884FF0010828B1122100F059
S2140325D007FEFF2881461ED12A46B94620464023D9
S2140325E004E03A46A9464346BDF80A0043F003030F
S2140325F0CDE900A349460323FBF7B4F800283FF4CC
S21403260069AF0721484606F076FBB8F1000FD9D02C
S214032610FFF7C4FEE2E6002108460CF0C9F9ADF860
S214032620140048B1204605A901F050FCBDF814007B
S2140326300CF066F90028CFD1142300934A46394696
S2140326402046338801F0FAFBC6E7FFF7A7FE1FE72D
S214032650E5F70EFB012801D00621BCE605AD3246A0
S21403266033462946009603A8F9F75EFD024608B1ED
S2140326700A21B0E60C4B20461B6803A95B0003F057
S214032680040343F00303CDE900533B46FBF76AF824
S2140326900028E1D113219EE605219CE612219AE645
S2140326A00B2198E60E2196E608470020B06300202B
S2140326B0CD620020B85C0020012330B50D4C85B0F8
S2140326C022788DF80430D5188DF805200E228DF863
S2140326D006200A682570CDF807204A6801A9CDF8B8
S2140326E00B200B22F0F7D4FCB0FA80F0400905B0BB
S2140326F030BD00BF2A630020014B1878704700BF27
S214032700FF630020142230B58BB005460DEB0201A3
S2140327101548DAF7BDF910BBBDF81430DA0720D434
S21403272013F0060FC3F3410208BFC3F341220F4B56
S2140327300DF116019C5C68462246E8F7A5FCBDF839
S214032740263004F128026A4402F8283C02341B0AA5
S21403275002F8273C69462A46E0B209F096F90BB020
S21403276030BD2320FBE700BF703214E042DB0400D9
S21403277010B58AB0ADF826200022CDE905220492D2
S2140327800CAA02924FF6FF720446AC210120019276
S214032790064A039004FB0122603200924CF62001A5
S2140327A00DF126020AF022F80AB010BD8854002064
S2140327B000B58BB0ADF824309DF8303003208DF88B
S2140327C02630002303900A4909A8CDE90130CDE954
S2140327D00533049301F160030093B1F85C300220E3
S2140327E04CF660410AF002F80BB05DF804FB00BF3C
S2140327F08854002010B54FF6FF741E4A8AB0B2F80C
S2140328006800B2F85E10A042ADF82600B2F85C305D
S2140328104FF6FD70ADF8241018D081424FF000003B
S21403282094BF48F660014CF66001CDE90500CDE99A
S2140328300300CDE9010094BF09AA603200920DF1AE
S2140328402602042009F0D2FF0AB010BD81424FF0E1
S21403285000008CBF603209AA00928CBF4CF6604120
S21403286048F66041CDE90500CDE90300CDE9010056
S214032870014AE6E788540020F254002000B50E4BC8
S2140328800022B3F85E308BB0ADF824304FF6FF73FA
S214032890CDE90522CDE90322CDE9012209AA00925A
S2140328A04FF400610DF126020720ADF8263009F03B
S2140328B09DFF0BB05DF804FB8854002030B58BB049
S2140328C08DF825301B0A8DF8263000230D4991F824
S2140328D05840CD6DB1F85C00CDE90533049307236A
S2140328E06031039308ABCDE9010300914FF6FF7304
S2140328F04CF62041082008958DF8244009F076FF11
S2140329000BB030BD8854002070B54FF6FE76294CC8
S2140329101D46B4F85E10B4F85C30B14294F85C001F
S214032920A2B04FEA132321D14FF440416034ADF8EF
S21403293008108DF80B008DF80C3003CC0DF1150440
S214032940CDF80D00CDF811102270120A6270002225
S21403295011461046A270E270ADF8062008F00DF896
S214032960ADF8060090B9002022B070BD4FF40044C5
S2140329708DF80D10090AADF808408DF80B008DF898
S2140329800C308DF80E100DF10F04DDE7043402A9A8
S214032990621A012392B20DF10600F0F779FB0028C4
S2140329A0E1D1BDF806002A4601210BF0D9FFBDF898
S2140329B00600D9E788540020202A10B5144614D8F8
S2140329C0012A04D10C88B4F5004418BF0124620020
S2140329D030B10748E8F71AFA064B00201C7010BD02
S2140329E00548E8F713FA054BF7E72120F7E700BF9A
S2140329F0BA5C002000640020FA5C0020016400201A
S214032A002DE9F047104617460CF023FCDFF814A117
S214032A10DFF814919AF8003099F80020054613431E
S214032A2002D10020BDE8F08710F4406800F04006AD
S214032A3019D186BBB0F5804F5CD24FF48074002367
S214032A409AF80000344AD9B288425DD8002399F830
S214032A500000324AD9B28842E3D932F8021B013366
S214032A60A142F7D155E0F81C0CF0F3FB4FF6FF73C9
S214032A70984214BF0124022486B1052605F4404378
S214032A80B3F5004F44F0080424D0B5F5804F23D2A5
S214032A9044F4807420E044460326EFE7B5F5804F00
S214032AA04FF00506F4D3B8F5406F14BF0220082094
S214032AB0304438440CF0CDFB194B05F44045B3F8CD
S214032AC05C3083420CBF44F0080444F00404B5F5BC
S214032AD0004F01D144F08004B8F5006F0ED1B81949
S214032AE00CF0B7FB0E4BB3F85E308342A7D144F02D
S214032AF01004A4E7444603260220D9E7B8F5406F3E
S214032B0008BF44F020049AE732F8021B0133A142BF
S214032B1099D1012086E700BFFA5C0020BA5C00204A
S214032B208854002001640020006400202DE9F04F43
S214032B30104685B0164698460CF08BFB5D4F00F0AA
S214032B400803B7F85C10044600F00709F01C02936C
S214032B500391B7F85EB00CF07CFB06F1050A054658
S214032B6050460CF076FB03464FF6FF70854218D0AE
S214032B700399A1EB050CDCF1000545EB0C056D0094
S214032B804FF6FF718B420ED145F004050CF06CF93D
S214032B90029B6BB1B9F1000F11D0422005B0BDE81E
S214032BA0F08F0125ECE79B4508BF45F00805EDE7E8
S214032BB0B9F1030FF1D8DFE809F0021B795D0CF0D9
S214032BC053F908B9A807E8D524F00804A4B2B4F565
S214032BD0004F05D0B4F5624F02D0B4F5404FDCD1B8
S214032BE00025294697F8A820002007F0C6FE3CE0FB
S214032BF0D7F88030E3B9002132460846FFF700FFD6
S214032C00D8B948F6410224F038039BB29342C4D1A4
S214032C100A2D49D0062DC0D197F87730023B012BF9
S214032C20BBD8EEF7AFFF0028B7D140F6040505E0A2
S214032C304146304698470028DDD00825E20648BFBF
S214032C4045F08005A30648BF45F4805505F00C0300
S214032C50042BC6D1F01D0CF0FCFA97F8A8303246C8
S214032C60009341462B4607F05DFE08B30E9B188083
S214032C70002093E7A90705D14FF6FF73B7F85C204A
S214032C809A428AD104F44063B3F5006F0AD0B3F5D1
S214032C90406F82D1082250460749E8F7B1FB002867
S214032CA07FF47BAF0C25C9E70425C7E7432075E708
S214032CB0192073E788540020E8540020034B1A7841
S214032CC01AB1FF2A04BF00221A707047036400205B
S214032CD070B5084C084E2378F55C1DB13E210748B5
S214032CE00CF0D9F9FF2223782846F25400232370E8
S214032CF070BD00BF0264002003640020C58E04007C
S214032D00034B044A1B78D05CFF3818BF012070477A
S214032D1002640020036400200023074A0749136067
S214032D20074A1360074A1360074A11600121074ADE
S214032D301170074A13607047C055002077C9030017
S214032D40BC550020B8550020906C0020AB6D0020C9
S214032D50C85500200E2A70B50C4606461546194679
S214032D6003D9FFF7D9FF502070BD012807D10020F3
S214032D70EEF722FFB0B1FFF7CFFF2120F4E7802262
S214032D800021224B1A70224B1960224B1B684BB151
S214032D9034200BF00DFE204B188018B9FFF7BCFF4C
S214032DA00120E1E724F0FF6323F4FF231BB1FFF7C1
S214032DB0B3FF4F20D8E774B92046EEF717FF012478
S214032DC0032510F0800F43B21BBF00F01F039C4087
S214032DD09C4044F078440020104B24F078441E7046
S214032DE00F4B10491D70104B1C60104B1870104B86
S214032DF01A68EFF797FA18B1FFF78EFF0420B3E7C8
S214032E009DF810200B4B1A70AEE700BF0464002039
S214032E10C4550020B85500203A5D00200964002000
S214032E200764002019310300C855002008640020F9
S214032E30C0550020056400207FB5244B00251A7872
S214032E4001232348234903FA02F200781A440A604E
S214032E50ADF80E5020B3984236D11F4C1F4B207846
S214032E601B680DF10E0198471D4EBDF80E203070FD
S214032E7092B11C4B29460093284602230195EFF78F
S214032E808BFA3278237822B1012A12BF1B2301332F
S214032E90DBB2237004B070BD013818BF0120F0E721
S214032EA078235A43013A0A6008220F490BF0C6FCFE
S214032EB00B49094A0978137821B1012912BF1B234C
S214032EC00133DBB21370E5E71846E3E70764002037
S214032ED009640020CC55002008640020906C002074
S214032EE0AB6D002055310300F5ED0300024B186867
S214032EF0003818BF01207047B855002037B505467F
S214032F001C460BF0B1FF68B974B1084B1A60084B46
S214032F100A461C600123294600930323FFF71AFF82
S214032F2003B030BD4D20FBE72520F9E7B45500205C
S214032F30BC55002013B504460BF096FF58B962B192
S214032F40074B1A6001230A46009321460323FFF723
S214032F5001FF02B010BD4D20FBE72520F9E700BFB7
S214032F60B85500202DE9F0410446DDE906861D46E6
S214032F709DF820700BF078FF88B99EB1A2B10B4B79
S214032F8001201A600A4B0A46C3F80080094B214603
S214032F901E602B460697BDE8F041FFF7DBBE4D20CB
S214032FA0BDE8F0812520FBE72120F9E7906C00209F
S214032FB0C0550020BC5500200148EFF725BE00BFD2
S214032FC03A5D00202DE9F0410020EFF719F9114B87
S214032FD0114C1E68114B20881D68114B114FD3F8F6
S214032FE0008010B13978EFF7E9FF00203870FFF75B
S214032FF093FEEFF723FC0EB14046B0473DB1208861
S214033000A84700232380BDE8F0410CF0BFB8BDE815
S214033010F08100BFBC5500203A5D0020B855002063
S214033020C85500200A640020F8B52F48F0F7DCF8EE
S2140330302E4B187830BBEEF7D9FD2D4F06463B686E
S21403304003B32C4B2C4D1C6824B195F900301A465B
S2140330501946A047294B1B6883B1294C2378312B8B
S2140330600CD8284B18880BF02FFC23785A1C227098
S2140330702A78C25423785A1C2270C65480232B7095
S21403308000233B60204C23781A2B22D81F4A127841
S214033090012A09D100211E4A156825FA03F0C00744
S2140330A0DAB20ED501B122700020EEF79FFD21782B
S2140330B0884212D10022174B1A70FFF7BDFE40B9A3
S2140330C0F8BD0133D8B21A284FF00101E5D90A44F6
S2140330D02270BDE8F840FFF775BF0020EEF798FDB5
S2140330E00028E7D0F5E700BF946C002009640020B1
S2140330F0C4550020B455002004640020B8550020B1
S2140331000A6400203A5D002008640020AB6D0020AE
S214033110C85500200664002008B50B4B187880B904
S2140331200221EEF737FD094B1B782BB100214FF632
S214033130FF720846EEF710FDBDE808400448FFF7A7
S21403314073BF00210846ECE70964002005640020ED
S214033150946C002038B5144B0C461D78012D21D1F4
S21403316081B90846EEF742FD104A05FA00F01368E7
S2140331700F4923EA0003136020462A46BDE8384079
S2140331800BF05CBB0B4A13780133DBB2022B1370D4
S21403319004D9BDE838400848FFF746BFFFF74CFEA2
S2140331A00028F6D138BD00BF09640020C8550020AA
S2140331B0F5ED030006640020946C002038B50C4639
S2140331C005460BF09DFBA04203D82D2103480BF0C8
S2140331D062FF28460BF078FB204438BDD98E0400E6
S2140331E070B506460D460BF06FFB044648B13046F5
S2140331F00BF086FBA84203D8352102480BF04BFFA1
S214033200605D70BDD98E040070B50C460646154643
S2140332100BF076FBA04203D83E2104480BF03BFF9D
S21403322030460BF051FB00B1055570BDD98E040036
S2140332302DE9F0431E46574B8FB01B780746033BDA
S214033240012B0C4615469DF8588007D8F4F718FA54
S21403325020B1F0F71DF908B144F400544E4B1B7827
S21403326013B924F40074A4B2200509D546B9284638
S21403327004A9F0F70DFD002846D024F40064A4B298
S214033280ADF81840ADF81A5007F039FD434BADF8CA
S2140332901C00B8F1000F02D01A78424501D293F809
S2140332A000803F4AE105137848BF0DF1210103F181
S2140332B00103DBB2137058BF08A922058DF81E80E0
S2140332C08DF81F3006D53368083141F8083C73681B
S2140332D041F8043CE30407D5324A0831136841F841
S2140332E0083C536841F8043C0DF11808A1EB0800AC
S2140332F05FFA80F9002148460BF05AFB064628B9C8
S21403330000200FB0BDE8F08304AEB9E70BF0DCFA9B
S21403331041464A46E7F7B8FE30460BF0F1FA8046D8
S21403332030460BF0D1FA0023024600934FF6FF70A7
S21403333004235FFA88F107F0F5FAADF80E000028CB
S214033340DED040F201131C421AD14FF6F7739D42AA
S21403335016D80BF0D5FA0DF10E010446284600F0F8
S214033360B5FDBDF80E000BF0CBFAE4B2A04207D9C8
S214033370BDF80E0007F023FB437843F004034370C5
S214033380BDF80E003A4601210BF0EAFABDF80E002E
S214033390B7E700BF2E630020296300205D6D002081
S2140333A02B630020B0630020F0B50829D58889B0C8
S2140333B028D00C2926D0AE0424D405F040030B43B2
S2140333C0424C267816B105F0200423432FB2002F73
S2140333D0B8BF43F08003032920D11223AC068DF82F
S2140333E00430937A10D48DF805300DF1060401A944
S2140333F0621A012392B2EFF74BFEB0FA80F040094F
S21403340009B0F0BD0B46DBE732228DF805308DF8A8
S2140334100420002EE9D00DF11304E8E70C298DF8FB
S21403342004300ABF138953798DF80530548805BFD5
S2140334301B0A8DF806308DF805300DF1070318BF0B
S2140334400DF106031C70240A5C70148802399C7004
S214033450240ADC70147901291C7111D8917A002F83
S214033460597131DA022112899971DA71120A03F15C
S21403347009041A72002EBAD0AB06B8D50534B6E7DF
S214033480A9071AD4002F0CDA117A51B1917A59711F
S2140334901189127A03F1080492B102229A71D97142
S2140334A0E8E70B4C217801F1010C84F800C0917217
S2140334B09C1D002F5971DDDAEAE7917A9C1DF8E727
S2140334C00122090A9A71EAE79C1DD3E729630020C3
S2140334D02A630020014B1880704700BF3C5D002024
S2140334E0014B1888704700BF3C5D00202DE9F84368
S2140334F007460BF0C9FD05461B480BF03CFF1B4B6C
S21403350060B31C683C1B2C44A4B20022184BDFF8A3
S21403351068901B78174D03EB830399F8006005EB5F
S21403352043055FFA82F846450AD9AB8805F10A00D7
S214033530A34216D90A23B21A29465A43E7F766FC6A
S214033540013689F80060AC80B8F1000F03D1394624
S21403355005480BF0A5FA2846BDE8F8833C461D60EF
S214033560D3E705460132DCE7B46C0020D0550020D3
S2140335700B640020DE5900200C6400201FB5154A9A
S214033580154C1378013BDBB213706168206801AAFF
S21403359003C221891180114A1278D21805D00A2352
S2140335A020465A43E118E7F731FC9DF806301B071F
S2140335B00DD0BDF80C00FFF799FF03468288ADF8DF
S2140335C0082001AA03CA1288186059601A8104B039
S2140335D010BD00BF0B640020DE5900200C640020E1
S2140335E0002108B5084B09481970094B1970094B97
S2140335F01A7802EB82025200E7F7B6FBBDE80840F2
S2140336000548EFF7F1BD00BF0C640020DE5900202B
S2140336100B640020696D0020B46C0020F8B500240C
S214033620084D094F094E3B783178E2B20B449A4273
S21403363004F1010400DBF8BD2846EFF7E5FA0A3586
S214033640F1E700BFDE5900200C6400200B64002065
S214033650F8B516460C4B0D4A1B78127807461344EA
S2140336600B4A0D46127893420CD03046FFF73EFFC6
S214033670013506810780857004460BF000FDE08067
S2140336800120F8BD0020FCE70B6400200C6400203A
S214033690696D002010B5064C207828B10548F5F76B
S2140336A099FD10B1034B188810BDFFF767FFF3E7CA
S2140336B00B640020DE59002008B50A4A034610783A
S2140336C060B1094A1088984209D121B9937810331A
S2140336D023F00F039370FFF751FF012008BD00206E
S2140336E0FCE700BF0B640020DE5900202DE9F74FEE
S2140336F000260BF0C9FCDFF8F890B24699F8007084
S214033700B3463A46DFF8EC801FFA80FEB8F800C0EE
S214033710344CAEEB0C039BB201932378324D0093EB
S21403372003EB830305EB4303ACEB0E0C5FFA86FE59
S214033730BE4515D3BAF1000F01D0009B2370BA42E1
S2140337402AD3002F37D00A222378C8F8000002FBBA
S21403375003532648998803B0BDE8F04F0BF0A0B991
S214033760B3F804E001998E4512D84FF0010A009988
S21403377093F802E001310EF1FF3EC9B2013AA3F815
S21403378004B083F802E00091D2B20A330136CDE7E3
S214033790E644A3F804E0F8E789F800204AB10A22D1
S2140337A02378C8F8000002FB0353104899880BF0EF
S2140337B077F9237813B903B0BDE8F08FFFF76AFFF4
S2140337C006460028F5D007F01BF80146304607F0FA
S2140337D0CBFE20B100212888FFF76EFFE9E740F60D
S2140337E00241F8E70B640020DE590020B46C002089
S2140337F00C640020D05500202DE9F04192F8088093
S2140338001F4608F1FF33DBB2EF2B05460E46144680
S21403381088B00BD982238DF80E30314628469DF8A2
S2140338200E30204AFBF774FA012037E00E220021FF
S21403383004A8E7F799FAB4F809308DF81180ADF8C3
S2140338401230E37A03F07F02032A08D0012B24D137
S21403385003238DF81030A389ADF815300EE0032B43
S21403386014BF022301238DF81030E368CDF815301A
S2140338702369CDF81930237D8DF81430A7F1210183
S2140338804A420DF10E034A41009321460DF10F0300
S21403389004A8FAF793FD0028BFD1002008B0BDE8BE
S2140338A0F08100BF714504002DE9F04F00241D7818
S2140338B095B0CDE902010492234622460120CDE9C4
S2140338C00054404909F053F9ADF81E00F8B1A34679
S2140338D0264627460DF120090DF1380AE4F7B6F916
S2140338E05FFA84F8404516D83A460221BDF81E0012
S2140338F0FFF78AFC32460421BDF81E00FFF784FC5E
S214033900DDE903100022BDF81E30FBF701FA0120A3
S21403391015B0BDE8F08F4A4640460AA9FAF740FDBF
S2140339209DF8282022B12DB1013DEDB20137FFB23B
S2140339300134D3E7BBF1000FF8D199E803009DF8F3
S21403394029308AE803008DF84030BDF82A30032A70
S2140339508DF841304FEA13238DF8423017BF032307
S21403396001238DF843309DF82C30DDF83110DDF857
S2140339702D0014BF8DF84C308DF8433011AB03C3C4
S21403398002980CBF4FF00E084FF0150808F0B6FA71
S2140339900590BDF81E000AF0B3FF059900EB080377
S2140339A099420BDB0123424651460DF11E00EFF709
S2140339B06FFB0028ABD10136F6B2B7E74FF0010B29
S2140339C0B4E700BFAE8E040038B505460D4B0E486F
S2140339D01C88EFF7F5FB012D0CD10C4B1C88FA2144
S2140339E0614358B1884209D28408012C204638BF67
S2140339F0012038BD022D08BF0224F0E702480BF071
S214033A004FF8F2E7DA590020D4450020D8590020B1
S214033A10012208B5054B06481A7000210BF040F842
S214033A20BDE808400020FFF7CFBF00BFFA620020C2
S214033A30D44500201E4B73B51A8802F108039BB2C7
S214033A40012B02D81B4B1B7823B902B0BDE870408C
S214033A50EFF7CABB0024184B184D1C70184B1C708C
S214033A602B787BB14FF6FC73164E00932246234603
S214033A702146308808F080FC4FF6FD732C703380A7
S214033A8001200FE0104B10461978F4F719FF0028B1
S214033A90F6D10C4B1A884FF6FD739A42F0D00123E9
S214033AA002202B7002B0BDE87040FFF78DBF00BF49
S214033AB0DC590020FA620020FD620020FB62002031
S214033AC0FC620020D6590020FE620020012808B5BB
S214033AD00AD002280CD020B9084B18700848EFF714
S214033AE083FB4FF0FF3008BDBDE80840FFF790BFEB
S214033AF00020BDE80840FFF767BF00BFFA6200205A
S214033B00D445002002280CD859B1064A137801334D
S214033B10DBB21370044A12789A4202D80220FFF7E7
S214033B20D5BF7047FC620020FF62002038B5A0F6C0
S214033B301343012B04460D4615D80E4A137801335A
S214033B40DBB213700C4A12789A420CD84FF6FD7209
S214033B500A4B00201988914201BF00221D80084BA2
S214033B601A70FFF731FF29462046BDE8384005F0B6
S214033B7058B800BFFD62002000630020D65900201D
S214033B80FB62002000234FF6FD71054A1370054AB9
S214033B901370054A1180054A1370054A137070475F
S214033BA0FD620020FC620020D6590020FB62002044
S214033BB0FA62002030B5094B02461B7833B1084B36
S214033BC0084C19780023D8B2884201D3FF2004E0BA
S214033BD0013334F823509542F5D130BD686D00208B
S214033BE002630020B65900200022FF21044B05483B
S214033BF01A70054B1970054B1A789200E7F7B4B89C
S214033C0002630020BA59002001630020686D00207B
S214033C10F7B58DF807100DF10701044602F0A6FF6D
S214033C20234B1D78002D41D02046FFF7C3FF214EBE
S214033C30FF283178204B05D1204A107885422DD9AC
S214033C40451C1570884219D01C4A1B4D92F800C0BB
S214033C500022D7B2BC450CD92F4697F803E00132B1
S214033C60864505F10405F4D102B203EB8202D2784D
S214033C70FA7002B203EB8202D170307002B203EB29
S214033C80820123F82240FF228A709DF80720FF2A2C
S214033C9002D003EB8203987003B0F0BD0A461046C9
S214033CA003EB8202D278FF2AF9D1CBE7FF20F3E7B2
S214033CB0686D002001630020BA59002002630020CB
S214033CC02DE9F843FFF776FFFF28044669D04FF641
S214033CD0FF72354F03B2DFF8DC80344E27F823201B
S214033CE098F80050A54202D10020BDE8F883337847
S214033CF020B28100A34207EB800090F803E010D0C7
S214033D000023294A5FFA83F94D45944606D99CF861
S214033D1003900133A14502F10402F3D18CF803E0CA
S214033D2001E086F800E0013DEDB22A1BD2B2043171
S214033D3092003944E7F76AF888F800503378FF2B87
S214033D4004D0A34224BF03F1FF33337000214FF6A0
S214033D50FF70154BCAB2AA420CD300234FF6FF716D
S214033D60134ADCB2AC42BBD2013332F8230088429A
S214033D70F7D1B5E79A78A2420BD11880DA78FF2AF2
S214033D8004D0A24224BF02F1FF32DA7001310433B9
S214033D90E0E7FF2AF2D0A24224BF02F1FF329A7074
S214033DA0ECE72D20A1E700BFBA59002001630020ED
S214033DB0B659002002630020F8B51C4B05461B7855
S214033DC0084673B3FFF7F6FEFF28044629D02846B5
S214033DD0FFF7F0FEFF2806D0154B164E1A78002381
S214033DE0D9B2914218D3FF212846FFF711FFFF28C7
S214033DF0014616D00546104F23B207EB830237F869
S214033E0023009678FFF704FFA84208BFFF25FF2E7E
S214033E10214608D12846F8BD013316F823108142FF
S214033E20DED1FF25F6E73446E6E700BF686D0020DF
S214033E3002630020B8590020BA5900202DE9F0414A
S214033E4080460E461F46002386B001A814469DF8FA
S214033E5030508DF80330FCF74BF8ADF804802EB1E4
S214033E603368CDF806307368CDF80A3038460AF062
S214033E702BFD0DF103034219214601A804F0DDFED4
S214033E809DF8033093B931464046E4F701F90E4BEB
S214033E901B785BB10B2C09D8FF214046FFF7B8FE11
S214033EA0064605EB4404E4B2A54202D106B0BDE8DB
S214033EB0F0812946384608F0FDFD3146FFF7A8FE97
S214033EC002350646EDB2EFE7686D002000232DE9C4
S214033ED0F3470DF107028DF8073004460E4602F04D
S214033EE030FE9DF80730054663B92046FFF762FEAD
S214033EF004465EB130880AF003FD5FFA80F8FF2CB3
S214033F0045D10025284602B0BDE8F087B046F6E75F
S214033F1001320C2AF5D02DB207EB8505AD78FF2DBF
S214033F20F6D112F0FF0AECD04FEA4A050235EDB29D
S214033F30002EE7D0304605EB080108F080FD002888
S214033F40DFD1524641463088FFF75EF90AF1FF3269
S214033F5008F1010108F102093088D2B2C9B25FFA4A
S214033F6089F9FFF751F924B207EB8404A478FF2CF0
S214033F70C8D023B2494637F82320308808F0AAFD74
S214033F800028BED109F102095FFA89F9EBE7254655
S214033F900022014FBFE700BFBA590020FF2818BF11
S214033FA0064B10B51BBF03EB800433F820302D20DF
S214033FB00B801EBFA3780020137010BDBA590020D3
S214033FC008B5D1F719FDD1F70FF900F022FAD2F7A9
S214033FD00BFDBDE80840D0F7B9BE10B5044601880E
S214033FE00120D1F7C7FDE3880BB9C823E38010BDD2
S214033FF037B50446D1F7CCFD658885420ED8A1882F
S214034000E288814205D3431B5343491BB3FBF1F3B9
S2140340109AB280B240EA024003B030BD0022F8E70D
S21403402070B50C46088800F04BF994F84430054602
S21403403083420FD004F11C06304600F07CF984F866
S214034040445000F07CF9618BA0643046BDE87040B4
S21403405000F06CB970BD38B5044690F84410837808
S214034060826CCB1A59425941D0F7D6FEE37893B106
S214034070257985B900F063F90346A268218A04F11D
S2140340801C009C1A8C4236BF52182946D11ABDE82A
S214034090384000F04BB938BD09B100F0FDB800F068
S2140340A005B938B58388044603B3E3780088A17856
S2140340B004F10C05A3B10023B1FA81F1E3704909B9
S2140340C0FFF7EAFF4FF6FF72A388218993421CBFCE
S2140340D003F1FF33A3802846BDE8384000F026B935
S2140340E00123E370FFF7D8FFE188F4E738BD10B586
S2140340F0044681780088FFF7CFFF0123E37000238F
S214034100A38010BD10B581780446B1FA81F100880A
S2140341104909FFF7C1FF0023E370A38010BDFFF733
S214034120F1BF70B50446054600262B4655F8040B2A
S21403413010B11B1B0C2B00DD70BD237C8680002B6F
S214034140F3D0637C13B1FFF7D2FFEEE7FFF7DAFF96
S214034150EBE7FFF7E6BF70B5044605464FF6FF7676
S2140341602B4655F8040B10B11B1B0C2B00DD70BD42
S2140341708388B342F4D04FF4FA724FF6FF731146B6
S214034180D0F79EFEECE709B100F086B800F08EB8D3
S21403419010B50446C0600830D1F75EFE217920884A
S2140341A0B1FA81F14909FFF7EEFFA37943B121790B
S2140341B06088B1FA81F1BDE810404909FFF7E3BF13
S2140341C010BD00F0A9B80346184613F8012B8A421F
S2140341D001D0002AF8D1704710B53B210446006889
S2140341E0FFF7F1FF0022034603F8012B2068236044
S2140341F010BD10B540B1421E0A24002012F8013F3C
S214034200303BD9B2092900D910BD04FB0030F5E7CD
S21403421008B500F07EF808B540F2BA420021102037
S214034220D1F726FC41F2E823584340F6FF7300F229
S214034230FF70B0FBF3F080B208BD50F80C3C23B11E
S21403424050F8041C30F80E0C18477047084619B18E
S214034250FF21103002F072BB704773B505460E4659
S2140342606DBA1446D1F72EFDADF804507EB1012C7D
S21403427004D0032C09D00022012101E022460221AA
S21403428001A8D3F705FC02B070BD0022F7E70421AE
S21403429032460DEB0100F4E707B540BAADF804006B
S2140342A001A8D3F729FC03B05DF804FB07B540BAB1
S2140342B0ADF8040001A8D3F74BFC03B05DF804FB8C
S2140342C0002307B540BAADF804000DF1030101A8B9
S2140342D08DF80330D3F768FC9DF8030003B05DF850
S2140342E004FB007800F0DF03552B07D0642807D0C3
S2140342F0663818BF4FF0FF30C0B2704701207047D2
S2140343000320704718B12D280CBF012002207047E8
S214034310704708B501F004FF08B500F06FF8BDE874
S214034320084004F050BC50E9023018470A460830EB
S214034330FF2102F0FABAFF21083002F007BB08B5E6
S2140343400AF001FFBDE8084009F072BB2DE9F04111
S214034350044600274FF00C0E8F4202DB0020BDE818
S214034360F0812078904204D1002594F807804545D3
S21403437002DB01370C34EFE70EFB05F6D4F808C072
S2140343800CEB06003CF806609E42E8D00135EEE7EB
S214034390F0B585B005460E461746D1F7B3FD04467D
S2140343A0A0B131462846D1F765FD83783A46002BFF
S2140343B0A36831460293A378284601934FF000037F
S2140343C000930CBF80234023E0F776F805B0F0BDDA
S2140343D008B51288D1F796FD50B10279BDF80C30B6
S2140343E09A4207D881680298E6F710FD002008BDB8
S2140343F08620FCE78920FAE7D1F782BE002004F086
S21403440066BC08B504F0D3FC002814BF03200020C4
S21403441008BD704708B502F06DF9FFF7D1FDD1F777
S214034420DBFE642004F01CF8642004F018F802F0A5
S21403443063F9D0F7B7FC08F055FFF8E7F8B5D0E90D
S2140344400176437B04460D4613B133463E461F466C
S214034450FFF775FF012D206438460ED1D0F796FD81
S2140344603046D0F7B7FD257360784FF47F42BDE83A
S214034470F8404FF48171FFF78BBF022D05D1D0F7BB
S214034480A9FD3046D0F782FDEDE7D0F7A3FD304611
S214034490D0F7A0FD0025E6E738B5037B04468B423C
S2140344A00D4607D190F844305BB3BDE8384048303A
S2140344B0FFF741BFFFF743FF216C431AC72B0CD806
S2140344C00123C83184F8455084F84430091A04F1AE
S2140344D04800BDE83840FFF729BF0DB1237B2BB951
S2140344E029462046BDE83840FFF7A8BF00212046EE
S2140344F0FFF7A4FF0123C82184F8455084F844300D
S214034500E5E738BD90F84510FFF7C6BF0121FFF772
S214034510C3BF0221FFF7C0BF0021FFF7BDBF4FF6A1
S2140345200173994210B5044602D10021FFF7B4FF88
S2140345302046BDE81040D1F7F1BF032910B5044665
S2140345402BD0007B30B9012903D002290CBF0120F0
S214034550FF2010BD032A07D8DFE802F00208101474
S21403456001291CD002291FD0FF20F2E70029FBD126
S214034570B4F85C20012A12D0022AF4E704290ED0EC
S2140345800529F0E7042914D0052914D00029EBD116
S214034590B4F85C20111F0129ECD80220D9E75A1E73
S2140345A0534253415800D4E7022B0CBF022001208C
S2140345B0CFE70020CDE70120CBE730B587B005462F
S2140345C00C46D1F78BFD012820D11CB1611E4B424E
S2140345D04B4158006B784FF480728DF804304FF4DB
S2140345E08273ADF806304FF48173ADF808300123BB
S2140345F08DF80B30002385F8900001A8CDE903233E
S2140346008DF80A408DF81430D1F7A0FD07B030BD01
S21403461041680346C978027B99B98168C97899B914
S214034620002A08BF0321D2F73DB89B7B002B0CBFA3
S21403463001210221F7E79B7B002B0CBF02210121FE
S214034640F1E7012AF1D17047012AF4D17047042912
S21403465010B5044604D831B1BDE81040D2F7A6B869
S21403466005290DD010BD037B5522002B08BF03215F
S214034670A0F85C1040781221FFF78AFE2046EBE78D
S21403468043681A8A83681A82E6E70123037303786A
S214034690013343734FF44073C3810323037400232E
S2140346A0A0F85C3080F89030704710B50446806BF5
S2140346B0D8B1E278022A04D0636B5B7972B984F8C6
S2140346C03C3094F83C306BB1FFF711FD60784FF641
S2140346D00272BDE810400621FFF75ABEB3FA83F311
S2140346E05B09ECE7FFF70EFDF0E710BD10B50446D7
S2140346F0406BD0F74BFC2046BDE81040FFF7D5BF14
S21403470010B50446406BD0F765FC2046BDE8104064
S214034710FFF7CBBF10B50446406BD0F781FC2046AD
S214034720BDE81040FFF7C1BF10B5044600220621BE
S2140347304078FFF72DFEA378022B01D0FF2B04D180
S2140347402046BDE81040D2F7CFB910BD4FF602732E
S214034750994210B5044601D1FFF7A7FFE378022B71
S21403476002D02046FFF7A1FF2046BDE81040D2F74F
S214034770BBB910B5D0F8A4407CB103791BB140791E
S214034780D2F772FA48B9A3883BB932222046BDE86D
S214034790104001231146D0F793BB10BD10B5044655
S2140347A0FFF7E7FFA278237982B913B12046D2F741
S2140347B081FA2046D2F7BEFA03236078A4F86C3059
S2140347C05522BDE810401221FFF7E2BD012B02D1AE
S2140347D02046D2F76FFAA379012B02D12046D2F7EF
S2140347E0A9FA0123E9E710B583780446ABB9FFF7C6
S2140347F0C0FFA3788BB9237913B12046D2F77AFA90
S2140348002046D2F7DBFA04236078A4F86C305522EE
S214034810BDE810401221FFF7BBBDB4F86C30022B85
S2140348200DD02379032B02D12046D2F743FAA3797E
S214034830032B02D12046D2F77DFA0023E4E7204675
S214034840D2F7FEFAF9E7827883685AB9DB78002B49
S21403485014BF03230423A0F86C305522122140789A
S214034860FFF796BD1A7922B9DB78003B18BF012300
S214034870F1E70223EFE77FB500239E6A0446B6F509
S214034880804F0D460CD201A8D2F786FC039B5B052E
S21403489006D529462046336C04B0BDE87040184759
S2140348A004B070BD00239B6AB3F5804F05D21B6B23
S2140348B0B3F5804F01D29B6818474FF48170704759
S2140348C01FB500239A6AB2F5804F04D340F2011055
S2140348D005B05DF804FB126BB2F5804FF6D20122E9
S2140348E001A8CDE902338DF80420D2F755FC039BCB
S2140348F0DB03EBD5029B1A0EE8D0012A03D1C3F3E0
S21403490007430A2BE2D900239B6A1B6B1B6C984751
S214034910DEE708B50AF0D0FDB0FA80F0400908BD1E
S214034920134610B542B103439B0707D10AF0C8FDEF
S214034930B0FA80F0400910BD0120FCE70020FAE73A
S21403494000230360704703680B600160704710B56F
S21403495038B132B129B100230139D45C14B900232C
S214034960037010BD8B42FAD200F8014B0133F4E713
S214034970034638B10020814204D01A5C02B970475E
S2140349800130F8E770474FF0FF31FFF7F1BF70B51E
S2140349900C461646054660B15AB151B1FFF7F3FF10
S2140349A0844206D9211A32462844BDE87040FFF7F0
S2140349B0CEBF70BDFEE7FEE700239A4200D17047E4
S2140349C010B550F8234041F8234001339A42F8D1FA
S2140349D010BDD3F741B84369426CD91C143AB1FBF6
S2140349E0F2F103EBC1000330B0FBF2F00230704784
S2140349F038B505460C46FFF7EEFF6A6CE31D143A1E
S214034A00B3FBF2F3013304EBC30402FB004038BDEF
S214034A1038B5054644692146FFF7EAFF6A6CE31D8D
S214034A20143AB3FBF2F3013304EBC304204438BD5A
S214034A30F7B507460E4600257C6CA819644280EA43
S214034A4006031C4003D02C46204603B0F0BDFB6B88
S214034A5001225B6901A99847019B0133F4D1043510
S214034A60EAE770B505460C46D4F7CCFDEB6B20465B
S214034A70BDE87040DB68184770B50025044686B06D
S214034A800562E369AB4202D8206A06B070BD666C65
S214034A902068E36B05225B6901A906FB05009847BE
S214034AA001A800F023FC00F046FC10B1236A013392
S214034AB023620135E5E738B50446456C006804F122
S214034AC0400305FB0101E06B00F042FC054620466F
S214034AD0FFF7D2FF284638BDF0B50546002687B057
S214034AE0EC69013CB44203D80C46204607B0F0BD3F
S214034AF001B14C1E6F6C2868EB6B05225B6901A93C
S214034B0007FB0400984701A800F0F0FB00F013FC35
S214034B100028EAD121460136E2E7F0B504460D4601
S214034B20466CE36B006887B005225B6901A906FB48
S214034B300500984701A800F0D9FB00F0FCFB20B164
S214034B4001A800F0AAFB07B0F0BD29462046FFF7F0
S214034B50C3FF0646676C2068E36B05225B6901A901
S214034B6007FB0600984701A800F097FB431CEAD012
S214034B70B54238BF0130E6E72DE9F0434FF6FF793B
S214034B80D0F8248004460E46C84514BF4546002583
S214034B90002787B0E369BB4202D807B0BDE8F083BD
S214034BA0E26B2368606CD2F814C000FB0530052264
S214034BB001A9E04701A800F099FB022806D0C845E2
S214034BC00CD1721C29462046FFF775FFE3690135B1
S214034BD0B5FBF3F2013703FB1255DBE72946204604
S214034BE0FFF79BFFB0F1FF3F14BF02463246013288
S214034BF0E8E70368F0B5CC1A436C0646B4FBF3F457
S214034C00002587B0F36937685A1E9542706C08D33F
S214034C10706C336800FB043007B0BDE8F04000F06A
S214034C2095BB0134B4FBF3F203FB1244F36B05228A
S214034C305B6901A900FB0470984701A800F056FBC6
S214034C4000F079FB0028E3D10135DBE710B423F04D
S214034C50030422449B070A44436C18BF04325B4296
S214034C6081EA0204234203D05DF8044BFFF7C1BF79
S214034C7010465DF8044B70472DE9F041D0E90A363B
S214034C809E42044686B028D11422C369456802FBB7
S214034C901355284606B0BDE8F0812068676C331AC2
S214034CA0B3FBF7F3E26B07FB0300D2F8148001A90A
S214034CB00522C04701A800F019FB012804D0636C45
S214034CC01D44013B3340ED1A31462046FFF791FF62
S214034CD00646A36AB342E0D1DBE70025F9E708B549
S214034CE008301346D1E90012D4F712FC012008BDA0
S214034CF013B50C46002121760093616813462246BD
S214034D00D3F700F818B1E37D03B1A07EA075A07DAC
S214034D1002B010BD73B5164600F108050C462846CA
S214034D2009680DF1070200F098F9032E06D16368AF
S214034D30834203D12846216800F076F9012002B0A9
S214034D4070BDD01E009B42424241187E824211D162
S214034D501A688A420ED85A688A420BD35A690132B5
S214034D605A61D3E9030282423FBF986840F8221093
S214034D7001321A610120704710B5032A029C07D13D
S214034D80A26A5340626C5242134201D100F04CF9BE
S214034D90012010BD08B5C36800209847BDE8084049
S214034DA0D4F738BC012814BF0420022070B50024B1
S214034DB042431C70CC7D101D02F002024CB91AB19E
S214034DC0012220F003001A7000F108034868184413
S214034DD070BD1AB1012220F003001A7000230C7E66
S214034DE001F12005DAB2A24201D30020F0E735F83C
S214034DF033205E1C824206D901EBC30300F108028E
S214034E00D8691044E4E73346801AEBE773B50546E2
S214034E1090F842601C4630460DF10303FFF7C2FFCD
S214034E20EB6B012E5B690DD1324601A998479DF8BD
S214034E30033013B1BDF806300193BDF80430236088
S214034E4002B070BD0122214602B0BDE8704018478B
S214034E50F0B5054600244868EB6B87B00E46012282
S214034E605B69029402A908309847274695F84230B2
S214034E70012B40F0AC80632C00F2AB80612C08D889
S214034E8005AB224631462846FFF7C0FF9DF814308F
S214034E905BB305AB2246314628468DF81070FFF704
S214034EA0B5FF95F84230012B059B7FD14FF6FF7275
S214034EB0934256D0082205A904A800F063FA059B7E
S214034EC09DF81010C3F3072291424AD1DBB2029A2F
S214034ED01A44029245E0DCD005AB2246314628460A
S214034EE0FFF794FFBDF81430D2E795F84230012B54
S214034EF039D1612C2ED822463146284603ABFFF71C
S214034F0085FF3146284604AB621CFFF77FFF314618
S214034F10284605ABA21CFFF779FF102208230DEBEA
S214034F2002010DF107008DF8073000F02BFA10226E
S214034F3005A90DF1070000F025FA039BDAB24AB97A
S214034F409DF80720B2EB132F04D1DDE9043203EBFF
S214034F500243029395F84230012B14BF0123022328
S214034F601C44013482E7302CF4D8224631462846C6
S214034F7003ABFFF74BFF3146284604AB621CFFF733
S214034F8045FF102320220DEB03010DF107008DF8DA
S214034F90073000F0F7F9039B9AB2002ADAD19DF89E
S214034FA00720B2EB134FD5D1049BD2E70133D8D0F9
S214034FB0102205A90DEB020000F0E4F9059B9DF80D
S214034FC01010C3F307429142CBD19BB27FE7312C3B
S214034FD081D9029807B0F0BD13B500240194049C50
S214034FE00094D3F76BFB02B010BD13B501240194F4
S214034FF0049C0094D3F762FB02B010BD00234FF06D
S214035000FF3230B544689C4202D10023037230BDA0
S214035010016801EBC30541F833206A600133F2E708
S214035020C0E90012FFF7EABF0023F0B545689D42CA
S21403503010D00468DF0054F8332004EBC306B2F143
S214035040FF3F08D0C2F31302914204D14FF0FF335F
S214035050E3517360F0BD0133E9E70023F0B545681B
S2140350609D4202D14FF0FF300EE00468DE0054F894
S2140350703340671C09D0C4F31307B94205D1240D86
S2140350801470036833445868F0BD0133E8E770478B
S21403509070B59400224605460E460AF011FA431CE4
S2140350A00AD058B9224631462846E6F7A9F9002819
S2140350B014BF3D20002070BD6E20FCE77120FAE788
S2140350C013B5044601A8D5F723FB9DF806302380C5
S2140350D04FF480736380D5F729FB6060002002B02D
S2140350E010BDD5F799BA08B5D5F78AFA002008BDDA
S2140350F010B5044644EA010313F00303084609D136
S214035100934201D1002010BD54F8231040F8231019
S2140351100133F5E721469200E5F7B6FFF2E710B54F
S21403512004460AF0C9F9431C10D088B9D5F7FEFA2D
S214035130234620F003002044984201D1002010BDEE
S21403514053F8042B0132F7D03E20F8E76E20F6E73B
S2140351507120F4E7704713B50023044601461B226B
S2140351600DF107008DF8073000F00CF922689DF862
S2140351700730B3EBD26F0CBF0120002002B010BD86
S21403518013B500230446014620220DF107008DF8CF
S214035190073000F0F7F80DF107001A22211D00F082
S2140351A0F1F862689DF80730B3EB926F0CBF0120ED
S2140351B0002002B010BD0068431C58425841704797
S2140351C0006810F07E0F0CBFC0F3C160002070476C
S2140351D00068C0F3D3107047006800F07F00012812
S2140351E08CBF002001207047036813F07E0F14BFA6
S2140351F0042008207047036813F07E0F03D140682D
S21403520020F07C40704713F078001CBF03F07F0348
S214035210D81F7047006800F07F007047032809D046
S214035220022803D1C1F10201C8B2704700290CBF9E
S21403523007200020704737B5054601F10C04436983
S2140352406946012220469847BDF8003001220193A3
S2140352502046AB6901A9984703B030BD37B501F1C5
S2140352600C044369012269460546204698474FF6D3
S214035270FF72009B99B291420DD16FF30F0343F473
S214035280254343F0A503019301222046AB6901A9F8
S214035290984703B030BD0020FBE737B5044600252A
S2140352A01B22011D0DF107008DF8075000F06AF868
S2140352B060689DF80720B2EBD06F03D120F07840EA
S2140352C003B030BD0DF107001B2204F108018DF871
S2140352D0075000F057F8A0689DF80730B3EBD06F7F
S2140352E001D1C043EAE74FF0FF30E9E74BF29A22D9
S2140352F0036810B5B2EB134F044613D19BB2012BD0
S21403530013D1FFF7CAFF01300CD04FF6FF72E068E7
S214035310B2EB104F4FEA104309D180B2C01A18BF40
S214035320012010BD2368013303D00420F9E70220CF
S214035330F7E70320F5E701288CBF0020012070471C
S214035340033801288CBF00200120704714307047B3
S2140353502DE9F04105469846036908460E4617466A
S2140353609847044638B943463A4631462846D4F762
S214035370C1F9044618B131462846FFF75CFF2046BC
S214035380BDE8F0811F2A0B689EBF4FF0FF319140A6
S2140353908B43590801F055315B1A03F033319B08F0
S2140353A003F033330B44017803EB13130A444FF033
S2140353B0013103F00F334B43A2EB136202707047C5
S2140353C008B507F037FEBDE808400021D4F79CBABD
S2140353D002210320D4F796BC704770477047704786
S2140353E070B5054614460E4609F053FD2B685C401F
S2140353F034405C402C60BDE8704009F045BD10B5F4
S214035400002422B1032A0CD00360047110BD11F4EA
S214035410000218BF4FF07F4221F07F4313430C0E68
S214035420F2E721F0FF03CCB2EEE730B5012400F536
S214035430805345685C60CB784A785B0443EA022372
S2140354400A7813438A78120402F480321343C0F8AE
S2140354509830EB075CBF00F50050446030BD70B574
S21403546001260C46054600F500535E600B78497826
S21403547003F0070343EAC103E17843EA0123A17873
S214035480090101F030010B430367C36AA17923F4D2
S2140354908B3323F4807343EA01432179090201F431
S2140354A0E0610B436179090301F480510B43C36246
S2140354B01146FFF7BAFF05F580535E60E37903B143
S2140354C0EE6070BD08B50A6FC96F02F00702FFF7FA
S2140354D096FF08BD13B5044601A8D5F719F9042CA1
S2140354E004D8DFE804F0061603101300002002B009
S2140354F010BD40F29C4040F2BA439DF80520012AB5
S21403550008BF1846F3E740F6B830F0E74FF41660E6
S214035510EDE740F2E240EAE74FF050234FF4003263
S2140355201A6770474FF0B0435A6812B19A6A002A56
S214035530FAD1704770B5054614460E4609F0A9FC25
S2140355402B685C4034405C402C60BDE8704009F03A
S2140355509BBC0122417803788A4030214B4342F2B8
S214035560100103F1A04303F570335A50704721FA34
S21403557000F2D20730B5034600F0FC040FD5002234
S2140355800132D2B2042A02D14FF0FF3008E083186A
S21403559003F00303234421FA03F5ED07F0D418467A
S2140355A030BD002070470020704700207047002061
S2140355B0704701207047012070470F207047E6F7B9
S2140355C039BC002307B5CDE90033012369464FF004
S2140355D0FF308DF8023004F0C8FB03B05DF804FB1F
S2140355E00020704710B508B9212010BD0029FBD054
S2140355F0036813F0704205D1C3F30E030B607BB14F
S2140356000020F2E703F05044B4F1004F05D0B2F1A6
S214035610304F02D0B2F1404FE6D103F07F03EDE7FF
S2140356204368002BE0D00B60EAE737B50C46054627
S21403563010B9212003B030BD0029FAD0002301A9F8
S2140356400193FFF7CFFF0028F4D12968019A11F0E0
S214035650704102F1030222F0030201D12260E9E75E
S214035660AD68B1F1004FC5F38033C5F3403504D1BF
S21403567003EB450353432360DCE7B1F1204F01D12D
S2140356802B44F7E7B1F1304FFAD0B1F1404FF7D0E2
S214035690CFE737B50C460546002800F0878000297B
S2140356A000F0848000230B60036803F070430B60F4
S2140356B0C26822B1032A79D143F080630B60AB68DA
S2140356C09A0149D403F08073EA680AB9002B6DD1B6
S2140356D0226822F0407213432360EA68032A05D146
S2140356E02A69F62A62D962F317432360AB681B0460
S2140356F042BF236843F400432360EB68032B1FBFBA
S21403570023682A6862F30E0323602B68AA68002BBB
S2140357102ADB12F4C84F49D12B6803F0704303F118
S2140357200043B3F1804F05D2530542BF236843F4C9
S214035730806323600023284601A90193FFF752FFE5
S21403574040B92B6813F070421FD12368019A62F3A5
S2140357500E03236003B030BD03F04073B3F1407F04
S21403576018BF4FF00073AFE7500402F4005105D49E
S214035770E1B1236843F400532360CDE7236843F481
S214035780804323600029C7D0F3E703F05043B3F107
S214035790004F05D0B2F1304F02D0B2F1404F05D1E1
S2140357A0019B5A1E236862F30603D2E72120D1E742
S2140357B038B131B101234B604FF0005300208B60AA
S2140357C070472120704737B50C46054608B9212097
S2140357D016E00029FBD001234B60C368A3B901A9D7
S2140357E00193FFF722FF58B9019B6A699A4209D3CE
S2140357F02A69002AEBD0226043F000530020A360FE
S21403580003B030BD1D20FBE7032BE0D10023F5E7F3
S214035810436813B9416070475B685A68012AFBD135
S21403582059607047FFF7DCBE08B5FFF7D9FE0028BE
S21403583014BF6FF09200002008BD1346428870B56F
S2140358400732072A0C464FEAD20101D0A14222D1E1
S21403585046680588202218460021E5F785FA360AA9
S2140358600346DEB9BCB141F20102954205D0B5F557
S214035870885F02D0B5F5905F02D100205C6070BDF2
S214035880B5F5105F0DD1182C03D0202C01D0102CA9
S21403589001D11C60F1E76FF08600F0E76FF08B0034
S2140358A0EDE76FF08500EAE7F0B51C464368064669
S2140358B01B0A0F46154689B035D122462946FFF7FF
S2140358C0BCFF68B9EB1C23F00303C4E90307636159
S2140358D045B9202200212046E5F746FA6FF08600F8
S2140358E009B0F0BD014620226846E5F73DFA6A4650
S2140358F029463046FFF7A1FF0028EAD12368009A1D
S2140359009A42E6D16368019A9A42E2D1A368029A60
S2140359109A42DED1A369069A9A42DAD1E369079AD4
S2140359209A42DDD0D5E76FF08B00D9E7D5F738BAC2
S214035930D5F752BB70470020704700207047C368F6
S2140359401944836853F8210030F8023B136070470C
S214035950012310B580F888300378044653B100F06D
S21403596061FA21462046D5F729FC2046BDE81040BB
S21403597000F04DBA10BD38B50D460446D5F706FC03
S2140359806B682046C4F8B032A96800F096F94FF069
S214035990FF332046C4F8B432FFF7CDFF38BDD0F846
S2140359A0B43210B50133044601D0002010BD00F018
S2140359B0BCFAC4F8B4020130F7D194F8B80280F008
S2140359C00100F3E708B5D5F71DFC08BD0A780138D2
S2140359D02D2A0ABF012200228918D5F76FBC072893
S2140359E01BD8DFE800F0060A0D1013150417012074
S2140359F0704700220820D5F761BC00221020FAE782
S214035A0000222020F7E70820FFF7E0BF1020FBE77F
S214035A102020F9E70846D5F7B3BC002070472DE9E8
S214035A20F74307280C46DDE90A7690461D4608D854
S214035A30013806280AD8DFE800F01D27303A445715
S214035A404A00212850D003B0BDE8F0830022204648
S214035A501146E5F755F93368C0B205EB83013A689A
S214035A6045F82300013348F8221033603B680133BE
S214035A703B60E8E7002220461146E5F741F9336824
S214035A8080B205EB8301EAE7002220461146E5F7DC
S214035A9037F9336805EB8301E1E700222046114618
S214035AA0E5F7DCFA336840B205EB8301D7E700225B
S214035AB020461146E5F7D2FA336800B205EB8301B8
S214035AC0CDE7002220461146E5F7C8FAE1E70023B2
S214035AD089461E461D468DF8063019F8013F7D2B74
S214035AE006D125702D0A65703B6848F82340BDE74C
S214035AF0202BF2D006F00102013612B98DF80430DD
S214035B00EBE71022002101A88DF80530E5F7A6FA89
S214035B10631901359870ADB2DFE72DE9F04F9B4668
S214035B20002385B08B45814688469246CDE90233ED
S214035B306BDC1A461E4619F80340212C09D81F2C85
S214035B4004D8103C072C98BF012200E0012601333D
S214035B50F1E7FF2CFBD15B4436B1013B43450ADD3D
S214035B602B2005B0BDE8F08F62B1013B4345F7DC5F
S214035B703546374602E000252F462E46454504DBCC
S214035B800020EEE79845F3D0EAE75D453BDB19F8DE
S214035B900730202B18D109EB07035B78FF2BDFD1E7
S214035BA0CEB920465AF82510FFF719FF78B303AB92
S214035BB0019302AB00932046DDE90E235AF8251025
S214035BC0FFF72DFF0135D9E7212B0ED109EB07038C
S214035BD05B78FF2BC4D1029B5AF825200E99012629
S214035BE041F8232001330293ECE7A3F11004072CBA
S214035BF002D91C460137D3E709EB07035B78FF2B73
S214035C00AED1E4B2CCE70624CAE72120A9E72620D2
S214035C10A7E72DE9F04F07460E4615469846044675
S214035C2085B0DDF84490DDE90FAB206808B3DAF8F9
S214035C300020D8F800108A421BDA0E9B53F8221075
S214035C40D1F73EFE48BBDAF800200132CAF800203E
S214035C506268117BFE291BD10E9B106801210093FD
S214035C602A464346CDE902B9CDF804A0FFF7D1FF93
S214035C7004462B7843B999F800302BB97EB101233B
S214035C803C4689F800302B70204605B0BDE8F08FFF
S214035C9001238BF800302B70EBE70C34C5E7344652
S214035CA0F2E710B50446236803B910BD237A13B987
S214035CB02046D5F79BFB0C34F5E710B541B10A79BE
S214035CC032B901249C300C71FEF73DFE204610BD10
S214035CD00020FCE72DE9F041BAB005460AAA0846BB
S214035CE003A900F05FF90446B0B90DF10A03019366
S214035CF00DF10B038DF80A0000930AAA284604AB9D
S214035D0003A9D5F723FD9DF80A20B2B19DF80B2011
S214035D1048B12AB1D5F76AFB20463AB0BDE8F08110
S214035D20FFF7BFFFF8E7D5F89C50002DF4D0A8681E
S214035D3008B1FFF7B6FF2D68F7E700B346681AAB5E
S214035D4006F10C082AAF01934046049B039900977B
S214035D500AAAFFF7E2FE04460028DDD1039B05A846
S214035D60CDE90637049B0595CDE90838D6F7B6FF87
S214035D7005A83368984705A800F03FFDCCE72D2417
S214035D80CAE710B50446AC30E4F7EAFE04F1AB0309
S214035D901A180020934200D110BD13F8011F0029E2
S214035DA0FAD00A2908BF0130F4E70023F0B50B60E8
S214035DB013600646D0F8AC0278B196F8AC0060B132
S214035DC0012406F1AC07D6F8AC02844210D306F1E0
S214035DD0AC00B3F5007F10D30120F0BD0D6801358C
S214035DE00D60156801351560F85C01330A2802D08A
S214035DF0B3F5007FF2D30134E5E7C15C0A29EBD0A3
S214035E000029E9D01168013301311160E1E710B5CB
S214035E100021D0F88C200446E4F7A6FF0023C4E94B
S214035E20243310BD73B5044600F1AC05802120462B
S214035E30FEF79EFD4FF4007106462846FEF798FDD2
S214035E400136C0F50070864220461FD8E4F788FE68
S214035E5006462846E4F784FE01362946421CA8195E
S214035E60E4F7D4FF2046E4F77BFE214602462846A5
S214035E70E5F70AF92046E4F773FE0A23204480F880
S214035E80AC300023C4F8AC3202B070BDFFF779FF24
S214035E9001AAC4F8AC0269462046FFF786FF002233
S214035EA0009B234483F8AC20C0E773B50D46044635
S214035EB0FFF767FF6B1C19D1D4F8AC3213B1013B63
S214035EC0C4F8AC3200252046E4F74AFEA84215D8AB
S214035ED02046FFF79CFFD4F8AC322BB16946204628
S214035EE001AAFFF762FFA0B902B070BD012DFBD176
S214035EF0D4F8AC328342F7D20133E1E7082000F04E
S214035F0023F8202000F020F8082000F01DF80135C3
S214035F10D9E7009D04F1AC06019BAB42E4D9715D61
S214035F202046D5F741FD0135F6E707B500200DF10C
S214035F30070100F0E7F820B99DF8070003B05DF805
S214035F4004FB4FF0FF30F9E710B5C1B2044600205A
S214035F5000F0C8F800280CBF20464FF0FF3010BDF5
S214035F600FB407B504AA52F8041B00200192D5F714
S214035F70B7FE002003B05DF804EB04B0704710B51D
S214035F804C1C0B460119045D222C03D07B2C01D03C
S214035F905C2C05D1D21A1844E4F738FF012010BD53
S214035FA00020FCE72DE9F047054691468846E4F7CE
S214035FB0D7FD2A4606461346197801322029FAD019
S214035FC0C9F800305C1B01236FF0404AC8F8003064
S214035FD0A64201D8002014E02F5D29197B2F12D08A
S214035FE0222F2ED1D8F80030621C53442A4449F895
S214035FF02320012C09D911F8013C13F0DF0F04D03C
S2140360002120BDE8F0877D27F3E701342B5DBB42F3
S21403601009D12B195B7813F0DF03F1D1222F00D1BE
S2140360202B550134D4E75C2B07D13246214628464C
S214036030FFF7A5FF0028E3D0013E0134A642E5D8CA
S214036040DEE75C2F08D1324621462846FFF797FF46
S2140360500028D5D0013EE4E7202FE2D10022631CBE
S214036060B3420A70DDD2EA18EB5C202BD9D0D8F8FD
S21403607000300F2B05DC49F823200133C8F8003025
S214036080CFE71E20BDE700F000B800207047D1F729
S21403609005BC70B50C46154610B9D5F715FE38B1D4
S2140360A043682BB12A462146BDE87040006818476E
S2140360B0232070BDF7B50D4616461C4638B9D5F7EE
S2140360C003FE04B901AC20B9232003B0F0BD03B925
S2140360D001ACC768002FF7D023463246294600682E
S2140360E0B847F2E707B501228DF807100DF107014F
S2140360F0FFF7CFFF03B05DF804FB0B4601461846D7
S214036100FFF7F0BF00230122FFF7D4BF08B508F05E
S214036110BBFFFA23B0FBF3F080B208BD0420704740
S21403612040F20160D5F7C6BE7047012070470020D5
S214036130704749BA89B280EA0103C3F30312534096
S214036140180380B258405B0103F4FF53584070476E
S21403615008B5D6F77BFA58B1A0F15903042B06D835
S214036160042B04D8DFE803F00404040304005C20D3
S21403617008BDD6F7C3BB7047F8B50C468D18073570
S21403618052421540A5F108070646384600F0DFF9E7
S214036190A188381B628801EBE00189B2A2EBE0021A
S2140361A025F8041C25F8062CA288C310AAB1A4EB74
S2140361B0C202B2F802C0D18003EB0C015180E28820
S2140361C092B1D31A9BB204EBC20425F8023CA38017
S2140361D0B3680344B3603846F8BD15F8082C42F09C
S2140361E0020205F8082CEAE725F8022CF0E72DE969
S2140361F0F04F4FF0000887B09946531C109B054696
S214036200174614BF14460824CDF81480002B00F05C
S214036210C580C3F80080002900F0C28042688A4225
S21403622040F2BE80073121F0070608F03FFE05AABC
S214036230CDE9008282463A464B463146284600F070
S2140362408AF9059F834607B130B9504608F029FE00
S214036250192007B0BDE8F08FB7F8028029694FEA26
S214036260C802C0EBC8080139B8F1270F29617AD9EB
S214036270B9F1000F51D1864206F1080848D02246EC
S21403628039462846FFF778FF04460590059B984451
S214036290404600F05CF9059906F10F004A88C308EA
S2140362A0A2EBD002A8F80220CA88A8F80430002A75
S2140362B030D0D31A9BB201EBC202A8F80630938003
S2140362C08B88F608A380B8F804303A46E380414644
S2140362D000232846668000F0A6F9AB680833AB6057
S2140362E0237843F0010323702B6901332B61628803
S2140362F0AB68504603EBC203EA68AB60934288BFC1
S214036300EB6008F0CEFD109B083400201C60A0E76D
S2140363103C46BBE7A8F80620D2E707EB080420466E
S214036320039200F014F90BF10703DB080599638069
S21403633008F10703DB08A380CB8893B1DB00039A3D
S214036340D81D821A5A44C2F3CF020B44E2809A80C5
S214036350A38808F1FF384FEAD808A1F80280CB805B
S214036360BBE7E380F4E7B9F1010F1BD107F108039C
S214036370B3FBF4F204FB1233B3B122463946284684
S214036380FFF7FAFE044623783A4643F001032370E8
S21403639021460123284600F046F9A8E7222058E7BD
S2140363A0212056E78642E8D13C46ECE707B50022B3
S2140363B04FF0FF3101AB0192D5F700FF019803B010
S2140363C05DF804FB2DE9F74F04460D46002900F05F
S2140363D0AB80D0E9056808F069FD15F8087C35F848
S2140363E0061CFB07009000D531B9009808F059FD4C
S2140363F0012003B0BDE8F08FA368D4F8109035F8F9
S21403640004ECA3EBC10B09F10103A5F1080C4A1C2C
S214036410C4F808B02361BEF1000F7BD0ACEBCE030B
S214036420D888B3F802A00190187807F00207C007CF
S21403643065D4002F64D10198A0EB0A07012F69D118
S2140364408A1CABF108075244C4F81090A76035F8CD
S21403645002ECBEF1000F61D0D4E900700CEBCE0A5B
S21403646007EB0009CA4559D21CF83EC057461CF034
S214036470010C15D1AEEB0101012911D1BAF80210B6
S214036480AAF802C001310A44BAF80610002943D01C
S2140364900AEBC107216901392161A1680839A160A6
S2140364A015F8081C013A21F0010105F8081C002123
S2140364B025F8061C5A801A7861F300021A707FB317
S2140364C0C3F107023A44C2F3CF02DA80BA804EB36E
S2140364D0B34227D37288002A08BF1E46B8F1000FBE
S2140364E006D0434504D8B8F80220002A18BF43460E
S2140364F00098C4E9056308F0D4FC002079E74FB19F
S21403650015F8087C724427F0020705F8087C002774
S2140365109F809CE763469AE70F46BBE70027BFE7E3
S214036520DF80D4E71E46D9E7222062E710B504468B
S214036530D5F75CFE2146BDE81040FFF743BFFFF7E3
S214036540F5BF0846FFF732BF0846FFF7F8BF00233C
S214036550036043607047F0B5D0E90554561C08BF86
S2140365600822002B4FF0000008BF2C46DDF818C0A9
S214036570CCF80000002C37D09DF814706588FF0017
S21403658007EBC505C2F1000E2078C00708D51BBB74
S214036590E088A0B104EBC004658807EBC505F3E704
S2140365A08D42F4D363B904F10806B6FBF2F002FB9E
S2140365B0106670180EB1A842EAD8CCF80040F0BDB9
S2140365C0082A0FD06088013004EBC000461A06EA9A
S2140365D00E06801B8542F0D2A0880028EFD0A4EBDD
S2140365E0C004D9E70846E8E72046E8E7034600691B
S2140365F0C0B10AB951B91A6810460378DB0711D53A
S21403660031B9C3885BB100EBC300F6E79A69F3E7D9
S214036610012904D1838823B1A0EBC300EDE7002052
S2140366207047184670472DE9F041D0E905540746F0
S21403663088461646ABB1954200D00ABB42460021B7
S2140366403846FFF7D3FFB442054600D02EB942467C
S21403665001213846FFF7CAFF0446C7E90554BDE8DB
S214036660F081954208D08D4228BF0D46B44205D02E
S214036670444538BF4446F0E70D46F7E74446ECE7A3
S2140366809442EAD1E3E770B500261C46C3E900014D
S214036690C3E90266C3E905001E611A775E62FFF767
S2140366A056FF23690139C908013341802361A36872
S2140366B030460833A360E3680833E36070BD002305
S2140366C007B5684600938DF80430D3F70BFD03B087
S2140366D05DF804FB10B508F0DCFB044606F03CFD51
S2140366E02046BDE8104008F0CFBB70474FF4C87093
S2140366F0D5F7DCBDD5F78EBE00F01CB870477047E3
S21403670008B503F07BF903F083F903F08AF903F085
S21403671099F9BDE8084003F0A8B9704708B503F037
S21403672068F903F067F903F066F903F066F9FFF713
S214036730F4FF08BD08B503F099F903F098F903F0E0
S21403674098F9BDE8084003F09BB9704701207047ED
S2140367502DE9F34112F001050446884622D110F0D4
S214036760030525D12F465208BA4209D1D3F748FF6D
S2140367700026B74204EB860008D1D3F74DFF11E09D
S21403678054F8273001330CD10137EDE7042258F8CB
S21403679026300DEB0201019308F092FE30B1D3F7D9
S2140367A03BFF3D25284602B0BDE8F0810136E0E711
S2140367B00125F7E77047B0F1006F0FD300F0784379
S2140367C0B3F1006F0CD000F06040B0F1404F09D039
S2140367D0B0F1604F14BF04200320704700207047B9
S2140367E00120704702207047002070471AB111B18C
S2140367F080B2D6F783B82120704701F094BEDEF747
S21403680033BFFFF78DBCD0E9023253F822300021A4
S2140368101878DEF77BBB704702F0D5B901F015BEDA
S214036820C3688268013BDBB252F823305B78652B82
S21403683002D10020E0F7BABE6E2B01D10120F9E7A2
S214036840662B01D10220F5E7704710B5D0E9023276
S214036850044653F82230187802F09FFAE368A268D9
S214036860013352F82330BDE81040187802F093BA8B
S21403687010B50446C0B2D7F70FFA200ABDE8104099
S214036880D7F70ABAD0E9023253F822301878D7F786
S2140368900BBB02F032BADFF787BB08B501F0F6FE92
S2140368A0BDE80840E0F770BDD0E9023253F8223065
S2140368B0186801F0E9BE0020E0F76CBE0120E0F79F
S2140368C069BE0221D7F786BA0321D7F783BA052113
S2140368D0D7F780BA08B501460C20D7F757FABDE8B4
S2140368E00840D7F7E5B908B501460020D7F74EFAB2
S2140368F0BDE80840D7F7DCB907B5C2688368043239
S21403690053F8223001211B880DF10602ADF806303C
S2140369100023D7F7E3FF03B05DF804FB08B508F0E0
S214036920C7FBBDE80840EDF749B910B51446D8F7DC
S214036930F1FA2146BDE8104008F0B2B808B5D8F71A
S214036940E9FABDE80840002108F0AAB808B5D8F768
S214036950E1FABDE80840ECF747BC08B5D8F7DAFA21
S214036960BDE80840ECF72CBC7047704708B508F044
S2140369709FFBFFF7FAFF03F0DDF8BDE80840D8F702
S21403698015BB7047012070470120704708B5D8F73C
S214036990A9FB00280CBF0420012008BD70472DE981
S2140369A0F34104460D4616461F46DDF8208008F0E0
S2140369B017FC3B46324629462046CDF8008003F0B6
S2140369C0BAF83B46324629462046CDF80080FFF704
S2140369D0E5FF02B0BDE8F04101F0A5BD2DE9FF4794
S2140369E004460D4616461F46BDF830809DF8349083
S2140369F0DDF838A008F0F4FB3B463246294620462D
S214036A00CDE9019ACDF8008001F040F804B0BDE866
S214036A10F04701F088BDF8B504460D4616461F46F6
S214036A2008F0DEFB3B46324629462046DDF7A8FF44
S214036A30044601F078FD2046F8BD70472DE9F34182
S214036A4004460D4616461F46BDF8208008F0C8FBD0
S214036A503B46324629462046CDF8008003F06EF8C2
S214036A6033464246294620460097FFF7E6FF02B024
S214036A70BDE8F04101F057BD704708B508F0B0FB1C
S214036A8003F05DF8FFF7F8FFBDE8084001F04BBDE3
S214036A90012070472DE9F74304460D4616461F4668
S214036AA09DF8289008F09CFB3B4632462946204634
S214036AB0CDF80090FFF7ECFF80463B46324629466A
S214036AC02046CDF8009003F03BF801F02CFD40463D
S214036AD003B0BDE8F083012070472DE9F743044671
S214036AE00D4616461F469DF8289008F079FB3B4650
S214036AF0324629462046CDF80090FFF7ECFF804645
S214036B003B46324629462046CDF8009003F019F856
S214036B1001F009FD404603B0BDE8F083F8B504462E
S214036B200D4616461F4608F05BFB3B463246294693
S214036B30204603F007F8BDE8F84001F0F4BC002057
S214036B407047F8B504460D46164608F049FB32462C
S214036B5029462046FFF7F3FF0746324629462046D6
S214036B6002F0F1FF01F0DFFC3846F8BD38B5044605
S214036B700D4608F035FB2946204602F0E5FFBDE842
S214036B80384001F0D0BC10B5044608F029FB204677
S214036B9002F0DBFF2046FDF72FFCBDE8104001F0B6
S214036BA0C2BC704738B504460D4608F019FB2946A3
S214036BB0204602F0D9FF29462046FFF7F2FFBDE83C
S214036BC0384001F0B0BC704770B504460D46164613
S214036BD008F006FB32462946204602F0C7FF324637
S214036BE029462046FFF7EFFFBDE8704001F09BBC47
S214036BF0704738B504460D4608F0F2FA2946204693
S214036C0002F0B6FF29462046FFF7F2FFBDE83840FC
S214036C1001F089BC70472DE9F34104460D4616463C
S214036C201F469DF8208008F0DBFA3B46324629468D
S214036C302046CDF8008002F09DFF3B4632462946AB
S214036C402046CDF80080FFF7E5FF02B0BDE8F0412F
S214036C5001F069BC704738B5054608F0C1FA284606
S214036C6000F0E1FE04460146284601F0AAFF01F0C3
S214036C705AFC204638BD38B504460D4602F07BFF65
S214036C8029462046FFF7E6FF38BD704738B5054668
S214036C9008F0A6FA2846DEF793FC04460146284683
S214036CA001F08DFF01F03FFC204638BD38B50446A1
S214036CB00D4602F061FF29462046FFF7E6FF38BD82
S214036CC0704710B5044608F08BFA204602F055FFCD
S214036CD02046FFF7F5FFBDE8104001F024BC7047DF
S214036CE038B504460D4608F07BFA2946204602F0DE
S214036CF045FF29462046FFF7F2FFBDE8384001F07E
S214036D0012BC704770B504460D46164608F068FA7E
S214036D1032462946204602F032FF324629462046AE
S214036D20FFF7EFFFBDE8704001F0FDBB704738B5D5
S214036D3004460D4608F054FA2946204602F020FF82
S214036D4029462046FFF7F2FFBDE8384001F0EBBBCB
S214036D50704738B504460D4608F042FA29462046E1
S214036D6002F00FFF29462046FFF7F2FFBDE8384042
S214036D7001F0D9BB704710B5044608F031FA204637
S214036D8002F000FF2046FFF7F5FFBDE8104001F0D4
S214036D90CABB704710B5044608F022FA204602F034
S214036DA0F2FE2046FFF7F5FFBDE8104001F0BBBB3F
S214036DB07047704770B504460D46164608F010FA3D
S214036DC032462946204602F0E1FE32462946204650
S214036DD0FFF7EFFFBDE8704001F0A5BB704710B5A5
S214036DE0044608F0FDF9204602F0D1FE2046FFF7E0
S214036DF0F5FFBDE8104001F096BB704738B5044672
S214036E000D4608F0EDF92946204602F0C1FE294654
S214036E102046FFF7F2FFBDE8384001F084BB704719
S214036E20F8B504460D4616461F4608F0D9F93B4604
S214036E3032462946204602F0ADFE3B4632462946F8
S214036E402046FFF7ECFFBDE8F84001F06CBB704747
S214036E5070B504460D46164608F0C2F93246294672
S214036E60204602F098FE324629462046FFF7EFFFFB
S214036E70BDE8704001F057BB70472DE9F341044667
S214036E800D4616461F46DDF8208008F0A9F93B4656
S214036E90324629462046CDF8008002F07DFE3B466A
S214036EA0324629462046CDF80080FFF7E5FF02B0BC
S214036EB0BDE8F04101F037BB0E2070470E20704747
S214036EC038B5044608F08CF92046FFF7F7FF054669
S214036ED0204602F062FE2046FFF7EEFF01F023FB9A
S214036EE0284638BD704710B5044608F079F92046A1
S214036EF002F054FE2046FFF7F5FFBDE8104001F010
S214036F0012BB002070470020704738B5044608F0CF
S214036F1067F92046FFF7F7FF0546204602F03FFED7
S214036F202046FFF7EEFF01F0FEFA284638BD70470D
S214036F3008B508F055F902F033FEFFF7F8FFBDE891
S214036F40084001F0F0BA002070477047704708B554
S214036F50D8F79AF900280CBF0420012008BD704713
S214036F600B68DA7B1AB9DB7C0BB9D8F7B1B9812089
S214036F70704708B5D8F7C4F9BDE80840D8F7CEB9C6
S214036F807047D8F7BDB9D8F7C9B9082808D84FF459
S214036F908B73C34013F0010F0CBF212000207047F2
S214036FA0212070470121D8F7ABBA0221D8F7A8BA37
S214036FB00421D8F7A5BA0821D8F7A2BA1021D8F722
S214036FC09FBA01207047D0E9023253F8223018786E
S214036FD0D8F742BC0868C37B1BB9C37C0BB9D8F788
S214036FE06BBC81207047D0E9023253F82230187800
S214036FF0D8F7A4BC704730B50546044615F8100B01
S21403700085B0029565691D44CDE900250B46A21D92
S214037010618801F036FE05B030BD704710B492F8B3
S2140370200A4192F8053103EB04230B8100235DF834
S214037030044B1A4601F023BE1FB50446084671B139
S2140370402178FF290BD0238B029363690193237C5A
S21403705000936288A31DDEF7CFFAFF23237004B0E4
S21403706010BD0868C37B73B9C37C032B0BD8DFE85A
S21403707003F002080406D8F761BFD8F791BFD8F724
S214037080C1BFD8F76FBF8120704770477047002095
S2140370907047137810B5032B0CD15479CBB29C42AE
S2140370A008D19379B3EB112F04D153781B1A5842A6
S2140370B0584110BD0020FCE77FB505460E46002468
S2140370C06946E0B201F083FD28B96A463146284690
S2140370D0FFF7DFFF18B90134202CF1D1002004B0EC
S2140370E070BDFFF7E9BF0868C37B9BB9C37C052B5C
S2140370F010D8DFE803F0030D070B0905D9F726B808
S214037100D9F762BAD9F7BCB8D9F70EBAD9F78CB99A
S214037110D9F75EB8812070470020704730B5102538
S21403712087B001AA00210195FEF709FC04462A460A
S214037130002102A8E3F718FE2A46214602A8E3F731
S21403714065FE012102A8D9F71DFC07B030BDD9F7AB
S214037150ABBB7047FFF7FDBF0B68DA7B5AB9DB7C26
S214037160012B04D0022B04D02BB9DAF72FB8DAF7A9
S21403717039B8DAF743B881207047002307B50121F1
S21403718001A80193D0F7E2F908B9D0F71BF801205C
S21403719003B05DF804FB08B502F06EFA052803D0C9
S2140371A0003818BF012008BD0220FCE77047D0E96D
S2140371B0023253F822301878003818BF0120DBF764
S2140371C09DBBDBF7A1BB00207047002070477047CC
S2140371D0FF207047FF20704700207047002070474D
S2140371E000207047704706207047DAF745BE0868E8
S2140371F0DBF71EBB70B50D4604460021284616462F
S21403720001F076F9324620800221284601F070F913
S214037210324660800421284601F067F90023A36004
S214037220E3606060082070BD034641B181424FF0C1
S214037230640005D94343B3FBF1F0C0B27047084678
S2140372407047DBF76FBBDCF765B9DCF76DBAB0F5F3
S214037250807F05D0A0F5007358425841400170471F
S2140372600820704730B599B00D4669461446DCF7DA
S214037270BFF930B915B1BDF802302B600CB10D9BC8
S214037280236019B030BD2DE9F04788B00E4690460E
S21403729004A905AA07461D46FFF7E4FF044638BBC4
S2140372A028800DF10C09DDE904A39A4520D20622B5
S2140372B051463846CDF8009006ABDCF7B5F9D8B999
S2140372C0039B062B18D12A88DDF81A3042450ED2C6
S2140372D0BDF8181026F832102A8806EBC20253604F
S2140372E02A885344013206332A800493DBE7F7D90E
S2140372F0204608B0BDE8F0870124F9E72DE9F043FE
S2140373008FB00F46904601A9002204469946FFF720
S214037310A9FF18B101200FB0BDE8F083062220466E
S2140373200DF1020302A9FFF7AEFF0028F2D10546CE
S2140373300246BDF80210019CEEB28E42EAD20EABB4
S21403734003EBC60656F82C3C36F8306C0634BE42C1
S21403735017BFE418012213460022013522B1C8F8EC
S2140373600040C9F80030D6E71A46E5E770B50024B2
S214037370012602F05BF9E5B2C26806FA05F5954206
S214037380234604F10104F4D3D8B270BD70B586B0B9
S214037390DBF77CFF00F11006E1F770FB00240546DF
S2140373A0142201A9301902F048F91CB99DF80430DB
S2140373B0FF2B16D0002303F118026A4412F8142C8C
S2140373C0FF2A06D11C44601E90FBF5F080B206B07F
S2140373D070BD2B44DBB2132BEDD91434B4F5826F96
S2140373E0DED14FF0FF30F2E7DBF786BD07B50422A8
S2140373F00DEB020102F021F9019803B05DF804FBDE
S21403740037B5054608460C46FFF7F0FFA84206D0F8
S214037410042220460DEB02010195E1F781FB03B040
S21403742030BD07B50B460092002102460120DBF76C
S214037430F5FD03B05DF804FB08B50121DBF726FD77
S214037440BDE80840E1F718BDDCF764B808B5FFF7F8
S214037450F3FF002008BD08B513460A460146184642
S214037460DBF770FE80F00100C0B208BD0020704755
S214037470704708B1DCF76EB9704730B4DDE90245F2
S2140374801DB1029430BC00F0C6B930BC70471F284B
S21403749004D8142200F5A030D5F7FABA70471F288F
S2140374A004D8142200F5A030D5F71EBB7047152864
S2140374B008B505D1FFF7DCFFBDE80840DCF790BA56
S2140374C008BD10B5142486B02246002101A8E3F7B0
S2140374D04BFC2023224601A94FF4A03001F095FC73
S2140374E006B010BD0020704713B500230C461A469D
S2140374F00146CDE90033E0B2DDF736F802B010BD41
S21403750013B500231446019001220093E0B2DDF781
S2140375102BF802B010BDD0E9023253F822301868B7
S214037520DDF79AB9194491420ADC4218002003B9E0
S214037530704712F8011D013B01EB0020DBB2F6E7B2
S214037540002070472DE9F04F4FF0000A85B00193F5
S21403755081460F4615465346019A11785FFA8AF21A
S214037560914203D8002005B0BDE8F08F019909EBDE
S214037570050801EB4202517892F802B011F040047C
S214037580009101F03F061BD0AC19BC42D4BF0024C7
S214037590012433466400A20740F18880009B1B0643
S2140375A040F192800E9B324603EB0B000021E3F77B
S2140375B0DBFB3D4600231D44ADB20AF1010ACBE7CF
S2140375C0042E07D866B1B31E022B0BD8DFE803F0F0
S2140375D0122130003E2E37D03F2E5BD03D2E4BD0AF
S2140375E00320C0E7BD4234BF002401240126640003
S2140375F03346D0E7AB1CBB4250DC02233A4629464F
S2140376004846FFF78FFFADF80A0002230DF10A087C
S214037610C1E7EB1CBB4243DC03233A4629464846F4
S214037620FFF780FF0390042603230DF10C08B2E74F
S2140376302B1DBB4236DC04233A4629464846FFF751
S21403764071FF03900423F0E77A1E95422CDA022397
S2140376503A4629464846FFF765FF4FF6FF7380B262
S21403766098420EBF0223023083B25C19A742B4BF0E
S2140376700324012404268EE7BD4215D298F8003071
S214037680FF2B0CBF01230133EC18BC42CCBF0324F1
S2140376900124EFE70124042600237CE73446B4E7FD
S2140376A00224C0E70224CDE70324E3E70E9A02EBA5
S2140376B00B0014B142F80B807DE732464146009337
S2140376C0E3F7E2FC009B76E702204CE710B514468E
S2140376D086B018811A460A9B0291CDE9034301231B
S2140376E00193099B014600930320BDF82030DDF784
S2140376F0D1F906B010BD1FB500240294079C01946F
S214037700BDF818400094FFF7E1FF04B010BD2DE963
S214037710F0410E461746054686B098B391B38AB332
S2140377204FF0000802A95FFA88F001F050FA044609
S21403773040B99DF80830032B08D008F10108B8F1CA
S214037740200FEFD1204606B0BDE8F0819DF8092052
S2140377502B799A42F1D1BDF80A206B889A42ECD174
S2140377609DF80C30BDF80D006B7128812B46224620
S2140377704FF6FF71CDE90067FFF7BDFF0028DCD0A9
S2140377800446DFE72124DDE710B586B00A9C04949F
S2140377909DF824400394BDF8204002940124CDE9CB
S2140377A0003413460A4601460620DDF773F906B091
S2140377B010BD1FB504460846194600230094CDE9BC
S2140377C00123079BBDF81820FFF7DEFF04B010BDAA
S2140377D0F0B5022805460E4614461F468BB00AD15E
S2140377E006A9F0B201F0F3F998B99DF819302371A0
S2140377F09DF81C306371119B224604930023CDE948
S21403780002330193109B3146009328463B46DDF72F
S21403781041F90BB0F0BD13B500240194049C009409
S214037820FFF7D6FF02B010BD2DE9F04506468846A1
S21403783014469A46002701258BB006A9F8B201F034
S214037840C6F920BB9DF81830012B19D19DF81920D5
S21403785033799A4214D1BDF81A2073889A420FD10D
S2140378609DF81C3032467371B9B2CDE9030ACDE9EF
S2140378700100434602200094DDF70CF9054610B9D3
S2140378800137202FD9D128460BB0BDE8F085054631
S214037890F9E70023FFF7C8BF10B50446DDF7D8FEA7
S2140378A00021631E04F10F0213F8010FFF2808BF1F
S2140378B019709342F8D10023237410BD002070473B
S2140378C070B506461D46DDF737FD044608B9212088
S2140378D070BD3046DDF7FEFF0028F8D0A0682A46C4
S2140378E0FF21FFF722F89DF81030002063719DF802
S2140378F01430A371ECE713B59DF81040CDE90034BE
S21403790013460122FFF7DCFF02B010BD08B5DDF712
S21403791013FD28B18068FF21FFF718F8002008BD83
S2140379202120FCE70122FFF7F1BF1FB50B466A468D
S2140379300146184601F041F96A460823002032F84A
S214037940021B013B13F0FF0380EA0100F7D1012875
S21403795038BF012080B205B05DF804FB2DE9F04F77
S21403796087B0DDE9109B05468846484619461F46FC
S2140379701446BDF848609DF84CA0FFF7D6FF042DCB
S2140379800346ABF800001AD8022D1DD9042D07D0E4
S2140379904FF2F222A188914222D1E28891071FD5A5
S2140379A0E17A0022CDE9013720463346CDE903923A
S2140379B0CDF800A001F056F907B0BDE8F08F6A1FB6
S2140379C0012A11D92120F7E700224146CDE9119279
S2140379D028462246109707B0BDE8F04F01F051B98C
S2140379E04FF6FF760C21DCE7052D0ED10023E17A56
S2140379F00022CDE90137CDE9039200912346524692
S214037A004146304601F021F9D6E74FF2F222A1882B
S214037A10914204D1E288920701D5E17AE8E74FF66E
S214037A20FF760C21E4E7F0B585B00546DDF744F9AB
S214037A3048B16B88B3F5006F05D1681D05B0BDE886
S214037A40F04000F0EFBC284600F003FD0446C8B93A
S214037A50E7B26946384601F0BAF878B99DF800608F
S214037A6066B92946384601F0B6F820B140F6044315
S214037A70984207D08C26304605B0F0BD0134202C42
S214037A80E6D1F7E78D26F6E7DDF7FCBA2DE9FF47E3
S214037A9004460D460146184617461E46BDF8308076
S214037AA09DF83490DDF838A0D8F788F8D0B9214689
S214037AB0284601F036F933463A4629462046CDE9AC
S214037AC0019ACDF80080DDF781FB33463A46294616
S214037AD02046CDE90D9ACDF8308004B0BDE8F047D6
S214037AE002F02BB804B0BDE8F087DDF719BDDDF76B
S214037AF0D1BCDDF7F5BC10B5044601F01EF908222B
S214037B0001462046BDE81040E3F780B901F017B9F7
S214037B10002101F014B901F026B900207047202097
S214037B207047EBF70BB8EBF755B8EDF7F7BC7047B4
S214037B30DDF742BE70B506460C46154600F04CF817
S214037B4050B13CB135B1204600F0D8FC013080B2CC
S214037B50A84200D9002070BD304600F043F840B17B
S214037B60002CF7D0012DF5D9204600F0CCFC0230CE
S214037B70EDE73046DDF780FDEAE7F8B5BDF81850C7
S214037B8010B3967855B9D478A6F14107012F07D8D4
S214037B90621ED2B200F0D1FD0020F8BD2C46F3E7FA
S214037BA0433E012E04D8A21E92B200F0DEFDF3E798
S214037BB0D27813B90DB1AA4206D811B9E3F7D4F8AF
S214037BC0EAE7E3F723F9E7E78920E6E741380328FE
S214037BD08CBF002001207047413801288CBF00204D
S214037BE001207047433801288CBF002001207047CE
S214037BF000207047002070470388B3F57C4F01D3FD
S214037C00FFF7F8BF0846FFF7F3BF10B54A880488A6
S214037C10A2420DD1037B0C79234009D0B2F57C4FE9
S214037C2008D3FFF7E7FF0B891B1A5842584110BDCC
S214037C300020FCE70120FAE738B50D88D488A54272
S214037C400AD10388B3F57C4F08D2FFF7D5FF138913
S214037C501B1A5842584138BD0020FCE70120FAE7BA
S214037C602DE9F04715460446B8B149B1EAB10026F6
S214037C704FF0140AB04690F80490F3B2994501D831
S214037C8000240AE027680AFB06773846FFF7BDFF9D
S214037C90013628B13C46A5F800802046BDE8F087AB
S214037CA07B8943441FFA83F8E7E71446F5E72DE993
S214037CB0F0470E4615460446B8B149B112B300273D
S214037CC04FF00C0AB846B0F80890BBB2994501D8F5
S214037CD000240AE06368324620460AFB0731FFF7B2
S214037CE0ABFF28B10C46A5F800802046BDE8F08718
S214037CF00B79013713F0300F02BFCB7843441FFADA
S214037D0083F8E2E71446F0E72DE9F04186B00D4626
S214037D101446984604AA05AB03A90646DDF782FD7A
S214037D2040B30DB1049B2B6034B3049D03982946DE
S214037D30FFF762FF2B88074602467188307800F00B
S214037D4050FBD8B1297911F010030BD0EB782A46F3
S214037D50CDE900433B4671883078FCF739FB06B023
S214037D60BDE8F0812A4620460599CDF80080FFF746
S214037D7004FFF4E78620F2E72046F0E77E20EEE7EE
S214037D801FB51C460023ADF80A20BDF818208DF851
S214037D900400ADF80610ADF80C2069461A4601A893
S214037DA000938DF80840FFF7AFFF009804B010BDAE
S214037DB0F0B587B00E4605AB04AA03A90446DDF763
S214037DC031FD08B3049D03982946FFF715FF2B885A
S214037DD0074602466188207800F005FBB0B1297992
S214037DE011F0100108D000963B462A466188207899
S214037DF0CEF758F907B0F0BD009101232A46314665
S214037E000598FFF7BAFEF5E78620F3E77E20F1E74D
S214037E102DE9F041064600254FF014080779E8B22D
S214037E20874201D800241AE008FB05F0D6F800C004
S214037E300CEB00043CF8000081421AD132B1802AD0
S214037E4010D194F90CC0BCF1000F12DAB0F57C4FD8
S214037E5005D32046FFF7CEFE834200D04BB920461B
S214037E60BDE8F081402A04D194F80CC01CF0400F02
S214037E70ECD10135D3E70121DDF710BC08B5134675
S214037E800022DDF739FD003818BF012008BD08B50C
S214037E9013464022DDF730FD003818BF012008BD29
S214037EA008B513468022DDF727FD003818BF0120EA
S214037EB008BD08B540220023DDF71EFD003818BFB5
S214037EC0012008BD08B580220023DDF715FD003824
S214037ED018BF012008BD0023DDF70EBD0021DDF726
S214037EE07BBD10B504460121DDF776FD2046BDE8CF
S214037EF0104001F056BE7047F8B516461F469DF86B
S214037F001820BDF81C300546DDF7F6FC78B10421D1
S214037F10DDF7E0FD044650B1284600F010FB3A4674
S214037F2031462846A047BDE8F84000F0FCBAF8BD45
S214037F302DE9F74F1E46DDE90C9B07468846144697
S214037F40BDF838302AB3B9F1000F22D00EB392F839
S214037F5004A099F80020504612F0080F0CBF8022A8
S214037F6040226188DDF7C8FC98B10821DDF7B2FD31
S214037F70054670B1504600F0E2FA334622464146C3
S214037F803846CDE9009BA84703B0BDE8F04F00F0A4
S214037F90CABA03B0BDE8F08FF8B5BDF81870164638
S214037FA01A463B460446DDF7A7FCE0B177B9022143
S214037FB0DDF790FD0546B0B1204600F0C0FA314625
S214037FC02046A847BDE8F84000F0ADBA1021DDF71B
S214037FD081FD054638B1204600F0B1FA3A463146EF
S214037FE02046A847EEE7F8BD73B5BDF81840164619
S214037FF01A4623460546DDF77FFCB8B1C4B92021EF
S214038000DDF768FD044670B1284600F098FA099B30
S2140380103146009328469DF820309DF81C20A04743
S214038020044600F080FA204602B070BD8624FAE7C4
S2140380300024F8E72DE9F04186680446007800F04E
S2140380407EFA002514273279EBB29A4203D8BDE8AC
S214038050F04100F068BA7B4332682078D15A02EBCD
S214038060030800F0C2F901214046DDF733FD03465D
S21403807008B1207898470135E5E72DE9F04F1C460F
S21403808089B09DF84C30BDF8488001939DF8503078
S214038090924602932246434607460D46DDF72CFCDE
S2140380A08DF814700646ADF816508DF81840ADF8E6
S2140380B01AA0ADF81C8018B9012009B0BDE8F08FEE
S2140380C005A9FFF7A2FD0028F6D000252F46A846EF
S2140380D02C4634E00C231FFA85F903FB09F9318893
S2140380E07368B1F57C4F33F8092003EB090B1AD3F9
S2140380F033F8090050452CD3019BA3422DD900F039
S214038100BAF99BF80200DEF791F9029B43B19BF89C
S214038110043013F0010F0CBF05200720DEF786F9A5
S2140381200134A4B219E0ADF81A205946304605AA20
S2140381300393FFF781FD039B0028D9D101353289CC
S214038140ABB29A42C6D804EB0800C31B5842584148
S214038150B3E708F101081FFA88F80137BFB2EDE765
S21403816010B5012488B006949DF83C4005949DF80C
S214038170384004949DF8344003949DF830400294AC
S2140381800B9C0194BDF828400094DDF7E7FD08B08A
S21403819010BD2DE9F04786B0BDF83880DDF83C9079
S2140381A09DF840A0CDF80080CDE9019A04460D461F
S2140381B016461F4600F013F9B8B1431EDBB2012B77
S2140381C010D800230122811E48424841CDE90432DB
S2140381D0CDE902A03B46324629462046CDE9008932
S2140381E0FFF7BEFF06B0BDE8F0870120FAE730B51B
S2140381F00024012587B0CDE9044503959DF82C504E
S21403820002950A9DCDE90045FFF7AAFF07B030BDEA
S21403821030B50024012587B0CDE9044503959DF8C4
S21403822028500094CDE901354023FFF799FF07B0A6
S21403823030BD10B5012486B0CDE904440024039470
S2140382409DF828400294099C0194BDF820400094B0
S214038250FFF786FF06B010BD1FB5089C03949DF874
S2140382601C400294069C019400240094DDF772FEE1
S21403827004B010BD70472DE9F84F0229074688461B
S2140382800C9D04D84FF0000A5046BDE8F88F1BB18A
S2140382900429F7D942F004023A702BB303247B7007
S2140382A01B0ABB70DFF76CF94FF000099DF8283006
S2140382B0385504F1020A01343B550B9A5FFA89F3E9
S2140382C0D45C002CE0D0732C10D82E464C2C56F8D9
S2140382D004BB3DD0532C15D0622C45D1AC8805F198
S2140382E0080600231A4616E00124DBE7A4F175030B
S2140382F0032BC7D8763C2E1D022C52D8DFE804F099
S214038300565A58006A6805F1080694B2D2B2B2F11A
S214038310FF0318BF01230AEB040119448845B1DBA8
S21403832050461946002947D153441FFA83FA5CB1D5
S214038330BBF1000FA6D0224607EB0A005946E2F728
S214038340A3FE54441FFA84FA354609F10109B4E73B
S2140383504FF6FF736A6805F1080694B222469C42FC
S21403836014BF02230023D6E76C2C05D1584600F031
S214038370CAF8841CA4B2B4E7732C04D1584600F0A0
S214038380BDF8441CF6E7A4F13003DAB2092A01D893
S2140383909CB2A6E7A4F14103062B3FF673AF373C26
S2140383A0E8E7012300242A68A346B4E70223F9E793
S2140383B00323F7E70423F5E700F1010C01393A54E8
S2140383C0C9B2120A1FFA8CF0ACE70020DDF7B6BF7D
S2140383D00022DDF7D3BF0023DDF7E6BF7047012099
S2140383E07047012070470120704770470020704790
S2140383F00020704700207047002070470020704719
S2140384000020704770470E207047002070470020FA
S214038410704700207047002070477047FF20704762
S2140384200E207047842070477047704700207047BF
S21403843000207047002070470020704700207047D8
S214038440002070470020704770470E2070470020BA
S214038450704700207047704700207047704770478A
S214038460704770470E207047704700207047812082
S21403847070477047704738B50546C0B2DDF7D6FF7C
S2140384800446280ADDF7D2FF14B1002808BF0024EB
S214038490204638BDF8B50546C0B2DDF7C7FF04462B
S2140384A0C5F30720DDF7C2FF0746C5F30740DDF730
S2140384B0BDFF0646280EDDF7B9FF24B12FB136B14E
S2140384C0002808BF00242046F8BD3C46FBE7344698
S2140384D0F9E710B4CC18944203DC5DF8044BFFF7BD
S2140384E021B800205DF8044B70470423FFF7F1BF63
S2140384F008B50223FFF7EDFF80B208BD0078FF281A
S21403850008BF0020704708B502220021FFF7F0FFDE
S2140385104FF6FF73984208BF002008BD003818BF07
S2140385200120400070470020704708B5FFF7A3FC02
S214038530FF284FF0FF3018BF0020C0B208BD08B5B3
S214038540FFF7F3FFFF280CBF2120002008BDF8B576
S21403855006460C4615461F4600F011F810B1254492
S214038560AC4200D1F8BD3946304614F8012BDEF78D
S2140385704FF8F5E7014600220220DDF7D9BF0120B8
S214038580704737B50546DCF763FA044601950CB920
S21403859081201CE0237823B12046DCF761FA0446E9
S2140385A0F5E72B6862685B889A42F5D1A368EA7B95
S2140385B099B272B12A8A9142EED16A7DB2EB134F19
S2140385C0EAD10020E36801A998478128E4D003B0E4
S2140385D030BD4FF6FF72EEE72DE9F84304460F462B
S2140385E0904699460BB3012A1FD80C20E2F7C2FD2A
S2140385F0064610B91920BDE8F8831020E2F7BAFD45
S21403860018B93046E2F7BEFDF4E70123002547EA32
S214038610084770600570C0F80C904460876033802C
S2140386203046DCF70DFA2846E5E72120E3E738B5C0
S2140386300446436808460D469847B4F90830002BAD
S21403864002DB2B78042B06D1002320466360BDE8AB
S2140386503840DEF76FBB38BD30B54FF48A5587B068
S214038660ADF816200DF116041A46029543B1002301
S2140386700122CDE90033234600F01EFA07B030BDD1
S214038680019401240094F7E7FFF7EBBEFFF7BDBEA6
S2140386900020704708B500F014FB20B900F05BFB20
S2140386A008B9DBF76BFBFFF7CFFEBDE80840FFF723
S2140386B0DBBE0020DEF7A6BF0021DFF743B80022AB
S2140386C0DFF702B81FB5D2880B4612F0200F4FF61D
S2140386D0FD7114BF49245224ADF80610510544BF5A
S2140386E0083CE4B2110544BF083CE4B2120444BF9C
S2140386F0023CE4B2032805D8DFE800F0020F161C9C
S214038700ADF80630BDF80600FFF788FEFF281CBF4D
S214038710241AE4B2204604B010BD02AA0DF10601E5
S214038720D8B200F08CFAEDE7D8B200F052FAADF802
S2140387300600E7E7013CE4B2E4E7F8B50646174669
S2140387400D4681B10C78FF2C0BD00846FFF7D6FEFA
S214038750B84228BF3846C4B22246691C701CE2F7EA
S21403876055FB3470F8BD0C46FBE770B5044615465A
S2140387700E4611B94170017070BD0B78FF2B05D101
S2140387804B78FF2B02D103704370F5E73046FFF7B3
S214038790BAFEA84228BF284685B22A46B11CA01CAA
S2140387A0E2F734FB25702D0A6570E5E7F0B523B9CB
S2140387B0013A531C2FD1002020E0042AFBD80023C3
S2140387C01C46551E6E1C1AD1042A10D00121D20055
S2140387D0501E01FA00F020421EBF914049420C434E
S2140387E018421EBF4FF0FF3101FA02F213439C42B8
S2140387F01EDCB4BF4FF0FF30002040B2F0BD40B1E6
S214038800465DEF00BE4034434E5D013DBE403343FC
S214038810D8E70646F5E78C5C38B90346A34202F16F
S214038820FF32C6D24FF0FF30E8E7835CA342F5D9A8
S2140388300120E3E7283807288CBF00200120704773
S2140388401D2810D004D840B11C2804D055207047EA
S2140388501E380128FAD81A2901E00B390F298CBFD4
S2140388605520002070470829F9E7002000217047AB
S214038870F7B59DF820400546082C104619469DF886
S214038880246036D8002213462C44AC4208D106F0A6
S214038890FD04382C0ED10096FFF7E7FF03B0F0BDBA
S2140388A014F8017D1B0243EA12631202BA1843F15D
S2140388B00003EAE7392E10D107EE100A07EE902AD6
S2140388C0B4EEE77AF1EE10FACCBF77EE677A77EE7E
S2140388D0C77A002117EE900AE0E7824273EB0104A1
S2140388E003D2801A61EB0301D8E7101A63EB010188
S2140388F0D4E700200146D1E738B5C36814461944C7
S214038900836853F821501AB12846E2F729F92070F4
S214038910284638BD2DE9F3411C4616460DF10702DD
S2140389209DF82050FFF7E8FF9DF807308046A342E6
S21403893088BF8DF807409DF807700DB1E41BE5B2BC
S2140389402A4600213046E2F70FFA3A4641467019A6
S214038950E2F75CFA384602B0BDE8F0812DE9F34150
S2140389601D46164601AA9DF82040FCF7E8FF019B2A
S21403897080469D4238BF0195019F04B1EC1B2246F9
S21403898000213046E2F7F0F93A4641463019E2F75D
S2140389903DFAF8B202B0BDE8F08173B5002415467F
S2140389A001AA1E460194FCF7CAFF019B072B0AD9AE
S2140389B02146CCB216B1C4F10704E4B2425C0131DD
S2140389C008292A55F5D1D8B202B070BD1FB5030ADF
S2140389D08DF80E300323009303AB8DF80D0000F0E3
S2140389E0BBF805B05DF804FB1FB58DF80F10042126
S2140389F0030A8DF80E30009103AB8DF80D0000F0DE
S214038A00ABF805B05DF804FBF0B589B016689DF8C1
S214038A103C50CDF809608DF811305668BDF83830F3
S214038A20012D109FBDF84440CDF80D60ADF812300F
S214038A308DF8145014D0032D19D13B68CDF815309A
S214038A407B68CDF819309DF848308DF81D30162315
S214038A500093BDF84C2002AB00F07EF809B0F0BDE1
S214038A608DF81540240A0F238DF81640F0E70120F1
S214038A70F4E71FB50446084611461A4602238DF846
S214038A800D100093214603AB00F066F804B010BD4A
S214038A9010B514461A460B6886B0CDF80D304B68F1
S214038AA03421CDF811300A23009303AB8DF815401B
S214038AB000F052F806B010BD2DE9F041B6B01446EA
S214038AC01D4606460F469DF8F080DFF75FF803AABB
S214038AD08DF80C001046330A8DF80F703F0A8DF898
S214038AE00E308DF80D602B468DF810708DF8114002
S214038AF005EB4405AB4202F102021FD16200D2B27B
S214038B00931DDBB23D99D8336B44073203F8CC8C04
S214038B1001EB4805D3B250FA82F2A94202F10202EF
S214038B2012D103EB4803009006213046BDF8F82027
S214038B30DBB2DFF735F836B0BDE8F08133F8021B59
S214038B401171090A5171D5E731F8024B02F8024C4C
S214038B50240A02F8014CE0E72DE9F0411C460546DD
S214038B600E4617469DF81880DFF710F82070434628
S214038B703A46314628460694BDE8F041DFF710B87A
S214038B80002070477047D3F7EDBA08B5E9F7D4FA73
S214038B90002840F6124018BF002008BD70477047F3
S214038BA0704770477047704770470020704770479C
S214038BB07047002070477047704702F066BFFEF7A5
S214038BC075B8FEF758B803F0D7BAF5F713BB03F03A
S214038BD0C4BAF5F7CDBAF5F735BBF5F7EFBAFEF736
S214038BE037B9FEF71DB910B49DF8044001945DF83B
S214038BF0044BFEF710B8FEF764B8FEF771B8F1F74A
S214038C00B7B9F1F7BBB9EEF727BDEEF72BBDEAF719
S214038C10AFBBFEF7B0B8FEF775B8FDF7C0BEFEF7FC
S214038C2098B8FEF784B830B4BDF808409DF80C50E9
S214038C30CDE9024530BCFDF7D1BEFDF76FBFF5F7B2
S214038C4073BCDEF7FDBFF5F739BD70B49DF80C4075
S214038C50BDF810509DF814600394CDE9045670BC1B
S214038C60F2F7A0B970B49DF80C40BDF810509DF80B
S214038C7014600394CDE9045670BCF2F7D3B9F2F747
S214038C80BDBA10B49DF8044001945DF8044BF2F7A6
S214038C900DBA10B49DF8044001945DF8044B01F03E
S214038CA0BABF01F0BABFFDF77DBFFDF78DBFFEF774
S214038CB01AB9FDF79EBFECF7E1BFEDF739BFEDF745
S214038CC00BBFECF705BC02F051BBEDF7BDB902F0E4
S214038CD0A7BBEDF749BBECF7ADBEEDF72FBFEDF73E
S214038CE0ABBEEDF7C7BEEBF76FBAFEF7C6B8FEF737
S214038CF061B8FEF774B8FEF781B800F036BC00F032
S214038D002FBCF4F731BAF1F77DBFF4F70BBAF4F7DB
S214038D1031BBF1F747BFEAF717BBF3F7D1BBFFF752
S214038D2032BFFAF7EFBEFEF703B9FDF72CBFFEF727
S214038D3031B801F020BDDEF7E1BEEBF72DB8EAF758
S214038D40D7BB01F0DCBF01F0B3BFEAF725BCEAF7F7
S214038D5073BFEAF79DBFEAF793BBDEF7EBBEDEF71A
S214038D60FDBEDEF7D5BEEAF733BBDEF7DBBEF6F7AE
S214038D7039BB01F09BBF01F062BFEAF72FBBEAF7EE
S214038D80F5BFEAF785BB10B4BDF8044001945DF85F
S214038D90044BFDF753BEDEF77DBFDEF76FBFF6F776
S214038DA0C1B8F6F7F9BA03F0FABA03F000BBF6F760
S214038DB031B9F6F711BB00F06DB900F0ABB900F0AE
S214038DC0D3B900F0B9BA00F029BB00F092BADFF7C6
S214038DD079BC00F0F0B900F01DBA00F030B810B559
S214038DE01C4601F0ECFD06F034FA0023C0F34020E5
S214038DF02370400010BD002208B50B461146FFF74E
S214038E00EEFF023818BF012008BD002070477047E8
S214038E10B1FA81F0400970470120704770477047E8
S214038E200020704770470020704770470E20704739
S214038E3001207047704701207047012070471422B5
S214038E400021E1F791BF704770B505460C468AB01E
S214038E50252200210DF10300E1F786FF6B68CDF8AC
S214038E601D30AB68CDF82130234601AC03F1100664
S214038E70224618685968083303C2B3421446F7D12A
S214038E8001236A7B8DF8023012F0040F0CBF4FF4F7
S214038E9080734FF4A073110748BF43F48063ADF8A3
S214038EA00030930748BFBDF80030684644BF43F020
S214038EB00803ADF80030F1F77DFB0AB070BD30B59E
S214038EC0427B0D46D10704468BB007D5407801A9EF
S214038ED0F1F7DAFBD8B12D200BB030BD9307FAD5E6
S214038EE0C2F3800310074FEA8313ADF8023044BF82
S214038EF043F48063ADF80230BDF80220201D0AB1AA
S214038F000DF1020201A902F0DDFD0028E3D001AB5A
S214038F1003CB9DF81430A1602373BDF81030606056
S214038F20590642BF627B42F0040262735A0542BF8F
S214038F30627B42F0080262731B0742BF637B43F007
S214038F40020363732B4606AC0AAD224603CAAA4243
S214038F5018605960144603F10803F6D10020BBE7F6
S214038F60F0B504460D4693B0252200210DF12300EB
S214038F70E1F7FAFE636804F1040CCDF83D30A3680C
S214038F8009AECDF841302B4605F110073246186876
S214038F905968083303C2BB421646F7D105238DF83A
S214038FA02230637B5B0103F40073ADF820306378F3
S214038FB0FF2B1AD1002360461A4601A900F0D9F9FF
S214038FC09DF80530FF2B0DD1002301A91A4618463C
S214038FD000F0CFF99DF80530FF2B03D11C26304651
S214038FE013B0F0BD9DF8053063700020617808AAC1
S214038FF000F0B4FA06460028F1D1607801A900F023
S2140390003EFA2B4603AD2A4618685968083303C24E
S214039010BB421546F7D1637B6078DB0648BF9DF8F5
S2140390201C3001A944BF63F07F038DF81C3000F0A9
S2140390303DFAD4E710B504468AB02422002101A8DD
S214039040E1F792FE637B590744BF4022ADF8102038
S2140390501A0742BFBDF8102042F48062ADF8102014
S214039060DB070FD5607801A9F1F70EFB10B12D20B1
S2140390700AB010BD01AB03CB637B606043F0020311
S214039080A160637304A9201D02F01EFD0028EED024
S2140390900020EDE71FB5694600F066F8002818BF04
S2140390A02D2005B05DF804FB73B50D461446064641
S2140390B0DEF730FF6B881A071AD522463146102092
S2140390C002F0E3FC2046DEF725FF6B88D90717D5A9
S2140390D00023224601210DF107008DF80730DFF744
S2140390E0EBF96B88002B0CBF2120002002B070BD6B
S2140390F0DE06EAD522460821281DDFF7DDF9E1E77B
S2140391009A0701D50223E4E75B07EAD50323E0E7E2
S2140391100F2070471FB50C46694600F025F810224D
S21403912021466846E2F76CF9B0FA80F0400904B0CD
S21403913010BDB8B1B1B14388A3B90378013B082B7E
S21403914010D8DFE803F00507090B0F0F0F0F0D000C
S214039150DFF7B4B8DFF70EB9FFF776BEFFF700BF49
S214039160DFF79CBA2120704738B50D4609B300B324
S2140391700378013B082B1AD8DFE803F0050D10131C
S214039180191919191600DFF7D1F80446284602F014
S21403919099FE204638BDDFF70DF9F6E7FFF78FFE99
S2140391A0F3E7DFF73DF9F0E7DFF782FAEDE721248F
S2140391B0ECE72124EDE770B586B0064601A80C4619
S2140391C01546FFF73CFE04238DF804301CB12068D7
S2140391D0616802AB03C3294601A88DF80560FFF753
S2140391E0A8FF06B070BD70B586B0044601A80D464C
S2140391F01646FFF724FE0323206861688DF80430C3
S21403920002AB8DF8116003C3294601A8FFF791FF4F
S21403921006B070BD0022FFF7E6BF30B585B00D4639
S21403922069460446FFF7A0FF20B92A46214668464A
S214039230FFF73AFF05B030BD30B5437B044613F065
S21403924001020D468BB007D0407801A9F1F71CFA4E
S21403925070B12D200BB030BD9B07FAD5ADF80220B8
S21403926001A90DF10202043002F02CFC0028F0D014
S21403927000210E22A81CE1F777FDBDF810302B80E5
S214039280039BAB60BDF81230AB819DF8143023739B
S21403929001AB03CB6060A1600020DBE770B5437BC6
S2140392A00446DB070E468AB003D42D2528460AB0AB
S2140392B070BD6946407800F04DF905460028F4D1A4
S2140392C0DDF81D300E226360DDF821300146A36011
S2140392D0637BB01C43F002036373E1F745FDBDF8FF
S2140392E00030069A43F004033380059BB260736034
S2140392F0DCE70B4610B50446102200211846E1F7BA
S21403930033FD2278032A09D0042A0DD0022A11D16C
S21403931001462046BDE81040DFF730BA0146204636
S214039320BDE81040FFF788BF01462046BDE8104061
S214039330FFF7B4BF262010BDF8B5074608460C460F
S21403934016461D46FFF77BFD04232370637B3146D9
S21403935043F00103204667706373FFF705FF08B108
S2140393602D20F8BD29462046FFF7C3FF0028F8D076
S214039370F6E7F8B5054608460C461F461646FFF7B9
S2140393805EFD0423237025B108222946E018E1F781
S2140393903DFD637B43F0020363734EB932460121FE
S2140393A0284600F0E4F8FF28607007D12D20F8BDAA
S2140393B031462046FFF7D8FE0028F7D1637B43F0FB
S2140393C0010363730DB90020F1E7002FFBD0394684
S2140393D02046FFF78EFFF6E7F8B50C460746084625
S2140393E016461D46FFF72BFD03232046394600F895
S2140393F0043B0822E1F70AFD637B314643F0020390
S21403940020466373FFF7B0FE08B12D20F8BD29464A
S2140394102046FFF76EFF0028F8D0F6E7F8B50746B4
S21403942008460C4616461D46FFF709FD0323237020
S214039430637B314643F00103204667706373FFF78F
S21403944093FE08B12D20F8BD29462046FFF751FFAD
S2140394500028F8D0F6E718B18022012100F087B87B
S214039460FF207047002307B51A4619460093F2F704
S2140394705BFEB0FA80F0400903B05DF804FB0B46D0
S21403948010B519220446FF211846E1F76DFC7E2C21
S21403949001468CBF04F5C43004F583304FF019023F
S2140394A0BDE8104088BFAD30D3F7F2BA7E2888BF38
S2140394B000F5C4304FF0190294BF00F58330AD3089
S2140394C0D3F712BB30B589B00D46FFF7C4FFFF28AC
S2140394D004460DD001A9FFF7D2FF2868696801ABDF
S2140394E003C3204601A9FFF7E1FF002009B030BD02
S2140394F02D20FBE7704770470020704770470F200A
S214039500704770479DF8000070470F2070470F2084
S2140395107047002070470F207047002070470020D8
S214039520704784B08DE80F00002004B07047002019
S2140395307047704770470020704770470020704799
S214039540704700207047012070477047002070471F
S214039550012070470E207047FF2070470E2070478B
S2140395600E2070470020704770470E207047FF207C
S21403957070477047704700207047704770477047C2
S2140395800020704770470020704700207047002077
S2140395907047704770470020704770470020704739
S2140395A00020704770470020704710B50024E3B2D0
S2140395B010B9C3F10303DBB20134042CCA544FEAD7
S2140395C01222F4D110BD10B50B784C788A78C9787E
S2140395D028B910462246044608461946034642EA78
S2140395E0012043EA042343EA004010BD7047DFF737
S2140395F079B908B5CDF7E8FE002814BF8620002009
S21403960008BD08B5CEF7B0F8003818BF012008BD6E
S21403961008B5CEF769F8003818BF012008BD08B5AD
S214039620CEF7EEF8003818BF012008BD08B5DFF7FF
S21403963039FABDE80840DFF7E7B970B504460D46CA
S2140396401646DFF72FFA0420DFF7D0F9324629460D
S2140396502046FFF7DDFF04460220DFF7C7F9204662
S21403966070BD08B5DFF71EFABDE80840CEF720B890
S214039670DFF750BDDFF730BD08B5DFF72DFD20B1AE
S214039680BDE808400020DFF765BE112008BD10B511
S214039690044608B1DFF740FF2046BDE81040FCF75C
S2140396A04EBF10B50446006A10B1616AFFF7EFFFBC
S2140396B00020C4E9080010BD38B50546FFF7F1FFE2
S2140396C02B7E0446012B0ED0023B012B0ED8EB69F2
S2140396D0012B18BF6FF09604282200212846E1F7D5
S2140396E043FB204638BDEB69002BF2E76FF0960488
S2140396F0F2E718220021E1F737BB70472DE9F84F50
S2140397009846DDE90B490D9B15469A0706460F4614
S21403971023D02A460A9B03EB040A1444A24220D110
S2140397200D9B9B0705D5A2EB050AD14505EB0A045D
S21403973020D82046BDE8F88F434639462020B04758
S2140397400AF1010ACA450AEB0B02F5D3A9EB040298
S2140397504C4588BF00222A44DCE7A246A5EB040B4F
S214039760F0E702F1010B434639461AF8010DB047FC
S2140397705A46D3E74346224639462020B0470AF1E5
S214039780010AD2E72DE9F047DDE90D7616F0020F60
S2140397909DF82880DDE90854DDE90BCE1FD106F0DD
S2140397A001094FB1B9F1000F06D0B8F1000F02D18D
S2140397B016F00C0F00D0013F4FF0300A04E0202CC7
S2140397C004D005F804A001347445F8D3B9F1000FAA
S2140397D005D04FF03009A74201D9202C2DD116F021
S2140397E0100F1FD016F4806F2CD15CB3744501D0D4
S2140397F0BC4227D1B4F1010E23D0BCF1100F46D1E1
S214039800023C16F0200F28D1202C28D04FF0780CDD
S21403981005F804C00134202C21D04FF0300C05F895
S21403982004C00134202C1AD0B8F1000F23D04FF017
S2140398302D0C05F804C0013412E005F80490013439
S214039840C9E77446BCF1100FDBD0BCF1020FE2D1BE
S214039850202C04D04FF0620CDAE7202C08D1202409
S214039860CDE90A76CDE90854BDE8F047FFF746BFD1
S2140398704FF0580CCCE716F0040F02D04FF02B0C29
S214039880D7E716F0080FEBD04FF0200CD1E7BCF16A
S214039890020F7446C1D1DDE72DE9F04391B0189D60
S2140398A01A9E1D9F0DB927F010077C0500D515B32A
S2140398B017F0200F14BF4FF0410E4FF0610EAC4669
S2140398C000250DF12008AEF10A0EBCFBF6F906FBE7
S2140398D019C95FFA89F4B9F1090F94BF3034744497
S2140398E0E4B2B44508F8014B05F10105BCFBF6F4F8
S2140398F001D3202D10D11C9C069705941B9CCDE903
S21403990003649DF86440CDE9015408AC0094FFF766
S21403991039FF11B0BDE8F083A446D6E72DE9F04F32
S21403992095B0269ECDE90A23DDE91E74DDE9229B68
S21403993057EA040308BF26F010067205CDE90801AE
S21403994002D557EA040337D016F0200F14BF41237D
S214039950612300250DF1300AA3F10A0821464A4681
S2140399605B463846E0F794FED2B2092A94BF3032FB
S21403997042444F45D2B274EB0B0405F101050AF8D5
S214039980012B01D3202D14D1259B06960593249BEA
S214039990DDE90801CDE903939DF88030CDE9015355
S2140399A00CAB0093DDE90A23FFF7ECFE15B0BDE828
S2140399B0F08F07460C46D1E70025E5E708B100F02F
S2140399C014B8704710B1D1E900311847704738B55D
S2140399D0441E14F8015F25B90A2000F006F828464D
S2140399E038BD284600F001F8F3E701460020FCF7EF
S2140399F079BB70477047E9F7BBB8704708B5FCF703
S214039A0042FBCDF7E1FCBDE80840CFF7F1BD704758
S214039A1008B5CEF721F8FAF7DCFFBDE80840DFF714
S214039A2041B808B5FBF7FEFEDFF7AAFDFBF7D8FD46
S214039A30E0F748F9E0F734F9E0F7B6F8BDE8084090
S214039A40D3F700B808B5D1F717F8FBF7B8FDD1F789
S214039A501FF8FBF7B6FDD5F707FAD5F7ADFAD5F736
S214039A60B5FBBDE80840D5F7D3BA70477047E0F7B3
S214039A70C1B808B5FCF752FFBDE80840FCF776BF4F
S214039A80704707B500220346114601200092D4F71B
S214039A9065FB03B05DF804FB07B500920B46027D39
S214039AA081898068FDF74EFD003818BF0120C0018C
S214039AB003B05DF804FB08B50020DBF75DFC00206F
S214039AC0DDF7EEF90020D5F729FF0020D6F716FAC2
S214039AD00020D6F73FFF0020D9F76EFA0020D9F70B
S214039AE0D9FF0020DAF7CEFDBDE808400020DAF7FC
S214039AF0B9BE08B50120FDF73CFABDE808400120D1
S214039B00D6F7FCB908B50220DBF72AFD0220DAF700
S214039B10C3FE0220DDF7D2FC0220FFF7ABFD0220D6
S214039B20FDF792FC0220D9F7B5FFBDE808400220F6
S214039B30DBF7B6B97047FDF7A7BF704770477047A6
S214039B407047704770477047704710B50446DBF799
S214039B50C1F82046D7F710FA2046D8F763F920460F
S214039B60BDE81040FDF7A3BCFDF7BEBCFDF7C8BCBF
S214039B70DAF792BD70477047704770477047704773
S214039B80704770477047704705F029BB70477047AA
S214039B90DAF71CBE704770477047704770477047C8
S214039BA070477047CCF7D0B9FEF748BC7047002023
S214039BB07047FEF745BCFEF74FBC7047431E012BAC
S214039BC003D9031F5842584170470120704700F0DD
S214039BD021BC4FF4D0720021E1F7C6B870B5044635
S214039BE0E3F79AF90546A8B9A169F1B1238AD3B177
S214039BF0204604F11002E3F73DF838BBE16919B3D8
S214039C00638AA3B1204604F1120200F0CAFA78B1BF
S214039C10054603E00023A3612361E361002328468E
S214039C206361236270BDA061E8E72082E6E7E36133
S214039C30216A0029F2D0A28A002AEFD02046E38ABE
S214039C40BDE8704000F06FBA6182F1E76582E561B6
S214039C50DEE711B9D0F8DC1021B1CB6813B18B68FD
S214039C60D88970474FF6FF707047E2F739BA10B5D8
S214039C700C461146E2F75AFAE3F788FC012801D1AD
S214039C80002010BD002CF7D10520FAE700F0CFB96D
S214039C9000F0E3B970B500232425D0F8DC00C468CF
S214039CA09C4201D1212070BD826805FB0322D68920
S214039CB08E4202D8128A8A4201D20133F0E700208C
S214039CC0F1E7F8B506460D46E1F7A6FCD8B94FF618
S214039CD0FF734FF0240CEF68C1B28F4208D81C46BE
S214039CE021463046E1F74EFE00F09AFB2046F8BDCB
S214039CF0AA680CFB0122D4899C4202D2002CEFD026
S214039D0023460130E8E70024F0E7C08D70470A7861
S214039D1038B505461046FFF751FF60B14C7820462C
S214039D20FFF74CFF38B12243530704D42846BDE857
S214039D303840E2F747BC212038BD10B50446087802
S214039D40FFF73CFF58B14A781046FFF737FF30B1AC
S214039D50042A04D02046BDE81040E2F751BC212077
S214039D6010BD00F0E8B8E2F7B3BF084600F008BB42
S214039D70E2F7F2BA38B504460D4600F08EF850B155
S214039D8029462046E1F7FEFD30B929462046BDE8C0
S214039D903840E2F7A9BA0E2038BD70B516460C4611
S214039DA005F077F8314605462046E5F78BFC044672
S214039DB0284605F069F8204670BD00F032B970B544
S214039DC0044600200E4600F027FBD4F8F0503DB1C1
S214039DD0002331462046AC46BDE870401A4660472D
S214039DE02B46012231462046E2F716FD284670BD73
S214039DF038B5044648880D4600F00EFBD4F8F0301C
S214039E002BB929462046BDE83840E2F713BC0220AA
S214039E1038BD00F003BB00F03CB9E2F733B9E4F712
S214039E202BBC70B5BDF81060054606B16BB1334464
S214039E3028469BB200F077F9044620B91EB1314696
S214039E40284600F0ABF9204670BD2124FBE7E3F774
S214039E5099BFC0F8EC1000207047E2F725BE00F06B
S214039E605EB910B4BDF8044001945DF8044B00F0ED
S214039E709FB80B4610B514461846A1689288E1F7BA
S214039E8003F9E168034631B1A0886288121A92B2D8
S214039E901844E1F7F9F8002010BD0346408A18B1CC
S214039EA0188A003818BF012070470846E4F7F0BC4C
S214039EB000F0ECBA00F0EABAE4F7FCBE084708B5CF
S214039EC0E2F728F9C0B208BD022A01D800F0E2B9C9
S214039ED021207047022A01D800F0EDB921207047EF
S214039EE0022A01D800F0F9B921207047E3F73CBCF9
S214039EF00846E3F757BC00F018BA00207047002066
S214039F0070477047D0F8943003F06003402B0DD0B1
S214039F10602B03D0203B58425841704749B10B6829
S214039F20012B06D9486940F00100704740F2011042
S214039F30704700207047F7B504461046D4E954C767
S214039F40DDE908268CEA020587EA06010540194082
S214039F5085EA0C057940C4E95451002523F40041F1
S214039F6006EA010320F0010043F40073024043F0C5
S214039F700203CDE90055E6F76FFA94F824309A0702
S214039F8013D5D4F854319B050FD54FF488112046CA
S214039F9000F058FB94F82430024665F3410384F836
S214039FA0243020460B46E2F789F8002003B0F0BDC4
S214039FB0F0B587B01C461746BDF830601AB90024C2
S214039FC0204607B0F0BD002BF9D00029F7D001AA30
S214039FD0E3F7D8FE0028F2D0BDF80630A2199A425D
S214039FE0BDF80850C4BF9B1B9CB2B54212D9039957
S214039FF0AD1BADB23144A5420391ADF808500DD266
S21403A0002A463846E1F740F80499621B7819E1F7C7
S21403A0103BF8D5E70499761B31440491224638462B
S21403A020F5E70846E5F7EEBA0220E4F739BE08B5C9
S21403A030D0F8E4304BB11A68022A06D993F82520E3
S21403A0404AB1186AB0FBF2F008BD4FF446624C21E1
S21403A0500020E1F7F9FC0020F6E7D0F8E42008B585
S21403A0607AB11368022B0CD9536A13F47F4FC3F3E8
S21403A070072106D0126ADBB253438B42B3FBF1F0DF
S21403A08006D2002040F67F424C21E1F7DDFC00209B
S21403A09008BD0346D0F830010860B3F83431002019
S21403A0A08B80704790F830310C2B14BF90F82B0040
S21403A0B0FF20704738B50C464FF400610546E7F7B6
S21403A0C06FFA70B17CB195F81E3173B94FF4807294
S21403A0D04FF480712846E7F74FFA003818BF01207F
S21403A0E038BD2202F4E72246F2E70020F8E74FF4F1
S21403A0F08071E7F755BA08B54A024FF40071E7F7DF
S21403A1003BFA002008BD08B58A024FF48061E7F7E2
S21403A11033FA002008BD4FF40071E7F741BA06236F
S21403A12000208B717047B2F5805FF8B50F46064680
S21403A130154619462ED89A422CD33F2A26D9B2FA68
S21403A14082F40122C4F11F03DBB29A4092B2AA4200
S21403A1502CBFC4F11904C4F11A04E2B20124931DFE
S21403A160DBB29C40A4B2AC4212D096F8F5309BB951
S21403A170012096F8243060F3C71386F82430384657
S21403A180E3F714FC00203762B582F8BD0022ECE743
S21403A1900020EEE72120F8E70E20F6E70846E3F76F
S21403A1A025BC70B505460E46144602B313883F2BEE
S21403A1B01DD9B3FA83F3C3F11901C9B2062901D82D
S21403A1C0192B12D0062928BF062101238A1DD2B2D5
S21403A1D0934030462380E3F711FC23882846EE613C
S21403A1E06B82E3F795FC002070BD0021EDE721208C
S21403A1F0FAE710B5144608460121E5F7D9F82046D4
S21403A200BDE810400121E5F7D3B8F8B504460E467D
S21403A210174604F03EFE3A46054631462046E5F725
S21403A22085FB0446284604F02FFE2046F8BD022090
S21403A230704703207047E4F72BBD10B50023E2F701
S21403A240ABFF044608B9E6F725FB204610BD70476A
S21403A25070B505460E46144600F0E3F83146284628
S21403A260FFF72FFD00F0DDF8230704D50B2C9CBF6A
S21403A27024F00804A4B221462846E1F751FF002241
S21403A2804FF400312846E7F777F9002070BD8021A8
S21403A290E7F786B97FB5531C05AAADF814100292EA
S21403A2A002210022DBB2CDE900211146E7F782F94D
S21403A2B007B05DF804FB7FB5531C05AAADF8141070
S21403A2C0029204210222DBB2CDE900210022012101
S21403A2D0E7F770F907B05DF804FB1FB5531C02914E
S21403A2E000220821CDE900210122DBB21146E7F75F
S21403A2F061F905B05DF804FB07B591F828300093C3
S21403A30091F82B3091F8292091F82A10E3F7F2F907
S21403A31003B05DF804FB10B50446E1F7FBFE014607
S21403A3202046BDE81040E1F7FBBE002914BF2120FC
S21403A3300020704738B5054610460C46E3F760FA2A
S21403A340D5B1D5F8E030BBB15B69ABB1421ED2B232
S21403A350FD2A13D90A68013204BF6FF001020A60AE
S21403A3600A68FF281A6007D16268013202D16FF0CB
S21403A3700102626062685A60002038BD0128F2E775
S21403A38038B50546E5F7FAFA04460021A878E3F758
S21403A3909FFA204638BD2DE9F74F01251C469DF848
S21403A3A03030064601930368174603F00703063367
S21403A3B09D4005F1FF380B46A1B1416804EA080B3E
S21403A3C0A5EB0B0A41F00059524509EB0B0114D9D2
S21403A3D052461846E0F758FE49467A1B5A445044FC
S21403A3E0E0F752FE019B2BB13C4448EA050804EA19
S21403A3F00804F46003B0BDE8F08F1846F0E737B5FD
S21403A400002514460095FFF7C6FF204603B030BD6F
S21403A410E3F772B8002070470020704700207047AB
S21403A4207047704730B549000446056812B10229E3
S21403A4301FD90339C90395B9E1B1B1FA81F3C3F161
S21403A4402003C3F10F00012838BF012003F01F03C8
S21403A450D940A94201D901384908216030BDB5FA6F
S21403A46085F339B1B1FA81F29B1A002BE9DC0F2090
S21403A470EFE700210F20F0E7012805D9023818BFBF
S21403A4804FF0FF30C0B270470120704708B5E4F7BD
S21403A49059FDBDE80840E4F77DBD38B50446FFF72F
S21403A4A0F5FF0546FFF7F2FF431BA342FAD338BD79
S21403A4B038B50D460446E4F745FD35B1844200D968
S21403A4C00139204601F0030138BD844238BF01310B
S21403A4D0F7E708B50121FFF7EBFFBDE80840E4F70F
S21403A4E059BD0B0C23F48053B3F5284FF7B50D462F
S21403A4F08FB2064699B216D04AF60103994214D093
S21403A5004AF60203994212D0B1F5204F14BF042431
S21403A5100324D6F8E0300BB1196851B9D6F8DC300D
S21403A52093B928680EE00024F3E70124F1E7022438
S21403A530EFE7234668463A46E4F788FDDDE900037D
S21403A540002BEBD103B0F0BD19680029E9D02346F0
S21403A55068463A46E4F77AFDDDE90003002BE0D1CE
S21403A560F0E702F06FBD0204C0F3891307D56FEA64
S21403A57083536FEA935313F5007F18B206D0A3F103
S21403A580C8006FF4FF739842B8BF184670474FF081
S21403A590384359699A6903F500530A405A6170476C
S21403A5A00E207047E6F76ABBE6F768BBE6F766BBBE
S21403A5B0E6F764BB08B50846E6F786FF08BDE6F788
S21403A5C05DBB0220704702207047002070470120C1
S21403A5D07047002070470E20704700207047E2F750
S21403A5E0D5BF084611460122FFF741BB70B50546A5
S21403A5F00C4611461A46E7F719F806682B46204616
S21403A600B446BDE87040604710B5E7F70FF8BDE8FD
S21403A610104083681847FFF710BEE2F7DFBEFFF768
S21403A620A9BBE2F7E9BB70B504460D4616464FF4E0
S21403A630881100F01CF8324629462046BDE87040D3
S21403A640E3F7FEB838B505460C4604F022FCD5F809
S21403A65090301C40D5F88C302343C5F88C3004F07A
S21403A66013FC211E18BF01210020490238BD38B54E
S21403A67004460D4604F00DFCD4F890301D40D4F883
S21403A6808C3023EA0505C4F88C5004F0FDFB2846FD
S21403A69038BD38B504460D464FF48811FFF7E7FF7B
S21403A6A029462046BDE83840E3F7F2B873B50D787F
S21403A6B006460C4635B304238DF80430237930461A
S21403A6C001A98DF80530FFF738FB0546B8B922789F
S21403A6D0A37952BB8DF80430E379304601A98DF88F
S21403A6E00530FFF714FB054648B923783BB161886C
S21403A6F03046E2F79FF901213046FFF7DBFC284698
S21403A70002B070BD2946FFF7D5FC29463046FFF751
S21403A710F2FC29463046FFF7F6FC2378002BCAD115
S21403A72023798DF804306379C9E702228DF8042073
S21403A730D3E7FFF7E0BCFFF7EEBC0020704710B589
S21403A7400446E7F70DF821460020E7F76BFEBDE861
S21403A7501040002000F03EB970470120704708B54E
S21403A760E8F78EFC80F00100C0B208BD4FF0FF3062
S21403A770FFF79EBB70470020704710B50C4604F0E9
S21403A780A3F8048010BD38B50C46154604F09CF8B3
S21403A79003881DB11C43A1B2018038BD23EA04011E
S21403A7A089B2F9E708B504F08FF8008808BD08B544
S21403A7B004F08AF8C07808BD08B504F085F8008868
S21403A7C000F00C0008BD08B504F07EF8008800F021
S21403A7D00C00031F5842584108BD38B5054604F01F
S21403A7E073F804462846FFF7EEFF30B904F110006D
S21403A7F004F02FFD00F4406038BD4FF40060FBE723
S21403A80038B5054604F060F804462846FFF7DBFF34
S21403A810014648B910342046042203F095FF20442D
S21403A820BDE8384004F015BDA08838BD10B50C4609
S21403A83004F04AF8848010BD38B5054604F044F8A1
S21403A84004462846FFF7BFFF014608B1201D38BD62
S21403A85010340422204603F077FF2044F7E738B588
S21403A860054604F031F804462846FFF7ACFF30B936
S21403A87004F1100004F0EDFC00F4404038BD4FF442
S21403A8800060FBE738B5054604F01EF80446284684
S21403A890FFF799FF014648B910342046062203F015
S21403A8A053FF2044BDE8384004F0D3BCA08838BD2D
S21403A8B038B5054604F008F804462846FFF783FF34
S21403A8C0014608B1201D38BD10340622204603F089
S21403A8D03BFF2044F7E708B503F0F6FF007A08BD10
S21403A8E008B503F0F1FF90F9090008BD08B503F0B9
S21403A8F0EBFF807A08BD08B503F0E6FFC06808BD25
S21403A90010B50C4603F0E0FF047210BD10B50C46FC
S21403A91003F0DAFF447210BD10B50C4603F0D4FF03
S21403A920C46010BD2DE9F8430F468046002107F1A9
S21403A93010001646994604F03BF80446D0B103F0DF
S21403A940C3FF0546204603F0DBFF002102462846E8
S21403A950E0F70AFA00232046AB7049F00401FFF73C
S21403A9600CFFA5F804802EB13A46314605F11000D7
S21403A970E0F78AFB2046BDE8F883F8B505460F46A0
S21403A9801020002104F014F80446B0B103F09CFF35
S21403A9900646204603F0B4FF002102463046E0F7A1
S21403A9A0E3F9002339462046B370FFF7E6FE25B1E8
S21403A9B02A460121204603F0D3FF2046F8BD08B5FA
S21403A9C003F082FF103008BD08B503F099FF103876
S21403A9D0C0B208BD0020E7F74DBC08B5E7F7A8FEF0
S21403A9E0002008BD4088C0F30C00033080084000F8
S21403A9F00430704770B50E4605461146304603F0E0
S21403AA00D7FF044635B128B103F05EFF3246294628
S21403AA10E0F7FCF9204670BD0088B0FA80F04009E4
S21403AA20704738B505880022044604F07CFC05B15F
S21403AA30258038BDF8B507460D4600880021164622
S21403AA4003F07AFFB042044605D129463846BDE8EE
S21403AA50F840FFF7E6BF0021204603F06DFFB04243
S21403AA6005D02046002103F067FF0446F3E72A4695
S21403AA702046002103F074FF32462846BDE8F8401E
S21403AA80002103F06DBF38B5044638B1002104F049
S21403AA9044FC002301465D1C09B998B238BD204624
S21403AAA004F05FFC2B460146F5E7F8B50588074634
S21403AAB07DB1CCB22146284603F03EFF85420646CA
S21403AAC009D100233B8000222146304603F048FF8D
S21403AAD035462846F8BD214603F02EFF214602469A
S21403AAE0284603F03DFFEEE72DE9F0470788824648
S21403AAF0884614465FB3384603F002FF3D460646D3
S21403AB00E4B22146284603F017FF4045814616D196
S21403AB10214603F011FF21460246284603F020FF94
S21403AB20474504D1454508BF0025AAF80050002232
S21403AB302146404603F014FF3046BDE8F0878742BF
S21403AB40FAD003F0DDFE30444D4686B2D9E73E46E2
S21403AB50F2E700220123C0E900237047F8B5044654
S21403AB600127002604F0A2F923683BB904F099F9FB
S21403AB7000226368012B0ED16360F8BD1D691F6157
S21403AB80266004F08EF9012DF2D02B462D691E6146
S21403AB90012DFAD1E6E719691A610B46EAE703685D
S21403ABA023B94068012803D0E8F70ABB00207047A2
S21403ABB04FF0FF307047F8B5054604F065FA0123F9
S21403ABC006460027A8602B7304F070F92B6802462C
S21403ABD07BB11C692169A1420CBF2F6019612761F3
S21403ABE0104604F05EF9012C08D0204663689847A7
S21403ABF0EAE76C68012C04D104F053F900232B73A5
S21403AC00F8BD6169711AB1F1004FF5D82169696021
S21403AC102361E5E770470220704702207047002053
S21403AC2070470144884201D10120704710F8013B68
S21403AC309342F7D0002070470821FDF7A6BF70B5F2
S21403AC400146064692B00020E6F7B6FF044670B902
S21403AC50FDF796FF054601466A462046E7F700FBE2
S21403AC606A46294620468DF80260E7F7AFFD204680
S21403AC7012B070BD00B593B0FDF782FF6A46014679
S21403AC800020E7F7EDFA9DF9020013B05DF804FB28
S21403AC9000B593B0FDF774FF6A4601460020E7F758
S21403ACA0DFFA9DF8000013B05DF804FBE7F79CBAE3
S21403ACB0012070477FB54FF6FF7101AAE8F75CFDE8
S21403ACC020B1BDF80C0007B05DF804FB4FF6FF702B
S21403ACD0F9E708B504F084FB003818BF012008BD67
S21403ACE008B51046E9F71CFEBDE80840E9F7D6BEEE
S21403ACF0704770477047704770477047704700212A
S21403AD0000B593B06A460846E7F7AAFABDF8060008
S21403AD1013B05DF804FB002110B592B004466A46F2
S21403AD200846E7F79DFA00216A460846ADF806404E
S21403AD30E7F74CFD12B010BD002100B593B06A468C
S21403AD400846E7F78DFABDF8040013B05DF804FB78
S21403AD50002110B592B004466A460846E7F780FA23
S21403AD6000216A460846ADF80440E7F72FFD12B007
S21403AD7010BD704773B50646E9F724F80446304617
S21403AD80EBF7A2FF2246034600213046F7F7BCFD49
S21403AD900546D0B1FFF713FE0446284603F094FD9C
S21403ADA00023E21D121A294608200093D2B2FBF7AD
S21403ADB094FE0138C0B2012807D80122294630463E
S21403ADC002B0BDE87040E9F733B802B070BD134671
S21403ADD010B50A4600210446F7F770FD014628B170
S21403ADE02046BDE810400222E9F722B8012010BD34
S21403ADF007B5009313460A460021F7F7D9FC28B196
S21403AE00002103B05DF804EBF5F784BA012003B024
S21403AE105DF804FB2DE9F04F87B00C4691460746D4
S21403AE20FFF7CAFC0546661C304604F012FA042DEA
S21403AE3040F090803846FFF7C2FD0378092203F0FE
S21403AE400303012B14BF022303230121204603938C
S21403AE5003F07AFC092200210546204603F074FC21
S21403AE6021788DF8170001390022204689B2FFF7B2
S21403AE70C1FD04EB09088346F0B14FF0010A2A46E8
S21403AE800146CDF800A003980DF11703FBF725FE46
S21403AE900228054626D1584603F032FD00222070CC
S21403AEA0C0B2431E00929BB252465946304604F047
S21403AEB0D1FA2378534423703846FFF773FC020411
S21403AEC024D498F8013021789B071FD50139A1EBCC
S21403AED009013A464046C9B2EDF712FD23781844F5
S21403AEE0207013E020B92070284607B0BDE8F08F25
S21403AEF0032809D1404604F0ACF920F4007189B266
S21403AF00404604F0A8F9D7E70428D5D10125002246
S21403AF1020462178FFF76EFD07460028E4D04FF061
S21403AF2000080146434601224046CDF80080FBF761
S21403AF30D4FD022819D1384603F0E2FCC2B2013A26
S21403AF40207093B2394601223046CDF8008004F0D3
S21403AF5081FAC9E780F0800520F0800081B2304690
S21403AF60C5F3C01504F077F9D1E70028BCD12070EB
S21403AF70BAE708B50020FFF7F2FB80F00100C0B285
S21403AF8008BD0A4608B501460020E8F751FFB0FAA7
S21403AF9080F0400908BD0020E7F74CBD00210846B5
S21403AFA0E7F7F0B90020FFF7D8BB70B5044604F006
S21403AFB050F9042200210646204603F0C5FB204430
S21403AFC004F047F9032205460021204603F0BCFBA4
S21403AFD0204404F03EF94FF6FF730540ADB29D42A0
S21403AFE014D1F30712D506220021204603F0ACFB4A
S21403AFF0204404F02EF90446E8F78CFF844214BF7D
S21403B00002240624E8F780FF204070BD2046FBF7A5
S21403B0107CFFC400E4B2F5E708B5FFF7C6FF0038C7
S21403B02018BF012008BD0120704710B50446FEF77F
S21403B030B5FA08B9FEF7B4FA03050FD40C231B2B95
S21403B04001D1002009E020FA03F1C90703F1010248
S21403B05006D5DBB2E31A5842584110BD0B23F9E775
S21403B0601346ECE710B50C46098819B90846F7F7F6
S21403B07005FC2080012010BD08B510461A4600F0D6
S21403B080B8FABDE8084004F082B870B504460D4629
S21403B090164692B06A46E7F7E3F86A46294620461C
S21403B0A08DF81F60E7F792FB12B070BD10B50C4623
S21403B0B0E9F70CFB2046BDE81040E9F71DBA012965
S21403B0C0F8B505460C461DD003291ED0052920D009
S21403B0D0072922D00026002400270120E7F704F8DA
S21403B0E0304485421DDA0320E6F7FEFF20448542FE
S21403B0F019DA0520E6F7F8FF38448542B4BF07207F
S21403B1000520F8BD6FF00406E5E76FF00404052696
S21403B110E2E700266FF00407DFE70024052726464C
S21403B120DBE70120EDE70320EBE738B5054600240F
S21403B1302046E6F7D9FF0134A842E4B202D9062C2A
S21403B140F6D10724204638BD38B14379490023F0A9
S21403B1500C0301F00C010B434371704710B5044612
S21403B16078B141794088490801F006010131000AA7
S21403B170FFF7A5FF024601462046FFF7E5FF104608
S21403B18010BD0722FBE738B50D46E9F78DFA0446EE
S21403B19008B9002038BDFFF7E1FF002DFAD1237967
S21403B1A013F00703F5D0984238BF1846C0B2F1E74C
S21403B1B0037923F00703194301717047037903F0FA
S21403B1C00F0343EA0113037170470022E9F710BE29
S21403B1D00021012208B5E9F70BFE401A18BF01202B
S21403B1E008BD38B51546FFF7F0FF0446284604F0B9
S21403B1F00DF984B1FF2804D0626822FA00F3DB0756
S21403B20001D5012038BD0123834013436360E378EF
S21403B2100133E370F5E72046F4E7EAF753B810B5D1
S21403B22003F052FB00F11004204604F012F820F459
S21403B230007189B22046BDE8104004F00CB82DE931
S21403B240FF411546019101218DF80D301B0A8DF83B
S21403B2500E309DF82C308DF80C008DF80F302846F4
S21403B2600423009103AA9DF828809DF830709DF86A
S21403B270346001F0D8FC044670B12946FFF7D6FACD
S21403B280B8F1000F02D12046FFF7C9FF2FB146B928
S21403B29031462046F5F73EF80024204604B0BDE8C4
S21403B2A0F081002220461146E9F792FFF4E74FF4B7
S21403B2B07A70EAF7E7B8F0B5064687B010461C463C
S21403B2C00F461546FFF77BFB9DF83030184443784E
S21403B2D09CB16178012211F0020F0CBF03210021FB
S21403B2E00020CDE90142CDE9031007223946304656
S21403B2F00095EAF763F907B0F0BD22462146EFE76B
S21403B30008B5E7F771FFBDE808400020EAF792BBEF
S21403B31000B58BB06846EAF791F8009BBDF80600C7
S21403B32004A90693EAF730F80BB05DF804FB1FB5E3
S21403B33004466846EAF782F802AB03CB20606160F6
S21403B34004B010BD1FB5062304468DF80C30EAF78B
S21403B35001FD00238DF80D00CDE900330121022302
S21403B360204603AA01F05FFC04B010BD70B50C467E
S21403B37005460120EBF7E2FB237B4BB1FFF7BFFC4F
S21403B380014623462A46BDE870400120EAF790BFEF
S21403B3904FF6FE71F5E7F8B50E460746FFF70FFBC7
S21403B3A0054603F056FF00F44040B0F5404F14BF87
S21403B3B00022062202F10A03EB5C0B325C0004F067
S21403B3C00E045B08144403F0380338461C44FFF7A6
S21403B3D0FBFA844208D2001BC2B20F2A28BF0F22F0
S21403B3E030462919DFF750FE2046F8BD40F62740C1
S21403B3F0ECF7D6BA13B5F5F72FFA6946044600F00C
S21403B400E1FF58B1FFF77BFC40B1E7F7E1FF28B156
S21403B4100023022269462046F2F7DEFD02B010BD85
S21403B420FF224FF6FF71ECF707BD07B500210DF1BC
S21403B4300700ECF78FFE9DF8070003B05DF804FBEA
S21403B44013B5044601A90020ECF784FE019A0146D1
S21403B4502046ECF795FE204602B010BDF0B50F4629
S21403B460002187B0044608461646ECF773FE012310
S21403B47005460DF10A008DF808408DF80930FFF7F0
S21403B48056FF092C1DD131460DF1120003F0E3FEE1
S21403B49005AB002102AA9B1A2846CDE90011DBB2B0
S21403B4A0642101F0C0FB0546E0B1092C15D1ECF789
S21403B4B0B1FE044688B12846ECF7C0FE204607B026
S21403B4C0F0BD31460DF113008DF812704FF6FF757F
S21403B4D003F0C1FE0DF11503DBE7284600F02EF856
S21403B4E00446EBE70446E9E77FB50D461646ADF896
S21403B4F00E0003F005FA841BE4B2BDF80E20631BAE
S21403B5009BB2104629460093731901F0C0FA2146F0
S21403B5100DF10E0001F093FA04B070BD38B5044681
S21403B5200D4603F090FF40B1AC4206D0204603F030
S21403B530EBFBBDE8384000F0DBBF38BD10B5044672
S21403B540FFF73DFA023003F084FE4FF6F773984296
S21403B550204603D9BDE81040ECF7F2BFEDF73CF800
S21403B560B0FA80F0400910BD0022ECF70DBF70B5AD
S21403B5700546FFF724FA0646284601F078FB0146FF
S21403B5802846F7F72DFE04462846FFF739F94FF607
S21403B590F773984208D8337803F00303012B05D1D9
S21403B5A0A31E5842584170BD0120FCE70020FAE76D
S21403B5B041F2033330B585B00D46ADF80830044686
S21403B5C0FFF79DFB8DF80A00FFF799FB0021000AA1
S21403B5D08DF80B0005232046CDE9001102AA8DF84D
S21403B5E00C5001F020FB10B12146FFF7BDFF05B05C
S21403B5F030BD2DE9F041044617460D46E1B13F291B
S21403B6004FF0000600D135462046FFF7D5F8082848
S21403B61014D10121204603F08FF9064603F070F992
S21403B6200446304603F050F93B4601462A46E0B24C
S21403B630BDE8F041FDF75BBB0126E5E72046FFF7D3
S21403B640BBF8024630B9BDE8F0414FF6FF71012062
S21403B65003F0C8BD2046FFF7C0F8B0F5006F0ED163
S21403B6602046FFF7CDF84FF6FF739842014617D0F2
S21403B670002D0CBF03200520002203F0B3FD29464E
S21403B6802046E9F75DFE68B929462046EEF738FC02
S21403B69040B9324629462046BDE8F041EDF758BA90
S21403B6A00120E9E7BDE8F08137B54FF6F675FDF7FB
S21403B6B06AFA431E9BB2AB420446F8D8E8F7F4FF97
S21403B6C00028F4D169462046E8F7E2FA0028EED0CF
S21403B6D0204600F0DCFF0028E9D12046FFF778FD7E
S21403B6E00028E4D12046EEF77FFC0028DFD1204671
S21403B6F003F0A9FE0028DAD12046FDF75AFA0028FF
S21403B700D5D1204603B030BD73B504460E46EEF7DA
S21403B7106BFC054688B92046EEF7C0FC21462B464F
S21403B7200D224FF6FD70009500F056F83146204680
S21403B73002B0BDE87040EEF773BC02B070BD37B51B
S21403B740054614460C2914D8DFE801F02C132C13F5
S21403B750131307131313132424006946E8F798FA00
S21403B76018B901216846F3F719F841202946F8F776
S21403B770DDF9D4B12046FFF722F9023003F069FD64
S21403B7804FF6F773984210D9204603B0BDE8304011
S21403B790EDF7EEB840F6144040F613430B2908BF06
S21403B7A01846E3E7F6F7E4FBE3E703B030BD1FB55F
S21403B7B00346084603218DF80D308DF80C1001233F
S21403B7C00021ADF80E20CDE9003103AA042301F0D1
S21403B7D02AFA05B05DF804FB2DE9F34106460F4649
S21403B7E014461D469DF82080FFF789FAB04207D11C
S21403B7F000222146384602B0BDE8F041FFF79FBF5E
S21403B8003A4631462046FFF7D2FFADF8060060B150
S21403B8100D2C05D100224FF6FF71282003F0E2FC21
S21403B82035B9BDF80600FFF789FE02B0BDE8F08122
S21403B8300123424629460DF10600E7F729FCBDF829
S21403B8400630002BEDD1F0E7F7B50C460546FFF7BB
S21403B850B6F8611C06462846F7F7C2FCA11C074645
S21403B860284601F027F9014604463846FDF7D7F97E
S21403B8700D2F34D12046EEF7B7FB78B1301D03F019
S21403B880E8FC04462846F679FEF7FCFF31460246F6
S21403B890204603B0BDE8F040FFF7A3BCB01C03F09E
S21403B8A0D8FC4FF6F773984202D92846EDF760F8AE
S21403B8B02046EEF7F3FBFFF722FAA04205D100205D
S21403B8C003B0BDE8F040EEF72DBC6B46B068F168F8
S21403B8D003C369462046EEF7A3FB03B0F0BD2A4632
S21403B8E03946204603B0BDE8F040FFF728BF1422D0
S21403B8F00021DFF739BA2DE9F04F11F00F070446A0
S21403B9000E4615468FB05CD10120DCF7ABFE09A8C6
S21403B910FDF795FA092309A88DF82430FDF793FA65
S21403B92009A8DCF771FE01A909A8FDF71DFC26F09E
S21403B9300F08A84404F1100904F10F0A454511D174
S21403B940236901A93344236109A8FDF7F2FB00200C
S21403B950DCF788FEB6F1005F28BF272738460FB00E
S21403B960BDE8F08F05AA234696469446186859689C
S21403B9700833ACE803004B456246F6D12B46224615
S21403B98005F1100B53F8041B5B4542F8041BF9D171
S21403B990714609A8FDF7CDFB09A8DCF735FE22465C
S21403B9A021460120DCF71AFE013D631E13F8012F22
S21403B9B015F8011F534582EA01021A70F6D15D4657
S21403B9C0BCE70227CAE7F0B5174685B005460C461E
S21403B9D0102200216846DFF7C7F9BFB3C4B30F2CA4
S21403B9E004F00F0608D924F00F043A4621462846E9
S21403B9F0FFF781FF40BB2744324639466846DFF7E8
S21403BA0043FB80222F6906F1100337446B44B7F5D6
S21403BA10005F03F8102C2F61C6F110061AD3062E0A
S21403BA201FDDFB001A0E8DF80A201A0C5BBA8DF880
S21403BA300B20ADF80C306A4610212846FFF75BFF53
S21403BA4000202B69103B2B6105B0F0BD3E46D8E7BE
S21403BA502646D6E7022E04DDFB005BBAADF80E30B1
S21403BA60E9E76A4610212846FFF745FF2B691022AF
S21403BA70A3F11004002168462C61DFF775F9B7F5CA
S21403BA80005F4FEAC403CDD2E7E770B50E4605461E
S21403BA9086B001A81446FFF72AFF3246294601A8B6
S21403BAA0FFF791FF2246054601AB05AE1C4603CCC5
S21403BAB0B44210605160234602F10802F6D12846CC
S21403BAC006B070BDEEF7CCBB0A460021EEF7C8BB46
S21403BAD0F0B58BB00C4601A9EEF7C2FB054680B362
S21403BAE025220021E01CDFF73FF90123A3700E2374
S21403BAF0BDF810702380FA0510D523464FF48772DD
S21403BB0006AE23F8042B0DF1280C324603CA624511
S21403BB1018605960164603F10803F6D13B0605D5AF
S21403BB20238843F080032380069B636001AB03CB2B
S21403BB30039BC4F81D00C4F82110A361EFF79CFE15
S21403BB40606128460BB0F0BD30B505460C4687B09D
S21403BB5001A8FDF774F92868696802AB03C39DF86A
S21403BB60113043F002028DF8112074B12288510679
S21403BB7044BF43F006038DF81130530542BF9DF8CA
S21403BB80113043F008038DF8113001A8FDF752FA7F
S21403BB90B0FA80F0400907B030BD70B58AB00D46E4
S21403BBA0002201A90446EEF75BFB88B1204604A9F0
S21403BBB0FFF7CAFF60B1BDF81060FFF7A0F838B909
S21403BBC0720601D5730503D529462046FDF793F87B
S21403BBD00AB070BD2DE9F3410F460546164602F03E
S21403BBE08FFE4FF00008C41BE4B2294623463A46AC
S21403BBF03046CDF8008003F02DFC0121284602F0E4
S21403BC009BFE88B10121284602F096FE074602F005
S21403BC1077FE0546C3B2424630193946CDF8008052
S21403BC2003F018FC2544ECB2204602B0BDE8F081D0
S21403BC302DE9F04F85B00C46054691461F464FF05A
S21403BC40010ADDF838809DF83CB002F059FE224622
S21403BC503B4629460646CDF800A0484603F0FAFBC5
S21403BC605146284602F068FE3C4418B3514628461F
S21403BC7002F062FEF6B2B442814610DAE7B2F31B74
S21403BC80DBB2404622462946CDF800A003935F4424
S21403BC9003F0E0FB039BBF1B984407F0FF0B012355
S21403BCA000220E9349465B46404605B0BDE8F04F7A
S21403BCB003F0D0BB5B4622462946CDF838A0F3E70F
S21403BCC02DE9F041002686B0074608460C46154681
S21403BCD09846CDE9026604968DF8146002F010FECD
S21403BCE0411BCBB20D2B28BF0D232A4621460096B7
S21403BCF002A803F0AFFB424602A93846EEF72AFD38
S21403BD000646294620469DF80820F7F77DFA304672
S21403BD1006B0BDE8F0812DE9F04F0E46CBB0012109
S21403BD20054617461C4602F007FE23463A462946B2
S21403BD30814606A8FFF7C4FF0DF1280A00EB070BA0
S21403BD405246314628465FFA8BFBFFF743FFB3455F
S21403BD5003D200204BB0BDE8F08FABEB06085FFACA
S21403BD6088F808F104039842F3DB331F18440423CE
S21403BD70C4B20193A31BDBB2009352464346002191
S21403BD80CDF808A006A8DCF7DDFB0028E1D1A4EB7C
S21403BD900B040AEB0803E4B25246284631460093E6
S21403BDA001944346FFF744FF39462846F7F718FA47
S21403BDB0394600F0F8022846F7F726FA0121284606
S21403BDC002F0BAFD002818BF4D462846ADF81650B7
S21403BDD002F096FD011FC9B20DF1160000F02FFE0A
S21403BDE00120B7E72DE9D841064600F040FF411C85
S21403BDF0044689B2304600F00DFF98B394B321464B
S21403BE003046F7F7EDF900F00C03042B074629D06C
S21403BE1000F00308B8F1020F00D11BBB384600F050
S21403BE20AFFF3B060444A4B216D5611C304689B264
S21403BE3000F0F0FEB0B121463046F7F7D1F9B8F17D
S21403BE40010F014600F003030CD0032B0AD038463B
S21403BE5000F0A5FF03199CB221463046BDE8D84141
S21403BE6000F0D8BE0020BDE8D881F8B5064600F03D
S21403BE70C0FE054604463046FEF7A1FD43785B0741
S21403BE8018D5AC1CA4B22146304600F0C3FEB8B1A8
S21403BE9029463046F7F7A4F90746691C304689B2A7
S21403BEA0F7F79EF91FB1874201D8FF2808D104EBA4
S21403BEB04704A4B221463046BDE8F84000F0AABEC7
S21403BEC00020F8BD13B5044601A8EEF79BFEBDF8A7
S21403BED00430DA0710D49B0707D41022002120462B
S21403BEE002B0BDE81040DEF73FBF224621461020D1
S21403BEF0FFF7CBFD0028F0D102B010BD024608B50F
S21403BF00EEF7A8FE510544BF0838C0B2130544BF78
S21403BF100838C0B208BDF0B5D30705460C468BB04B
S21403BF204AD5008800F0A3FE00230646029314B900
S21403BF30CDE9034403AC002208212046FEF771FE38
S21403BF40A8B12888FEF73BFD023003F082F92146AC
S21403BF500746E7F79DFE50B10022402311463846B8
S21403BF6000F01DFA40F6094528460BB0F0BD3146F1
S21403BF702888F7F735F910F0030F0CBF01260026C3
S21403BF80EEF7B2F946EA4000C0B200900021204620
S21403BF9002AB05AAF0F7C8F80546EEF7A5F90028A0
S21403BFA0E2D0002DE0D000212046009602AB05AA81
S21403BFB0F0F7BAF80546D7E740F60A45D4E7002374
S21403BFC01A46F0F70BB830B58BB005AD04462846D5
S21403BFD0FCF735FF0223284601A98DF81430FDF738
S21403BFE0C3F8234601AA144603CCAC421860596032
S21403BFF0224603F10803F6D10BB030BD08B5002383
S21403C000024619461846EFF7E9FF012008BD37B583
S21403C01004466846F0F75AF8054648B10822214612
S21403C0206846DFF7EDF9B0FA80F0400903B030BD9B
S21403C030FF2208212046FEF7F4FD034628B1062119
S21403C0402846FFF7BCFF0120F0E722460146EFF73C
S21403C050C5FFF8E707B56846F0F738F810B1684645
S21403C060FDF700FA00F0010003B05DF804FB0120C1
S21403C070F0F766BD704737B504460846FEF7DCFBA7
S21403C0800546FEF73CFE00230146009322462B4658
S21403C0900120F6F791F803B030BD30B5012405460C
S21403C0A089B003A8FCF7CBFE01A88DF80C40DCF79B
S21403C0B009FB9DF806209DF80730AA4209D0AB423B
S21403C0C009D103A88DF80D40DCF79EFA012009B0CC
S21403C0D030BD0024F5E70020F9E700221021FEF723
S21403C0E0A0BD7FB50D4600F582300D22694600F5EA
S21403C0F08070D0F7CDFC6B462A4602AE1C4603CCB6
S21403C100B44210605160234602F10802F6D120685B
S21403C11010602379137100236B7304B070BDF0B500
S21403C12085B06A4605460B46164601F108071446CF
S21403C13018685968083303C4BB422246F7D1186807
S21403C1400D2220601B7905F582303146237100F5F8
S21403C1508070D0F7C9FC05B0F0BD38B504460D466F
S21403C160DBF774FDA04205D920462946FFF7B9FF41
S21403C170002038BD2820FCE730B5002485B08DF8B4
S21403C1800040DBF763FDE5B2A84204D8F2F76AF98C
S21403C190002005B030BD69462846FFF7C0FF0134CE
S21403C1A0EFE738B50446002002F07EFDFF2805467B
S21403C1B00FD002F001FE10F0010009D0284602F06D
S21403C1C0FBFD400840EAC17080F0010000F001006A
S21403C1D038BD04F00100FBE70146F8B5064600202B
S21403C1E0F2F77AF8FF2801D00120F8BDDBF71EFD31
S21403C1F000240546871CDBF71DFDE3B2984201D8F1
S21403C2000020F2E735F82430B34203D117F8243080
S21403C210002BE9D10134EEE738B50D46012104467B
S21403C22002F08AFB30B10121204602F085FB28800C
S21403C230012038BD20462C8000F00EFE0130C0B22F
S21403C240F7E72DE9F04788B00746894610460DF113
S21403C2500A011D469046FFF7DFFF4FF0000ABDF8C0
S21403C2600A6004463046CDE905AACDF81BA002F0C5
S21403C27047FB031BDBB20B2B28BF0B23224631469F
S21403C280CDF800A005A803F0E5F848F21F039D4289
S21403C29043D00BD885F40043012B15D923464246D9
S21403C2A0494628460097FDF730F933E048F23A034B
S21403C2B09D42F3D1FEF723FDB8422BD022464146DA
S21403C2C005A8FDF757F925E09DF8143013BBBDF814
S21403C2D01D40DDF81500DDF8191003AB03C3204637
S21403C2E003A9DBF7D5FE0122204603A9EDF74EFF8F
S21403C2F0A74206460ED0012103A8F2F74FFA48F2EA
S21403C30001039D4206D12EB93346324639462046AE
S21403C31000F046FE08B0BDE8F0879DF81450002DE7
S21403C320F8D12F469DF815800234EAB24245F1D281
S21403C330D200D2B222440823314692B2009703A811
S21403C340CDE9037703F086F803A8F4F7B5FA02F00D
S21403C350DBFC00F0CDF80135E7E708B5E6F744FF68
S21403C360BDE80840F2F758BC10B50024418084802D
S21403C3700480C280038110BD13B5BDF81040CDE91B
S21403C38000340023F2F7B0FD02B010BD13B5BDF8BC
S21403C390104001900094F2F7A7FD02B010BD07B558
S21403C3A000930123FFF7F2FF03B05DF804FB0123BC
S21403C3B0F2F740BE0121F3F7ADBF01464FF6FF701B
S21403C3C0F3F7D0BE10B50C4602F09EFCFF2808D04B
S21403C3D0F4F75AFA20B103682360436801206360C8
S21403C3E010BD0020FCE710B50446FEF7F6F9B0F5DD
S21403C3F0006F204605D1FEF703FABDE8104002F0B1
S21403C40083BCFEF719FABDE8104003F018B808B568
S21403C41002F07AFCFF280CD002F0CEFC10F00103E9
S21403C42009D0400840EAC17080F0010000F0010026
S21403C43008BD0020FCE71846FAE71FB500F5823072
S21403C4400B2201A900F5C070D0F722FB9DF80E0061
S21403C45005B05DF804FB30B589B001F0010503A90A
S21403C4600446F4F733FE9DB190B9204602F0A4FCCF
S21403C47010F0010109D0204602F09EFC430843EA6F
S21403C480C17383F0010303F0010103A8F2F786F9F1
S21403C4902046F5F7B3FD9DF8143029460093204651
S21403C4A0BDF8162003ABFCF79EFB09B030BD7FB585
S21403C4B00C460546F4F7D0F9A04217D04FF6F773AB
S21403C4C09C4213D805F5823606F5C0760B2201A9E1
S21403C4D03046D0F7DDFA01A90B223046ADF80C4002
S21403C4E0D0F702FB21462846F4F708FA04B070BDDD
S21403C4F010B50446DBF7B0FBA0420FD92046F4F78D
S21403C500ABF94FF6FF73984208D020460021FFF799
S21403C510A2FF2046BDE81040F4F732BE10BD10B5AA
S21403C5200446FEF7ECFB0023024619462046BDE808
S21403C5301040F4F77FBF2DE9F04114460F46054639
S21403C5409846FEF73CFA0646043002F082FE208048
S21403C5502846FEF797F96080B379791CE372C9B26F
S21403C5602846F6F73DFEB91CA072C9B22846F6F770
S21403C57037FEFE1C2072F6B2B8F1000F18D0314613
S21403C580284600F097FA0537FEB23146A0802846C3
S21403C59000F090FAB11CE080C9B22846F6F720FEF8
S21403C5A06072217AA0880122BDE8F041F5F762BCEB
S21403C5B02088EAE72DE9F04186B090461E460446F9
S21403C5C00D46FEF79CFB4FF6F7739845074632D8A1
S21403C5D00523A0428DF80C304FF0010214BF01234F
S21403C5E000234FF0000118BF8DF80D30CDE9002170
S21403C5F014BFADF80E008DF80D30284614BF042383
S21403C600022303AA00F00FFB0546A0B1A7421AD0E7
S21403C610FEF7D5F9074621460430803E02F01BFE9E
S21403C6202046FE7104A9FFF7CDFE40B9204604A9B3
S21403C630E7F742F818B9002006B0BDE8F0812846AF
S21403C64004A900F07EFB41462846FEF78DFFF3E77C
S21403C650037923F00303194301F03F010171704787
S21403C66007B50DF10701F5F7ABFA03B05DF804FB68
S21403C67008B5FFF7F5FF18B1BDE80840F5F7F0BABF
S21403C68008BD00224FF6FF701146F5F7F3BB10B551
S21403C6900446FFF7E5FF024638B901462046F5F79C
S21403C6A0E9FB003818BF012010BD0120FCE7F8B5F0
S21403C6B0174604460E46FFF7D3FF0546386068B1B3
S21403C6C0037903F00303337023B93A68137903F04D
S21403C6D03F0313713B685C882046F8BD014620463D
S21403C6E0FEF751FD074628B1E8F7ECF9874201D873
S21403C6F03570F1E731462046FCF701FF0028EBD002
S21403C70003234FF6FF743370E6E707B501AA0DF16E
S21403C7100301FFF7CCFF9DF8033053B9019828B106
S21403C720037913F0300F14BF0120002003B05DF827
S21403C73004FB0020FAE72DE9FF410646104688462B
S21403C7401546F4F7B9F80746FEF7D9FA044648BB88
S21403C7504FF6FF739E4225D09F4206D001463846C9
S21403C76004B0BDE8F041EBF777BC07238DF804303F
S21403C7702B680246CDF805306B68092101A8CDF871
S21403C7800930FEF737F9024618B9192004B0BDE898
S21403C790F081012341463046F0F7C8FE0028F4D066
S21403C7A02046F3E70220F1E72DE9F04390460F46D3
S21403C7B006464FF0010991B00BA803ADFCF73FFB0B
S21403C7C007AC29460BA8ADF82C90FCF7CDFC95E8F2
S21403C7D00F0084E80F004B46002239463046CDE969
S21403C7E00048F0F7BFFF11B0BDE8F0832DE9F04F26
S21403C7F0002785B081460C467E2039469846BDF80C
S21403C8003CB09DF844A0BDF84C500192ADF80E70B4
S21403C81002F0CEF80646002800F0AA8002F054F88C
S21403C82039467E22DEF7A0FA304602F04DF8009035
S21403C830304602F049F8B9F1FF0F0CBF274644F023
S21403C84003073B0A14F44062077043705FD14FF04E
S21403C8500808C31C184642460199DEF7D7FA034672
S21403C86004F44044434484B1790606D419464FEA97
S21403C8701B2201F802BB5A700B46B4F5004F56D084
S21403C880A4F5404254425441E400224618460E9909
S21403C890DEF7BCFA009A03462044A0EB02085FFAD0
S21403C8A088F89DB14FF47C521A53841C284602F034
S21403C8B00BF88346284602F023F8C5B22A465946A3
S21403C8C02046DEF7E1FB60190235EDB2B9F1FF0F42
S21403C8D02FD05246109900F8019BDEF7D5FB08F1DE
S21403C8E001015AFA81F129443046E6F767FB0C2129
S21403C8F00022FF0007F0800710463943FEF73DF895
S21403C900ADF80E00E8B9002005B0BDE8F08FB2F52B
S21403C910006F80F803804FEA182880F8048000F13F
S21403C920050314BF4FF008084FF0020892E70224ED
S21403C930ABE708EB0A0129443046E6F73FFB08213C
S21403C940D6E7304601F0C0FF0446304601F0D8FF74
S21403C9500123024621460DF10E00E6F799FB002857
S21403C960D1D10121BDF84820BDF80E0001F0F8FF33
S21403C970BDF80E00C8E710B50C46098821B908466D
S21403C980F5F77CFF208008B1012010BD0220FCE7EC
S21403C9902DE9F04780460F460646002402F1FF398C
S21403C9A0BC4202D219F8015F25B9A6EB080080B293
S21403C9B0BDE8F0879A46A5F13102012A5AF8041B0E
S21403C9C010D83246322D02F8011B06D10134A4B228
S21403C9D0A74232D30912B21C71700134534616466D
S21403C9E0A4B2DDE7342D0CD10334BC42DDDA0B0AE6
S21403C9F0317073700B0C090EB370321DF170A4B254
S21403CA00EBE7A5F13302062A0DD8303DADB22B195C
S21403CA10BB42CADA2A463046013CDEF7F7F915FA76
S21403CA2084F47219EBE7A5F14102062A01D8373DD3
S21403CA30ECE79D8803F1080AE9E71646B5E770B503
S21403CA40054600880C4601F05BFFA04228880AD200
S21403CA5001F056FF0023221A19462846BDE8704007
S21403CA6092B2E6F715BB2146E6F7A8FA002070BD9A
S21403CA7038B5054601F028FF0446284601F040FF76
S21403CA80002201462046BDE83840FDF7B3BFF8B59F
S21403CA9016460C461D46BDF8187001F015FF0444F3
S21403CAA0304601F011FF3A4641192046BDE8F840EA
S21403CAB0DEF7ACB970B50C46013189B20646F6F717
S21403CAC08FFB214605463046F6F78AFB00EB05202A
S21403CAD080B270BD1FB50123ADF80C2000930A4643
S21403CAE00223014603A802F0B5FC05B05DF804FB7B
S21403CAF00FB437B5069D0021A8B201F059FF0446CE
S21403CB0001F0E2FE2CB1002207AB0193D1B28D42B5
S21403CB1005D8204603B0BDE8304004B0704753F84C
S21403CB20041B81540132F1E773B504460D464020D9
S21403CB300021164601F03CFFADF8060001F0C4FEE6
S21403CB40BDF8063013B9002002B070BD402133464D
S21403CB502A462044FFF71CFF211889B20DF1060070
S21403CB60FFF76DFF0028EED1BDF80600ECE70EB424
S21403CB7003B503AA52F8041B0192FFF7D5FF02B0D0
S21403CB805DF804EB03B070472DE9F7430F46012128
S21403CB908146164601F0D0FE054658B1FFF768FFFA
S21403CBA0308088B9284601F0ABFE68B1192003B07F
S21403CBB0BDE8F083484601F0A3FEFF2FA0EB070471
S21403CBC0E4B214D014B934800020F0E72A46214694
S21403CBD02846FDF70FFF80460028E7D03B464A4627
S21403CBE029460094FFF753FFA6F80080ECE70120E0
S21403CBF0DDE708B5FDF7E3FE437803F001001A0707
S21403CC004CBF10300830DB0644BF0830C0B21030CB
S21403CC10C0B208BD10B50C4601F072FEA04234BF88
S21403CC200020012010BD7FB514460091024641F254
S21403CC30092141F609209DF820601D46002E18BFE5
S21403CC400146099B0020F6F7F3FAADF80E0010B97B
S21403CC50002004B070BD01232A4621460DF10E00C4
S21403CC60E6F716FA0028F3D1BDF80E00F1E738B55B
S21403CC700546FFF7BEFF0446284601F041FE631C47
S21403CC809BB283420FD82846FDF799FE43785B078D
S21403CC9007D521462846F6F7A3FA013004EB4004ED
S21403CCA0E4B2204638BD0024FBE71FB5ADF80E00FE
S21403CCB001F026FE0446BDF80E00FFF7D8FF00F18C
S21403CCC00E03DBB2BDF80E200146E01A80B20090D8
S21403CCD01046FFF7DCFEA4F10E0189B20DF10E003B
S21403CCE0FFF7ADFE04B010BD4278034612F008000D
S21403CCF006D0D20702D403F10800704703F10900F7
S21403CD00704737B505460C46FDF759FE437813F0D2
S21403CD10100212D09CB103F001021B074FF0000370
S21403CD202946009320464FF0080354BF183220329A
S21403CD3002F090FB012003B030BD1046FBE720460F
S21403CD40F9E773B505460C46FDF739FE437813F04D
S21403CD50100211D094B1012603F001021B072946E5
S21403CD604FF00803204654BF18322032009602F0D4
S21403CD7071FB304602B070BD1046FBE72046F9E76C
S21403CD8000F00303012B08D0C30606D400F00C0002
S21403CD900C2814BF0820092070470220704703465A
S21403CDA011F0030005D003F00303022B14BF022087
S21403CDB003207047F8B50C46064601F0A1FD631C38
S21403CDC0834202D900252846F8BD21463046F6F7A9
S21403CDD007FA0746FFF7D4FF3B060546F3D5044498
S21403CDE0304601F08DFDA4B2631C9BB28342E9D8A2
S21403CDF021463046F6F7F4F901463846FFF7CFFFEB
S21403CE002844C5B2DFE770B506460D46FFF7D2FFE6
S21403CE10044610B90024204670BD29463046F6F76E
S21403CE20DFF98206F7D5304601F06AFD2544ADB238
S21403CE306B1C9BB28342EDD829463046F6F7D0F9F1
S21403CE4000F01803082B14BF05340634E4B2830637
S21403CE5044BF0834E4B2DEE738B50546FFF707FFFC
S21403CE60044608B9002038BD01462846FFF7CBFF25
S21403CE700028F7D02044C0B2F5E72DE9F04387B089
S21403CE8005460C46FDF79BFD804602F0E2F9074691
S21403CE902846FFF7ECFE064601462846FFF78AFFBC
S21403CEA00022034600922946324602A802F0D2FA2E
S21403CEB09DF8086006F00C030C2B06F003090BD054
S21403CEC0B9F1010F59D0F10657D49DF809300DF189
S21403CED00A050020637107E0FF230DF10900637163
S21403CEE002F0B7F90DF10B05208198F80130DA0747
S21403CEF004D508F1020002F0ACF92081B9F1010F64
S21403CF005FFA89F83DD0F3063BD4284602F0A1F930
S21403CF106080A81C02F09DF9053515F8013C2080B9
S21403CF2023712B78B006A37206F0400348BF43F084
S21403CF302003390627D543F40073F80448BF43F4A7
S21403CF408063390548BF43F400633206E38011D596
S21403CF506A7812F003020DD06FEA43436FEA534335
S21403CF60A978B8F1020FE3800B4611D1EB7841EABA
S21403CF700321218107B0BDE8F083FF230DF10905E6
S21403CF80A7E7FF23CCE77A0648BF43F48073D4E7CA
S21403CF90012A04BF0B029BB22381EBE7F6F724BEFC
S21403CFA00BB1F6F78DBE0AB9F6F706BFFF21F6F703
S21403CFB02FBE431C08BF0020DFF78CB9034B58680D
S21403CFC0C0F30800003818BF0120704700ED00E0EA
S21403CFD0014B1868704700BF80670020084B1B6F23
S21403CFE003F00703022B04D0032B05D0012B05D037
S21403CFF0FEE7044B18687047034BFBE7034870478C
S21403D000008000508067002088670020002D3101D3
S21403D01008B5FFF7E3FF054B1B6FC3F3013301337B
S21403D020B0FBF3F0024B186008BD00BF0080005051
S21403D0307C6700200048704700B4C404004870476B
S21403D040002D3101014B1868704700BF8867002028
S21403D050174A9368C3F304430C2B0AD8DFE803F09C
S21403D0600B0909090909072119091B1D1F00114886
S21403D070704700207047936803F04073B3F1807FD6
S21403D08011D0B3F1007F10D0002B0B4818BF00203F
S21403D09070470A4870470A4870470A4870470A4864
S21403D0A070470A4870470A4870470A48704700BFE7
S21403D0B00040015A405DC60000093D00C0EA210158
S21403D0C080BA8C010048E801005A62020024F4008A
S21403D0D080841E0040420F00014B1868704700BF53
S21403D0E08467002007B500F065FC6A4600F0C2FCC2
S21403D0F018B14721034801F0CEFFDDE9000103B074
S21403D1005DF804FBDDFB03000229F8B596BF104B60
S21403D11000245C5C012805460E4608D0022809D088
S21403D12008B944F002040B4B1F6837B9F8BD44F046
S21403D1300804F8E744F02004F5E77B681A6814420D
S21403D14003D0314628465B6898473F68EDE700BF43
S21403D15046930400803C002038B5104D2B78ABB1C5
S21403D1600F4C23781BB100F031FA00232370002004
S21403D17001F0A4FF0B4C50B100F07AFA0023012112
S21403D18020782B70FFF7C0FF0123237038BD0122E0
S21403D190054B1A702278054B1A70F7E76F5D00206F
S21403D1A06D5D0020745D0020705D0020715D0020C1
S21403D1B00E490B78FF2B01D198B170470BB990B984
S21403D1C07047002814BF0122FF2213440B7060B17E
S21403D1D0074B1B78012B08D9064B1B782BB9FFF797
S21403D1E0BBBF1A46F1E70122EFE77047735D0020E5
S21403D1F0745D0020705D002010B501F04AFE064BFA
S21403D20004461B781BB1BDE8104001F03DBEFFF796
S21403D210A3FF2046F7E700BF6C5D002002282DE938
S21403D220F04147D029480378FF2B41D1002941D14B
S21403D2301A461344DBB2037000293BD0244E3278DF
S21403D240012A37D9002B3ED001F023FE214F044696
S21403D2503B780BB3204D2B781BB901222A701F4A4B
S21403D2601370DFF87C8098F8003023B100F0AEF935
S21403D270002388F80030204601F006FE012001F066
S21403D2801DFF01F006FE2B7804461BB100F0F0F9F3
S21403D29000232B7000233B70204601F0F5FD01248C
S21403D2A03078A04206D02146FFF72EFF347001E007
S21403D2B013B931B9BDE8F081002914BF0122FF225A
S21403D2C0B7E70122B5E70224EAE700BF735D002053
S21403D2D0745D00206F5D00206C5D0020705D002093
S21403D2E06D5D00202DE9F04385B0EFF3108572B62F
S21403D2F0AFF3008001F0B7FF002800F09280624E83
S21403D300624F337823B10020FFF752FF00233370B8
S21403D310387878B903A900F01DFB044650B95C4B76
S21403D320039A1B689A4200F284800120FFF740FFAD
S21403D330012333703B78002B40F09980554B1B78C4
S21403D340002B00F091804FF00208534CDFF86891F1
S21403D3502078404507D099F8003013B94146FFF7C7
S21403D360D3FE84F80080B8F1020F0FD1DFF82481D2
S21403D37098F8003053B9494B1B7823B900F020F9CD
S21403D3800122474B1A70012388F80030207800F0FA
S21403D390F7F899F8003013B1424B1B782370AFF3BC
S21403D3A00080284601F085FEEFF3108572B63E4BEB
S21403D3B01A7852B100221A703A4B20781B7898429A
S21403D3C003D101212170FFF79FFE384800F082FA4F
S21403D3D001F05DFF8046002893D12E4F3B789BB12A
S21403D3E089F80000DFF8B89099F800301BB100F018
S21403D3F0EDF889F80080002001F060FE002839D09F
S21403D40000F036F900233B70337823B10020FFF792
S21403D410CFFE0023337000212078FFF775FE00232C
S21403D4202370AFF30080284605B0BDE8F04301F053
S21403D43040BE1F4BD3F8008000F048F9039B80449E
S21403D4409845BFF472AF00F03BF98200039942F0AF
S21403D450020292B2CDE900422346164AA1EB080126
S21403D460124801F02DFE65E700F09CF86BE74FF0DD
S21403D47001086AE7012000F083F8284601F019FE48
S21403D480EFF3108572B6B6E76E5D0020735D00207D
S21403D490883C00206F5D0020745D0020725D0020D4
S21403D4A06D5D0020715D00206A5D00208C3C0020CD
S21403D4B0843C0020F9D10300705D002010B501F014
S21403D4C0E8FC0022054B1C781A7001F0DDFC00F026
S21403D4D005FBE4B22043C0B210BD00BF6B5D002065
S21403D4E038B501F0D6FC094B05461B78012B04D84A
S21403D4F001F0CAFC0024204638BD054B1C6800F02A
S21403D500E5F80444284601F0BFFCF4E7745D002008
S21403D510843C00201549164A0B6F10B503F0070329
S21403D5201360144A144C9269032B02F00200C2F3F0
S21403D5304002227017D0D1F8203103F00703022BE4
S21403D54011D0D1F8803203F001030C4A137048B1AE
S21403D55043B9064BD3F8003103F00303591E4B427D
S21403D5604B41137010BD0123EFE700BF008000504E
S21403D570E83C002000C00150795D00207A5D002061
S21403D580012805D00238012808D80020CCF78ABD28
S21403D590034A136923F00403136130BF704700BFC7
S21403D5A000ED00E0044B054AD3F8203103F00703EF
S21403D5B01360F7F713BF00BF00800050F03C002055
S21403D5C00122014B1A707047785D0020F8B51F4B97
S21403D5D01B78002B39D01E4C2378B3B91D4B9A6D9C
S21403D5E0D10302D5DA6D92072FD49B6DDB072CD4BB
S21403D5F001F0A9FD184B194A1860136F23F00703AF
S21403D60043F003031367FFF703FD01F09CFD124B82
S21403D610134D1B68134EC01A2B78134F56F823204E
S21403D62046F82300111A3A681048521A0A213A603B
S21403D6300932B2FBF1F20133DBB20260B3FBF1F263
S21403D64001FB12332B7000232370F8BD7A5D002094
S21403D650775D002000C00050E03C002000800050B2
S21403D660765D0020B83C0020B43C0020B03C00208F
S21403D67008B5F7F7B4FE0D4A0D49136F096823F092
S21403D68007030B4313670B49D2F82031096823F0CD
S21403D69007030B43C2F82031074B1B7813B1012253
S21403D6A0064B9A62BDE80840FFF7B2BC0080005004
S21403D6B0E83C0020F03C00207A5D002000E00050AB
S21403D6C0014B1878704700BF7A5D0020054B187829
S21403D6D018B1054B186800EBD000044B1B681844C0
S21403D6E0704700BF7A5D0020B03C0020E43C002079
S21403D6F008B50D4B1A7892B100221A700B4A136FB5
S21403D70023F0070343F001031367D2F8203123F015
S21403D710070343F00403C2F82031FFF779FC012224
S21403D720034B5A6708BD00BF785D00200080005099
S21403D73000E000500D490B68A0B10022A3B183425C
S21403D74003D1836822B90B6003E01A469B68F5E7AA
S21403D750936083680BB9002070475A6941690A448D
S21403D7605A61F8E72220704702207047FC3C0020ED
S21403D77010B501F004FD0A4C0A4B19682368C31A56
S21403D78009B9206010BD002BFBD04A699A423ABF04
S21403D7909B1A0022D21A4A6128BF00238968EFE742
S21403D7A0F83C0020FC3C002038B5154D2B682BB305
S21403D7B05B69B3B1134A022014681C4400F088FA6C
S21403D7C0204600F047FA00220F492B680A70012A08
S21403D7D005D823B1D88880070AD501230B7000200B
S21403D7E038BD022000F074FA022000F093FAEAE74C
S21403D7F09B68002BF3D058690244E8E72220EFE742
S21403D800FC3C0020F83C00207C5D0020C38870B5FB
S21403D81004460D463BB9FFF763FE8542064602D231
S21403D820F8F758FF35460E4A656113689BB91460CE
S21403D830A3600FE02D1A986819466561034618B170
S21403D8405869A842F6D941B18C60A36013B15A69EE
S21403D850521B5A6170BD0021F2E71460F5E700BF62
S21403D860FC3C002070B516469DF81420C0E903362C
S21403D8700271049ABDF818300260002204460D4671
S21403D8808260C38006BB01F07AFC2844A0613DB9E0
S21403D890E368656113B120462168984796B135461B
S21403D8A001F0F7FA0646FFF763FF29462046FFF71F
S21403D8B0ADFF074B1B68A34201D1FFF775FF304648
S21403D8C001F0E2FA002070BD01F059FC3044DDE7B8
S21403D8D0FC3C0020F8B50546D0B101F0DAFA06465E
S21403D8E0FFF746FF0B4B28461F68FFF723FF044648
S21403D8F020B1304601F0C8FA2046F8BDAF42F8D151
S21403D900FFF752FF2228F4D1022000F0EDF9F0E7EA
S21403D9102224F1E7FC3C002038B50C460546A8B1A6
S21403D920A1B100230B7001F0C1FA0121084B1B685B
S21403D93033B901F0B6FA002038BD9D4204D12170F8
S21403D9402278002AF9D0F4E79B68F1E72220F3E770
S21403D950FC3C0020F8B506460F4601F0A7FA002562
S21403D9600446124B1B6823B9204601F09AFA1B2083
S21403D97011E05A691544DA88B2420DD101F0FFFB73
S21403D9800B4E3368C01AA8420AD3002320463B60D6
S21403D99001F087FA0020F8BDFF2EEFD09B68E2E780
S21403D9A001F0EDFB33682B441B1AEFE7FC3C002029
S21403D9B0F83C002070B501F079FA064601F0DFFB6B
S21403D9C0084B044601201D6801F0C9FB18B101F09D
S21403D9D0D6FB04460135304601F063FA2046294655
S21403D9E070BD00BF043D0020014B1868704700BFA0
S21403D9F0003D0020F8B50C4B05461B680E468342D7
S21403DA000FD3002440F2E7302146084B4FF47A72D6
S21403DA101F680023E5FB0701DCF73AFE306020466B
S21403DA20F8BD2120FCE700BFF43C0020003D0020A9
S21403DA300F4B10B51A689AB14FF47A71531E1342FE
S21403DA40A0FB01010ED1B2FA82F2C2F11F04531CED
S21403DA50D243E04001FA03F3184321FA02F20243E9
S21403DA60104610BD0023DCF713FE0246F8E700BF9E
S21403DA70003D002038B5164B14468342154B8B41A8
S21403DA8023D3154B1A6802B34FF47A75A0FB05032C
S21403DA9005FB0131531E134211D1B2FA82F3C3F1CF
S21403DAA01F055A1CDB4301FA02F2E84021FA03F38E
S21403DAB010431843E940C4E90001002038BD0023A1
S21403DAC0DCF7E6FDC4E90001F7E72120F6E700BF2F
S21403DAD0EFA7C64B37894100003D002010B501F083
S21403DAE0E5F9034B1C7801F0DCF9E4B2204610BDDF
S21403DAF07B5D002008B5084B1B7803F0FF004BB195
S21403DB0001F021FB054B1B689B69C01A02288CBFDA
S21403DB100020012008BD00BF7C5D0020FC3C0020E7
S21403DB20C2072DE9F843044607D5474A136801336D
S21403DB301360FFF71DFEFFF737FEA30740F1818052
S21403DB4001F0B4F94FF0000805464646FFF710FE0D
S21403DB503E4F3C680CB16369A3B100223C4B012ED7
S21403DB601A7003D118F0020F18BF1E70FFF71CFEC1
S21403DB70222802D1022000F0B7F82846BDE8F84371
S21403DB8001F08FB923465A693AB91A792179914235
S21403DB9088BF1C469B68002BF5D1284601F081F907
S21403DBA0D4F81080B8F1000F3FD001F0E8FAA2696C
S21403DBB0851AEB17454573F1000337DB23691344D6
S21403DBC0A36101232269CAB1C3B9A38BB8EB0508C5
S21403DBD033B1E28B13449BB2B3F57A7F1CD2E38353
S21403DBE001F064F9054641462046FFF70FFEA36998
S21403DBF0226928461344A36101F053F9E36813B17D
S21403DC00204621689847B4F8068001F04FF901369C
S21403DC100546FFF7ADFD9CE7A3F57A73E383A36997
S21403DC2018F1FF38013BA361DAE7454601F03EF9F8
S21403DC3081462046FFF77EFD484601F032F9002371
S21403DC40C0E7BDE8F88300BF043D0020FC3C00208D
S21403DC507B5D002010B5044601F01BF94FF0B0427F
S21403DC60936A1907FCD4136A116C5269120704D419
S21403DC70CA1A032A01D899420ED1E21A022A98BF79
S21403DC80DC1CB4F1FF3F38BF013C4FF0B043082221
S21403DC901C6403F580539A6101F0F6F8054A13787D
S21403DCA03BB14FF0B041CB6B43F00203CB63002391
S21403DCB0137010BD256D002007B5044B01A9187914
S21403DCC001F08DF9019803B05DF804FB849104001C
S21403DCD000F001038207034A48BF43F00803936139
S21403DCE0704700BF00100058820700F001030AD5F2
S21403DCF00121064A43F0080311704FF0B041CA6B86
S21403DD0022F00302CA63024A93617047256D00201E
S21403DD1000200058830742BF0822014B5A61704710
S21403DD200010005873B502AB164603E90600044616
S21403DD3000F052FF0546204600F05EFF9DF80020E7
S21403DD408DB1202C33780ED8012B2ED84FF6FF75C5
S21403DD502D4803EB4313234430F81310A94202D093
S21403DD60013120F81310294B294E33F8141036F8D6
S21403DD701400814232D34FF6FF75A9424FF00105D6
S21403DD8002D0013123F8141004F0FD01092927D12C
S21403DD90998AB68A0A44B242B4BF9A829E8233F8FC
S21403DDA01430834227D202B070BD022BDBD14FF66C
S21403DDB0FF704FF6FF75144B33F81410814218BFEB
S21403DDC0013104F1210018BF23F8141033F81010A2
S21403DDD0A9421CBF013123F81010C4E70025D0E781
S21403DDE01D2CDCD1598F8E18864203DA01390A447A
S21403DDF05A87D4E75887002DD5D1204602B0BDE810
S21403DE00704001F0D7B900BF8C570020645800203B
S21403DE101058002038B50D46044601F047F8064A68
S21403DE2013889BB22DB123431380BDE8384001F01D
S21403DE3038B823EA0403F7E7525C00200022034BBA
S21403DE4001214FF480701A70FFF7E4BFAA63002025
S21403DE5008B5054B1868FCF7C2FB00F00300C31EA9
S21403DE605842584108BD00BF8454002038B50446C4
S21403DE7001F03EFA0C4B05461978187981420FD00B
S21403DE80631E082B0CD8DFE803F0050D0B0D0B0DF6
S21403DE900D0D0D0000220146044B1868FCF79DFB90
S21403DEA0284638BD0022F7E7536D0020845400202F
S21403DEB038B54FF0FF300C46FFF77BF80A4B0546A4
S21403DEC01868FFF776F8641B241A20B210F1630F64
S21403DED006DB10F1240F05DA64308000C0B238BDCB
S21403DEE00020FCE7FF20FAE78454002008B5134B14
S21403DEF01B78062B04D040F62101114801F0CBF81D
S21403DF00104B1B881B0704D440F622010C4801F073
S21403DF10C2F80D4B2A201978FFF7A8FF0021082026
S21403DF20FFF778FF0222094B1A70094B1868E3F7CC
S21403DF30C7FBBDE8084001F02AB900BFAA6300206A
S21403DF40EB8D0400525C0020A7630020886D002040
S21403DF508454002010B50E4C236823B940F6A34121
S21403DF600C4801F098F82068013001F072F900F0CF
S21403DF70070003280AD1246809220121204600F05D
S21403DF80E3FB205C031F5842584110BD0020FCE70A
S21403DF9074540020EB8D040038B50C4640B10021C4
S21403DFA00420FFF737FF01F0F2F8012C1DD038BD2F
S21403DFB0244B1B889B07F6D50129234A2FD11178BA
S21403DFC069B30139C9B2117011B92020FFF722FFD6
S21403DFD000210220FFF71EFF04221C4B00211C48D1
S21403DFE01A7000F05DFD01F0D2F81A4C206801307B
S21403DFF001F02FF900F44060B0F5006F1FD12468DC
S21403E00001210422204600F09FFB204401F021F961
S21403E0100146BDE838400022202001F0E3B8002185
S21403E0200D4D02201170FFF7F5FE2B78FF2B04D061
S21403E03040F29961094801F02EF82C70B3E74FF6C9
S21403E040FF71E6E7525C0020A9630020AA63002064
S21403E050886A002074540020896D0020EB8D04002C
S21403E06038B5134C05462388580709D5FFF7F0FE45
S21403E07001460720FFF7FAFEFF210120FFF78CFF7A
S21403E080238899070BD50B4B284619788A1F5142CC
S21403E0905141FFF7EBFE01210020FFF77DFF2388A8
S21403E0A01B0703D5BDE83840FFF720BF38BD00BFC8
S21403E0B0525C0020AA630020F7B5124CD4E9006531
S21403E0C086EA020C85EA03070CEA000C0F405CEABA
S21403E0D0070E15D086EA0C067D40C4E90065CDE937
S21403E0E000230B46084902460868FBF73AFE38B198
S21403E0F04FF4FD71054803B0BDE8F04000F0CBBF18
S21403E10003B0F0BD5016002084540020EB8D0400AD
S21403E11008B50A4B1B88DB0604D440F647010848BB
S21403E12000F0B9FF00211020FFF774FE002000F076
S21403E1306BFBBDE8084001F02AB800BF525C002024
S21403E140EB8D04002DE9F04F5706804614461D4616
S21403E15091B005D5FFF77CFE01460120FFF786FE4A
S21403E160EE0403D500212D20FFF780FEA00224D560
S21403E1704046FCF7E0FA0146F8B94020FFF74AFEAE
S21403E18040460AA9FBF7B4FEB8B99DF83030022B17
S21403E19040F0D980BDF8280000F0B6FDFF2808D16E
S21403E1A04046FBF7A3FE40B901214020FFF732FEAD
S21403E1B003E000F0C3FD0028F2D1A10305D5FFF765
S21403E1C047FE01460320FFF751FEE20104F0807686
S21403E1D040F1C080854B1B889B072DD5844E306845
S21403E1E0FBF71BFE40BB834B834F18703B78FF2B1C
S21403E1F004D040F25761814800F04DFF4FF000090C
S21403E20000210220FFF706FE87F800907C4F3B783C
S21403E210062B07D101210820FFF7FCFD49462820DD
S21403E220FFF724FE3B78052B06D100212B20FFF7B2
S21403E2301DFE3068E3F744FA00F0A9FF220717D55E
S21403E2406B4F0321386805AAFBF701FE064620B983
S21403E25040F2C961694800F01EFF9DF81430072B91
S21403E26000F0D080FFF7F4FD01460420FFF7FEFD23
S21403E270E10505D5FFF7ECFD01460420FFF7F6FDA3
S21403E28014F4863F05D0FFF7E3FD01460220FFF7AF
S21403E290EDFDA20113D5FFF7DBFD01460820FFF7CE
S21403E2A0E5FD00210420FFF7B5FD554B1B78012B38
S21403E2B003D14F4B1868E3F703FA00F068FF14F036
S21403E2C0084F09D0FFF7C4FD01460720FFF7CEFD30
S21403E2D0FF210120FFF760FEA30009D5FFF7B8FD75
S21403E2E001460620FFF7C2FDFF210120FFF754FE7B
S21403E2F0A70705D53D4B1B881E0701D5FFF7F6FD7F
S21403E3006C0603D500210A20FFF7B0FD280602D5C8
S21403E3100120FCF721FAE90540F1858140460AAA67
S21403E32005A9FCF758F99DF81430222B00F06D81EF
S21403E33000F28281152B40F26A8140F60A112F48BB
S21403E34000F0A9FE6FE1032B7FF437AF0AA801F0B4
S21403E3506AF830E705F0020756EA07030DD0284BA4
S21403E36026201978A1F1060EDEF1000141EB0E011D
S21403E370FFF77CFD0121304611E004F0805656EA93
S21403E38007030FD01E4B26201978A1F1060CDCF1EB
S21403E390000141EB0C01FFF769FD02213846FFF748
S21403E3A0FBFD4BE704F0884151EA060309D0144B02
S21403E3B0272019788F1F79427941FFF757FD0221ED
S21403E3C0D9E705F008030B4302D02320FFF74EFDE1
S21403E3D0680703D500212420FFF748FDE9077FF5EA
S21403E3E02DAF00212520FFF741FD27E7525C0020D3
S21403E3F084540020A9630020896D0020EB8D04005F
S21403E400AA630020314638680AAAFBF726FD20B126
S21403E4104FF4DA619E4800F03EFEBDF816303868C9
S21403E42002330AA9ADF82C30FBF719FD20B140F2F0
S21403E430DF61974800F02FFE002300933146042344
S21403E440386804AAFBF70DFD042804D040F2E46103
S21403E4508F4800F020FEDFF8589299F80030C3BBCF
S21403E4600DF1110000F0F5FE00F00700022830D190
S21403E470FFF7EEFC01460920FFF7F8FC854B1B78F7
S21403E480062B23D1844B9DF813201B789A421DD16B
S21403E4909DF8353023B940F2FA617D4800F0FBFD64
S21403E4A00DF1110000F0D5FEC0F300163146292009
S21403E4B0FFF7DCFC00210820FFF7ACFC774B1E704F
S21403E4C0FFF748FD10B93868E3F7FAF800F05FFE87
S21403E4D0CEE6BDF816000121083080B200F068FAD7
S21403E4E0039030B9FFF7B4FC01460420FFF7BEFCE7
S21403E4F0ECE700F0E9F905AA014606463868FBF79B
S21403E500B8FC99F800A0BAF1000F22D106F1010B6E
S21403E510584600F09EFE83065AD53868FCF70BF97A
S21403E5200746FFF795FC05370146F8B2FFF79EFC52
S21403E530584600F08EFE00F007000328584F2DD0F3
S21403E54001210420FFF766FC4FF0FF30FBF7B0FC19
S21403E550386000225349BDF816300978F718F1548D
S21403E5609DF83630BB709DF83730FB700A9B190E4A
S21403E5703971190C7971FB71190A99F80030B97160
S21403E58023B9737892B343F020037370002000F02E
S21403E59069F97870039800F071FA97E70121092268
S21403E5A0304600F0D1F8305C01210428C9D1FFF7CA
S21403E5B031FC4FF0FF30FBF77BFC3B4B38601B888E
S21403E5C05806C6D551464020FFF724FC0122C1E772
S21403E5D0FFF73EFC01460920FFF748FC2D4B1B784E
S21403E5E0012BB6D13868E3F76BF8B2E723F02003C4
S21403E5F0CBE701227E33DBB202FA03F313F00A1FE2
S21403E60031D113F0011F3FF498AE27202CE00122EE
S21403E61002FA03F3254A1A402ABB13F0041FF4D167
S21403E620DA077FF58AAEAB052FD50121802011B01E
S21403E630BDE8F04FFFF7EEBB652B1AD8622B12D856
S21403E640452B0CD8422B0ED8352B06D8322B0AD89E
S21403E650252B08D9322BD8D06FE6422BFBE7552B58
S21403E66005D8522BF7D92620FFF7FAFCDBE7622BF7
S21403E670F1E7952B3FF661AE812BBAD8722BC4D047
S21403E680733B022B3FF659AEEDE711B0BDE8F08FB2
S21403E690EB8D0400AA630020A6630020886D00208B
S21403E6A0705400208A6D0020525C00203A00380027
S21403E6B0AD630020024B1878B0FA80F0400970472B
S21403E6C0AA63002008B5064B4FF0FF311868FBF726
S21403E6D0A8FF0028B8BF033040F3870008BD00BF7B
S21403E6E08454002008B5074B1868FBF7CFFA30B1FF
S21403E6F0054BB3FBF0F083B20BB1184608BD0120FF
S21403E700FCE700BF8454002040420F0038B51020B9
S21403E7100C460121FFF77EFB064B1D68FFF7E2FF61
S21403E720012200FB04F1044B2846FBF75FFF0020A1
S21403E73038BD00BF8454002011E10300014800F0F7
S21403E740AABC00BF058E0400032A70B5144602D87F
S21403E7502C4B985C70BD81F0010519B90D2A07D1C1
S21403E760FF20F7E70D2A03D100780538C0B2F1E79A
S21403E770084400F06EFDC5F1040110F4406602463D
S21403E780C9B209D1042C0846E4D0052C16D112F0E0
S21403E790400F18BF0846DDE7C5F10603042CD8B2C0
S21403E7A0D8D0B6F5006F03D1C5F10805E8B2ECE79B
S21403E7B0B6F5406FE9D1C5F10E05F7E712F440410F
S21403E7C007D1062CC6D0072CC4D0082C13D1013091
S21403E7D0CCE755065CBF831CD8B2062CBAD0B1F57D
S21403E7E0004F02D1831CD8B2EDE7B1F5404FEAD112
S21403E7F000F10803F7E7130744BF0530C0B20C2C3B
S21403E800A8D9ADE76CD90400AC2370B5094C05460E
S21403E81003FB00435E6D26B940F2FD31064800F067
S21403E8203AFCAC2303FB0544002363653346BDE88B
S21403E8307040184788540020428E040010B40C46DB
S21403E8401146AC22064B02FB0033586D20B95C65BB
S21403E8505DF8044BFFF75ABF02205DF8044B704780
S21403E86088540020AC22034B02FB003393F8A80025
S21403E870704700BF8854002028B1034B1B68C01A9A
S21403E8804010013080B270474855002030B1044B29
S21403E89000F100401B68013803EB4000704700BFDF
S21403E8A048550020064B1B68834206D8054B1B6859
S21403E8B0834294BF0020012070470020704700BFAA
S21403E8C0485500204455002010B5044608B90020DA
S21403E8D010BD00F01BFD20B940F2CD41074800F003
S21403E8E0DAFB2046FFF7D2FF0028F0D00388DB0BC5
S21403E8F014BFD0F80A000830EAE700BF198E0400F8
S21403E90010B508B9002010BDFFF7C0FF044600F09D
S21403E910F4FC20B94FF49D61064800F0BCFB002CC4
S21403E920F0D02388DB0B0ABF60882089C0F30C0075
S21403E930E9E700BF198E040038B5FFF7A7FF0D46B9
S21403E940044650B100F0D9FC20B940F241510348C7
S21403E95000F0A1FB023534F8150038BD198E04000B
S21403E96070B5FFF793FF0C4616460546B0B100F0A8
S21403E970C4FC20B940F24D510C4800F08CFB3046E5
S21403E980FFF784FF00F0B9FC20B940F24E51074868
S21403E99000F081FB023425F8146070BD40F252513A
S21403E9A0BDE87040014800F076BB00BF198E040036
S21403E9B02DE9F8430746884600F00FFC20B940F2DD
S21403E9C08E512A4800F067FBFC1CA408284B640001
S21403E9D00434B7F5005F1E68A4B204D340F2955121
S21403E9E0224800F058FB00F061FA224981460B6882
S21403E9F07BB9214B1D68761BC6F34F06B44227D955
S21403EA000025484600F04DFA2846BDE8F843FFF7D0
S21403EA1033BFB8F1000F11D0174A15685A1BC2F35B
S21403EA204F029442ECD81448620005EB4404046099
S21403EA30B8F1000F0FD113440B600CE0F61AC6F3BF
S21403EA404F0676B940F2A651084800F024FBD7E7F4
S21403EA5005EB44041C6000236F80AB80EB802B80A7
S21403EA60CFE7B442CCD8044A1568DCE7198E040015
S21403EA704C550020345500204455002038B5054633
S21403EA8000F014FA044629460448002200F04BFC22
S21403EA902046BDE8384000F004BA00BF585C0020AA
S21403EAA082684B4B2DE9F0419A4204460E460568B0
S21403EAB015D121B140F21311464800F0ECFA00F0EC
S21403EAC0F5F923691BB92B682BB924612C60BDE8C3
S21403EAD0F04100F0E6B91A6922611C61F6E700F01E
S21403EAE0D3FA8046FEF76AFA20B14FF49571394897
S21403EAF000F0D1FA6FF000439E4221694BD22B7B84
S21403EB0008EB0602002B4DD0AB6893424AD1531C48
S21403EB10002949D06169994242D01EB9521AB2F10E
S21403EB20004F3DD9636123696E689C4203D19D21E2
S21403EB30284800F0B0FA2F460023B4420BD0002B2F
S21403EB4041D172696169891AB1F1004F32D83269CD
S21403EB50374694422CD12269BD420CBF6A603A61A3
S21403EB607BB92669B44203D1B8211A4800F093FA58
S21403EB703B46012E05D062697169521AB2F1004F05
S21403EB8023D99D420BBF6B681A69236122610CBFB0
S21403EB906C601C6104E0434431B162699342C1D1A5
S21403EBA0BDE8F0811346B3E76A6822616C60B9E793
S21403EBB01646C6E7A8EB0202B2F1004FC7D93B469A
S21403EBC037463669B9E71F46F9E733463669D0E76D
S21403EBD0B53102002D8E04000823064A12F8011BE5
S21403EBE0814205D0013B13F0FF03F7D11846704767
S21403EBF0012070471DDA04000823064A12F8011B99
S21403EC00814205D0013B13F0FF03F7D11846704746
S21403EC100120704715DA040010B508220749044698
S21403EC20DCF7EEFBB0FA80F04FF6FF73228940095B
S21403EC3040009A4208BF40F0010010BD2EDA0400DF
S21403EC4030B504460D4685B002B9084A10685168C7
S21403EC5001AB03C301AB03CB20602046ADF80C50D9
S21403EC601B886160238105B030BD00BFC117040057
S21403EC70002270B50A4B1C780A4BD5B2AC4202D8B8
S21403EC8000200C7008E01E880132864205D30D7002
S21403EC901B881B1A5842584170BD1233EDE700BF5C
S21403ECA027630020105A0020F8B5154B04461D684C
S21403ECB00E46E5B1134B1F78874218D900EB400385
S21403ECC005EBC30526B92B69DA0712D42046F8BD2F
S21403ECD008223146281DDCF793FB50B92B69DB0766
S21403ECE0F4D40134E4B2A74205F11805F0D1FF24A9
S21403ECF0ECE70134E4B2A74205F11805E2D1F6E7E2
S21403ED00B0550020A86D00200A4B01461B6830B59D
S21403ED102BB1094A14780022D0B2844201D8FF20CE
S21403ED2030BD5D888D4202D11D69ED07F8D40132EE
S21403ED301833F1E7B0550020A86D00200F4A0346AC
S21403ED401068D0B10E4A12789A4215D919B203EB5D
S21403ED50430300EBC300036913F001000DD0094A17
S21403ED60126832F8112002F4E2622AB913F00C0F8B
S21403ED7014BF01200020704701207047B0550020C3
S21403ED80A86D0020AC550020094B1B686BB1094ADF
S21403ED901278824209D900EB4000C20003EBC000A0
S21403EDA00169C90701D5985C7047FF20704700BF0B
S21403EDB0B0550020A86D00200C4A0346106890B199
S21403EDC00B4A12789A420DD903EB430300EBC300B8
S21403EDD0D0E9043213F001004FF0000104D01846C6
S21403EDE01146704700200146704700BFB05500200B
S21403EDF0A86D002010B5164B187860B1154C236823
S21403EE00CBB14FF4707200201349FFF717FD236848
S21403EE10013B236010BDFFF755FC1049104A91F9DA
S21403EE200040136884420B4C03F10103136023680C
S21403EE30B8BF087053B90B4800F09DFA0028E9D113
S21403EE40BDE8104001460748FFF72ABE0822DAE766
S21403EE5009640020CC550020F5ED0300046400206F
S21403EE60C4550020946C0020054B1B682BB9054B3A
S21403EE701868003818BF012070470120704700BF8C
S21403EE80BC550020B855002010B962B6BFF36F8F8B
S21403EE907047EFF3108072B67047302383F3118800
S21403EEA0704780F31188BFF36F8F7047EFF31180BD
S21403EEB0302383F311887047002070474FF40040D7
S21403EEC070474FF47A7070470122417803788A407E
S21403EED030214B4341F2100103F1A04303F5703395
S21403EEE05A507047B0F5802F24D010D8B0F5003FA5
S21403EEF022D006D828B3B0F5803F14BF012048209F
S21403EF007047B0F5403F14BF01202C207047B0F582
S21403EF10302F13D008D8B0F5E02F11D0B0F5202F3E
S21403EF2014BF012010207047B0F57F0F14BF0120D7
S21403EF30062070474B2070472A20704711207047E1
S21403EF402120704708B570B100F022F84FF09843BF
S21403EF505A6CD202FCD5586D10F4702004D0BDE86C
S21403EF600840FFF7BFBF212008BD08B528B12822F7
S21403EF700021DBF7F9FE002008BD2120FCE7036A29
S21403EF80042B9FBF00EB83020133D16003627047FB
S21403EF90036A052B14D84FF09842116CC902FCD5AE
S21403EFA004339B0013650168103B116041681160D0
S21403EFB050F8081F11604FF098420344984200D15E
S21403EFC0704750F8041F1160F8E7836813B981602F
S21403EFD070475B685A68012AFBD15960704709B1CC
S21403EFE000F008B822207047012100F046B800213F
S21403EFF000F043B870B506460D46FFF757FF0446C4
S21403F0001D2E37D8DFE806F00F18361C1E203622D2
S21403F010243636362628362A2C2E303636363634DE
S21403F020363636363632FDF7D9FF002628602046B8
S21403F030FFF737FF304670BD0120CAF7CDFDF4E772
S21403F0400320FAE70420F8E70C20F6E70220F4E7AB
S21403F0500620F2E70720F0E70820EEE70520ECE7B6
S21403F0600920EAE70A20E8E70D20E6E71020E4E7B0
S21403F0700B20E2E700202126D8E70020704708B5DA
S21403F080FEF730F880B208BD08B5FEF72BF808BDCA
S21403F090704742DE704738B504460D4600F008F860
S21403F0A0FFF7FBFE29462046BDE83840FFF7F1BFD1
S21403F0B0704710B962B6BFF36F8F70470120704771
S21403F0C02DE9FF410D4616461F460446A8B14FF0EC
S21403F0D00008C0F81C80FEF7FDFBBDF82C30424646
S21403F0E002939DF828302946CDE90073204633461F
S21403F0F0FEF7B8FB04B0BDE8F0812220FAE7F0B5CE
S21403F1001F46002387B00D46164604468DF8173073
S21403F110A8B1C3610DF11701FEF7FEFB9DF817209A
S21403F1207AB9BDF83430294602939DF8303020462C
S21403F130CDE900733346FEF795FB07B0F0BD2220FA
S21403F140FBE70320F9E738B5FFF7B0FE054600F006
S21403F15016F804462846FFF7A4FE204638BD4FF0AF
S21403F160B04301285B6904D0022805D1C3F3C0006D
S21403F170704703F0010070470020704770474FF058
S21403F180B0439A6A1207FCD4186A7047704708B5EA
S21403F190FFF7FCFF00F01DF808BD10B5FFF779FE7A
S21403F1A0012104460846FEF739F82046BDE810401C
S21403F1B0FFF76ABE10B5044600F012F82046FAF7C9
S21403F1C0E3FC2046F7F7F4FDBDE81040F9F7ABB9CA
S21403F1D0704708B5FFF7FCFF08BD0120704770476E
S21403F1E00020704730B589B00446ADF806108DF898
S21403F1F01020FFF7F1FC05462046FFF7FDFC03460B
S21403F2009DB1BDF80600ABB900F0BAF8FF2808BFF9
S21403F21000200DF10F038DF80F001A4620460499BF
S21403F2200593FEF77FFD09B030BD0028F5D00DF13C
S21403F2300603F2E700F0A4F8FF2808BF0020BDF895
S21403F24006308DF80F00ADF81A308DF8180006ABAF
S21403F250E3E7008870470170090A41707047012090
S21403F26070470120704738B5DAF7BEFC0446CFF77F
S21403F27039FF051E18BF2546D0F706F8041E18BF2B
S21403F2802C46FFF7ECFF002818BF204638BD38B5DC
S21403F290FEF714F90446F6F741FF04281ED00228A9
S21403F2A04FF0000508BF0124F7F751FE042817D0D6
S21403F2B0022808BF0124F7F769FB042812D00228A6
S21403F2C008BF0124FFF7CDFF04280DD0022808BF8E
S21403F2D00124002D18BF0024204638BD0125E3E78E
S21403F2E00125E8E70125EDE70024F5E7FF20704751
S21403F2F008B5FFF7FBFF002008BD08B520B1FFF7F0
S21403F300D1FA00F0010008BD0120FAE708B5FFF7BF
S21403F310BDFABDE80840FFF7F0BF008810B1C9B2D8
S21403F320FFF70ABB70472DE9F041B0F800800646A8
S21403F3300C46D5B2B8F1000F11D029464046FFF768
S21403F340FBFA2246074629464046FFF709FB3A469C
S21403F35029462046FFF704FB3480BDE8F0810F46BC
S21403F360F5E703461B8808468B4202D00021FFF7C9
S21403F370E3BA002070470069003818BF01207047C1
S21403F38000207047F8B506460D46FFF745FC0328F0
S21403F390044621D02846FFF73FFC032807461BD028
S21403F3A010F0020318D1A0070DD5F90716D40123D0
S21403F3B03C43E20704D431892A89914218BF0023CB
S21403F3C003F00100F8BD082229463046DCF718F89A
S21403F3D0B0FA80F35B09EBE70020F3E71846F1E7A2
S21403F3E070B50D4600210646FFF797FF044630B179
S21403F3F0FFF76AFA01462846FFF7C4FF08B120461E
S21403F40070BD21463046FFF7ACFFEFE707B50DF1B9
S21403F4100701FFF72DFC20B19DF8070003B05DF848
S21403F42004FBFF20FAE708B500F009F8FF2804D02C
S21403F430FFF7C2FCC0F3C00008BD0120FCE701468D
S21403F4400020FFF731BC08B5FFF75EFCFF3818BF96
S21403F450012008BD2DE9F8430746084615468846A9
S21403F4601C469DF82090FFF72FFA4619A4B19EB1CB
S21403F4704046FFF745FA254485420FDC2246B9F19C
S21403F480000F06D131463846DBF7C0FC0020BDE846
S21403F490F88339463046F7E72120F8E71D20F6E7DC
S21403F4A0F8B500BFF8BC08BC9E467047F8B500BF69
S21403F4B0F8BC08BC9E4670475FF800F03D65002028
S21403F4C05FF800F0D96500204465766963652074AB
S21403F4D0797065206368616E67652064657465632B
S21403F4E07465643A202564202D3E2025640D0A00A9
S21403F4F050726573732064657465637465640D0A7E
S21403F500004D756C7469207072657373206465743E
S21403F51065637465643A2025640D0A0052656C655C
S21403F5206173652064657465637465640D0A004CD5
S21403F5306F6E672070726573732064657465637499
S21403F54065640D0A0072656C61795F737461727429
S21403F5505F6C61746368696E675F70756C73653A38
S21403F56020616E6F746865722070756C73652069B0
S21403F57073206163746976650D0A0072656C617940
S21403F5805F6F6E0D0A0072656C61795F6F66660D5C
S21403F5900A0072656C61795F746F67676C650D0A44
S21403F5A00057726974696E6720636F6E66696720B9
S21403F5B0746F206E763A2025730D0A0053697A65B8
S21403F5C03A2025640D0A004661696C656420746FF1
S21403F5D0207772697465204445564943455F434F17
S21403F5E04E4649475F4441544120746F204E562C83
S21403F5F0207374617475733A2025642E202862790B
S21403F6007465733A202564290D0A00737563636570
S21403F6107373210D0A004661696C656420746F205C
S21403F62072656164204E565F4954454D5F444556A6
S21403F6304943455F434F4E4649472C207573696ED1
S21403F640672064656661756C7420636F6E666967B0
S21403F65020696E73746561642C20737461747573AA
S21403F6603A2025642E202862797465733A2025642F
S21403F670290D0A005573696E6720636F6E666967A6
S21403F6803A2025642063686172732066726F6D0D7D
S21403F6900A25730D0A0072636F31797A62313B541F
S21403F6A053303034462D4C49444C3B424130753B35
S21403F6B0534230753B4944303B425443313B4D3B08
S21403F6C0004E6574776F726B207374617475732064
S21403F6D06368616E67656420746F2025640D0A0095
S21403F6E04D616E75666163747572657220746F6FB3
S21403F6F0206269670D0A004D6F64656C20746F6F36
S21403F700206269670D0A00496E697469616C697ADB
S21403F710696E67205A696762656520776974682031
S21403F72025642073776974636865732C20256420C9
S21403F73072656C6179732C20256420636F7665721D
S21403F7402073776974636865732C20256420636F60
S21403F750766572730D0A00436F6E66696720706183
S21403F76072736564207375636365737366756C6C17
S21403F770790D0A00726561642076657273696F6E2F
S21403F78020666F726D206E6577206C6F6361746997
S21403F7906F6E0D0A004661696C656420746F20778E
S21403F7A072697465206C6173745365656E56657211
S21403F7B073696F6E20746F204E562C2073743A2034
S21403F7C025640D0A004F6C642076657273696F6E4C
S21403F7D03A2025640D0A0043757272656E742076AE
S21403F7E0657273696F6E3A2025640D0A005245539D
S21403F7F0455420414C4C210D0A0068616C5F6770CC
S21403F800696F5F63616C6C6261636B3A20657874E1
S21403F81069206C696E6520256C6420737461747549
S21403F8207320256C750D0A0068616C5F6770696FDD
S21403F8305F63616C6C6261636B3A206E6F20667205
S21403F84065652045585449206C696E65730D0A003A
S21403F8502F686F6D652F72756E6E65722F776F7278
S21403F8606B2F747579612D7A69676265652D737779
S21403F870697463682F747579612D7A696762656543
S21403F8802D7377697463682F73696C6162735F7431
S21403F8906F6F6C732F73696D706C69636974795FCE
S21403F8A073646B2F2E2E2F2E2E2F7372632F736976
S21403F8B06C6162732F68616C2F7A69676265652E67
S21403F8C0630044726F7070696E67206F6C64204FBC
S21403F8D0544120696D6167652C2063757272656E8D
S21403F8E074206F66667365743A20256C750A005536
S21403F8F06E6B6E6F776E20636F76657220636F6DC7
S21403F9006D616E643A2025640D0A00556E6B6E6F4A
S21403F910776E20636D642025640D0A004275747447
S21403F9206F6E2070726573732064657465637465A7
S21403F930642C20627574206E6F20627574746F6E0B
S21403F94020697320707265737365640D0A004275CF
S21403F95074746F6E206C6F6E67207072657373209D
S21403F96064657465637465642C20627574206E6FB9
S21403F97020627574746F6E206973206C6F6E6720D7
S21403F980707265737365640D0A004E6F20636F763D
S21403F99065722073776974636820636F6E66696740
S21403F9A020696E204E562C207573696E6720646539
S21403F9B06661756C74730D0A0041747472696275BE
S21403F9C07465206368616E6765642C2065703A20F1
S21403F9D025642C20636C75737465723A2025642C39
S21403F9E020617474723A2025640D0A00556E6B6E9E
S21403F9F06F776E204C6576656C4374726C20636F0C
S21403FA006D6D616E643A2025640D0A00556E6B6E4B
S21403FA106F776E204F6E4F666620636F6D6D616EF7
S21403FA20643A2025640D0A00496E64657820617483
S21403FA3020777269746520617474723A2025640DA8
S21403FA400A004E6F2073776974636820636F6E666F
S21403FA50696720696E204E562C207573696E672081
S21403FA6064656661756C74730D0A00496E76616C25
S21403FA7069642072656C61795F696E6465782025B8
S21403FA806420696E204E562C207265736574746903
S21403FA906E6720746F2064656661756C740D0A006A
S21403FAA03E2000556E6B6E6F776E206572726F72B6
S21403FAB000496E7075742062756666657220697398
S21403FAC02046554C4C004D6178696D756D206E75FA
S21403FAD06D626572206F6620617267756D656E7400
S21403FAE073206578636565646564005468652061A2
S21403FAF07267756D656E74206973206E6F74206609
S21403FB006F726D617474656420636F72726563747B
S21403FB106C7900496E636F727265637420617267F5
S21403FB20756D656E74207479706500496E636F72C7
S21403FB3072656374206E756D626572206F662061F0
S21403FB407267756D656E7473004E6F20636F6D6DAF
S21403FB50616E6420666F756E640075696E74380036
S21403FB606164646974696F6E616C002A00756E6BFC
S21403FB706E6F776E0077696C6463617264006865A4
S21403FB80786F707400737472696E676F7074007543
S21403FB90696E7433326F70740075696E7431366FC4
S21403FBA070740075696E74386F70740068657800D9
S21403FBB0737472696E670075696E743136007569A1
S21403FBC06E743332002E2E2E200068656C70000A89
S21403FBD025730A257325730025732008002F686F85
S21403FBE06D652F72756E6E65722F776F726B2F74DD
S21403FBF07579612D7A69676265652D7377697463B4
S21403FC00682F747579612D7A69676265652D7377D8
S21403FC10697463682F73696C6162735F746F6F6C6A
S21403FC20732F73696D706C69636974795F73646B42
S21403FC302F706C6174666F726D2F7365727669636D
S21403FC40652F6C65676163795F68616C2F73726398
S21403FC502F626173652D7265706C6163656D656E89
S21403FC60742E63002F686F6D652F72756E6E6572E6
S21403FC702F776F726B2F747579612D7A696762655A
S21403FC80652D7377697463682F747579612D7A6946
S21403FC90676265652D7377697463682F73696C6132
S21403FCA062735F746F6F6C732F73696D706C6963C7
S21403FCB06974795F73646B2F706C6174666F726DB1
S21403FCC02F736572766963652F746F6B656E5F6DF0
S21403FCD0616E616765722F6C65676163792F7372F6
S21403FCE0632F736C5F746F6B656E5F6D616E6167B8
S21403FCF065722E63002F686F6D652F72756E6E6565
S21403FD00722F776F726B2F747579612D7A696762BC
S21403FD1065652D7377697463682F747579612D7AB9
S21403FD2069676265652D7377697463682F73696C99
S21403FD306162735F746F6F6C732F73696D706C6938
S21403FD40636974795F73646B2F706C6174666F722A
S21403FD506D2F736572766963652F746F6B656E5F5F
S21403FD606D616E616765722F6C65676163792F736A
S21403FD7072632F736C5F746F6B656E5F6D616E7508
S21403FD80666163747572696E672E6300437572727B
S21403FD90656E7420436F6E6669673A202530780077
S21403FDA053657420434341206D6F646520746F2050
S21403FDB025643A2025307800656E61626C656400C0
S21403FDC064697361626C6564006F757428636C693B
S21403FDD0656E742900696E202873657276657229CC
S21403FDE0004D464720537472696E673A20257300A8
S21403FDF04170704275696C646572204D46472043B6
S21403FE006F64653A20307825303458006E6F646529
S21403FE10205B004164646974696F6E616C20696E6F
S21403FE20746572666163657300202025643A20005A
S21403FE3070616765205B25645D206368616E205B87
S21403FE4025645D20707772205B25645D006E6F7499
S21403FE5020616374697665006572726F722030780C
S21403FE60253038580070616E4944205B3078253061
S21403FE7034585D206E6F64654944205B30782530C6
S21403FE8034585D20007870616E205B3078007061B6
S21403FE9072656E744944205B3078253034585D2093
S21403FEA0706172656E7452737369205B25645D00BE
S21403FEB06E6F646554797065205B00536563757275
S21403FEC0697479206C6576656C205B253032585DE5
S21403FED0006E6574776F726B207374617465205B54
S21403FEE0253032585D200042756666657220627959
S21403FEF07465733A202564202F20256400457020FE
S21403FF00636E743A202564006570202564205B6563
S21403FF106E64706F696E742025732C206465766931
S21403FF2063652025735D20006E776B205B25645D1B
S21403FF302070726F66696C65205B307825303458A4
S21403FF405D206465764964205B3078253034585DDF
S21403FF5020766572205B3078253032585D0020208D
S21403FF602020257320636C75737465723A2030788D
S21403FF702530345820004E776B20636E743A202564
S21403FF8064006E776B202564205B25735D005072DA
S21403FF90696D617279202870726F290020206E6F58
S21403FFA0646554797065205B3078253032585D007F
S21403FFB02020736563757269747950726F66696C15
S21403FFC065205B3078253032585D00455020256427
S21403FFD03A20257320004572726F723A2020556EC0
S21403FFE06B6E6F776E20656E64706F696E742E002D
S21403FFF0456E61626C65206576656E742064656225
S214040000756720696E666F20696E20436F7265207F
S214040010434C4920636F6D706F6E656E74006F6E2F
S2140400206C7920636F6F7264696E61746F7273208B
S21404003063616E20666F726D0A006A6F696E2030A7
S21404004078253038580A006C65617665002573207B
S2140400503078253032580A0072656A6F696E4469D2
S2140400606666446576696365547970650065787478
S2140400702E2050414E2049443A20004E574B206FC4
S21404008070656E3A20257520736563004E574B20C5
S214040090636C6F7365640066696E64206A6F696E6C
S2140400A061626C653A203078253032580066696E95
S2140400B06420756E757365643A203078253032583E
S2140400C0004368616E67696E6720746F20636861B9
S2140400D06E6E656C2025643A2030782530325800E0
S2140400E0696E76616C6964206E6574776F726B20D6
S2140400F0696E6465780053686F72742049443A20C8
S2140401003078253034582C2045554936343A20006A
S2140401102C2050616E2049443A20307825303458DB
S2140401200053746172746564206D756C74692D7007
S214040130687920696E7465726661636500466169F4
S2140401406C656420746F2025732025732030782511
S214040150303258005465726D696E6174656420258A
S2140401607320307825303258004B65657020616CFA
S21404017069766520737570706F727420656E61623F
S2140401806C65642E006661696C656420746F207308
S2140401906574206B65657020616C697665206D6F8B
S2140401A064652E007375636365737366756C6C792A
S2140401B02073657420746865206368696C642074B1
S2140401C0696D656F7574206F7074696F6E206D61EC
S2140401D0736B2E006661696C656420746F207365AA
S2140401E07420746865206368696C642074696D653E
S2140401F06F7574206F7074696F6E206D61736B2EEB
S21404020000646973636F766572004D617463682079
S2140402102573792066726F6D203078253034582C1B
S214040220206570202564004E574B20416464726537
S214040230737320726573706F6E73653A2030782519
S21404024030345800494545452041646472657373EB
S21404025020726573706F6E73653A2000536572760C
S2140402606963652025737920646F6E652E002320EC
S21404027020747970652020206E776B20206C6F6365
S21404028020202072656D202020636C75732020204A
S2140402906E6F646520202065756900202025642023
S2140402A020202030782530345820203078253034EB
S2140402B0582020307825303458203078253034586B
S2140402C02000736C5F7A69676265655F6765745F53
S2140402D062696E64696E67204572726F723A203086
S2140402E078253038580A002564206F662025642057
S2140402F062696E64696E6773207573656400656E03
S21404030061626C6564207072696E740064697361FE
S214040310626C6564207072696E7400616464206C3B
S214040320696E6B206B6579004552523A2043616CC6
S21404033063756C617465642043524320646F65730F
S214040340206E6F74206D61746368004552523A20C3
S214040350496E7374616C6C20436F6465206D7573AD
S2140403607420626520382C2031302C2031342C2027
S2140403706F7220313820627974657320696E206C40
S214040380656E677468004552523A204145532D4DB8
S2140403904D4F2068617368206661696C65643A2015
S2140403A030782530325800536574206A6F696E6958
S2140403B06E67206C696E6B206B65790073657420BC
S2140403C062696E642025643A2030782530327800DD
S2140403D0454D50545900554E494341004D324F4EF9
S2140403E045004D554C5449003F2020202000496EBE
S2140403F06465782049454545204164647265737395
S2140404002020202020202020204E574B496E646553
S214040410782020496E204643202020202054544C27
S21404042028732920466C6167202020204B6579209C
S2140404302020200025642020202020002020256461
S214040440202020202020200020202530385820205E
S2140404500020307825303458202000496E646578B2
S2140404602049454545204164647265737320202005
S214040470202020202020496E2046432020202020B3
S2140404805479706520204175746820204B65790086
S2140404902D202020202000256320202020202563D6
S2140404A0202020202000696573005741524E494E93
S2140404B0473A202052454144494E47204F46204B58
S2140404C045592056414C5545532044495341424CC6
S2140404D04544204259204D464720544F4B454E0034
S2140404E04E574B204B6579002573206F7574204654
S2140404F0433A202530385800257320736571206EE2
S214040500756D3A20307825303258002573206F7583
S214040510742046433A202530387800544320257307
S21404052020002573205461626C650025642F2564C1
S21404053020656E747269657320757365642E005445
S21404054072616E7369656E74204B6579002564204C
S214040550656E7472257320636F6E73756D696E674E
S214040560202564207061636B657420627566666519
S2140405707225732E0057494C4C0057494C4C204E5C
S2140405804F540054727573742043656E74657220FC
S214040590257320616C6C6F77207472757374206396
S2140405A0656E7465722072656A6F696E7320757302
S2140405B0696E672077656C6C2D6B6E6F776E206B3B
S2140405C065792E005365742074696D656F757420A3
S2140405D0666F722054727573742043656E74657208
S2140405E02072656A6F696E73207573696E6720770B
S2140405F0656C6C2D6B6E6F776E206C696E6B206B02
S214040600657920746F202564207365636F6E647348
S2140406102E004552524F523A20002573737461637C
S2140406206B206D75737420626520646F776E2E0080
S21404063052656164696E6720416C6C6F776564000F
S21404064048617368696E67206F6E6C7900736C5FBF
S2140406507A69676265655F6B65795F7365747469EB
S2140406606E67735F743A2030782530345800202043
S2140406705065726D697373696F6E733A20257300E3
S2140406804572726F723A204661696C656420746FB5
S2140406902067657420636F6E6669672C20737461C7
S2140406A07475733A20307825303858004661696C82
S2140406B065643A20307825303858004D73673A2000
S2140406C0636C7573203078253034582C20636D6441
S2140406D0203078253032582C206C656E2025640036
S2140406E06275666665723A2000454D4245525F0063
S2140406F0257353454355524954595F4C4556454C0A
S2140407003A20253032580025736572617365206B74
S21404071065792025643A2030782530385800636D92
S21404072064206E6F74206275696C74007372632043
S214040730657020253032782C20636C757320253044
S21404074034780073656E64696E6720746F206D7507
S2140407506C7469636173742062696E640025733A0D
S2140407602065703A2025642C20636C3A2030782566
S2140407703034582C20617474723A20307825303422
S21404078058002C207376723A2025630025733A208D
S214040790726561643A20307825303278002C2073F4
S2140407A076723A2025632C2064747970653A20307A
S2140407B0782530325800417267756D656E74206115
S2140407C07420696E6465783A202564206973206F06
S2140407D07574206F662072616E676500436F6D6D79
S2140407E0616E6420616C7265616479206275696CFF
S2140407F0742E202043616E6E6F7420736574204DD2
S214040800464720737065636966696320636F646531
S21404081020666F7220636F6D6D616E642E004D46A8
S2140408204720436F64652053657420666F72206E9C
S21404083065787420636F6D6D616E643A2030782538
S21404084030345800557365204E65787420536571AE
S21404085075656E63652053657420666F72206E65D9
S214040860787420636F6D6D616E643A20307825303D
S21404087032580044697361626C652044656661752C
S2140408806C7420526573706F6E73652053657420A4
S214040890666F72206E65787420636F6D6D616E642A
S2140408A03A20307825303258004552523A20726544
S2140408B06164696E67206174747269627574652018
S2140408C025303278004552523A2061747472696257
S2140408D07574652073697A6520256420746F6F20AB
S2140408E06C6172676520666F7220627566666572F3
S2140408F0004572726F723A2061747472696275741C
S2140409006520494420307825303458207265706F4D
S214040910727461626C65206368616E6765206973D2
S2140409202073697A65202564422C2062757420251C
S214040930644220656E74657265640A006E6F206397
S2140409406D64004572726F723A20434C49205365B9
S2140409506E64206661696C65642C207374617475BA
S214040960733A20307825303858004572726F723AE0
S2140409702020455549363420617267756D656E745E
S21404098020697320656D70747920616E64206C6FC5
S2140409906F6B7570206279206E6F64652049442001
S2140409A06661696C65642E0047726F757000556EDB
S2140409B0696361737400556E62696E6420257320E2
S2140409C02573307825303258005265717565737416
S2140409D03A20005A444F2073696D706C6520646534
S2140409E07363207265712025303278005A444F2094
S2140409F06E6F6465206465736320726571202530AC
S214040A003278005A444F206D6174636820646573BD
S214040A1063207265712025303258005573696E67FD
S214040A20206D79206C6F63616C20455549363420FF
S214040A30666F7220646573742045554936342069A0
S214040A406E2062696E64696E67005A444F2062695C
S214040A506E6420726571202530327800636C75737D
S214040A60746572206C696D6974207265616368656B
S214040A706400696E76616C696420706167653A200B
S214040A802564206F72206368616E6E656C3A20255B
S214040A9064004368616E6765206368616E6E656CAA
S214040AA0207374617475733A203078253032780078
S214040AB06475726174696F6E206D757374206265F7
S214040AC020696E2072616E67652030202D20350007
S214040AD0636F756E74206D75737420626520696E1D
S214040AE02072616E67652031202D203800736361A3
S214040AF06E20737461747573203078253032580014
S214040B006E6574776F726B2075706461746520739C
S214040B106574207374617475732030782530325888
S214040B200041637469766520455020726571756569
S214040B307374207374617475733A20307825303278
S214040B4058004C5149205461626C65207265717579
S214040B506573743A203078253032580042696E64E2
S214040B60696E67205461626C652072657175657381
S214040B70743A20307825303258004C65617665200A
S214040B80257330782530325800506F7765722044CC
S214040B90657363726970746F7220257330782530BC
S214040BA03258005573696E67206D79206C6F6361E7
S214040BB06C20455549363420666F7220646573741C
S214040BC020455549363420696E20756E62696E6418
S214040BD0696E6700526F757465205461626C652097
S214040BE02573307825303258002F686F6D652F7264
S214040BF0756E6E65722F776F726B2F747579612DB3
S214040C007A69676265652D7377697463682F74758E
S214040C1079612D7A69676265652D7377697463688F
S214040C202F73696C6162735F746F6F6C732F736973
S214040C306D706C69636974795F73646B2F70726F1F
S214040C40746F636F6C2F7A69676265652F61707065
S214040C502F6672616D65776F726B2F636F6D6D6F44
S214040C606E2F736C5F7A69676265655F73797374F8
S214040C70656D5F636F6D6D6F6E2E6300457874658A
S214040C806E64656420526573657420696E666F3A97
S214040C90203078253034582028257329002F686F93
S214040CA06D652F72756E6E65722F776F726B2F740B
S214040CB07579612D7A69676265652D7377697463E2
S214040CC0682F747579612D7A69676265652D737707
S214040CD0697463682F73696C6162735F746F6F6C99
S214040CE0732F73696D706C69636974795F73646B71
S214040CF02F70726F746F636F6C2F7A6967626565A5
S214040D002F6170702F6672616D65776F726B2F63DB
S214040D106F6D6D6F6E2F7A69676265655F6170705F
S214040D205F6672616D65776F726B5F736C65657015
S214040D302E630053746179206177616B6520776850
S214040D40656E206E6F74206A6F696E65643A20253E
S214040D507300466F726365642073746179206177EB
S214040D60616B653A20202020202020202020257337
S214040D7000466F7263696E672064657669636520F2
S214040D80746F2073746179206177616B6500416CC0
S214040D906C6F77696E672064657669636520746F27
S214040DA020676F20746F20736C656570002F686F02
S214040DB06D652F72756E6E65722F776F726B2F74FA
S214040DC07579612D7A69676265652D7377697463D1
S214040DD0682F747579612D7A69676265652D7377F6
S214040DE0697463682F73696C6162735F746F6F6C88
S214040DF0732F73696D706C69636974795F73646B60
S214040E002F70726F746F636F6C2F7A696762656593
S214040E102F6170702F6672616D65776F726B2F63CA
S214040E206F6D6D6F6E2F7A69676265655F73746147
S214040E30636B5F736C6565702E630052583A20527C
S214040E4065736574546F466163746F72794465663E
S214040E5061756C747343616C6C6261636B00657A74
S214040E60737020636F756E74657273206661696C47
S214040E70656420257500657A737020526573657401
S214040E80205468726573686F6C64206572726F7242
S214040E9020257500657A7370205365742054687233
S214040EA06573686F6C64206572726F7220257500B6
S214040EB02575292025733A202575005365747469B1
S214040EC06E67205468726573686F6C6420636F6D18
S214040ED06D616E64003F3F3F004D61632052782091
S214040EE04263617374004D616320547820426361E9
S214040EF07374004D616320527820556361737400E7
S214040F004D6163205478205563617374004D6163AA
S214040F102054782055636173742052657472790086
S214040F204D6163205478205563617374204661696B
S214040F306C00415053205278204263617374004120
S214040F4050532054782042636173740041505320F8
S214040F5052782055636173740041505320547820AE
S214040F6055636173742053756363657373004150EE
S214040F7053205478205563617374205265747279D3
S214040F8000415053205478205563617374204661A1
S214040F90696C00526F757465204469736320496EEA
S214040FA069746961746564004E65696768626F7226
S214040FB0204164646564004E65696768626F7220E8
S214040FC052656D6F766564004E65696768626F7218
S214040FD0205374616C65004A6F696E20496E6469BB
S214040FE0636174696F6E004368696C64204D6F7644
S214040FF0656400415348204F766572666C6F7700CF
S214041000415348204672616D65204572726F7200C6
S214041010415348204F76657272756E204572726F22
S21404102072004E574B204643204661696C757265C4
S21404103000415053204643204661696C7572650032
S21404104041534820584F66660041505320556E6100
S2140410507574686F72697A6564204B6579004E57BB
S2140410604B2044656372797074204661696C7572AE
S214041070657300415053204465637279707420464A
S21404108061696C75726573005061636B65742042A8
S214041090756666657220416C6C6F63617465204684
S2140410A061696C757265730052656C61796564205C
S2140410B055636173740050687920746F204D414302
S2140410C0207175657565206C696D6974207265613B
S2140410D063686564005061636B65742056616C696F
S2140410E0646174652064726F7020636F756E74003B
S2140410F04E574B207265747279206F766572666CF3
S2140411006F7700434341204661696C7572657300CE
S21404111042726F616463617374207461626C6520EB
S21404112066756C6C00505441204C6F2050726920D8
S214041130526571005054412048692050726920520B
S214041140657100505441204C6F20507269204465EC
S2140411506E696564005054412048692050726920C5
S21404116044656E69656400505441204C6F2050728B
S21404117069205478204162727400505441204869B2
S214041180205072692054782041627274004164646D
S2140411907265737320436F6E666C6963742053655F
S2140411A06E740043534C20527820736368656475EC
S2140411B06C65206661696C6564000D004465627543
S2140411C067207072696E742067726F75702025735D
S2140411D00A0057726F6E6720706172616D65746580
S2140411E0720A0046696E6420616E642042696E6409
S2140411F020496E69746961746F723A20436F6D702A
S2140412006C6574653A203078253032580053746122
S2140412107274207461726765740046696E64206136
S2140412206E642042696E642054617267657400259A
S214041230733A2025733A20307825303258004672A7
S21404124061676D656E746174696F6E20525820779D
S214041250696E646F772073697A6520736574207489
S2140412606F202564002F686F6D652F72756E6E652E
S214041270722F776F726B2F747579612D7A69676236
S21404128065652D7377697463682F747579612D7A33
S21404129069676265652D7377697463682F73696C13
S2140412A06162735F746F6F6C732F73696D706C69B2
S2140412B0636974795F73646B2F70726F746F636F96
S2140412C06C2F7A69676265652F6170702F6672612C
S2140412D06D65776F726B2F706C7567696E2F6672AB
S2140412E061676D656E746174696F6E2F667261678F
S2140412F06D656E746174696F6E2E630052583A2081
S21404130041646447726F7570526573706F6E73656F
S214041310203078253032582C203078253034580048
S21404132052583A205669657747726F7570526573DE
S214041330706F6E7365203078253032582C203078E4
S214041340253034582C20220052583A2047657447DA
S214041350726F75704D656D626572736869705265FB
S21404136073706F6E7365203078253032582C2030B9
S21404137078253032582C00205B3078253034585D80
S2140413800052583A2052656D6F766547726F7570D5
S214041390526573706F6E7365203078253032582C22
S2140413A0203078253034580065705B253032585D1F
S2140413B02069645B253034585D00436C656172694E
S2140413C06E6720616C6C2067726F7570732E0045B3
S2140413D052523A204661696C656420746F206372C9
S2140413E0656174652062696E64696E67202830786A
S2140413F02530325829004552523A2042696E6469B3
S2140414006E67207461626C652069732066756C6C07
S214041410004552523A2077726974696E67206E618D
S2140414206D6520737570706F7274202530325800A5
S21404143052583A2041646447726F7570203078259C
S2140414403034582C20220075760052583A205669BB
S214041450657747726F75702030782530345800757C
S214041460767300766965775F67726F75700047728A
S2140414706F7570733A206661696C656420746F20BA
S21404148073656E6420257320726573706F6E736562
S2140414903A20307825303258006765745F67726F7B
S2140414A075705F6D656D62657273686970207265CC
S2140414B073706F6E73650064656661756C745F72D5
S2140414C06573706F6E73650052583A2047657447AB
S2140414D0726F75704D656D626572736869702030E1
S2140414E078253032582C007575620047726F757017
S2140414F0733A206661696C656420746F2073656E48
S214041500642025733A203078253032580052583AF1
S2140415102052656D6F766547726F7570203078253A
S214041520303458004552523A204661696C6564204E
S214041530746F2064656C6574652062696E64696E98
S214041540672028307825303258290072656D6F760A
S214041550655F67726F75700052583A2052656D6FFA
S2140415607665416C6C47726F7570730052583A20FA
S21404157041646447726F757049664964656E746940
S2140415806679696E67203078253034582C2022001E
S214041590616464004368616E6E656C206E6F7420CF
S2140415A076616C69643A202564005072696D6172D4
S2140415B079002573206D61736B206E6F7720307809
S2140415C025303858005365636F6E64617279004D38
S2140415D061736B206E6F742076616C69643A2025A3
S2140415E064007072696D617279007365636F6E640E
S2140415F06172790025733A20536574202573206D33
S21404160061736B20746F203078253038580053741B
S214041610617475730025733A2025733A0043686134
S2140416206E6E656C206D61736B3A00202020202856
S214041630312920307825303858205B00202020209F
S21404164028322920307825303858205B00537461BE
S21404165074653A20307825303258202825732900BE
S21404166043757272656E74206368616E6E656C3A5B
S21404167020256400546F74616C20626561636F6E2C
S214041680733A202564004A6F696E20617474656D30
S2140416907074733A202564004E6574776F726B20FD
S2140416A073746174653A2030782530325800537468
S2140416B06F700025732053746F702E2020436C6562
S2140416C0616E696E672075702E0042726F61646386
S2140416D0617374696E67207065726D6974206A6FD1
S2140416E0696E0054727573742063656E7465722037
S2140416F06C696E6B206B6579207570646174652007
S2140417007374617475730025733A205741524E49B9
S2140417104E473A20736C5F7A69676265655F7365E6
S214041720745F696E697469616C5F73656375726909
S21404173074795F7374617465206661696C65642E80
S21404174020436F6E74696E75696E67207769746876
S2140417506F757420696E7374616C6C20636F646556
S2140417602E004572726F723A20696E7374616C6CE7
S21404177020636F6465207365747570206661696C98
S21404178065642E20497320616E20696E7374616CE3
S2140417906C20636F646520666C6173686564206F93
S2140417A06E746F20746865206465766963653F00AF
S2140417B0D0D1D2D3D4D5D6D7D8D9DADBDCDDDEDFA8
S2140417C000FFFFFFFFFFFFFFFF005A6967426565E2
S2140417D0416C6C69616E636530390025733A206923
S2140417E0737375696E67207363616E206F6E202550
S2140417F073206368616E6E656C7320286D61736B0D
S21404180020307825303858290025732069732061E4
S2140418106C726561647920696E2070726F67726598
S2140418207373005374617274004578616D696E69F0
S2140418306E6720626561636F6E206F6E20636861F9
S2140418406E6E656C20256420776974682070616EFE
S214041850496420307825303458005468697320620F
S2140418606561636F6E206973206E6F742070617299
S21404187074206F66207468652063757272656E7472
S214041880206368616E6E656C206D61736B20283012
S2140418907825303858292E2047657474696E672079
S2140418A06E65787420626561636F6E2077686F7307
S2140418B065206368616E6E656C206269746D617321
S2140418C06B206973207365742E004572726F723ACA
S2140418D020257320636F756C64206E6F74206174AA
S2140418E074656D7074206A6F696E3A20307825309E
S2140418F03258004E6F20626561636F6E73206C65AC
S2140419006674206F6E2063757272656E74206D61E6
S214041910736B2E204D6F76696E6720746F206E652C
S2140419207874207374617465002573206A6F696E19
S214041930696E6720307825303458206F6E206368CF
S214041940616E6E656C202564002573205374617483
S214041950653A202573004572726F723A202573200B
S214041960636F756C64206E6F742073657475702075
S21404197073656375726974793A2030782530325805
S214041980004572726F723A205363616E20636F6D06
S214041990706C6574652068616E646C65722072652F
S2140419A07475726E6564203078253032580025735D
S2140419B0207363616E20636F6D706C6574652E2092
S2140419C0426561636F6E732068656172643A2025B0
S2140419D06400257320737461636B2073746174757B
S2140419E07320307825303258002573206E6574775E
S2140419F06F726B206A6F696E65642E00257320749F
S214041A007279696E67206E657874206E6574776F78
S214041A10726B2E004E6F6E65005363616E205072BB
S214041A20696D617279204368616E6E656C732061BE
S214041A306E642075736520436F6E6669677572659C
S214041A4064204B6579005363616E205072696D6142
S214041A507279204368616E6E656C7320616E6420D3
S214041A6075736520496E7374616C6C20436F64658E
S214041A70005363616E205072696D61727920436809
S214041A80616E6E656C7320616E64205573652043C9
S214041A90656E7472616C697A6564204B657900536F
S214041AA063616E205072696D617279204368616E5D
S214041AB06E656C7320616E6420557365204469738B
S214041AC07472696275746564204B6579005363614A
S214041AD06E205365636F6E64617279204368616E2D
S214041AE06E656C7320616E642075736520436F6E3B
S214041AF066696775726564204B6579005363616E29
S214041B00205365636F6E64617279204368616E6EFC
S214041B10656C7320616E642075736520496E7374FA
S214041B20616C6C20436F6465005363616E2053657B
S214041B30636F6E64617279204368616E6E656C7360
S214041B4020616E64205573652043656E7472616C03
S214041B50697A6564204B6579005363616E2053652A
S214041B60636F6E64617279204368616E6E656C7330
S214041B7020616E64205573652044697374726962CB
S214041B8075746564204B6579005363616E205072EA
S214041B90696D617279204368616E6E656C7320614D
S214041BA06E642055736520416C6C204B65797320F8
S214041BB028696E7374616C6C20636F64652C206393
S214041BC0656E7472616C697A65642C2064697374DA
S214041BD07269627574656429005363616E20536587
S214041BE0636F6E64617279204368616E6E656C73B0
S214041BF020616E642055736520416C6C204B6579BA
S214041C00732028696E7374616C6C20636F64652C32
S214041C102063656E7472616C697A65642C206469ED
S214041C2073747269627574656429004F6E2F4F660B
S214041C3066207365742076616C75653A20253032AB
S214041C40582025303258004552523A207265616455
S214041C50696E67206F6E2F6F6666202530325800D7
S214041C604F6E2F6F666620616C72656164792073AF
S214041C70657420746F206E65772076616C756500D8
S214041C80546F67676C65206F6E2F6F66662066728A
S214041C906F6D202530325820746F2025303258005E
S214041CA04552523A2077726974696E67206F6E2FB8
S214041CB06F6666202530325800496E7374616C6C0A
S214041CC065642054797065202842617365293A203A
S214041CD020307825303258004361706162696C693F
S214041CE0746965733A20202020202020202020209C
S214041CF030782530345800426F6F746C6F616465B9
S214041D00722056657273696F6E3A20202020203048
S214041D1078253034580053656375726520426F6FBA
S214041D20746C6F61646572204B65793A20202020BC
S214041D30202000426F6F746C6F6164696E67206662
S214041D4061696C65642100446F776E6C6F61642012
S214041D506661696C65642E0044656C6574696E67BB
S214041D60206661696C656420646F776E6C6F61646D
S214041D702C207374617475733A2030782530325889
S214041D8000496D61676520646F6573206E6F74200B
S214041D90636F6E7461696E20616E20557067726140
S214041DA0646520496D616765205461672028307832
S214041DB025303458292E20536B697070696E67205D
S214041DC0757067726164652E00457865637574691D
S214041DD06E6720626F6F746C6F61642063616C6CF5
S214041DE06261636B2E005374617274696E6720457A
S214041DF0424C20766572696669636174696F6E0029
S214041E0045424C206661696C656420766572696635
S214041E1069636174696F6E2E0045424C207061736D
S214041E2073656420766572696669636174696F6E4A
S214041E302E002573696E67204F544120636C6965D4
S214041E406E74207374617465206D616368696E6571
S214041E500073746F7070004572726F723A204E6F22
S214041E6020696D61676520617420696E64657820F9
S214041E702564004E6F7420737570706F7274656499
S214041E802E00436C69656E7420696D616765207108
S214041E907565727920696E666F004D616E75662091
S214041EA049443A2020202020202020203078253045
S214041EB0345800496D61676520547970652049443B
S214041EC03A2020202030782530345800437572722A
S214041ED0656E742056657273696F6E3A202030788A
S214041EE025303858004861726477617265205665FB
S214041EF07273696F6E3A20004E41005175657279AF
S214041F002044656C6179206D733A202020202020BF
S214041F10202020202020256C64005365727665728C
S214041F2020446973636F766572792044656C6179C1
S214041F30206D733A20256C6400446F776E6C6F6175
S214041F40642044656C6179206D733A20202020203B
S214041F5020202020256C640052756E205570677210
S214041F606164652044656C6179206D733A20202095
S214041F70202020256C6400566572696679204465C5
S214041F806C6179206D733A202020202020202020A8
S214041F902020256C6400446F776E6C6F6164204566
S214041FA072726F72205468726573686F6C643A203C
S214041FB020256400557067726164652057616974F2
S214041FC0205468726573686F6C643A20202020255C
S214041FD064004F544120446F776E67726164657382
S214041FE03A2044697361626C6564004F544120442E
S214041FF06F776E6772616465733A20456E61626CD2
S214042000656400426F6F746C6F61642073746174EE
S214042010653A20257300496E76616C6964204550E4
S214042020202564207768656E20747279696E67204F
S214042030746F2073656E64204F5441206D6573730E
S2140420406167652E0053656E64696E672055706718
S2140420507261646520456E6420726571756573747B
S2140420602E0025733A20696E76616C696420636D70
S21404207064496420307825303258004572726F7295
S2140420803A20204661696C656420746F2073656E1F
S21404209064204F544120636F6D6D616E6420307808
S2140420A0253032582C207374617475733A20307856
S2140420B0253032580053657276657220756E6B6EE5
S2140420C06F776E2C2066616C6C696E672062616344
S2140420D06B20746F20646973636F766572792E0063
S2140420E04D6178696D756D207175657279206572BC
S2140420F0726F72732068697420282564292C2073F3
S21404210074617274696E67207365617263682066B1
S2140421106F72206E6577204F544120736572766522
S214042120722E0A004170706C79696E67207570674C
S214042130726164650025733A20696E76616C696421
S214042140206F66667365742063757272656E745468
S214042150696D652830782530385829203E207570FA
S214042160677261646554696D65283078253038581F
S21404217029004F544120436C75737465723A207776
S21404218061697420666F7220256420730052586556
S214042190642074696D654F7574203078253038581E
S2140421A020732C204D41582074696D654F7574203A
S2140421B03078253038582073004D6178696D756D18
S2140421C020757067726164652072657175657374D5
S2140421D073206D61646520282564292077697468F6
S2140421E06F757420726573706F6E73652066726F98
S2140421F06D207365727665722E0055706772616421
S214042200696E6720616E79776179004F5441205377
S21404221065727669636520646973636F766572793F
S2140422202070726576656E746564202D20616E6F0D
S2140422307468657220697320616C726561647920C4
S214042240696E2070726F6772657373004661696C9D
S214042250656420746F20696E69746961746520739F
S21404226065727669636520646973636F76657279EF
S2140422702E004F5441205365727669636520446985
S21404228073636F7665727920696E2070726F6772F9
S21404229065737300436C69656E742076657269664F
S2140422A069636174696F6E206661696C65642E008B
S2140422B05369676E617475726500437573746F6DE8
S2140422C000706173736564004641494C4544004E92
S2140422D06F207369676E61747572652076657269BE
S2140422E06669636174696F6E20737570706F72745B
S2140422F02C20617373756D696E6720696D616765FF
S214042300206973206F6B61792E00257320766572C1
S214042310696669636174696F6E2025733A20307844
S21404232025303258004D6178696D756D206E756D77
S214042330626572206F6620646F776E6C6F616420CE
S2140423406572726F727320726561636820282564F3
S214042350292C2061626F7274696E672E004F544197
S21404236020436C75737465723A2073657474696E71
S2140423706720494545452061646472657373206F20
S21404238066204F544120636C757374657200506107
S214042390727469616C2066696C6520646F776E6C14
S2140423A06F616420666F756E642C20636F6E74694B
S2140423B06E75696E672066726F6D206F66667365EC
S2140423C0742030782530385800466F756E64206661
S2140423D0756C6C7920646F776E6C6F6164656420CD
S2140423E066696C6520696E2073746F726167652018
S2140423F02876657273696F6E2030782530385829D0
S2140424002E00466F756E642066696C6520696E20C2
S21404241073746F726167652077697468206469668F
S214042420666572656E742076657273696F6E2028B1
S21404243030782530385829207468616E20637572A8
S21404244072656E742076657273696F6E20283078B4
S21404245025303858290046696C6520696E207374E7
S2140424606F726167652069732073616D652061739F
S2140424702063757272656E742072756E6E696E670F
S2140424802076657273696F6E202830782530385848
S21404249029004E6F20696D61676520666F756E64EE
S2140424A020696E2073746F726167652E004F544105
S2140424B0205365727669636520446973636F766535
S2140424C0727920756E626C6F636B65640049676E23
S2140424D06F72696E67207365727665722066726FB6
S2140424E06D206C6F6F706261636B206164647265EB
S2140424F073730049676E6F72696E67203078253093
S2140425003458204F54412073657276657220696E84
S21404251020736561726368206F66205443005365B8
S2140425207474696E67204F544120536572766572E1
S21404253020746F203078253034580044656C6179F7
S214042540696E67202564207365636F6E647320620A
S21404255065666F7265207374617274696E67204F66
S214042560544120636C69656E740054696D656F75BB
S214042570742077616974696E6720666F72206D6572
S21404258073736167652E00426164204F5441206373
S2140425906F6D6D616E643A20307825303258004F86
S2140425A0544120636F6D6D616E642030782530323F
S2140425B05820746F6F2073686F727420286C656E71
S2140425C0202564203C206D696E20256429004F5424
S2140425D04120636F6D6D616E642066726F6D207549
S2140425E06E7265636F676E697A656420736572766A
S2140425F06572203078253034582E20204D79204FAF
S2140426005441207365727665723A203078253034EA
S2140426105800496D616765204E6F74696679004796
S2140426206F7420756E6578706563746564202573B1
S2140426302E2020537461727420646973636F766508
S21404264072792E0064656661756C74004F54413A65
S214042650206661696C656420746F2073656E6420FF
S214042660257320726573706F6E73653A2030782513
S21404267030325800496D616765206E6F74696679FB
S21404268000476F7420756E657870656374656420A2
S21404269025732E202049676E6F7265642E004F5492
S2140426A0413A2044656661756C7420726573706F78
S2140426B06E736520666F7220496D616765206E6F64
S2140426C0746966792C207374617475732030782568
S2140426D030325800496D616765206E6F746966799B
S2140426E020636F6D6D616E6400257320756E69637B
S2140426F06173742C207175657279696E6700496E12
S21404270076616C6964002573202573207061796C8A
S2140427106F616420747970652030782530325800F3
S21404272025732025733A206F7574206F66207261B6
S2140427306E6765206A697474657220256400257363
S2140427402025733A207061796C6F6164206C656E25
S21404275067746820646F65736E2774206D61746394
S2140427606820747970652030782530325820282502
S21404277064203C2025642900257320257320647575
S2140427806520746F206E6F6E2D6D61746368696E5C
S21404279067206D616E756661637475726572204933
S2140427A0440025732025732064756520746F206E9D
S2140427B06F6E2D6D61746368696E6720696D6167FD
S2140427C0652074797065204944002573202573209C
S2140427D064756520746F206D61746368696E672024
S2140427E06669726D776172652076657273696F6E5D
S2140427F00025732025732C2052782764204A697498
S2140428007465722028307825303258292C20506977
S214042810636B6564204A6974746572202830782571
S21404282030325829005175657279206E65787420A7
S214042830696D61676520726573706F6E73650025D8
S214042840732072657475726E656420307825303234
S214042850582E20204E6F206E657720696D6167655F
S21404286020746F20646F776E6C6F61642E0025731E
S21404287020746F6F2073686F727420282564203C60
S214042880202564290025733A204E657720696D61FA
S214042890676520697320617661696C61626C652086
S2140428A0666F7220646F776E6C6F61642E0025739A
S2140428B0206973206E6F74207573696E67206D7956
S2140428C020696D61676520696E666F2E00455252F9
S2140428D04F523A204E65787420496D6167652069C9
S2140428E07320746F6F2062696720746F2073746F2F
S2140428F072652028307825303858203E20307825D8
S214042900303858290025732072657475726E6564B4
S2140429102073616D652046696C6556657273696FD0
S2140429206E2061732063757272656E746C792069AB
S2140429306E7374616C6C65642E004F544120446F52
S214042940776E6772616465732044697361626C654F
S214042950643A2046696C6556657273696F6E2062C8
S2140429606568696E642063757272656E7420696E3C
S2140429707374616C6C6174696F6E00537461727405
S214042980696E6720646F776E6C6F61642C20566581
S2140429907273696F6E20307825303858004572722D
S2140429A06F723A204661696C656420746F206465B2
S2140429B06C65746520696D6167652E004572726F7B
S2140429C0723A204661696C656420746F2065726192
S2140429D07365206F6C642074656D70206461746127
S2140429E02E00496D61676520626C6F636B207265AB
S2140429F073706F6E7365004F54413A20496D61677A
S214042A0065426C6F636B5265706F6E736520636F9F
S214042A106E7461696E7320696E76616C6964206F8A
S214042A207220696E636F6D706C6574652064617482
S214042A3061005570646174696E67204D696E20424A
S214042A406C6F636B20526571756573742050657284
S214042A50696F6420746F202564206D7300446F775B
S214042A606E6C6F61642064656C6179206279207392
S214042A706572766572202564206D7300446F776EE8
S214042A806C6F61642061626F727465642062792081
S214042A907365727665722E0053657276657220646D
S214042AA06F65736E277420737570706F7274207000
S214042AB061676520726571756573742C206F6E6C22
S214042AC079207573696E6720626C6F636B2072651C
S214042AD071756573742E005365727665722072651F
S214042AE07475726E65642027756E737570706F7278
S214042AF074656420636C757374657220636F6D6DA2
S214042B00616E64272E00556E6B6E6F776E2025738C
S214042B102073746174757320636F64652030782540
S214042B203032580025732068617320646174612014
S214042B3073697A65202825642920736D616C6C6539
S214042B4072207468616E2061637475616C207061B4
S214042B50636B65742073697A6520282564292E00C2
S214042B602573206572726F723A20457870656374B7
S214042B706564206F6666736574203078253038582F
S214042B802C2062757420676F74203078253038588E
S214042B902E202049676E6F72696E67002573206960
S214042BA06E666F20646964206E6F74206D61746352
S214042BB068206D7920657870656374656420696E35
S214042BC0666F2E202044726F7070696E672E004602
S214042BD061696C656420746F20777269746520740B
S214042BE06F2073746F7261676520646576696365C8
S214042BF02100446F776E6C6F616400557067726174
S214042C00646520656E6420726573706F6E7365000C
S214042C105365727665722061626F7274656420759E
S214042C207067726164652C207374617475733A20DE
S214042C30307825303258004572726F723A20257308
S214042C402068616420696E76616C69642025733A35
S214042C50200066696C652076657273696F6E004144
S214042C606464696E67202564206D732E2064656C29
S214042C70617920666F7220696D6D6564696174653B
S214042C8020757067726164652E00436F756E746498
S214042C906F776E20746F20757067726164653A2072
S214042CA02564206D73002053746174653A202020D7
S214042CB02573002057616974696E6720666F7220F9
S214042CC0726573706F6E73653A20257300204E65C7
S214042CD07874204576656E742054696D65723A2062
S214042CE02564206D73002043757272656E742044EB
S214042CF06F776E6C6F6164204F66667365743A20F6
S214042D003078253038582028256425252900257351
S214042D103A206661696C65642070617273696E67D7
S214042D20204F544120636D6420307825303258009B
S214042D304F54412044656661756C742072657370E7
S214042D406F6E736520746F20636F6D6D616E6420A3
S214042D504944203078253032582C207374617475B9
S214042D60732030782530325800496D6167652062DB
S214042D706C6F636B2072657175657374207465730C
S214042D8074206F6E6C7920776F726B73207768652A
S214042D906E20737461746520697320424F4F544CDF
S214042DA04F41445F53544154455F4E4F4E45005285
S214042DB0616E646F6D2044656C6179206265666F30
S214042DC0726520737461727400446973636F766508
S214042DD072696E67204F544120536572766572009F
S214042DE0476574204F5441205365727665722045BA
S214042DF05549004F627461696E206C696E6B206B76
S214042E006579005175657279696E67204E657874C8
S214042E1020496D61676500446F776E6C6F61646905
S214042E206E6720496D6167650056657269667969E3
S214042E306E6720496D6167650057616974696E67DE
S214042E4020666F722055706772616465206D6573C5
S214042E507361676500436F756E74646F776E207474
S214042E606F20557067726164650057616974696E96
S214042E706720746F20757067726164652076696177
S214042E80206F75742D6F662D62616E64206D6563A8
S214042E9068616E69736D0025733A202564252520C4
S214042EA0636F6D706C65746500496D616765202598
S214042EB0640020204552524F523A20436F756C648A
S214042EC0206E6F74206765742066756C6C20686568
S214042ED0616465722100202048656164657220562D
S214042EE0657273696F6E3A20307825303458002046
S214042EF020486561646572204C656E6774683A2084
S214042F002025642062797465730020204669656C08
S214042F106420436F6E74726F6C3A202030782530CC
S214042F2034580020204D616E75662049443A2020AE
S214042F302020202020307825303458002020496D69
S214042F4061676520547970653A2020202020307807
S214042F502530345800202056657273696F6E3A2007
S214042F6020202020202020307825303858002020AB
S214042F705A69676265652056657273696F6E3A2092
S214042F803078253034580020204865616465722006
S214042F90537472696E673A20202573002020496DA9
S214042FA06167652053697A653A2020202020256CC5
S214042FB064206279746573002020536563757269B2
S214042FC0747920437265643A20203078253032586C
S214042FD00020205570677261646520446573743AF6
S214042FE02020200020204D696E2E2048572056654C
S214042FF0723A202020203078253034580020204D86
S21404300061782E204857205665723A2020202030BA
S2140430107825303458002020546F74616C20546135
S21404302067733A20256400202020205461673A20E4
S214043030307825303458002020202020204C656E1F
S2140430406774683A20256C64004572726F723A2081
S214043050436F756C64206E6F74206F627461696E62
S2140430602074616720696E666F2066726F6D2069D2
S2140430706D6167652E000A256420696D6167657356
S21404308020696E204F54412073746F726167652EF9
S21404309000496D6167652064656C65746525732EEB
S2140430A0004572726F723A2020436F756C64206E0E
S2140430B06F74207265616420626C6F636B3A2030B3
S2140430C078253032582E0A005374617274696E671C
S2140430D02065726173652066726F6D206F66667315
S2140430E065742030782530385820746F2030782561
S2140430F030385800436F756C64206E6F7420737498
S2140431006172742045524153452120283078253079
S21404311032582900454550524F4D2045726173651B
S21404312020636F6D706C657465002F686F6D652F16
S21404313072756E6E65722F776F726B2F7475796108
S2140431402D7A69676265652D7377697463682F7471
S2140431507579612D7A69676265652D73776974631D
S214043160682F73696C6162735F746F6F6C732F730F
S214043170696D706C69636974795F73646B2F7072C0
S2140431806F746F636F6C2F7A69676265652F617001
S214043190702F6672616D65776F726B2F706C7567D2
S2140431A0696E2F6F74612D73746F726167652D730A
S2140431B0696D706C652D656570726F6D2F6F7461C7
S2140431C02D73746F726167652D656570726F6D2DF2
S2140431D0706167652D65726173652E63002F686F75
S2140431E06D652F72756E6E65722F776F726B2F74A6
S2140431F07579612D7A69676265652D73776974637D
S214043200682F747579612D7A69676265652D7377A1
S214043210697463682F73696C6162735F746F6F6C33
S214043220732F73696D706C69636974795F73646B0B
S2140432302F70726F746F636F6C2F7A69676265653F
S2140432402F6170702F6672616D65776F726B2F7069
S2140432506C7567696E2F6F74612D73746F72616716
S214043260652D73696D706C652D656570726F6D2F55
S2140432706F74612D73746F726167652D6565707206
S2140432806F6D2E63004F54412053696D706C65203A
S21404329053746F7261676520454550524F4D2077D1
S2140432A061726E696E673A20636F756C64206E6F28
S2140432B0742067657420736C6F7420696E666F2063
S2140432C0666F7220736C6F74202564202865727292
S2140432D06F7220307825303258292E204465666176
S2140432E0756C74696E6720746F20737065636966A5
S2140432F06965642061646472657373206F666673BF
S2140433006574730053746F726167652044726976DE
S21404331065723A20202020202020202020202020F3
S2140433204F54412053696D706C652053746F7261FD
S214043330676520454550524F4D20506C7567696E41
S2140433400052656164204D6F64696679205772691E
S214043350746520537570706F72743A20206E6F0017
S214043360534F4320426F6F746C6F6164696E6720BD
S214043370537570706F72743A20202020796573003C
S214043380426F6F746C6F616465722053746F726100
S214043390676520537570706F72743A205573652094
S2140433A0666972737420736C6F7400536C6F742048
S2140433B0746F207573653A2020202020202020205A
S2140433C02020202020202025640043757272656E1C
S2140433D07420446F776E6C6F6164204F6666736505
S2140433E0743A202020203078253038580045424C46
S2140433F0205374617274204F66667365743A202095
S2140434002020202020202020203078253038580006
S214043410454550524F4D2053746172743A20202013
S2140434202020202020202020202020203078253016
S214043430385800454550524F4D20456E643A20207A
S2140434402020202020202020202020202020203063
S214043450782530385800496D61676520496E666F77
S2140434602053746172743A202020202020202020CB
S2140434702020307825303858005361766520526114
S2140434807465202862797465732920202020202002
S2140434902020202020307825303858004F66667368
S2140434A06574206F6620646F776E6C6F6164206F3E
S2140434B06666736574202020307825303858004FAF
S2140434C06666736574206F662045424C206F666698
S2140434D07365743A20202020202020307825303848
S2140434E058004F6666736574206F6620696D616761
S2140434F0652073746172743A20202020202030786E
S2140435002530385800736C5F7A69676265655F6159
S214043510665F6F74615F73746F726167655F647210
S214043520697665725F726561645F636228292066E6
S21404353061696C65642100426164206D616769633A
S214043540206E756D62657220696E2066696C653AD8
S21404355020307825303258203078253032582030C4
S214043560782530325820307825303258004261644D
S2140435702076657273696F6E20696E2066696C6565
S21404358020307825303458004572726F723A2072B3
S214043590656164416E6456616C69646174655374F4
S2140435A06F726564496D6167652829207472696560
S2140435B06420746F2072656164206D6F7265206488
S2140435C0617461207468616E20697420636F756C21
S2140435D06420686F6C642E00736C5F7A696762653A
S2140435E0655F61665F6F74615F73746F7261676550
S2140435F05F6472697665725F726561645F63622890
S21404360029204641494C454421004C617374206F7F
S214043610666673657420646F776E6C6F6164656448
S2140436203A203078253038580053746F72616765D5
S214043630204D6F64756C653A204F54412053696D74
S214043640706C652053746F7261676520506C756783
S214043650696E00496D616765732053746F726564A3
S2140436603A20202564206F6620310A00253032581F
S2140436703A006570202530325820636C7573202517
S2140436803034582061747472202530345820737690
S2140436907220256300206D6667202530325800208E
S2140436A07265706F7274206D696E202530345820F0
S2140436B06D61782025303458207270742D636867E5
S2140436C02025303858002072656365697665206663
S2140436D0726F6D202530345820657020253032589E
S2140436E02074696D656F75742025303458007265D2
S2140436F06D6F766500636C656172696E67206C61D8
S2140437007374207265706F72742074696D65206FAF
S2140437106620616C6C20617474726962757465737A
S2140437200074657374696E672074696D696E6720CA
S2140437306F6620766172696F7573207265706F723A
S21404374074696E67206F7065726174696F6E73005A
S2140437502D2D2D2D2D2D2D2D2D2D2D2D2D2D2D2D90
S2140437602D2D2D2D2D2D2D2D2D2D2D2D2D2D2D2D80
S2140437702D2D2D2D2D2D2D2D2D2D2D2D2D2D2D009D
S2140437802D2D7461626C65207265616473202D2032
S21404379066756C6C207461626C652D2D00726573A1
S2140437A0756C74203D202564206D73002D2D696E84
S2140437B06974202F207363686564756C652074696A
S2140437C0636B2D2D2D002D2D6C6F616420636F6E41
S2140437D066696775726174696F6E20646566617583
S2140437E06C74732D2D002F686F6D652F72756E6E59
S2140437F065722F776F726B2F747579612D7A69678E
S2140438006265652D7377697463682F747579612DA5
S2140438107A69676265652D7377697463682F73695F
S2140438206C6162735F746F6F6C732F73696D706C09
S21404383069636974795F73646B2F70726F746F63F6
S2140438406F6C2F7A69676265652F6170702F667278
S214043850616D65776F726B2F706C7567696E2F720A
S21404386065706F7274696E672F7265706F727469B3
S2140438706E672E6300524541445F5250545F434680
S2140438804700726561645F7265706F7274696E6713
S2140438905F636F6E66696775726174696F6E0052F6
S2140438A065706F7274696E673A206661696C6564E8
S2140438B020746F2073656E642025732072657370A0
S2140438C06F6E73653A203078253032580045525270
S2140438D03A2072656164696E6720636C75737465FB
S2140438E07220307825303458206174747269627599
S2140438F07465203078253034583A203078253032B4
S21404390058004552523A207265706F7274696E6739
S214043910206F66204C4F4E4720737472696E672082
S2140439206174747269627574652074797065206E4A
S2140439306F7420737570706F727465643A20636C6C
S2140439407573746572203078253034582061747429
S2140439507269627574652030782530345800526573
S214043960706F7274696E6720456E7472792046753E
S2140439706C6C202D206372656174696E67206E65B9
S21404398077207265706F7274004346475F525054D6
S21404399000202D20646972656374696F6E3A253061
S2140439A032582C20617474723A2530345800202022
S2140439B020747970653A253032582C206D696E3A39
S2140439C0253034582C206D61783A25303458002040
S2140439D020206368616E67653A0020202074696D54
S2140439E0656F75743A2530345800636F6E66696780
S2140439F07572655F7265706F7274696E67002054C5
S214043A00434C4B2075706461746520616C7265610B
S214043A10647920696E2070726F6772657373004DE7
S214043A20616E75616C2054434C4B207570646174F0
S214043A3065206661696C65642E2573005374617233
S214043A4074696E672075706461746520747275732A
S214043A50742063656E746572206C696E6B206B658A
S214043A60792070726F636573730055706461746552
S214043A70205443204C696E6B204B657900204E65BC
S214043A8077206B65792065737461626C6973686509
S214043A90643A00204572726F723A00506172746E16
S214043AA065723A20005A434C20676C6F62616C2042
S214043AB0636C757374657220636F6D6D616E647389
S214043AC000646972656374696F6E00646973632D5C
S214043AD0636F6D2D67656E00646973632D636F6D28
S214043AE02D726563006578706563742D7265706FFA
S214043AF072742D66726F6D2D6D65007577726974BC
S214043B0065006E7772697465007265706F72742DE5
S214043B10726561640073656E642D6D652D612D722A
S214043B2065706F72740043726561746573206120FA
S214043B30676C6F62616C20646973636F766572206C
S214043B40636F6D6D616E6420666F722074686520A5
S214043B506173736F6369617465642076616C7565FF
S214043B60732E00636C757374657249641F61747494
S214043B7072696275746549641F6D61784E756D620D
S214043B806572546F5265706F72741F00437265617C
S214043B90746573206120676C6F62616C2073656E58
S214043BA064206D652061207265706F727420636F87
S214043BB06D6D616E6420666F722074686520617333
S214043BC0736F6369617465642076616C7565732EC2
S214043BD000636C757374657249641F6174747269EA
S214043BE06275746549641F64617461547970651FF5
S214043BF06D696E5265706F727454696D651F6D6180
S214043C00785265706F727454696D651F7265706F53
S214043C10727461626C654368616E67651F00437207
S214043C206561746573206120676C6F62616C2072D5
S214043C30656164207265706F7274696E6720636F65
S214043C406D6D616E6420666F7220746865206173A2
S214043C50736F63696174656420636C7573746572ED
S214043C602C2061747472696275746520616E6420B8
S214043C707365727665722F636C69656E7420646909
S214043C8072656374696F6E2E00636C757374657207
S214043C9049641F61747472696275746549641F644B
S214043CA06972656374696F6E1F00476C6F62616C3E
S214043CB0207265706F7274696E6720636F6D6D61D4
S214043CC06E6400656E64706F696E741F636C7573E2
S214043CD074657249641F61747472696275746549A7
S214043CE0641F6D61736B1F00437265617465732096
S214043CF06120676C6F62616C207265616420636F1B
S214043D006D6D616E64206D65737361676520746F95
S214043D1020726561642066726F6D20746865206326
S214043D206C757374657220616E6420617474726954
S214043D3062757465207370656369666965642E00D0
S214043D40636C757374657249641F61747472696216
S214043D5075746549641F00437265617465732061F8
S214043D6020676C6F62616C20777269746520636F7C
S214043D706D6D616E64206D65737361676520746F25
S214043D8020777269746520746F2074686520636C8C
S214043D90757374657220616E6420617474726962EE
S214043DA07574652073706563696669656400636C21
S214043DB0757374657249641F61747472696275748C
S214043DC06549641F747970651F646174611F0043DC
S214043DD072656174652061206578706563742D7200
S214043DE065706F72742D66726F6D2D6D65206D65CE
S214043DF073736167652077697468206173736F6392
S214043E0069617465642076616C7565732E00636CF5
S214043E10757374657249641F61747472696275742B
S214043E206549641F74696D656F75741F0043726518
S214043E30617465206120446973636F7665722043FC
S214043E406F6D6D616E64732047656E65726174652F
S214043E506420636F6D6D616E642077697468206199
S214043E6073736F6369617465642076616C756573DA
S214043E702E00636C757374657249641F7374617283
S214043E8074436F6D6D616E6449641F6D6178436F32
S214043E906D6D616E6449641F0053657473207468A5
S214043EA06520646972656374696F6E20666F72203C
S214043EB0676C6F62616C20636F6D6D616E64732CEA
S214043EC02065697468657220636C69656E74207415
S214043ED06F20736572766572206F722073657276D2
S214043EE0657220746F20636C69656E742E0053656A
S214043EF07473206120666C616720736F2074686138
S214043F007420746865206170706C69636174696F8D
S214043F106E206672616D65776F726B2057494C4CE4
S214043F20204E4F5420726573706F6E6420746F2039
S214043F30746865206E657874205A434C206D6573EA
S214043F4073616765207468617420636F6D657320A0
S214043F50696E206F76657220746865206169722EBA
S214043F600053657473206120666C616720736F204C
S214043F707468617420746865206170706C6963612C
S214043F8074696F6E206672616D65776F726B205709
S214043F90494C4C20726573706F6E6420746F207485
S214043FA06865206E657874205A434C206D6573737B
S214043FB0616765207468617420636F6D657320693A
S214043FC06E206F76657220746865206169722E00B3
S214043FD053657473207468652044697361626C6504
S214043FE02044656661756C7420526573706F6E73D9
S214043FF065204672616D6520436F6E74726F6C2027
S21404400062697420746F2075736520666F722074FD
S2140440106865206E65787420636F6D6D616E6420CC
S21404402069662074686520636F6D6D616E642069CF
S21404403073206E6F7420616C72656164792062759A
S214044040696C742E0064697361626C6544656661AC
S214044050756C74526573706F6E73651F0053657468
S214044060732074686520666C616720746F207573AE
S214044070652074686520696E6372656D656E746527
S214044080642073657175656E6365206E756D626513
S214044090722066726F6D20746865206672616D6545
S2140440A0776F726B20666F7220746865206E657811
S2140440B0742072617720636F6D6D616E642E007577
S2140440C073654E65787453657175656E63651F0018
S2140440D0436C6920636F6D6D616E6420746F20633A
S2140440E0616C6C20736C5F7A69676265655F616694
S2140440F05F7365745F74696D652066756E63746955
S2140441006F6E20646F63756D656E74656420696E8A
S2140441102061662E680075746354696D651F0053CC
S214044120657473207468652074776F20627974658B
S214044130206D616E75666163747572657220737046
S214044140656369666963206964656E746966696532
S2140441507220746F2075736520666F7220746865AC
S214044160206E65787420636F6D6D616E6420696679
S2140441702074686520636F6D6D616E6420697320BA
S2140441806E6F7420616C7265616479206275696C07
S214044190742E006D66675370656369666963496467
S2140441A01F0054727573742043656E746572204ADA
S2140441B06F696E2048616E646C65723A2073746130
S2140441C0747573203D2025732C20646563697369B8
S2140441D06F6E203D202573202825303258292C2048
S2140441E073686F72746964203078253034580055CB
S2140441F04E73656375726564206A6F696E006465E4
S21404420076696365206C65667400554E73656375E0
S2140442107265642072656A6F696E007573652070D6
S2140442207265636F6E66696775726564206B65791F
S2140442300073656E64206B657920696E207468650A
S21404424020636C6561720064656E79206A6F696EBE
S214044250006E6F20616374696F6E00616C6C6F77BB
S2140442602072656A6F696E73206F6E6C79006E6F6C
S214044270742000534C5F5354415455535F4E455479
S214044280574F524B5F5550203078253034580054E1
S214044290727573742043656E7465722045554920A3
S2140442A06861732025736368616E6765642E0053C6
S2140442B04C5F5354415455535F4E4554574F524BDD
S2140442C05F444F574E00534C5F5354415455535F0D
S2140442D04E4F545F4A4F494E454400534C5F535427
S2140442E0415455535F5A49474245455F4E455457D6
S2140442F04F524B5F4F50454E45443A202564207339
S214044300656300534C5F5354415455535F5A4947B1
S2140443104245455F4E4554574F524B5F434C4F53AF
S21404432045440025733A20257300646973747269E2
S21404433062757465640063656E7472616C697A652F
S2140443406400466F726D002573696E67206F6E2079
S21404435063682025642C2070616E496420307825BB
S214044360303458004572726F723A20446576696339
S2140443706520646F6573206E6F7420737570706F3C
S2140443807274202573206E6574776F726B20666F67
S214044390726D6174696F6E004A6F696E00496E765D
S2140443A0616C696420536563757269747920507210
S2140443B06F66696C653A2030782530325800704A4A
S2140443C06F696E20666F72202564207365633A20D9
S2140443D0307825303258004C696D6974696E6720F0
S2140443E06475726174696F6E206F66207065726D95
S2140443F06974206A6F696E2066726F6D20666F72CC
S2140444006576657220283235352920746F2032355A
S214044410340052583A205A444F2C20636F6D6D6115
S2140444206E64203078253034582C2073746174758B
S214044430733A203078253032580053696D706C65B5
S2140444400052583A202573204465736320526573DE
S21404445070004D61746368002C204D617463686558
S214044460733A2025640044657669636520416E6E60
S2140444706F756E63653A203078253034580052588C
S2140444803A20494545452041646472657373205259
S2140444906573706F6E73650052583A204163746991
S2140444A0766520455020526573706F6E73652C20B8
S2140444B0436F756E743A202564004E6F6465002C55
S2140444C0204D6174636865733A203078253034581B
S2140444D000737461636B207665722E205B25642EF0
S2140444E025642E256400202573206275696C64207B
S2140444F025645D005A444F00534500484100436C10
S214044500757374657200476C6F62616C0025737412
S21404451078203078253038582C200050726F666921
S2140445206C653A2025732028307825303458292C99
S21404453020436C75737465723A203078253034588D
S2140445402C2025642062797465732C00205A434C11
S21404455020257320436D642049443A202564005086
S21404456072652D52656C6561736500416C70686197
S214044570203100416C706861203200416C706861C3
S2140445802033004265746120310042657461203234
S21404459000426574612033004741005265736574B8
S2140445A020696E666F3A20307825303258202825E8
S2140445B073290064656C6574652062696E64696E4F
S2140445C0673A20253032582025303258000102033D
S2140445D00405060708090A0B0C0001010101010184
S2140445E00101010101010057524954452045525228
S2140445F03A200025736570202530325820636C7588
S2140446007320253034582061747472202530345851
S214044610206E6F7420737570706F727465640025F5
S21404462073696E76616C6964206461746120747960
S214044630706500257361747472206E6F74207772CF
S214044640697461626C650057524954453A206E6F2E
S2140446502077726974652C206A75737420612074DF
S21404466065737400524541443A20617474726962F9
S2140446707574652073697A6520746F6F206C617237
S214044680676520666F722063616C6C657200636C8C
S2140446906E74007372767200525700524F002020D8
S2140446A052414D20200020746F6B656E20006578A3
S2140446B07465726E2000454E44504F494E54202572
S2140446C030325800636C7573202F2073696465203C
S2140446D02F2061747472202F206D666720202F743B
S2140446E0797065286C656E292F207277202F2073C9
S2140446F0746F72616765202F20646174612028726C
S2140447006177290025303458202F202573202F2048
S21404471025303458202F2000202F202530325820D2
S214044720282530325829202F202573202F20257342
S214044730202F2000556E737570706F727465640058
S2140447404F544120524541443A2065703A25303250
S21404475058206369643A2530345820617474696457
S2140447603A25303458206D736B3A25303258206D14
S21404477066636F64653A2530345800524541443ABE
S21404478020636C757320253034582C206174747241
S2140447902025303458206661696C656420253032E3
S2140447A05800524541443A20636C757320253034D2
S2140447B0582C206174747220253034582C2064617F
S2140447C074614C656E3A20253032582C204F4B00CD
S2140447D0282563292530325825303258253032585A
S2140447E02530325825303258253032582530325844
S2140447F0253032580064697361626C650025736401
S2140448002C2064726F7070696E6720657020307833
S2140448102530325820636C75732030782530345830
S21404482020636D64203078253032580047656E6505
S21404483072617465640052656365697665640044F4
S2140448406973636F76657220436F6D6D616E647312
S21404485020726573706F6E73652028636F6D706C5D
S2140448606574653A202563292C20257320494473F2
S2140448703A200030782530325820005F45585400DE
S214044880524541445F415454520057524954453AA4
S21404489020636C757320253034582061747472203C
S2140448A02530345820004641494C202530325800E3
S2140448B057524954453A20746F6F2073686F727468
S2140448C000444953435F4154545200257325733AB8
S2140448D020636C7573202530345800537663204467
S2140448E06973633A2000257357616974696E67209B
S2140448F025642073656320666F7220646973636F32
S2140449007665727920746F20636F6D706C6574655C
S21404491000537461746520636F72726573706F6E92
S21404492064696E6720746F207468652074686520F7
S21404493072657175657374206E6F7420666F756E1C
S214044940640A002573636F6D706C6574652E0A00C7
S21404495025735365727669636520446973636F765D
S214044960657279205374617465206C696D6974731B
S21404497020726561636865640A002573496C6C651A
S21404498067616C2062726F61646361737420616432
S21404499064726573732C2072656D617070696E67DE
S2140449A020746F2076616C6964206F6E652E002516
S2140449B0734661696C656420746F2073656E642049
S2140449C06D6174636820646973636F766572793A9F
S2140449D02030782530325800257353746172746918
S2140449E06E6720646973636F7665727920666F728A
S2140449F020636C75737465722030782530345800E3
S214044A0025734661696C656420746F2073656E64F3
S214044A102073696D706C6520646573637269707465
S214044A206F7220726571756573743A20307825301C
S214044A3032580025734661696C656420746F207370
S214044A40656E6420494545452061646472657373E8
S214044A5020726571756573743A2030782530325843
S214044A600025734661696C656420746F2073656EF7
S214044A7064204E574B2061646472657373207265BC
S214044A8071756573743A2030782530325800457253
S214044A90726F723A202573206261642073696D70A8
S214044AA06C652064657363726970746F72206C65DC
S214044AB06E6774682E0025734D6573736167652091
S214044AC0746F6F2073686F72740025734D6573730B
S214044AD061676520746F6F2073686F727420666FE9
S214044AE072206E756D2E20656E64706F696E7473B9
S214044AF00025734D61746368257320666F756E6454
S214044B002066726F6D203078253034582E0045723A
S214044B10726F723A20257320696E76616C69642020
S214044B206C656E6774682028256420213D20256402
S214044B302920666F722041637469766520456E6429
S214044B40706F696E7420726573706F6E736500257E
S214044B5073676F74206163746976652045502072AC
S214044B606573706F6E7365005554432074696D6584
S214044B703A2025642F25642F25642025643A25646D
S214044B803A2564202825303858290028556E6B6E3F
S214044B906F776E20636C75732E205B307825303407
S214044BA0585D29000D0A54253038583A00525820CA
S214044BB06C656E2025642C20657020253032582CB8
S214044BC020636C7573203078253034582000206DAF
S214044BD06667496420253034580020464320253033
S214044BE0325820736571202530325820636D642056
S214044BF025303258207061796C6F61645B004261C5
S214044C00736963004F766572207468652041697223
S214044C1020426F6F746C6F6164696E67002573520F
S214044C205820706B7420746F6F2073686F72743AB8
S214044C30202564203C202564002573525820706B80
S214044C4074206D616C666F726D65643A202564200D
S214044C503C2025640020204861766520526F7574D8
S214044C60657220537570706F7274002020456E64F0
S214044C7020446576696365204F6E6C790020204574
S214044C806E61626C656400202044697361626C65C1
S214044C9064004572726F7220726574726965766913
S214044CA06E6720696E666F20666F72206C6962722A
S214044CB0617279204944202564002573206C69625A
S214044CC07261727925732070726573656E74005A0A
S214044CD069676265652050726F0042696E64696E2A
S214044CE06700536563757269747920436F72650053
S214044CF05365637572697479204C696E6B204B65D5
S214044D0079730043424B45203136334B31004342DE
S214044D104B4520445341205369676E004543430086
S214044D2043424B45204453412056657269667900D8
S214044D305061636B65742056616C696461746500C8
S214044D405A4C4C0043424B45203238334B310045D5
S214044D504343203238334B310043424B4520636F84
S214044D607265004E4350004D756C7469206E657410
S214044D70776F726B00456E68616E6365642042658A
S214044D8061636F6E205265710043424B4520323892
S214044D90334B312044534120566572696679004D81
S214044DA0756C74692D50414E002F686F6D652F72B7
S214044DB0756E6E65722F776F726B2F747579612DB1
S214044DC07A69676265652D7377697463682F74758D
S214044DD079612D7A69676265652D7377697463688E
S214044DE02F73696C6162735F746F6F6C732F736972
S214044DF06D706C69636974795F73646B2F70726F1E
S214044E00746F636F6C2F7A69676265652F7374615C
S214044E10636B2F636F6E6669672F736C5F7A69675F
S214044E206265655F636F6E66696775726174696FE4
S214044E306E2E63002F686F6D652F72756E6E6572C9
S214044E402F776F726B2F747579612D7A6967626537
S214044E50652D7377697463682F747579612D7A6923
S214044E60676265652D7377697463682F73696C610F
S214044E7062735F746F6F6C732F73696D706C6963A4
S214044E806974795F73646B2F70726F746F636F6C81
S214044E902F7A69676265652F737461636B2F667218
S214044EA0616D65776F726B2F6165732D6563622E16
S214044EB063002F686F6D652F72756E6E65722F773F
S214044EC06F726B2F747579612D7A69676265652DCB
S214044ED07377697463682F747579612D7A6967626C
S214044EE065652D7377697463682F73696C61627383
S214044EF05F746F6F6C732F73696D706C696369741C
S214044F00795F73646B2F70726F746F636F6C2F7A34
S214044F1069676265652F737461636B2F7365637568
S214044F20726974792F7A69676265652D736563752E
S214044F30726974792D6D616E616765722D6E6F2D61
S214044F407661756C742E63004572726F723A202017
S214044F504661696C656420746F20726561642066BE
S214044F60726F6D20454550524F4D20617420307845
S214044F702534582C207374617475733A20256400A4
S214044F80454550524F4D20496E697469616C697A83
S214044F9065643A20256300454550524F4D204275BE
S214044FA073793A202563005061727469616C2057E6
S214044FB06F72642053746F7261676520436F756EF9
S214044FC0743A20256400416464726573733A203031
S214044FD0782534582C205061727469616C20576FA0
S214044FE072643A203078255800636F6E6669726D75
S214044FF0656400617373756D6564000A45455052B7
S2140450004F4D20496E666F004E6F7420617661695D
S2140450106C61626C6520286F6C64657220626F6FC9
S214045020746C6F6164657229005061727420446503
S214045030736372697074696F6E3A20202020202092
S214045040202020202573004361706162696C6974B6
S2140450506965733A2020202020202020202020204C
S21404506020203078253258005061676520457261EB
S21404507073652074696D65202873293A20202020E2
S2140450802020256400506172742045726173652087
S21404509074696D65202873293A2020202020202555
S2140450A06400506172742045726173652074696D82
S2140450B06520286D73293A202020202020256400AE
S2140450C0506167652073697A652028627974657310
S2140450D0293A202020202020202020256C00506102
S2140450E072742073697A6520286279746573293A24
S2140450F0202020202020202020256C00576F72645A
S2140451002073697A6520286279746573293A2020A9
S21404511020202020202020256420282570290045D2
S2140451204550524F4D20696E69743A2030782558A0
S214045130002F686F6D652F72756E6E65722F776FB0
S214045140726B2F747579612D7A69676265652D7344
S21404515077697463682F747579612D7A69676265F7
S214045160652D7377697463682F73696C6162735F06
S214045170746F6F6C732F73696D706C69636974797F
S2140451805F73646B2F7574696C2F706C7567696ECA
S2140451902F706C7567696E2D636F6D6D6F6E2F65FE
S2140451A06570726F6D2F656570726F6D2E63005536
S2140451B06E61626C6520746F20626F6F7420696D17
S2140451C061676520617420736C6F7420256C640AB3
S2140451D000536C6F74204D616E6167657220666162
S2140451E0696C656420746F20657261736520736CE6
S2140451F06F740A004D61782072656164206C696D75
S21404520069742073657420746F2025642062797431
S21404521065730A004164647265737320202020203D
S2140452202020202020446174610A00307825346CE4
S2140452307820202020202020307825780A00466117
S214045240696C656420746F20726561642066726F91
S2140452506D20666C6173680A00536C6F7420256C4D
S214045260640A202041646472657373202020202021
S2140452703A20307825346C580A20204C656E6774C2
S214045280682020202020203A20307825346C5820AE
S21404529028256C64206279746573290A00202054DA
S2140452A079706520202020202020203A20004E6F90
S2140452B02047424C2070726573656E740A005A6902
S2140452C0674265650A005468726561640A00436F44
S2140452D06E6E6563740A00426C7565746F6F7468ED
S2140452E00A00426C7565746F6F7468206170706C28
S2140452F069636174696F6E0A004D43550A004F7402
S21404530068657220283078256C58290A00202056B3
S214045310657273696F6E20202020203A203078252D
S2140453206C580A0020204361706162696C69746974
S21404533065733A20307825346C580A002020507261
S2140453406F6475637420494420203A200030782521
S214045350582000536C6F74204D616E616765723A15
S214045360206661696C656420746F20696E6974696F
S214045370616C697A6520626F6F746C6F61646572C4
S21404538020286572726F72203078253478290A00D6
S21404539056657273696F6E20202020203A2025649B
S2140453A00A005061727420202020202020203A20F9
S2140453B025730A004361706162696C697469657378
S2140453C03A20307825780A00506172742073697A1E
S2140453D0652020203A20256420420A005061676533
S2140453E02073697A652020203A20256420420A002A
S2140453F0576F72642073697A652020203A202564EA
S21404540020420A00536C6F74732020202020202032
S2140454103A2025640A004661696C656420746F202E
S214045420726561642066726F6D2073746F72616753
S2140454306520666C61736820286572726F72202519
S21404544064290A00496E76616C696420736C6F7413
S21404545020256420286D617820736C6F7420256481
S214045460290A004661696C656420746F2067657458
S21404547020696E666F20666F7220736C6F742025C9
S214045480640A00536C6F74204D616E616765723AEE
S21404549020736C6F74207772697465206661696C1A
S2140454A07572652E2041646472657373206F666638
S2140454B07365742028256429202B20777269746507
S2140454C0206C656E677468202825642920677265D9
S2140454D061746572207468616E20746F74616C20E8
S2140454E0736C6F74206C656E677468202825642955
S2140454F00A00536C6F74204D616E61676572207785
S21404550061726E696E673A20736C6F74202564202E
S2140455106C656E6774682028256429206E6F742075
S214045520616C69676E656420746F207061676520BE
S21404553073697A6520282564292E205468652065B9
S2140455406E7469726520736C6F742077696C6C2056
S2140455506E6F74206265206572617365642E0A003E
S214045560536C6F74204D616E616765723A20666194
S214045570696C656420746F206572617365202564A8
S21404558020627974657320696E20736C6F742025AD
S21404559064206174206164647265737320307825B6
S2140455A0347820286572726F722030782578290A3C
S2140455B0004572617365642025642062797465739E
S2140455C020696E20736C6F742025640A0046616936
S2140455D06C656420746F2073657420736C6F74201C
S2140455E0746F20626F6F7420286572726F72203039
S2140455F078253478290A004661696C656420746FDE
S21404560020736574206C697374206F6620736C6FE6
S214045610747320746F20626F6F7420286572726FC3
S21404562072203078253478290A004661696C6564EE
S21404563020746F20676574206E6577206C697374B8
S214045640206F6620736C6F747320746F20626F6FA4
S2140456507420286572726F72203078253478290A8F
S21404566000426567696E6E696E6720696D6167657D
S21404567020766572696669636174696F6E2E2E2E74
S214045680002E6661696C65642120284572726F720B
S214045690203078253478290A002E70617373656487
S2140456A02120426F6F74696E6720736C6F742025B7
S2140456B0640A00666E692B00666E69006E616E0091
S2140456C0666E692D006C696273006273656E6400B1
S2140456D07265736574007261770073656E645F6DDE
S2140456E0756C7469636173740073656E642D757389
S2140456F0696E672D6D756C7469636173742D626968
S2140457006E64696E670074696D6573796E630067AD
S21404571065742D7074692D726164696F2D636F6E84
S21404572066696700636F6E6669672D6363612D6DD6
S2140457306F6465006576656E747300736563757271
S214045740697479007A69676265655F7072696E74F8
S21404575000706C7567696E006E6574006B657973AE
S214045760006F7074696F6E00706C756700636861B3
S2140457706E67656B6579006368616E67656B007A52
S214045780646F007072696E742072656C617465640F
S21404579020636F6D6D616E64732E006174747200A5
S2140457A05A646F2072656C6174656420636F6D6DF6
S2140457B0616E64732E00726F75746500706F776522
S2140457C072006D676D742D6C7169006D676D742D54
S2140457D062696E64006E6F64650073696D706C65F3
S2140457E00069656565006E776B00756E62696E6448
S2140457F0006E776B2D757064006F75742D636C2D59
S2140458006C69737400696E2D636C2D6C6973740017
S2140458105A646F20696E2D636C2D6C6973742072E4
S214045820656C6174656420636F6D6D616E64732E60
S214045830005A646F206F75742D636C2D6C697374D5
S2140458402072656C6174656420636F6D6D616E644F
S214045850732E005A646F206E776B2D7570642072F9
S214045860656C6174656420636F6D6D616E64732E20
S214045870007363616E2D6368616E2D6D61736B00DA
S2140458807363616E006368616E5067006368616E7F
S214045890005A646F20756E62696E642072656C616E
S2140458A074656420636F6D6D616E64732E00756E2F
S2140458B06963617374006368616E67656B657920FC
S2140458C072656C6174656420636F6D6D616E64737C
S2140458D02E006C696E6B004F7074696F6E20726573
S2140458E06C6174656420636F6D6D616E64732E0005
S2140458F07265676973746572006469736300696EC0
S2140459007374616C6C2D636F64650062696E6469A0
S2140459106E672D7461626C65007072696E742D72A8
S214045920782D6D7367730061707372657472790095
S21404593041505320726574727920666C61672066E4
S2140459406F72636520636F6D6D616E647300456E80
S21404595061626C65732F44697361626C6573207051
S21404596072696E74696E67206F66205278206D6562
S2140459707373616765732E00656E61626C650042C1
S214045980696E64696E67207461626C652072656C0A
S2140459906174656420636F6D6D616E64732E00536D
S2140459A065637572697479206B6579732072656CAA
S2140459B06174656420636F6D6D616E64732E00643C
S2140459C0656C657465004E6574776F726B207265DE
S2140459D06C6174656420636F6D6D616E64732E0014
S2140459E0666F726D0072656A6F696E2D64696666AD
S2140459F02D6465766963652D7479706500657874C1
S214045A0070616E69640069736F70656E0062726FB0
S214045A1061642D706A6F696E006368616E67652DD8
S214045A206368616E6E656C00696E697400636861B4
S214045A306E67652D6B6565702D616C6976652D6D79
S214045A406F64650074696D656F75742D6F70746925
S214045A506F6E2D6D61736B006D756C74692D706857
S214045A60792D7374617274006D756C74692D706829
S214045A70792D73746F700066696E64006E65747752
S214045A806F726B2066696E6420636F6D6D616E6401
S214045A90732E006A6F696E61626C6500756E75734D
S214045AA0656400736C6F742D6D616E61676572005A
S214045AB0636F756E746572730066696E642D616ECD
S214045AC0642D62696E6400667261676D656E7461EA
S214045AD074696F6E0067726F7570732D7365727676
S214045AE06572006E6574776F726B2D73746565727C
S214045AF0696E67006F74612D626F6F746C6F61649A
S214045B00006F74612D636C69656E74006F74612D2B
S214045B1073746F726167652D636F6D6D6F6E006F62
S214045B2074612D73746F726167652D656570726F2D
S214045B306D0069646C652D736C65657000757064C2
S214045B406174652D74632D6C696E6B2D6B657900BD
S214045B507570646174652D74632D6C696E6B2D6B42
S214045B6065792072656C6174656420636F6D6D6120
S214045B706E64730074696D6572006E6F7700436FB0
S214045B806D6D616E647320746F20636F6E74726FD4
S214045B906C2069646C696E672F736C656570696EDA
S214045BA067206F662074686520646576696365009F
S214045BB0666F7263652D6177616B65006177616BF3
S214045BC0652D7768656E2D6E6F742D6A6F696E65C8
S214045BD064007265706F7274696E672072656C61BA
S214045BE074656420636F6D6D616E64732E00636C00
S214045BF06561722D6C6173742D7265706F72742D8D
S214045C0074696D6500746573742D74696D696E6767
S214045C10006F74612D73746F726167652D656570AE
S214045C20726F6D2072656C6174656420636F6D6D50
S214045C30616E64732E0077697065006F74612D73EE
S214045C40746F726167652D636F6D6D6F6E2072651C
S214045C506C6174656420636F6D6D616E647300704F
S214045C6072696E74496D616765730072656C6F6105
S214045C70640073746F726167652D696E666F006485
S214045C806174612D7072696E74006F74612D636C3B
S214045C9069656E742072656C6174656420636F6DEB
S214045CA06D616E64732E0076657269667900626C47
S214045CB06F636B2D7465737400706167652D726510
S214045CC0717565737400757067726164652D7265AD
S214045CD071756573740064697361626C652D646FB5
S214045CE0776E67726164657300656E61626C652DBC
S214045CF0646F776E677261646573006F74612D629A
S214045D006F6F746C6F61642072656C617465642077
S214045D10636F6D6D616E6473006E6574776F726B1E
S214045D202D7374656572696E672072656C6174653F
S214045D306420636F6D6D616E64732E007072652DE2
S214045D40636F6E666967757265642D6B65792D730E
S214045D506574006D61736B2072656C617465642094
S214045D60636F6D6D616E642E007375627472616329
S214045D70740067726F7570732D7365727665722022
S214045D8072656C6174656420636F6D6D616E6473B7
S214045D902E00667261676D656E746174696F6E203D
S214045DA072656C6174656420636F6D6D616E647397
S214045DB02E007365742D72782D77696E646F772D57
S214045DC073697A65006172746966696369616C2DCA
S214045DD0626C6F636B2D64726F700046696E64202C
S214045DE0616E642062696E642072656C61746564B9
S214045DF020636F6D6D616E64732E00696E697469DD
S214045E0061746F7200656E61626C655F747970654B
S214045E1000737461636B00617070007A636C006C6D
S214045E2065676163795F61665F6465627567006371
S214045E306F756E746572732072656C617465642028
S214045E40636F6D6D616E64732E007072696E742D6F
S214045E50636F756E7465722D747970650073696D01
S214045E60706C652D7072696E74007072696E742D34
S214045E707468726573686F6C6473007365742D74EC
S214045E8068726573686F6C640072657365742D74EC
S214045E9068726573686F6C64730073656E642D72E4
S214045EA065717565737400736563757269747920BA
S214045EB072656C6174656420636F6D6D616E647386
S214045EC0007365742D616C6C6F772D7472757374C2
S214045ED02D63656E7465722D72656A6F696E2D75B5
S214045EE073696E672D77656C6C2D6B6E6F776E2D90
S214045EF06B6579007365742D616C6C6F772D7472A5
S214045F007573742D63656E7465722D72656A6F6938
S214045F106E2D7573696E672D77656C6C2D6B6E6F61
S214045F20776E2D6B65792D74696D656F7574007366
S214045F3065742D6B65792D726571756573742D7036
S214045F406F6C696379006D66672D746F6B656E00A0
S214045F506170730053656375726974792061707338
S214045F602072656C6174656420636F6D6D616E6428
S214045F70732E004765742F736574204D464720744E
S214045F806F6B656E2E00656E64706F696E7420723A
S214045F90656C6174656420636F6D6D616E64732EE9
S214045FA000656570726F6D207574696C697479200C
S214045FB072656C6174656420636F6D6D616E647385
S214045FC000536C6F74204D616E6167657220726554
S214045FD06C6174656420636F6D6D616E64730062DA
S214045FE06F6F742D736C6F740065726173652D73B7
S214045FF06C6F74006578742D666C6173682D696EB9
S214046000666F00736C6F74732D696E666F005072E2
S214046010696E74732074696D652E005072696E74AF
S21404602073206174747269627574652E00436C65BE
S21404603061727320746865205A444F206C697374C7
S214046040206F6620636C69656E742028696E29204B
S214046050636C7573746572732E0041646473206395
S2140460606C75737465727320746F20746865206B26
S2140460706E6F776E20636C69656E742028696E296E
S21404608020636C757374657273206F6E2074686910
S21404609073206465766963652E00436C656172736C
S2140460A020746865205A444F206C697374206F66A8
S2140460B020636C69656E7420286F75742920636C80
S2140460C07573746572732E004164647320636C7513
S2140460D0737465727320746F20746865206B6E6FBA
S2140460E0776E20636C69656E7420286F757429203A
S2140460F0636C757374657273206F6E20746869734D
S214046100206465766963652E0053656E647320614A
S2140461106E20757064617465206368616E6E656C6C
S21404612020726571756573742E006368616E6E65A2
S2140461306C1F0053656E647320616E207570646115
S2140461407465206368616E6E656C20706167652097
S2140461507265712E2054686520737461636B2073B6
S214046160656E6473206E776B20656E68616E63651A
S21404617064207570646174652072657120666F7240
S214046180206E6F6E2D7A65726F20706167652E00C3
S2140461906368616E6E656C1F706167651F0050658D
S2140461A072666F726D7320616E20656E65726779B4
S2140461B0207363616E2E007461726765744E6F643B
S2140461C06549641F7363616E4475726174696F6EAA
S2140461D01F7363616E436F756E741F0042726F6146
S2140461E064636173747320746865204944206F6621
S2140461F020746865206E6577206E6574776F726BA1
S214046200206D616E6167657220616E6420616374DF
S214046210697665206368616E6E656C732E006E77B2
S2140462206B4D676549641F6368616E6E656C4D618E
S214046230736B1F00506572666F726D7320616E20FB
S214046240656E65726779207363616E206F6E206772
S2140462506976656E206368616E6E656C206D617329
S2140462606B2E007461726765744E6F646549641FB3
S2140462707363616E4475726174696F6E1F736361D4
S2140462806E436F756E741F6368616E6E656C4D61E8
S214046290736B1F0053656E64732061206E6574779C
S2140462A06F726B20616464726573732072657175B6
S2140462B065737420666F72207468652067697665F6
S2140462C06E204945454520616464726573732E00EB
S2140462D0696565651F005265717565737473206121
S2140462E06E20494545452061646472657373206277
S2140462F061736564206F6E206120676976656E2021
S2140463006E6F64652049442E006E6F646549641F91
S2140463100053656E647320612073696D706C65202C
S21404632064657363726970746F72207265717565E3
S214046330737420666F72207468652073686F727455
S214046340206164647265737320616E6420656E6494
S214046350706F696E74207370656369666965642E10
S21404636000646573741F746172676574456E647047
S2140463706F696E741F0053656E64732061206D61CF
S21404638074636844657363726970746F727352657C
S214046390717565737420746F2074686520676976F8
S2140463A0656E2064657374696E6174696F6E2077B8
S2140463B06974682074686520676976656E207072F3
S2140463C06F66696C652E006E6F646549641F707233
S2140463D06F66696C651F0053656E64732061206E7A
S2140463E06F64652064657363726970746F7220727B
S2140463F065717565737420746F20612067697665AE
S2140464006E20746172676574206465766963652EB0
S214046410007461726765741F0053656E647320614F
S214046420205A444F2042696E6420636F6D6D616E1E
S2140464306420746F206120646576696365207370D8
S2140464406563696669656420696E2074686520639F
S2140464506F6D6D616E6420617267756D656E7473C1
S2140464602E0044657374696E6174696F6E1F536F92
S2140464707572636520656E64706F696E741F44651B
S2140464807374696E6174696F6E20656E64706F698B
S2140464906E741F636C757374657249441F72656D00
S2140464A06F746545554936341F646573744555499C
S2140464B036341F0053656E647320616E2061637406
S2140464C069766520656E64706F696E742072657196
S2140464D07565737420746F207468652064657669C6
S2140464E063652077697468207468652067697665D3
S2140464F06E2073686F72742049442E0053656E6470
S2140465007320616E20756E62696E642072657175A3
S21404651065737420666F72206120756E696361739B
S214046520742062696E64696E6720746F207468658F
S21404653020746172676574206465766963652E00ED
S2140465407461726765741F736F7572636520657511
S2140465506936341F736F7572636520656E64706F79
S214046560696E741F636C757374657249441F646541
S2140465707374696E6174696F6E45554936341F6469
S214046580657374696E6174696F6E20656E64706F8E
S214046590696E741F0053656E647320616E20756E99
S2140465A062696E64207265717565737420666F72B5
S2140465B02061206D756C7469636173742062696E02
S2140465C064696E6720746F207468652074617267EE
S2140465D06574206465766963652E00746172676508
S2140465E0741F736F757263652065756936341F731F
S2140465F06F7572636520656E64706F696E741F6371
S2140466006C757374657249441F67726F7570416464
S21404661064726573731F0053656E64732061205A39
S214046620444F204D616E6167656D656E74204C65E0
S21404663061766520636F6D6D616E6420746F20747F
S214046640686520746172676574206465766963653D
S2140466502E007461726765741F72656D6F7665438C
S21404666068696C6472656E1F72656A6F696E1F0076
S21404667053656E64732061205A444F204D474D5431
S2140466802D42696E64202842696E64696E672054E0
S21404669061626C6529205265717565737420746F28
S2140466A02074686520746172676574206465766911
S2140466B063652E007461726765741F737461727407
S2140466C0496E6465781F0053656E64732061205AB2
S2140466D0444F204D474D542D4C514920284C514988
S2140466E0205461626C652920526571756573742047
S2140466F0746F2074686520746172676574206465BD
S214046700766963652E0053656E64732061205A446F
S2140467104F20506F77657220446573637269707496
S2140467206F72205265717565737420746F20746877
S2140467306520746172676574206465766963652E86
S2140467400053656E64732061205A444F20726F753F
S2140467507465207265717565737420636F6D6D6101
S2140467606E6420746F207468652074617267657443
S2140467702E007461726765741F696E6465781F0005
S214046780696E6465781F65756936341F696E73743F
S214046790616C6C436F64651F00696E6465781F6581
S2140467A0756936341F6B65791F005443206C696E17
S2140467B06B206B6579207265717565737420706FD4
S2140467C06C6963791F417070206C696E6B206B6511
S2140467D079207265717565737420706F6C6963795E
S2140467E01F00426F6F6C3A20616C6C6F7720747276
S2140467F07573742063656E7465722072656A6F695A
S2140468006E207573696E672077656C6C2D6B6E6F82
S214046810776E206B65791F0070726F66696C6549C8
S214046820641F636C757374657249641F00746172C7
S21404683067657449641F00456E61626C65732070F9
S21404684072696E74696E67206F66205278206D6573
S2140468507373616765732E0053657473207468657B
S2140468602062696E64696E67207461626C65006993
S2140468706E6465781F636C75737465721F6C6F63E2
S214046880616C45701F72656D6F746545701F657524
S2140468906936341F00436C65617273207468652022
S2140468A062696E64696E67207461626C652E00505E
S2140468B072696E7473207468652062696E64696EAA
S2140468C067207461626C6520746F20746865206349
S2140468D06F6D6D616E64206C696E652E00436C6529
S2140468E061727320616C6C20736563757269747968
S2140468F0206B6579732E0044656C65746520746836
S2140469006520737065636966696564206C696E6B7F
S214046910206B657920696E6465782E005072696E06
S214046920747320616C6C2073656375726974792066
S2140469306B6579732E005465726D696E6174657348
S21404694020746865206D756C74692D5048592069EB
S2140469506E74657266616365005573656420746F52
S214046960207374617274206D756C74692D50485967
S21404697020696E74657266616365206F74686572FB
S214046980207468616E206E617469766520616E6439
S21404699020666F726D20746865206E6574776F72FA
S2140469A06B2E2054686520737461636B2075736561
S2140469B0732073616D652050616E49642061732095
S2140469C06E617469766520726164696F206E6574A1
S2140469D0776F726B2E00706167651F6368616E6EF9
S2140469E0656C1F706F7765721F6F7074696F6E7356
S2140469F04D61736B20284269742030203D20526F0D
S214046A00757465727320616C6C6F7765642C2042B4
S214046A1069742031203D2042726F6164636173742F
S214046A2020616C6C6F776564291F00417474656D12
S214046A3070747320746F206368616E676520746871
S214046A4065206368696C642074696D656F7574206D
S214046A506F7074696F6E206D61736B20746F20663F
S214046A60696C746572206F757420756E64657369DD
S214046A707261626C652076616C7565732028652E7C
S214046A80672E206E6F206D6F7265207468616E20AD
S214046A90332064617973292E0074696D656F75748B
S214046AA0206F7074696F6E206D61736B1F0053776F
S214046AB0697463686573206265747765656E2064BF
S214046AC06966666572656E74206B65657020616CB8
S214046AD0697665206D6F64657320737570706F7268
S214046AE0746564206279206120726F757465722EF5
S214046AF0004B65657020616C697665206D6F646512
S214046B001F005072696E7473207468652063757212
S214046B1072656E74204E6F64652049442C2045557A
S214046B204936342C20616E642050616E2049442E10
S214046B3000496E697469616C697A65732061206EB8
S214046B406574776F726B3B20746869732069732071
S214046B5061207465737420636F6D6D616E64207557
S214046B6073656420666F722074632D737761702D6D
S214046B706F75742074657374696E672E005365743C
S214046B807320746865206E6574776F726B20696E07
S214046B90646578207573656420627920616C6C2066
S214046BA066757475726520434C4920636F6D6D611C
S214046BB06E64732E20204265666F72652065786564
S214046BC0637574696E67206120434C4920636F6D5A
S214046BD06D616E642C20746865206672616D6577DD
S214046BE06F726B20737769746368657320746F20A3
S214046BF074686973206E6574776F726B2E202041FB
S214046C00667465722074686520636F6D6D616E646A
S214046C102066696E69736865732065786563757444
S214046C20696E672C20746865206672616D65776F7F
S214046C30726B207377697463686573206261636B33
S214046C4020746F207468652070726576696F75733A
S214046C50206E6574776F726B2E202054686520430F
S214046C604C492075736573207468652073616D657F
S214046C70206E6574776F726B20696E646578207514
S214046C806E74696C20746865206465766963652033
S214046C90726573657473206F72206974206973203B
S214046CA06368616E676564207468726F75676820D0
S214046CB07468697320636F6D6D616E642E00417431
S214046CC074656D70747320746F206368616E676595
S214046CD020646576696365206F76657220746F201C
S214046CE06120646966666572656E74206368616EA9
S214046CF06E656C20676976656E20696E20746865BB
S214046D00206368616E6E656C20617267756D656E72
S214046D10742E00546865206368616E6E656C20741A
S214046D206F206368616E676520746F1F0066696E06
S214046D3064556E7573656450616E49640066696E69
S214046D40644A6F696E61626C654E6574776F726BC8
S214046D50005065726D697473206A6F696E696E6738
S214046D60206F6E20746865206E6574776F726B2072
S214046D70666F72206120676976656E206E756D6237
S214046D806572206F66207365636F6E647320414E70
S214046D90442062726F616463617374732061205A65
S214046DA0444F204D676D74205065726D6974204A97
S214046DB06F696E696E672072657175657374207489
S214046DC06F20616C6C20726F75746572732E00414F
S214046DD02073696E676C65206279746520696E64D9
S214046DE069636174696E6720686F77206C6F6E677D
S214046DF020746865206465766963652073686F75BA
S214046E006C642068617665207065726D6974206AAA
S214046E106F696E696E67207475726E6564206F6E36
S214046E2020666F722E20412076616C7565206F6631
S214046E302030786666207475726E73206F6E2070CC
S214046E4065726D6974206A6F696E20696E64656622
S214046E50696E6974656C792E1F00436865636B738D
S214046E60206E6574776F726B20706A6F696E20731C
S214046E7074617475732E0057726974657320746830
S214046E806520657874656E6465642070616E20495B
S214046E904420666F7220746865206465766963654D
S214046EA02E0065787470616E69641F0052656A6F9F
S214046EB0696E7320616E206578697374696E6720E5
S214046EC06E6574776F726B20696E206120736563DC
S214046ED0757265206F7220696E73656375726520BE
S214046EE06D616E6E657220776974682061206469CE
S214046EF066666572656E742064657669636520747B
S214046F007970652E00426F6F6C65616E206E6574D5
S214046F10776F726B206B657920617661696C61624C
S214046F20696C6974791F4368616E6E656C206D6167
S214046F30736B1F416E20656E756D65726174696F43
S214046F406E20696E6469636174696E67207468652F
S214046F5020646576696365207479706520746F2093
S214046F6072656A6F696E2061732E54686520737447
S214046F7061636B206F6E6C792061636365707473F4
S214046F8020534C5F5A49474245455F454E445F444B
S214046F90455649434520616E6420534C5F5A494721
S214046FA04245455F534C454550595F454E445F4402
S214046FB045564943452E1F0052654A6F696E732035
S214046FC061206E6574776F726B2E00426F6F6C650E
S214046FD0616E206E6574776F726B206B65792061C5
S214046FE07661696C6162696C6974791F4368616E65
S214046FF06E656C206D61736B1F004C6561766573FE
S2140470002061206E6574776F726B2E005475726EF5
S21404701073207065726D6974206A6F696E696E6735
S214047020206F6E20666F722074686520616D6F75C0
S2140470306E74206F662074696D6520696E6469637A
S214047040617465642E00412073696E676C65206206
S21404705079746520696E6469636174696E67206813
S2140470606F77206C6F6E6720746865206465766938
S21404707063652073686F756C64206861766520703C
S21404708065726D6974206A6F696E696E67207475BF
S214047090726E206F6E20666F722E20412076616CB1
S2140470A07565206F662030786666207475726E7318
S2140470B0207065726D6974206A6F696E20696E64EB
S2140470C06566696E6974656C792E1F004A6F696E11
S2140470D0732061206E6574776F726B206F6E20610B
S2140470E020676976656E206368616E6E656C2C2019
S2140470F077697468206120676976656E2054582025
S214047100506F77657220616E642050414E2049446A
S2140471102E00546865206368616E6E656C206F6E21
S21404712020776869636820746F206A6F696E2074BC
S2140471306865206E6574776F726B1F4F6E652D627F
S214047140797465207369676E65642076616C75650D
S21404715020696E6469636174696E6720746865206B
S214047160545820506F776572207468617420746870
S2140471706520726164696F2073686F756C64206241
S214047180652073657420746F1F5468652050414EE3
S214047190204944206F6E20776869636820746F20E6
S2140471A06A6F696E20746865206E6574776F726B9B
S2140471B01F00466F726D732061206E6574776F7260
S2140471C06B206F6E206120676976656E2063686148
S2140471D06E6E656C2C20776974682061206769760A
S2140471E0656E20545820506F77657220616E642057
S2140471F050414E2049442E00546865206368616EF1
S2140472006E656C206F6E20776869636820746F20E3
S214047210666F726D20746865206E6574776F726B26
S2140472201F4F6E652D62797465207369676E656499
S2140472302076616C756520696E6469636174696E35
S214047240672074686520545820506F7765722074E0
S2140472506861742074686520726164696F2073685D
S2140472606F756C642062652073657420746F1F5498
S21404727068652050414E204944206F6E2077686927
S214047280636820746F20666F726D20746865206E64
S2140472906574776F726B1F005468697320696E6932
S2140472A074696174657320612054434C4B20757077
S2140472B0646174652070726F6365647572652E0010
S2140472C0537065636966792074686520616D6F75AF
S2140472D06E74206F662074696D6520746F20776104
S2140472E06974206166746572206F6E652054434C21
S2140472F04B20757064617465206F70657261746983
S2140473006F6E20636F6D706C65746573206265665E
S2140473106F726520626567696E6E696E67206120AC
S2140473206E65772054434C4B2075706461746520F9
S2140473306F7065726174696F6E2E005468652061A3
S2140473406D6F756E74206F662074696D6520626556
S214047350747765656E2073756273657175656E7492
S2140473602074727573742063656E746572206C691C
S2140473706E6B206B65792075706461746573206923
S2140473806E206D696C6C697365636F6E64731F0041
S214047390536574206F7220636C6561722073746128
S2140473A079206177616B65207768656E206E6F74EF
S2140473B0206A6F696E656400536574206F7220637B
S2140473C06C65617220666F726365206177616B65B8
S2140473D000446973706C61792074686520736C6509
S2140473E065702073746174757300464F522054455B
S2140473F05354494E4720505552504F534553202D11
S214047400206761746865722074696D696E67206DA3
S21404741065747269637320666F72207265706F722A
S21404742074696E67207461626C65206F7065726142
S21404743074696F6E732E00436C6561727320746892
S21404744065206C617374207265706F727420746941
S2140474506D65206F662061747472696275746573F5
S2140474602E00416464732061206E657720656E7417
S214047470727920746F20746865207265706F7274F8
S214047480207461626C652E00546865206C6F6361BD
S2140474906C20656E64706F696E742066726F6D2002
S2140474A077686963682074686520617474726962B9
S2140474B0757465206973207265706F727465641FD5
S2140474C054686520636C757374657220776865729A
S2140474D065207468652061747472696275746520C9
S2140474E06973206C6F63617465641F546865204912
S2140474F044206F66207468652061747472696275CE
S2140475007465206265696E67207265706F72746553
S214047510641F3020666F7220636C69656E742D7309
S2140475206964652061747472696275746573206F2A
S21404753072203120666F72207365727665722D73C1
S21404754069646520617474726962757465731F5426
S2140475506865206D696E696D756D207265706F72F1
S21404756074696E6720696E74657276616C2C206D22
S2140475706561737572656420696E207365636F6EEA
S21404758064732E1F546865206D6178696D756D206F
S2140475907265706F7274696E6720696E7465727650
S2140475A0616C2C206D6561737572656420696E204C
S2140475B07365636F6E64732E1F546865206D696E01
S2140475C0696D756D206368616E676520746F2074DD
S2140475D06865206174747269627574652074686184
S2140475E0742077696C6C20726573756C7420696E90
S2140475F02061207265706F7274206265696E672000
S21404760073656E742E1F0052656D6F766573206108
S2140476106E20656E7472792066726F6D207468656C
S214047620207265706F7274207461626C652E0054EB
S214047630686520696E646578206F662074686520C6
S2140476407265706F727420746F2062652072656D47
S2140476506F7665641F00436C6561727320616C6CA1
S21404766020656E74726965732066726F6D20746827
S21404767065207265706F7274207461626C652E008A
S2140476805072696E747320746865207265706F72C8
S21404769074207461626C652E00576970657320618E
S2140476A06C6C206461746120696E20746865207354
S2140476B0746F72616765206465766963652E005031
S2140476C072696E7473206172626974726172792071
S2140476D06279746573206F6620746865204F544120
S2140476E020696D616765206F6E206469736B2E0078
S2140476F054686520696E646578206F6620746865D2
S21404770020696D61676520746F207072696E7420DD
S21404771069747320646174611F546865206F6666BB
S21404772073657420696E746F20746865204F5441C5
S21404773020696D61676520746861742077696C6C74
S214047740206265207072696E7465641F00507269E9
S2140477506E747320696E666F726D6174696F6E20E5
S21404776061626F7574207468652073746F726167E4
S21404777065206465766963652E0052656C6F616486
S214047780207468652073746F72616765206465761B
S2140477906963652E0044656C65746573207468655A
S2140477A020696D6167652061742074686520737054
S2140477B06563696669656420696E6465782E00543D
S2140477C0686520696E6465782061742077686963EB
S2140477D06820746F20626567696E2064656C6574E2
S2140477E0696E672074686520696D6167651F00505F
S2140477F072696E74732074686520696D6167657359
S2140478002E00456E61626C6573204F544120646F90
S214047810776E6772616465732E0044697361626C87
S2140478206573204F544120646F776E677261646598
S214047830732E0053656E647320616E2055706772F4
S214047840616465456E645265717565737420746F02
S21404785020616E204F5441207365727665722E0047
S21404786043616E206265207573656420746F2064BE
S214047870796E616D6963616C6C79207475726E20C3
S2140478806F66662073656E64696E672070616765EF
S214047890207265717565737473206F6E20746865E5
S2140478A020636C69656E7420736964652C20696650
S2140478B0207468652073657276657220646F6573DC
S2140478C06E277420737570706F7274207468697391
S2140478D020666561747572652E00426F6F6C656113
S2140478E06E2076616C7565207475726E696E67209D
S2140478F06F6E20283129206F72206F66662028302C
S21404790029207468652070616765207265717565E5
S214047910737420666C61671F0053656E6473206120
S2140479206E20696D61676520626C6F636B2072659B
S214047930717565737420666F7220612066696C6564
S21404794020746865207365727665722073686F7537
S2140479506C64206E6F7420686176652E20205465F2
S2140479607374206861726E657373206F6E6C792011
S2140479702874657374206361736520392E352E363A
S214047980202D204D697373696E672046696C6529DE
S214047990005072696E747320696E666F726D6174DE
S2140479A0696F6E206F6E20746865206375727265E9
S2140479B06E74207374617465206F66207468652025
S2140479C04F544120636C69656E7420646F776E6CE7
S2140479D06F61642E0053746F707320746865204F53
S2140479E05441207374617465206D616368696E65C3
S2140479F02E0053746172747320746865204F54416A
S214047A0020636C69656E74207374617465206D619F
S214047A106368696E652E20546865207374617465A6
S214047A20206D616368696E6520646973636F76654B
S214047A30727320746865204F5441207365727665AE
S214047A40722C207175657269657320666F72206E7C
S214047A50657720696D616765732C20646F776E6C3B
S214047A606F6164732074686520696D61676573204F
S214047A70616E6420776169747320666F722074681F
S214047A80652073657276657220636F6D6D616E64D2
S214047A9020746F20757067726164652E0050726979
S214047AA06E747320746865206D616E7566616374A8
S214047AB0757265722049442C20496D6167652054AF
S214047AC07970652049442C20616E64205665727373
S214047AD0696F6E20696E666F726D6174696F6E2071
S214047AE074686174206172652075736564207768B4
S214047AF0656E2061207175657279206E65787420D4
S214047B00696D6167652069732073656E7420746F90
S214047B1020746865207365727665722062792074B5
S214047B20686520636C69656E742E00506572666FB6
S214047B30726D73207369676E6174757265207665FD
S214047B4072696669636174696F6E206F6E2074680B
S214047B506520696D616765206174207468652073AB
S214047B60706563696669656420696E6465782E006D
S214047B7054686520696E6465782061742077686946
S214047B80636820746F20626567696E207665726923
S214047B906669636174696F6E206F66207468652019
S214047BA0696D6167651F00426F6F746C6F61647303
S214047BB02074686520696D61676520617420746847
S214047BC0652073706563696669656420696E6465BB
S214047BD0782062792063616C6C696E6720746865CE
S214047BE0204F544120626F6F746C6F616420636130
S214047BF06C6C6261636B2E0054686520696E646504
S214047C007820617420776869636820746F206265E1
S214047C1067696E20626F6F746C6F6164696E67204B
S214047C2074686520696D6167651F005072696E74BB
S214047C307320696E666F2061626F75742074686560
S214047C4020696E7374616C6C656420626F6F746C0B
S214047C506F616465722E0053756274726163747327
S214047C602061206368616E6E656C2066726F6D209D
S214047C7065697468657220746865207072696D61E0
S214047C807279206F72207365636F6E6461727920F7
S214047C906368616E6E656C206D61736B206F662021
S214047CA0746865206E6574776F726B2D7374656582
S214047CB072696E6720636F6D706F6E656E742E00EA
S214047CC0546865206368616E6E656C206D61736BC5
S214047CD020746F20737562747261637420746865AF
S214047CE0206368616E6E656C2066726F6D1F5468E3
S214047CF065206368616E6E656C20746F20737562B0
S214047D00747261637420746865206D61736B206699
S214047D10726F6D1F00416464732061206368616E36
S214047D206E656C20746F206569746865722074686B
S214047D3065207072696D617279206F722073656355
S214047D406F6E64617279206368616E6E656C206D17
S214047D5061736B206F6620746865206E6574776F38
S214047D60726B2D7374656572696E6720636F6D70D0
S214047D706F6E656E742E00546865206368616E6E5F
S214047D80656C206D61736B20746F20616464206180
S214047D90206368616E6E656C20746F1F546865207E
S214047DA06368616E6E656C20746F20616464207411
S214047DB06F20746865206D61736B1F005365747360
S214047DC02065697468657220746865207072696DD0
S214047DD0617279206F72207365636F6E6461727965
S214047DE0206368616E6E656C206D61736B2E005443
S214047DF06865206368616E6E656C206D61736B20C8
S214047E00746F20737562747261637420746865207D
S214047E106368616E6E656C2066726F6D1F5468656C
S214047E202076616C756520746F20736574207468A1
S214047E3065206368616E6E656C206D61736B20747B
S214047E406F2E1F0053657473207468652070726506
S214047E502D636F6E66696775726564206B6579203D
S214047E60736F207468617420746865206A6F696E25
S214047E70696E67206465766963652063616E206554
S214047E806E74657220746865206E6574776F726BA5
S214047E902E00536574732074686520707265636F72
S214047EA06E66696775726564206B65791F00537426
S214047EB06F707320746865206E6574776F726B20BC
S214047EC07374656572696E672070726F6365737329
S214047ED02E0053746172747320746865206E657422
S214047EE0776F726B207374656572696E6720707243
S214047EF06F636573732E0041206D61736B206F662C
S214047F00206F7074696F6E7320666F7220696E647A
S214047F1069636174696E6720737065636966696313
S214047F20206265686176696F722077697468696E25
S214047F3020746865206E6574776F726B2D73746534
S214047F406572696E672070726F636573732E1F00A7
S214047F50446973706C617973207468652063757204
S214047F6072656E7420737461747573206F66207402
S214047F706865206E6574776F726B207374656572BE
S214047F80696E672070726F636573732E00436C6549
S214047F90617273207468652067726F7570732074DD
S214047FA061626C65206F6E20657665727920656EF9
S214047FB064706F696E74005072696E747320696EB3
S214047FC0666F726D6174696F6E2061626F7574207E
S214047FD074686520636F6E74656E7473206F6620B4
S214047FE07468652067726F757073207461626C655F
S214047FF02E004172746966696369616C6C792064E9
S214048000726F70732074686520626C6F636B206E89
S214048010756D62657220646566696E656420627952
S2140480202074686520706173736564206172677577
S2140480306D656E74206F6E6C79206F6E63652C2090
S214048040616E64207468656E20616C6C6F77732053
S21404805069742075706F6E20612072657472792E53
S2140480600054686520626C6F636B206E756D626584
S2140480707220746F206172746966696369616C6CDE
S214048080792064726F7020746F20666F7263652047
S21404809061207265747279202D2073657420746F64
S2140480A0203078464620746F2064697361626C657C
S2140480B01F00536574732074686520726563656970
S2140480C076652077696E646F772073697A652E20EB
S2140480D020427920646566696E6974696F6E2069EA
S2140480E06E2074686520536D61727420456E6572E7
S2140480F067792070726F66696C65206974206D7587
S21404810073742062652073657420746F2031206256
S2140481107574207468697320616C6C6F777320695A
S2140481207420746F206265206368616E6765642ED0
S21404813000546865206D6178206E756D62657220E6
S2140481406F662074686520626C6F636B732072655B
S214048150636569766564206265666F726520616E24
S214048160204150532061636B2069732067656E65F8
S21404817072617465641F004D616B65732074686971
S21404818073206E6F6465207374617274206964650D
S2140481906E74696679696E67206173206120746104
S2140481A07267657420666F722062696E64696E67B2
S2140481B0207769746820616E20696E6974696174D9
S2140481C06F72206E6F64652E0054686520656E6459
S2140481D0706F696E74206F6E2077686963682074A8
S2140481E06F20626567696E207468652046696E64F0
S2140481F0696E6720616E642042696E64696E6720EA
S2140482007461726765742070726F636573731F00A0
S2140482104D616B65732074686973206E6F646520A6
S21404822073746172742074686520696E6974696118
S214048230746F722070617274206F66207468652093
S21404824066696E64696E6720616E642062696E6436
S214048250696E672070726F636573732E0054686569
S21404826020656E64706F696E74206F6E207768691F
S214048270636820746F20626567696E207468652081
S21404828046696E64696E6720616E642042696E6436
S214048290696E6720696E69746961746F72207072A2
S2140482A06F636573731F00456E61626C652F646946
S2140482B07361626C6520646562756720606C6567CF
S2140482C061637920617070206672616D65776F7284
S2140482D06B20646562756760207072696E742074C2
S2140482E07970652E00456E61626C652F64697361F2
S2140482F0626C651F00456E61626C652F646973610C
S214048300626C6520646562756720607A636C6020C1
S2140483107072696E7420747970652E00456E6162A1
S2140483206C652F64697361626C6520646562756749
S214048330206061707060207072696E742074797049
S214048340652E00456E61626C652F64697361626CAC
S214048350652064656275672060636F72656020706F
S21404836072696E7420747970652E00456E61626C55
S214048370652F64697361626C652064656275672045
S21404838060737461636B60207072696E74207479B4
S21404839070652E0053656E64732061207265717576
S2140483A065737420666F72204F544120636F756E38
S2140483B0746572732E0052657365747320616C6CF9
S2140483C0207468726573686F6C64732076616C756C
S2140483D0657320746F203078464646462E005365F3
S2140483E074732061207468726573686F6C64207699
S2140483F0616C756520666F722061207061727469A5
S21404840063756C61722074797065206F6620636F83
S214048410756E7465722E0054797065206F662063DD
S2140484206F756E7465721F5468726573686F6C64DA
S2140484302056616C75651F005072696E74732074E3
S2140484406865207468726573686F6C6473206F6601
S21404845020616C6C2074686520636F756E74657239
S214048460732E00436C6561727320616C6C20636FBD
S214048470756E7465722076616C7565732E00507225
S214048480696E747320616C6C20636F756E746572AC
S2140484902076616C7565732E005072696E74732055
S2140484A07468652076616C7565206F6620746869EB
S2140484B07320706172746963756C617220636F7582
S2140484C06E7465722E0054686520636F756E7465ED
S2140484D072207479706520746F207072696E741FD0
S2140484E0005072696E747320616C6C20636F756ED5
S2140484F07465722076616C75657320616E642063A2
S2140485006C65617273207468656D2E005365742003
S2140485104D464720746F6B656E2C2043414E4E4F7C
S2140485205420424520554E53455420425920434C2E
S214048530492E005072696E74204D464720746F6B46
S214048540656E2E005072696E742061637469766578
S214048550206576656E74732E0044697361626C657B
S2140485602074686520656E64706F696E7420666F2B
S21404857072205A434C206D657373616765732E00D1
S214048580456E64706F696E7420696E6465781F004A
S214048590456E61626C65732074686520656E6470F0
S2140485A06F696E7420666F72205A434C206D657333
S2140485B073616765732E005072696E7420737461FC
S2140485C0747573206F6620656E64706F696E74735D
S2140485D02E0053686F77732074686520766572730F
S2140485E0696F6E206F662074686520736F66747793
S2140485F06172652E005365742074686520636F6E1F
S21404860066696775726564203830322E31352E34CB
S21404861020434341206D6F646520696E207468654D
S21404862020726164696F2E2053656520646F6375DC
S2140486306D656E746174696F6E20726567617264CD
S214048640696E67205241494C5F494545453830328A
S2140486503135345F4363614D6F64655F742E00414A
S214048660205241494C5F494545453830323135340E
S2140486705F4363614D6F64655F742076616C7565F6
S2140486801F0052657475726E7320505449207261CF
S21404869064696F20636F6E66696720696E666F72C1
S2140486A06D6174696F6E20746F2064657465726D95
S2140486B0696E652074686520504859207479706521
S2140486C0206265696E67207573656420627920523E
S2140486D041494C2E2072657475726E2076616C75F5
S2140486E06520697320656E756D205241494C5F495B
S2140486F04545453830323135345F507469526164CB
S214048700696F436F6E6669675F7420652E67202005
S2140487105241494C5F494545453830323135345F1E
S2140487205054495F524144494F5F434F4E46494770
S2140487305F32503447485A203D2030783030552038
S2140487405241494C5F494545453830323135345FEE
S2140487505054495F524144494F5F434F4E46494740
S2140487605F32503447485A5F414E54444956203D80
S214048770203078303155205241494C5F49454545B3
S2140487803830323135345F5054495F524144494F92
S2140487905F434F4E4649475F32503447485A5F431B
S2140487A04F4558203D203078303255205241494CB0
S2140487B05F494545453830323135345F5054495F5A
S2140487C0524144494F5F434F4E4649475F32503407
S2140487D047485A5F414E544449565F434F455820D4
S2140487E03D2030783033550053656E647320612025
S2140487F072656164206174747220666F7220746896
S214048800652074696D65206F6620746865206465EC
S21404881076696365207370656369666965642E208E
S21404882049742073657473206120666C61672073D5
S2140488306F207768656E206974206765747320748A
S214048840686520726573706F6E736520697420772F
S2140488507269746573207468652074696D65207424
S2140488606F20697473206F776E2074696D6520615C
S2140488707474722E0049641F737263456E64706F5D
S214048880696E741F64657374456E64706F696E7484
S2140488901F005768656E2073656E64696E67207581
S2140488A073696E6720612062696E64696E672C2046
S2140488B0737065636966696573207768657468654F
S2140488C0722061206D756C746963617374206269CB
S2140488D06E64696E672073686F756C6420626520C9
S2140488E0757365642E007573654D756C7469636184
S2140488F0737442696E64696E671F0053656E6473B1
S2140489002061207072652D627566666572656420E6
S2140489106D756C746963617374206D6573736167D8
S2140489206520746F206120676976656E2067726FB4
S21404893075702049442066726F6D206120676976E1
S214048940656E20656E64706F696E742E0067726F54
S214048950757049641F7372632D656E64706F696EFB
S214048960741F00437265617465732061206D6573BE
S21404897073616765206279207370656369667969D7
S2140489806E672074686520726177206279746573F7
S2140489902E20557365207468652073656E642063A5
S2140489A06F6D6D616E6420746F2073656E642074E1
S2140489B06865206D657373616765206F6E636520F7
S2140489C0697420686173206265656E2063726561F0
S2140489D07465642E2045783A2072617720307830AA
S2140489E0303046207B30302030412030302031314A
S2140489F02032322033332034342035357D207365DD
S214048A006E64732061206D65737361676520746F8F
S214048A1020636C7573746572203135202830783085
S214048A2030304629206F66206C656E67746820387F
S214048A3020776869636820696E636C756465732063
S214048A40746865205A434C206865616465722E001C
S214048A50436C757374657249641F446174611F00C6
S214048A6052657365747320746865206E6F64652E32
S214048A70005772697465732061206D65737361674E
S214048A80652E00456E64706F696E741F436C757353
S214048A907465722049441F41747472696275746502
S214048AA02049441F4D61736B1F44617461207479BF
S214048AB070651F4461746120627974651F00526595
S214048AC06164732061206D6573736167652E00456C
S214048AD06E64706F696E741F436C75737465722070
S214048AE049441F4174747269627574652049441F51
S214048AF031206966207365727665722064697265D2
S214048B006374696F6E2C203020696620636C696517
S214048B106E7420646972656374696F6E1F005365B2
S214048B206E64732061206D6573736167652E0044FF
S214048B30657374696E6174696F6E1F536F757263C3
S214048B406520656E64706F696E741F44657374691E
S214048B506E6174696F6E20656E64706F696E741FE3
S214048B6000536F7572636520656E64706F696E740A
S214048B701F004C69737473207768696368206F708C
S214048B8074696F6E616C206C696272617269657378
S214048B90206F662074686520737461636B2061724D
S214048BA06520696D706C656D656E746564206F6EA6
S214048BB02074686973206465766963652E00507254
S214048BC0696E747320696E666F726D6174696F6E18
S214048BD02061626F757420746865206E6574776FA3
S214048BE0726B2073746174652C20636C7573746582
S214048BF072732C20616E6420656E64706F696E7487
S214048C00732E006F66667365741F005072696E7407
S214048C107320696E666F726D6174696F6E20666F1D
S214048C207220616C6C20617661696C61626C65208F
S214048C30736C6F74732E005265616473207261776F
S214048C4020646174612066726F6D20666C6173685F
S214048C502073746F726167652E0041646472657375
S214048C607320746F20726561641F4E756D62657241
S214048C70206F6620627974657320746F2072656154
S214048C80641F005072696E747320666C617368208A
S214048C9073746F7261676520696E666F726D617456
S214048CA0696F6E2E00457261736573207468652063
S214048CB073706563696669656420736C6F742049B4
S214048CC0442E0053746F7261676520736C6F742052
S214048CD06E756D6265721F00426F6F7473207468E0
S214048CE06520696D61676520696E20746865207308
S214048CF0706563696669656420736C6F74204944A3
S214048D002E00434C4920696E7374616E636520655A
S214048D1078616D706C650064756D6D795F696E73EE
S214048D2074005A434C20636F6D6D616E6473006209
S214048D306173696300676C6F62616C006D66672DB2
S214048D40636F6465007573652D6E6578742D736541
S214048D507175656E636500782D64656661756C74FF
S214048D602D7265737000746573742D726573706FFD
S214048D706E73652D6F6E00746573742D72657370F3
S214048D806F6E73652D6F6666005A434C206261737E
S214048D90696320636C757374657220636F6D6D61AF
S214048DA06E6473007274666400436F6D6D616E6406
S214048DB020746861742072657365747320616C6CCA
S214048DC0206174747269627574652076616C756569
S214048DD07320746F20666163746F727920646566AD
S214048DE061756C742E005241494C006C6F77657245
S214048DF02D6D61632D7261696C2D3830322E3135DC
S214048E002E342E63006C69627261696C2E61007583
S214048E106E636C61696D6564006275666665722D65
S214048E206D616E6167656D656E742E63006576654B
S214048E306E742D71756575652E63007A6967626553
S214048E40652D75707065722D6D61632E63006E6599
S214048E50696768626F722E63006173736F6369611A
S214048E6074696F6E2E6300313832317300313432D8
S214048E703231003132310032730031323231313224
S214048E80003132323131003238310038313100317C
S214048E9038323131003132313131323132323231DD
S214048EA073003132320031323131323231003131F5
S214048EB031310032323800726F7574652D74616218
S214048EC06C652E63006D61632D6D756C74692D6E13
S214048ED06574776F726B2E63006C65676163792DBA
S214048EE07061636B65742D6275666665722E6300C9
S214048EF0000002000000000000000000BA040000A9
S214048F00000002000000000000000000BA04000098
S214048F10000102030E312E312E322D3964313832DF
S214048F203336660001000002030301000600000059
S214048F30000003000000000013B779FAC925DDB766
S214048F40ADF3CFE0F1B614B8010200000000000053
S214048F50FFFFFFFF0100000001000000000000000A
S214048F6000000000000000000000000000000000F8
S214048F7000000000000000000000000000000000E8
S214048F800000000000000000033F1F00E75003003D
S214048F90E3500300C15003008F5003001F51030029
S214048FA0F1500300915003002C000000020202035B
S214048FB00000000001020000000801B460900400F4
S214048FC00008015A1C90040000080040D88F0400D2
S214048FD000000000000000000000FCFEFFFF000090
S214048FE000000000FFFF000000000000FFFF00007C
S214048FF000000000FFFF000000000000400018060C
S214049000F4D200002C00B0023DBE00001700F200AF
S2140490100C7C00000C0041009E4200006400FCFE34
S214049020FFFF000000000000FFFF0000000000003B
S2140490305A00F306A554FEFF2100A301A1FEFFFF7C
S2140490401100A600832700000A006100DC26000049
S21404905006003B00F820000003001500AD130000D6
S214049060C800FCFEB4008B087BC0FBFF4D00E40286
S214049070E756FFFF2C00A20183EBFFFF1A00030153
S214049080B31A00001100A300552900000A005E0070
S2140490905A28000006003A002122000004001800A6
S2140490A073160000E6450400A3FA0300A3FA0300BF
S2140490B0A3FA0300A3FA0300A3FA0300A3FA030027
S2140490C0A3FA0300A3FA0300A3FA0300A3FA030017
S2140490D0A3FA0300A3FA0300A3FA0300A3FA030007
S2140490E0A3FA0300A3FA0300A3FA0300A3FA0300F7
S2140490F0A3FA0300A3FA0300A3FA0300A3FA0300E7
S214049100A3FA0300A3FA0300A3FA0300A3FA0300D6
S214049110A3FA0300B1FA0300A3FA0300C6FA030095
S214049120A3FA0300A3FA0300EBFA0300A3FA03006E
S214049130A3FA0300A3FA0300A3FA030013FB030035
S214049140A3FA0300A3FA0300A3FA0300A3FA030096
S2140491502BFB0300A3FA030049FB03000B000000EB
S2140491600B000000020000000000202000000000A9
S214049170030000008C8C3C0000000000000000008F
S214049180000000000000005812000000000000006C
S214049190FFFFFFFFFFFFFFFFFFFFFFFF554E4B00E4
S2140491A0474F200042544C00474F3200474F33008D
S2140491B0474F3400474F3500474F3600474F370078
S2140491C0474F3800474F3900474F4100474F42004A
S2140491D0474F4300474F4400474F4500474F46001C
S2140491E04A4D5000424452005550520042544D00DD
S2140491F04D534D0046544C00554E4B00474F2000EF
S21404920042544C004241440046544C0046524300EB
S2140492104F54410044534C004241500055504700BF
S214049220544D450046415500545A4600554E4B0091
S21404923050494E00454D3400554E4B0048562000CC
S214049240554E4B00455850004C574D00554E4B005C
S2140492505242540044534C00454D3400554E4B0086
S21404926041535400554E4B0056465900494E48004B
S214049270554E4B004C434B0058544C004F4246004E
S214049280554E4B00485244004D454D004255530040
S2140492905553470044424700444D4100564354004A
S2140492A0554E4B005550200052502000415030007F
S2140492B041503100415020004450200044454300B2
S2140492C09C910400A0910400F89104002C920400E0
S2140492D038920400409204004C9204005C9204000D
S2140492E0649204007092040080920400A092040029
S2140492F0554E4B004649420042544C0045585400D3
S21404930050575200574447002053570043525300C7
S2140493104653480042414400464C540042524F00D3
S2140493200104010303060105010501090600060BF5
S2140493300000070B050B0000000000000000000002
S2140493400400E40C0A0001041001000000050002F9
S21404935000000300DC950400D8950400C4950400BE
S214049360C0950400BC950400B8950400A6950400B6
S214049370969504007C950400749504006A95040090
S21404938068950400509504004D9504004595040026
S214049390349504002495040012950400F8940400FF
S2140493A0F0940400E4940400E0940400DC940400C4
S2140493B0CE940400C3940400AA9404009194040078
S2140493C0359404003494040024940400FC930400AC
S2140493D0F1930400F0930400DC9304000000000002
S2140493E00000000000000000000000000000000074
S2140493F00F00000000000000000000000000000055
S2140494000000000000000000000000000000000053
S2140494100000000000000000000000000000000043
S2140494200000000001000000000000000000000032
S214049430000000000F000000000000000000000014
S2140494400000000000000000000000000000000013
S2140494500000000000000000000000000000000003
S21404946000000000000000000000000000000000F3
S21404947000000000000000000000000000000000E3
S21404948000000000000000000000000000000000D3
S21404949000000000000000000000000000000000C3
S2140494A000000000000000000000000000000000B3
S2140494B000000000000000000000000000000000A3
S2140494C00000000000000000000000000000000093
S2140494D00000000000000000000000000000000083
S2140494E000000000FFFFFFFFFFFFFFFFFFFF00007D
S2140494F00000000000000000000000000000000063
S2140495000000000000000000000000000000000052
S2140495100000000000000000000000000000000042
S2140495200000000000000000000000000000000032
S2140495300000000000000000000000000000000022
S2140495400000000000FFFFFFFFFFFFFFFF9C00007E
S214049550FF00000000000000000000000000000003
S21404956000000000800000000000FFFFFFFFFFFF78
S214049570FFFFFFFF00000000FFFF000000000000E8
S21404958000000000000000000000000000000000D2
S214049590000000000000FFFFFF00000000000000C5
S2140495A000000000000000000000000000000000B2
S2140495B000000000000000000000000000000000A2
S2140495C00000000000000000000000000000000092
S2140495D0000000000000000000000000FC03010181
S2140495E00101010101010101010101010100000065
S2140495F00000000100200600000006010100002013
S21404960002041104040211101A080A0218010811AF
S21404961010111A080A04020D0B19195C0110280B04
S214049620011400000000000000000000000000001C
S2140496300001010101010100010101010101010014
S214049640000101010001000101000000000000000B
S2140496500000000000000000000100000000000000
S214049660000000000000000001FF010023E10100EB
S21404967075E4010063E2010063E5010062E10100B4
S21404968079EB010064EE010024E1010025E101000C
S21404969026E1010027E1010028E1010029E101009B
S2140496A02AE1010000000100800001000001010021
S2140496B080010100000201008002010020E2010096
S2140496C000030100000501008005010000060100FA
S2140496D02C890100800601000007010001E5010055
S2140496E002E50100000801008008010000400100B6
S2140496F086321010FFFFFFFFFFFFFFFFD0030400BA
S214049700D6030400DC030400E2030400E8030400B8
S2140497105A6967426565416C6C69616E6365303988
S2140497204E574B205374656572696E6700009596B4
S2140497309595950507090D00000000000001020339
S21404974004060000141A0400AF2D0400C92D0400FA
S214049750E02D0400F32D0400032E0400172E04004D
S214049760292E0400392E0400552E04006A2E040007
S2140497700208010D0D01010112010000FFFFFFFFA9
S214049780FFFFFFFF000000000000000001090501C4
S21404979000020000000000031EF1EE0BAC9704006C
S2140497A0A53A0400E6450400FE000000C13A0400A1
S2140497B00C99040000000000CB3A0400FC98040056
S2140497C000000000D83A0400EC98040000000000F2
S2140497D0E53A0400DC98040000000000033B0400A3
S2140497E0C898040000000000FB3A0400B498040083
S2140497F000000000023B0400A098040000000000E3
S214049800103B040090980400000000008239040015
S2140498107C98040000000000093B04006C980400D7
S21404982000000000153B04005898040000000000E7
S2140498300102040048980400000000000000000034
S2140498400000000000000000D5680300263B04006A
S214049850633B0400010100FF45E600008C3B040066
S214049860D13B0400010100010107FF0001E60000EE
S2140498701E3C0400893C0400010100FF41E5000091
S214049880AA3C0400C33C040000010100FF000000E1
S214049890E7680300E83C0400403D04000101FF00C3
S2140498A0CF680300573D0400AE3D040001010207E3
S2140498B0FF000000C9680300573D0400AE3D0400E5
S2140498C001010207FF000000C3680300573D0400BF
S2140498D0AE3D040001010207FF000000F5E40000AD
S2140498E0CF3D04000E3E0400010101FF95E4000094
S2140498F02D3E0400723E0400010000FF51E4000007
S2140499002D3E0400723E0400010000FFD9E400006E
S214049910993E04009F3C040000FF0000BD6803005D
S214049920EE3E0400296A0400FF000000B768030046
S214049930613F0400296A0400FF00000031E40000CF
S214049940D03F04004540040000FF000009E4000086
S2140499505D400400BF40040000FF0000A968030047
S214049960D04004001641040002FF0000D1E30000CA
S2140499701F4104009341040001FF00000C42040050
S214049980EF410400FE4104000A4204001B420400A6
S2140499903142040047420400514204005B42040082
S2140499A0000000005F450400110000006B45040041
S2140499B01200000073450400130000007B450400F9
S2140499C02100000083450400220000008A450400AC
S2140499D02300000091450400AA00000098450400F6
S2140499E0FF00000000000000FFFFFFFFFFFFFFFF77
S2140499F00000000000000000000001080109020A3F
S214049A00030B040C050D060E070F081001180119A8
S214049A10021A031B041C051D061E071F082001212D
S214049A2002220323042405250626072708280129DD
S214049A30022A032B042C052D062E072F083001318D
S214049A40023203380239043A08E004E104E204E886
S214049A5002E902EA04F008F1100000000000000029
S214049A6002050000C49A040002000F00EC9A0400E9
S214049A7002000F00149B040002000F003C9B04002D
S214049A8002000F00649B040002000F008C9B04007D
S214049A9002000F00B49B040002000F00DC9B0400CD
S214049AA002000F00049C040002000F002C9C04001B
S214049AB002000F00549C040002000F007C9C04006B
S214049AC002000F0000000000A49C04000300000035
S214049AD0400000000000000019000000C89C0400BC
S214049AE004000F00800000000000000000000000DA
S214049AF0A49C0400030000004000000000000000D6
S214049B0019000000C89C040004000F008000000038
S214049B100000000000000000A49C040003000000F5
S214049B20400000000000000019000000C89C04006B
S214049B3004000F0080000000000000000000000089
S214049B40A49C040003000000400000000000000085
S214049B5019000000C89C040004000F0080000000E8
S214049B600000000000000000A49C040003000000A5
S214049B70400000000000000019000000C89C04001B
S214049B8004000F0080000000000000000000000039
S214049B90A49C040003000000400000000000000035
S214049BA019000000C89C040004000F008000000098
S214049BB00000000000000000A49C04000300000055
S214049BC0400000000000000019000000C89C0400CB
S214049BD004000F00800000000000000000000000E9
S214049BE0A49C0400030000004000000000000000E5
S214049BF019000000C89C040004000F008000000048
S214049C000000000000000000A49C04000300000004
S214049C10400000000000000019000000C89C04007A
S214049C2004000F0080000000000000000000000098
S214049C30A49C040003000000400000000000000094
S214049C4019000000C89C040004000F0080000000F7
S214049C500000000000000000A49C040003000000B4
S214049C60400000000000000019000000C89C04002A
S214049C7004000F0080000000000000000000000048
S214049C80A49C040003000000400000000000000044
S214049C9019000000C89C040004000F0080000000A7
S214049CA00000000000002001200000000800000062
S214049CB004004221300000003C9D040000FF4200E6
S214049CC030000000000000000000F0084000000023
S214049CD05D9D04000100230440000000659D04000F
S214049CE0060030014000000000000000FDFF2102D5
S214049CF040000000010000001900000419000101E2
S214049D0019000204190003011900050419000601CC
S214049D101900070404004100050101000600410083
S214049D205571030019008100F51D01001900840017
S214049D3081280100008000000000000006435553FF
S214049D40544F4D000000000000000000000000001A
S214049D5000000000000000000000000000FFFFFFFD
S214049D60FFFFFFFFFFFFFFFFFF00040104010401E4
S214049D7004010401040104010401040104010401B2
S214049D800401FFFFFFFFFFFFFFFFFFFFFFFFFFFFD3
S214049D90FFFFFFFFFFFFFFFFFFFF000102030405B5
S214049DA0060708090A0B1F1C1F1E1F1E1F1F1E1F47
S214049DB01E1F07021F012F0037013F005701DF0255
S214049DC0E700FF02000000000000000000000000A2
S214049DD0000000000000000000000000000000007A
S214049DE00000000000000000FE4B04001900000004
S214049DF0044C0400FFFF000000000000CF4C0400E9
S214049E00DA4C0400E6450400E24C0400F04C04007E
S214049E10E6450400034D04000E4D04001C4D0400EA
S214049E20204D0400304D04001C1B0400404D04006B
S214049E30444D04004F4D0400594D0400634D040086
S214049E40674D0400754D0400894D04009F4D0400C1
S214049E500080000000000000000000000000000079
S214049E60FFFFFFFFFF0000000000000069AD0100D7
S214049E70000000000000F03F000000000000244046
S214049E8000000000000059400000000000408F4021
S214049E90000000000088C34000000000006AF8408C
S214049EA00000000080842E4100000000D0126341B0
S214049EB00000000084D797410000000065CDCD4126
S214049EC0951E0400B0B4040000000000C55604004B
S214049ED0A0B4040000000000CA56040090B40400B5
S214049EE000000000CB56040080B40400000000000C
S214049EF0103B04006CB4040000000000033B0400A4
S214049F0058B4040000000000D056040048B404000E
S214049F1000000000D656040038B404000000000018
S214049F20DA56040028B4040000000000E9560400D1
S214049F3018B40400000000000657040008B4040027
S214049F40000000000F570400F8B3040000000000EF
S214049F5024570400E8B3040000000000572C040053
S214049F60D8B30400000000003457040098B304007B
S214049F70000000002B5B040024AB0400000000007B
S214049F80E74A0400E4AA0400000000003B5704006B
S214049F9024AA0400000000004457040028A9040072
S214049FA000000000515704001CA504000000000037
S214049FB06D4D0400F4A3040000000000585704008C
S214049FC0F4A30400010000005C570400B4A30400DA
S214049FD0000000006157040078A20400000000009E
S214049FE095FB030078A2040001000000515704000A
S214049FF01CA5040000000000685704001CA504000B
S21404A000010000006D57040044A204000000000094
S21404A0107757040044A20400010000007F570400A0
S21404A02074A00400000000000603040040A004001E
S21404A0300000000000000000000000000000000017
S21404A04050A0040083570400E6450400FE00000008
S21404A0509B570400CCAB040000000000005C040026
S21404A060BCAB04000000000000000000000000007C
S21404A0700000000084A00400A0570400E645040085
S21404A080FE000000B65704004CAD040000000000BB
S21404A090BC5704003CAD040000000000C257040096
S21404A0A02CAD040000000000CB5704001CAD0400D7
S21404A0B000000000470004000CAD0400000000008F
S21404A0C051FE0300D4AC040000000000580704004E
S21404A0D0C0AC040000000000D5570400B0AC040077
S21404A0E00000000045030400A0AC040000000000CB
S21404A0F0DA57040090AC040000000000E1570400A6
S21404A10080AC040000000000E657040070AC0400B5
S21404A11000000000EA57040010A20400000000003B
S21404A120F1570400B8A1040000000000F957040029
S21404A13084A10400000000000558040050A1040097
S21404A1400000000000000000000000000000000006
S21404A15060A1040010580400E6450400FE00000058
S21404A16090150400ECAB040000000000414204001B
S21404A170DCAB04000000000000000000000000004B
S21404A1800000000094A1040031580400E6450400D1
S21404A190FE000000901504000CAC04000000000053
S21404A1A041420400FCAB0400000000000000000074
S21404A1B00000000000000000C8A10400535804007A
S21404A1C0E6450400FE000000715804005CAC040080
S21404A1D0000000004F5D04004CAC040000000000CA
S21404A1E0805804003CAC04000000000085580400BD
S21404A1F02CAC0400000000008C5804001CAC0400C6
S21404A2000000000000000000000000000000000045
S21404A21020A2040091580400E6450400FE00000055
S21404A22052150400F8AC040000000000AE58040008
S21404A230E4AC040000000000000000000000000081
S21404A2400000000054A20400B6580400E6450400CA
S21404A250FE000000D25804008CAD0400000000008C
S21404A2606D4D04007CAD04000000000000000000FA
S21404A270000000000000000088A20400D758040074
S21404A280E6450400FE000000F05804003CAE04005E
S21404A29000000000131204002CAE040000000000AE
S21404A2A0F95804001CAE040000000000D258040054
S21404A2B06CAD040000000000FE5804005CAD040011
S21404A2C0000000000B59040074A304000000000002
S21404A2D01959040040A30400000000002759040094
S21404A2E000A30400000000003B57040024AA040056
S21404A2F00000000000000000000000000000000055
S21404A30010A3040030590400E6450400FE000000D3
S21404A310748D04000CAE040000000000858D04005B
S21404A320FCAD04000000000044260400ECAD04006C
S21404A3300000000000000000000000000000000014
S21404A34050A304004E590400E6450400FE00000035
S21404A350785904005CAE040000000000F5470400D1
S21404A3604CAE0400000000000000000000000000E6
S21404A3700000000084A304007F590400E64504009E
S21404A380FE0000000603040090AE04000000000077
S21404A3904142040080AE0400000000004F5D04004B
S21404A3A06CAE040000000000000000000000000086
S21404A3B000000000C4A304009F590400E6450400FE
S21404A3C0FE00000006030400C0AE04000000000007
S21404A3D0BF590400B0AE040000000000414204006F
S21404A3E0A0AE040000000000000000000000000012
S21404A3F00000000004A40400C6590400E645040056
S21404A400FE000000E0590400F4AF04000000000061
S21404A410F9410400E4AF040000000000135A0400ED
S21404A420D4AF04000000000047000400C4AF0400DA
S21404A4300000000014420400B4AF04000000000052
S21404A440E5590400A4AF040000000000FD59040010
S21404A45094AF040000000000065A040084AF040011
S21404A460000000000D5A040074AF04000000000051
S21404A470195A040044AF0400000000004F5D0400B5
S21404A48034AF040000000000285A040024AF04007F
S21404A490000000000327040014AF040000000000BE
S21404A4A02D5A040004AF040000000000445A0400BF
S21404A4B0F4AE040000000000585A0400E0AE0400A5
S21404A4C000000000685A0400D0AE0400000000003B
S21404A4D0775A0400E8A4040000000000000000000E
S21404A4E00000000000000000F8A404007C5A0400E9
S21404A4F0E6450400FE000000935A040064AF04001E
S21404A500000000009C5A040054AF04000000000041
S21404A5100000000000000000000000002CA504005D
S21404A520E6450400E6450400FE000000A35A0400C5
S21404A53064AB040000000000B05A0400A8A904009C
S21404A54000000000B95A0400F4A80400000000004B
S21404A550C75A0400C0A8040000000000D55A04002E
S21404A5608CA8040000000000E35A0400F4A70400CA
S21404A57000000000F45A0400CCA704000000000009
S21404A580015B04002CA70400000000000C5B040020
S21404A590D4A60400000000001F5B0400ACA6040060
S21404A5A000000000F439040048A60400000000007F
S21404A5B0325B040008A60400000000003D5B0400B3
S21404A5C0D4A5040000000000000000000000000005
S21404A5D000000000E4A50400505B0400E645040007
S21404A5E0FE000000745B040014B0040000000000C9
S21404A5F07A5B040004B004000000000000000000C1
S21404A600000000000000000018A604007E5B0400A2
S21404A610E6450400FE0000000017040044B00400F1
S21404A62000000000B05B040034B00400000000002A
S21404A630BC5B040024B0040000000000000000001E
S21404A640000000000000000058A60400D25B0400CE
S21404A650E6450400FE00000006030400A8B004005B
S21404A660000000004142040098B00400000000000E
S21404A670EE36040088B004000000000090150400C4
S21404A68074B0040000000000EE5B040064B0040034
S21404A69000000000055C040054B004000000000044
S21404A6A0000000000000000000000000BCA604003B
S21404A6B0115C0400E6450400FE000000365C04005D
S21404A6C0B8B0040000000000000000000000000015
S21404A6D000000000E4A604003B5C0400E645040019
S21404A6E0FE0000005F5C040008B1040000000000E7
S21404A6F0BF590400F8B00400000000006B5C0400BE
S21404A700E8B0040000000000725C0400D8B0040046
S21404A710000000007F5C0400C8B0040000000000D5
S21404A7200000000000000000000000003CA7040039
S21404A7308A5C0400E6450400FE000000F85A0400A3
S21404A740B8B1040000000000A75C0400A8B104002F
S21404A75000000000951E040098B1040000000000EC
S21404A760C32D040088B1040000000000725A0400DF
S21404A77078B10400000000000017040068B104006B
S21404A78000000000AE5C040058B1040000000000A5
S21404A790B95C040048B1040000000000C65C040074
S21404A7A038B1040000000000D65C040028B10400A0
S21404A7B000000000E95C040018B10400000000007A
S21404A7C0000000000000000000000000DCA70400F9
S21404A7D0FB5C0400E6450400FE000000951E040031
S21404A7E0C8B10400000000000000000000000000E3
S21404A7F00000000004A80400195D0400E6450400F7
S21404A800FE0000000017040038B204000000000038
S21404A810C32D040028B2040000000000725A04008D
S21404A82018B20400000000003C5D040008B20400F6
S21404A830000000007B5804004CA804000000000040
S21404A8400000000000000000000000005CA80400F7
S21404A850535D0400E6450400FE0000004F5D04005E
S21404A860F8B104000000000090150400E8B10400EC
S21404A87000000000695D0400D8B104000000000078
S21404A8800000000000000000000000009CA8040077
S21404A890725D0400E6450400FE00000006030400A2
S21404A8A058B20400000000004142040048B204000C
S21404A8B0000000000000000000000000000000008F
S21404A8C0D0A80400925D0400E6450400FE000000E3
S21404A8D0B25D040078B2040000000000C55D040008
S21404A8E068B2040000000000000000000000000041
S21404A8F00000000004A90400DB5D0400E645040033
S21404A900FE000000FB5D040098B204000000000096
S21404A9101312040088B204000000000000000000C7
S21404A920000000000000000038A90400E64504000A
S21404A930E6450400FE000000055E040050A904007D
S21404A94000000000000000000000000000000000FE
S21404A95060A90400E6450400E6450400FE00000085
S21404A960115E0400E8B20400000000005E4D04001E
S21404A970D8B2040000000000175E0400C8B2040049
S21404A980000000001B5E0400B8B2040000000000D3
S21404A9901F5E0400A8B204000000000000000000CF
S21404A9A00000000000000000B8A904002F5E0400A8
S21404A9B0E6450400FE0000000603040068B3040035
S21404A9C0000000004A5E040058B3040000000000C3
S21404A9D05D5E040048B30400000000004142040029
S21404A9E038B30400000000006A5E040028B30400C4
S21404A9F0000000007B5E040018B3040000000000A2
S21404AA00895E040008B30400000000009A5E040097
S21404AA10F8B204000000000000000000000000007F
S21404AA200000000034AA0400A75E0400E645040003
S21404AA30FE000000C15E0400BCAD0400000000007F
S21404AA40F45E0400ACAD0400000000002F5F0400B8
S21404AA509CAD040000000000465F0400B0AA040099
S21404AA6000000000505F04007CAA04000000000000
S21404AA700000000000000000000000008CAA040093
S21404AA80545F0400E6450400FE000000748D0400D4
S21404AA90DCAD040000000000858D0400CCAD04008D
S21404AAA0000000000000000000000000000000009D
S21404AAB0C0AA0400735F0400E6450400FE0000001C
S21404AAC02B12040088B30400000000004F5D04004D
S21404AAD078B304000000000000000000000000003E
S21404AAE000000000F4AA0400865F0400E6450400A3
S21404AAF0FE00000006030400C8B3040000000000C3
S21404AB0078590400B8B3040000000000F5470400B8
S21404AB10A8B30400000000000000000000000000CD
S21404AB200000000034AB0400A15F0400E645040006
S21404AB30FE0000007F5C0400E0B404000000000097
S21404AB4000170400D0B4040000000000951E0400A2
S21404AB50C0B4040000000000000000000000000074
S21404AB600000000074AB0400C15F0400E645040066
S21404AB70FE000000DF5F040030B5040000000000A3
S21404AB80E95F040020B5040000000000F45F040040
S21404AB9010B5040000000000103B040000B50400DB
S21404ABA00000000003600400F0B40400000000008D
S21404ABB00000000000000000000000009B68030086
S21404ABC00E600400E6450400FF00000097680300DA
S21404ABD01B600400E6450400FF00000045EB00008F
S21404ABE02D600400E6450400FF000000E1EA0000D2
S21404ABF05A6004002268040001FF000045EB0000D0
S21404AC009A600400E6450400FF000000E1EA000044
S21404AC10C86004002268040001FF000079EB00000D
S21404AC20096104002A61040000FF000079EB0000BB
S21404AC3033610400906104000000FF00F5EB00009F
S21404AC409E610400B7610400010001FF61EC00008E
S21404AC50DC6104001E6204000102FF00F5EB000044
S21404AC60346204006362040001000102FF00000075
S21404AC7071E9000094620400D062040007FF00003B
S21404AC8091E90000D66204000963040001FF000095
S21404AC90A5E9000011630400616304000100FF00DD
S21404ACA001EA000076630400C76304000101FF00A4
S21404ACB0D5E90000D76304001164040001FF000016
S21404ACC055EA0000196404006264040001000001EF
S21404ACD00707FF0091EC0000B46404000963040055
S21404ACE001FF000091ED0000FC64040040650400D0
S21404ACF0010700010700FF00F968030095650400DA
S21404AD00DB6504000107000101FF000019ED0000E7
S21404AD101766040052660400010000FFE9EC000018
S21404AD2070660400B46604000100FF00B9EC00007D
S21404AD30C7660400B46604000100FF0061ED00006D
S21404AD40066704001164040001FF0000D1ED000052
S21404AD5041670400726704000100FF0001D7000089
S21404AD60E645040080670400000707FFA5D6000038
S21404AD70E645040099670400000707FFB1DB0000FE
S21404AD80E6450400A567040007FF0000B1DB0000E9
S21404AD90E6450400A567040007FF00004B680300AF
S21404ADA0E6450400AA6704000000FF008DDB0000EF
S21404ADB0E6450400243E040001FF000055DB0000C5
S21404ADC0E6450400E267040000FF000085D60000A4
S21404ADD0E6450400E6450400FF00000085D60000B2
S21404ADE0E6450400E6450400FF0000002168030071
S21404ADF0E6450400E6450400FF0000002168030061
S21404AE00E6450400E6450400FF0000002168030050
S21404AE10E6450400E6450400FF00000055D60000A1
S21404AE20E6450400186804000101FF0041D600004E
S21404AE30E64504002D68040001FF00001D680300B9
S21404AE40E6450400E6450400FF00000009D60000BD
S21404AE5056590400E6450400FF00000009D6000029
S21404AE6037680400E6450400FF00000089D70000A8
S21404AE70586804006F6804000001000007FF000023
S21404AE801968030095680400E6450400FF00000006
S21404AE9005D50000AF680400E6450400FF00000086
S21404AEA093680300DD680400E6450400FF00000024
S21404AEB085680300F76804007967040000FF000053
S21404AEC085DE00001C690400E6450400FF0000005F
S21404AED0D9D3000036690400E6450400FF000000EC
S21404AEE06DD3000059690400D669040000000310FD
S21404AEF0FF00000049D400002B6A0400996A04008D
S21404AF0001FF00001DD40000AE6A0400F16A0400CC
S21404AF1000FF000031D30000026B0400E645040085
S21404AF20FF00000017680300316B0400E6450400C8
S21404AF30FF0000000DD300007D6B04007967040059
S21404AF4000FF0000D9D20000BE6C0400136D04009C
S21404AF5000FF0000BDD200002D6D0400E64504008D
S21404AF60FF000000A1D200003D6D0400E645040089
S21404AF70FF00000007680300516D0400CF6D040055
S21404AF8000FF000071D200005A6E0400E64504007B
S21404AF90FF0000002DD20000776E0400A26E0400AD
S21404AFA007FF0000EDD10000AC6E0400056F04003E
S21404AFB0000500FFA5D10000B86F0400CB6F0400A5
S21404AFC00002FF0081D10000FA6F0400E645040089
S21404AFD0FF000000076803000C70040046700400BD
S21404AFE000FF000015D10000CC70040012710400AC
S21404AFF0000301FF05D10000B2710400F8710400DB
S21404B000000301FFF946010098720400E6450400B7
S21404B010FF00000017750300C07204003B730400B1
S21404B02002FF0000B1F1000090730400296A0400D6
S21404B03000FF00007DF10000B8730400296A0400D4
S21404B04000FF00002DF10000D1730400E645040063
S21404B050FF00000005390100EA730400E645040019
S21404B060FF000000DD38010037740400E6450400E4
S21404B070FF0000006938010062740400887404004C
S21404B08000010100010102FF4138010007760400B7
S21404B0902F76040000FF00002138010056760400D5
S21404B0A0E6450400FF0000006937010080760400CE
S21404B0B0E6450400FF000000E973030099760400E7
S21404B0C0E6450400FF000000392C0100BF760400AA
S21404B0D0F07604000002FF004B7203004D77040074
S21404B0E0E6450400FF000000477203007A77040078
S21404B0F0E6450400FF000000ED2B010095770400F0
S21404B100BF77040000FF0000AD290100EF770400BC
S21404B110E6450400FF00000029150100027804003B
S21404B120E6450400FF000000111501001A7804002B
S21404B130E6450400FF000000C371030033780400F2
S21404B140E6450400FF000000AF71030060780400C9
S21404B150DA78040000FF0000B92801001979040019
S21404B160E6450400FF000000A927010091790400C9
S21404B170E6450400FF000000CD130100D579040065
S21404B180E6450400FF000000B1130100F279040054
S21404B190E6450400FF000000291401009D7A04001F
S21404B1A0E6450400FF0000001D1401002B7B04008C
S21404B1B0707B040000FF0000E9130100A77B040075
S21404B1C0F87B040000FF0000151201002B7C04002D
S21404B1D0E6450400FF000000AD060100577C0400AD
S21404B1E0C07C04000000FF00AD060100157D0400CD
S21404B1F0777D04000000FF004D070100BC7D0400BD
S21404B200EF7D04000002FF001D710300447E04006D
S21404B210927E040007FF000081080100AE7E040051
S21404B220E6450400FF00000095060100D27E0400F7
S21404B230F77E040000FF0000A1070100507F040011
S21404B240E6450400FF000000650001008D7F040051
S21404B250E6450400FF0000002D000100B77F04004F
S21404B260E6450400FF000000F56F0300F27F0400CB
S21404B2706180040000FF000089F90000B280040029
S21404B2803181040000FF0000E76F030077810400AB
S21404B290C981040000FF0000C76F03001082040089
S21404B2A05D82040000FF0000BD6F0300A782040057
S21404B2B0E582040000FF0000B76F0300F582040077
S21404B2C0E582040000FF0000B16F03001C83040045
S21404B2D0E582040000FF0000AB6F03004383040014
S21404B2E0E582040000FF0000A56F03006B830400E2
S21404B2F0E582040000FF0000816F030094830400CD
S21404B300E6450400FF000000876F0300B6830400D0
S21404B310E6450400FF00000031F40000DE8304006C
S21404B320178404000001FF005DF400003884040064
S21404B330E6450400FF000000836F030063840400F6
S21404B340E6450400FF00000019F400007E840400B3
S21404B350E6450400FF000000D5F3000099840400CD
S21404B360C684040000FF0000BDF30000E18404006E
S21404B370E6450400FF00000005DC00000C85040020
S21404B380E6450400FF00000005DC000033850400E9
S21404B390E6450400FF000000F5D0000044850400E4
S21404B3A0E6450400FF000000C1D0000059850400F3
S21404B3B08085040000FF0000C1D0000090850400D2
S21404B3C08085040000FF000059D00000B785040003
S21404B3D0E6450400FF000000FF670300D285040072
S21404B3E0E6450400FF000000B5CC0000F585040027
S21404B3F05F86040000FF000095CC000082860400EF
S21404B400E6450400FF0000007DE80000E88704002D
S21404B41075880400010000FF61E7000092880400BC
S21404B420E688040000FF000095E70000FB8804009F
S21404B4304D8904000100FF0001E700006389040051
S21404B440508A04000107FF0003680300608A0400B2
S21404B450E6450400FF00000061E00000718A040075
S21404B460838A0400000101000007FF0059DF000082
S21404B470BE8A0400CF8A040000010100FF00000019
S21404B48095E700001E8B04002F8B0400010000FFCC
S21404B490D1DE00001E8B0400618B040000FF000058
S21404B4A04D7A0100728B0400E6450400FF0000009C
S21404B4B0E9CC0000BE8B0400E6450400FF00000053
S21404B4C0EF950300E6450400E6450400FF0000008F
S21404B4D071880100E6450400E6450400FF0000000C
S21404B4E035880100E6450400038C040002FF0000D2
S21404B4F0E18F01000B8C0400E6450400FF00000009
S21404B5006D8F0100378C04005A8C04000200FF0083
S21404B51071960300838C0400E6450400FF000000D7
S21404B520498F0100A58C0400C38C040002FF0000B0
S21404B530218F0100D88C0400C38C040002FF000095
S21404B54001000000704C0020000000000000000015
S21404B550FFFF0000616F030000000000030000000E
S21404B560FFFF0100D56F0300000000000400000088
S21404B570FFFF0100637003000000000004000000E9
S21404B580FFFF0000E7700300000000000600000054
S21404B590FFFF0000597103000000000019000000BE
S21404B5A0FFFF0100EF7103001B5E0400BC6900206E
S21404B5B00000000000000000000000000000000082
S21404B5C02F8D04002CB6040000000000358D040006
S21404B5D09C970400000000003C8D04006C99040055
S21404B5E000000000005C04005C99040000000000F9
S21404B5F0458D04004C99040000000000578D04009B
S21404B6003C99040000000000668D04002C99040098
S21404B61000000000778D04001C9904000000000060
S21404B6200000000000000000000000003CB604001B
S21404B630898D0400E6450400FE000000A48D040085
S21404B64054B60400000000000000000000000000E3
S21404B65000000000839A0300A98D0400E645040058
S21404B660FF03010001013F040201003F040202003F
S21404B6703D040202003D0401020001020003010031
S21404B68002023D040201000202020100020200005E
S21404B6900020202020202020202028282828282099
S21404B6A02020202020202020202020202020202091
S21404B6B020881010101010101010101010101010F9
S21404B6C010040404040404040404041010101010E9
S21404B6D010104141414141410101010101010101B3
S21404B6E00101010101010101010101011010101005
S21404B6F01010424242424242020202020202020285
S21404B70002020202020202020202020210101010D8
S21404B7102000000000000000000000000000000000
S21404B7200000000000000000000000000000000010
S21404B7300000000000000000000000000000000000
S21404B74000000000000000000000000000000000F0
S21404B75000000000000000000000000000000000E0
S21404B76000000000000000000000000000000000D0
S21404B77000000000000000000000000000000000C0
S21404B78000000000000000000000000000000000B0
S21404B7900000000000000000A001000028140020A3
S21404B7A0000210000C510020C815002000000208FA
S21404B7B000000000FFFFFFFFFFFFFFFFFFFFFFFF8C
S21404B7C00000000000000000000000000000000070
S21404B7D0000000000000000020000000B9BB0100CB
S21404B7E01000000099BC01000000000100000101E7
S21404B7F00001010120C001B80000000000000000A4
S21404B800FFFFFFFFFFFFFFFFFFFFFFFFFFFFFFFF3F
S21404B810FFFFFFFFFFFFFFFFFFFFFFFFFFFFFFFF2F
S21404B820000102020303040506080C0C0C000102C6
S21404B83003040707C8C8C8C8C8C8C8C8C8C8C8C88A
S21404B840030404080808080800B801B802B800B0E1
S21404B85034D404001CD404000304040808050000BF
S21404B86000000000000000000000000000000000CF
S21404B870EA06000048704C0F44700E0E30707E13BB
S21404B88002989A173870340F34705A0F3070481074
S21404B8902C7048102870D0112470E81120703E0FC8
S21404B8A01C70901218700C1314703A0FB1100860C4
S21404B8B001D80A7104B87F78020C7E78641000C63A
S21404B8C0881F00A01DB8707803B018600F3027B327
S21404B8D00F330111C04806987C0229B0086001D8CD
S21404B8E0087109DD047109BB11101660A0480860D0
S21404B8F004100112FF3221500860D0480860008806
S21404B9000698381400C4441F00A000BA03DF107160
S21404B91009DF0672029836031DB8507800A0441357
S21404B920281441158110086002D8147110880698EE
S21404B930201900C014C000B80698861B009106980B
S21404B94092020160B83020D806711EBC637C784D24
S21404B9505412F03240DE0472404804DB08720DDDF7
S21404B9600C72044BEF3014480698F20400C4E0400E
S21404B97000544412086201322140087C811140D9E7
S21404B9801C72B1123032CF4A013AB1DA107208D8BA
S21404B990067104D80871804C237C5670684C441297
S21404B9A000C4A41E00A04414413AF3240164415C7C
S21404B9B0412A047580B800C46040005481D83671AA
S21404B9C040D90472237C084B0698F20404BA1CB9C6
S21404B9D0767900C1204001B835797F21612100794C
S21404B9E006B906A901D8067102981002804C307C6C
S21404B9F00298640208D86A7100C1544000B8141151
S21404BA0010D95E71584C441280BDA26DFF25784C47
S21404BA104412FC22513A2814104C00C20CC101B83E
S21404BA2024122814086228140862281408622814A9
S21404BA30304C304C00C11C4000B814111814086176
S21404BA4000C5284001B85415FF3504711049181470
S21404BA50B04C441208620132067102980401804C0C
S21404BA6008D80C7107BA24D8047106BA187004D81A
S21404BA700C7101BA40D80E7102BA0A7005BA20D801
S21404BA80047203BA204C4411C04C181408611814EC
S21404BA909111383111429111186110D90472EF32A4
S21404BAA000C1084001B8141110311E611142281457
S21404BAB0A1110861181406986C1B181400C10840DC
S21404BAC001B814111861FF31181400C1448001B87C
S21404BAD01411181408611814308802480698940340
S21404BAE0009308DB047101F800A027B00F3000A013
S21404BAF01088B111186180D90A7100C1884000B855
S21404BB000811009100A000C4684000B8441000A0CA
S21404BB1000C08840005004118261041082601050F6
S21404BB20F07200A054155045127106980205069846
S21404BB30920407B8707802B841781EBA5B7A5C7AC9
S21404BB405D7A00C220C001B8241206982A1900C5DE
S21404BB50481F00A05415511400C3FF010000313DD6
S21404BB6009647F3406989C020158512804750158CC
S21404BB7041280E758111086102D90472FF0FCC703A
S21404BB8007B8727800F8EBBD00C0441F00A004118B
S21404BB90113D10D91271FF33186300C1781002B832
S21404BBA0381107B97479581000A0069892020D301F
S21404BBB00472044809DC0472084800C11CC101B8B8
S21404BBC0141100C3D01E00A0911504351A72181360
S21404BBD01CBB08D804716C7B04D804716A7B1DBB3B
S21404BBE02F7C5B7B1670044B18131CBB08D804719F
S21404BBF06F7B04D804716D7B217C0C300260069840
S21404BC007E040698C40B00B8B111186140D90672B8
S21404BC100298580401BC00C2084001B800DC0A714E
S21404BC2024150265604A0A702C4A241508654C4A95
S21404BC30043508D90471202400C13C1F00A0141246
S21404BC4000DC327120D8067101B80C70F0DA0C7280
S21404BC500CDB087102B806988604482400C33841F1
S21404BC6001B834138F7B0E7102B9911308DB04728A
S21404BC7003B928707C4914111110FD300DDC1C72B8
S21404BC8000C0A01E00A0041080D8107100C044801C
S21404BC9001B80410E5200475804900C3884000B844
S21404BCA0FFB801201141087101411813082401420C
S21404BCB000C1284000B8141101411C65514191157A
S21404BCC020351E65514118132813481300C38440B9
S21404BCD000B8341003D81671073005DC1071B110A3
S21404BCE08F780A7200C384C40350217B1DB8507831
S21404BCF000B800C13C1F00A014121C602150F03094
S21404BD000152281100A04024076400C0FFFF010070
S21404BD10013C17B0022001584028067518AC01EC07
S21404BD2000A0208800C020C001B8041217B4211354
S21404BD3004123052F8711964402400C35C1F00A03A
S21404BD40341014110698F60D196100921159212920
S21404BD50067600BB11590698D60D8762313B0472ED
S21404BD60215A412A00A000C2686000B8B8B91F6111
S21404BD700D49181200A0308801B9116100C30000F3
S21404BD80C0FF3110312800BC002D0C75115418ACBE
S21404BD9001EC312DF470196451134155312C009384
S21404BDA000A000C3C00FFEFF50B2313A014250AAB1
S21404BDB000A006983E07FFB0867808715CB86B78DA
S21404BDC06E7800C2548001B800C0D81F00A00410CA
S21404BDD00812B822217A237A52B8417801B80C6046
S21404BDE021A809B819604CA800C0FFD1C1FF4FB202
S21404BDF0013A00C0002E300001424FAA24B86E78E3
S21404BE00ACB9FFB004D804714CB923A90698A805A8
S21404BE1000C01390010006982E0500A0069802059F
S21404BE2019B81460FFB28C620F32826A21400698F9
S21404BE302E0549BC21B952B849B207DE2A7105DE7F
S21404BE400871627C607C1D0C6179677864786B7815
S21404BE506278657863786078617C010C010C687898
S21404BE60020C69786C78020C00C22C8001B8277A20
S21404BE70287A267A6A78050C41790A0CB11040D8DB
S21404BE8006710298BA06784A2B7A327A584A247A85
S21404BE9000C400011100404A00C0108400000812CB
S21404BEA0508800C584100100FBAD10BD01BB8A6B31
S21404BEB021B9FAA9C44A1812217A227A00C0341F7A
S21404BEC000A00410FCA88264411030300129F9A9AE
S21404BED0F8ADFBB08260FBA80330A06521100448CF
S21404BEE020EC237A0410037A184A2411DC4A0158F9
S21404BEF00029241004753150F8B1115081632A7159
S21404BF00514031400812FCB18461FCA90F310E7116
S21404BF1017B0112817B111591028FA76C44AF9B186
S21404BF201812217A227AA07000950812F8A800C286
S21404BF300C8001B8207A844A00B80812020CA44A7D
S21404BF40087A020C21B84178784A0B7A127A00C231
S21404BF50C81F00A0FFB008D80472184A241000DCDA
S21404BF600A7140A80422241041A806989C0200C224
S21404BF70481F00A02410015100C4FF0100004139ED
S21404BF801150081200A006983E0700BC00C20C80A0
S21404BF9001B8217A52B84978020C4878020C49B89C
S21404BFA0417852AC21AC204A087A067A077A49AC22
S21404BFB000A059B840785AB101D9FC72427857B8F3
S21404BFC0407858B101D9FC72427800A000C20C80B7
S21404BFD001B8217A227A21B8547852B8BC4A24117E
S21404BFE09979127107B915614CA9617800BB03BC35
S21404BFF00C64147009B919614CA9417801BB126329
S21404C00000C4002E300000C0FFD1C1FF4FB101397B
S21404C01041414FA9E44AC8B8081224AB4CB823A837
S21404C0200698A80500C004900100FFB18679047143
S21404C030084806982E0500C08009004040A809B8A4
S21404C040FFB108D9047103B853A8B11004D80C7111
S21404C05056BB607B57BA627A607A02D80C7156BBBC
S21404C060607B59BA627A607A04B86E783DB86078B4
S21404C07000C05638000000C1B08001B81411997988
S21404C080087200C0D604000000C124C000B8141111
S21404C0909F79047208484CA82EB8FFB108D90671D7
S21404C0A04AA804704BA80FB834A800C00C5E000061
S21404C0B046B2014246AA00C12C4001B814110861D8
S21404C0C00631087100B90698501106983E14B1114D
S21404C0D001D90E710698921B02D906720698A00C16
S21404C0E00698381451140698920406982A1106984D
S21404C0F0641700A006984E1701D80A711CB85B781E
S21404C10007B8757800B84CA84AA84BA800C0F32115
S21404C110FFFF46B1013946A904B86F7800A0FABCFF
S21404C1201964415C512C00C0581F00A00410012C57
S21404C1300675069892040698780FB110186005D80C
S21404C140327140BA06980E1404B86578911004D873
S21404C15016711CB86E7800C0684000B8217806983E
S21404C160781101400A721DB8427806984A1402985B
S21404C1705E0B1DB8717804B86C7841B84278637861
S21404C1804478FFB104D906720298CA0900C0049024
S21404C1900100FFB186790471084806982E0500C38D
S21404C1A02C1F00A000C274C000B82414481300BC9E
S21404C1B048121C4B1C4A2414481300BC4812084B53
S21404C1C0584A2414481301BC48124ABA447A427A9C
S21404C1D04BBA447A427AFFB086780472617A4CBAD3
S21404C1E0647A657A3DBA607A4DB942B83FBB5B79EA
S21404C1F066796179020C6479050C63796079050CBB
S21404C200627965795A7900C2340102B8241305B8F4
S21404C21019603140081242B86A78020C4A78020C57
S21404C22040BCFFB208DA06714ABA06704BBA627AA4
S21404C230657A677A667A6A79667B0298A40A00C386
S21404C2402C1F00A000C274C000B8241448131C4B52
S21404C2501C4A241448133FBC48121C4A00BC48120B
S21404C260084B444A2414481301BC48124ABA647A58
S21404C270627A4BBA647A627AFFB3867B0472617A16
S21404C2804CBA647A657A3DBA607A01D94E7164789C
S21404C29000C1708001B800C080000800081106982C
S21404C2A0860B42B861784DB97F797E796A7868786A
S21404C2B06278020C7B790F0C7A79140C74794178C5
S21404C2C060787579050CFFB208DA06714AB804700E
S21404C2D04BB8657801BC1664407002D93C71069868
S21404C2E0860B42B84DB96878407841787F797E7974
S21404C2F07B790F0C7A79140CFFB208DA087171791D
S21404C3004ABA067070794BBA7279657A6A78020C02
S21404C3104A78050C01BC1664020C417940790C0C71
S21404C32000C04C0102B848100698F20400C47840D5
S21404C33000B8007C00C0A01E00A0041180D9327191
S21404C340911104D92C727F2021200411FD310DDDBA
S21404C350207200C0448001B80411E521147600C0A0
S21404C360244001B804118A790871207C104C207C82
S21404C3702AB86278511400C0581F00A00410012C7B
S21404C38017B001118768015841280E760521876980
S21404C390415C412D112D06700698920442B84DBB9F
S21404C3A07C7B6478020C29B868785114404406757E
S21404C3B00698920442B844782AB84278FFB101D964
S21404C3C00C7100C1548001B8CBB80811911004D880
S21404C3D0147100C0A01E00A0041080D8067107B80F
S21404C3E0537800F807B800C1CC1E00A000C220C0D5
S21404C3F001B824122811777800F8B11094783871AF
S21404C40006989C02E4B911591128067600B80C70F7
S21404C410A0B9115901290475A0B8826000C3C01FD1
S21404C42000A03413012B341000C3FFFF00FF42B1F9
S21404C4303139114042A800A01DB09178FA7142B873
S21404C4406478020C00BA29AA00C4548001B842B821
S21404C4504DB900C3C04001B83413977B047240EC56
S21404C460020C44785C7953AA0A0C281442B84DB9D5
S21404C470FFB301DB2671244C00C3FF0FFF01381401
S21404C4805479407841785579020C5B795A79140CC2
S21404C4905F795E794A784278347002DB1471527997
S21404C4A051795079020C5B795A795F795E791E70FE
S21404C4B004DB1A7100C4FF07000000C3342102B86D
S21404C4C048133FBB467B020C5B795A793DBB407BE5
S21404C4D04CBB447B457B00C3301F00A03414403C57
S21404C4E0207100C068C000B8481028131C4B1C48B4
S21404C4F0341448102813144B444834144810281392
S21404C5004AAA4BAA04B86D781DB851785CB84B7823
S21404C5104E7800A000C074C000B80411108800B99A
S21404C520181068480411108801B90B6118102C48BB
S21404C53004111088008800C1231C000018104AB893
S21404C54064784BB86478260C28B000C1FFFF0FF05F
S21404C550113871B90B61114028A828B97379747918
S21404C56000C21010303045AA54790E0C00C0E840C2
S21404C57001B8041100C23030101045AA0E0C041085
S21404C580008810880698620D0091009020888F61BC
S21404C5908F600698620D0090886A21400112906AA6
S21404C5A0035800C13F3F00001138FFBC0224412855
S21404C5B01138014245AA28B953794AB844784BB889
S21404C5C0447800900091181000912C48181000919F
S21404C5D06848181000A09168436091694361115B34
S21404C5E0012B112841603128315B00BA30280676C9
S21404C5F03128204A4163302806763128104A4163A0
S21404C600302806763128084A4163302806763128D1
S21404C610044A4163302806763128024A41633028AA
S21404C6200476014A00A0115910D906710860086002
S21404C63008D90471086004D90471046002D904712D
S21404C640026001D90471016000A000BA01D8067125
S21404C6500148112A1F61016001D8F6720138F6728A
S21404C66000A000C220C001B8241211592129127357
S21404C67000210E7100C238C001B8241201212129FC
S21404C68000A002B020D8147100C0B01E00A0041090
S21404C69002B9457906987613EA7003B09F78087253
S21404C6A000B806A800F806983E0700C5641F00A058
S21404C6B05088044D1CBC00C0B41E00A0811101D9D2
S21404C6C01E71407C009501150C4D5088044DFFBB2F
S21404C6D01863315B04110698EE0D3129F875069837
S21404C6E0681A54150698921B01D9087206985807BA
S21404C6F006700698F4071CBB547B06984E1701D8A0
S21404C700067202981A0FFFB901211038F6728112C8
S21404C7109B7AF07100C2448001B8241400C0C01E85
S21404C72000A0041001130020041040500C7200B93D
S21404C7300698280F18B90A7018B90698280F00B971
S21404C74000B806981E0F704A08B806981E0F00C256
S21404C750284000B814B806981E0F00C2EC4001B872
S21404C7600CB806981E0F202210B806981E0F1088C4
S21404C770308806985807009300910698280F00C042
S21404C780C41E00A00412FFB901212141181000950F
S21404C79000F8312811280410081200A004B8312823
S21404C7A01128F8B1181000A0069880080E70069894
S21404C7B0C40B0698800806987212069812079112FF
S21404C7C0211900C02C4001B80A78097800F810B97D
S21404C7D001BA0698041406982A110698641700C528
S21404C7E0641F00A081109D78FC7200F89112033239
S21404C7F01CB900C3A01E00A0341300C4B0400054EB
S21404C8001DB84278707903DE067144783A707179FF
S21404C810A11020D806710298541080DB1C7102D82F
S21404C820187205B80814A11010300248081400B88D
S21404C83008149110086008141DB86278A11000DC72
S21404C8400676517900BA06984E1701D822729111CD
S21404C85020311D61911004D80E7200C1501F00A033
S21404C860141101D90A71208806985011009200C14B
S21404C870204000B801DB1871084C03DE0471904CAC
S21404C880441400C3FF1F0000413BFF2338119449A2
S21404C89000C3384101B83413086380DB0C7103BA53
S21404C8A0186206983C100870186206983C100C49EA
S21404C8B00879097914102140081100A000BD0698D3
S21404C8C0760210B903DC047100B901BA06980414A0
S21404C8D002D9067100404E7203B118610F310698F2
S21404C8E07811FFD82872811008D8187106DD0A71ED
S21404C8F00698760203DC0C720698BC1106984A1455
S21404C9000C7006DD10710698C211487020B804A891
S21404C91006DD1072069880080698120701F840B8DB
S21404C92004A800F800C0A01E00A00413086301DBDE
S21404C930227191100111186111381DB910D80871AF
S21404C94044790298541002DBFA72A11328DBF472BD
S21404C95003BD06981E11069880081DBA7F7A0698AD
S21404C960F20400C5681F00A00698760200BA03DC2D
S21404C9701672044DA11002D804711C4D00C10CC1DE
S21404C98001B80698AE045415212D06983E05029863
S21404C990AA089110015503355150011900A000C191
S21404C9A04C1F00A0141001D8427101480860FE20F4
S21404C9B00E75811020D8087100C1501F00A01411F4
S21404C9C001D9287100C02C4001B804122151086115
S21404C9D00F3118611152281000C0084001B8041124
S21404C9E09112215120311152211900A0811380DBAC
S21404C9F0067201B800A000C314C001B83410063093
S21404CA002E726C4B34121C4B341018600230207299
S21404CA10811080D8DE713410014A086204608030C8
S21404CA2021508C480A717F234D233410013000A016
S21404CA3000BD06981E111CB847784578437802B89E
S21404CA40447800A0069880080698BC1100C5741F98
S21404CA5000A0541506983E050298AA08B1138F7BC9
S21404CA600A7200C384C40350017B06983E1400C1B6
S21404CA70384101B814118F790E7100C1B84000B85E
S21404CA8000BA06983C1050BA06980E140698781108
S21404CA90FFD84A71911004D84872811008601CD8D7
S21404CAA0407220D938721112FF322151347180211C
S21404CAB08021111400C0D81E00A00413FFBA3151FF
S21404CAC0113A215111531DB938107B7940440E7226
S21404CAD000B900C2AC1E00A01812067004B8607834
S21404CAE00698381400F800B900C2A440005418127E
S21404CAF0644A0AB918121CBA507A517A1DB9427996
S21404CB005F7900A00698760207DC10729110002068
S21404CB100A75069872120298660F0698120701B9EB
S21404CB20911004D8047100B910BA0698041400BA17
S21404CB300040347100C0A01E00A00411086101D991
S21404CB40127104D9E2728110086001D8DA711DB836
S21404CB50647800C11CC101B80698AE0401B811601F
S21404CB60002A047600BA00C5781F00A05415212DAB
S21404CB70069872120698580700C57C1F00A000F895
S21404CB8000BC811108D9167280D9207201B910BA76
S21404CB900698041400400E7101BC10700698BC116F
S21404CBA006984A1420B804A800F806987212811150
S21404CBB00231127100B900C2144000541812244AFB
S21404CBC002B918120698BC1100C5801F00A054159F
S21404CBD00698F01A0298AA080411012114711CBAC6
S21404CBE0737A042004122811042004110121F4721B
S21404CBF000A00698F20401F806984E1701D816719C
S21404CC00FFB9012110380E7281109B78087104B99F
S21404CC10677900F8911010D8287100C51CC101B8B6
S21404CC2054110698EE0D00C5C81E00A054155129CF
S21404CC30EA7507B876781DB8447801B804A800F8F1
S21404CC40B110186010D82E7100C05040005400C3B4
S21404CC50084000B83114984C44113411086101D9C5
S21404CC60FA71441228100862281008622810086214
S21404CC702810E8700298B0020698920211380472DE
S21404CC801E6202BB00C1D81E00A0141120390C720B
S21404CC90911210DA0672417B00A006983E1400C278
S21404CCA0A01E00A0241220DA0472617B1CBA527AF9
S21404CCB000A01CBA727A811204DAFC7200A01CB8B6
S21404CCC06B7800C0684000B82F7800A006984E170E
S21404CCD001D83A7100C22C4001B8241003609111A7
S21404CCE020310151383111501D6008121DB94579A3
S21404CCF000C2448001B8241200C0C01E00A0041064
S21404CD0018200020041020500471657910631EB9A1
S21404CD10637900B902EC00CD114502EC00CC01DBCE
S21404CD20087100BB0298D61803B841110731FA21DE
S21404CD301C760621911210DA087102DD10721E703C
S21404CD4020B80698B20D3038147208B806987E04D7
S21404CD5000C02C4000B82978207800F8056020D858
S21404CD60067102980C1602EC00CA05B823DA18718C
S21404CD7004DBDA7120DAD67110DAD2721EB8617862
S21404CD8000B801DA067202EC00C8911110D92671B7
S21404CD9000C1B81E00A014111150FF300C720761B8
S21404CDA0A110115002300A7180DB0A720AB89E7014
S21404CDB01DB97C791860911111402111C0311140C0
S21404CDC001191EB8411108D90471667820D9047275
S21404CDD06578A11002D80672C0DA1E711EB8273113
S21404CDE023DD087210DB1072607825DD0A7121DD00
S21404CDF0087208DB0471627803B8411107310872BF
S21404CE00A1152035AA7102DD2072A11120D9A071C6
S21404CE1002D91672CCDA9872411140D9927206B8C9
S21404CE20054D5A720298AE1421114049C0D94C716E
S21404CE30A03141154035026551410461086308DAA2
S21404CE401E7204DA36721049A1150235067110DB1B
S21404CE500E7201340A7108DB22711EB86778CC3270
S21404CE6011101A300ADC0872CCDE0471FD3100C0E1
S21404CE700D0F0C0D216001D85C7207B80298D81407
S21404CE8000BA411108D90C7102EC00CA05B830DAB0
S21404CE90EC720734F031036101DA0471014900C011
S21404CEA0F300A3E3216001D8D27100C0981440684F
S21404CEB021604030014440DA0471204C043202629E
S21404CEC0204A111006301F60014218311D611142BC
S21404CED00298F614204A00C0051708502160113045
S21404CEE001422088FFBB0DDA507100C1DE1B25010C
S21404CEF080BC04DA107208DA0A7200C120841000BA
S21404CF00E024A02408634143026401DA06711E4942
S21404CF10024B00C0201F00A008633810BC2002DAB1
S21404CF20127101B91159A11380DB087100C100FC0C
S21404CF30FF0118100298621800C4A01E00A0441036
S21404CF4080D87C710092D0DA06710DDA0C711EBDA1
S21404CF50437DEFBD0698140304620DDA8672A111B0
S21404CF6005D95C7100C240400054241214242814CD
S21404CF7001D9067202D9327140D91E7102EC00CA78
S21404CF80211018320471FA2220D804720822FE22D4
S21404CF90087502EC00C8F87001D90E7102EC00C8DE
S21404CFA002D9067204DC187200C0A01E00A0041089
S21404CFB01D6001D806711EB8647807B873780298A5
S21404CFC0D61800C0A01E00A0041080300A7100C04D
S21404CFD0C41E00A0041000A006984E1701D82E7197
S21404CFE0911010D828728110A0D8227203B08478C9
S21404CFF01C7200C12C4001B814100DBA487A697A24
S21404D0006B7A08111CB87B7807B8757800A0641092
S21404D01000C6881F00A0C3B806987C0200C4441F3C
S21404D02000A014BA281400B8011AB1108F780A7236
S21404D03000C084C40350017891101030011905BA59
S21404D04006980E1402D9067101B804A800C0A01EE2
S21404D05000A004130698641180DB06710298581425
S21404D0601DBA7C7A01DB6A7100C2241F00A0241159
S21404D0701114FF3402EC00C8FF24FA7608610698FF
S21404D080C20D046111380F300461111401114110EE
S21404D0900698C20D01D8087203B80298D8140C4A30
S21404D0A001DB2271241011281128041202300471A5
S21404D0B0106200C0FFFF0000213800C2204000B804
S21404D0C0FF200812411008600698C20D01D87C7132
S21404D0D020BC1033767100BB00C1201F00A01415BD
S21404D0E0C021112C511218620F320E71408851144F
S21404D0F00698FA1841430094511208651C620F32D0
S21404D1000E71411151140698FA181C6441430865BF
S21404D110513B00C1DC1E00A01411111231100F3057
S21404D120127100BA056101D80471114201600FD86A
S21404D130F472311003601E30047201B8003A0872AB
S21404D14004B80298D8140298C41600C0384101B82E
S21404D15004118F7914717F2069200411086130311D
S21404D16010DD06711DBA637A0698120300F830883B
S21404D1705088FF34087102ECFF24F87002EC00CDEE
S21404D1801410595001440421FF22F2720F4C0095EA
S21404D190009300A000C1A81E00A0141100A03088AF
S21404D1A00698421B8111086102D906720298061A73
S21404D1B01CBB557B086120D906710298F6190088B5
S21404D1C0A11018600698201908211415FC251EBB0A
S21404D1D05C7B5D7B00C1084001B814110731FE2159
S21404D1E0307608D82A725113FC23341304DB2071DA
S21404D1F01863FF33315B00C110C000B81411086116
S21404D20080490C71FF31302954751EBB7B7B10702E
S21404D2107B7B7C7B00DD04717D7B01BB3815EC25B4
S21404D220541300DF5471042505DF5471541521117D
S21404D23020880698EE0D009251293E7500C10840DC
S21404D24001B8141102DB0C710731315B31292A76DF
S21404D2500C7004DF0872016180D91E7206982019CA
S21404D26000C010C000B80698861B06982019141132
S21404D270FFD9607202984C1A0090009300A05415CF
S21404D280A111186110D9A672082508D8A07108251E
S21404D29010D89A71208821110698EE0DFC25541298
S21404D2A0112AF82554110C2520D80871F02554119C
S21404D2B01025202904762159181500920298B819C9
S21404D2C007B97179811010D80A711CB8447802B86D
S21404D2D041781CB9747904B9677900F88110A0D82C
S21404D2E008711CB9497900A0086002D8FA7106983A
S21404D2F02019108806983E14106210DA0871082166
S21404D3001415F025541100C20020FEFF20291275C2
S21404D3100698921B01D90A72069880080698120786
S21404D32000941CBB41100C2006986413411108217C
S21404D3301410069864133128441111120861FF3141
S21404D340FF32012210521072186118140424441378
S21404D350042438140C701861214118140824081485
S21404D360029838144044147100C1AC1E00A0141571
S21404D37051131C630FDB0C721965069802054115E0
S21404D38000A000C3784000B83413807B0672069869
S21404D390120706983E1408BB51140698B01A441592
S21404D3A0FC25541500C3784000B83413807B047100
S21404D3B000A002983E051CB900C3A01E00A03413AA
S21404D3C0086308DB1A718113A0DB067149791070B3
S21404D3D06979086302DB087204B9677900F800A06B
S21404D3E08111086102D910711CB975790698201943
S21404D3F01411FF3100A0FFB900A004100821141175
S21404D400F421081100A08111106110310E710698E4
S21404D410201908211411F821141100A074D6040050
S21404D420000000004CD404000100000000000000CE
S21404D43000F0490274D604000000000070D4040012
S21404D440010000000000000000F0490294D404002B
S21404D4504063598F404B4C000B000B001A00FF7FB3
S21404D460506A00200000000016D9040000000000E6
S21404D47084D504004063598F404B4C000B000B00CE
S21404D4801A00FF7F506A00200000000014D9040030
S21404D49000000000FC1F010374D804001CC0011027
S21404D4A000F807001CC001301402080050C0010038
S21404D4B087413004244006010700620038700000EB
S21404D4C000000000000000030068010F40B824407C
S21404D4D058400101FC006900804005012363E01107
S21404D4E09BC34A74F003000003800000BE0A0000D9
S21404D4F0E040010133000000F0400401590B000035
S21404D500640483078813C83A90200A00284101015E
S21404D510001E00003C410B0100148C00141A212844
S21404D5202E343B42495043557698BA0C286900007D
S21404D530010000000721286414171A002004C86993
S21404D540A1203A093C42010129000000A080020102
S21404D55070780300D5C00000A8800111F001000017
S21404D560A88001310542CB01AC800111F001000016
S21404D570AC80013105228D00B08001010003000259
S21404D580FFFFFFFFFC1F0103C4D804001CC00110EA
S21404D59000F807001CC00130F502080050C0010066
S21404D5A08741300C2440060107C0520000000000EA
S21404D5B0000000000000000300000000000000005F
S21404D5C0584001016402FF00804005014B01A00899
S21404D5D09BC34A74F0030000000000000000000033
S21404D5E0E040010133000000F040040100000000A8
S21404D5F0640483078813C83A9C200A002841010162
S21404D600031000003C410B01000000000000000075
S21404D6100000000000000000000000000000000001
S21404D62001000000000000000000000000000000F0
S21404D630000000003C42010100000000A08002013E
S21404D64070780300D5C00000A8800111F001000026
S21404D650A88001310542CB01AC800111F001000025
S21404D660AC80013105228D00B08001010003000268
S21404D670FFFFFFFF0C400200018014007F40000003
S21404D68020400200000000000000000030400700B8
S21404D6900000000000000000000000000000000081
S21404D6A00000000000000000A00700005040010039
S21404D6B0000000005C4002000000000000000000C3
S21404D6C0A840010007000000B44004000040000029
S21404D6D0FF4C000000410000FF4D000008C00100A0
S21404D6E00000000020C00110FF00000020C0013030
S21404D6F00043000024C00400EC80B3034375A80272
S21404D700000000002E02000054C003000E2D09E69F
S21404D71054060708D1B6020064C0080004300000AE
S21404D72040201006C8F248181FE8F600BD4B7215D4
S21404D73011A3180510325476980A000088C0010018
S21404D74000000000080001010407000018000101A1
S21404D7500000000020000101088400001C400201B3
S21404D7601000000020F913045C4005014108000085
S21404D77001000000B0070800A70000000000000039
S21404D780944007010101103050707F7F00000000B4
S21404D7900000000000000000000000000000000080
S21404D7A0E440010100000000EC4001017DA8D98B93
S21404D7B00041020100612000B75635120C410301F6
S21404D7C0F95412002030042988BB4000244101018A
S21404D7D000000000304103016406660C0C010000E2
S21404D7E0E853FA006841030164048307881382003F
S21404D7F00000000030420301000000000000000E9C
S21404D80000000000444201010000000010800101F5
S21404D81003000000388002011149100001000000D6
S21404D82088800101000000009C800101EB4002009A
S21404D830B48001013700000188000202000C0004D5
S21404D8404C0000009400010200040000D000020214
S21404D8500E00000090029608E40001023D0942040E
S21404D860F4000102000000001801010260005102E9
S21404D870FFFFFFFF1200000066666600000000005F
S21404D88028D9040018D9040000000000001A9A00E1
S21404D890005A620280841E000420FE0011495002D1
S21404D8A0000000000000000000000000000000006F
S21404D8B000000000B1841E0000000000000000000C
S21404D8C0000000001200000066666600000000000B
S21404D8D028D9040018D90400000C0000001A9A0085
S21404D8E0005A620280841E0004200000114950027F
S21404D8F0000000000000000000000000000000001F
S21404D90000000000B1841E000000000000000000BB
S21404D9100000000005040000E1190000E119000001
S21404D9200000000000000000193F0106041001007A
S21404D9300001010600102700000900000000000096
S21404D94000000000FDC40100ADC40100B9C401001C
S21404D950A9C5010029A00300C3A50300C7A50300A9
S21404D960CBA50300CFA50300D3A503000001030441
S21404D97064EE01001000000024E101001A0000001B
S21404D98079EB01001100000075E4010011000000AD
S21404D99063E511000400000023E111000400000008
S21404D9A025E101000800000026E101000A0000004D
S21404D9B027E1010002000000000000000000000053
S21404D9C030DB04001FDB04000000000031DB040031
S21404D9D05B9E040000000000559E0400579E040051
S21404D9E000000000599E0400FDDA040046DB040033
S21404D9F05C9E0400569E0400000000005A9E04002C
S21404DA0014DA0400539E0400549E0400589E040036
S21404DA10529E0400000203040508090A0B000102D2
S21404DA200304051D2000B40108020200AA00FFFF3B
S21404DA30FFFFFFFFFFFFFFFFF90203003122020092
S21404DA409D5102001D360300AD540200F5AC0300E0
S21404DA50F7AC0300F9AC0300FBAC0300E5CC020012
S21404DA6055A20200FDE90200B92F0300BD410200E1
S21404DA70F1AC0300E1A602006D200300D1320200DF
S21404DA80F3AC0300A5950300C93902007B6A0300C2
S21404DA90000000000013000000000000000000006A
S21404DAA00000000001000000C9AA020002000000F5
S21404DAB06BBE03000300000021AA0200040000005D
S21404DAC0E5BD030005000000C1A902000000000037
S21404DAD0000000000023001B2200FF0000000000DE
S21404DAE00C090202000000001C1A0B0303FF0608C0
S21404DAF00402020204020A0B030302030480FF0268
S21404DB0004FF010101010800000000000000005AA3
S21404DB106967426565416C6C69616E63653039801E
S21404DB200000183810300000000000008F8E8C8033
S21404DB3081815A6967426565416C6C69616E63658B
S20C04DB40303906080C108000C1
S20C04DB489471FB7F010000004C
S21004DB505CDB040048660020DB010000DB
S21404DB5C0000000000000000FFFF000001000000B1
S21404DB6C00000000000000000000000000000000A0
S21404DB7C0000000000000000000000000000000090
S21404DB8C0000000000000000000000000000000080
S21404DB9C0000000000000000000000000000000070
S21404DBAC0000000000000000000000000000000060
S21404DBBC0000000000000000000000000000000050
S21404DBCC0000000000000000000000000000000040
S21404DBDC0000000000000000000000000000000030
S21404DBEC0000000000000000000000000000000020
S21404DBFC0000000000000000000000000000000010
S21404DC0C00000000000000000000000000000000FF
S21404DC1C00000000000000000000000000000000EF
S21404DC2C00000000000000000000000000000000DF
S21404DC3C00000000000000000000000000000000CF
S21404DC4C00000000000000000000000000000000BF
S21404DC5C0000000000000000000100000000F001BD
S21404DC6C0800000008100020010023010400000036
S21404DC7C10100020060030010100000014100020D3
S21404DC8CFFFFFFFFC0EA2101C0EA2101008000006B
S21404DC9C00F049029067002000600B000080000032
S21404DCAC30350020C8000000FE0000000000000014
S21404DCBC8C8F040018100020FFFFFFFF4093040015
S21404DCCC33000000FDEF0000330000004B6F030030
S21404DCDCD50E0400D90E0400E60E0400F30E040060
S21404DCEC000F04000D0F0400200F0400320F040074
S21404DCFC3F0F04004C0F0400590F04006E0F040071
S21404DD0C810F0400930F0400A80F0400B70F04003F
S21404DD1CC80F0400D70F0400E70F0400F30F040029
S21404DD2C001004001010040022100400311004002B
S21404DD3C40100400491004005E1004007310040024
S21404DD4C88100400A8100400B6100400D5100400B3
S21404DD5CF010040003110400101104002511040033
S21404DD6C3411040043110400551104006711040017
S21404DD7C7A1104008D110400A311040000000000A5
S21404DD8C0F000000FF000000000000000000000070
S21404DD9C000000000000000000000000000000006E
S21404DDAC000000000030E70400C81803141A04002E
S21404DDBC191A0400461A0400711A04009F1A040067
S21404DDCCCD1A0400FC1A0400291B0400591B040079
S21404DDDC891B0400D91B0400FFFFFFFF00F8030097
S21404DDECFFFFFFFF0000040000000400005C260593
S21404DDFCEC6800200600000048B504000000000093
S21404DE0C0100190001000000B840002001001900B0
S21404DE1C01000000B84000200100190001000000B9
S21404DE2CB84000200100190001000000B840002092
S21404DE3C0100190001000000B84000200100190080
S21404DE4C01000000B8400020010019000100000089
S21404DE5CB84000200100190001000000B840002062
S21404DE6C0100190001000000B84000200100190050
S21404DE7C01000000B8400020010019000100000059
S21404DE8CB84000200100190001000000B840002032
S21404DE9C344500200000000000000000C09E040072
S21404DEAC704C0020A0690020304F0020178D040011
S21404DEBC0600000000000000000000000000000047
S21404DECCA8B50400C0B50400228D0400E645040081
S21404DEDCFE000000D069002000000000404F002027
S21404DEECA84F002010500020000000000000000086
S21404DEFC000000000000000000000000000000000D
S21404DF0C00000000000000000000000000000000FC
S21404DF1C00000000000000000000000000000000EC
S21404DF2C00000000BB9B030094B70400FFFFFFFF38
S21404DF3CFF9E0300FB9E0300FFFFFFFF039F0300EF
S21404DF4CFFFFFFFF29F00100FFFFFFFFFFFFFFFFAE
S21404DF5CFFFFFFFFFFFFFFFFFFFFFFFFFFFFFFFFBC
S21404DF6C0000000020A107000000000045E10300AB
S21404DF7C000000000000000000000000000000008C
S21404DF8C000000000000000000000000000000007C
S21404DF9C5055002025180200B5310200E645040051
S21404DFAC000000000000000000000000000000005C
S21404DFBC50550020BD1E020000000000E64504007B
S21404DFCC000000000000000000000000000000003C
S21404DFDC5055002001290200B5310200E645040024
S21404DFEC000000000000000000000000000000001C
S21404DFFC0F8E040050550020593602000000000015
S21404E00CE6450400000000000000000000000000CC
S21404E01C0000000050550020DD4A020000000000FD
S21404E02CE6450400000000000000000000000000AC
S21404E03C00000000505500204D5002000000000067
S21404E04CE64504000000000000000000000000008C
S21404E05C0000000050550020496502000000000036
S21404E06CE64504000000000000000000000000006C
S21404E07C00000000B80B000050550020B96A0200DE
S21404E08C00000000E645040000000000000000004C
S21404E09C0000000000000000505500201976020015
S21404E0AC00000000E645040000000000000000002C
S21404E0BC000000000000000050550020DD77020030
S21404E0CC00000000E645040000000000000000000C
S21404E0DC000000000000000050550020EDB30300C3
S21404E0EC00000000E64504000000000000000000EC
S21404E0FC000000000000000050550020057E0200C1
S21404E10C00000000E64504000000000000000000CB
S21404E11C000000000000000050550020758402002A
S21404E12C00000000E64504000000000000000000AB
S21404E13C0000000000000000505500206FC00300D3
S21404E14C00000000E645040000000000000000008B
S21404E15C000000000000000050550020ADE902004D
S21404E16C00000000E645040000000000000000006B
S21404E17C0000000000000000505500201D020300A3
S21404E18C00000000E645040000000000000000004B
S21404E19C000000000000000077C903005055002062
S21404E1AC29300300B5310200E645040000000000E7
S21404E1BC0000000000000000000000005055002085
S21404E1CCED36030000000000E645040000000000E5
S21404E1DC000000000000000000000000FFFFD00755
S21404E1ECB80B0000FFFFFFFFCEFAEFBEFFFFFDFFEC
S21404E1FCFDFF0C002C01001E2C014006800010278D
S21404E20CFFFF04F8FFFF0C000000000000004000B5
S21404E21CFDFF2C019C000000FFFFFDFFFFFFFFFF2E
S21404E22C60EA8000800010C1CDAB0A013201FFFF0A
S21404E23CFFFFFFFFFFFFFFFFFFFFFFFFFFFFFFFFD9
S21404E24CFFFFFFFFFFFFFFFFFFFFFFFFFFFF01FFC7
S21404E25C05FFFFFF0101FFFF0201FFFF640250FFF1
S21404E26C0F010208031E0605021601010A0C0520FE
S21404E27C07051010010F080410010601010104FF24
S21404E28C030101FF0C01FF405AB47F0150403000DB
S21404E29CFFFFFF0B03FF050B0101FF030103050240
S21404E2AC0201FFFFFFFFFFFFFFFF010102FFFFFF5D
S21004E2BC40FF0101BD4C0000954C000022
S80400792161
