S01B00006275696C642F72656C656173652F7A69676265652E73333714
S21400600008100020419A000061E20000896A03003F
S214006010896A030069E2000071E20000896A0300F1
S214006020896A0300896A0300896A0300896A030093
S21400603075E200002CAE0400896A0300896A03003A
S214006040896A0300896A0300896A030011950000C3
S214006050896A0300896A0300896A0300896A030063
S214006060896A0300896A0300896A0300896A030053
S214006070E1E70000896A0300896A0300896A030071
S214006080896A0300896A0300896A0300896A030033
S214006090896A0300896A0300896A0300896A030023
S2140060A0896A03000D9E0000ED9D0000896A0300CA
S2140060B0896A0300B9260200896A03001D310200BE
S2140060C089C3030085C30300F92802009FC30300A9
S2140060D08DC30300ED30020091C303005D31020062
S2140060E0C9370200C5140200C9310200896A0300DC
S2140060F0896A0300896A0300896A0300896A0300C3
S214006100896A0300896A0300896A0300896A0300B2
S214006110896A0300896A0300896A0300896A0300A2
S214006120896A0300896A0300896A0300896A030092
S214006130896A0300896A0300896A0300896A030082
S21400614082B030BF074BD3F8F030DB0704D500230E
S2140061500193019B052B01DD02B07047019B0133C3
S214006160F6E700BF00ED00E0F0B5114A114C124E04
S21400617000F00105E3695F0713D40DB9334213D16C
S21400618003EA00078F4207D10B4A1A40002A14BFC1
S2140061906FF001000020F0BD013AEBD16FF0020075
S2140061A0F9E74FF0FF30F6E76FF00100F3E700BFC6
S2140061B08096980000000350020001000B4B70B55B
S2140061C0D96911F480310DD101244FF48072084E44
S2140061D0084DF46020462C641A61FFF7C5FF34644E
S2140061E0EC6070BD6FF00100FBE700BF00000350DD
S2140061F000100350002003504FF4003238B50F4B08
S2140062000F4C9A6641F671330122E569E3630D4B44
S2140062100021DA60022360612120236105F48035C5
S214006220FFF7A2FF10B92120FFF79EFF0122064BC1
S214006230DA600DB10023E36338BD00BF0090005064
S21400624000000350001003500020035070B5134C9C
S2140062506061E3695B071ED40E4656F8043B8D1852
S214006260A361AE420BD10423002121202361FFF756
S2140062707BFF58B9BDE870402120FFF775BF0821A5
S2140062800846FFF771FF10B10423236170BD56F86E
S214006290043BA361E5E74FF0FF30F7E7000003504B
S2140062A02DE9F84315464FF40032184B89469A6696
S2140062B041F6713203F51C33DF69DA6301220646C4
S2140062C003F58053DFF84C8007F48037DA6055B961
S2140062D0284601220E4BDA601FB10022A3F50053B8
S2140062E0DA63BDE8F88306F5005404EA0804A41B44
S2140062F0AC4228BF2C46494622463046FFF7A6FF4A
S2140063000028E6D12644A1442D1BE0E7009000506B
S20C0063100020035000E0FFFF2F
S2140063182DE9F04F4FF0FD0BC9B09A460DF11B0959
S2140063289DF8503108AFCDF80C90CDF808B001971D
S214006338059303890446009383790E469046418860
S2140063488288407811F0F8FE054650B10090A38880
S214006358002062883A4912F033FA284649B0BDE868
S214006368F08F99F8000033F0E5FA38B12846A3888C
S2140063786288344912F024FA8D25EEE75A463946E3
S21400638899F8000033F07EFA8346002851D0529BD5
S2140063981BB1BDF84C3198424BD8002399F80090B1
S2140063A80793A9F14102012A5FFA8BF123D83846F0
S2140063B80139254ADFF898C05FFA81FE734513DB7A
S2140063C8059B04210792C3B907AF18221F489FED03
S2140063D81A7B02FB060420460A460830394684ED36
S2140063E8027B17F06FF811E010F8011F01335140D7
S2140063F80CFB01F2E2E7059B33B123464A463846D2
S21400640800960FF0C1FDA8E70829DED9B8F1000FFD
S21400641801D088F80090BAF1000F01D0AAF800B0B1
S214006428529B002B99D05A46184608A917F04AF8E6
S21400643893E7012591E700BF000000000000000078
S214006448B7570400EC570400C59D1C818010002037
S21400645893010001000000002DE9F04F93B0CDE94C
S2140064680A32DDE91C530E9353EC102BCDE90801D4
S214006478104619468DED060B1E9E16F0ADFA80B135
S214006488DDE906014FF0FF32C54B16F0CDFA40B9EC
S214006498DDE906014FF0FF326FF4801316F0A6FA16
S2140064A870B1DDE908019DED060B0E9B1E96CDE941
S2140064B81C53DDE90A3213B0BDE8F04F00F088B986
S2140064C80022DDE90601002316F090FA002800F005
S2140064D83381DDE906A303F1004BCBF30A5016F42B
S2140064E88063A0F2FF3008BF06250F9315F0A2FFC1
S2140064F89BA3D3E9002316F007F89BA3D3E9002350
S21400650815F04CFECBF31304894644F07F518046C1
S2140065180022A44B504641F4401115F03DFE94A3CA
S214006528D3E9002315F0F0FF02460B4640464946DD
S21400653815F034FE16F082FA044615F07BFF8EA39B
S214006548D3E900238046894615F0DEFF0022964BE5
S21400655815F024FE16F072FA89A3D3E9002307463D
S2140065684946404615F0D0FF80463846894615F01D
S21400657861FF85A3D3E9002315F0C6FF02460B4644
S2140065884046494615F008FE02460B46CDE90C2360
S21400659815F0BAFFDDE90C238046894610461946F1
S2140065A815F0FCFD0022CDE91001804B4046494617
S2140065B816F0D4F800227E4B15F0F0FD02460B4686
S2140065C84046494616F0CAF800227A4B15F0E6FD12
S2140065D802460B464046494616F0C0F8DDE90C234D
S2140065E88046894600204FF0804115F0D5FD0246CA
S2140065F80B464046494615F0D1FD02460B46DDE9F6
S214006608100116F0ABF807F2FF3700226A4B15F0B8
S214006618C5FD00223B0515F077FF52465B468046CF
S214006628894616F001FA002840F08980CDE90C89E1
S21400663804F16303C62B8CBF0527042731051BD539
S21400664853A3D3E900235046594616F0E3F9002829
S2140066587FD051A3D3E900235046594616F0C6F911
S214006668002876D00027A542C6BF2C1B04F1FF35AC
S21400667800253C4646F480660E9B9F422CBF4FF092
S2140066880008A3EB070816F0020903D0002F18BF6E
S2140066984FF000083CB1DDE90C235046594616F089
S2140066A85DF882468B46DDE906010022002316F0D7
S2140066B89DF910B10BF100439B46DDE9080126F46D
S2140066C80063CDE90183DDE90A324BEC10AB009597
S2140066D800F07EF802465FB3DDE9091316F0200FD6
S2140066E800F10105089E0CBF65204520B047DDE98E
S2140066F808010523002205930A23002CCDE902325F
S21400670807F1FF374FEAD473B8BF64422A460193AD
S21400671804970A9B009435F07BF80246B9F1000FFF
S21400672806D00B9BC41A0B9B1A190E9BA34245D87E
S214006738104613B0BDE8F08FDDE906ABCDE60022C3
S214006748404649461A4B16F009F8013CCDE90C01BB
S2140067586EE7002D90D00F9B002B8DD0013D8BE768
S214006768FB799F501344D33FB3C8608B288AC63F33
S21400677861436F63A787D23F71A379094F930A4095
S2140067881655B5BBB16B0240EF39FAFE422EE63F0E
S2140067982D431CEBE2361A3F0000000080842E4191
S2140067A8FFFFEF7F0000F83F0000E03F00002C40AE
S2140067B800002440000018400000F03F2020DDE9DB
S2140067C80913089DA8470134ADE700BF0000000084
S2140067D82DE9F04F5BEC10AB97B0CDE90501DDE98C
S2140067E82058CDE90723504652465B465946229F15
S2140067F816F0F2F870B90323CDE902870193AA4B85
S2140068080093DDE90501DDE9072334F033FF17B00F
S214006818BDE8F08F4FF0FF326FF4801350465946AC
S21400682816F0E4F828B10423CDE9028701939F4BBC
S214006838E6E74FF0FF32504659469D4B16F0F4F8FF
S21400684868B19C4A07F00403002B08BF03229A4B42
S2140068581CBF13460422CDE902870192D0E75046B2
S2140068688DA3D3E90023594616F0DEF838B98CA371
S214006878D3E900235046594616F0B8F868B1DDE962
S2140068880723DDE905014BEC10ABCDE92187209500
S21400689817B0BDE8F04FFFF7DFBD002200235046D3
S2140068A8594616F0A3F8002800F091805B46524639
S2140068B80020002115F070FC012382468B460993C0
S2140068C817F4806400F08580092D40F28580002446
S2140068D830210EABA5F109020134202C03F8011B68
S2140068E8A5EB040901D09442F6D15946504616F055
S2140068F8A5F8724B054603EBC90393ED007B8DEDB7
S2140069080A7B15F097FD02460B465046594615F089
S21400691843FCDDE90A2315F0F7FD02460B46CDE9F0
S2140069280C2316F0B3F8064615F074FD02460B461F
S214006938DDE90C0115F030FC02460B46CDE90C23C8
S21400694800225F4B16F070F8002848D00136304613
S21400695815F060FD02460B46DDE90A0116F050F810
S21400696808B100260135B9F1000F45D1284615F0C3
S21400697861FD02460B465046594615F00DFC0022AE
S2140069884F4B16F033F810B9E90700D501350A2140
S2140069980EAB1A19202C0AD095FBF1F001FB105506
S2140069A8303502F8015B013405460028F2D107F0BD
S2140069B80302012A55D1B8F1000F52D0099A12B92C
S2140069C817F00C0F01D008F1FF38302240E009908C
S2140069D876E74FF0060988E7A946002485E70022EF
S2140069E8DDE90C01364B16F001F80028BBD10EB1D4
S2140069F8F007B8D50136B6E70A210EAB1A19202CCF
S214006A080DD0B6FBF1F001FB1063092E03F130033D
S214006A1809F1FF3904F1010402F8013B11D83021CD
S214006A28A1440EAA202CB2D04C4504F101030AD189
S214006A3804F158020DEB02042E2204F8202C1C4602
S214006A48A5E70646DBE7A1541C46EBE71A550134D2
S214006A58444506D2202CF9D1CDE9028701940EAB25
S214006A68CEE6202CF8D0099B3BB12D2204F1580322
S214006A786B4403F8202C0134EEE77A0704D504F1BA
S214006A8858032B226B44F4E73B07E5D504F158037B
S214006A9820226B44EDE700BF0000000065CDCD4125
S214006AA80000000065CDCDC1A6750400AA750400D7
S214006AB8FFFFEF7F9D750400A275040028BD040043
S214006AC80000E03F0000000070B58EB02C220021C8
S214006AD803A816F067FB64234FF002320893CDE94B
S214006AE805230B2301218DF834305B4B8DF81010ED
S214006AF81D880D4040F0A980084639F05DF90A2245
S214006B08564B574C1A704FF42873ADF812304FF0A6
S214006B18FF332360534B54491B8820460B82534B44
S214006B28534A1B68CD828B61524B0D621B884B8281
S214006B38514B1B68CB611CF00FFC20B14FF41B7146
S214006B484E483AF00CFA0521206835F0BFFC20B113
S214006B5840F27D2149483AF002FA206815F0D8FA42
S214006B68474B2068196835F02BF80C2539F08CFD52
S214006B786843099039F088FD68430DEB05010790D6
S214006B88206816F0ABFF20B140F295213B483AF05A
S214006B98E6F925681FF07CF900220146284635F0FC
S214006BA887F820B140F2972134483AF0D8F940F2F5
S214006BB80353344D344E2B80052396F90000AB70F2
S214006BC87F2801D11CF0B0FE3378EB7039F05CFDFD
S214006BD800EB80008000A88039F056FD0023C00036
S214006BE84FF0FF31E880AB604FF0FF3018A3D3E9D1
S214006BF8002339F033FA2549206835F012F8206862
S214006C0802A935F00AFD20B14FF434711B483AF05A
S214006C18A6F9042220680DEB020134F0A6FF04282A
S214006C2804D040F2D72115483AF099F901A9012075
S214006C3834F071FB07F054FB01201DF007FB30F021
S214006C480DFD1DF02DFB1CF007FE0EB070BD00BF3D
S214006C580A0020FF42030000B25B00200F630020FA
S214006C68E45300204CD604000C6A002054D60400D6
S214006C78E9FD03004AD6040050D60400D5AC04004B
S214006C8854670020D8530020286D00205DFE0300BE
S214006C980348044B834202D0034B03B1184770479E
S214006CA85C6D00205C6D002000000000064B074964
S214006CB8C91A891048BF0131491003D0044B0BB1DB
S214006CC801481847704700BF5C6D00205C6D0020C7
S214006CD80000000010B5064C237843B9FFF7D8FF2C
S214006CE8044B13B10448AFF300800123237010BD92
S214006CF870160020000000008C11050008B5044B33
S214006D081BB104490448AFF30080BDE80840CDE74E
S214006D1800000000741600208C110500A3F5803AC8
S214006D28704700BF154B002B08BF114B9D46FFF759
S214006D38F5FF00218B460F461148124A121A16F024
S214006D4831FA0C4B002B00D098470B4B002B00D089
S214006D5898470020002104000D000B4816F068FD37
S214006D6816F0F8F9200029002FF0D0FB16F04EFD9B
S214006D7800000800000000000000000008100020C6
S214006D880810002074630020A1D8010007B501216F
S214006D9820200DF1070201F029F850B1012120202A
S214006DA80DF107028DF8071001F030F803B05DF812
S214006DB804FB9DF807100129F8D00122084815F0B1
S214006DC8D3F801210DF1070220208DF8071001F0F5
S214006DD81DF82FF01DFB4FF4FA6000F04FFEE5E7B4
S214006DE8B013040038B501F099F9012805D001F070
S214006DF895F9022801D001F0B7F9064D2B783BB972
S214006E0801F08CF90128044602D12FF076FB2C708D
S214006E1838BD00BF9E5C002010B5044600882FF0E1
S214006E28CBFAA37884F84400834202BF0123E370B8
S214006E382371074B04F11C00C4E9073401F02CF851
S214006E48224620880349BDE8104000F069BF00BF0D
S214006E58576103002161030070B5C37804460D46E8
S214006E681646002B34D1D1B1214815F07DF8012300
S214006E78E370E36CA6600BB1E06D9847E368F61A1A
S214006E8863699E4221D2217E1A480131C9B2217611
S214006E9815F06AF8A36D13B1217EE06D9847E5708A
S214006EA82FF0C9FA15B3237903BBA268238A801A80
S214006EB883421BD801231048237115F055F8236D1B
S214006EC8A3B1E06DBDE87040184701232376E6E7D6
S214006ED80029E4D1094815F047F8636DE660E570C7
S214006EE82571002BDBD0E06D9847D8E770BD00BF52
S214006EF8D8130400E913040017140400041404004B
S214006F0870B51E46838804460D46C18002810BB1C3
S214006F18868070BD817800882FF03AF90123E370E7
S214006F28064BA680C4E903340C34204600F0B4FFB0
S214006F3829462046BDE870402FF074BAA3610300C6
S214006F4810B501790446B1FA81F1008849092FF095
S214006F5896F921796088B1FA81F149092FF08FF9FD
S214006F68034B1A68A24204BF00221A6010BD00BF75
S214006F788C16002070B543790446A3B100880E4EDF
S214006F8804F10805336813B10C4B1B786BB12179F3
S214006F982FF075F964210A4B3460A3602846BDE8D3
S214006FA870402FF03FBA4088E9E7064814F0DCFF47
S214006FB8054B3221A360F1E78C1600209F5C002069
S214006FC8496F00002D1404007D6F000010B50446BC
S214006FD8E0B10F4814F0C8FF01236371A37953B9D1
S214006FE8217920882FF04BF9236B7BB1606B012148
S214006FF8BDE8104018472046FFF7A2FF04F1080036
S2140070082FF015FA2046FFF7B5FFEDE710BD00BFD5
S2140070186314040010B50446F8B1104814F0A4FF31
S21400702800236371A3796BB921792088B1FA81F1BD
S21400703849092FF024F9236B7BB1606B0021BDE86A
S214007048104018472046FFF77BFF04F108002FF092
S214007058EEF92046FFF78EFFEDE710BD6E1404002C
S21400706810B5044668B1074814F07EFF63792046D9
S2140070781BB1BDE81040FFF7CDBFBDE81040FFF7D5
S214007088A5BF10BD7A14040010B50E4C0E48214654
S21400709814F06AFF82210D4814F066FF8221022050
S2140070A8A21E00F0B3FE014630B134F8022C0848A0
S2140070B8BDE8104014F058BF0648BDE8104014F06C
S2140070C853BF00BF3655002089140400A4140400DA
S2140070D8AF140400F314040038B5114C822122467C
S2140070E8022000F083FEA51C014688B122880D48C0
S2140070F814F03AFF2A460C4B03F12C0153F8040B04
S2140071088B4242F8040BF9D11B7813702C2323808A
S21400711835F8021C054A0648BDE8384014F024BF76
S21400712834550020FE1404007E1504003655002051
S2140071385C150400034B1B781BB18B4201D82FF05B
S21400714867B97047CA6C002010B5044601460E4859
S21400715814F00AFF012C11D10C4B0D481A884FF673
S214007168FF739A421EBF0022094B5A742FF06DF81F
S21400717801F0A4FDBDE8104001F076BC0448BDE867
S21400718810402FF064B800BFAB1504007C6C0020DC
S214007198E066002070B500241A4D1B4E3378A342D3
S2140071A81BDC0024194D1A4E3378A3421BDC00243E
S2140071B8184D194E3378A3421BDC00F0AFFF0128A8
S2140071C816481CD12FF041F801F078FD01F04CFC70
S2140071D8BDE87040124800F0C1BF2846FFF71CFE05
S2140071E801346035DAE728462FF015F801343435CF
S2140071F8DAE728462FF048F801343835DAE72FF072
S21400720826F8E5E7C0210020A55C0020E025002040
S214007218A65C0020901F0020A45C0020E0660020EA
S214007228517100002DE9F04F87B0FFF755FFB34BBB
S21400723805A805932FF04CF8054615F0AFFEB04CA0
S214007248C2B21F2A627004D9AE4814F08DFE00F050
S21400725809FC2946A01C16F035F905A82FF038F8C1
S214007268054615F09BFEC2B21F2A84F8212001D9D4
S214007278A548EAE7294604F1220016F023F905A8EE
S2140072882FF026F83226044600272578002D40F0F1
S21400729892809E4CFFF77EFF2378DFF8ACA2DFF8DB
S2140072A8AC829B4E00939AF8003098F8002031780C
S2140072B8984814F059FE327898F800109AF80000AA
S2140072C853180344944F20782C4603443846DBB2C0
S2140072D8AA4200F3D782012B38BF0123DFF840B259
S2140072E802935A4600235D464FF482714FF6FF74A8
S2140072F802980133834213705180948002F10C0285
S214007308F6DB864B86497E48AB6000F0E3FFE879FB
S214007318AB6800EB400003EB800000F0B1FDEB79B2
S2140073280133EB717F4B1B88A34203D07C497E4810
S21400733801F0D4F84FF00009784C32784A4500F34B
S214007348CB8200274FF00C09784ADFF8D4B198F8BA
S21400735800003178B84200F3D48247180C21002583
S21400736801FB07B19AF800009423A842704A00F37C
S214007378E6820C2598F8003000274FF0700836781B
S214007388DFF8CCA11E44064405FB06B55F4B1B7808
S214007398BB4200F3E7820299614800F0FFFD059BB7
S2140073A856491A468B4240F0F082624807B0BDE85C
S2140073B8F04F14F0D9BD532D0FD163784C2B40F005
S2140073C84781A378502B40F0438101225A4B1A700C
S2140073D805A82EF07DFF044657E7442D13D16378A1
S2140073E8303B092BF4D8601C2EF07FFF534B544AD1
S2140073F81978002386B2994202F16002E8DD22F885
S214007408466C0133F7E7422D0BD16378542B55D1E0
S214007418A01C00F0D3FC434B188018462EF059FEEB
S214007428D6E7582D34D8412DD2D9433D152DCFD87F
S21400743801A353F825F000BFFB770000D9730000BE
S214007448D9730000D9730000D9730000D9730000FF
S214007458AB750000D9730000D97300005D75000095
S214007468AB740000D9730000D9730000D97300000C
S214007478D9730000DD76000059760000D973000045
S214007488D9730000D9730000D97300005377000041
S214007498692D9DD1601C2EF028FF80B22EF0B4FF17
S2140074A896E71B4B0120197800231B4A994202F1E4
S2140074B8A8028DDD02F8A60C0133F7E7601C00F081
S2140074C87DFC0546E01C2EF088FF01210246284672
S2140074D82EF03FFF60211948194C0378594362186B
S2140074E865524FF4FA6111824FF44871516115499B
S2140074F856831165013303706AE700BF36550020CE
S214007508F4650020CA150400E1150400A05C0020FC
S214007518A35C0020F1150400E41C00205817002086
S214007528E01600207C6C002090160020E41B00204B
S214007538281A0020411604009F5C0020A55C002045
S214007548C0210020C3620300A15C0020A25C0020CA
S214007558D8180020601C00F031FC00224FF03408D8
S2140075688146CD4F11462EF0F4FE3878CB4D08FBF9
S21400757800F325F80390EA18E3781046693B18BF2D
S214007588012393702EF047FE0021C54A3B785160D0
S214007598012103FB08550B443B7015600F46117418
S2140075A816E7601C00F00AFC0022114681462EF001
S2140075B8D0FE3422B84DDFF8E482287802FB00F3C8
S2140075C828F8039008EB0301E3780846693B18BFE0
S2140075D801238B702EF01FFEB24A00231046916BD3
S2140075E831BB00EB831034232A7802FB03838363C2
S2140075F8AD4A00231046D2F8A410F9B9A82202FB17
S214007608030034232A7802FB0383C0F8A4305FB94A
S214007618A34A3B46114652F8040BA8B934222878E8
S21400762800FB028241F823202B7801332B70CFE62B
S2140076380133042B02F14002D1D1D9E70133042BE0
S21400764802F1A802D7D1E2E70133042BE3D1EBE736
S214007658601C00F0B3FB8046E01C2EF0BEFE012145
S214007668024640462EF075FE60219048904D0278FE
S214007678DFF858C251436B1825F801804FF448715B
S214007688198259618B495E839965E178A824642933
S21400769804BF012199709CF80030DFF80CE25C43C7
S2140076A80EEB04010EF804304FF400744C800324EB
S2140076B80C718C7102EB420405EB4415322401333D
S2140076C8DBB201324B718D6081F8A04002708CF8F5
S2140076D800307DE6601C00F071FB00224FF0380A8F
S2140076E88146DFF8E08111462EF033FE98F8003028
S2140076F8714D0AFB03F325F803904FF00109EA18C9
S21400770882F80490E37873B1E01C00F057FB00227F
S214007718044611462EF01DFE98F800300AFB035367
S2140077285C8083F8069065485E4A0378990153544E
S21400773898F8001002EB8314C1EBC10205EBC205F2
S2140077484A1C656388F80020D4E6601C00F036FB07
S2140077588046E01C00F032FB0546601D2EF03DFE1C
S21400776804460246012140462EF0F3FD22462846EE
S21400777801212EF0EEFD60204FF4487CDFF82CE166
S2140077884B4A9EF8003000FB03F422F80480DFF82A
S21400779824811119A1F810C0C1F814C04E83C1F88D
S2140077A85880591CC9B248431418A4F810C0C4F825
S2140077B814C06683C4F8588094241552404D981C0B
S2140077C88EF800002878DFF808C1444303EB43032B
S2140077D801EB41010CEB040E02EB431302EB4112E2
S2140077E80CF80400CEF80430CEF8082001302870D3
S2140077F8EEE5601C00F0E2FA8046E01C00F0DEFAD7
S21400780800220546114640462EF0A3FD00223824E5
S214007818114628462EF09DFD2A48274A03784FF041
S214007828000E04FB03FC22F80C804FF0010802EB64
S2140078380C0181F806E081F8048003EB0801C9B260
S2140078484C4302EB040C15539C1C047070241E4D0C
S2140078588CF806E028788CF804804443DFF874C077
S214007868C3EBC303C1EBC1010CEB040E02EBC3036D
S21400787802EBC1020CF80400CEF80430CEF808205B
S2140078884044B4E790F805C001358C4584BF0471C0
S2140078984471A8301CE500BFA65C0020E025002047
S2140078A8E0660020E41B0020E41C0020A55C002005
S2140078B8C02100203D710000901F0020A25C00201F
S2140078C8A15C0020A45C0020A05C0020A35C002033
S2140078D8281A0020D8180020B9F1000F07D01BF886
S2140078E8052C02EB420204EB8204CBF8084059460A
S2140078F8384601F0B7FB09F10109A8370BF10C0B64
S2140079081BE579180AD0481E09FB00B0C07900EBC1
S214007918400004EB800409FB01B08460104609FBB4
S2140079280151039201F05CF931781C48394409FB8F
S214007938015101F07FF8039A0137403207E5FD420E
S21400794818BF11F8050C03911EBF00EB400004EBAE
S21400795880048C6003FB052000F084FF0399013542
S2140079680C31FFE4F74218BF15F8053C29461CBF42
S21400797803EB430304EB830408FB07A018BFAC60C3
S21400798800F046FE01370C3500E513F8011D002906
S2140079987FF406AD3B2102F8011C01E5841F002098
S2140079A807B5012121200DF1070200F01FFA18B9CA
S2140079B89DF80720024B1A7003B05DF804FB00BF61
S2140079C8CA6C002007B5064B8DF807001870012111
S2140079D80DF10702212000F019FA03B05DF804FB48
S2140079E8CA6C002007B5022101200DF1060200F03E
S2140079F8FDF938B9044814F0B7FABDF8060003B024
S214007A085DF804FB0020FAE75E16040007B50221BD
S214007A18ADF806000DF10602012000F0F7F9014660
S214007A2810B1034814F0A0FA03B05DF804FB00BFD9
S214007A387F16040010B5FFF7D5FF04460146074831
S214007A4814F092FA0121064814F08EFA24B9BDE81B
S214007A5810400120FFF7DABF10BD00BFAF160400C4
S214007A68C116040008B5044814F07EFA00F0DEF9E2
S214007A782EF0CEFC2EF0C9FCD716040038B5044606
S214007A88084D094B28462B6000F006FA002C18BF54
S214007A9821462846BDE8384008BF4FF496712EF0B8
S214007AA8C1BC00BFE4260020116303002DE9F043A3
S214007AB8394D93B008AC0746894690460FCD0FC49B
S214007AC80FCD00260FC495E803000323012584E89C
S214007AD80300324C3248CDE90366CDE905668DF8D9
S214007AE80E300796029539F0D4F92E4839F0D1F9B8
S214007AF832462D4920468DF8176004F053FE33466B
S214007B0832462A498DF81900009020468DF82390B1
S214007B18CDF82C808DF8216004F05EFE0A90204691
S214007B288DF8097004F0BEFD204608AA05A904F0E1
S214007B3879FE02AA204603A92FF00EFD4FF4007224
S214007B481B4B5A62194BE560626A920510D46BB9F2
S214007B584FF40072164B11485A6204F0A3FD114800
S214007B6839F09AF9002013B0BDE8F083013BEBE743
S214007B78002BEDD0094908A82FF021FD4FF400721C
S214007B880B4B06485A6204F08DFD064839F084F916
S214007B98BDF82000E7E700BFDCAD04000040005A4F
S214007BA82CB0040028B0040080841E0040420F0059
S214007BB80060005A0122034B1870034B1980034BD0
S214007BC81A707047A85C0020846C0020A75C002010
S214007BD8F8B5454B1B780BB90020F8BD434B1B780E
S214007BE8012B03D1BDE8F8402EF091BB404B1C8812
S214007BF84FF6FF739C42EFD03E4839F04AF900230F
S214007C08260AE4B21A462146304604F00BFD012E39
S214007C18354604F0010335D015D9B51E012DDBD83D
S214007C28002B0BBF4FF480754FF080754FF47061D2
S214007C384FF070610BBF01274FF480370F204FF4C9
S214007C4870202D4B11E0002B0BBF4FF480754FF0C2
S214007C5880754FF470614FF070610BBF01274FF4C9
S214007C6880370F204FF47020244B1A6802401CD02F
S214007C78BA421AD01A680A4032D11A6822EA0102B1
S214007C882A4316E0002B0BBF4FF480754FF0807523
S214007C984FF470614FF070610BBF01274FF48037C7
S214007CA80F204FF47020164BDFE71A6822EA00020E
S214007CB83A431A602EF02BFB054600288CD008366F
S214007CC844EA06102A460321C0B2FFF7EFFE40F644
S214007CD8FF73684300F2FF70B0FBF3F080B27CE7F6
S214007CE895427FF479AFC8E7A75C0020A85C00201F
S214007CF8846C00202CB0040028C3035020C3035013
S214007D0824C3035010B5044C237823B9034839F02C
S214007D18C0F80123237010BDAA5C00202CB0040014
S214007D282DE9F0431F4C85B0074688469146FFF775
S214007D38E9FF23781BB901F01BFF012323707BBAE8
S214007D48ADF80C3030220023174E02FB03F4315DE9
S214007D58A51901BB012333554FF0FF3304F110007A
S214007D6812493044AB606F80C5F80480C5F80C90A3
S214007D7809F0F6F904F10801042231440C4B009589
S214007D8803A801F0CBFFA96802460A4814F0ECF8ED
S214007D9805B0BDE8F0830133102BD6D1064814F0A1
S214007DA8E3F8F5E7A95C00200C2700203B630300F6
S214007DB84D630300E41604001217040080B102782D
S214007DC8A2F14103032B0BD840783038C0B20828FC
S214007DD806D8054B134413F8413C40EA0320704785
S214007DE84FF6FF70704700BF04AE040008B50B4698
S214007DF842B101460448006803F0D8F8BDE80840D8
S214007E082EF0FCBA022008BD4C67002008B50B46C9
S214007E1842B101460448006803F050FABDE808403D
S214007E282EF0ECBA022008BD4C670020F0B50026FC
S214007E38124F8DB0FF2300930A223346386802A9F2
S214007E482FF02FF9C0B102AB1D4603EB800404E007
S214007E5855F8043BB34228BF5E1CAC423868E9D9E3
S214007E68296803F0B1FB0028F2D02D28F0D00DB019
S214007E78BDE8F0402EF0C2BA0DB0F0BD4C67002049
S214007E8828B1034B0360034B4360002383607047AD
S214007E9819000003F4660020FF2307B50021044AF2
S214007EA80093083009F0E0F803B05DF804FB00BF63
S214007EB8276403000B460449024608680349097804
S214007EC808B12EF0BFBA7047182A0020AC5C002014
S214007ED8F7B50C4618B12921194839F040F8246836
S214007EE823685E795F8830463946FFF7E3FFF0B1CE
S214007EF88568E5B1A089227D3946904291BF002069
S214007F08801AA36880B294BF03469B18E27C009050
S214007F183046A8470138032803D8DFE800F0080FE2
S214007F280B0D0024204632F06FFA204600E0812030
S214007F3803B0F0BD8024F5E79324F3E78724F1E740
S214007F483A170400F8B515460D4A044610680D4A57
S214007F580B46117850B122462EF074FA034628B123
S214007F6800210C27C678B14201DB0020F8BD07FBCC
S214007F7801F45A681019125BAA42F7D00131F2E7E9
S214007F88182A0020AC5C002008B5034B1B6803B118
S214007F989847002008BD00BF142A00202DE9F74F97
S214007FA804460D460026454B454F1860454B19704C
S214007FB833010021F85C01360FF0ACFE0C2EF7D129
S214007FC80C2D28BF0C254FF0000901953C4EDFF814
S214007FD800A13D4DDFF8FC80019B4B4502DC03B059
S214007FE8BDE8F08F23784FF0000B337063887380FA
S214007FF8A388B380A379C6F80880B371E379C8F874
S214008008005088F804304FF00003A768A8F8063038
S214008018E3795B450ADC012116F8100B0FF07AFEAF
S21400802808F1080809F101090C34D5E74FF00003F8
S21400803838886B812880FB784FF0000C2B81BA7843
S214008048C5F804A0002A00920CBF802240222A739A
S21400805879680AF10C02634513DC03EB43030AEB69
S214008068830ABB6843B1009A4FF6FF71B2FA82F2F0
S214008078164B520932F058F914350BF1010B0C3730
S214008088C6E7B1F800E00CF1010C22F80CEC91F808
S21400809802E00C3202F816EC91F804E00C3102F813
S2140080A815EC11F809ECBEF1010F14BF4FF0100ED5
S2140080B84FF0110E02F814ECCDE700BF182A002086
S2140080C800410020AC5C00201C300020D97E000057
S2140080D81C2A00209C320020014B1860704700BF05
S2140080E8102A002070B5128805460E46FFF72AFFAC
S2140080F8044670B102790499806815F0A5F8064B15
S2140081081B680BB9002070BD314628462288984760
S214008118F8E78620F7E700BF102A002008B50EF01B
S21400812895FE022806D0012806D0044B1878400091
S214008138C0B208BD0120FCE70220FAE7AB5C0020CD
S214008148054B10B51C682CB1FFF7E8FF2346BDE8C1
S2140081581040184710BD00BF0C2A0020014B1860BD
S214008168704700BF0C2A0020034B1A781AB9012260
S2140081781A700AF071BE7047AB5C00200022024BF2
S2140081881A70FFF7DDBF00BFAB5C002037B50446AA
S214008198002836D00EF05AFE022834D1608932F014
S2140081A8B0FCE079237A003818BF0120012B637AE7
S2140081B808BF40F008000BB140F0100063890BB10F
S2140081C840F00400257CA188A2790DB1E36893B934
S2140081D80F4B10F07BF92178084610F0F3F931F0D0
S2140081E89CFF044610F0ACF97CB100280CBF0020B8
S2140081F8032003B030BDCDE90035064B10F066F914
S214008208E9E70220F5E70120F3E72046F1E700BF9B
S214008218D0640400D333040008B50CF07BFF014695
S21400822830B1044813F0A0FEBDE808400DF016BBB8
S21400823808BD00BFAC170400034B044A5B7C012151
S21400824803201370FFF7E2BDE0660020AD5C002057
S21400825810B50446FFF7F0FFB4F57F4F0BD10024A6
S2140082680F4B1A8813449C70FEF70EFF2046BDE895
S2140082781040FFF703BC4FF601739C4204D1BDE8DB
S214008288104008482DF0C9BF4FF602739C4205D12E
S214008298BDE81040044B1878FFF794BB10BD00BF2C
S2140082A834550020E0660020CA6C002010B5074C44
S2140082B8012122460320FFF799FD28B92378044AAE
S2140082C8003B18BF0123537410BD00BFAD5C0020EF
S2140082D8E0660020F8B5574B574C1A884FF6FF73E0
S2140082E89A4218BF03234FF0080218BF2370534B57
S2140082F832251A7030229A705A7139229A713122B0
S214008308DA7134225D70DD7036251A724FF4001269
S2140083181D714B4D4264C5644A4D012205654A4DA0
S21400832886188565494DC667C565494D494E4566F3
S214008338494D80F848208566484D80F854200567E2
S214008348474D80F860204567202580F8785080F8EB
S214008358845000F12105C0F88850424D80F86C2002
S214008368C0F88C50C0F8806080F89020C0F8944020
S214008378C0F8B8303C4B3D4CC0F8BC300223C0F8BF
S21400838898403B4C80F8C030C0F8A4400F24394BC6
S21400839880F8A840C0F8C430374B384CC0F8C8300E
S2140083A88223C0F8AC40364C80F8CC30C0F8B040D9
S2140083B80924344B344DC0F8D030344B80F8B440E0
S2140083C8C0F8D4302C7C324B80F89C20C0F8A00033
S2140083D880F8D820C0F8DC3044B12E4B80F8E42072
S2140083E8C0F8E03005F11103C0F8E8304FF0000C93
S2140083F8CA798E6802EB42039F00443006EB83037B
S21400840826F807C0586001200D349870DC701318E1
S214008418CB71FFF7C5FAFFF749FFFFF77FFE012884
S21400842806D12B7C23B1BDE8F84017482DF0F5BEE1
S214008438F8BD00BF7C6C0020CB6C0020AE5C002032
S2140084481DAE0400010020001CAE0400020020003F
S2140084581BAE040005004200030020001AAE04000C
S2140084680400420007003000FDFF21001200100142
S2140084780040420018AE040000FF440108AE0400A5
S2140084880600420034550020E066002002FF200166
S214008498CA6C002001FF100113B504460D482DF0E4
S2140084A823FE6422C0F30F43637083B2B3FBF2F378
S2140084B8A0782370202201212DF0E6FFA078212243
S2140084C801212DF0E1FF0449201D02B0BDE810404F
S2140084D82DF0A8BF7C6C0020E09304000B7870B5E4
S2140084E883704CF61E0303804FF02013C3620123EB
S2140084F880F8303080F83C30C3180364124B0446CA
S21400850843640223114A80F84830114B8263C364DF
S2140085184063CA798D6802EB420305EB830004F1D9
S2140085282C0646600B4E45F8236000238360531CD8
S214008538CB71094B201DC4E90134FFF7ADFC20467A
S214008548BDE87040FFF7A8BFFDFF2100210020000E
S2140085581EAE040001000103A1840000437B044A08
S2140085680121137000781130C0B2FFF74FBC00BF6E
S214008578B85C002038B504460078054D11302A4608
S2140085880121C0B2FFF732FC08B92B78637338BDF7
S214008598B85C0020024B53F820002EF03CB800BF11
S2140085A8FC320020012908B506D0022907D049B9AF
S2140085B82EF028F8002008BD2EF027F8FAE72EF04F
S2140085C827F8F7E7024813F0CFFC0120F3E700BFCF
S2140085D8D917040010B4054C114654F820001A4662
S2140085E8BDF804305DF8044BFFF7DCBFFC32002012
S2140085F8002310B5044683810364A0F8443048304D
S214008608FFF74AFC014BC4E9123410BD05660300A7
S21400861838B504460B781A4A43700D4642F82300CC
S214008628FFF7E6FF2046FFF7A5FF4FF44013236148
S2140086380123144A2375A261134A84F82030E261A4
S214008648124A84F82C306262114A84F83830A262E2
S21400865804F10C0222630F4A04F10D036263E3631C
S214008668EA79A86802EB420300EB830110344C60F9
S214008678094C40F82340094B8B60531CEB7138BDFE
S214008688FC320020B75C002008002000CC6C0020DC
S21400869800FF300001FF100102010104DD85000023
S2140086A810B47024427B0D48013A012904FB0200ED
S2140086B806D0022908D059B95DF8044B2DF0A2BFA0
S2140086C85DF8044B2DF0A1BF5DF8044B2DF0A0BF5C
S2140086D803485DF8044B13F047BC00BFD8180020C9
S2140086E8F5170400B0F85C302DE9F0418B420446DB
S2140086F80E4638D0437B077C8BB31C4A12789A42C6
S2140087082DD370251A4A013B05FB032390F80F80EA
S2140087181B7B42462DF08DFFB845054601D1FF2844
S2140087281FD13A463146204694F890302DF081FF06
S2140087382F460546552212216078A4F85C602DF075
S214008748A3FEFF2F03D039462046FFF7A9FFFF2DCB
S21400875809D029462046BDE8F0412DF0AABFFF25DE
S214008768DFE70746E6E7BDE8F08100BFA05C00202B
S214008778D818002041688268C978D27849B112B101
S2140087880321FFF7AFBF837B002B0CBF012102211B
S214008798F7E72AB1837B002B0CBF02210121F0E703
S2140087A8014813F0E1BB00BF06180400037BD3B1F1
S2140087B84368DA7812B18268D278A2B91B7933B1E5
S2140087C8837B002B0CBF04210521FFF78BBF836832
S2140087D81B792BB1837B002B0CBF05210421F4E702
S2140087E8014813F0C1BB704738180400084A437B99
S2140087F805211370837B5370C37B9370037CD370FF
S214008808037B137100780E30C0B2FFF7FFBA00BFC3
S214008818B95C002038B5044600780C4D0E302A4660
S2140088280521C0B2FFF7E2FA20B1BDE83840084893
S21400883813F09ABB2B7863736B78A373AB78E373E8
S214008848EB7823742B79237338BD00BFB95C0020FE
S21400885874180400024B53F820002DF074BF00BFB4
S21400886824330020F8B504460B78424A43700D4678
S21400887842F82300404E2DF084FFFFF7CBFF6268D6
S214008888A3683E483E49D6641165D4655065C3E979
S2140088981410DE64DC654FF09873022663610123CA
S2140088A804F10C01E16137491032216204F10D012F
S2140088B8A16235492376E16204F10E01616333490A
S2140088C884F82430A16304F10F012164304984F848
S2140088D83030616404F11001E1642E4984F83C30BC
S2140088E884F84830216584F85460A265E879A96858
S2140088F800EB400201EB820704F1140CC7F804C031
S2140089084FF4817C244F41F82270C218D2B202EB91
S214008918420241F822C001EB820700227A601F4A11
S21400892884F8703022661E4A84F88830A2661D4A8B
S2140089381D4BE2661D4AC4F88C3062671C4A8319D0
S214008948A26704F15C02C4F88020DBB2194A03EB84
S2140089584303C4F8842084F8646084F87C6001EBE0
S214008968830260345460144A033041F82320E871C7
S214008978F8BD00BF243300207D8700001167030080
S214008988B587000001002001020010010300300135
S214008998040030010500210101FC01064A002100FF
S2140089A820AE04005100100022AE040023AE0400DE
S2140089B8550021006F0018001200010470B50D461E
S2140089C80646144613460A460146164813F0CCFADD
S2140089D825B92046BDE87040FFF73ABC072D05D1FB
S2140089E821463046BDE8704000F000BB4FF6014314
S2140089F89D4205D121463046BDE87040FFF72ABFA4
S214008A08062D05D121463046BDE8704000F0A2B8D4
S214008A18B5F5817F05D121463046BDE87040FFF7A1
S214008A28B9BD70BDA31804000148FFF755BB00BFC9
S214008A38C58900004FF4C01330B5036001230371E5
S214008A48074B8C688360CA7902EB420304EB830504
S214008A586860044844F82300531CCB7130BD00BF3F
S214008A6824AE04000400010138B50024044D55F86E
S214008A78040B08B12DF095FE01340A2CF7D138BD49
S214008A884C330020042908B50AD172B16BB11378AB
S214008A981BB92DF0B1FE002008BD2DF0A3FEFAE7A5
S214008AA8034813F061FA0120F6E70320F4E700BF55
S214008AB8D618040010B4054C114654F820001A467F
S214008AC8BDF804305DF8044BFFF7DCBF4C330020DC
S214008AD80229024608B50ED004D839B910462DF03A
S214008AE88BFE06E04029F9D0412907D110462DF023
S214008AF879FE002008BD2DF089FEFAE7024813F03B
S214008B0833FA0120F6E700BFF618040010B4054C47
S214008B18114654F820001A46BDF804305DF8044B98
S214008B28FFF7D6BF4C330020426B094B52791A70B8
S214008B3882785A70C2789A70826B12B190F83C208C
S214008B48DA70007804210930014AC0B2FFF75EB92E
S214008B58BE5C0020024B53F820002DF073BE00BF09
S214008B684C33002038B504460078084D09302A46AC
S214008B780421C0B2FFF73AF930B96B78A370AB7826
S214008B88E370EB7884F83C3038BD00BFBE5C00204C
S214008B9838B504460078114D09302A460421C0B27B
S214008BA8FFF724F9C8B9A3782A78022B0CD004D882
S214008BB863B920462DF020FE01E0FF2B0AD02046A0
S214008BC8BDE838402DF0EDBD002AF2D120462DF044
S214008BD809FEF4E7002AF9D1EBE738BDBE5C0020B1
S214008BE8F8B504460B78284A0D4642F82300437029
S214008BF8FFF7B8FF636B254A5C631A632046FFF7E6
S214008C08C7FF20462DF0CDFD4FF480136360012387
S214008C18626BA66B0532E2601D4A23722261A21CB3
S214008C282375A26166B11B4A84F82030E261E21C13
S214008C386262194A84F82C3004F13C03A26223636A
S214008C480627EA79A96802EB4203002E21F823706A
S214008C5801EB83000CBF02230423C3700123837037
S214008C680E4B04348360531C4460DBB20C4C03EB9D
S214008C78430341F8234001EB830000234360094B7C
S214008C8802328360EA71F8BD4C330020296803007D
S214008C980340300101FF300102FF1001158B000070
S214008CA808000100BD8A000028B1034B1B788342E8
S214008CB834BF002001207047A25C002070B5002554
S214008CC80A4C0B4E3378AB4200DC70BDD4F8A420B7
S214008CD842B123791BB16079FFF7E6FF10B9104659
S214008CE82DF08CFA0135A834ECE700BFE41C002010
S214008CF8A35C002008B5427901461046FFF7D4FF6A
S214008D08A8B1CB780A48013A042B00EB82100ED89B
S214008D18012B08D81BB9BDE808402DF063BDBDE897
S214008D2808402DF069BDBDE808402DF06FBD08BDB0
S214008D38E41B002008B5427901461046FFF7B4FF49
S214008D48A8B1CB780A48013A042B00EB82100ED85B
S214008D58012B08D81BB9BDE808402DF04DBDBDE86D
S214008D6808402DF03FBDBDE808402DF04FBD08BDBA
S214008D78E41B002010B586B00446FFF7CFF901289B
S214008D8830D1E278042A2DD8DFE802F01332340313
S214008D98030061790846FFF787FF58B31648032A89
S214008DA800EB811050F80C3C58791DD1003818BFDC
S214008DB8012063784FF480728DF804304FF4827384
S214008DC8ADF806300623ADF8083001238DF80B30D1
S214008DD800238DF80A0001A8CDE903238DF8143086
S214008DE8FFF7D4F906B010BDB0FA80F04009E0E706
S214008DF80020DEE70220DCE7E41B002010B586B082
S214008E080446FFF78BF9012830D1E278042A2DD8DA
S214008E18DFE802F013133203030061790846FFF710
S214008E2843FF48B31548032A00EB811050F80C3C62
S214008E385B791DD11A1E18BF012263788DF80A20A7
S214008E488DF804304FF48273ADF806300623ADF87B
S214008E58083001234FF480728DF80B30002301A8E8
S214008E68CDE903238DF81430FFF790F906B010BD4E
S214008E78B3FA83F25209E0E70222DEE7E41B002099
S214008E8810B586B00446FFF749F9012812D1637871
S214008E98094A8DF804304FF48273ADF806304FF463
S214008EA88073CDE90223002301A804938DF81430BB
S214008EB8FFF76CF906B010BD0800070110B586B0BC
S214008EC80446FFF72BF9012820D16278104B8DF85D
S214008ED804204FF4827294F8A01094F8A1005970F8
S214008EE81870ADF8062004934FF4807202230949DF
S214008EF801A88DF81430CDE90212FFF747F994F867
S214008F08A130013B18BF012384F8A13006B010BD7C
S214008F18C25C00200800050110B58378044603B338
S214008F280379022B0AD142791046FFF7BDFE28B115
S214008F380C48013A00EB82102DF068FCA379022B4E
S214008F4802D12046FFF716FF2046FFF7B7FF022399
S214008F586078A4F86C305522BDE8104012212DF038
S214008F6893BA10BDE41B00204388094A08211380E1
S214008F788388538083681B8A938090F8A030937107
S214008F888379D37100780430C0B2FEF73FBF00BFC4
S214008F98B655002038B50D4604460178114812F03B
S214008FA8E3FF4FF602739D420ED10F4B1B782BB989
S214008FB863712046BDE83840FFF7D6BF62790AB12C
S214008FC89342F6D20123F3E7B5F57F4FF1D1204659
S214008FD82DF0B5FCA378022B0CBF01220022A36853
S214008FE89A70E6E712190400A25C0020024B53F8B8
S214008FF82000FFF7CFBF00BF7433002038B5044603
S2140090080078144D04302A460821C0B2FEF7EEFE5A
S21400901820B1BDE83840104812F0A6BF2B88638000
S2140090286B88E978A380AA88A3681A82AB7984F843
S214009038A030EB79A371094B1B780BB9637138BD67
S21400904809B19942FBD9064812F08EFF23780133FE
S214009058F4E700BFB65500202C190400A25C0020D7
S21400906855190400F8B504460B78474A0D4642F8E9
S21400907823004370FFF7C2FFA268444BD465D3644D
S214009088434B02265365434BA11C13654FF440130C
S214009098E36001236161E1623F4910322163226582
S2140090A8211D3E4AA1633E483E49626504F1A0027E
S2140090B8A061E163E265E01C611D3B4A20626164D1
S2140090C83A483B492266A21D2374237784F8283041
S2140090D884F8343084F84030A16484F84C6084F80E
S2140090E8583084F864306062A266E879AA6800EBB3
S2140090F8400102EB810704F10C0CC7F804C04FF0DE
S214009108060C2C4F42F82170C118C9B201EB410178
S21400911842F821C002EB810700217960264F84F8C7
S21400912880302767254F84F89830A767244F254B4B
S214009138E767254F84F8746084F88C60C4F89C3020
S21400914804F16C06831CC4F88470C4F890601F4F42
S2140091581F4EDBB203EB4303C4F89460C4F8887070
S21400916802EB83067034746008261A4C42F82340D3
S214009178C31CDBB203EB430302EB8304043042F860
S21400918823606160E871F8BD743300209D680300B1
S214009198E7680300218F000001FF300104FF20016B
S2140091A81000300102FF200105FF300100FF3001EA
S2140091B803FF2101070001084A00210026AE04002B
S2140091C85100100028AE040029AE04005500210006
S2140091D86F0018001200010400239B6AB3F5C04F05
S2140091E803D21968064A914203D0002303708360AD
S2140091F87047012202709A689B694260F7E700BFD1
S21400920807B0CD5E024B034A1A602EF0E8BD00BFD9
S2140092180000002002020FF073B5534B04461A787C
S2140092281AB102221A7002B070BDCDE900220028D9
S214009238F9D001261E7037F00BFE4C4D4C4B1860CB
S21400924817F094F82B785BB902F062FA40B94948EF
S2140092580823494A4949006801F0A8FE00B92E705B
S214009268474B5A6E62619B6E464AA3614FF40043B1
S214009278936603F188435968E16143499960196E1A
S2140092882160596E6160D3F87011A160196CE160B5
S214009298596C21613D49086C1864496C5964012170
S2140092A851664FF4005191661A6E560436D5384901
S2140092B8CA68D407FCD45B6E5A0434D5354AD36BD7
S2140092C813F0430FFBD1344B1A68531C31D04FF4BC
S2140092D800139340314A13660423304C68462366CD
S2140092E84FF480632366102323664FF400532366E7
S2140092F84FF0804323664FF4804301A963662DF040
S21400930836FB009B2366019B63662B78002B8AD06E
S214009318194B1A6822665B68636684E72049CA6840
S214009328D007FCD4C7E71F4AD36B13F0430FFBD113
S214009338C9E71D4B1B78002BCED14FF48072114B1A
S2140093485A661A4A52681AB94FF40011134A116637
S2140093584FF400725A66164B5B68002BBCD14FF46C
S21400936880020E4B1A66B7E7C55C0020C65C002074
S214009378BC3300204C670020C03300200071080072
S214009388008000500090005055CEAC0000C000543D
S214009398000004400000024C1867002000900044BB
S2140093A8000004500000025CC45C002000C00550A9
S2140093B80000065070B52C4D04462E78012E02D0BB
S2140093C801232B7070BD0028FCD02DF0F5FA013073
S2140093D80BD02DF0F1FA40F20113984205D0234B3A
S2140093E8234A5E66D368DE07FCD4224B22491B6EEE
S2140093F813F0040F4FF4005314BF1C4A1F4A936619
S214009408CA6B12F04302FBD121681A4B19666168D1
S2140094185966A168C3F87011E1681964216959642E
S214009428E169C80748BF9A60154B1A6801320DD122
S214009438144A127852B914494968C90748BF1A60CD
S214009448124A5268D20744BF01221A606269104B5A
S2140094585A66A2699A6616F091FF0E4B186837F09E
S214009468F2FC0023ADE700BFC55C0020009000407A
S21400947800000440008000440000024C00900050A9
S21400948818670020C45C002000C005500000065085
S21400949800800050BC33002070B50024A36AB3F5E2
S2140094A8C04F23D21A68134B9A421FD1124E3378F4
S2140094B813F0FD0518D14FF480341048FFF7ACFEC2
S2140094C8032004F0B9FC0E4B0320DC6004F098FC83
S2140094D80C4B1C61AB6ADB69984704460748FFF7E4
S2140094E869FF0CB901233370204670BD4FF48174B0
S2140094F8FAE700BF07B0CD5EC45C00209C330020AE
S21400950800A000440090004413B5204B1B7803B914
S214009518FEE700231E4CCDE900336A4608231D49A2
S214009528206801F043FDF8B91B4AD2F84031D2F85A
S21400953840211F2B4FF0010311D9203A9340019A7E
S2140095481A43019208236A461249206801F0B6FEBB
S214009558124B134A1A602EF042FC02B010BD93401C
S214009568009A1A430092EDE72D28F1D10A4AD2F85C
S2140095784031D2F840211F2B4FF0010385BF203A17
S21400958893409340019398BF0093DBE7C55C0020A7
S2140095984C6700200071080000800044000000208E
S2140095A80B020FF038B50025AB6A0446B3F5C04F7A
S2140095B810D21B6BB3F5C04F0CD20748FFF72CFE32
S2140095C8AB6A20461B6B5B689847BDE83840024884
S2140095D8FFF7F0BE38BD00BFC833002013B500241F
S2140095E8A36A0190B3F5C04F13D21B6BB3F5C04FF7
S2140095F80FD20948FFF710FEA36A01211B6B01A8CA
S2140096089B69984704460448FFF7D4FE204602B0F4
S21400961810BD4FF48174F9E7C833002070B50026F2
S214009628B36A0446B3F5C04F0D4612D21B6BB3F5AA
S214009638C04F0ED20848FFF7EFFDB36A20461B6BF3
S21400964829469B69984704460348FFF7B3FE204619
S21400965870BD4FF48174FAE7C833002070B5002651
S214009668B36A0446B3F5C04F0D4612D21B6BB3F56A
S214009678C04F0ED20848FFF7CFFDB36A20461B6BD3
S2140096882946DB69984704460348FFF793FE2046B9
S21400969870BD4FF48174FAE7C8330020F8B5002788
S2140096A8BB6A0446B3F5C04F0D46164611D21B6B6F
S2140096B87BB10948FFF7B0FDBB6A20461B6B3246F4
S2140096C829465B6A984704460348FFF773FE204618
S2140096D8F8BD4FF40174FAE7C833002070B50026C9
S2140096E8B36A0446B3F5C04F0D4612D21B6BB3F5EA
S2140096F8C04F0ED20848FFF78FFDB36A20461B6B93
S21400970829469B6A984704460348FFF753FE2046B7
S21400971870BD4FF40174FAE7C8330020F0B500278F
S214009728BB6A0446B3F5C04F0D461646ADF5177D21
S21400973820D21B6BB3F5C04F1CD21048FFF76CFD48
S214009748BB6A20461B6B40F251225B6A01A9984708
S214009758044630B10948FFF72DFE20460DF5177D63
S214009768F0BD836A32461B6B2946DB6A01A8984718
S2140097780446EFE74FF40174EFE700BFC833002054
S21400978810B50024A36AB3F5C04F10D21B6BB3F50F
S214009798C04F0CD20748FFF73FFDA36A1B6B1B6B35
S2140097A8984704460348FFF705FE204610BD0124E7
S2140097B8FBE700BFC8330020F0B58FB0044601A809
S2140097C80E461546FFF7EEFE9DF80C30012B12D11B
S2140097D8B5F5002F27D8B4F5002F24D86319B3F5AC
S2140097E8002F20D821462A46304613F06BFE002468
S2140097F820460FB0F0BD0027BB6AB3F5C04F15D2A0
S2140098081B6BB3F5C04F11D20A48FFF705FDBB6ABC
S2140098182A461B6B314620465B6B9847044605482C
S214009828FFF7C8FDE4E740F20244E1E740F201141E
S214009838DEE700BFC8330020F0B58FB0044601A8A5
S2140098480E461546FFF7AEFE9DF80C30012B1FD1CD
S214009858B5F5002F06D8B4F5002F03D86319B3F56D
S214009868002F13D940F2024420460FB0F0BDE2584C
S214009878013225D104339D42F9D82A46314620467E
S21400988800F082F80028EDD00024EDE70023F2E788
S2140098980027BB6AB3F5C04F15D21B6BB3F5C04F94
S2140098A811D20A48FFF7B8FCBB6A2A461B6B31463A
S2140098B820469B6B984704460448FFF77BFDD3E792
S2140098C840F20344D0E740F20114CDE7C833002045
S2140098D870B58EB0044601A80D46FFF763FE9DF8E6
S2140098E80C30012B22D144EA0503C3F30C03002BEA
S2140098F833D1B5F5002F04D940F2024420460EB005
S21400990870BDB4F5002FF7D82544B5F5002FF3D869
S214009918204604F5005400F029F8AC4202D000288E
S214009928F6D1E9E70028E7D00024E7E70026B36A7F
S214009938B3F5C04F14D21B6BB3F5C04F10D20A480C
S214009948FFF76AFCB36A29461B6B2046DB6B984711
S21400995804460548FFF72EFDD0E740F20444CDE75D
S21400996840F20114CAE700BFC83300204FF40032A3
S21400997808B5044B9A6637F013FDB0FA80F0400934
S21400998808BD00BF00900050134610B562B10343EF
S2140099989B070BD14FF40034054B9C6637F0FCFC54
S2140099A8B0FA80F0400910BD0120FCE70020FAE775
S2140099B800900050BFF34F8F0549064BCA6802F463
S2140099C8E0621343CB60BFF34F8F00BFFDE700BFD5
S2140099D800ED00E00400FA0570B5D0B1C9B10E4E2E
S2140099E8431E013913F8014F2046325D02F0030288
S2140099F8012A11F8012F08BF04F12000B55C05F014
S214009A080305012D08BF2032801A01D1002CE9D1A8
S214009A1870BD0120FCE700BF49D504000348044A8E
S214009A280449121A92102DF02CB800BF40610000AD
S214009A38186300001064002008B5154B83F30A88E5
S214009A4800F030F8FFF7EAFF124B13498B4212D3A7
S214009A580020124B12498B4218D3FDF763F9186899
S214009A6850F82240586840F82240013298688242EE
S214009A78F5D30C33EAE70022F8E71C6844F822001E
S214009A8801325C68A242F8D30833E4E70022F8E71C
S214009A980800002094110500A0110500A01105007B
S214009AA8A01105004FF40041134B144A70B59A6094
S214009AB8D3F88820124D42F47002C3F88820114A61
S214009AC805F5005491664FF0FF3222664FF6DF72B6
S214009AD862660222C3F8D020BFF34F8FBFF36F8FA2
S214009AE84FF44036032004F0A7F90320E66004F09C
S214009AF887F92E6170BD00BF00ED00E00060000031
S214009B080080004400900050054B1860054B1B6F02
S214009B1803F00703032B01D135F040BA704700BFA6
S214009B2828670020008000502DE9F04104464FF0D9
S214009B3801080C250D4E0CB9BDE8F08194FAA4F086
S214009B48B0FA80F00F2808FA00F2C8BF103824EAE6
S214009B580204CABF05FB006205FB0062B432576800
S214009B68002FE8D09168C0B2B847E4E7E833002091
S214009B7808B50C4837F08DF9192004F04FF928B1CC
S214009B88192004F059F9192004F03AF91A2004F0BB
S214009B9845F928B11A2004F04FF91A2004F030F9D4
S214009BA8002008BD2CB004002DE9F0410E461746EB
S214009BB8054618B30F2923D80378DBB1013BDBB27F
S214009BC8022B19D8104AD35C6A78D340DB0717D51E
S214009BD80E4BD3F81043ACB937F03AF980463A46FC
S214009BE82846314603F064F8404637F02CF92046FC
S214009BF8BDE8F0817F23E7E70023E5E72224F6E7C0
S214009C082124F4E70224F2E77CAE040000C00350E7
S214009C1810B5044610B30378E3B1013BDBB2022B60
S214009C281AD8104AD35C6278D340DB0718D537F0C9
S214009C380FF90122617823788A4030214B4341F29C
S214009C48100103F1A04303F570335A5037F0FBF8C0
S214009C58002010BD7F23E6E70023E4E72220F8E78C
S214009C682120F6E77CAE040010B5044610B303784E
S214009C78E3B1013BDBB2022B1AD8104AD35C6278F8
S214009C88D340DB0718D537F0E3F80122617823784C
S214009C988A4030214B4342F2100103F1A04303F5FA
S214009CA870335A5037F0CFF8002010BD7F23E6E710
S214009CB80023E4E72220F8E72120F6E77CAE04003C
S214009CC838B50D46044618B311B30378E3B1013B23
S214009CD8DBB2022B1AD8104AD35C6278D340DB0773
S214009CE818D537F0B5F830222378534303F1A0434C
S214009CF803F570335B696278D34003F001032B7079
S214009D0837F0A1F8002038BD7F23E6E70023E4E714
S214009D182220F8E72120F6E77CAE04002DE9F04182
S214009D280D4616469846044600284FD000294DD0C2
S214009D380178002940D04B1EDBB2022B3ED8254ABC
S214009D48D25C6378DA40D20701D4FF2940D1022ECC
S214009D5801D9042E3CD137F07BF823780746FF2B31
S214009D6805D032462046296802F0E8FF28602B68AE
S214009D78013309D12378FF2B06D1174B6078D3F827
S214009D8824142DF04FFC286029684B1C18D00C238F
S214009D98124A03FB0122069BC2F8048093602378CC
S214009DA8FF2B04D001230E4A8B40C2F824343846D1
S214009DB837F049F8002007E07F22C2E70022C0E714
S214009DC8384637F040F82D20BDE8F0812220FBE722
S214009DD82120F9E77CAE040000C00350E8330020D9
S214009DE800D0035008B502F059FF054B00F0553077
S214009DF820F05020C3F82004BDE80840FFF794BEC2
S214009E0800E0035008B502F049FF054B00F0AA3001
S214009E1820F0A020C3F82004BDE80840FFF784BE61
S214009E2800E003502DE9F04F144605460E469B46C3
S214009E38C36B87B001225B6902A960689847EB6B21
S214009E4801225B6903A93046984702A82DF018FA44
S214009E58074648B10023A37563754FF0FF33A36028
S214009E68002007B0BDE8F08F03A82DF016FA0123EE
S214009E78A375237E04EBC303DE611F846368B342C5
S214009E880ED1206003A82DF02AFA4FF0FF33207574
S214009E98A360237D043B022B26D80023A375DFE7A7
S214009EA823681A1A53425341A37503A82DF017FACC
S214009EB8237D834218BFA77503A82DF0F2F907463D
S214009EC802A82DF0EEF9874218BF002303A818BF92
S214009ED8A3752DF0EEF9074602A82DF0EAF9874299
S214009EE81CBF0023A375D4E703A82DF0DAF980B1C8
S214009EF8EB6B022230465B6904A9984704A82DF04C
S214009F08DFF90346207D032839D8DFE800F0383823
S214009F18040903A8F3E7CC22237E04EBC3031A84C0
S214009F2801F06EFC109B187003A8277E2DF0ADF983
S214009F3804EBC70787F82200237E03A804EBC303B5
S214009F48B3F8209093F822702DF0ABF9804603A85A
S214009F582DF0AFF98246B8F1000F15D0EB6B022250
S214009F6830465B6904A9984704A82DF06EF9607519
S214009F78637D6BB90023A3754FF0000838E0227E96
S214009F8804EBC2021384CBE703A82DF049F9EEE7E9
S214009F9894F81680B8F1000FEED0B9F1000F09D189
S214009FA8DFB10123E375637E002B4FD1012F42D129
S214009FB8677614E06B6C06EB0A015A4286EA0100E3
S214009FC810421CBF0022A2755A1E0A409B1A9945C9
S214009FD8D0D8A37D002BE3D1CEE7E37D43B94FF07D
S214009FE800084B465246314628462CF094FEA060A0
S214009FF8A27D12B123694B4423611A49237E09784E
S21400A00899422AD901332376BBF1000F27D032B301
S21400A018E37D23B3B8F1000F21D1032F1FD0A16829
S21400A0284B1C1CD0109B2246009328460123FFF7A2
S21400A038F9FEA07513E095F8343063B9EB6A01337E
S21400A048CFD1032FCDD10123A376C8E7012FCFD0D8
S21400A058032FC4D1F7E79846C3E70023A375A07D6E
S21400A068FFE600BFA0AE04002DE9F04F0E46984666
S21400A07800238BB004464FF0FF31104617468DF884
S21400A088133001F0A7FBB6F5801F20D2314605AA8B
S21400A09804F108002DF046F8451C014603D1237C40
S21400A0A8BBB92D2010E0384601F094FB0122394652
S21400A0B820460DF113032CF080FE0028EFD09DF803
S21400A0C8133088F8003000200BB0BDE8F08FB01CC5
S21400A0D8E5D1E56A691C36D12046616A2CF061FD37
S21400A0E80546B31C18BF0123DFF8CC900193636ABA
S21400A0F8626C0293236805A902FB053AE36B052206
S21400A1085B695046984705A82DF055F92DF078F963
S21400A11850462DF080F94FF0000B824601464B1C46
S21400A12805D0636C81EA0A025B42134211D02946C5
S21400A13820462CF036FD029BAB422CD0BBF1000F1C
S21400A1482CD10546D3E72368ED1A636CB5FBF3F507
S21400A158C7E7484601F03EFB0DF113034946204683
S21400A168019A2CF02AFE034690B1B21C03D0D9F807
S21400A1780020B2420CD19DF8132003930D4B88F8AB
S21400A188002049461A68384613F09CF9039B9B46FC
S21400A198D9F80810C3E7BBF1000F82D0B6F5801FC8
S21400A1A891D2314698F800307A6804F1080001F038
S21400A1B83FFA88E79CAE0400C43B00202DE9F34133
S21400A1C80446174698460E46184D816AE36A8B423F
S21400A1D801D04B1C02D102B0BDE8F081284601F040
S21400A1E8F9FA0122294620460DF107032CF0E5FD71
S21400A1F838B14346294620469DF80720B847002828
S21400A208E9D0A9684A1C04D1696820462CF056FD96
S21400A2180146012EDAD16B6881EA0302636C5B4261
S21400A2281A4218BF4FF0FF31D0E700BF983B002016
S21400A2382DE9F04F4FF0FF334FF6FF720025044626
S21400A24800F10806C0E909238BB0C36205620563FE
S21400A258304688462CF037FF20462CF072FC60BB50
S21400A268204641462CF0EDFC20462CF06AFC60BBEC
S21400A2785E200BB0BDE8F08F2368E26B606C576910
S21400A28800FB0530052205A9B84705A82DF093F868
S21400A298012807460CD1294620462CF0A3FC012F9E
S21400A2A8024600D10132294620462CF069FC03E01C
S21400A2B82DF0ABF80028EED10135E3699D42DBD3DB
S21400A2C820462CF03EFC0028CAD000254FF0FF3967
S21400A2D84FF6FF73CA46A846C4E90853E36998458B
S21400A2E80AD3A5EB0905012D2CD84FF6FF72636A31
S21400A2F893423CD16720BCE72368E26B606C5769E1
S21400A30800FB0830052205A9B84705A82DF053F824
S21400A318834605A82DF026F8074658462DF070F80F
S21400A32868B1574538BFC4F82480B94528BFB94630
S21400A338BD4238BF3D46BA46236A0133236208F158
S21400A3480108CBE74FF6FF7300256362E3699D4279
S21400A358CBD2676C2068E36B052207FB05005B69B8
S21400A36805A9984705A82CF0FDFF0135EEE7E26B36
S21400A378676C2068694607FB030055690522A847ED
S21400A38868462CF0EFFF626A2368606C4B4D00FB52
S21400A39802302DF040F84FF0FF33A062E3622A4601
S21400A3A86FF00101204605ABFFF75EFE002846D198
S21400A3B8AD6829462046E5622CF09FFB206320B94D
S21400A3C82046E16A2CF07AFCE062294620462CF00A
S21400A3D875FC0546A36A9D4233D120462CF060FBE7
S21400A3E800278046B946E36999453CD3B84559D90C
S21400A3F82046616A2CF0D5FB0026054604F1400A83
S21400A408B74212D8626C2368694602FB0539E36BCB
S21400A41805225B694846984768462CF0A3FF5346D2
S21400A42802464946E06B2CF0F8FF294620462CF0F9
S21400A438B8FB0136B0450546E2D1642019E7A56A9F
S21400A448B7E7294620462CF058FB236B29460344D9
S21400A4580746236320462CF031FC0546002FB9D169
S21400A468C4E90B07B6E7636C2568052203FB0955A4
S21400A478E36B05A95B692846984705A82CF09BFF5F
S21400A4882CF0BEFF58B128462CF0C5FF01462046E2
S21400A4982CF033FB636C143B984208BF013709F174
S21400A4A80109A0E730462CF00EFE00232046194688
S21400A4B8034AFFF783FE0020DBE600BFF03B0020E0
S21400A4C8B16D03002DE9F041036B9046826B076877
S21400A4D89A4288BF8363426C436A90B002FB037754
S21400A4E8C36B0E46052201A95B69044638469847A1
S21400A4F801A82CF060FF01280146307057D0656C23
S21400A508E26B2368606AD2F814C005FB00300522A7
S21400A51806A9E04706A82CF04EFF01284FF00005D4
S21400A52823D0D4E90A3201219342CDE90B458DF8B0
S21400A53834800E958DF83C102AD1194620462CF00A
S21400A548BDFB236B626C14339B1AE06223630C9B7F
S21400A55853B99DF83C303BB1626A616C2368E06B86
S21400A56801FB02312CF0DFFE0C9DE36B05225B69D4
S21400A57801A93846984701A82CF01DFF30702846D8
S21400A588236BA26B9A4288BFA36310B0BDE8F08124
S21400A598237C33B91C490BAA04F1080001F096F88D
S21400A5A8D5E72046194A0BABFFF708FECFE7237C12
S21400A5B823BB2246164904F1080001F087F8616AB1
S21400A5C820462CF00FFB616A421C20462CF0D8FA75
S21400A5D8054620B9236B626C1344143B236320465C
S21400A5E8A16A2CF06BFB2368A062C01A636CB0FBF0
S21400A5F8F3F0606220462CF0A4FBB6E70023204662
S21400A608044AFFF7DBFDDAE771AD0000EDAC0000A9
S21400A6184B6E0300E76D030073B50D46D11E4A4224
S21400A6281C461B7E4A419A4226D1296823689942CD
S21400A63822D3636899421FD8114E0DF1070332469C
S21400A648FFF712FDC0B972686B689A4214D19DF87C
S21400A6580730DA1E53425341227E93420CD1636977
S21400A66801336361D4E90323934205D22968A268BB
S21400A67842F8231001332361012002B070BD00BFE9
S21400A688F03B00202DE9F04F9B4689B09DF84830F6
S21400A6989046514A0193136907465B450D46C0F03C
S21400A6A89580D94653680093B9F1000F7BD0FB6BB1
S21400A6B801225B6905A90098984705A82CF0EDFDCE
S21400A6C8454B1B68984240F0848005A82CF0F1FDA5
S21400A6D80428064615D105A82CF0F2FD009B044672
S21400A6E81E44019B002B3ED1804512D91C46A8EB80
S21400A6F80008384600992CF0E1FAA9EB0409009006
S21400A708D2E7FB6B02225B69009806A9984706A861
S21400A718E2E7A0EB08045C4528BF5C46032C4644E9
S21400A728ABEB040B1DD9FB6B294630465B69A208C8
S21400A738984724F0030304F0030A1E441D44DDF87A
S21400A7480480BAF1000FD4D0FB6B012206A930466C
S21400A7585B6998475246284606A912F0B3FE554448
S21400A768C7E7A246EBE7824600F0030302932B18DE
S21400A77803930644039BA6EB0A00A3EB0A05029B79
S21400A7889A4514D1BAF1000FB3D0FB6B012206A983
S21400A7985B6998475246284606A913F04FF80028E2
S21400A7A8DDD04FF03609484609B0BDE8F08FFB6BA0
S21400A7B8012206A95B6998470422284606A913F0D1
S21400A7C83DF80028EDD1AAF1040AD3E74FF0630953
S21400A7D8E9E74FF06F09E6E71C3C00202DE9F04159
S21400A7E80F4616469846044688B060B390F834502C
S21400A7F8FDB101212CF09AF900210E9BCDE9051137
S21400A808CDE902379DF83C30CDF804808DF81C3031
S21400A818237C04968BB90D4901AA04F1080000F0C0
S21400A82855FFDDE90553E06B002E08BF1D462CF0EA
S21400A83816FB284608B0BDE8F0812046044A01AB5E
S21400A848FFF7BCFCEDE70546F3E700BF156E03000F
S21400A85821A600007FB590F84260044601920DF1EB
S21400A8680B030A46304611492CF001FB012E05461B
S21400A878E36B17D132465B6903A998479DF80B101E
S21400A888039B019A59B19BB243EA02430122284628
S21400A8980393E36B03A99B69984704B070BD62F302
S21400A8A80F03F3E701229B6901A9F5E71C3C00208A
S21400A8B82DE9F04F99B00E460D920A69416C0B933C
S21400A8C81439D31DB3FBF1F3013302EBC302036B58
S21400A8D804469342C0F001820023DFF804940893EC
S21400A8E8E36A48461946059300F074FFD6E903372D
S21400A8F807930B9B022B4DD1CC2F40F0D7810D9B95
S21400A9083BB1314620462CF008FB656C14900120BC
S21400A91844E00120079B656C1B68149300F0010057
S21400A92800280CBF04230823782F0E9349D8059ACD
S21400A9386B1E1340ED1A3B1D9D423CD2002F3DD0A6
S21400A948082D3ED80023042506934FF0040A3368E2
S21400A95806990B98C9F80030C9F810702CF0C3FC9B
S21400A9684FEA9A030F93059B89F814000393002374
S21400A97809930C9304930A93616C039B4A1E1A402E
S21400A9888B1A27B35544AB4223D8236B5B1A134460
S21400A99823632FE1782F656CB9D8F07D0D9B002BCB
S21400A9A8BCD0E36B01225B69706816A9984716A8A5
S21400A9B82CF077FCB4E700250695C6E7042506972D
S21400A9C8C3E7012300254FF0080A0693BFE753455F
S21400A9D8DBD3A3EB0A029742039BB84628BF9046F0
S21400A9E89742534428D90122D9F8101089F817201D
S21400A9F88F4226D10399C9F80410049299F81720B3
S21400AA080AB399F818100398CA1C09EBC2025060DA
S21400AA1804980131A2F80880907289F81810B8F1E5
S21400AA28000F07D00B9A022A40F08180099A72B16B
S21400AA38012209929B46ABE0049A002A18BF03221B
S21400AA48DBE70222D9E7039AC9F80420E7E70C9A5D
S21400AA584244032AEED9E26B1846956914A90122E6
S21400AA680993A847099B05460028E1D03D2D40F0EC
S21400AA781E8104F1080303932368059A606CA2EB11
S21400AA88030ABAFBF0FA00FB0A302CF0C4FCE16AB1
S21400AA98804620462CF012F9A26A824200F00F8106
S21400AAA8626CD9F80830511E0B40216B2768891A4A
S21400AAB80B442363089BE062DF1BB7FBF2F7BA453B
S21400AAC840F0FA80059BB3EB080A12D0E36B4FEA16
S21400AAD89A0241469B6998478346E36A059A534417
S21400AAE8E362236B03989B1A434423632CF0EBFA28
S21400AAF8DA462368616CE06B01FB07312CF000FC3A
S21400AB0820462CF01EF820462CF01BF92063BAF1DC
S21400AB18000F00F0D4803269616CD31D1439B3FB82
S21400AB28F1F3013302EBC3029042A5D2BFE00D9ABF
S21400AB38002A77D1B8F1030F4FEA98026ED9E16B75
S21400AB4818468D6907991093A847109B0546C0B903
S21400AB5818F0030515D0079A28F0030B02EB0B0133
S21400AB689B444FF0FF3215A815922A46109312F010
S21400AB78A9FCE26B5846956915A90122A84705461F
S21400AB88109B9B46079A42440792002D40F08B8004
S21400AB98049B16A80193069B009399F81420434635
S21400ABA8316800F0CDFDE36B0F9A9B69039816A9F0
S21400ABB89847039A051E089B18BF134608934346F2
S21400ABC85246204603992CF0A6F8236B08F1030298
S21400ABD8A3EB0A0322F003029B1AC9F808002363B2
S21400ABE8002D7FF443AF0C9BA7EB080743440C9358
S21400ABF8CDF80CB0204603992CF060F80025039099
S21400AC08002F7FF4B9AE364A3168936804F108001D
S21400AC18E36252680B9B00F00BFD49E09B464546F5
S21400AC2807999EE79B4606F120021092F27D70680F
S21400AC38A2B1002296F818C00A99D5B2AC4511D927
S21400AC48109D02F1010E35F832508D4228D90E9823
S21400AC5806EBC2020144D069084403E00E9A0A993A
S21400AC680A441044E26B15A9556901221193A847B6
S21400AC78159A0A9B1392E26B04339569584601228B
S21400AC8813A90A93A847119B054603EB0802A2EBF3
S21400AC980B02042A7FF679AF28B90BF1040BC5E737
S21400ACA87246491BC9E7CDF820B088E770252F46BD
S21400ACB8384619B0BDE8F08F4FF0000A19E7326938
S21400ACC8616CD31D1439B3FBF1F3013302EBC302F5
S21400ACD8236B9342BFF404AEE9E71C27E8E700BFFE
S21400ACE8C43B0020032A2DE9F34106460D461746C5
S21400ACF81C4606D1237A012B23D0012002B0BDE8DA
S21400AD08F081DFF86080096842460DF10703FFF717
S21400AD18ABF960600028EDD19DF80720237A032A56
S21400AD28E8D0D8F804106A689142E3D1012B296963
S21400AD38D4F80CC007D172690CEB0103934202D910
S21400AD482074207CDAE708316144E1603B46012242
S21400AD5829463046FFF7ACFD60600028CAD00020C0
S21400AD68CCE700BFF03B00202DE9F341089C032AFE
S21400AD781746266806D1237A012B24D0012002B074
S21400AD88BDE8F081DFF89080304642460DF10703B3
S21400AD98FFF76AF960600028EDD12568D8F8040046
S21400ADA8A96AD5F844C04840CCF100031840227A76
S21400ADB8E1D1012A09D1E268D8F810301344726943
S21400ADC8934202D92074207CD9E72868EB6A1B1ABC
S21400ADD8081AB3FBFCF3B0FBFCF083420BD1706C93
S21400ADE8F36A421E1340326B121A13442846336322
S21400ADF82BF064FFE862D8F81020E36808321344A2
S21400AE08E36001223B4604492068FFF751FD606075
S21400AE180028B0D00020B2E7F03B00202DE9F04132
S21400AE280025604B0E46D3F8008004461D6018B90E
S21400AE3821252846BDE8F08190F8347007B30A68E3
S21400AE4803689A4240F0A3804A6843689A4240F0F2
S21400AE589E808A6883689A4240F09980CA68C36868
S21400AE689A4240F094800A6943699A4240F08F807B
S21400AE788A69C36B9A4240F08A804B698361D8E737
S21400AE8868223946856B12F08DF9D6E902123368C6
S21400AE9804F1080023607368A5636360336963611F
S21400AEA87369A3612CF021F9B36904F14000E363E8
S21400AEB89B68984720B9676C17B16368B3FBF7F7C8
S21400AEC894F84330E761002BB2D00023656C236604
S21400AED8002D64D0002F62D02368B3FBF5F205FB83
S21400AEE81233002B55D16668B6FBF5F305FB1363E2
S21400AEF8002B4ED120462BF0F0FDA3690433034403
S21400AF089E4248D340F634726369CC3B934244D899
S21400AF18B5F5805F43D3032120462BF007FED4E91E
S21400AF280001E36B1B6898470546E36B0220DB6865
S21400AF389847CDB941462046FFF77AF96428054672
S21400AF4804D141462046FFF773F90546666C5DB99D
S21400AF58236A2046143E5E432BF0BFFDA3690433E4
S21400AF6803449E4238BF5A25002D0CBF01230023F8
S21400AF7884F8343007D1D4E900010B4A136801334A
S21400AF8813602CF04CF9E06B2BF069FF51E75D2558
S21400AF984FE759254DE75A254BE75F2549E75B25D7
S21400AFA847E700BF54350020503500202DE9FF4103
S21400AFB80C4616461F46054680B390F834307BB3D9
S21400AFC8B1F5801F2ED2DFF8608001212BF0AEFD90
S21400AFD82146424628460DF10F03FFF745F804467A
S21400AFE870B99DF80F30012B11D1D8F81030BB423C
S21400AFF812D10246009031462846FFF743FB044626
S21400B008E86B2BF02CFF204604B0BDE8F081022B3D
S21400B01814BF2D246024F3E76324F1E72124F2E724
S21400B0281124F0E72924EEE71C3C00202DE9F04324
S21400B03885B00C4617461E460546DDF8308098B3A0
S21400B04890F8343093B3B1F5801F31D2DFF86490AE
S21400B05801212BF06BFD21464A4628460DF10F03C9
S21400B068FFF702F8044688B99DF80F30012B14D173
S21400B078D9F8102006EB08039A4213D300904346EB
S21400B088324639462846FFF7FDFA0446E86B2BF0A9
S21400B098E6FE204605B0BDE8F083022B14BF2D243B
S21400B0A86024F3E76324F1E72124F2E71124F0E7AC
S21400B0B82924EEE71C3C002073B50C4616460546C8
S21400B0C830B390F834302BB3B1F5801F24D2012169
S21400B0D82BF02CFD21462846104A0DF10703FEF7F3
S21400B0E8C3FF044680B99DF80730032B0CD0022B0B
S21400B0F80CD1284609492BF010FF3060E86B2BF07E
S21400B108AEFE204602B070BD2D24F7E76124F5E7B1
S21400B1182124F6E71124F4E72924F2E71C3C002052
S21400B1282DE9F3411E4600230C46174605463360B4
S21400B13850B390F834304BB3B1F5801F28D2DFF8FF
S21400B148548001212BF0F2FC2146424628460DF198
S21400B1580703FEF789FF0446A0B99DF80730032BBE
S21400B16810D0022B03BF01233B600423D8F810300D
S21400B17818BF38603360E86B2BF071FE204602B0CB
S21400B188BDE8F0812D24F6E72124F7E71124F5E73A
S21400B1982924F3E71C3C002073B50446056B2BF006
S21400B1A89CFC636E03449D422CBF0023012385420A
S21400B1B894BF00252D1A207C84F85030656584F8E5
S21400B1C85800A8B100230C4E1A4619462046009689
S21400B1D82BF067FF002305461A46194620460096B8
S21400B1E82BF068FFE3682844984294BF0020C01AF2
S21400B1F8E06502B070BD00BFFFFF0F002DE9F34702
S21400B2081E4643690446B342884617469DF828906A
S21400B2184ED300258DF8075020462BF05EFCD4F858
S21400B22830A082450AD2236AB5EB430F06D2002225
S21400B23820460DF10701FFF745F9B8B39DF807302A
S21400B248012B05D1002220460DF10701FFF73AF938
S21400B258B9F1030F06D0314620462BF02EFC256B9D
S21400B268854227D3144D4FF0FF31284600F0B2FA36
S21400B2784B46294600222046C5E90376C5F80080D5
S21400B288FFF716FB236E054663B12046FFF784FFDB
S21400B29894F8503013B994F858301BB1236E04F163
S21400B2A850009847284602B0BDE8F0870135B3E756
S21400B2B86225F7E71C25F5E7F03B00202DE9FF415E
S21400B2C80F4690461E46054698B390F8343093B31A
S21400B2D8B1F5801F31D21A4C02212BF027FC2246EA
S21400B2E8394628460DF10F03FEF7BEFE024678B132
S21400B2F8012342460093394633462846FFF77EFF29
S21400B3080446E86B2BF0ABFD204604B0BDE8F081A0
S21400B3189DF80F30012BEBD12169B142E8D100939B
S21400B328414633462846FFF7ADF904460028DFD1E4
S21400B338E7E72124E8E71124E6E72924E4E700BF45
S21400B3481C3C00202DE9F04790F8423086B0012BCF
S21400B35805460391A1EB020740F0AA80FF2F03D809
S21400B3681E464FF0640807E00226012B14BF4FF074
S21400B37832084FF06408013600244FF6FF79DFF8EC
S21400B38844A195F84230012B14BF322364239C4213
S21400B39802D35FFA88F40DE005AB224651462846EC
S21400B3A82BF099FD95F84230012B059B34D14B457F
S21400B3B82DD1E4B295F84230012B14BF3222642214
S21400B3C8121BB24217D3012E39D10022012B059742
S21400B3D88DF8132027D1082205A90DF113002CF0AB
S21400B3E836F89DF81330059A42EA03222146284685
S21400B3F8FFF730FA40B10223324900932846CC239F
S21400B408096803AAFFF7FAFE06B0BDE8F087DBB2C4
S21400B41803B902340134B4E7591CCAD09BB2002BD6
S21400B428F8D10134F6E7102205A90DF113002CF027
S21400B4380EF89DF81330059A42EA0342D6E7039AB7
S21400B448012B059223D10823202205A90DF113000C
S21400B4588DF813302BF0FBFF9DF8132012022146BF
S21400B4682846FFF7F7F995F84230611C012BC9B258
S21400B4781AD10028BFD12846BDF81420FFF7EAF9EC
S21400B4880028B8D10234BDF81620E1B2AFE7102381
S21400B498202205A90DF113008DF813302BF0D7FFE5
S21400B4A89DF813201204DAE70028A4D1059A9EE72F
S21400B4B8B7F5803F4FF00106BFF457AF4FF032089C
S21400B4C85AE700BF1C3C002070B586B00E460546FD
S21400B4D80392A0B390F834309BB3B1F5801F32D2F4
S21400B4E802212BF023FB31462846184A0DF1170394
S21400B4F8FEF7BAFD044618B99DF81730032B0ED18F
S21400B5080223314600932846CC2303AAFFF776FE8B
S21400B5180446E86B2BF0A3FC204606B070BD022B51
S21400B5280BD10A4928462BF0F8FC039902468142BB
S21400B538EFD02846FFF706FFEAE76124E9E721246B
S21400B548EAE71124E8E72924E6E700BF1C3C0020C8
S21400B558F7B50C461646054668B390F8343063B31C
S21400B568B1F5801F2BD202212BF0E0FA214628469F
S21400B578144A0DF10703FEF777FDC0B99DF80730AA
S21400B588032B14D0022B14D10E4928462BF0C5FCE9
S21400B598471C024639462846FFF7D4FE044606B13D
S21400B5A83760E86B2BF05BFC204603B0F0BD2D241B
S21400B5B8F7E76124F5E72124F6E71124F4E72924C0
S21400B5C8F2E700BF1C3C002030B50C46054685B0A7
S21400B5D828B390F8343023B3B1F5801F23D2022164
S21400B5E82BF0A4FA0DF10F03214628460F4AFEF762
S21400B5F83BFD034688B99DF80F20032A0DD0032289
S21400B6082146009202462846FFF7F8FD0446E86BF6
S21400B6182BF025FC204605B030BD2D24F7E7212465
S21400B628F8E71124F6E72924F4E700BF1C3C0020BD
S21400B6382DE9F043466886B3056898464FF0000C37
S21400B648A946AE4655F83C400CF1010CC4F3130766
S21400B658013401D0B94217D0B4450EF1080EF1D125
S21400B6682F46002403E0B44207F1080712D055F825
S21400B678343001340133F6D1C1F3130141EA0851DD
S21400B688C7E90012BDE8F08341EA0851CEE9001286
S21400B698BDE8F083B8F1030F03D101230372BDE8B8
S21400B6A8F083002303E0B34209F10809F5D055F802
S21400B6B833400133C4F30754032CF4D1C1F3130306
S21400B6C843EA0853C9E90032BDE8F0832DE9F041A2
S21400B6D80646406882B0B8B10F46904600243368E4
S21400B6E853F8345003EBC403C5F30752C5F31301EC
S21400B6F8013506D05B683046CDF80080B84718B1EB
S21400B708706801348442EAD302B0BDE8F08100BF15
S21400B718024B1968024B1868FFF780BB2C6700209D
S21400B7284C67002008B535F086FB014B186008BD4D
S21400B738483C0020014B186835F078BB483C002090
S21400B74873B504462248012A00EAC1119DF818502C
S21400B75823F07C4007D9961E012E28D9073303F01C
S21400B7687F03194308E09DF81C300A43DB0603F004
S21400B778C053134343F060410023C4E900108DF81A
S21400B7880730B5B1202221460DF107002BF05FFEE9
S21400B7981A220DF10700211D2BF059FE08206368B8
S21400B7A89DF8072043EA8263636002B070BD1143C8
S21400B7B8E2E71B220DF1070021462BF048FE23681E
S21400B7C89DF80720042043EAC2632360EDE700BF24
S21400B7D880FFFF0738B5094B0D461A680021044656
S21400B7E811F0E0FC00234FF0FF322383C4E9002564
S21400B7F82361A260E382A37638BD00BF9CAE040036
S21400B8080138C0B205289ABF014B185C0120704762
S21400B818A1AE04002DE9F0410746154600240E4661
S21400B828596888B0490A012922464FEA510104F1AD
S21400B8380104F8D8DC78997824031B88C90201F437
S21400B848006104F480540C43C3F30A0352032344F0
S21400B85892B24FF000089C18274B6FEA04440393F3
S21400B86825F07843ED4302A90DF107001B22029349
S21400B8788DF807802BF0EBFD9DF80720029B02A9A8
S21400B88843EAC2630DF107001B2225F078450493AE
S21400B89802958DF807802BF0DAFD9DF80720029BAD
S21400B8A86FEA144443EAC26305934FF0FF330794E4
S21400B8B8069307A9BB69012206F110009847BB69E1
S21400B8C805A90446012206F108009847BB694045C9
S21400B8D818BF044604A90122301D98470122404596
S21400B8E818BF0446BB69304603A99847404508BFB9
S21400B8F8204608B0BDE8F08101009AB2044BD3F8A0
S21400B9088420D206FBD4D3F88400C0F38110704795
S21400B9180040005038B5184B0546D3F824010C46AD
S21400B92800F00700062823D8DFE800F0040A121AF9
S21400B9381E0E1600012305B1286004B1236038BD29
S21400B94833F00CFB0523F6E733F008FB0623F2E793
S21400B95833F03EFB0323EEE733F03AFB0423EAE733
S21400B96833F032FB0223E6E735F078FA0723E2E7FE
S21400B97800231846DFE700BF0080005038B5104B9C
S21400B9880546D3F800310C4603F00303022B0BD010
S21400B998032B0DD0012B0FD133F01AFB032305B16F
S21400B9A8286004B1236038BD33F018FB0823F6E797
S21400B9B835F054FA0723F2E701230020EFE700BF2B
S21400B9C80080005038B5104B0546D3F820310C4699
S21400B9D803F00303022B0BD0032B0DD0012B0FD142
S21400B9E833F0BCFA052305B1286004B1236038BDDE
S21400B9F833F0EEFA0323F6E733F0E6FA0223F2E72B
S21400BA0801230020EFE700BF0080005038B5104B38
S21400BA180546D3F840310C4603F00303022B0BD03F
S21400BA28032B0DD0012B0FD135F01AFA092305B1D7
S21400BA38286004B1236038BD33F0D0FA0823F6E74F
S21400BA4835F011FA0B23F2E701230020EFE700BFD9
S21400BA580080005038B5104B0546D3F860310C46C8
S21400BA6803F00303022B0BD0032B0DD0012B0FD1B1
S21400BA7835F0F6F9092305B1286004B1236038BD0E
S21400BA8833F0ACFA0823F6E735F0EDF90B23F2E7C6
S21400BA9801230020EFE700BF0080005073B50D4675
S21400BAA800210E4B0191D3F88041064604F00304AA
S21400BAB8012C09D0022C0CD00C460EB1019B336029
S21400BAC805B12C6002B070BD01A8FFF77BFF0F24FC
S21400BAD8F3E733F079FA0190EFE700BF00800050F3
S21400BAE838B5104B0546D3F840320C4603F003032E
S21400BAF8022B0BD0032B0DD0012B0FD135F0B0F94C
S21400BB08092305B1286004B1236038BD33F066FA0E
S21400BB180823F6E735F0A7F90B23F2E700231846C3
S21400BB28EFE700BF0080005038B5144B0546D3F841
S21400BB3800020C4600F0070004281BD8DFE800F0D7
S21400BB4803090D111500012305B1286004B123600F
S21400BB5838BD35F085F90923F6E733F03FFA0823B0
S21400BB68F2E735F080F90B23EEE733F017FA0E23E9
S21400BB78800AE9E700231846E6E700BF0080005081
S21400BB8810B40D4C0B46D4F8204204F00304012CE4
S21400BB980AD0022C0CD008B1002101600BB100229B
S21400BBA81A605DF8044B70475DF8044BFFF70ABF50
S21400BBB85DF8044BFFF72ABF00800050B0F5207FE1
S21400BBC81FD009D8B0F5007F15D003D868B1B0F5F6
S21400BBD8C07F0AD000200CE0B0F5607FFAD10B4B8E
S21400BBE8D3F88000C0F3011003E0084B186FC0F3C9
S21400BBF8033001307047054BD3F89000C0F304605B
S21400BC08F7E7024B186FC0F38020F2E70080005079
S21400BC184FF400320E4B014610B500209A66FFF727
S21400BC28CDFF484341F671320A490B4B884294BF10
S21400BC3800200120DC69DA639A6822F4401242EA9E
S21400BC4800529A60E20344BF0022DA6310BD00BFC8
S21400BC5800900050005A6202000003505F2898BF08
S21400BC68094B4FEA501294BF53F82230074B00F0A6
S21400BC781F0029B103F58053012282401A607047DD
S21400BC8803F50053F8E700BFA8AE04006082005032
S21400BC981FB50021B0F5807F0446019100F00681AB
S21400BCA800F29D80612800F295801F2805D800289C
S21400BCB840F0928033F072F9DCE0A0F12004412CC9
S21400BCC800F28A8001A353F824F000BFBDBC000030
S21400BCD881BE0000BDBC000081BE0000A1BE000001
S21400BCE8A1BE0000A1BE0000A1BE000081BE0000EB
S21400BCF881BE00005BBE000015BE0000D7BE000077
S21400BD08E1BE000015BE000081BE000081BE000036
S21400BD1881BE0000E1BD0000E1BD0000E1BD0000FD
S21400BD28E1BD0000E1BD0000E1BD0000ABBE0000C3
S21400BD3837BE000081BE000081BE000081BE000044
S21400BD48F5BE0000EBBE000081BE0000E1BD0000AD
S21400BD58E1BD0000E1BD0000E1BD0000E1BD00005E
S21400BD68E1BD0000E1BD0000E1BD0000E1BD00004E
S21400BD78E1BD0000E1BD0000E1BD0000E1BD00003E
S21400BD88BDBC0000E1BD0000BDBC0000BDBC00009D
S21400BD98BDBC0000A1BE0000E1BD0000E1BD000082
S21400BDA8E1BD0000E1BD0000E1BD0000E1BD00000E
S21400BDB8E1BD0000E1BD0000E1BD0000E1BD0000FE
S21400BDC8E1BD0000E1BD0000E1BD0000BDBC000013
S21400BDD8BDBC000080284BD0019804B010BDB0F55B
S21400BDE8A06F5ED028D8B0F5607F50D019D8B0F5CF
S21400BDF8007F4CD004D8B0F5C07F3FF45BAFEBE7CC
S21400BE08B0F5207F38D0B0F5407FE5D133F0C6F8DE
S21400BE1802464FF42070FFF7D1FEB2FBF0F252084C
S21400BE2833E0B0F5806F37D0B0F5906FD4D10021ED
S21400BE3801A8FFF76FFDCFE7B0F5E06F51D00DD83A
S21400BE48B0F5C06F43D0B0F5D06F45D0B0F5B06F41
S21400BE58C2D1002101A8FFF721FEBDE7B0F5F06FBB
S21400BE6844D0B0F5086FB7D101A8FFF787FDB3E750
S21400BE7833F07AF80190AFE733F090F802464FF4C3
S21400BE882070FFF79BFEB2FBF0F20192A4E733F0B6
S21400BE986BF802462046F4E7002101A8FFF792FD5A
S21400BEA89AE7002101A8FFF76BFE95E74FF0E0231D
S21400BEB802911B695B0705D533F070F80290029B68
S21400BEC8019389E703A902A8FFF7A0FDF7E7002179
S21400BED801A8FFF79BFD7FE7002101A8FFF724FED6
S21400BEE87AE7002101A8FFF7FBFD75E7002101A806
S21400BEF8FFF7B0FD70E700BF08B58020FFF7C8FE63
S21400BF08034B98429EBF4FF48032024B1A6708BD17
S21400BF18005A620200A000501FB503460020B3F581
S21400BF28807F01906FD027D8382B00F082800BD8FE
S21400BF38243B092B0FD8092B0DD8DFE803F05F5FE9
S21400BF485F5F0C0C5A0C3675522B57D007D83D2B12
S21400BF583AD03E2B72D0019805B05DF804FB802BD2
S21400BF68F9D1394B1B6F03F00703013B032BF2D8BB
S21400BF78DFE803F03D36393BB3F5D06F54D019D817
S21400BF88B3F5A06F55D00AD8B3F5806F36D0B3F5A1
S21400BF98906FE0D1002001A9FFF7BCFCDBE7B3F502
S21400BFA8B06F26D0B3F5C06FD5D1002001A9FFF732
S21400BFB82DFDD0E7B3F5006FECD00AD8B3F5E06FE7
S21400BFC83CD0B3F5F06FC6D1002001A9FFF742FDBB
S21400BFD8C1E7B3F5086FBED101A9FFF7CFFCBAE7F2
S21400BFE805230193B7E70323FBE70723F9E70223B3
S21400BFF8F7E7002001A9FFF751FDACE7002001A9EB
S21400C008FFF7E0FCA7E74FF0E02302901B695B0709
S21400C01805D532F0C3FF0C230393039BE1E703A97E
S21400C02802A8FFF7F3FCF8E7002001A9FFF77CFD5C
S21400C03891E7002001A9FFF7A3FD8CE7002001A9DE
S21400C048FFF74EFD87E700BF008000504FF4002240
S21400C058034B5A66012203F580439A62704700BF75
S21400C0680090005070B504468020FFF755FF03285F
S21400C07800F082804FF40022444B02215A6645F6AF
S21400C0880E03434AC2F88030424B9962012103F5F9
S21400C09880539962936DD903FCD4D4E900131B0529
S21400C0A843EA0163E17B94F823500B43217B43EA80
S21400C0B80143617B43EA0133A17B43EA81131361A1
S21400C0C89169D4E904031B0643EA806301F0004142
S21400C0D80B43A17EE07E0B43217E43EA0143617E4B
S21400C0E843EA01239361E169136A002923F00D03EB
S21400C0F843EA010314BF0121002143EA800343EA0F
S21400C108C103136294F8203094F82200916A4FEA2B
S21400C118431332D194F8216021F0330143EA061321
S21400C1280B4343F0010393621B49194B9A6D31EA9E
S21400C1380202FBD1022217498A621A659A6D5200DA
S21400C148FCD41A69A16822F4700242EA01521A6104
S21400C1584FF000420F4B9A6118B9022203F580533C
S21400C1689A6215B901220D4B9A6294F824301BB1D5
S21400C178074B0B4AC3F8802070BD21F033012943D2
S21400C1880B4343EA40039362EFE700BF009000507A
S21400C19800C0005000D000500300014000E00050EE
S21400C1A8F1A7FFFF014B93F900007047C85C002019
S21400C1B8014B1880704700BF866C0020B0F5207FC2
S21400C1C810B50C4642D008D8B0F5007F33D003D857
S21400C1D888B1B0F5C07F0ED010BDB0F5607FFBD13A
S21400C1E81F4A4C1ED2F8803023F0300343EA04136B
S21400C1F8C2F88030F0E72BF048F92BF054F94FF4EA
S21400C2088031184B164A1967136F013C23F47043A4
S21400C21843EA0433136732F0C1FE0446FFF76EFBA9
S21400C228C0F1020120462BF038F900F035F8BDE8D9
S21400C2381040FFF761BE0A4A4C1ED2F8903023F031
S21400C248F85343EA0463C2F89030C5E7044A4C1E24
S21400C258136F23F4806343EA84231367BCE700BFA5
S21400C268008000500090005008B50121022000F020
S21400C278E1F84FF42070FFF7A1FC054B18702BF07F
S21400C28804F92BF010F94FF48032024B1A6708BDF8
S21400C298C75C00200090005008B54FF4C070FFF748
S21400C2A8F7FCBDE808400449884294BF01210221F2
S21400C2B84FF42070FFF782BF80F0FA0238B50446C4
S21400C2C832F06CFE0546FFF719FBC0F1020128465E
S21400C2D82BF0E3F80121002000F0ECF82CB1FFF772
S21400C2E8DBFFBDE83840FFF707BE034B4FF420706E
S21400C2F81978FFF763FFF4E7C75C002010B5224BF8
S21400C30870B94FF40031214A1860516602F5983228
S21400C3185268012A03D11E4AD2F800211A6010BDBD
S21400C3281B68002BFBD01B4A5268012AF7D0184A14
S21400C3388020C2F80031FFF7EFFD05281FD14FF423
S21400C348C070FFF73BFC0128044604D102214FF4D5
S21400C358C070FFF733FF07220F4B1A610122A3F5BF
S21400C36880535A600B4A1369DB07FCD5012CD6D1DB
S21400C3782146BDE810404FF4C070FFF71FBF0122EA
S21400C388064B5A60CBE700BF4C3C0020009000509C
S21400C3980080005000C0015000E0015000D001505D
S21400C3A8044A4178536F23F4407343EA01235367E2
S21400C3B8704700BF0040005010B5044610B100207A
S21400C3C8FFF79CFF124A136943F00403136133F026
S21400C3D85BF92BF06DF80F4B5B6E5B0142BF0E4BA3
S21400C3E80E4AC3F8202434F026FD34F0D1FF34F08A
S21400C3F81DFD2BF05EF802F0FFF81CB9BDE81040F2
S21400C40832F0CCBD0120BDE81040FFF777BF00BF73
S21400C41800ED00E00080005000E003500000FF0F31
S21400C428034A0179D36E23F030030B43D366704773
S21400C43800400050F8B504461C4BD3F88420D106BB
S21400C448FBD4D3F88430C3F381139C422CD032F04B
S21400C4588BFD012C064602D121462BF01EF834F03F
S21400C468EAFC4FF00072124B07465A6620462BF03D
S21400C47827F84FF480630D4D621E93402B676B6E52
S21400C4889A0103D4D5F884309B060AD5384634F08A
S21400C498CDFC022C08D13046BDE8F84000212AF031
S21400C4A8FCBFD5F88430EAE7F8BD00BF004000506E
S21400C4B80060005010B50C4608B932F055FD074B21
S21400C4C821461B783BB1064B984204D80120BDE8AC
S21400C4D81040FFF7AFBF0220F9E700BFC95C002095
S21400C4E8005A62020278034B012100201A70FFF7F7
S21400C4F8E1BF00BFC95C00204FF0004238B5264BAC
S21400C50826495A6601224A604AF6CD3103F50B23BE
S21400C5185D6C1964154030BB9968C9070BD40024B4
S21400C52801221F4B5A6015B11E4B1F4A1A642FF082
S21400C53813FB204638BD1A498A601C4AD96ACC07BC
S21400C54805D4904201D10724EAE70130F6E7904285
S21400C558E5D1F8E70132DC6A14F0080406D08A420E
S21400C568F8D10724DFE700221049F4E78A42F8D01A
S21400C57820220B4B0B495A620122A3F580539A607E
S21400C58823460A4A486A800603D49342E9D0013310
S21400C598F8E79342C7D1E4E70090005000500950EE
S21400C5A800600950004009503254FFFF40420F0017
S21400C5B84FF0004238B5174B174C5A66012203F560
S21400C5C80C235A604AF6CD33656C2364437893404F
S21400C5D81343124AD363C3788178A2689B0043EA60
S21400C5E8011322F074021343A3600279837943EAA5
S21400C5F8022323614279C37943EA02236361007800
S21400C608FFF77AFFEB0744BF054B23642FF0A4FA25
S21400C618012038BD009000500040095000400050EE
S21400C6283254FFFFF8B504460D461F4616464AB173
S21400C63801238B403021184A01FB0022F7B141F252
S21400C6481001535004EB4403072D4FF00F014FEA37
S21400C658031316D8A80006FA00F281400F481844BB
S21400C6682AF02FFF4EB9012330210B4AAB4001FBBD
S21400C678042277B141F210015350F8BD42F210017E
S21400C688DFE7A5F10800800006FA00F281400448BA
S21400C698E5E742F21001EFE700C0035004C003507C
S21400C6A80CC003500121024600F5805310B55960AE
S21400C6B8244B2549C36053690B40FCD19361C2F8EB
S21400C6C89830536913F4401FFBD15369D9052DD40C
S21400C6D8936F5BBB53699B052AD4D2F8881039BB85
S21400C6E81046D36FD2F88C302AF0FAFE30239160C9
S21400C6F81161D16211621367C2F88030134B9A42F7
S21400C70808D142F26000124B90641365516590653B
S21400C718136651660D4B9A4202D1002010290AD1A1
S21400C7280C4B02F500525362936210BD536FCCE770
S21400C738D2F88430CEE701F1280443F8240001310A
S21400C748ECE700BF12000200520001000040005A49
S21400C75800C002808F330F80084608B569B92A20C2
S21400C768FFF796FAB0B10C4B984206D90B4B9B686C
S21400C778C3F302730133B0FBF3F0094B00F57420E2
S21400C78800F23F20B0FBF3F001387F2828BF7F2057
S21400C798C0B208BD0120F0E7005A62020040005A05
S21400C7A840420F000B4B10B5994228BF19460C465D
S21400C7B81AB92A20FFF76CFA0246631E1344B3FB25
S21400C7C8F4F0A34228BF00F1FF30032828BF032057
S21400C7D8C0B210BD005A620210B51048104C002BAB
S21400C7E808BF04468C4228BF0C461AB92A20FFF711
S21400C7F84FFA02469DF8083040F2FF300133B2FB8C
S21400C808F3F2631E1A44B2FBF4F3A24228BF03F104
S21400C818FF33984228BF184610BD00BF8096980080
S21400C828404B4C002DE9F04F2DED048BB64E0C46D0
S21400C83887B01546314600220746FFF7B3FF94F83F
S21400C8480580804538BF804638462AF049FE20795C
S21400C8585FFA88F850B92A20FFF71AFAB04201465C
S21400C86828BFB0FBF8F13846FFF776FF4FF000090F
S21400C878E37822781B01524202F0020203F03003EA
S21400C888134362780004524202F004021343A2786B
S21400C89800F4FE00524202F0080213434FEA087200
S21400C8A802F0E04213431843E3882289B8603B61EC
S21400C8B86389DFF860A243EA02433B62574502D128
S21400C8C8B9F1020F08D1012307F580577B6007B03E
S21400C8D8BDEC048BBDE8F08F00222E788B488C497F
S21400C8E8AC68964218BF014633468A48CDF80080A1
S21400C8F8FFF772FF07EB09118B6CA2B223F04353C4
S21400C90823F41D1323F4405323F01F0306F00304F7
S21400C9181C436B7882424FEA830303F01C0344EA05
S21400C9280304AB7838BF02461B03E87803F4E043F9
S21400C9382343040404F4E02423432C7C4FEA091C14
S21400C948640504F4600423432C7909F1050B2407D5
S21400C95804F0405423438B648C6C6F49C4F3023450
S21400C968013C042C26D8DFE804F0252503101A001D
S21400C978D1F88041240C2EB3C2F309020AEB0B133C
S21400C9885A6009F10109143598E7D1F88441002E58
S21400C998F2D1D1F88C11A4B20914490015E0D1F8E7
S21400C9A88441002EE8D1D1F88C11240C091401EB2F
S21400C9B841010AE0D1F88041A4B2002EDCD1DFEDB7
S21400C9C8577A06E0D1F88C11091407EE901AF8EE9B
S21400C9D8E77A01210CF1B44C0CF5804C2304DCF802
S21400C9E8483024F4C046C3F3820C0CF1010C01FA5B
S21400C9F80CF107EE101A4FEA864648BF46F0004686
S21400CA0813F01C0FB8EEC79AF6EE008A424B4CD1CC
S21400CA18D3F88C110BB208EE103AB8EEC88A38EE86
S21400CA28278A002858D105A8039200F013F9DFEDED
S21400CA383C7A28EE278A039A9FED3A7AC7EE097A57
S21400CA489FED397A67EE877AB1EE007AB6F1004F35
S21400CA5848EE077A0BD09FED357A06EE104A77EE49
S21400CA68876ABAEEE86AF0EE477A56EE267AF5EE68
S21400CA78C07AF1EE10FACBBFF1EE677A78EEE78A65
S21400CA8877EEE87AFDEEE87AC8BFFDEEE77A17EEAD
S21400CA98901AB1F5003F2EDB6FEA56466FEA464617
S21400CAA81C484FEA0B11465066E7D3F8901169EE1A
S21400CAB8286A09B207EE101AB8EEC77AD3F88811B2
S21400CAC877EE677A0BB208EE103A87EEA67AB8EEDB
S21400CAD8C88A38EE078AA4E7D5ED037ADFED146A2C
S21400CAE8F8EE677A87EEA67AF7EE046AC6EE877AD5
S21400CAF827EE888AA0E711F5003FAABFC1F3110107
S21400CB0846F400360E43CBE7005A6202404B4C0010
S21400CB18809698000040005A0080E00F0000000051
S21400CB283D3B843F0000804300002044000000494D
S21400CB3800007A444FF40032054B9A6641F671328B
S21400CB4803F51C33DA63012203F50053DA607047F5
S21400CB580090005041F671320121064BDA6303F566
S21400CB680052D1600022DA634FF40032A3F518337E
S21400CB789A66704700000350044B1868421C02BFB0
S21400CB88034AD2F894001860704700BF5067002028
S21400CB9800400050CB784A7810B55B010C7843EA21
S21400CBA882030A79234343EA02130C22424302F122
S21400CBB8B0421363012C02BF8A78024B43F8202048
S21400CBC810BD00BFE880035008B54FF0B0435A6860
S21400CBD802B960B15B680BB12AF0FFFC4FF0B041B8
S21400CBE830B10120074B58602AF0F7FCC86008BD32
S21400CBF82AF0F3FC0223CB602AF0EFFC0122024B5A
S21400CC085A60F4E700100058002000584FF0B04172
S21400CC184B6810B50BB12AF0E0FC01220B4BC47828
S21400CC285A608378934043EA84034478234304791C
S21400CC3843EA0413447943EAC4038B60044B5A60FE
S21400CC480378C3F10203CB6010BD00BF0020005874
S21400CC58001000584FF48032064B5A6603F5E62358
S21400CC685B69C3F38512827003F03F021B0B4270A8
S21400CC780370704700900050024B1868C0F30740D6
S21400CC88704700BF0080E00F0120034B9B680A3303
S21400CC9803F01F03984070470080E00F034BD3F85B
S21400CCA82424D3F820041040704700BF00C0035067
S21400CCB82DE9F8431E4B0546D3F810334B1E0E2BB2
S21400CCC80E46174690F8009044781DD909B34FF0E1
S21400CCD800082846D7B134F0C9F809EB4903072CF1
S21400CCE84FF00F014FEA031315D8A400114808FAAD
S21400CCF804F2A14018442AF078FCBEB928468FB141
S21400CD08BDE8F84334F0B2B88846E2E72AF07CFC7F
S21400CD18E3E78846E1E7083CA400074808FA04F277
S21400CD28A140E7E7BDE8F8432AF06EBCBDE8F88303
S21400CD3800C0035004C003500CC003502DE9F04156
S21400CD482B4B1746D3F810234A1C06460C46407849
S21400CD5804D1D3F824142AF065FC0446002C2FDBF3
S21400CD68072C4FF0030532782DDC4FEA840805FAC5
S21400CD7808F529461F4802FA08F22AF036FC294622
S21400CD8872781D4802F0030202FA08F22AF02DFC17
S21400CD98012317F0050F194A18BF194903FA04F3B7
S21400CDA80CBFC2F81034C1F8103417F0060F18BFBD
S21400CDB8134AC2F814340123104AA340C2F8203498
S21400CDC82046BDE8F081A4F108084FEA880805FA6D
S21400CDD808F529460B4802FA08F22AF006FC72788B
S21400CDE8294602F00302084802FA08F2CEE700BF16
S21400CDF800C0035000C4035008C4035000E00350AA
S21400CE0800D0035004C403500CC4035070B5044645
S21400CE182EF0E7FE064630B90FCC044D0FC594E851
S21400CE28030085E80300304670BD00BF503C002074
S21400CE3847F6FF739A42F0B569D0022969D8364B8F
S21400CE485B5C012B65D8354DDE0005EBC30415F891
S21400CE583330A178012B13D10025E078401AA84278
S21400CE6802D80844C0B2F0BD431B6668A0EB530363
S21400CE7836F913609642D4BF1D4603F1FF30EEE73D
S21400CE8860680028EFD0B0F90040944204DBB0F99F
S21400CE9802409442B8BF144683883544FF2B19BF16
S21400CEA8C8232827B0F90630B0F90870A3EB0403A6
S21400CEB80CBF0122002293FBF7F36E7813441BB2D3
S21400CEC89E4201DD002B01DA731E1BB24FF47A7CFA
S21400CED800EBC305EA88AD685F1C14FB02521D46CA
S21400CEE822EAE2723BB25C329E42B2FBFCF204DDFE
S21400CEF800EBC307BF889742EAD200EBC5039888C1
S21400CF08904228BF1046884238BF0846AAE7FF2046
S21400CF18A9E70020A7E700BFB4AE0400503C0020F5
S21400CF280229F0B555D82C4B585C012851D82B4C03
S21400CF3804EBC00114F830004B6801280FD1C878FC
S21400CF488C78904294BFC4EB0001C4EB0201001B2E
S21400CF58CAB28242C8BF002233F91200F0BD002BC5
S21400CF6837D08878904202D3B3F90200F6E7CC7837
S21400CF78B3F900009442F1D94C789988013CA1F1A4
S21400CF88FF06714203F10405E4B2714103F10C0790
S21400CF98CEB2B44216D805EBC1014FF47A756A438F
S21400CFA8B1F902404968521A04EBD47102EB6102E7
S21400CFB892FBF4F29042D1DBB3F902009042CDDC4A
S21400CFC810B2CBE737F831C04E1C9445E3D3314650
S21400CFD8DEE70348C2E700BFB4AE0400503C0020BA
S21400CFE80080FFFF08B50448FFF710FFBDE80840BB
S21400CFF801202EF0FCBD00BFB8AE04007FB5142299
S21400D008002101A810F0CEF8044B01A94FF0FF301C
S21400D01802932EF032FE07B05DF804FB006A180093
S21400D0284FF40052034B00209A660322C3F860228E
S21400D038704700BF009000504FF40052034B00208A
S21400D0489A660322C3F86022704700BF00A000500B
S21400D0582DE9F04F894691B00DF1300B8246DDE997
S21400D0681C64174600211022584698461E9D10F04C
S21400D07899F81F9BB9F1000F04D16FF0860011B024
S21400D088BDE8F08F002FF8D00EB9002CF5D11A9A0B
S21400D09812B91B9A002AF0D10DB9002BEDD1209AAF
S21400D0A8002AEAD0424A904502D0424A90457CD1AE
S21400D0B8BAF80020B2F5105F77D1BAF80220B7EBBD
S21400D0C8D20FDAD322F04001802902D0B2F5807F51
S21400D0D8D3D11CB9209B00201C60D0E7AE421FD2DB
S21400D0E8321995421CD29C42C7D831462246284659
S21400D0F810F0AAF82F4B2E46984526D014F00F03AA
S21400D108BBD1CDE90097CDE90236CDE90443CDE998
S21400D11806540893FFF784FF50B16FF09200AEE70D
S21400D128244A90450FD09C42E8D96FF08900A6E7BC
S21400D138684606AA03A90EF05BFB0546FFF77CFFC8
S21400D1480543C7D0E9E79C42EFD81B9B0D2B94D12B
S21400D15801238DF830301A9B0DF1310203F10C01D2
S21400D16853F8040B8B4242F8040BF9D11B78137062
S21400D178012310228DF83F300023CDE90097CDE932
S21400D1880A23CDE90236CDE90443CDE90654CDF8A5
S21400D19824B00893FFF744FF0028BED1684609ABC1
S21400D1A806AA03A90EF04CFBC7E76FF0850066E7F2
S21400D1B8004440040013C0042DE9F04F91B0904697
S21400D1C8DDE91A45DDE91C6B1F468946DDF878A0BF
S21400D1D821B96FF0860011B0BDE8F08F002AF8D0AC
S21400D1E80CB9002DF5D116B9BBF1000FF1D1BAF183
S21400D1F8000FEED0484B9F4203D0484B9F4240F06A
S21400D20887800388B3F5105F40F082804388B8EBC8
S21400D218D30FDED323F04002802A02D0B3F5807FF6
S21400D228D7D125B90023CAF800300020D3E7102D3F
S21400D23805D1394B9F42F5D1B44202D343E0B442FC
S21400D2483ED263199E423BD25D45C2D821462A4645
S21400D25830460FF0F9FF304B34469F4238D00D3D2C
S21400D2685D4532D801238DF8303023460DF1310262
S21400D27804F10C0153F8040B8B4242F8040BF9D165
S21400D2881B780D3413704FF48073ADF83E300CAB3A
S21400D298102209930023CDE90098CDE90A23CDE9A9
S21400D2A80345CDE90536CDE907530293FFF7B8FEE7
S21400D2B8F0B9684609AB06AA03A90EF0D5FA1FE02E
S21400D2C8164B9F42CBD05D4502D96FF0890082E7A6
S21400D2D815F00F037FF47DAFCDE90098CDE9023451
S21400D2E8CDE90453CDE906650893FFF799FE10B11A
S21400D2F86FF092006FE7684606AA03A90EF08CFA4C
S21400D3080446FFF799FE0443F2D1CAF800508CE7AA
S21400D3186FF085005FE700BF004440040013C004B8
S21400D32810B54FF42F72002104460FF03BFF802300
S21400D338C4F88C30054B04F19C00C4F884300123F3
S21400D34884F88830BDE8104029F05FBB8A190400CD
S21400D35810B5D0F8A0400A468CB92AF063FB0446FC
S21400D36810B90024204610BD2D2896BF064B074945
S21400D37853F82010064A07482AF09AFCF2E7D0F835
S21400D388A4101046A047ECE73CAF04008D19040033
S21400D398E2160400BD1A0400F8B590F8806004464A
S21400D3A816B100263046F8BD2AF06FF90028F8D1E5
S21400D3B8012384F8803094F8883033B1D4F8841088
S21400D3C81F4884F888602AF073FC4FF0FF37D4F8BB
S21400D3D8B402421C1FD0C4F8B47210F0FF052CD05B
S21400D3E820462AF04FF92946204600F0A7FB0028D9
S21400D3F8EDD020462AF054F994F888303BB1D4F89A
S21400D40884100F482AF054FC002384F88830002340
S21400D41884F88030C6E72AF030FC431CDDD1D4F807
S21400D4288C30D4F89420013B9A4204DB054A06491E
S21400D43806482AF03DFC0126E9E70126C7E700BFB3
S21400D448582C0400E21604009B190400BD1A0400B8
S21400D458F8B50B780446302B0D46164604D14B78A3
S21400D46803F0DF03582B11D0284F6A1E12F8011F4D
S21400D478002934D128460A220FF084FD202C0346C2
S21400D4880D4631D1B1FA81F040091AE04A1C1F490D
S21400D49812F8013F8BB928460FF080FD1C4B023866
S21400D4A82340032B12D10134A41084420AD1A87851
S21400D4B837288CBF0020012003E0CB5C13F0440023
S21400D4C8E6D1F8BDCCBF01200020FAE7002CB8BF93
S21400D4D80334B0EBA40FD4BF01200020F1E77B5C37
S21400D4E813F00400C2D1ECE726B1084302D0013B92
S21400D4F861F100050122A240013A1A40002D08BF3A
S21400D5089A420CBF01200020DBE700BF49D5040083
S21400D51803000080F0B5037801467B2B17D106463A
S21400D528022400220B4F16F8015F7D2D05D10B5DF6
S21400D5386BB9D24302F0010008E07B5D13F04400AB
S21400D54802D001320134EEE7202DFBD0F0BD0020DA
S21400D558FCE700BF49D5040070B506460D460FF037
S21400D5681DFD044630462AF0A3FB044EAC4200D309
S21400D57870BD30462AF09CFB0134F7E730230400E0
S21400D5882DE9F84F044602215148FFF7E5FF1E2112
S21400D5982068FFF7E1FF636858682AF089FB4D4862
S21400D5A82AF086FB67683B7BFD2B12D8D7F80880E5
S21400D5B84FF0FF3640460FF0F1FC0546DFF81091B5
S21400D5C8DFF870A1DFF84CB10C3717F8013BFF2BDA
S21400D5D801D1BDE8F88F212B18D8212B36D8DFE8E3
S21400D5E803F0377274111B1D1F2135353535353557
S21400D5F83535232527292B2D2F3135353535353526
S21400D60835353D33344C002D2BD12EE0334C344A7F
S21400D618FE2B08BF1446F6E7324CF4E7324CF2E726
S21400D628324CF0E7324CEEE7324CECE7324CEAE7A5
S21400D638324CE8E7324CE6E7324CE4E7324CE2E7B5
S21400D648324CE0E7324CDEE7324CDCE7234CDAE7D4
S21400D658314CD8E72AF020FB01362AE0002DB4D05A
S21400D6682E4C202B06F10106AFD002214846FFF7C4
S21400D67873FF1E214846FFF76FFF50462AF018FB37
S21400D688594620460FF0E4FF2549002818BF2146D2
S21400D69824482AF00DFB3B78202B02D12B202AF0B9
S21400D6A8FBFA21482AF004FB4DB118F806301F2B68
S21400D6B805D018F806001F2801D0AE42CADB054878
S21400D6C82AF0F6FA81E7194C9DE7194C9BE700BF4C
S21400D6D8D0640400E2160400451A0400571A040031
S21400D6E83C340400A21A0400A91A04009A1A04007A
S21400D6F8961A04008D1A0400831A0400791A040086
S21400D7088E1A0400841A04007A1A04006F1A040099
S21400D718681A04005F1A0400441A04004A1A04002F
S21400D728551A0400582C0400CE1D0400A11A040043
S21400D738A81A0400243504002DE9F04F9BB00546CE
S21400D7488B460024009203930FF028FC249F039B2B
S21400D75804901C6028463C600AAA09A92AF0CAFA5E
S21400D768064658B90A980FF019FC3446B046039B8B
S21400D7781860D5F89C300293029B1BB920461BB054
S21400D788BDE8F08F029BD3F80890B9F1000F6CD073
S21400D7982E4416F8013B202B11D000260C23734389
S21400D7A809EB030A59F803300193002B58D0099B5C
S21400D7B8434555DB9AF808202AB1721C39E03B68C5
S21400D7C801333B60E5E73968D5F894200793039B57
S21400D7D8521A1A601AAB03EB880151F8403C0199BB
S21400D7E8184605930FF0F4FE06900028E5D1019838
S21400D7F80FF0D4FBDDE906230146DAF80400D7F873
S21400D80800A090F80CC0BCF1FE0F16D103F1FF3E45
S21400D818C64512D0D0F80090059801920FF0BEFBCE
S21400D8280AF1010A019A50442B5C23B1386008F1CA
S21400D83801081646B2E70130F6E7D5F894200591B8
S21400D848A2EB0A028A4220DC58460FF0A7FB05998D
S21400D85801447B290DD958461F4A009929F0FCF83F
S21400D8682B46049A2A4493422CD1029B1B680293A7
S21400D87882E7DDE90012584629F0EEF85846174ABE
S21400D8880099013429F0E8F897E7BCF1FE0F94D127
S21400D898013B434591D1D0F800A0DFF840905AF8F4
S21400D8A80C2B22B9049B3B60039B1A60D8E75846AA
S21400D8B8009929F0D1F84A465846009929F0CCF83C
S21400D8C80134ECE713F8011B0029CCD14FF02001F6
S21400D8D803F8011CC7E700BFAF1A04003023040092
S21400D8E82DE9F047002486B01C60DDE90EA8064640
S21400D8F889468AF800401168154888F80040174697
S21400D9081D468DF81740FCF767F818B901242B68F0
S21400D91801332B600020D6F89C6036B914B1012379
S21400D92888F8003006B0BDE8F087B06868B14B46A6
S21400D9380021CDE902A8CDE900750DF117022AF0FD
S21400D94810F89DF81730002BE8D13668E5E700BFD9
S21400D958B41A04002DE9F0470446ADF5447D80224C
S21400D968002104A802AF0FF01DFC80222046009775
S21400D97803AB04A9FFF7E0FE01283DD104A80FF089
S21400D9880DFB03993B68461A0B4426EAE6762344C1
S21400D998054604A83246014418460FF093FD0022B7
S21400D9A88255D4F89060039B3968D4F890201944BF
S21400D9B8B14212DCD4F89410E81A0244C4F8902055
S21400D9C8014404AAC4F89410D41825182B1B002B5D
S21400D9D80DDC0DF5447DBDE8F087A05C2AF05CF907
S21400D9E8D4F8903001360133C4F89030DBE714F8E9
S21400D9F8010B2AF051F9E9E7EBDD24AD802200217E
S21400DA0828460DF5887A0FF0CDFB0DF110094FF476
S21400DA180072002150460FF0C5FB4FF001084A4639
S21400DA28002312F8016BA6B904A84AF828300FF0AC
S21400DA38B5FA2946334698451CDB19F8016B0DF5EF
S21400DA48887C5CF8042B82420CD101F8016B013308
S21400DA58F1E7202E03F1010304BF4AF8283008F145
S21400DA680108DEE70DF1100E7244D25CB242E8D02F
S21400DA780022EA54D4F89060039BB3422FDC234676
S21400DA882C4A04A92C482AF013F928460FF086FADF
S21400DA980646039B3F68F61A1F4426EAE672E01914
S21400DAA817441D44E11904F1900399423CD904F146
S21400DAB89803984238D26A1E81190B1A002B27DD64
S21400DAC812F8013F00F8013BD4F890300133C4F84F
S21400DAD89030D4F894300133C4F89430EDE7D4F895
S21400DAE890300136E05C2AF0D7F8D4F8903001334D
S21400DAF8C4F89030C0E7D4F89020013B0132C4F84F
S21400DB089020D4F894200132C4F89420002BF2DC3C
S21400DB1800232E44E355731B002B7FF75AAF15F8E6
S21400DB28010B2AF0B9F8F6E729460FF0CBFC334686
S21400DB38ECE700BF8A190400B91A04002DE9F84377
S21400DB48D0E9245604460F46002294F89830012B54
S21400DB5807D10A2F07D1002384F898300020BDE8A3
S21400DB68F88300F29F801B2F01D10223F4E70D2FC4
S21400DB780DD1012384F898300D202AF08DF80A205C
S21400DB882AF08AF800230120C4E92433E7E74FF097
S21400DB980008082F84F8988034D1454530DDB54212
S21400DBA80FD138462AF078F820202AF075F8013D7B
S21400DBB838462AF071F8013E04F80580C4E9245670
S21400DBC8CCE7FBDA05F1FF3938462AF065F804EBAE
S21400DBD80903A6EB0902611918460FF035FB04F88D
S21400DBE806800146013E48482AF062F835464D450B
S21400DBF801DC4D46E2E708202AF04EF8013DF6E73C
S21400DC08ACD0DBE77F2F1CD1002EA7DDB542A5DA06
S21400DC186319691C21441846721B0FF015FB04F89B
S21400DC280680014639482AF043F80820013E2AF0C3
S21400DC3833F8B542F9D1D4F89430013BC4F894309F
S21400DC488CE70A2F98D0092F03D12046FFF782FECB
S21400DC5884E7D4F88C30013BB3427FF77FAFB542F8
S21400DC6804EB050805F101090CDB384688F8007056
S21400DC78D4F89430C4F890900133C4F894302AF05D
S21400DC880BF86BE74146721B04EB09000FF0DCFA51
S21400DC9840462AF00DF80820013E29F0FDFFB5425F
S21400DCA8F9DDE2E7022B06D15B2F01D1032353E708
S21400DCB884F8982049E7032B7FF450AF413F84F857
S21400DCC89820032F3FF64AAFDFE807F002070A1648
S21400DCD80121204629F091FF40E74FF0FF31F8E791
S21400DCE8B542BFF63BAF605D29F0D6FFD4F890305A
S21400DCF80133C4F8903031E7002D7FF72FAF013D90
S21400DD080820C4F89050BAE7C21A0400BC1E0400E3
S21400DD1807B56B46054A1068516803C36846FEF7A0
S21400DD2847FC002003B05DF804FB00BFF4AF040016
S21400DD3830B58BB06C46174D0FCD0FC40FCD0FC442
S21400DD4895E8030084E80300134BD3F84C2112032C
S21400DD581CD5A3F5FE431C884FF6FF739C4208BFEC
S21400DD688C248DF81940FEF71DFA204480F308002D
S21400DD788DF818000948FBF7C7FE6846FEF772F9E3
S21400DD883220FEF715FA00200BB030BDD3F850410C
S21400DD98E4B2E6E7FCAF04000080E00F00F04902BA
S21400DDA80028ACBF00F16040064B4FEA0111C9B22B
S21400DDB8ABBF00F5614000F00F0080F8001319545F
S21400DDC8704700BF14ED00E008B533F041F80B4B80
S21400DDD81A7872B901221A7033F035F86FF0040217
S21400DDE810460132052152B2FFF7DAFF402AF7D172
S21400DDF808BDBDE8084033F026B800BFCA5C00205E
S21400DE08002807DB01234109034A00F01F0083406E
S21400DE1842F82130704700BF00E100E0054B421190
S21400DE2853F8223000F01F0023FA00F0C04300F039
S21400DE380100704700E100E0002808DB01224309E2
S21400DE48034900F01F008240603341F823207047E2
S21400DE5800E100E010B5044632F0EDFF024B1C600E
S21400DE6832F0E4FF002010BD703C002010B532F000
S21400DE78E2FF034B1C6832F0D9FF204610BD00BFF6
S21400DE88703C002038B50C461546014610B9FFF719
S21400DE98EDFF01462B46224603480EF087F8002879
S21400DEA8D4BF3720002038BD537E030008B500F0E5
S21400DEB817FC18B16A21024833F051F8002008BD53
S21400DEC8C71A040008B500F049F80C4A536A43F428
S21400DED870235362EFF308834FF0CD31084A043BB2
S21400DEE8934208D200F070FAFFF7E0FFBDE808405A
S21400DEF80448FEF78BBF43F80419F1E700ED00E08D
S21400DF0808000020B8AE040007B5042200200DEB78
S21400DF1802012DF02AFE042803D0D721044833F046
S21400DF281EF8019800F0DCF903B05DF804FB00BFAA
S21400DF38C71A0400082310B50C0A41400648C9B29F
S21400DF4841F30002013B024013F0FF0382EA51014D
S21400DF58F6D184EA010010BD2083B8ED38B5FEF787
S21400DF680BFE044629F033FBE3072AD401221046A9
S21400DF78114600FA01F3234002F1010223D01D4B9B
S21400DF8833F811301C48062B028844881B4920D1D8
S21400DF984FF20F039C4219D1B2F5406F28BF4FF4D9
S21400DFA8C0624CF23C330A80438040F201730A8810
S21400DFB89A4201BF124B134AD2E90001C3E9000195
S21400DFC815E00021DBE7102AD2D1DBE74FF4C06268
S21400DFD8E7E740F20725AB420AD14FF20F05AC42FD
S21400DFE806D19A4204D14CF23C320B80428038BDAE
S21400DFF80B80DAE7C0B104000C640020BE55002090
S21400E008743C002004640020014B1888704700BF49
S21400E018BE550020014B1888000A7047BE550020E0
S21400E028044B05481B881A0AB3F5406F38BF00EB47
S21400E03882007047BE55002090B10400044B188833
S21400E048044B020A53F82230C0B203EB8000704734
S21400E058BE55002060B1040010B5044632F0EFFE4D
S21400E0684FF20F02044B1C805A80BFF35F8FBDE847
S21400E078104029F0B4BE00BF0C6400206D4A2DE99C
S21400E088F0416D4B55686D4C5D65516A99656C49F4
S21400E098D1F80002D865D1F80412586B1966916A4F
S21400E0A810F0040F5966D16A4FF000009966116B9C
S21400E0B8D966516B1967D26BD8645A67D3E90E12C2
S21400E0C818BF11465F4A91421A655DD301F12000D8
S21400E0D8A04259D88869C5F308051864CE69062D84
S21400E0E85E6455D1584DA84252D3584DA8424FD2D7
S21400E0F805884DF6426085424AD11868C3F89000F4
S21400E1085868C3F8940040F20170A242154604D23B
S21400E1182E680432B6F1CD3FF7D00022C3E91E229E
S21400E128C3E92022C3E92222641BDFF81CC1434D41
S21400E138DFF818E19C648D422DD8D3E91EC7D3E9D1
S21400E1482065D3E922414FF0000E013AD2B2FF2AE9
S21400E1583CD1BEF1000F05D0C3E91EC7C3E9206550
S21400E168C3E92241B3F85430C3F308030C2B3BD859
S21400E178022B54D9DA1E092A51D8DFE802F03157A3
S21400E188404350505050504D0021C3E910112D49BE
S21400E1984FF42060B9E755F8044D6445CBD3744571
S21400E1A8C9D2E607C7D50026294F57F8048FA045D9
S21400E1B8C1D00136062EF8D132B1013AD2B202F1F8
S21400E1C81E0643F82640B6E70522F8E7E0464FF075
S21400E1D8010EBC4637462E4625460C464146B4E751
S21400E1E840F60120BDE8F0813B2B18D1194B9B69FE
S21400E1F813F0020F40F2025318BF1846F2E740F633
S21400E2080320EFE740F6042240F20173B0F5206FD2
S21400E2180CBF10461846E5E740F60520E2E740F64C
S21400E2280722013B4E2B98BF1046DBE740F602203C
S21400E238D8E700BF00ED00E0746300200810002057
S21400E24800E100E0080000201863000080130400C6
S21400E258E86300200080015A00F00CB800F00AB805
S21400E26800F008B800F006B800F004B800F002B8ED
S21400E27800F000B872B61EF0080F09D01EF0040FA2
S21400E2880DD0DFF850E0AEE8FF1F6FF002000CE09C
S21400E298DFF840E0AEE8FF1F6FF00E0005E0DFF89D
S21400E2A834E0AEE8FF1F6FF006006946EFF3098218
S21400E2B88EE8070086460848084C854501D3A545DC
S21400E2C801D384F30888FFF7D9FE84F30888FFF79C
S21400E2D8C3FE0000746300204800002008100020D9
S21400E2E84BF6EF6283B2002B08BF1346044A000CB5
S21400E2F813804FF6CE2308BF1846024B1880704787
S21400E3088A6C0020886C00200B4BB3F90020188814
S21400E318002AB8BF80F0620042001A80074AB2F9A5
S21400E328001013880029BCBF83F4805383F00B03C6
S21400E33859001180584070478A6C0020886C00206D
S21400E34807B5684600F01AF8DDE900010022034B1D
S21400E35803B05DF804EB2AF03EB800BF7C3C002012
S21400E36807B5009313460A460146034829F0E7FD19
S21400E37803B05DF804FB00BF7C3C00200249034A5A
S21400E3880160521A42607047606D002000800020CD
S21400E398004870477C3C002038B54160044632F09F
S21400E3A84AFD05462146044828F032FB2846BDE8C3
S21400E3B8384032F03BBD00BFA43C0020014828F09E
S21400E3C824BB00BFA43C00200222014B1A677047FA
S21400E3D80040005070B532F02EFD174E054617481F
S21400E3E832F057FD3378CBB900F07AF9044620B1FD
S21400E3F8284632F01BFD204670BDFFF7DFFF32F0DF
S21400E40821FE0F4B1C6031F0C1FA0E4B0E4A186005
S21400E418536F43F00103536729F0F9FF00F074F8CF
S21400E4282AF00CF8094B002418600123284633709C
S21400E43832F0FCFCDFE700BFD75C00202CB00400FD
S21400E448A83C0020D03C002000400050AC3C0020F7
S21400E45838B5044632F0EFFC0F4D02462B78FF2BFA
S21400E46804D1B4B1BDE8384032F0E0BC1BB9002C8A
S21400E478F8D0012103E0002C14BF0121FF210B4432
S21400E488DBB22B70B3FA83F304495B0910460B70B2
S21400E498E8E71946F3E700BFD45C0020D35C002009
S21400E4A8054B1B685843054B00F5742000F23F20C7
S21400E4B8B0FBF3F0704700BFD03C002040420F008E
S21400E4C873B50F4E04463378834211D000238DF877
S21400E4D80430430001A88DF805300A4DFDF760FFAB
S21400E4E840203CB1FFF7DCFF2B68181A2860347010
S21400E4F802B070BDFFF7D4FF2B681844F6E700BFDC
S21400E508CD6C0020083D002073B5002401A88DF8C6
S21400E5180440FDF7E7FF2046FFF7D2FF2C4B2D4AB5
S21400E528D3F8003103F0030313604FF400222A4B9C
S21400E5385A664FF400325A6630F0A2FF4FF4C8709D
S21400E548FFF7AEFF254B264A1860264913680134A4
S21400E558E4B20A2C41F8040BF9D1034400EBC000DE
S21400E56803441360204B214D1B7813B3184BD3F884
S21400E578003103F00303022B23D0032B24D0012BF6
S21400E58817D130F025FD024698B1194B194EDC68B4
S21400E59800231946C4F30B04013404EB8404013841
S21400E5A8E4FB06010EF092FAFFF77AFF2B680344A5
S21400E5B82B601F20FFF774FF2B6803442B6002B004
S21400E5C870BD30F00BFDDEE732F048FCDBE700BF3D
S21400E5D800800050103D002000900050D43C0020E1
S21400E5E8D83C0020DC3C0020DB5C0020083D0020F6
S21400E5F800C0015040420F000122154B10B55A6763
S21400E608144B154C1B7813B3022032F00CFDF0B1F6
S21400E61831F042FAD8B1A36DD90302D5E36D9A0753
S21400E62815D40D4B9B6DDB0711D401220B4B1A70CA
S21400E63832F0EDFCBDE81040094B0A4A1860136F2B
S21400E64823F0070343F00303136730F0A7BC10BD9D
S21400E65800D00050DC5C002000C00050D95C0020D0
S21400E668043D0020008000500122014B1A707047BC
S21400E678DC5C002008B5FFF763FEFEF7FDFA01280C
S21400E6880ED1144B04205A6E4FF4802312495203BD
S21400E69858BF124A4B6601F51041086258BF5366C8
S21400E6A829F0D4FEFFF790FBFFF732FBFFF740FB9D
S21400E6B80DF0C6FCFFF78EFE00F012F829F0C7FE34
S21400E6C8FFF700FC29F0D2FE2DF05DF9BDE8084002
S21400E6D829F0BEBE008000500090005000A00050F8
S21400E6E870B532F0B5FB144E05463478FCB9134BBA
S21400E6F81C60134B1C60134B1C6000F031F80120A3
S21400E70831F0B8FA31F0AAFA0F4B0246186020B971
S21400E718284632F098FB232070BD234640F2E731A6
S21400E7280A480EF0D3F90A4B1860012333702846BE
S21400E73832F089FB0020EFE7DF5C0020243D002054
S21400E748203D00202C3D0020283D002018FCFFFF1F
S21400E7581C3D0020014B1868704700BF1C3D002078
S21400E7681FB50024194B18689A880290D3F806003B
S21400E7789B7A00901648ADF80C208DF8043032F0DD
S21400E78888FB02A88DF808408DF80C40FEF73EFA84
S21400E798694601208DF80040FEF7FCF940F2FF328A
S21400E7A80C4B9A615A614FF0B042936A13F0080313
S21400E7B8FBD113620120FEF707FA0C20FFF73CFB9B
S21400E7C80C20FFF71DFB04B010BD00BFE9B1040024
S21400E7D824B004000020005810B532F039FB4FF082
S21400E7E8B04304465B695A06074A03F0010003F083
S21400E7F8510348BF40F00200536131F063F92046E8
S21400E808BDE8104032F01FBB0020005821282DE933
S21400E818F341054604D82C46204602B0BDE8F081F0
S21400E82800240B4E0B4FDFF830800023CDF8008015
S21400E8381A461946386828F034FC8442EBD2222C53
S21400E848E9D056F8043BAB42E6D00134EDE700BF0A
S21400E85808B504004C670020FFFF0F002DE9F04FB5
S21400E868644E654D89B029F04DFE31682868FCF77E
S21400E878D5FA0446002827D033680024D3E90001D7
S21400E8889A6912689047336804A89B699B689847FA
S21400E898336802209B69DB68984732680598536896
S21400E8A8E7B2B3FBF0F3BB42916904F101044ED81A
S21400E8B8CB680020984733689B695B68984731683F
S21400E8C82868FCF7ABFA04460027DFF844A1DFF80F
S21400E8D84481DFF84491F4B9484B2868DB5D002B87
S21400E8E800F08380D8F8006002AB314603AAFCF734
S21400E8F817FC2D2807D070B9039B012B0BD0314687
S21400E9082868FCF761FEDAF8003031461A6828688D
S21400E918FCF7DAFD04460137222F0AF1040A08F14B
S21400E928040809F10109D6D1B4FA84F3344A5B091C
S21400E93813702B681B7C33B129F0B0FD18B1DB21AE
S21400E948304832F00CFB204609B0BDE8F08F12685C
S21400E9580B6907FB002098479FE7D8F8003003AA02
S21400E968194402AB0191FCF7DBFB2D2803460199FD
S21400E9782BD0286813B30BF1010B5FFA8BF18E428C
S21400E9882868EAD8204BDB5D002BC4D0F3B27E2B78
S21400E9982868C0D8D8F8003003AA06EB030B5946F7
S21400E9A802ABFCF7BDFB2D28B5D059462868FCF706
S21400E9B80BFE013604460028E8D0ACE7039B7BB97B
S21400E9C899F80020029B9A42D5D099F80030DAF8D8
S21400E9D800202868FCF772FC0028CCD00446D1E753
S21400E9E80191FCF7F1FD0199EFE7084BA346DE5DC0
S21400E9F8C3E700BF2C6700204C670020E4B404007F
S21400EA08E15C00204E1B0400C2B404007EB404007F
S21400EA18F4B1040008B50400A0B40400F8B51F4615
S21400EA28214B04461B780D46164623B100F47E2378
S21400EA38B3F50E2F2BD02046FFF7E8FE2128044614
S21400EA4814D81A4B53F82010194B1B78ABB1194B36
S21400EA58212C18681DD8184B1B5DD3B13268FCF7FB
S21400EA6833FD044650B129F018FD07E0FF2807D902
S21400EA783A46314680B229F024FA00242046F8BDEA
S21400EA884FF4A9710D4832F06AFA0021DCE7014616
S21400EA98DAE77F2D08BF00253B46324651FA85F156
S21400EAA8FCF70CFCDDE700BFE05C002008B50400BE
S21400EAB8E15C00204C670020E4B404004E1B040010
S21400EAC808B5520829F0ECFC30B1BDE808404FF410
S21400EAD89C71024832F043BA08BD00BFDF1B040031
S21400EAE82DE9F743C70705460E46144604D540F2F7
S21400EAF8E311494832F033FAE10704D54FF4F271CE
S21400EB08454832F02CFA454B93F80080B8F1000FD0
S21400EB1820D043F260239D4208D122463146404821
S21400EB280EF0D0FC002003B0BDE8F083C5F30B0759
S21400EB3805F44055B5F5805F14BF4FF40F204FF429
S21400EB480E20234632467F21384303B0BDE8F04303
S21400EB58FFF764BF05F47043B3F5805F3FD1C5F394
S21400EB680B05304A05F17E65631E2B44934230D868
S21400EB782F46DFF8A49007EB0408474542D1AA07BA
S21400EB880ED04FF6FF7336F8022BA81E43EA024350
S21400EB9804220DEB02010193FFF792FF0235023CB7
S21400EBA8A3070ED0023C24F00103F35A04226FEAAE
S21400EBB803436FEA13430DEB020128190193FFF78D
S21400EBC87FFF002CAED0224631462846FFF778FF56
S21400EBD8A8E740F2FD11104832F0C1F9C8E705F47D
S21400EBE86043B3F5005F04D1C5F30B0505F5FC25B6
S21400EBF8BEE740F20521084832F0B1F96FF00F077A
S21400EC084546B6E717F8013BFF2BB6D04FF404711C
S21400EC18484632F0A4F9B0E7DF1B0400E05C0020A9
S21400EC288C6C0020FF03E00F10B500F077F829F091
S21400EC3883FC044618B100F079F8204610BD00F0B1
S21400EC487BF804460028F6D10122014B1A70F2E739
S21400EC58E25C0020054B1B7833B1054BC0F313016B
S21400EC6800221868FCF774BC11207047E25C00208C
S21400EC784C670020144B2DE9F0411B7805460E46DC
S21400EC881746FBB129F03FFC012805D9841EE4B2DB
S21400EC98012C09D9212412E03B4631462846BDE816
S21400ECA8F041002200F052B800F038F83B46002247
S21400ECB83146284600F076F8044600F037F8204635
S21400ECC8BDE8F0811124FAE7E25C0020124B70B52B
S21400ECD81B7804460D461646E3B129F014FC0128B5
S21400ECE805D9831EDBB2012B08D9212410E0324651
S21400ECF829462046BDE8704000F040B800F00EF8FF
S21400ED0820463246294629F019FC044600F00EF83B
S21400ED18204670BD1124FBE7E25C002008B532F0FF
S21400ED288AF8014B186008BD303D0020014B186872
S21400ED3832F07CB8303D0020024B1968024B186848
S21400ED48FCF76CB82C6700204C67002037B50546E2
S21400ED580C46C0F313010848ED02006805D52246A4
S21400ED6803B0BDE83040FCF7A7B900931346224627
S21400ED78FCF75CF903B030BD4C67002030B405469C
S21400ED881346074A0C46C0F313011068EA0203D577
S21400ED98226830BCFCF798BB224630BCFCF78EBA1B
S21400EDA84C670020F7B505460F4614461E461BB9A5
S21400EDB82125284603B0F0BD0029F9D029F0A3FB89
S21400EDC84BF23462ABB2934220D14FF0FF33224667
S21400EDD86946CDE9003325483346FFF7E3FF0822A6
S21400EDE80546234968460EF029FD38B933462246BB
S21400EDF8694641F2F010FFF7D5FF0546002DD8D139
S21400EE083246694638460EF05DFBD2E741F2F0120C
S21400EE1893420FD1174B311908299A6CDB6CC7D867
S21400EE28CDE9002332460DEB040138460EF04AFBC6
S21400EE380025BEE702280BD1C5F30C4332199342CE
S21400EE48B6D3C5F30B0104F17E6432462144ECE7E1
S21400EE58032809D1C5F30C4332199342A8D3C5F346
S21400EE680B0104F5FC24F0E70125A2E7021008C010
S21400EE7894B504000080E00F10B52BF010FE2CF0BF
S21400EE8806FFBDE81040034601210220014A02F0B1
S21400EE980BBC00BF761C040013B5D0E9023253F849
S21400EEA822301C7820462BF00CFE234600900121C9
S21400EEB80220024A02F0F8FB02B010BD8A1C0400C9
S21400EEC8014B18782BF0D2B9E35C0020FF232DE91C
S21400EED8F04F8FB01122002108A88DF813300EF0DD
S21400EEE861F908A82AF080FB01210220B04A08AB85
S21400EEF802F0DAFB41F24903AE4A0121022002F091
S21400EF08D3FB06A82AF09FFC08A90DF113002AF0E7
S21400EF18A5FC02200021A84A02F0C6FB00202BF020
S21400EF28D6F910B106A809F0CDFB9DF92A300121C3
S21400EF380220A24A00939DF82B3002F0B5FB2BF076
S21400EF48AAFD831EDBB2FC2B054631D80121022020
S21400EF589B4A02F0A9FB01249A4E9B4FDFF8D08209
S21400EF68234632460021022002F09EFB05A9E0B2A5
S21400EF782BF093FD034650B1A0F11602012A40F289
S21400EF88AA8042460121022002F08EFB0CE09DF981
S21400EF9814303A4601939DF816300121009302205A
S21400EFA89DF8153002F080FB0134E3B29D42D7D8B5
S21400EFB8BDF8284007F072FF23460021834A0090D8
S21400EFC8022002F071FB02200021814A02F06CFB4D
S21400EFD800202BF07CF910B108A809F073FB01217A
S21400EFE87C4A022002F060FB2BF0B3FC04462BF0B0
S21400EFF8AEFC23460121784A0090022002F054FB1A
S21400F00808F024FC00210220744A02F04DFB9DF80B
S21400F0181330FF2B65D000210220714A02F044FB12
S21400F02801216C4A022002F03FFB2AF01CFC012159
S21400F03803466C4A022002F037FB07F007FF002160
S21400F0480346694A022002F02FFB2AF012FC044607
S21400F0582AF011FC23460121644A0090022002F09F
S21400F06823FB31F089FF08F099FC01210346604A2A
S21400F078022002F019FB0025DFF8B88108F08EFCA4
S21400F088ECB2A04233D831F077FF0123594A19462B
S21400F098022002F009FB00202BF0E8F8564B574CEC
S21400F0A80093012100230220554A02F0FDFA236846
S21400F0B863B1012102201B78524A02F0F5FA236850
S21400F0C8012102205B78504A02F0EEFA2BF0D3F8C2
S21400F0D80FB0BDE8F08F012102204C4A02F0E4FA96
S21400F0E862E7002102204A4A02F0DEFA98E7494B16
S21400F0F8204603EB0416D6F8089008F009FD824669
S21400F108204608F051FC444F00280CBFC346BB46B7
S21400F118204608F0FDFC0AF0B7FA002808BF474664
S21400F128534600210220CDE900B73C4A02F0BCFA5B
S21400F138B37901210293B388022001937388384A71
S21400F1480093337B02F0B0FA0026DFF8ECB099F8AB
S21400F1580430F4B2A34203D831F00EFF01358DE730
S21400F16814235C43D9F8007002203A5B07EB040AC4
S21400F1789AF90C3000922B4A002132EA230228BF63
S21400F1885A461346284A02F08FFA00202BF09FF8BA
S21400F19838B150463C5B2AF0D5FB014620460AF0BB
S21400F1A8C1FA01210220214A02F07EFA0136CEE792
S21400F1B8CB1C0400DA1C0400F61C0400221D040004
S21400F1C8FD1C0400131D04001A1D04004F1D040036
S21400F1D86F1D0400B91D0400781D04009A1D040064
S21400F1E8BB3B0400A51D0400BB1D0400D11D040084
S21400F1F8E71D0400601E0400781E0400CC410020B1
S21400F2086C1E0400861E04009A1E0400371D0400A7
S21400F218571A040000410020A21C0400F21D040036
S21400F228121E0400BF1C0400481E0400D06404001C
S21400F238421D0400AA1C0400B31C04002DE9F74371
S21400F2480025134EDFF8588008F0A8FBECB2A04261
S21400F25802D803B0BDE8F0832701204616F80790C9
S21400F26808F0A2FB0B4A4B46002808BF424600217E
S21400F27802200092084A02F017FAF05D2AF0FFFA18
S21400F28801210220054A02F00FFA0135DCE700BF2B
S21400F29800410020696B0400B51E0400D064040019
S21400F2A8736B040008B583685A681178C26853F807
S21400F2B82230A1F1650251425141187808F02AFD22
S21400F2C830B9BDE8084001210220024A02F0ECB934
S21400F2D808BD00BFC01E040000210220014A02F03B
S21400F2E8E3B900BFDA1E040000210220014A02F03A
S21400F2F8DBB900BF081F040010B5044686B0182204
S21400F308002168460DF04EFF68462AF02EFFD4E925
S21400F318022052F8203002EB80021B788DF80B3062
S21400F328516891F900108DF80A1091680988ADF8AF
S21400F33808106168091A032907DDD26803F01F035D
S21400F348127843EA42138DF80B30684607F054FEED
S21400F35800210346024A022002F0A6F906B010BDB4
S21400F368241F040007B500202BF059FB002100904D
S21400F378034B0220034A02F097F903B05DF804FB3A
S21400F388311F0400371F040013B5D0E9023253F8C2
S21400F398221003EB82035B68087819680023094C7F
S21400F3A8A222994208BF2146C01A18BF01202BF096
S21400F3B82AFB01210090044B0420044A02F074F949
S21400F3C802B010BD00F8FF07FE60040049200400E4
S21400F3D813B5D0E9023203EB820153F82230D1E9A3
S21400F3E801141878FF22003818BF0120237809680E
S21400F3F82BF009FB01210090034B0420034A02F07E
S21400F40853F902B010BD00BF421F04004920040093
S21400F41808B5002101230C4A2BF067F90A482AF0A0
S21400F428C5FE0020094909F0E5F900202AF04FFF3B
S21400F43810B1054809F046F9BDE808400121042046
S21400F448034A02F031B900BF14620020571F0400B7
S21400F458D064040010B52AF010FA034630B1BDE8AF
S21400F468104001210420054A02F01EB90121BDE81A
S21400F47810400420024A02F017B900BF651F0400B6
S21400F488761F040010B52AF095FEBDE81040034626
S21400F49801210220014A02F007B900BF811F0400BB
S21400F4A810B52AF058FEBDE8104003460121022098
S21400F4B8014A02F0F9B800BF971F040037B5D0E933
S21400F4C80232012453F822304FF6FF701D78FE22D0
S21400F4D804FA05F100232BF00AFB2B460090214680
S21400F4E80420024A02F0E0F803B030BDAB1F040067
S21400F4F8D0E9023253F822301B7823B101210220CA
S21400F508024A02F0D1B8024A13707047CA1F0400B4
S21400F518E35C002007B568462AF095F907F0BEFCBC
S21400F52801210346084A022002F0BEF8684609F0A0
S21400F538C9F807F027FF01210346044A022002F013
S21400F548B3F803B05DF804FBE01F0400FA1F0400DC
S21400F55837B5D0E90245406854F82530401B0328E3
S21400F568D8BF002004EB8504C8BFE0681978636834
S21400F578C8BF00781A78A36893F900300090012075
S21400F5882BF02FFA38B901210220084A03B0BDE84B
S21400F598304002F089B8064B019000930121022002
S21400F5A8044B054A02F080F803B030BD0B20040077
S21400F5B813200400AD4C04002720040007B50120E2
S21400F5C82BF017FA48B9009001210220084B094A87
S21400F5D802F06AF803B05DF804FB054B019000934F
S21400F5E801210220044B054A02F05EF8F2E700BF4C
S21400F5F8132004003E2004005C7904002720040041
S21400F60808B5D0E9023253F8223018782BF0A5F95D
S21400F61830B9044A0121BDE80840042002F044B885
S21400F628014AF7E7532004006F20040008B5D0E924
S21400F638023253F8223018882BF08DF930B9044A74
S21400F6480121BDE80840042002F02EB8014AF7E779
S21400F6588E200400BE20040073B50378044613F019
S21400F668050F0ED04588062D17D1836801215B68E3
S21400F678174A1B780193838804200093154B02F0E1
S21400F68813F82378012B20D001210420114B124AAD
S21400F69802B0BDE8704002F007B835B9838801218A
S21400F6A804200E4A02F000F8EBE7012DE9D186683F
S21400F6B80B49002009F09EF8304609F003F8294661
S21400F6C80420084A01F0F0FFDBE702B070BD00BF77
S21400F6D8F4200400EB200400462104001121040055
S21400F6E82E210400D06404002DE9F04F00268FB0C8
S21400F6F8364D09AC0FCD0FC42B6801210220344AC1
S21400F708236001F0D1FF3446DFF8DC902AF0AFF82A
S21400F718F5B2A8420BD82AF0AAF823460090012191
S21400F72802202C4A01F0C0FF0FB0BDE8F08F284633
S21400F73805A92BF0F4F80346002841D19DF81430AB
S21400F748032B39D904238DF814302B4600210220C8
S21400F758214A01F0A9FF9DF814300EAA02EB830394
S21400F76800214A4653F8143C022001F09DFF284623
S21400F7789DF821A09DF815B09DF81870BDF8168064
S21400F7882BF0CFF85346CDE9028000210220CDE9C0
S21400F79800B7124A01F088FF01340020E4B22AF0CC
S21400F7A896FD18B10DF1190008F08CFF0021022013
S21400F7B80B4A01F079FF01E0002BC6D10136A5E718
S21400F7C800210220074A01F06FFFF7E79CB5040006
S21400F7D858210400D1210400151D040085210400C9
S21400F7E8E2160400AC210400582C0400C3688268A2
S21400F7F8013BDBB252F8233002201B78652B14BF7E
S21400F80800220121044B1BBF01211A70034A044A37
S21400F81808BF197001F048BFF66C0020E821040004
S21400F828F6210400D0E9023253F822301A88014B38
S21400F8381A8070478E6C002007B5D0E9023103EBBA
S21400F848810253F8213052681988054B05481288FA
S21400F85800930088012309F029FC03B05DF804FB37
S21400F86861F600008E6C0020C3688268013BDBB23C
S21400F87852F823305B78A3F1660253425341014A9B
S21400F88813707047F96C002030B5D0E9023253F88F
S21400F898223089B01D78012302AA194604462AF0A8
S21400F8A824FF01230093102302210DEB03022046B8
S21400F8B82AF0FCFE284604AA02A92BF032F90446D0
S21400F8C800202AF004FD18B12146044807F076FB0C
S21400F8D80020034908F074FF09B030BD0522040073
S21400F8E8D0640400002330B58FB00221009309AA23
S21400F8F8122305462AF0DAFE05AA014609A807F0EB
S21400F908E1F8044698B1232805D1134A01210420BA
S21400F91801F0CAFE09E0212801D1104AF6E703469D
S21400F928012104200E4A01F0BFFE0FB030BD0123AE
S21400F9382846194603AA2AF0D8FE05A903A82BF0DC
S21400F948F2F8054620462AF0C2FC18B129460548B2
S21400F95807F034FB044AD9E71222040035220400D3
S21400F9687022040091220400D0640400F0B5D0E9A7
S21400F978023253F8221003EB82039B6805461F7871
S21400F98887B038460E782AF082FC044608BBD5E9CC
S21400F998022101238DF80830194452F8210002EBA1
S21400F9A8810200888DF809709268ADF80A0012780E
S21400F9B804218DF80C2028460DF10D022AF095FE3C
S21400F9C8304602A98DF815402AF0ADFF04462AF005
S21400F9D852FC334601210420024A009401F064FEDA
S21400F9E807B0F0BDA62204002DE9F04101218EB033
S21400F9F80220274A01F058FE002005AB01AA09A9F3
S21400FA082BF089F800250446224E234FDFF898800D
S21400FA181CB128460EB0BDE8F08102202B463246BF
S21400FA28214601F041FE20462AF051FC10B10AA8F2
S21400FA3808F048FE3A46002102209DF8303001F0D2
S21400FA4833FE424600210220079B01F02DFE0021CE
S21400FA580220BDF82030114A01F026FEBDF8143009
S21400FA6800210F4A022001F01FFE013501A82AF0E6
S21400FA7829FCEDB2012102200A4A01F015FE2846AB
S21400FA8805AB01AA09A92BF046F80446C0E700BF53
S21400FA98D82204001E23040026230400DA3B0400B0
S21400FAA83B230400D0640400322304002DE9F04709
S21400FAB8064698B0C0B929F0D8FE074600250EA815
S21400FAC82BF033F801210220384A01F0EDFD2C46D0
S21400FAD8DFF8E080DFF8E090DFF8E0A0BC4205D36E
S21400FAE8284618B0BDE8F0870127E7E713A82BF0EB
S21400FAF81CF8002E4CD0022306A913A88DF84C300B
S21400FB08FE242BF004F800283FD102A913A82BF0F6
S21400FB1804F89DF8593043F001038DF85930002E4B
S21400FB283DD1234631460220214A01F0BDFD9DF80D
S21400FB3859300AA943F0010313A88DF859302AF062
S21400FB48ECFF00202AF0C3FB10B114A808F0BAFD99
S21400FB580C9B42460021022001F0A6FDBDF8282095
S21400FB68002112F4007F0CBF4C23412312F0100F23
S21400FB780CBF6E227922022000924A4601F094FDBC
S21400FB8806A82AF09FFB0135EDB20134E4B2A5E7DA
S21400FB9820460AAB06AA13A92AF0BBFFB3E75246CB
S21400FBA80021022001F080FDC1E700BF45230400C4
S21400FBB81E23040032230400812304007A23040051
S21400FBC830B5012499B00EA82AF0AFFF13A88DF817
S21400FBD838402AF040FFC0B9BDF84C1011EA0405B9
S21400FBE813D121460220444A01F05EFD2946022030
S21400FBF8424A01F059FD214602203F4A01F054FDD1
S21400FC08214602203C4A01F04FFD06A90EA82AF01C
S21400FC187EFF20B11022FF2106A80DF0C3FA04A823
S21400FC282AF07DFF059B01210220354A0093354BBB
S21400FC3801F03AFD9DF8123001210220324A009365
S21400FC48304B01F031FD00212E4B304A022001F0E6
S21400FC582BFD06A82AF036FB13A82AF066FF022317
S21400FC680AA913A88DF84C302AF057FF00283FD170
S21400FC780B9B009301210220254B264A01F014FD18
S21400FC880121234B244A022001F00EFD0120FFF734
S21400FC980DFF01211E4B214A022001F005FD002020
S21400FCA8FFF704FF044629F0E0FD234600900121F3
S21400FCB802201B4A01F0F8FC01211A4B174A0220C1
S21400FCC801F0F2FCFFF790FE174902280346174892
S21400FCD8174A28BF0A46084928BF01460092CDE9B8
S21400FCE8013102200121134A01F0DEFC19B030BDB3
S21400FCF84FF0FF33BDE700BFD06404009423040030
S21400FD08D2230400CA230400E2230400374B04006D
S21400FD185E590400F5230400052404000C2404009E
S21400FD28152404002924040090230400A14004009C
S21400FD38F34004003724040010B5D0E9023253F823
S21400FD4822301C78201E18BF01202AF070FE054AB3
S21400FD58054B0020002C18BF1A46BDE81040034982
S21400FD6808F02EBD642404005F2404006D240400FB
S21400FD78D0E9023210B553F822301C8820462AF003
S21400FD8858FE2246BDE810400020014908F018BD7C
S21400FD98AE24040037B5044607F058F8014638B1D3
S21400FDA800200D4A0D4903B0BDE8304008F008BDF4
S21400FDB8E368A268013BDBB252F8233008481D7896
S21400FDC80123084A00936C2D08BF024610232046DC
S21400FDD82AF06CFC03B030BDFC24040004250400A3
S21400FDE8DF6C0020CF6C002013B583689A68127801
S21400FDF8672A22D101A82AF02EFE0446A8B9BDF823
S21400FE080420174908F0DCFCBDF80430DA070AD4E9
S21400FE1813F0020F134B144A18BF1A461349002052
S21400FE2808F0CEFC19E0124AF8E70246114900200D
S21400FE3808F0C6FC22461049F1E7C26801A953F843
S21400FE48220003EB82035B6800681B68ADF8043089
S21400FE582AF007FE04460028ECD102B010BD00BF09
S21400FE68372504002A250400944C0400582504006D
S21400FE781A2504006A25040096250400034A044946
S21400FE881388C85401331380704700BFCE5500202E
S21400FE98E95C002073B5154D01242B78144E13F039
S21400FEA8040F0CBF02230423124A2146147032881A
S21400FEB802200192EB5C104A0093104B5B8801F01D
S21400FEC8F3FB002102200E4A01F0EEFB0D4B2946FB
S21400FED8009332882346022001F02CFC214602209B
S21400FEE8094A02B0BDE8704001F0DEBBE95C0020BC
S21400FEF8CE550020E85C0020A5250400C05500204B
S21400FF08CA250400EC250400D064040070B5164623
S21400FF184FF48A52114B124DDA805980114B1B88C8
S21400FF281A1E18BF012240EA82000F4A1278003AC9
S21400FF3818BF012240EA0210287063B103246B70D0
S21400FF481B0AAB7009F00EFC631C2855EE54074BD1
S21400FF5802341C8070BD0124F4E700BFC0550020A1
S21400FF68E95C0020CC550020E75C0020CE55002038
S21400FF7838B5D1E902320C46054653F82230024617
S21400FF8819880C4B1878FFF7C1FFE368A26801339D
S21400FF9852F82330188828F013FB4DB1E368A2689E
S21400FFA8023352F823301878BDE83840FFF766BFAA
S21400FFB838BD00BFE45C0020F0B50546EB68AA68CB
S21400FFC8023352F8233008461C78294685B0FFF7D6
S21400FFD8CFFF204629F0A2FC204E214F78B32046BA
S21400FFE829F0A8FC0321441C03AA284627F04FFB47
S21400FFF83288E4B2C2F1FF0303991B1B9BB28B4203
S21401000822443CBFC2F1FF0303930123032100935B
S2140100183A449DF80C3028462AF048FB039A022CED
S214010028338804BF0F48110AFA5408BFC154134451
S2140100381C44348005B0BDE8F040FFF72BBF2046CE
S21401004807F00CFC0123328804460093032103467B
S2140100583A4428462AF02AFB3388E9E7CE55002099
S214010068E95C0020EA5C0020052307B5012100931E
S2140100780220044B044A01F017FB03B05DF804EBB9
S214010088FFF79EBDD3250400DA25040013B5044600
S2140100982AF0DDFC38B1CDE9004001210220034BEE
S2140100A8034A01F001FB02B010BD00BFFC240400A6
S2140100B8F1250400194B37B51B783BB901210220FD
S2140100C8174A03B0BDE8304001F0EEBAD0E9023273
S2140100D8144C53F8223001211D78638802200093BE
S2140100E8114A2B4601F0E0FA104B25711B78104D8A
S2140100F863B1012102200F4A01F0D6FA20460E4AC2
S214010108298803B0BDE8304029F0A9B920460A4A33
S214010118298803B0BDE8304029F063BAE85C0020BE
S21401012808260400C055002016260400E55C0020B9
S214010138CE5500202D260400E95C00202DE9F0416B
S214010148D0E9023253F8221003EB82035A680C787E
S21401015817889A68DB68B2F80080C6B01D78002157
S214010168304B0220304A0094CDE9017801F09CFA20
S214010178002D0CBF6E237923012102202B4A01F0A2
S21401018893FAFF23002D0DF1170606AD01932046BD
S2140101980CBF80234023424639460296009529F033
S2140101A803FF0446002835D1307829F0BDFB074601
S2140101B8B0B128462AF04AF81D4BFD28A8BFFD20F5
S2140101C80093234682B20DF11901022001F0B2FA1A
S2140101D801210220174A01F067FA46B0BDE8F0810E
S2140101E8307829F0A7FB60B128462AF034F8FD28B4
S2140101F8A8BFFD200E4B82B200930DF11A013B46B3
S214010208E3E7307807F02AFB0B4B024600932946B2
S2140102180123DAE7009001210220084B084A01F081
S21401022843FADAE7FA590400472604006C26040064
S2140102387E6E0400D0640400EC250400F42E04004D
S21401024876260400D0E9023253F8221003EB820323
S2140102582DE9F04F5A680F78B2F800809A68C7B04F
S214010268B2F80090DA681B6992F800A01E7800219F
S2140102782F4B304A0446CDE901890220009701F048
S21401028813FABAF1000F0CBF6E237923012102205D
S214010298294A009606AD01F007FAFF2200212846F2
S2140102A80CF080FF304629F03FFB834608B3002355
S2140102B8052100932046FD230DF119022AF0F6F9CF
S2140102C82870BAF1000F0CBF802340234A464146E6
S2140102D83846CDE9005629F032FE0146144806F0A4
S2140102E86DFE01210220154A01F0DEF947B0BDE88E
S2140102F8F08F304629F01EFB60B1FD23052120460C
S214010308CDF800B00DF11A022AF0D0F985F801B03F
S2140103182870D6E70590304607F0A0FA059A0346F6
S214010328009205212A4620462AF0C0F9C9E700BFEF
S214010338ED5904004726040087260400D06404000B
S2140103482DE9FF471C465B68E5685B1B00255FFADD
S21401035883F803952E46FFF7D9FDEBB298450BD9DE
S2140103680C9B9B5D282B39D8202B00F2CB800136BD
S214010378F6B2002B40F0C980FFF78CFD04B0BDE84B
S214010388F087132A2FD801A151F822F05B04010047
S2140103986D0401007F040100B3040100810301001C
S2140103A8810301008103010081030100EF030100BD
S2140103B8EF030100EF030100EF030100EF03010063
S2140103C8EF030100EF030100EF030100EF03010053
S2140103D8EF030100FF030100D9040100A3F1310274
S2140103E8D1B21329CDD90136F6B2A3F14102032AB7
S2140103F8C2D8422B6CD06C4F00213A88DFF8B0A1E6
S214010408C2F1FE039BB2FF2B28BFFF2301320091E6
S214010418DBB22046524469B22AF024F93B880AF82E
S214010428030001331844388011E04FF00409E368EB
S214010438A2682B4452F823301F68F8B209F1FF3935
S214010448FFF71CFD19F0FF094FEA1727F5D101350B
S21401045883E7E368A2682B4452F823301878FFF73D
S2140104680DFDF4E7E368A2682B4452F82330188898
S21401047828F0A6F8EBE7E368A2682B4452F8233085
S2140104881F68B7F1807F09D2F8B2FFF7F7FCC7F308
S2140104980720FFF7F3FCC7F30740E0E72B460121E7
S2140104A80820424A01F000F966E74FF00409E368BC
S2140104B8A2682B4452F823301F68F8B209F1FF39B5
S2140104C8FFF7DCFC19F0FF094FEA1727F5D1BEE75D
S2140104D8294603AA204627F0DAF80021324F344A83
S2140104E83B88DDF80C9002EB030CCAB2914501F18A
S2140104F8010102D84B443B80A9E710F802A00CF88A
S21401050802A0F2E7242B3FF670AF013B232B3FF600
S21401051833AF01A252F823F05B0401006D04010019
S2140105287F040100330401008103010081030100F7
S2140105388103010081030100810301008103010099
S2140105488103010081030100810301008103010089
S21401055881030100810301005B0401006D040100B1
S2140105687F040100B3040100810301008103010037
S2140105788103010081030100810301008103010059
S2140105888103010081030100810301008103010049
S21401059881030100810301005B0401006D04010071
S2140105A87F04010033040100CE550020A026040074
S2140105B8E95C0020094B1B7823B101210820084A71
S2140105C801F072B8D0E9023253F82230054A1B8886
S2140105D8012113800820044A01F066B8E85C00206F
S2140105E8C6260400CC55002008270400D0E90232AC
S2140105F853F82230054A1B780121003B18BF012316
S21401060808201370024A01F04FB800BFE65C0020CC
S2140106182E270400D0E9023253F82230034A1B7809
S214010628012113700820024A01F03EB8E75C002059
S2140106385D27040010B5D0E90232044653F822308B
S214010648132219880B4B1878FFF760FCE368A26839
S214010658013352F823301878FFF710FCE368A268D4
S214010668023352F823301878FFF708FCBDE810402B
S214010678FFF710BCE45C002010B5D0E9023204464E
S21401068853F82230112219880B4B1878FFF73EFCD5
S214010698E368A268013352F823301878FFF7EEFBB7
S2140106A8E368A268023352F823301878FFF7E6FBAE
S2140106B8BDE81040FFF7EEBBE45C0020D0E902324B
S2140106C853F82230034A1B78003B18BF0123DB008E
S2140106D813707047E45C002010B5D0E9023253F875
S2140106E82230044619880E4B06221878FFF70EFCAE
S2140106F80120FFF7C3FBE368A268034452F82330DE
S214010708188827F05DFFE368A268023352F82330A1
S214010718188827F055FFBDE81040FFF7BBBB00BFA0
S214010728E45C00202DE9F043D0E902324FF0FD09E0
S214010738013253F8221003EB82035A68C7B01788B0
S2140107489A68B1F80080147853F8043C002C0DF12F
S214010758170506AE18783A4614BF4023802341464B
S2140107680295CDF80490009629F01EFC034638B190
S214010778184A0121082000F097FF47B0BDE8F0832A
S214010788201E18BF01200A224146C000FFF7BEFB03
S214010798384627F015FF2878FFF770FB4A4631469A
S2140107A8287829F06FF8044628B10B4F3D88C5F123
S2140107B8FF03984202DD2346084ADAE7024608485C
S2140107C83146284425440CF07DFE3D80FFF762FB48
S2140107D8D3E700BF93270400CE550020AF270400B7
S2140107E8E95C002010B5D0E90232044653F82230FD
S2140107F8082219880B4B1878FFF788FBE368A2686C
S214010808023352F823301878FFF738FBE368A268FA
S214010818013352F82330188827F0D2FEBDE810407D
S214010828FFF738BBE45C002073B5D0E90232054611
S214010838023253F8221003EB820353F8042C53F8C0
S214010848083C0C781988234B168818780622FFF777
S2140108585DFB0020FFF712FB304627F0B1FE20466D
S214010868FFF70CFBEB68AA68033352F823301888A5
S21401087827F0A6FEEB68AA68043352F823301888D6
S21401088827F09EFE204609F06DF9E8B9204606F0E5
S214010898E5FF05210446019001AA284626F0F7FE41
S2140108A8019B01469C4206D0224631460A480BF077
S2140108B85BFB02B070BD094D09482E8822463044BC
S2140108C834440CF0C1FC2C8002B0BDE87040FFF740
S2140108D8E1BA00BFE45C0020DB270400CE55002007
S2140108E8E95C002073B5D0E902324FF48A5153F817
S2140108F82230104D1A88104BD9805A8000232A4678
S21401090800930121FF2329F0D1FE2B78044613F02A
S214010918040F0A4B08BF01261B7818BF032613B11C
S21401092808F020FFA855064B1C8002B0BDE87040B1
S214010938FFF7B0BAE95C0020C0550020E65C00204D
S214010948CE550020D0E9023253F82230034A1B78EC
S214010958003B18BF01231370704700BFE55C0020F9
S21401096810B50C4608B907F089FE024B18715C7180
S21401097810BD00BFC055002002462DE9F341D0E95D
S2140109880253526855F82310D21A0C8805EB8301D6
S214010998013BDBB255F82380294D022A4868C8BFB7
S2140109A88A682B78D8BFFF210078C8BF11783BB971
S2140109B801210220234A02B0BDE8F04100F074BECE
S2140109C8FFF7CEFF06F06AFA1F4F204E3B88014616
S2140109D8224600931E48334629F0D2FB0246C8B980
S2140109E898F804103B885F2917D1CDE900364FF6F1
S2140109F8FF712046164B28F026FD28B10346012133
S214010A080220144A00F050FE0023134A2B7013806C
S214010A18124A137002B0BDE8F0814FF6FB718C42A2
S214010A2808D9CDE900362146094B4FF6FF7028F064
S214010A3868FDE2E72146064A009628F094FDDCE7C1
S214010A48E85C002026280400CE550020E95C00203A
S214010A58C05500202D280400CC550020E75C002056
S214010A68002210B50A2104461046FFF74FFA002067
S214010A7827F0A6FD0122044B1A70FFF70BFA204651
S214010A88BDE81040FFF778BF1162002038B51C4654
S214010A9815460123224629F028FE60B92146284634
S214010AA829F0FFFF044620B101210420034A00F083
S214010AB8FBFD204638BD0024FBE700BF5428040090
S214010AC82DE9F0430C4615461F46D0E9022352F895
S214010AD8231002EB830293680E8893F80080D3688C
S214010AE88BB0B3F800903246012106ABFFF7CEFF74
S214010AF8F0B90DF1200CF4B101232A884021CDE983
S214010B0802C2CDE90471CDE900932221434606AA23
S214010B18304629F021FE0B4B0B4A00930B4B0190F4
S214010B28002C08BF134601210420094A00F0BCFD29
S214010B380BB0BDE8F083624628686968032303C2E0
S214010B482246DBE7B328040098280400922804000C
S214010B58A028040007B501236A46002129F0C5FD2F
S214010B686846034908F04EFB03B05DF804FB00BF76
S214010B7861F60000D0E9023253F82230014918889C
S214010B8808F012BB61F6000010B5D0E9023203EB9B
S214010B988201496853F8223009784FF48A52188836
S214010BA829F0CAFDBDE81040034601210420014A88
S214010BB800F07ABDBD280400D0E9023253F822308D
S214010BC802214FF48A5210B5188829F0A7FDBDE80E
S214010BD81040034601210420014A00F065BD00BF0C
S214010BE8D62804001FB5D0E9023203EB820153F878
S214010BF82230496818884FF48A5309880293094BAA
S214010C08094A0193094B1B7800931278084B29F07F
S214010C18FBFD012103460420064A05B05DF804EBF6
S214010C2800F042BDD0550020E95D0020E85D0020B7
S214010C38DA550020ED2804002DE9F043D0E9023208
S214010C4853F8221003EB82035A680E8817789A68BD
S214010C58DB688BB092F80090B3F800803246042126
S214010C6806AB0446FFF712FF28BB08AD01232A4648
S214010C780521204629F039FD38B9042001210F4AFB
S214010C8800F012FD284628F0DEFD4FF48A53CDE920
S214010C9804930023CDE9025303232121CDE90083E0
S214010CA806AA3B46304629F057FD01210346044A69
S214010CB8042000F0F9FC0BB0BDE8F0830529040018
S214010CC83429040038B5D0E9024303F18043023BD6
S214010CD802220F4954F823009D000CF0AFFD60B9BD
S214010CE80C4B0D491A78042A0BD82C44A0680088A6
S214010CF821F8120001321A7038BD084B08491A78D3
S214010D08F1E70121BDE838400420064A00F0CCBCD2
S214010D1828520400E95D0020DA550020E85D00202D
S214010D28D05500204629040008B5C368806803F139
S214010D388043023B0222064950F823000CF07EFD50
S214010D4810B9044B187008BD0022034B1A70FAE755
S214010D5828520400E95D0020E85D002037B5D0E997
S214010D68023153F821208C0015784268521A012A5C
S214010D78C5BF1B195B686C091C78DCBF44F01804F6
S214010D8805F01F052946204629F002FC034640B116
S214010D982346012104200E4A009500F085FC03B085
S214010DA830BD0121A94074B92346FE224FF6FF70D3
S214010DB829F09DFE012103460420064A03B0BDE83A
S214010DC8304000F071BCFE2241EAC461EEE700BF84
S214010DD85C2904007C29040070B5D0E9021551F895
S214010DE8253001EB8501044618884B681A788B680C
S214010DF8052A1B8802D85E1E072E0BD9012104205E
S214010E080C4A00F051FCBDE87040012104200A4A52
S214010E1800F04ABC6468641B032CCABFC96807494A
S214010E28096829F064FEBDE87040024604490020BE
S214010E3807F0E0BC9A290400BA29040000F8FF0765
S214010E48D729040008B5D0E9023253F8220003EB8B
S214010E5882035968FF22038809684FF6FF7029F054
S214010E6846FEBDE8084002460149002007F0C2BC1C
S214010E78EA29040008B5D0E9023253F822300521E0
S214010E884022188829F04AFCBDE808400246024973
S214010E98002007F0AFBC00BF0B2A040008B5D0E954
S214010EA8023203EB8201486853F822100278402385
S214010EB80988312029F085FCBDE808400246024928
S214010EC8002007F097BC00BF2C2A040008B5D0E91B
S214010ED8023203EB8201486853F822100278402355
S214010EE80988332029F06DFCBDE80840024602490E
S214010EF8002007F07FBC00BF462A04001FB5D0E9D2
S214010F08023253F8221003EB82039B6808881A788A
S214010F180023D21A18BF0122CDE9023302A94023C1
S214010F28D20129F05DFC01210090044B0420044AFB
S214010F3800F0BAFB05B05DF804FB00BFB328040057
S214010F48642A040007B5D0E9023253F82230032197
S214010F584022188829F0E2FB01210090034B042067
S214010F68034A00F0A1FB03B05DF804FBB3280400B4
S214010F78732A040037B5C3688268053352F82330EC
S214010F8804211D786A460123044629F0AEFB38B9C8
S214010F9804200121064A00F087FB684628F053FC26
S214010FA82B466A4600212046FFF78AFD03B030BD6E
S214010FB88D2A040007B5D0E9023203EB820148689E
S214010FC853F82210027840230988322029F0F9FBC9
S214010FD801210090034B0420034A00F065FB03B08F
S214010FE85DF804FBB3280400BE2A040070B58569C1
S214010FF80446EA0705F0020605D476B1C5F30720CC
S21401100829F045F909E01EB1B2210F482FF0A7FFD4
S214011018A069C0F3810029F029F9E3691BB9BA214F
S21401102809482FF09CFF204614F05AF9E3693EB1AF
S214011038607E9847AB0706D0BDE8704029F01BB91B
S21401104820469847F6E770BDD32A040008B514F081
S2140110585BFD28B1BDE80840472102482FF07FBF55
S21401106808BD00BFD32A04002DE9F041FF2B044632
S2140110780F4690461D469DF8186005D0FF2E03D0F2
S214011088D52111482FF06BFF0023FF2D18BFAD00A7
S2140110980E4A1CBF45F00105EDB222600C4AC4E9B0
S2140110A8063818BFA561FF2EC4E901232361E7604E
S2140110B807D0A36943F0020323F47F4343EA0623D8
S2140110C8A361BDE8F08100BFD32A0400343D0020A7
S2140110D8F50F0100002310B5054C03610460054CAB
S2140110E8C261C0E901430123C160836110BD00BF2D
S2140110F8343D0020F50F010070B58669044606F0F8
S2140111080303032B0D4603D1FC2114482FF027FFB8
S214011118FF2D16D0B20704D440F201110F482FF064
S2140111281EFF284628F04FFDFF28054604D14FF438
S21401113882710A482FF013FF2DB204EB451420469E
S21401114870BDF307FBD5A36913F00C0FF7D040F277
S2140111580B1102482FF003FFF1E700BFD32A040062
S2140111680023054AC0E9063103610260C360034AE9
S214011178034B426083607047343D0020F50F010041
S214011188B552020001482BF0CFBC00BF343D002009
S21401119801482BF0D5BC00BF343D002013B50E48DE
S2140111A82BF09CFC27F088FA2AF03FFC2AF05BFC1F
S2140111B82AF062FCFCF728FF0446FCF73FFF2346AB
S2140111C8009001210420054A00F06EFA02B0BDE83D
S2140111D81040FCF71FBF00BF343D0020662B0400FB
S2140111E8022808B503D12FF0B3FE014B186008BDDD
S2140111F8643D002008B50CF043FE0122044B1A702A
S2140112082FF02FFFBDE8084002490348FDF7C4B890
S214011218EB5D002058670020683D0020014B1870E0
S214011228704700BFEA5D0020024B187808B105F048
S21401123819BE7047EF6C002008B5074B1B780BB139
S214011248002008BDFFF7F0FF0028F9D106F0E4F901
S214011258023818BF0120F4E7EA5D002070B5FFF7F1
S214011268EBFF174D20B1FFF78DFF0428044613D86E
S2140112782B781BB92FF0F5FE01232B7027F02AFADD
S2140112880446D8B12B781BB9F7210E482FF067FE14
S214011298BDE87040FFF776BF27F01EFA0028E7D0B2
S2140112A82B785BB12FF0C7FD0646002101202DF0F3
S2140112B857FF30462FF0BAFD00232B70204670BD2D
S2140112C8EB5D0020872B04001FB5FFF7C7FF044618
S2140112D8FDF740FAA04228BF204688B103A92EF0A0
S2140112E85BFB034638B9CDE90000064A0399064870
S2140112F82FF04AFE18B18E2104482FF030FE012047
S21401130804B010BDDB860300443D0020872B040093
S2140113180D4B70B51B780D4D0D4C0121002B0CBFE4
S2140113282B46234602200B4A00F0BEF90A4B012140
S2140113381B780220002B0CBF2B462346BDE87040C5
S214011348064A00F0B1B900BFEF6C0020475204000E
S214011358665204001D2C0400EA5D00203C2C0400A3
S21401136810B5D0E9023253F8223002201B78012149
S214011378002B15BF01240024044A054A00F094F9FD
S2140113882046BDE81040FFF749BF00BF5B2C0400AC
S214011398782C0400D0E9023253F82230034A1B782D
S2140113A8003B18BF01231370704700BFEF6C002085
S2140113B838B50125084B1D702FF03DFD044629461A
S2140113C828462DF0CDFE20462FF030FDBDE83840EA
S2140113D802490348FCF7E0BFEC5D00206067002087
S2140113E8903D002070B514F015FC10F0070F1D4D48
S2140113F811D02B785BB901262E702FF01CFD044600
S214011408314630462DF0ACFE20462FF00FFDBDE8E4
S214011418704014F0C3B829F046FB0228E9D1124CF3
S2140114282378032BE5D914F0F5FB10B92378032BA1
S21401143814D814F0B3F804460028DAD02B785BB138
S21401144800262E702FF0F7FC0546314601202DF0B8
S21401145887FE28462FF0EAFC204670BD4FF0FF3481
S214011468ECE700BFEC5D0020906200201FB5FFF797
S214011478B9FF0446FDF76EF9A04228BF204688B199
S21401148803A92EF089FA034638B9CDE90000064AC1
S214011498039906482FF078FD18B18C2104482FF0DF
S2140114A85EFD012004B010BDA58C0300703D002030
S2140114B8972C040010B5094C0949002007F080F95B
S2140114C823681B68587928F0B4FB23681B68587989
S2140114D827F0EDFB04F092FE002010BD904200209C
S2140114E8252D040008B529F0CEFA024628B1BDE834
S2140114F808400020014907F063B908BD482D0400DB
S21401150808B529F0D6FA024628B1BDE808400020F9
S214011518044907F055B95422BDE80840FF2102489E
S2140115280BF040BE602D0400E455002038B5044693
S2140115380D4629F0C2FA024628B1BDE83840002017
S214011548034907F03DB9034B23F8145038BD00BFD3
S2140115587E2D0400E45500202DE9F34100240C4EAD
S2140115680C4DDFF838800C4F56F8043B0BB9D8F809
S214011578003035F8022B3946009200202246013405
S21401158807F01EF92A2CEFD102B0BDE8F08100BFA2
S2140115986C670020385600209A2D040068670020E2
S2140115A808B52A21034829F080FABDE80840FFF764
S2140115B8D3BF00BF3856002007B5D0E9023253F82A
S2140115C822301A78292A0DD8084B53F822300BB93D
S2140115D8074B1B680749002031F81210009106498D
S2140115E807F0EEF803B05DF804FB00BF6C67002057
S2140115F868670020385600209A2D040008B52A216D
S214011608034829F054FABDE80840FFF7A5BF00BF14
S2140116183856002038B5D0E9023253F8221003EBC9
S21401162882035B680C781D880020044907F0C8F817
S21401163829462046BDE83840FFF778BFA52D0400A7
S2140116482DE9F34100240C4E0C4DDFF838800C4F81
S21401165856F8043B0BB9D8F8003035F8022B394652
S214011668009200202246013407F0AAF82A2CEFD16E
S21401167802B0BDE8F08100BF6C670020E455002089
S2140116889A2D04006867002010B5024627F025FB4E
S21401169820B9044C236811B11343236010BD23EA13
S2140116A80203FAE7186800200CB413B502460C4684
S2140116B827F013FB60B9094B1B681A4208D005A925
S2140116C8049801910AF064FC14B105482AF03BF924
S2140116D802B0BDE8104002B0704700BF186800208D
S2140116E8A4300400034610B5D3E9023253F8223079
S2140116F808461C78211E18BF0121FFF7C5FF0146C1
S21401170848B9084A084B0220002C08BF1346074A66
S214011718FFF7CAFF10BD00210220054AFFF7C4FFE4
S214011728F8E700BFAA1C0400A21C0400A6300400A7
S214011738BC3004002DE9F04105461F460C46DFF88B
S2140117482C808E18B44201D1BDE8F08100212846CC
S21401175814F8013B069AFFF7A7FF002FF2D042467E
S21401176800212846FFF7A0FFECE700BF302304005E
S21401177802460249002007F023B800BFCD30040016
S21401178810B5234C2348FF2126F088FF207802282D
S2140117981ED003282ED0012804D02120BDE81040F1
S2140117A8FFF7E6BF1C4B19780029F7D002231B4A1E
S2140117B823701378052B0EBF00230133DBB2994241
S2140117C8137003D1052313700020E7E7052BFBD020
S2140117D8124B1B78052B02D103232370DDE7104A31
S2140117E8104932F8230007F0DFFC03232370002892
S2140117F8D4D110BD094B0C4A1878094B03EB80016C
S214011808897833F8200007F09FFC0123EEE700BF34
S214011818ED5D0020983D0020F65D0020F16C00206B
S2140118288C560020111A0100BD1901002DE9F04F50
S2140118380D46144695B00490112200210FA899462A
S214011848DFF86C810BF0AEFC04EB45030393D9F883
S21401185800301C2B02D0039B9C4202D115B0BDE878
S214011868F08F0123DFF844A18DF81C3023884C4AF9
S214011878ADF81E309AF800304A4D08EB83039B7882
S21401188828788DF8203013688DF81D00CDF82130A2
S2140118985368CDF8253028F0F0FC049B8DF8290014
S2140118A821882878002B4AD128F0B4F9002844D09A
S2140118B89AF800300FAA38F8230007A927F029FA62
S2140118C800283AD027F0D3FF4FF0000B074606460C
S2140118D81C255FFA8BF2974234D8B7422BD99DF86C
S2140118E81C30032B1AD10FAB0193BDF8213000220F
S2140118F80421009301202C4B06F0E8FD9AF80030ED
S21401190808EB83039978274B187806F05BFE9AF85C
S2140119180030002038F8231028F002FC5DB107A932
S214011928304629F000F8214B05461B78304638F832
S214011938231028F0FAFFC9F80050023487E728F088
S21401194860F9B3E710460BA9059228F0E8FF30B90D
S2140119589DF82C1031B9059AB74208BF16460BF107
S214011968010BB6E7BDF82E00BDF81E209042F6D151
S2140119789DF830009DF820209042F0D19DF81C205B
S2140119888A42ECD1032A14BF082202220DF1210152
S2140119980DF131000BF052FF002808BF0025DEE7E5
S2140119A8EE5D0020F06C00204A330400F16C002044
S2140119B88C56002013B503460020114A9C681278FD
S2140119C80190052A03D01B78032B00D12CB90120DE
S2140119D802B0BDE81040FFF7CBBE6268217801ABC4
S2140119E8FFF724FF217A0120E26801ABFFF71EFF0B
S2140119F8FF21044802B0BDE8104026F047BE00BFEC
S214011A08F16C0020983D0020094B1B78052B02D06D
S214011A180378032B02D00120FFF7AABE8168054A86
S214011A280B68054813604B68FF21536026F02EBEED
S214011A38F16C0020EE5D0020983D002038B50024AA
S214011A48114B124D1870124BFF211C702C7006F0AA
S214011A58B9FD0122032110460E4B06F037FD4FF65D
S214011A68FF712246084628F05EFB044648B940F650
S214011A78B832FF21084826F000FE01232B702046C5
S214011A8838BDFFF775FEFAE7F06C0020ED5D002023
S214011A98F65D0020D0640400983D0020144BF0B594
S214011AA81A68144913680978587988420BD112497B
S214011AB8D78808460022114D1E792B78D4B2A34246
S214011AC803D8052C0AD10020F0BD0C88BC4202D1EF
S214011AD88C78B442F7D001320431EFE7A342F2D151
S214011AE820F82270013300EB820086702B70EAE73B
S214011AF890420020F06C00208C560020F65D0020F5
S214011B08FF2307B50021044A04480093FFF7ACFAFF
S214011B1803B05DF804FB00BF89170100983D00205B
S214011B281FB5B42303210446ADF80E3028F069F832
S214011B3898B1212320460093002203210DF10E03BC
S214011B4828F00EFA04460020054B064A064900947A
S214011B5806F036FE204604B010BD8624F3E700BF23
S214011B68F73004000431040019310400D0E90232C8
S214011B7853F82230034A1B78012113700220024AC7
S214011B88FFF792BD0C6D0020283104000122014B9D
S214011B981A7070470C6D00200A4B90F805111B78D7
S214011BA890F8082119448A42BCBFB2FBF3F103FB43
S214011BB811234FF0FF32B8BFDBB202FA03F380F805
S214011BC80A3170470C6D00202DE9FF410446057F58
S214011BD8867EDFF870806E43237F98F800201344D2
S214011BE89D4212DB607F60B9238B02936369019380
S214011BF8237C00936288A31D217805F0EFFDFF235F
S214011C082370002004B0BDE8F081E37EAB42E9D939
S214011C18A77E228BF1199142A4BF921BD7B205EB7E
S214011C280323E3813A4633462946204627F08BF8B4
S214011C380028E7D1637F3744013301356377BEB2A5
S214011C48EDB2C9E70C6D002037B5054628F0A1FEB0
S214011C580D4B04461B6869461B78032B82BF0B4B4A
S214011C681B881B18284688BF9CB228F01AFF38B96B
S214011C78684628F090FE18B9044B1B8823449CB28A
S214011C88204603B030BD00BFCC410020966C002032
S214011C98084B1B78FF2B0BD1074B1B78FF2B07D163
S214011CA8064B1B78022B03D04FF4807028F07BBAC2
S214011CB8704700BF1C680020E83E0020B83D0020A1
S214011CC810B50446FF2126F0E9FC054B9C4202BFED
S214011CD80023A4F588742370BDE81040FFF7D8BF29
S214011CE8C83E00202DE9F0479A462A4B81461B78C4
S214011CF888461646BDF82050002B49D0FF2D3ED900
S214011D0838252846BDE8F087234B0C223146A01D0E
S214011D18636184F80090A4F802800BF095FAA28912
S214011D28414642F4004242F040022046A28127F092
S214011D381CF82A46514660690BF086FA4146484621
S214011D48A21D258328F066FBA0760028D8D0054476
S214011D58013DB5FBF0F0FF28D2DC0023E0762046F3
S214011D68A383FFF731FF054680B923794FF48070C6
S214011D78B37228F0DBF9227C099B1A80C1E7074C6D
S214011D882778FF2FC0D040F60345BAE72770F2E759
S214011D980225B6E70C6D0020F85D0020E83E00201D
S214011DA8B0F9063010B5002B25DA144C2278237CBE
S214011DB8FF2A02D0827A9A4207D0114C2378FF2B49
S214011DC817D0827A237C9A4213D169B9637F013B83
S214011DD8DBB263775BB90B4A237F1278204613443C
S214011DE82377FFF7F1FE0146204626F0CDFFFFF7E1
S214011DF84FFF012010BD0020FCE700BFE83E002091
S214011E081C6800200C6D00202DE9F04F9A46B1F9A8
S214011E18063091B0002B0D461746DDF86880049011
S214011E2880F22981B8F80030FF2B04D94FF4B87135
S214011E38A6482FF094F8A64B00241A7893F80401C4
S214011E48B3F80211002A40F0A5802E7AA14A12782A
S214011E58B24240F2AF800222A3F802711A70AA7A3F
S214011E68FF2483F804210022A3F8084183F80521FA
S214011E78A3F80621B8F80020954883F80C21FFF747
S214011E888BFE3846FFF7E0FE214600EB40029248FB
S214011E9826F0F3FB4FF4807028F048F98C4C94F840
S214011EA80A91B9F1FF0F20D18A4A94F805311278C0
S214011EB81344B34219DC94F80C1184F80531B4F8CC
S214011EC80631204601FB0233A4F80631FFF764FE0B
S214011ED80122824B38461A70FFF7B6FE494600EBD8
S214011EE8400204F5887026F0C8FB94F80531B34221
S214011EF860D8DFF8E0B19BF800C00CEB030296420D
S214011F0858DA764994F808210878013A002853D017
S214011F18964205DAB8F8002084F80C2100220A70E7
S214011F28B6FBFCF901220CFB196994F80A015FFA61
S214011F3889F902FA09F2D1B2024076B92889000A6B
S214011F48844584F8080108D92046CDE90621059379
S214011F58FFF722FEDDE90621059B94F80A010143F5
S214011F6884F80A1182B994F80921B4F806C1013235
S214011F7884F80921B8F80020DAF800100CEB020002
S214011F88FF2826DD0323237094F80831013B9E427F
S214011F9830D138E0AE7A864202D18F4200D11C4653
S214011FA82E7A002C7FF47BAF002A3FF44FAF012A2C
S214011FB83FF44CAF01205FE09642B1DA94F80C1179
S214011FC898F800209142ABD004F58870FFF778FEA8
S214011FD8F0E794F80CE1F31A0EFB03C3A01C10FA01
S214011FE883F005920BF030F994F80831059A013B15
S214011FF89E4244D0012394F80A2103FA09F3013BCF
S2140120081343FF2B04D122462946384626F0AEFE56
S21401201894F8083194F809219A42CBD19BF80030FC
S214012028B2FBF3F103FB112212F0FF0218BF1346AD
S2140120382278022A26D1264A0234107851780128B5
S21401204804BF01315170012224F8022CEA88B4F841
S214012058041122F04002EA8094F809210A44591E24
S21401206894F80A3113FB01F31344A8F80030CAF8B0
S2140120780040FFF70DFE002011B0BDE8F08F84F890
S2140120880B21C0E76979002994D0032A92D1B4F8C4
S214012098062194F80B1108AE11445A1E94F80C3117
S2140120A8284613FB02F30B4400219BB2A21CA8F896
S2140120B80030CAF80020CDE900710296049907F0AD
S2140120C85FFD8921304628F0A2F97DE74F310400EB
S2140120D8B83D00200C6D0020C83E0020F75D0020AA
S2140120E813B5044618B101280BD002B010BDFF2362
S2140120F801460093064A0748FEF7B6FF064B1C70D2
S214012108F3E7FFF743FDFF22044B1A70EDE700BF24
S214012118C91C0100C83E0020B83D0020E83E00204A
S21401212813B501A909F0FEFF044648B9BDF8063003
S2140121389DF80420034906F043FB204602B010BD73
S2140121488120FBE7E631040013B5694609F0F6FF7E
S214012158044688B9BDF802309DF80020074906F004
S21401216849FB2046019906F09DFA2046044906F0E7
S21401217827FB204602B010BD8120FBE70A32040087
S2140121883032040037B5694609F0FCFF044618BB2F
S2140121989DF801309DF80020104906F02BFB104DE4
S2140121A89DF80120E3B29A4206D800200D4906F0B0
S2140121B807FB002003B030BD0198630003F4FF73EA
S2140121C802220021184428F03BF82946024600203E
S2140121D806F010FB0134E3E78120EBE73232040016
S2140121E861320400D064040013B501A909F0A0FF08
S2140121F8044648B9BDF806309DF80420034906F0A0
S214012208DFFA204602B010BD8120FBE76B320400DE
S21401221830B500240B4D85B06946E0B228F07FFB47
S21401222850B99DF80030032B06D12946BDF8053074
S2140122389DF8012006F0C4FA0134202CECD105B033
S21401224830BD00BF9232040008B50020034906F0ED
S214012258B7FABDE80840FF2000F0DEBAA432040051
S2140122682DE9F04F85B006460D46174626F0CCFDFB
S214012278044640B130463A46294626F0AFFD0020CE
S21401228805B0BDE8F08F4FF003094FEA15285FFA4D
S21401229884FA6946504628F042FBB8B99DF800B062
S2140122A8BBF1000F12D1694650468DF800908DF8A3
S2140122B805508DF806808DF8016028F034FB02463B
S2140122C80028D7D05846064906F07AFA0134202C59
S2140122D8DDD10020034906F073FA8920D0E700BF54
S2140122E8B9320400E03204001FB5002304468DF815
S2140122F80F3026F074FD28B19DF80F3063F07F0388
S2140123088DF80F30182301930DF10F030022009367
S21401231804214023204627F012FE024618B1002069
S214012328024906F04DFA04B010BD00BFFB320400A6
S2140123381FB502A909F014FF044688BBBDF808209A
S214012348184906F057FA2046039906F0ABF92046D5
S214012358154906F035FA4FF6F672BDF80810134C13
S2140123684B1E9BB2934219D82368039A1B68587967
S214012378FFF776FF23681B79012B0BD8BDF80830C9
S2140123880022CDE900030421094B092006F09EF836
S21401239828F037F86FF0FF0004B010BD8720E9E792
S2140123A88120F9E71A3304003032040090420020F5
S2140123B83133040070B504468AB005AD11220021F8
S2140123C828460AF0EFFE204604A909F0BDFE044699
S2140123D800283AD11E4EBDF810201E4906F0F0F925
S2140123E832681379012B28D84FF6F670BDF810100D
S2140123F84B1E9BB2834224D81368587926F004FDF5
S21401240808B333682A461B68BDF81010587926F0B9
S214012418E4FCBDF8103001220421CDE9004309206F
S2140124280D4B029506F052F827F0EBFF034620B154
S21401243800200A4A0A4906F0C3F96FF0FF000AB0FD
S21401244870BD8724E5E78B24E3E78120F7E700BF23
S2140124589042002034330400493304004D3304000D
S214012468583304002DE9F0479AB004A909F084FE10
S2140124780446002840F0B5809DF810205B4906F018
S214012488B9F925465A4E9DF81020EBB29A4254D80F
S2140124980020584906F094F99DF81050002D40F098
S2140124A899802C462E46544F06A9F0B228F037FAE2
S2140124B8C8B99DF81830032B15D13B689DF819202B
S2140124C81B685B799A420ED19DF81D2005F16803B9
S2140124D86B4403F8402C9DF81E200235013403F89E
S2140124E83F2CEDB2E4B20136202EDDD19DF8103036
S2140124F80BB1002C77D00AABCDE90143FF230222AA
S2140125080421009309203D4B039505F0DFFF27F0D2
S21401251878FF034660B19DF81020002A5FD0384A3C
S2140125283849002C08BF0A460020374906F048F902
S2140125386FF0FF001AB0BDE8F08705986B0003F44A
S214012548FF7302220021184427F07AFE314602461C
S214012558002006F04FF9013595E70598730003F456
S214012568FF7302220021184427F06AFE00278046DE
S2140125785FFA80FA06A9F8B228F0D1F900BB9DF8EF
S2140125881830032B1CD1D9F800309DF819201B6888
S2140125985B799A4214D19DF81D30534510D19DF8A8
S2140125A81E30C8F307229A420AD105F168036B4424
S2140125B80235013403F840AC03F83F2CEDB2E4B21F
S2140125C80137202FD6D101369DF81020F3B29A4252
S2140125D8C3D88BE70025DFF820902E46F4E7084A93
S2140125E8A2E78120A6E78B20A4E700BFB233040048
S2140125F861320400D064040090420020D133040004
S21401260883330400A1330400D53304002DE9F043D5
S21401261889B002A909F09EFD0446002867D1BDF8D5
S2140126280820344906F0CCF84FF6F672BDF8085083
S214012638DFF8D4906B1E9BB2934254D8D9F8003079
S21401264829461B685F79384626F0DEFB00284CD001
S21401265826465FFA86F8404603A928F060F928B9A5
S2140126682946384603AA26F0BCFB20B90136202E97
S214012678EFD14FF0FF08404628F04FF9014658BB06
S214012688112203A80AF08EFD2946384603AA26F029
S214012698A5FBD9F800301A79012A18D81B68BDF8A5
S2140126A80810587927F08DFDBDF80830032204215B
S2140126B8CDE900430920104B05F008FF27F0A1FEDD
S2140126C8034620B100200D4A0D4906F079F86FF04F
S2140126D8FF0009B0BDE8F08302460A49002006F06B
S2140126E86FF80124D5E78724D3E78B24D1E7812027
S2140126F8EFE700BFF7330400313304003534040034
S214012708583304000E340400904200202DE9F043AB
S214012718DFF894800020D8F8003021491B688BB078
S2140127285E79002506F04CF801275FFA85F94846D8
S21401273801A928F0F4F8044690B99DF80430032B53
S2140127480ED19DF80530B3420AD1484628F0E5F87F
S2140127580146A0B102461349204606F031F827463D
S2140127680135202DE1D1D8F8003000211B685879B1
S21401277827F027FD87F001000BB0BDE8F083112292
S21401278805A80AF00FFDBDF809403046214605AAFE
S21401279826F024FB2146304627F013FDE0E700BF6C
S2140127A8423404000E3404009042002037B56946CE
S2140127B809F0DCFC044638BBBDF80020134906F0D6
S2140127C819F8134D2046019905F06CFF204611496A
S2140127D805F0F6FF2B681B68587927F001FE70B1E3
S2140127E84FF6F672BDF800104B1E9BB2934209D8FD
S2140127F82B68019A1B685879FFF732FD0446204674
S21401280803B030BD8724FAE78120F9E7563404007F
S21401281890420020303204007FB505460024E6B217
S2140128286946304628F07BF8A8B99DF80030032B96
S21401283811D19DF80130AB4204D0FF2D0BD19DF884
S2140128480D3043B9304628F068F8024618B1002022
S214012858034905F0B5FF0134202CE0D104B070BD62
S2140128680E340400034B1B681878012808BF0220A1
S214012878704700BFCC410020D0E9023253F822301D
S2140128881A78024B1A7000F0E7BA00BFF75E00200C
S21401289870B5D0E902456B1EDBB254F8230003225B
S2140128A81B490AF0CBFF54F8253004EB8504197848
S2140128B863681A78A2F10B030F2B05D91549002076
S2140128C8BDE8704005F07CBF01290FD1124C91403C
S2140128D8236840B90B43114A23600020BDE87040C5
S2140128E80F4905F06DBF23EA0103F4E702290CD16D
S2140128F801230C4903FA02F20B6818B913430A4A72
S2140129080B60EAE723EA0203F9E70A460749D6E72E
S2140129187A3404007E3404004068002094340400AD
S2140129289C3404003C680020AF340400B934040029
S21401293807B5D0E9023103EB810253F821300B4980
S2140129481B785268012B0A4B08BF0B4612684FF0DA
S21401295800001A600092074A074B084918BF134639
S214012968074A05F02DFF03B05DF804FB4068002018
S2140129783C680020D4340400CC340400DE3404005F
S214012988C0B5040038B5254A254B264C00202649F3
S21401299805F016FF0020254905F012FF2268244994
S2140129A8002005F027FF2068224C234D05F0E2FEA3
S2140129B82146002005F004FF2A682049002005F07A
S2140129C819FF286805F0D6FE2146002005F0F8FE16
S2140129D81B4B1C491A781C4B002053F8223005F073
S2140129E8EFFE00F00DF919490246002005F0E8FE51
S2140129F8174B00201A78174905F0E2FE164B1749BF
S214012A081A78002005F0DCFE04F020FABDE838400C
S214012A1802461349002005F0D3BE00BFC0B5040026
S214012A28F834040040680020FF3404000735040029
S214012A3815350400B91D04003C680020263504003D
S214012A48255F002037350400446800204A35040015
S214012A580A5F00205E350400095F00207035040017
S214012A688235040007B500F071F8054B0090054A59
S214012A780020054905F0A4FE03B05DF804FB00BF7D
S214012A8898350400C0B5040019310400F8B50446A9
S214012A980B4F0C4E0C4D00200C4A0D4905F090FECC
S214012AA820463B7829783278F5F768FB00233B7097
S214012AB833702B70FF21BDE8F840064825F0EEBDBF
S214012AC8255F0020095F00200A5F0020C0B50400CA
S214012AD89D350400083F002037B51248FF2125F030
S214012AE8DDFD114B187810F0100505D0002003B055
S214012AF8BDE8304003F01CBF0121B42004F020FBE0
S214012B0804460A4B0A4A0B490090284605F058FE27
S214012B182046FFF7BBFF4FF4806003B0BDE83040A6
S214012B2827F041BB083F0020255F0020B43504008C
S214012B38C0B50400193104000021024A0248FEF714
S214012B48C9BA00BFE12A0100083F002008B5054BB5
S214012B581B7823B11720FFF799FF002008BD022034
S214012B68FCE700BF255F002010B550B1054B00F10A
S214012B78100250F8044B904243F8044BF9D1024B2B
S214012B88197010BD0B5F00201B5F002037B5174D6D
S214012B9804462B78DB0626D50090154B0020154AEF
S214012BA8154905F00DFE1E2C0BD0652C09D0032CFB
S214012BB819D0002027F033FF40F61C40FFF766FFC8
S214012BC80DE027F054FF4FF4FA63B0FBF3F202FB73
S214012BD81300C218FF21094892B225F04EFD2B7842
S214012BE823F010032B7003B030BD00BF255F002013
S214012BF8CD350400C0B5040019310400083F002093
S214012C08014B1879704700BFA056002070B54C4E8E
S214012C188EB0337803F0FB02A3F10905022AEDB260
S214012C2858D0042B41F6041257D0A3F108014B42A1
S214012C384B415B0013434348ADF80C3026F014F9BA
S214012C4848B9414B3F4A03F1100153F8040B8B4234
S214012C5842F8040BF9D13D4B1B78002B3FD03C4B77
S214012C680DF10E0203F1100153F8040B8B4242F8E2
S214012C78040BF9D103A827F0F2FE2328044610D145
S214012C88012D49D80020334A334905F099FDBDF88E
S214012C980C3003A823F40053ADF80C3027F0DFFE00
S214012CA80446002C41D14FF40C7027F0D6FE04469A
S214012CB800283AD103F0FAFE012D36D8274A01AB8F
S214012CC81068516803C3264901A827F02CFF78B37A
S214012CD819242AE043F60412A7E70223AAE7337861
S214012CE8042B0DD0082B0BD01E4B0DF10E0203F151
S214012CF8100153F8040B8B4242F8040BF9D1B9E7DB
S214012D08104A0DF10E0302F1100152F8040B8A4223
S214012D1843F8040BF9D1ADE7337803F0FB03022B34
S214012D2803D10020104905F04BFD20460EB070BDBA
S214012D38044901A827F0F7FE04460028C8D1F4E79D
S214012D48255F0020F95E00209A3604001B5F0020EC
S214012D580B5F0020C0B50400F1350400AB36040053
S214012D68B0B50400B43604004C36040070B500262D
S214012D7886B00446252027F058FE1622002116485C
S214012D880AF010FA154B1E60154B1878FFF76AFD06
S214012D98022814BF0123042303208DF8083027F0E6
S214012DA892FE04238DF810300E4B02A80593039467
S214012DB803F030FD05460C4B0C4A19680C4B30469F
S214012DC8A14208BF134600940A4A0B4905F0F8FCCD
S214012DD8284606B070BD00BFA0560020283F002038
S214012DE8255F0020D530010040680020CC3404005F
S214012DF8D4340400C0B50400C536040008B5134A27
S214012E081378042B09BF124B01331B78C3F1060351
S214012E18DBB2137003F0FD02092A04D11720FFF76D
S214012E2835FE172008BD0A4A1278002A14BF052263
S214012E3806229A4207D1074B18680028EED0FFF7FA
S214012E4895FF4D20EEE70020ECE700BF255F002048
S214012E581B5F00203C68002073B51E4C1E4E23687D
S214012E683268134334D01D4B1B6853B31C4D2B7863
S214012E783BBB03F0EBFFF8B94FF4806027F056F937
S214012E88184B24681B7894B1C3F102032B7003F026
S214012E9847FD2046FFF76AFF04460020124B134AF7
S214012EA81349009405F08CFC204602B070BDC3F1AE
S214012EB8060334682B70EAE70121B42004F040F9D0
S214012EC8EAE70020094A0B4905F07AFC0224E4E700
S214012ED80224E9E7406800203C680020CC41002035
S214012EE8255F00201B5F00200D370400C0B50400D5
S214012EF819310400F33604002DE9F347384D394EED
S214012F0800202A792B88384905F05AFC3268287936
S214012F1822FA00F010F0010002D1344905F050FC05
S214012F28334F3C783CB10822324933480AF086FCD4
S214012F38041E18BF0124DFF8DC80DFF8A490DFF850
S214012F48B4A014E098F8000049460130C0B288F8E9
S214012F58000027F05CFD002835D13C783CB10822FA
S214012F68514625480AF06AFC041E18BF01242A792E
S214012F783368D340DB07E5D5002CE3D100922B88D4
S214012F881E4A1F49204605F01BFC1E4B1878FFF702
S214012F9869FC01230322124927F03FFD1A4A054618
S214012FA813780133137010B902B0BDE8F0872046D4
S214012FB82B46124A154905F003FC284602B0BDE81F
S214012FC8F047FFF763BD0020114905F0F9FBFFF74D
S214012FD815FF0028E8D102B0BDE8F04700F01CB89C
S214012FE8A0560020283F0020133704004437040069
S214012FF8245F00201C5F0020AE560020C0B50400E8
S21401300813380400255F0020095F0020B437040048
S214013018DD370400F85E00202DE9F041214C224DF1
S2140130282378002055F82330204A214905F0C8FBAB
S214013038FFF7ECFD03461D4E1E4FDFF874802BB9D3
S2140130482378042B15D8B3B91B4B15E032463946FD
S214013058002005F0B5FBFFF7D1FE00BB237832460A
S21401306855F82330414605F0ABFBFFF7CFFD034685
S214013078E5E7092BE8D1114B00201B68104A1149D6
S2140130881360114B187027F0C2FC20B1BDE8F0415F
S2140130980120FFF7FBBCBDE8F041FFF72DBFBDE8F7
S2140130A8F08100BF255F002044680020C0B50400F9
S2140130B833380400403804003C680020406800208B
S2140130C8283F0020A0560020F85E002070B51C4C52
S2140130D823789BB3838913F4407F2FD0056835B1D5
S2140130E82A46BDE870400020164905F069BB27F05E
S2140130F88CFC154E03463070144A2846144905F0D0
S2140131085FFB33781BB1BDE87040FFF785BF2378B6
S214013118082B0CD8042B0CD80E4B1B78C3F10603CE
S21401312823700D4BBDE870401868FFF71FBE0A2BC9
S214013138F2D1BDE870401820FFF7A8BC70BD00BFEB
S214013148255F00206B3804000A5F0020C0B5040024
S214013158983804001B5F00203C68002030B5464DB7
S21401316803460446454A0020454987B005F028FB32
S2140131782B782BBB01A827F0D8FC022301A88DF8D1
S214013188043027F0C0FCB0B93E4901A827F0BDFCC1
S21401319888B1152C0FD127F06AFC47F23153B0FBE2
S2140131A8F3F202FB130000F51C50103080B203F056
S2140131B8BFFB07B030BD162CFBD103F0F3FBF8E7D5
S2140131C8152C2AD100202D4A2F4905F0F9FA2B781B
S2140131D8042B11D0082B0FD02C4B1B78DA070BD4F5
S2140131E801A827F036FC18B9BDF804309B0703D4AC
S2140131F82B7843F010032B7027F039FC4FF4FA6351
S214013208B0FBF3F2FF2102FB1300C218204892B26A
S21401321807B0BDE8304025F030BA27F05AFC04461E
S2140132280028C6D12B78013B092B1ED8134A194909
S21401323805F0C6FA184A194913780133D8B210703E
S21401324827F0E5FB60B12046154905F0B9FAFFF706
S214013258D5FD0028ADD107B0BDE83040FFF7DCBE8C
S21401326807B0BDE83040FFF747BE40F61C4007B040
S214013278BDE83040FFF70ABC255F0020C0B5040052
S214013288BC380400B0B50400D3380400F75E00204B
S214013298083F0020E6380400F85E0020A05600200B
S2140132A8DD3704002DE9F0410B4686B004460E468C
S2140132B817463A490246002005F082FA4FF0000800
S2140132C80123CDE901380DF1160300934246402348
S2140132D80621204626F068FE054640B102463049DA
S2140132E8404605F06DFA284606B0BDE8F0819DF81F
S2140132F816202AB936B900202A4905F061FAF2E7FC
S214013308012EF8D082F00103002027498DF81730E6
S21401331805F056FA9DF817300DF1170633B310234A
S2140133280022CDE9006306214023204626F007FE49
S214013338064630B1324600201C4905F041FA3546AA
S214013348D1E74FB90821204626F05BFC20B120467C
S2140133589DF8171026F036FF0521204626F051FC69
S2140133680028C0D0204626F02AFFBCE74FB908211E
S214013378204626F046FC20B120469DF8171026F078
S21401338821FF10230022CDE90063062140232046B1
S21401339826F0D5FD06460028DED0CBE7153B04000F
S2140133A8313B04004A3B04006A3B04008A3B0400A4
S2140133B8002208B5034B11461B681B685879FFF7AE
S2140133C871FF08BD9042002008B5044B00221B6817
S2140133D801211B685879FFF765FF08BD9042002058
S2140133E808B5044B00221B6802211B685879FFF7B1
S2140133F859FF08BD9042002010B50123002488B06B
S21401340801A88DF80430CDE90244F5F7E5FE20461B
S2140134189DF80420124905F0D3F92046039A11496C
S21401342805F0CEF92046029A0F4905F0C9F910228F
S2140134380E4B0DEB0201188840F0604040F48010F6
S214013448FBF718FC20460A4905F0D4F904A826F02B
S21401345839FF2046074905F0B3F908B010BD00BF8B
S214013468A33B0400C23B0400E13B040090B5040002
S214013478003C0400D064040008B525F026FD0020B1
S214013488024905F09DF9012008BD00BF1D3C040056
S2140134980023054A8360C360044BC0E9002311B1C9
S2140134A84FF6FF730B80704749101CB202300211A9
S2140134B810B5044660B10020064905F081F9052CCF
S2140134C806D002F0CBF904490246002005F078F947
S2140134D8012010BD313C0400423C040037B50021F0
S2140134E86A4601AB054625F0B1FD044668B10022DF
S2140134F80F49104605F064F902F0B0F90D49024685
S214013508002005F05DF903B030BD0B4905F058F908
S214013518012024F0B4FC01F099FF431C02D008F006
S21401352825F8F0E721462846FFF7A6FFEBE700BF98
S2140135386B3C0400423C0400B33C040038B5054625
S21401354801F084FF044626F005FE4DB100200E4921
S21401355805F036F9631C14BF2046002007F0C8FFA3
S21401356825F0C1FC0228044605D0012805D1002013
S214013578064905F025F9204638BD0020044905F01E
S2140135881FF90024F7E700BFD03C0400EA3C04001A
S214013598033D040008B50020034A044905F010F964
S2140135A8BDE8084000F050BDAD4C04001C3D0400C9
S2140135B808B50020034A044905F002F9BDE80840A9
S2140135C801F0CAB93B3D04001C3D04001FB5D0E913
S2140135D8023253F8223068461C78214601F0D0FBA7
S2140135E8684601F073FC28B92246044905F0E8F854
S2140135F804B010BD6846FFF771FFF9E7413D0400C6
S2140136080020014905F0DCB85D3D04007FB50DF1E9
S214013618060102A8FFF73CFF0020264905F0D0F86E
S2140136280020BDF80820244905F0CAF80020BDF896
S2140136380A20224905F0C4F8039A0020204905F01B
S214013648BFF800201F4905F0D5F84FF6FF73BDF8FF
S21401365806209A4229D000201B4905F0B1F800201F
S2140136681A4A1B4905F0ACF800201A4A1A4905F00F
S214013678A7F800221949104605F0A2F80020154AB5
S214013688174905F09DF80A220020164905F098F812
S2140136980A220020144905F093F80A22002013494B
S2140136A805F08EF807B05DF804FB0020104905F018
S2140136B887F8D4E76C3D0400843D04009D3D040072
S2140136C8B63D0400CF3D0400DA3B0400E093040055
S2140136D8E53D0400C0270900043E0400233E04001B
S2140136E8423E0400613E0400803E04009E3E040003
S2140136F8E23D040008B50020034905F061F8BDE87D
S2140137080840012001F0FAB9BC3E040008B50020C3
S214013718034905F055F8BDE80840002001F0EEB968
S214013728D53E040030B5104B104D1B5C85B08DF8A6
S2140137380F302B780446834206D00D4B0D4953F8BB
S2140137482020002005F03CF830232C700A4801930D
S2140137580DF10F030093062280231921007826F025
S214013768EEFB05B030BD00BFD7B504002D5F0020C5
S214013778E4B50400ED3E0400F36C00201FB52323D6
S21401378803900193064803AB009301228023192175
S214013798007826F0D4FB039805B05DF804FB00BF5B
S2140137A8F36C002073B5164D04462B78154ECBB135
S2140137B825F0BAFB012815D0346040F6B244124B06
S2140137C81B78072B17D02D78C5B925F0ADFB031E3E
S2140137D818BF01230D48009522461921007825F0C7
S2140137E832FF03E000233360002CE8D1201E18BF07
S2140137F8012002B070BD02250123EBE70025FBE797
S2140138082A5F00202C3F00202D5F0020F36C00204B
S21401381808B50448FFF7C6FFBDE808400220FFF7D1
S21401382881BF00BFC027090010B5064C208826F0C6
S214013838CAFC608826F0C7FC6068BDE8104026F020
S214013848D1BC00BF303F00207FB523238DF813304D
S2140138580DF11303029304230648019305AB009365
S214013868012280231921007826F09EFB059807B0CF
S2140138785DF804FBF36C00202DE9F047DFF84C9166
S214013888044699F8000090460F4626F09CF90B2846
S21401389899F8002005D9BDE8F04700203F4904F013
S2140138A88FBF00263E4B3F4D1E803F4BDFF820A1C1
S2140138B803EB00135B8801202B802A7104F0A8FE15
S2140138C805F050FF04F0A4FE204604F0A1FE0123F3
S2140138D8042C8AF800300BD8022C45D89C4216D006
S2140138E82346BDE8F0470020304A314904F068BF56
S2140138F8062CF5D130462F4904F062FF384604F00D
S21401390887FEFFF791FF97B18AF800600FE04FF640
S214013918FF76294F3888801B18BF012004F078FEEF
S214013928FFF782FF3888B04201D026F04CFC1923F5
S2140139386B8099F8003000202B71204B1B786B7137
S214013948EB8843F04003EB801D4B198826F0E8FB13
S214013958034620B1224600201A4904F031FF4046AA
S214013968BDE8F047FFF71EBF304604F051FEFFF7EB
S2140139785BFFFFF769FF26F035FC134B1B78002B1E
S2140139880CBF3F20202004F043FE042CCFD14FF477
S214013998806026F018FC3220C7E700BF003F04000D
S2140139A8C4560020C856002000410020F42E04000A
S2140139B84C3F04002F3F0400B8560020F26C00204C
S2140139C8906C0020653F0400295F0020F36C0020FE
S2140139D82A5F002038B5044605200D46FFF7A2FEEB
S2140139E8184B1A884FF6FD739A4207D100201649DC
S2140139F804F0E6FEBDE83840FFF70ABF65B1134A92
S214013A0813780133DBB2092B137014D90A2200206C
S214013A180F4904F0D5FEEDE7012C0ED10B4B1D70B6
S214013A280C490D48FFF734FDBDE838400021012058
S214013A380A4AFFF721BF012CF2D0BDE838400748F3
S214013A48FFF7B0BE906C00209F3F04002C5F00205B
S214013A58CA3F0400B8560020303F0020E093040017
S214013A6808B50649002004F0ABFE0548FFF736FD09
S214013A78BDE8084000210846FFF7ACBF0E40040029
S214013A88303F0020814237B50346154608D200204C
S214013A9800910F4A0F4904F093FE002003B030BD91
S214013AA80C1A224600200C4904F08AFE40F6BB5345
S214013AB822460020094904F083FE4FF47A735C43DA
S214013AC8074B01209C4294BF2C602B60E6E700BFA1
S214013AD8F42E04001F4004005C40040077400400F4
S214013AE880EE360010B504460820FFF71BFE0D4B86
S214013AF83CB91C700021BDE8104006200A4AFFF7B1
S214013B08BBBE1B78092BF5D90A220020074904F009
S214013B1857FE0020064904F053FEBDE81040FFF7A3
S214013B289FBF00BF2C5F0020C0270900A3400400E8
S214013B38E440040073B51F4D2C7834B100201E49AB
S214013B4802B0BDE8704004F03BBE0220FFF7EAFD74
S214013B58FF221A4E1A4B30781A7026F034F80B28C2
S214013B6807D920463278174902B0BDE8704004F0FC
S214013B7827BE154B1549009301EB001101231922A5
S214013B884FF6FD70498805F091FA70B12046104944
S214013B9804F016FE00220F4B0F481C700F4B1A70CC
S214013BA802B0BDE87040FFF7FDBD01240C492C703A
S214013BB8EEE700BF2B5F0020F5400400F36C002001
S214013BC8F26C0020003F0400CD3E010000410020B9
S214013BD8364104002A5F0020C02709002C5F002018
S214013BE85C41040038B5144D04462B78052B21D9C1
S214013BF81249FFF75DFC24B918B9114904F0E0FD34
S214013C080424104B195D21B9BDE838400846FFF772
S214013C1869BF032C06D02B78052B03D006200A4A49
S214013C28FFF72AFE0021094B08461970BDE83840FF
S214013C38FFF7D0BE38BD00BF2D5F0020303F002003
S214013C487E410400CDB50400C02709002A5F002084
S214013C5830B5044689B00720FFF764FD052C0AD164
S214013C6800222A4B03A91A7002A804AA01F0FEFD35
S214013C7830B1022045E09CB90122244B1A70022477
S214013C88224D287878B1421E504221495041FFF70B
S214013C9855FC022304462B70022C0ED10A200FE095
S214013CA8022CE6D1EBE7631F5A424FF0050018498C
S214013CB85A4125F040F90446EEE7032C04D10020CA
S214013CC8FFF770FD09B030BD062C06D1002011495A
S214013CD804F076FD01232B70E0E70F4A0F4B287896
S214013CE8002C18BF13460E490E4A0094002808BF38
S214013CF80A4600200C4904F063FD201E18BF012067
S214013D08400009B0BDE83040FFF76CBF285F0020CF
S214013D18303F0020B9410400B2410400AB41040021
S214013D289A410400A4410400F441040013B51F4C51
S214013D380620FFF7F7FC2278092A09D900201C4932
S214013D4804F03EFD042002B0BDE81040FFF74ABF6C
S214013D58184B1B782BB3002024F0B5F825F0E4F8AF
S214013D6868B9FFF771FD144B196825F0D4F80246B7
S214013D780420002102B0BDE81040FFF77DBD01A870
S214013D8825F0D0F8FF2809D14FF4FA6023780133DB
S214013D98237002B0BDE81040FFF704BD0198FFF795
S214013DA8EDFC4FF4FA620320E3E700BF2C5F002026
S214013DB80F420400295F0020403F0020F023F0B5A1
S214013DC889B0CDE900033448802300221921007800
S214013DD8324E334F26F0B3F80020324904F0F0FC97
S214013DE83246394603A801F041FD032804462E4D04
S214013DF81CD10626039A2D49002004F0E1FC0398FD
S214013E08FFF7BCFC0020396800F0ACFE2E7001F00C
S214013E189FF900220446264B30461A70FFF782FCAB
S214013E2884BB09B0BDE8F040FFF780BF28BB7268C5
S214013E38204904F0C5FC214604A8FFF729FB059B89
S214013E48726893420BD020461B4904F0B9FC07233D
S214013E5805202B7009B0BDE8F040FFF7F9BE1A46F9
S214013E682046164904F0ACFC0523002101202B70DE
S214013E7809B0BDE8F040FFF7ADBD0020104904F0D9
S214013E889FFCF1E7042C05D0042009B0BDE8F040FA
S214013E98FFF7A8BE09B0F0BDF36C0020303F002044
S214013EA8403F0020474204002D5F0020784204006E
S214013EB82C5F0020B3420400EC4204004043040097
S214013EC87C430400F7B50446876800202378364DFE
S214013ED8012B287004D0354B3549187004F070FC56
S214013EE826785EBB334B1B78FF2B04D103B0BDE8A5
S214013EF8F040FFF78DBC304B1B78032B11D82F4CA5
S214013F080320FFF70FFC6946208826F0CAFD002823
S214013F1843D02B49208805F047F920B12E70FFF7CA
S214013F2877FC03B0F0BD0124204B26491C7004F031
S214013F3847FC0320FFF7F6FB2C70F2E7012E25D18C
S214013F483B78002BEDD01B4D2B78FF2BE9D1A688AB
S214013F5802F0A4FF864206D100201B4903B0BDE843
S214013F68F04004F02DBC194BA2881B783BB132B146
S214013F781749002003B0BDE8F04004F021BC7B6877
S214013F8814491B782B700D4B1A80F2E7032E08D1C3
S214013F9808226846A16809F057F96846FFF70EFF38
S214013FA8BFE700232B70A1E72A5F00202B5F0020C4
S214013FB897430400F26C00202D5F0020906C0020CF
S214013FC8CD3E01005C410400B7430400275F002092
S214013FD8DD430400084404007FB5094B1A78FF2A1C
S214013FE80AD1187001F088FB0022064B0DF1060174
S214013FF802A81A80FFF74CFA07B05DF804FB00BF69
S214014008F36C0020B6560020152838B517D10C4B8E
S2140140181D78A5B926F02BFDC4B2012C38BF0124A2
S2140140280120FFF77FFB28462246064904F0C8FB15
S2140140384FF47A706043BDE83840FFF7B3BB38BD2C
S2140140482D5F002025440400034B1B78022B01D862
S214014058FFF770BD704700BF2D5F002070B5284C74
S21401406824F05DFF2578274EBDB10020264904F0CF
S214014078A7FB264A1378013313700023237033787D
S214014088062B0AD1BDE87040214B1868B0F5FA6FC7
S21401409838BF4FF4FA60FFF785BB3378013B082B2E
S2140140A82CD8DFE803F005090D2B13191D2227006C
S2140140B8BDE87040FFF7C8BFBDE87040FFF73ABDDE
S2140140C800232370BDE87040FFF7A2BB2946BDE870
S2140140D870400120FFF77EBCBDE87040FFF726BEA2
S2140140E80220BDE87040FFF7B3BD0120BDE870406F
S2140140F8FFF7F8BCBDE87040FFF7B2BC70BD00BF63
S2140141082A5F00202D5F0020544404002C5F002005
S2140141182C3F002010B90520FFF764BD034B1B7820
S214014128062B01D1FFF79ABF704700BF2D5F00200D
S2140141382DE9F0478E68054633189A780C46092A01
S2140141488EB008D90020A34904F03AFB85242046FE
S2140141580EB0BDE8F08750B98B899F49895C8B42C0
S21401416805D200919D4904F02BFB8024EFE79C4B78
S214014178E7881B889F4236D09A490978012932D99F
S21401418832B13A460020984904F01AFB7E24DEE74D
S214014198964B1A70934B26791B78052B03D0012B67
S2140141A83AD8FFF751FF5EB93146204626F02FF977
S2140141B80346002851D030468D4A8E4904F000FB4C
S2140141C8D4F80880A48998F8037098F80450002E4B
S2140141D84CD13046884A894904F0F2FA0021012078
S2140141E8FFF7F8FB4FE00021804B1970072A00F211
S2140141F88A8301A353F822F09D4101004B43010035
S2140142084B4301005D4501005D4501005D45010028
S214014218F3470100F3470100022B17D102F03EFED7
S2140142288742B3D00020764A764904F0C9FAFFF7E8
S21401423881FC46BB3146204626F0E9F8034610B312
S2140142486B4A6C49002004F0BBFA1CE06E4A002059
S2140142586E4904F0B5FA012479E7A3681B78DA06F3
S214014268AED432466A4904F0ABFAA9E700210AA897
S214014278FFF70EF9032F08D95F4B664A6649009780
S214014288002004F09DFA002461E76B1E632B04D915
S214014298594B604A61490095F2E7614BE4B2DB5D30
S2140142A89C4209D0CDE901430020534B594A5D4948
S2140142B8009704F085FAE6E757B3A4B2224605212B
S2140142C8404625F0BDFFBDF82830834203D04A4B4F
S2140142D8554A5649B6E7012F1AD0224607214046C5
S2140142E825F0AEFFBDF82A30834203D0424B4E4A32
S2140142F84F49A7E7032F0BD122460921404625F04F
S2140143089CFF0B9B984203D13B4B474A494999E787
S214014318642D3FF463AF26F0AAFB6423C0B2B0FB5A
S214014328F3F203FB12030133DBB29D42BFF456AF2F
S214014338CDE900530020304B3B4A3F4904F040FA90
S214014348A1E7284B1B78052B01D03C4A7FE7EB1CDD
S214014358DBB2277BF45C44B123460020374A384950
S21401436804F02EFA00210C460BE00F2F0DD810236F
S214014378204634490093314A3B4604F021FA80240A
S21401438801210020FFF726FBE1E60435EDB22046C1
S2140143982A4A2D4904F014FA7A1B7119D2B206A8D2
S2140143A824F0D0FD05443A46E9B2304625F045FFEB
S2140143B8264D069A2B68264F9A42386001D1002866
S2140143C84AD1244900201D4A04F0FAF9852401211E
S2140143D8D7E700BF7144040010B6040089440400FE
S2140143E8906C00202D5F0020B84404002A5F00204E
S2140143F82E45040036450400BE450400D345040096
S214014408FC440400094504005E4504006B450400AD
S21401441888450400E8450400F04504000A460400FF
S214014428D3B50400284604007D4A04006246040009
S2140144388C460400B4460400DB4604000F4704001B
S21401444829470400584704006F470400303F0020FE
S214014458403F00209847040000F08EFF3E68B042B7
S2140144680AD200F089FF9D4903463246204604F0E9
S214014478A7F98924012184E7079A6B689A4205D12E
S2140144882046974A974904F09BF96BE796490978BD
S21401449859B19A4209D22046944904F091F99621D5
S2140144A80620934AFFF7E8F95CE7924A924905A87D
S2140144B801F0DCF9079E48B96A68964206D88F4922
S2140144C804F07EF90520FFF7C3FB40E632460020DC
S2140144D88B4904F075F939680027002000F042FB83
S2140144E800206E60FFF74AF9864B06201F80FFF70B
S2140144F819F9854B1F7001F0B1F90646F8B94FF660
S214014508FF73824A0AA81188994214BF13463B468C
S2140145186A88298801F012F90AA800F0D7FC58B170
S2140145280AA801F0DDF938B13046794904F048F9AE
S2140145380420FFF757FB0AE6FFF7F8FB07E604280F
S21401454805D1744B1921187825F094F8FFE53846FB
S2140145587149EBE7714B1B78062B01D0704A76E65A
S214014568DFF8A0A1EB1C94F80C90BAF80080DBB237
S2140145782EB930466B4904F023F98724E7E5F75C42
S2140145882C1D972FE4B22FD025D8812F71D0952FC7
S21401459867D017BBB9F1100F7FF6E7AD31194A4658
S2140145A80AA824F0CFFC0444E4B221464A46304621
S2140145B825F043FE231DDBB2053416F803A0E4B24A
S2140145C8A9EB04035345054666DA00933846534675
S2140145D8534A5549C7E5982F43D03B460020504AD1
S2140145E8524904F0EDF8C8E7B9F10A0F7FF6BDADF8
S2140145F81FFA89F721463A46304625F01EFE05F190
S214014608080104463A46C9B2304625F016FE0AAAFB
S21401461801462046FFF736FA08B9454B0A93B9F121
S2140146280C0F12D905F10C013A46C9B23046DDF82D
S214014638288025F005FE044602463E49002004F07F
S214014648BFF8AAF8004044440A940A9C3A4922460C
S214014658002004F0B5F82046FFF7A4F824F06AFC19
S21401466811E63649002004F0ABF80320FFF7BAFA42
S21401467809E6334C23786BB124F04FFC50B1002087
S214014688304904F09DF80023237024F053FCFFF70B
S2140146984DFBF8E52C49E5E7DFF8A49099F80030DA
S2140146A843B9FFF7D1F88542034607D01C4A274984
S2140146B80095E5E524F038FC0128F2D110220D48D2
S2140146C80AA909F0BBF810B9BAF13F0F42D9144A42
S2140146D81F49002004F074F84FE700BFB7470400ED
S2140146E80F470400EF470400265F00202448040013
S2140146F8C0270900303F0020403F0020B342040095
S21401470865480400B65600202C5F0020B8560020E5
S21401471887480400F36C0020A64804002D5F00209B
S214014728CC480400E14804000E4A0400F04904009D
S214014738E09304001C490400474904006649040044
S214014748295F002082490400C14904004A4A04003E
S214014758864A04006D4B187099F800304BB124F066
S214014768DCFB30B1284624F0DBFB042807463FF47F
S2140147788AAD51462846321924F015FD28B1002085
S214014788634904F01DF8042070E799F80030554491
S21401479863B124F0C2FB48B1FF2FF4D0012F3FF4D8
S2140147A872AD032F16D124F0C3FB05462846FEF743
S2140147B8E5FF044602460521564824F0EAFB564B17
S2140147C81B689C420AD3204624F0E8FC0520FFF724
S2140147D83FFA58E524F0AAFB8046E7E74046FEF78D
S2140147E8E1FF00287FF44FAD51E74C4B1B7803F0EF
S2140147F8FD03082B01D04A4A29E5A48935B1F27888
S21401480822B10020474903F0DBFF2EE7E4B2224637
S214014818F11C0AA824F096FB434BBDF828201988FA
S214014828054691420DD04FF6FF718A4209D03C4A9F
S21401483800203E4B3E4903F0DDFFBDF828203D49E8
S21401484847E7BDF82A20598891420CD04FF6FF71E8
S2140148588A4208D0324A0020374B354903F0CAFF4E
S214014868BDF82A20EBE70B9A5B689A420AD0013218
S21401487808D02B4A2E490020304B03F0BBFF0B9A79
S2140148882F4926E7A4B2E91C2246C9B2304625F0CC
S214014898D4FCE91DC9B207462246304625F0CDFCB0
S2140148A8431C014606D10820FEF73CFF2548FEF7C3
S2140148B879FFE8E4384606AAFFF7E4F8A8B9214BD9
S2140148C80693214B00221978204B187824F016FB02
S2140148D8069C2046FEF766FF224600201C4903F088
S2140148E86FFF0920FEF71EFFCDE440F6B733069AA0
S2140148F89A42E6D840F6B8320020164903F060FF1F
S21401490840F6B833DCE7812421E400BF2C5F0020A1
S214014918B94A0400DC4A0400403F00202D5F00200D
S214014928E54A0400FA4A0400303F00207C460400A9
S214014938214B0400DA3B0400A64604003C4B040065
S2140149483953040080EE3600F26C0020F36C002028
S214014958744B0400494B040008B50420FFF742F9DC
S2140149680020FEF7DFFE0023054A19211370054AC9
S2140149781370054B1878BDE8084024F07BBE00BFCD
S2140149882A5F00202B5F0020F36C002010B5164B21
S214014998164C1A78164B002053F82220154903F0B6
S2140149A80FFF2178144B154A0020002918BF1A4614
S2140149B8134903F005FF23782BB1124B00201A6820
S2140149C8114903F0FDFEFEF73FFF0446FEF73CFFE4
S2140149D80E4B196824F0D0FA2246BDE8104003466B
S2140149E80B49002003F0ECBE2D5F00202A5F002053
S2140149F8E4B50400904B04006652040047520400D4
S214014A089D4B04002C3F0020B74B0400403F00207C
S214014A18D04B040038B5014604460020FFF788FB52
S214014A28054698B1E37C00200A4A0B4903F0C8FE04
S214014A382379042B0AD02946204625F0E8FC0346AC
S214014A4820B10020054A064903F0BAFE6FF0FF00C0
S214014A5838BD00BFF42E0400F84B04002E450400B0
S214014A683645040010B51346094A127882420DD11C
S214014A7863B1084A002014680A46074903F0A0FEF5
S214014A882146BDE810400120FFF752BB10BD00BF0C
S214014A98F36C0020904200201A4C040010B50D4B10
S214014AA81C782CB1BDE8104000200B4903F088BEE5
S214014AB86420FEF763FE4FF6F0716FF00F02074BA6
S214014AC80320C3E9001222462146BDE81040FEF73E
S214014AD8D3BE00BF2D5F0020534C0400303F00209A
S214014AE8014B1870704700BF295F0020002106207F
S214014AF8014AFEF7C1BE00BFC0270900014B187066
S214014B08704700BF265F0020114B2DE9F04107468C
S214014B180D4618680F49101A096824F02DFADFF8AF
S214014B2840800D4E98F800400346FF2C307004D0A4
S214014B38A8420AD32C44A04207DB3A46002007497C
S214014B4803F03EFE337888F800303078BDE8F0810F
S214014B58483F0020443F00202E5F0020814D04007E
S214014B68F46C002050EA010208D0FF22054B091A0E
S214014B781A70054B1860054B1960704711461046A8
S214014B88FFF7C2BFF46C0020483F0020443F0020D6
S214014B982DE9F04FAFB006AD284600F0FDFD002622
S214014BA8624FDFF8D091284600F090F9044648B9DC
S214014BB800F0BEFD5E490246204603F001FE2FB016
S214014BC8BDE8F08F39460020F2B203F0F9FD284619
S214014BD816A900F0FFFD044620B15649002003F04F
S214014BE8EFFD8FE0BDF85820534903F0E9FD49462B
S214014BF82046BDF85A2003F0E3FD2046BDF85C20A8
S214014C084E4903F0DDFD2046BDF85E204C4903F011
S214014C18D7FD2046BDF860204A4903F0D1FD20465D
S214014C28199A494903F0CCFD2046BDF86820474942
S214014C3803F0C6FD204646490DF16A0203F0C0FDA1
S214014C4844492046239A03F0BBFDBDF85C30D907DA
S214014C5805D520469DF890203F4903F0B1FDBDF8E3
S214014C685C309A0714D500203C4903F0C3FDBDF813
S214014C785830B3F5807F4FD1002025F028FB18B1B6
S214014C880DF1910003F01EFD0020354903F098FD53
S214014C98BDF85C305B070BD50020BDF8B220314962
S214014CA803F08EFD0020BDF8B4202F4903F088FDDF
S214014CB8062228460DF116030AA924F08CF90446A3
S214014CC890BBBDF81620294903F07AFDDFF8A8A0A5
S214014CD8DFF8A8B00DF12808BDF81610A2B2914267
S214014CE810D9B8F800205146002003F069FD0134B8
S214014CF8D8F804205946002003F062FD062C08F176
S214014D080808E9D16C46204600F05AFD94E80F00E1
S214014D18013685E80F0046E70123202200200DF121
S214014D28910103F0B1FCAFE7114957E7934D040031
S214014D38604F04009C4D0400C04D0400F44D04006F
S214014D480D4E0400264E04003F4E0400584E040043
S214014D58714E0400864E0400A24E0400BB4E0400A9
S214014D68D0640400CE4E0400E74E0400004F040051
S214014D78334F0400D94D0400114F0400214F04009D
S214014D882DE9F04188B004AD044628468846002738
S214014D9800F002FD6E46474507D195E80F0084E806
S214014DA80F00204608B0BDE8F081304600F008FD47
S214014DB896E80F0085E80F00284600F087F80137C7
S214014DC80028E8D1014B0FCBE9E700BF88B80400FB
S214014DD81FB5D0E9023253F8223068461978FFF732
S214014DE8CFFF684600F07CFD48B1042809D1074A80
S214014DF80020074903F0E4FC05B05DF804FB054A0A
S214014E08F6E70020044903F0DBFCF5E7FC5804004C
S214014E187B4F0400B25204008748040010B5D0E95D
S214014E28023203EB8201496853F8223098B00C68C5
S214014E3804A81978FFF7A4FF03AB40220093214684
S214014E4808AB04A800F0E2FC024628B100200E498F
S214014E5803F0B6FC18B010BD039808A900F00704C3
S214014E680122C0F3C70003F055FC039908A8091BE3
S214014E780144064801232246008803F005FC04483D
S214014E8803F03EFCE6E700BF8B4F0400D456002033
S214014E98D0640400F0B504460D460B4BEF880FCBE3
S214014EA884E80F00AB882E899B0741BFD5F83900E7
S214014EB8D5F83D1004F1080303C3EA6820462780A5
S214014EC866806260F0BD00BF1CB60400102208B5FB
S214014ED8034908F0B3FC003818BF012008BD00BF1D
S214014EE888B8040008B526F049FAC288FF21920856
S214014EF8012A38BF0122024823F0BFFB012008BD62
S214014F08583F002038B5134690B10120274A107043
S214014F18274A00201160274A13600A46264903F0EB
S214014F284FFC02F09DFB254B1870022002F09EFBF9
S214014F3826F03FFAE8B91D4D1D4C2B782BB926F003
S214014F481DFA2268C368134423601A4B24681B6839
S214014F589C4229D226F012FAC168204606F0AAF821
S214014F68002402462C7050B926F023FAFFF7BAFF40
S214014F7803E0FFF7B7FF0028DDD0012038BD204643
S214014F880F4903F01DFC0D4B187802F06FFB00204B
S214014F980C4903F015FC00F091F908B900F0AEF9D8
S214014FA82046FFF7B7F8E8E70124ECE7305F002072
S214014FB8503F00204C3F0020B24F04002F5F0020D6
S214014FC8DE4F0400FE4F040038B500F04BFA0446E5
S214014FD800F042FA241A26F0D1F9054618B9B1218B
S214014FE81B482BF0BCFFAB8803F00303032B03D04D
S214014FF8B22117482BF0B3FF00F02EFA054624F02D
S2140150085DF801238340013B2B4203D0B4211048AD
S2140150182BF0A5FF24F052F801238340013B2342DD
S21401502803D0B5210A482BF09AFF05F019FE05466C
S21401503824F044F84FF48063B3FBF5F3C440A3426D
S21401504805D2BDE83840BA2101482BF088BF38BDE3
S21401505814500400FF2108B5044823F01FFBBDE8DF
S2140150680840002211461046FFF74CBF583F002063
S214015078F7B504460E4600F089F8054626F07EF98F
S214015088C3682B449C4220D324F018F82C44C4400F
S214015098013C114F3B68DEB1A34219D1013400230C
S2140150A8ADF8043000F0E4F9054605F0D9FD1035F1
S2140150B804FB005405F0D4FD01A90246204605F07C
S2140150C821FE24F00BF8386004E04FF0FF34E0E7E7
S2140150D8A342E4DB03B0F0BD706800204FF0FF3256
S2140150E80A4B10B51A600022094B1A7000F0B4F981
S2140150F8044600F0B7F9214602460120FFF702FFF1
S21401510800280CBF0120042010BD00BF70680020D5
S214015118315F002038B500F0D1F808B9002038BD55
S214015128094D0A4C2B7823B923F0D8FF01232060B8
S2140151382B70246823F0C2FF01348440EED000F0BF
S21401514825F82044EBE700BF315F00207068002097
S21401515870B50D4C2368002B01DA012070BD00F0F4
S2140151687BF9054626F00AF92468C66823F0A6FFE7
S214015178013404FA00F1294401208A19FFF7C2FE16
S2140151880028EAD00420E9E770680020024B186876
S2140151980C3023F0D3BF00BF74680020FF2307B587
S2140151A80021044A04480093FBF75EFF03B05DF84C
S2140151B804FB00BF5D500100583F00200E4B70B540
S2140151C81C680546036804F582641C440E46FFF70E
S2140151D8DDFF2B68834208D232681A44824208D916
S2140151E8C31A012033602C6070BD044A1268134448
S2140151F81C1A0020F7E700BF74680020543F0020FF
S2140152082DE9F04FB3F5803F87B00F4698460190D9
S21401521803D3002007B0BDE8F08F03A904A8CDE9A1
S2140152280332FFF7CBFF0024824600F10109DFF8BD
S21401523888B05FFA89F9019BDDE90356AAB27BB10A
S2140152483046109926F0A1F80028E2D1B9F1020FEC
S2140152582BD1DBF800300493019B03BB2F4421E0DC
S2140152683946304605F04EFD0028D2D1BAF1000F76
S214015278ECD0002CEDD105F0F3FC2E44B6FBF0F390
S21401528803FB10600028E4D005F0EAFC05A90246F5
S2140152983046059405F036FD0028DAD0B9E7109BAC
S2140152A82B441093A8EB05050395631C4B454FF05B
S2140152B80104C0D32046ADE7543F00207FB56B46B6
S2140152C80C4A1068516803C390680C2218600A4B90
S2140152D80DEB0201186826F058F80C2268460DEB0B
S2140152E8020108F0ABFAB0FA80F0400907B05DF8A1
S2140152F804FB00BF2CB60400746800201FB5084ADA
S21401530801AB1068516803C3906801A91860054B82
S2140153180C22186805F0F6FC05B05DF804FB00BF22
S2140153282CB6040074680020F7B5044615460E46E8
S21401533881B9072A03D80024204603B0F0BD0D4BD7
S21401534880791968E379063000EB03200C3180B2C6
S21401535823F0FEFE002721462B46324638460097A4
S214015368FFF74EFF04460028E5D039467019FFF7C7
S2140153787FFEE1E774680020024B1868A0F500601C
S214015388704700BF8068002010B58AB0684606F0EE
S2140153989DF810F0FF0027D1009BFBB1174C01A91F
S2140153A8206006F00BF810F0FF001DD12268009B64
S2140153B89A4204D34FF4DD7111482BF0D0FD019BBE
S2140153C8104A11491360029A13440B600F49A3F55A
S2140153D800630A600E4A1360009B63B940F2CF115E
S2140153E807482BF0BCFD06E0044A03461268002075
S2140153F8084903F0E5F90AB010BD00BF7868002037
S214015408C7500400543F00207C68002080680020B4
S214015418746800206F51040008B5FFF7B5FF25F042
S214015428ADFF50B125F0AAFF064B02691B689A42E8
S21401543803D2B32104482BF092FDFFF7C5FD0120E6
S21401544808BD00BF80680020C7500400014B1868DB
S214015458704700BF78680020014B1868704700BF86
S214015468543F0020014B1868704700BF7C68002035
S214015478014B1868704700BF7468002010B5FFF725
S21401548849FE04462849002003F09AF900202749D6
S21401549803F096F90020264903F092F900202549E1
S2140154A803F08EF9244B00201A68244903F088F982
S2140154B822462349002003F083F9FFF767FE2149B6
S2140154C80246002003F07CF91F4B00201A681F498A
S2140154D803F076F91E4B1F4C1A6800201E4903F08C
S2140154E86FF9226800201D4903F06AF94FF48062BB
S2140154F800201B4903F064F922680020194910327C
S21401550803F05EF92268002017490C3203F058F9B7
S21401551822680020154902F5826203F051F9BDE8B8
S214015528104005F0D1BA00BFEE5104002B5204001A
S2140155384A5204006A520400786800209552040012
S214015548B4520400D7520400543F0020FA52040013
S2140155587C680020746800201D5304004053040032
S2140155686353040086530400A9530400CC53040073
S2140155782DE9F04194B004460D460020482102AAC0
S21401558823F0F7FD18B9534903F01AF919E0602218
S2140155980021204607F006FE04224F4902A808F01B
S2140155A84DF990B16DB19DF80B30002001939DF82F
S2140155B80A309DF80820009348499DF8093003F001
S2140155C8FFF8012014B0BDE8F081BDF80C20B2F553
S2140155D8807F228003D0424903F0F2F8F1E7BDF854
S2140155E81420BDF80E102281DDF816206180E260D5
S2140155F80499BDF81A206160228284F8320007AD4A
S21401560804F112020FAE2B4603CBB3421060516071
S2140156181D4602F10802F6D10F9B324A63631360F6
S214015628314B10221846002107F0BCFDE288A388FA
S214015638028022894280E26842600BB90020C1E7F5
S21401564800263546A388D90709D536B105F1500293
S2140156586A4412F8482C84F838200135EDB29A07C6
S21401566814D5208823F09BFC07466EB102AB03EBEA
S21401567805080246414604F1390007F023FF3A4679
S21401568841461A4807F01EFF2F44FDB2A3885B0760
S2140156980DD556B105F150036B4433F8482C33F851
S2140156A8463CA4F85A20A4F85C300435EDB2002E26
S2140156B8C4D1482D02D930460D4965E72946382018
S2140156C802AA23F056FD08B90A495DE738250126DE
S2140156D8B8E700BFEF53040038B6040021540400AD
S2140156E857540400783F00207C3F0020843F002068
S2140156F872540400C254040030B50B4C99B0257896
S2140157086DB9FFF789FE68B129466846FFF730FF8D
S214015718B0FA80F0054B4009187001232370002069
S21401572819B030BD0120FBE7325F0020335F00204F
S214015738014B1878704700BF335F002070B51E46CE
S214015748134B044618881D46884298B002D15B88D8
S214015758934206D00F4B0FCB84E80F00204618B0B3
S21401576870BD96B100216846FFF702FF0028F1D107
S214015778BDF804305B0708D53388BDF85A209A422D
S214015788E8D8BDF85C209A42E4D395E80F00E3E731
S2140157987C3F002088B80400064B10B51B780446E9
S2140157A82BB9054B0FCB84E80F00204610BD034BE1
S2140157B8F8E700BF335F002088B804007C3F00206C
S2140157C810B50446024B0FCB84E80F00204610BDE7
S2140157D888B804000B4B10B51B78044608467BB105
S2140157E80021FFF7C5FE48B910222146064808F0F1
S2140157F825F8003818BF0120C0B210BD0120FBE70C
S2140158080120FAE7335F00207C3F00202DE9F041B4
S2140158180E4690460E4910221F4608F00FF8044619
S21401582870B90C4B3A461D683046AD1B454528BF36
S2140158384546294623F09DFC28B9074902F0C0FFD2
S2140158480120BDE8F081069B20461D60F9E700BFF0
S2140158587C3F0020783F0020C25404000022024BFF
S2140158681A70FFF73BBC00BF335F00202DE9F041FB
S2140158789CB00F4616468046FFF74CFC0546024686
S2140158881549002002F09CFF382D20D9012104A8D3
S214015898FFF76EFE0446D0B9119B04A93B606F461C
S2140158A83846FFF7F7FA97E80F0086E80F00119BCE
S2140158B8AB4297BF01210324084AC8F8003094BFB9
S2140158C81170C8F8005020461CB0BDE8F0810022CF
S2140158D8024B01241A70F6E7F4540400335F0020E3
S2140158E870B5084D00262B7853B1FFF7F7FB044631
S2140158F81022002104482E7007F054FC204670BD83
S2140159083446F5E7335F00207C3F002008B50020C9
S214015918064902F055FF064B00201A78054902F0A1
S2140159284FFFBDE80840FFF7A9BD00BF13550400A7
S214015938335F00203D55040003460120024AC3E9AF
S214015948032000221A7070470100FEFF2DE9F0417E
S2140159580024264E264FDFF8A88088B000F0D4F938
S214015968A5B2854202D308B0BDE8F081284603A94E
S21401597823F035FCA2B23146002002F03BFF9DF829
S2140159880D2012B39DF81210BDF81030402914BF2F
S2140159986E2179210020CDE900313946BDF80E3057
S2140159A802F028FFBDF814201AB10020114902F0B0
S2140159B821FF9DF80C00BDF8182070B9079B0E4909
S2140159C80093BDF81A3002F015FF00200B4902F0CB
S2140159D8F7FE01342BF0D0FAC0E7BDF81C3041467B
S2140159E8009300209DF81A30EDE700BF56550400D5
S2140159F85C5504007F55040089550400D0640400F2
S214015A08B055040010B500F0ABFABDE810400346E7
S214015A18024A0020024902F0D3BE00BF2B610400EF
S214015A2849200400D0E9023253F8223010B518880C
S214015A3800F086FABDE810400346024A00200249F3
S214015A4802F0BEBED85504004920040010B5D0E9BE
S214015A580232002486B08DF8044053F8221003EB76
S214015A688203097801A88DF805105A681288ADF8DE
S214015A7806209A681288ADF80820DA681278ADF818
S214015A880C40A24214BF402280228DF80A201A69CF
S214015A981288ADF810205A699B691288ADF8122051
S214015AA81B68059300F0D0FB034A034603492046CA
S214015AB802F086FE06B010BD7A34040049200400C0
S214015AC838B50024064D2BF043FA45F82400063471
S214015AD8C02CF8D10020BDE83840024902F070BE5B
S214015AE880100020DF55040030B5002087B020491B
S214015AF802F066FE00201F4902F062FE00201E49E1
S214015B0802F05EFE2BF024FA00240546A0B201A995
S214015B18013423F064FB202CF8D12BF019FA17492D
S214015B28421B002002F04CFE1549002002F048FEF8
S214015B382BF00EFA0446012000F09EF82BF008FA26
S214015B480E49021B002002F03BFE0E49002002F01F
S214015B5837FE2BF0FDF9044623F032FB2BF0F8F95B
S214015B68021B0020054907B0BDE8304002F028BEF8
S214015B780B5604003A5604006A5604008756040079
S214015B8896560400B056040010B50C4603F07CFD8A
S214015B9808B9032C12D101F059F904280ED001F0E6
S214015BA855F905280AD0064802F0BAFC1C2801D186
S214015BB824F0B3FABDE8104002F0C2BC10BD00BF25
S214015BC8D39103002DE9F04F00274FF0FF36DFF899
S214015BD8A4B0264C87B0BBF80030B8B2834209D8C7
S214015BE8731C3BD03246FF21214807B0BDE8F04F71
S214015BF822F043BD01A923F0F2FA9DF8050001F051
S214015C085BFFF8B19DF80480B8F1000F1AD1BDF812
S214015C1810A0BDF812902BF09BF918210246BBB2D2
S214015C284B43E018E158007C4FF47A73A2EB010C61
S214015C3850B103FB0AF363450ED30B44981A864208
S214015C4828BF06460137C6E74D466B43FAD063457B
S214015C58F5D31944881AF2E74046F0E7FF210448CD
S214015C6807B0BDE8F04F22F019BD00BF8010002034
S214015C788C3F0020BA5600202DE9F041014688B035
S214015C8858B1022810D023F0C4FA78B3D2211948A3
S214015C9808B0BDE8F0412BF062B9FF23164A174851
S214015CA80093FBF7E1F9EEE700244FF001082746D9
S214015CB8134EA5B2284603A98DF80D7023F08FFA66
S214015CC89DF80D0068B101F0F7FE20B19DF80C3083
S214015CD80BB986F810800134202C06F11806E8D195
S214015CE82546084B1D80FFF76DFFCCE708B0BDE8D9
S214015CF8F08100BFD0560400356001008C3F0020BB
S214015D0880100020BA560020014B1888704700BF43
S214015D18BA5600202DE9F04F634A077D89B004463C
S214015D286249002002F066FD002024F0D0FA20B176
S214015D382368218A588803F0F5FC00205C4902F0A4
S214015D483FFD637DDFF87491002B236808BF0820A8
S214015D585988574B18BF00200093228A4FF0090331
S214015D6814BF4FF080084FF0400802F089FBA28963
S214015D78BB1C93420CDB24F044FB034620B10020F5
S214015D884C4A4D4902F01CFD012009B0BDE8F08FD0
S214015D98A068791C89B2C55D24F052FA0337012D33
S214015DA80646BFB213D82368324659885879238ADB
S214015DB80093434623F08CFE824600283ED1862077
S214015DC802F026FC284602F023FC304668E08520CF
S214015DD8F6E703A923F003FA9DF80C30AB4223D16A
S214015DE823689DF80D105A7991421DD1BDF80E1001
S214015DF85A88914218D1BDF81020B24214D19DF8A4
S214015E081220424510D1BDF81410228A91420BD1B6
S214015E18002D38D0BDF81810E288914204D19DF8BB
S214015E281A201B799A422ED00BF1010BB9F80030D3
S214015E385FFA8BF08342CCD88B20C1E74FF0000B7A
S214015E48F4E79AF8020002F0E3FBBDF8180024F024
S214015E58BAF9BDF81A0024F0B6F99AF8020003F068
S214015E6881FE002883D19AF8020001F0F7FC054666
S214015E78079E002D3FF47BAFF0B2013D02F0C8FB50
S214015E88360AEDB2F5E7002002F0C2FB284602F01A
S214015E98BFFB304624F097F9012DD2D1BDF81C007E
S214015EA824F091F963E700BF5F570400374B0400FD
S214015EB8D06404006C57040089570400BA560020C1
S214015EC82DE9F04391B06946804623F088F900230E
S214015ED8194F8DF801303888431E98B280453880AE
S214015EE809D16946404623F082F9684623F066F9E7
S214015EF811B0BDE8F0834FF0180905A923F06FF932
S214015F080E4C3E880AAD09FB06460FCE0FC596E82D
S214015F18030009FB084485E803000AAE404605A9C4
S214015F2823F065F90FCE0FC495E8030084E8030053
S214015F3869463888D7E700BFBA5600208010002087
S214015F4808B5064B1B88834205D9FFF7B9FFFFF74B
S214015F5839FE002008BD2720FCE700BFBA560020FE
S214015F6838B5074D2C882CB9FF21064822F096FB38
S214015F78204638BD601E80B2FFF7A2FFF2E700BFD9
S214015F88BA5600208C3F00202DE9F3479A4618237D
S214015F989DF82890244FCDE9001203FB0973144697
S214015FA8D3E9022324F00CFB064620460D4603F0EF
S214015FB8D9FD04F0FD03382B80460FD100943246F4
S214015FC82B460021DAF8100023F034F9B8F1010F56
S214015FD81BD135431ED102B0BDE8F087392CDAF85B
S214015FE810300BD107EE906A07EE103AF4EEC77A36
S214015FF8F1EE10FAACBF01200020E7E79E4275F1EA
S21401600800032CBF01200020E0E7B8F1000FE2D121
S2140160180028E0D0182303FB097701233B7402B05C
S214016028BDE8F047FFF7CEBD801000202DE9F04F00
S21401603800252E46A846AA462C46DFF8BC91D1B0C4
S214016048694BA8B21B88834209D81CB1618820799C
S214016058FFF79AFDFFF7B6FD51B0BDE8F08F0BA923
S21401606823F0BDF82AF074FF1823AFB27B4309EB7F
S214016078030B59F8033005909DF82D00049301F0A1
S2140160881BFD002800F0AE809DF82C10002940F07A
S214016098A980DDE90432D01A4FF47A72BDF8383097
S2140160A85343834200F29E809BF8103043B9BDF8F3
S2140160B83A30002B00F096805343834200F29280D8
S2140160C8FD230022CDE9013210AB00930DF1190230
S2140160D80DF11A03E9B20BA8F0F71AF9002877D1DF
S2140160E8BDF81A30DA1C0493D2B214B33F4B9DF8AC
S2140160F82D101B8813442279914214D1BDF82E1015
S214016108628891420FD19DF83220B8EBD21F0AD18E
S214016118BDF83420524506D1B3424DDD002034493E
S21401612802F04EFB01E0B342F8DC61882079FFF704
S2140161382BFD02F041FA04469DF932002D4BC0436F
S214016148C00F0093BDF834200A23BDF82E10C000F6
S2140161589DF8328002F094F99DF82D304FF0000B2F
S21401616823714FF48A53FF26BDF834A04FEAD81896
S214016178E38007A95FFA8BF024F0D1FBC0B2B0B96F
S2140161889DF81D109DF82D20914210D1BDF81E10C6
S214016198BDF82E2091420AD122469DF829109DF875
S2140161A81C0024F037F9B04228BF3046C6B20BF1BE
S2140161B8010BBBF1200FDCD1BDF8300024F003F849
S2140161C89DF8190002F024FA049910A802F034FA8E
S2140161D8182300225F4309EB07031A742AF0B8FE56
S2140161E849F8070001352BE7BA560020C4560020A7
S2140161F848580400D06404008010002070B50024BC
S2140162080126104D8AB02B88A0B2834204D80AB062
S214016218BDE87040FFF7D6BC05A922F0E0FF9DF85F
S214016228150001F049FC50B19DF814303BB91A46E7
S214016238CDE901360093E1B205A8F0F769F8013413
S214016248E1E700BFBA5600202DE9F0430389DFF8DD
S21401625858818BB0B8F800900093044683798288F9
S2140162684188407823F034FC002800F09580E789BF
S21401627827B1A389BB4200F291800027B8F8003005
S214016288BDB2AB4214D84D4601264FF6FF73E289DC
S2140162989A4226D146B9B8F80030AB4202D9284608
S2140162A8FFF70EFEFFF78EFC00200BB0BDE8F0836B
S2140162B8284605A922F093FF9DF814307BB9226879
S2140162C8059B5340FF2B0AD86368069E5E4036F04E
S2140162D87F4604D1BDF81C2023899A42D5D00137C0
S2140162E8CCE7E2689A422BD0002E53D1D4E9032397
S2140162F8CDE9082305A822F061FF0028D5D1B8F812
S2140163080030AB4204BF6B1CA8F800302AF020FE10
S21401631818236B43234AE9B2D050D418002305A8A2
S2140163281A46CDE901330093EFF7F2FF18B10022C0
S2140163380023C4E90223284605A922F058FFB1E73D
S214016348234605AA04F1100C17461868596808333D
S21401635803C763453A46F7D11868386005A822F09E
S21401636830FF0028C0D01F2D1AD800238DF814300E
S21401637863788DF815306388ADF81630A388ADF8C4
S2140163881830A3798DF81A302389ADF81C30002807
S214016398B0D1ABE70020E6E7862086E7872084E7CA
S2140163A8892082E780100020BA5600202DE9F04F98
S2140163B8B04A90F814908DB00446AF49002002F018
S2140163C819FA002023F083FF20B12368218A588810
S2140163D803F0A8F90020A94902F0F2F9637DDFF875
S2140163E8B8A2002B14BF802340230293236808BF5A
S2140163F808205988A14B18BF00200093228A07233A
S21401640802F03EF800230393A28909F10305954299
S21401641811DB039B13B9184602F0FAF823F0F1FFD3
S214016428034620B10020964A964902F0C9F9012090
S2140164380DB0BDE8F08FA06809F1010189B210F826
S214016448096023F0FDFE3246804603468E49002049
S214016458ADB202F0B5F98EB1012E00F08A8085271B
S214016468384602F0D5F8304602F0D2F8404623F016
S214016478AAFE852FD2D00123039376E0A06809F1FE
S2140164880401A28989B2475D23F0DAFE09F1060103
S214016498A289049089B2A06823F0D2FE3A460590F4
S2140164A80090049B3046794902F08AF909F10809F7
S2140164B838461FFA89F503F055FB002857D13846A8
S2140164C801F0CCF9294603468146A289A06823F043
S2140164D8A8FE6F498346304602F08CF9A1684A4601
S2140164E829443346304602F0CFF83046634902F075
S2140164F867F9A9441FFA89F52368424659885879E5
S214016508238A0093029B23F0E3FA18B18378BB42EF
S21401651840F0AC80483FFFB2092F05D840F211334E
S214016528FB40DB0700F1A48000238DF81C302368AC
S21401653807A85A798DF81D205B88ADF82080ADF83C
S2140165481E30029BCDF82CB08DF82230238AADF888
S2140165582430049BADF82830059BADF82A30FFF7A8
S21401656873FE074600287FF47BAFA9464CE7B3467F
S214016578C2E72946A289A06823F062FE4FF0000B05
S214016588024607464349002002F01AF909F10509AF
S214016598BAF800301FFA89F5BAF800201FFA8BF905
S2140165A84A4503D81F2B31D9892759E7484607A9F1
S2140165B8049322F014FE9DF81C20049B012A22D184
S2140165C822689DF81D00517988421CD1BDF81E002D
S2140165D85188884217D1BDF82010414513D19DF83E
S2140165E82210029881420ED1BDF82400218A8842E1
S2140165F809D1BDF82800E188884204D19DF82A10FF
S214016608127991421BD00BF1010BC5E7012299467D
S2140166188DF81C20226851798DF81D105188ADF827
S2140166282080ADF81E1002998DF82210218AADF847
S2140166382410E188ADF8281012798DF82A2007A8C9
S214016648ADF82C7022F0BAFD074600287FF408AF93
S214016658BAF800304846994508BF09F1010307A969
S21401666808BFAAF8003022F0C2FD7EE78D27F7E6BC
S2140166788C27F5E673580400374B0400D0640400F1
S214016688D4580400895704007B580400985804001D
S214016698B9580400C4580400BA5600202DE9F04F32
S2140166A8074688469146002589B09A46BDF848B0FF
S2140166B89DF84C60149C224B1A88A8B2824235D9A0
S2140166C803A922F08CFD9DF80C201D4BB2BB9DF84A
S2140166D80D10B94232D1BDF80E1041452ED1BDF884
S2140166E8101049452AD19DF81210514526D1BDF8FA
S2140166F81410594522D13046029201F0AFF8A6F19E
S2140167084103012B01460AD8204623F09FFD0D4B75
S2140167180D4A204484420CD10421029302ACEDB206
S21401672832462046009503ABFFF72EFC09B0BDE8BC
S214016738F08F14F8011F4B405343EBE70135BBE7D5
S214016748BA560020C59D1C81930100011FB50F4C48
S2140167582478C4B142EA03229DF818308DF8051052
S21401676842EA43220A4BADF80C201A78094B8DF8F9
S2140167780610079903EB021300908DF80400DB68F6
S21401678868460291984704B010BD00BF345F0020E8
S214016798365F0020AC3F002073B51A4DFF211A481A
S2140167A821F07CFF2B7853B3184C194E2378180127
S2140167B806EB03131A7A5968305C24F03CF94D2825
S2140167C81DD0E0B1012300212278CDE90031120164
S2140167D8B25CC0B2FFF7BAFF0A2223780A4801332F
S2140167E8DBB2B3FBF2F102FB1133FF2123702B78E6
S2140167F8013B2B7002B0BDE8704021F047BF02B0E4
S21401680870BD00BF345F00204C400020365F00207A
S214016818AC3F0020F8B5104F3E780A2E1AD00FC8A4
S214016828DFF840C00D4D9CF80040013605EB041515
S21401683885E80F000A230134E4B2B4FBF3F203FB44
S21401684812440748FF218CF800403E7021F01EFFD5
S2140168580020F8BD0120FCE7345F0020AC3F002093
S2140168684C400020355F00200021024A0248FAF712
S21401687831BC00BFA16701004C400020002337B59A
S2140168880C46124D12492A78CDE9003312018A5C6A
S21401689801230146E0B2FFF759FFA4B90D490A786A
S2140168A88AB10A202B78013A0133DBB2B3FBF0F444
S2140168B80A70FF2100FB143307482B7003B0BDE8AC
S2140168C8304021F0E3BE03B030BD00BF365F002084
S2140168D8AC3F0020345F00204C40002008B500F093
S2140168E8BDF850B1054B064A0649052808BF1A46A1
S2140168F8BDE80840002001F063BF08BDE858040061
S214016908D06404000959040008B5032024F0ADF842
S21401691810B90122014B1A7008BD00BF375F00206D
S2140169280022024B18781A70704700BF375F0020A4
S2140169380246FF21014821F0A0BE00BF6C4000209E
S214016948114B37B51D78C5B9FF21104821F0A6FEB1
S214016958FFF7DAFF044600900D4B28460D4A0E490C
S21401696801F02EFF4CB10D4B1B78DB0605D52846EA
S21401697824F055F8204622F092FA094B186803B01D
S214016988BDE83040FFF7D4BF375F00206C400020D9
S214016998265904005459040019310400255F0020C3
S2140169A884680020FF21014821F078BE6C40002051
S2140169B870B51A4E054633780C466BB30020184A54
S2140169C8184901F017FF032C01D0652C20D1164970
S2140169D8002001F00FFF22460020144901F0F0FEC6
S2140169E80020134901F006FF01232946082200204A
S2140169F801F04AFE00200F4901F0E2FE032C88BF91
S214016A080023204688BF3370BDE87040FCF7BEB847
S214016A18012CE0D00849DBE770BD00BF375F0020D6
S214016A28545904000335040067590400BA3B0400AE
S214016A3885590400D06404007D590400014B186090
S214016A48704700BF846800200021024A0248FAF70E
S214016A5841BB00BF496901006C400020054B10B5D9
S214016A681C782CB90448FF2121F010FE204610BDE1
S214016A780520FCE7375F00206C400020F8B50024AD
S214016A88074B084E1D68084FE3B29D4204F1010406
S214016A9800D8F8BD394656F8230020F0B6FFF3E7CC
S214016AA8F8D30400FCD304005069002010B5044C48
S214016AB823780BB123F0C9FF0123237010BD00BF53
S214016AC8F56C00202DE9F743254B0D46164604467E
S214016AD8019350B14AB1042301AA12F8011BA94235
S214016AE835D0013B13F0FF03F7D1212003B0BDE8F1
S214016AF8F08317F8010F90FAA0F0000E21F0C1F903
S214016B08014608EB07039945F3DCCAB2C1F30F2324
S214016B1892FAA2F293FAA3F3120E1B0E03EB0223C8
S214016B28DB43621912F8020C99B2DBB298420CD117
S214016B3812F8013CB3EB112F07D1324621462846FD
S214016B4803B0BDE8F04323F0E0BE2320CEE74FF6BE
S214016B58FF71671EA5F10209C4F10108D1E700BF5C
S214016B68080A0E12F0B515468FB00E4607462AF0EB
S214016B789BFA254B02A81C7823F06BFF15F0FD0F36
S214016B883BD028B9BDF808309B0701D5032D36D070
S214016B981DF02EFE58B309A823F0C7FF032330685B
S214016BA871688DF824300AAB03C39DF83130012D86
S214016BB843F002038DF8313019D105A909A823F04D
S214016BC8ACFF002818BF022423F055FB032D18D864
S214016BD80E4B0F4A0020CDE9004753F8243052F8EF
S214016BE825200C4901F0ECFD20460FB0F0BD032D21
S214016BF8EAD1042C08BF0024E6E70324E4E72C4680
S214016C08E2E70324F0E700BF385F00202CB8040051
S214016C181CB804008C600400014B1870704700BF54
S214016C28395F0020024B1A6818608260704700BFFF
S214016C3888680020024B186800B14068704700BF9A
S214016C488868002070B5044600250A4B1B687BB18E
S214016C5800211E8807E05A6802EB0110013145B988
S214016C68021B554255418AB29642F4D89B68EEE714
S214016C78184670BD886800202DE9F04F1E4600238F
S214016C8893B0022E074688461446DDF870909DF8A4
S214016C9874A0ADF81A3040F2C08099F800305A074F
S214016CA829D5042E40F2B98099F804B000255F4B27
S214016CB833F83520002A00F0B68001350A2DF7D1C1
S214016CC8209B002B40F0AD80FF250023207908AAE1
S214016CD80DF119018DF8193023F045FA70B1BDF898
S214016CE82C309DF81900238023F0C0FA0790C0B114
S214016CF813B0BDE8F08F99F802B0D7E7207922F0F3
S214016D0862FF0B28059000F28A80207923F0BFFAEB
S214016D1807900028ECD1464A059B02EB03135B88D3
S214016D2823804FF6FF73002F08BF43466288002171
S214016D38CDE9002358465246238802F0FDFD18B1D6
S214016D48E38843F02003E380209B07A90DA8CDE93B
S214016D580D34CDF83C90ADF84080ADF842608DF822
S214016D6844708DF845A023F00FFA08B10798BFE7DD
S214016D78484602F025FDA01D02F010FD22464146B8
S214016D88384623F047FBB04227D3E3882246C3F3AD
S214016D980E03E3809DF87C3041460393BDF87830B6
S214016DA8384602930DF11A03CDE90093F3B222F0A7
S214016DB87DFC209B079003B3F8B9BDF81A2042B1B1
S214016DC8092D06D81B4B03EBC5018A80209A43F888
S214016DD83520112023F0AAF91CE0BAF1000F0AD1D8
S214016DE80DF11A03CDE9006322464B464146384663
S214016DF8FAF778FFDDE73820DBE7052807D1E388CF
S214016E08DB0607D5002301200793FFF705FF079B3D
S214016E18002BDED023F02FFAA8E7012068E721200F
S214016E2866E71C2064E7EDB24FE700BF94400020F8
S214016E3800410020904000204FF6FF72024B1A8056
S214016E485A809A80704700BFBC56002010B5044C83
S214016E582379FF2B02D123F026FE2071207910BD5D
S214016E68BC56002010B50C4C2379FF2B08D1002006
S214016E7823F0FCF920B923F016FE207123F0FBF964
S214016E882079022805D00438012894BF0020012063
S214016E9810BD0020FCE700BFBC5600204FF6FF736C
S214016EA810B5044C22889A4202D123F0F2FD2080C4
S214016EB8208810BDBC56002010B5FFF7BDFF40F670
S214016EC81D439842044607D8B0F5416F05D21828E5
S214016ED826D8152848D829D010BDA0F541630D2B12
S214016EE8FAD801A252F823F0356F0100356F010078
S214016EF8E16E0100E16E0100E16E0100E16E010044
S214016F08E16E0100E16E0100856F0100976F0100D7
S214016F18316F0100316F0100316F0100316F0100DF
S214016F2840F606439842D7D11C4920E0FFF7B6FF42
S214016F381B490246002001F043FC152C05D123F01D
S214016F4892FDBDE8104023F028B9164B164A17499A
S214016F58B4F5416F08BF1A46002001F031FC23F052
S214016F681BF923F01AF9ECE71628DDD110490020A1
S214016F7801F026FCBDE8104023F034BA22F07DFC6F
S214016F88BDE8104002460B49002001F019BC00205C
S214016F98BDE81040084901F013BC00BFB061040009
S214016FA85D610400D064040058610400796104003E
S214016FB899610400C5610400ED61040007B5094A3A
S214016FC80346108831B9084A084903B05DF804EB4E
S214016FD801F010BC0091064A064901F00BFC03B00B
S214016FE85DF804FBD4560020502E04000D62040000
S214016FF8F42E0400193104000D4B37B51B680446FE
S21401700893B11D780389012D08BF02250093C37A21
S214017018084A0020084901F0D3FB2146284603B058
S214017028BDE8304023F0F7BC022003B030BD00BFF6
S214017038CC4100208262040031620400002010B5B1
S21401704823F014F90D4B1B6863B15A78052A03D847
S21401705862B1052402220AE0FF2AFAD00020084974
S21401706801F0AEFBBDE8104023F005B91446104602
S21401707823F02DFD204623F028FDF3E7CC41002020
S2140170888762040013B5134C002023F0EFF8FFF7CE
S214017098D3FE23689BB101A822F0E2FB78B92368E6
S2140170A81A789DF804309A4209D0D91E032906D9C0
S2140170B8D11E012903D9012A07D1022B05D10323A1
S2140170C801A8ADF8043023F0ACFC02B0BDE81040CE
S2140170D823F0D1B8CC41002000231946034A0133D6
S2140170E80A2B918042F8081BF9D17047904000207E
S2140170F87FB50E46054623F096FC2A460446034607
S2140171080D49002001F05CFB96B10C4B36211A881C
S2140171189B78ADF80C208DF80E30032300220093DF
S2140171284FF6FC7003AB8DF80D5023F0BDFB0446FB
S214017138204604B070BD00BFA862040098B80400D9
S214017148FF2810B50C4604D10020044901F038FB8D
S214017158FE202146BDE81040FFF7CABFC162040001
S214017168F8B51E460B8807460C461546002B64D113
S2140171784A88B1F9021000200029B8BF6B78304957
S21401718801F01EFB6288132A1DD002F5FF437F33E8
S2140171989BB2052B23D8A2F50042013A052A1ED830
S2140171A8DFE802F0193F1D033C09264A264900205C
S2140171B801F006FB13E0254A2349002001F01AFBDB
S2140171C82A792349F3E7022E94BF4FF6FF72B5F8E2
S2140171D801202049EBE700201F4901F0F1FA334668
S2140171E82A462146384624F099FC70B933462A4681
S2140171F82146384624F094FC48F2210362889A42D4
S21401720803D13846697822F0B7FF6388B3F5004F93
S21401721802D9082022F0C7FF0120F8BD2A790F49B4
S214017228C5E70F4A0849002001F0E4FA032E94BF87
S2140172384FF6FF726A880B49B9E70020EDE700BFF1
S214017248FC620400246304002B6304003C6304000E
S2140172584263040050630400686304008263040008
S214017268A4630400A96304002DE9F04116888AB0D6
S214017278DFF88C80ADF80E300DF10E03C8F800204B
S21401728815460093324610AB07460C46FAF7BCFD86
S21401729890BB109B8DF824000693BDF80E3004A809
S2140172A8ADF81C30AB898DF81070ADF820306B89BD
S2140172B80594ADF81E60ADF8223022F063FFD8B908
S2140172C821463046BDF80E30109A01F0C9FF98B92C
S2140172D821463046BDF80E30109AFFF741FF58B9DF
S2140172E8CDE9006039462046BDF80E30109A02F006
S2140172F849FB08B9C8F800000AB0BDE8F08100BF2C
S2140173088C400020F0B585B004AB03E903000023E8
S2140173181C469DF80D609DF80E70154AD9B202EB11
S214017328C1004568EDB99DF80C30284600939DF8D4
S2140173380A209DF80B300F4901F05CFA26B1324657
S21401734828460D4901F056FA0C4A0020002C18BFB1
S2140173582246BDF808300A4905B0BDE8F04001F0FC
S2140173682FBA12F831100133B94208BF2C46D5E7B7
S21401737840B80400BB630400CC630400BF2D0400BE
S214017388D06304004FF6FF7310B5084C88B06288C6
S2140173989A4207D102A90DF1070022F05FFABDF85B
S2140173A810306380608808B010BD00BFBC5600204E
S2140173B82DE9F04F85B0894692461C460746BDF82A
S2140173C83850BDF83C80109E002833D00346464A04
S2140173D80020464901F00EFA2388002B76D040F2A9
S2140173E80912934274D0424A4249B3F5827F08BFD4
S2140173F80A46CDF804806188002000913E4901F0D4
S214017408F9F9238893B1B8F1020F0FD933783B49BC
S21401741813F0010F3A4A18BF0A4659074FF0000001
S2140174284CBF3379B378374901F0E4F9002036497F
S21401743801F0C6F90023354931F83320AA4249D16B
S214017448334A52F833B0002331F83300DA00A84241
S21401745846D100202E490A44908041F8330047B9A6
S214017468238833B9B4F90230002B02DB082022F056
S2140174785DFE012022F097FE9EB13578EB0710D508
S21401748815F0040004D042460121304622F0D8FE09
S214017498CDE901704346224651464846009622F0F9
S2140174A8EFFBBBF1000F06D043462246514648463D
S2140174B8CDE90067D8474346224651464846CDE9B6
S2140174C8006722F0A3F805B0BDE8F08F114A90E7EF
S2140174D8114A8EE701330A2BAED14FF0000BB2E703
S2140174E801330A2BB0D1BAE7FC240400F763040081
S2140174F8C02D0400E563040005640400E863040085
S214017508F063040036640400D0640400944000204C
S21401751890400020DE630400E26304000D4BF0B5E2
S2140175284FF00C0C1F88054600230B4EDCB2BC42FC
S21401753801D30020F0BD0CFB04F43019345DAC42D5
S21401754805D144888C4202D104799442F2D00133A1
S214017558ECE700BF926C00209868002073B50126FE
S2140175682B4D2C4C2A462046FF2300210096F9F77E
S2140175787BFD2A462046FF2300210096F9F774FD75
S2140175882A462046FF2300210096F9F76DFD2A4674
S2140175982046FF2300210096F9F766FD2A46204675
S2140175A8FF2300210096F9F75FFD2A462046FF23B0
S2140175B800210096F9F758FD2A462046FF230021A8
S2140175C80096F9F751FD2A462046FF23002100962A
S2140175D8F9F74AFD2A462046FF2300210096F9F7C7
S2140175E843FD2A462046FF2300210096F9F73CFD75
S2140175F82A462046FF2300210096F9F735FDFF238A
S2140176082A46002120460096F9F72EFD02B070BDE5
S214017618438F0300E04000202DE9F84300244FF093
S2140176280C090C4B0C4F1E78DFF830803A88E5B20F
S214017638954202D33046BDE8F88309FB0585FF214C
S214017648A86821F032F818B9AB799E4238BF1E46B1
S2140176580134EBE73A5F0020926C0020986800201E
S214017668014B1878704700BF3A5F0020014B18702D
S214017678704700BF3A5F0020F8B506460C4622F070
S21401768870FD0546C8B9304622F09DFA0B2815D874
S2140176980B4B03EB00131F7B87B95A880121228005
S2140176A89A88304662809B79237100F037FA39460A
S2140176B86071304600F032FAA07101252846F8BDFF
S2140176C80041002070B504460E46154622F07BFAA6
S2140176D80B2802D94FF6FF7070BD094B03EB001358
S2140176E81A7B002AF6D146B901222946204600F01F
S2140176F83DFA0028EED00088EEE7012EEAD1F4E73D
S21401770800410020FF2313B50DF1070104468DF84B
S214017718073022F024FD18B19DF8070002B010BD0D
S214017728074B03EB04131B7B0BB1FF20F6E7204640
S21401773800F03AF90028F8D0204600F0E9F9EDE71C
S2140177480041002013B5F6F765FC0446F6F768FC19
S214017758224603461249002001F032F800F084FF61
S214017768FFF7BAFC00F0A6F80221084602F074FDFD
S214017778FFF764FC41F2490023F0C3F94FF0FF1309
S2140177880093FF2368468DF8043023F098F94FF4E8
S214017798004023F076F9002023F093F902B010BDDB
S2140177A88564040038B5054622F0F9FC90B92846E8
S2140177B823F0B3F8044628B140F60443984214BFB0
S2140177C888248D2423462A460020034900F0F8FF22
S2140177D8204638BD8D24FBE79D6404002DE9FF474C
S2140177E805460E4617469846BDF83090DDF834A093
S2140177F8BDF83840CDF80090CDE9014AE4B2FFF76C
S214017808D7FD43463A4631462846CDE90094CDF899
S21401781808A024F04CF9FF21034B044A044804B09D
S214017828BDE8F04700F01ABEC8560020C45600202E
S21401783812610020044B01461888102240F040408F
S21401784840F48010F7F716BA92B50400024B186890
S2140178585968FFF757BD00BF6A1005000123064A9D
S214017868D15C814202D1054AD05C704702335F2B56
S214017878F6D10020704700BF9AB804009BB80400F0
S21401788870B500220446094B1D78094BD0B28542D3
S21401789801D8FF2070BD1E78A64204D10029F9D070
S2140178A85E7BF607F6D401321033EFE73B5F002024
S2140178B8004100202DE9F04198B06B46304A106827
S2140178C8516803C390680CAA18602E4B14469C4650
S2140178D803F11806154618685968083303C5B342F4
S2140178E82A46F7D112AA1746274B03F1180615465A
S2140178F818685968083303C5B3422A46F7D1234A9C
S21401790803AB106851684FF0010E03C390687168A5
S2140179181860DCF83000002206AB03C30C21EC46E5
S214017928B068CDE909221860194BDFF86C80197028
S214017938184B0DEB01060B9206AD09A91CF8010BB5
S2140179480132187034F8020B0C2A588037F8020BEB
S21401795883F80DE0988016F8010B03F1100303F87D
S2140179680A0C15F8010B08EBC00043F8080C11F8CF
S214017978010B03F8040CE1D118B0BDE8F08100BF93
S214017988B76404000ABC040022BC0400C4640400F2
S2140179983B5F00200041002004B90400014B187821
S2140179A8704700BF3B5F0020034B03EB0013587B77
S2140179B800F00100704700BF00410020F0B5044602
S2140179C80846D9B100220E4B11461F780D4B1D46AD
S2140179D8D6B2B74201D8002010E01E78A64206D0DB
S2140179E89E68F688314489B201321033F0E75E7B2F
S2140179F8F607F9D505EB02150180A868F0BD00BFAA
S214017A083B5F0020004100202DE9F3478946904658
S214017A181D46074618B9002002B0BDE8F0870029C0
S214017A28F9D0002AF7D0002BF5D0002400780DF104
S214017A380601ADF80640FFF7C1FF0028EBD039462E
S214017A480DF10602BDF8066021F0B2FF07460028D0
S214017A58E1D00DF10602BDF806A021F0D0FF0028FE
S214017A68D9D0C9F80070C8F80000037913F02002CD
S214017A7819D1DB0614D4BDF806300C4A564413FA5D
S214017A8886F612FA86F20BE01A790C33920642BF92
S214017A9813F8092C891889B29842F5D8044A0A4479
S214017AA801202A60B8E72146024BF5E75E60002010
S214017AB83C5F002044BB040008B50021FFF7E0FE48
S214017AC8FF2817BF044B084603EB0013587B18BF63
S214017AD800F0010008BD00BF004100202DE9F0417B
S214017AE80D4616461F4622F06EF80B280AD8074C94
S214017AF83B4604EB001032462946BDE8F041806853
S214017B0822F02EB80020BDE8F08100BF0041002019
S214017B18014B0001185C70470041002070B50C4607
S214017B2822F051F80B281BD80F4B03EB00139A6869
S214017B38C2B10023142618461579D9B28D4200D849
S214017B4870BD116806FB0311097B34B911F0800F6B
S214017B581CBF0130C0B20133EFE711F0400FF7E761
S214017B680020EDE71046EBE700410020F8B50D468A
S214017B78164622F028F80B280BD80F4B4FF0140C9A
S214017B8803EB00139A6800231C461779D9B28F4273
S214017B9801D80020F8BD10680CFB0300017B46B92C
S214017BA811F0800F03D0AC42F4D00134E4B20133B3
S214017BB8ECE711F0400FF5E7004100202DE9F04F02
S214017BC8064600243A4B87B01B783A4F0093009B31
S214017BD89C4207D2FF2E08D0304621F0F4FF0B282E
S214017BE8044606D907B0BDE8F08F07EB04131B7BE4
S214017BF82BBB23014FF00008019307EB041A14E08E
S214017C0814221B6802FB05352B89B3F5967F01D92B
S214017C1829F0B2F94FF000094FF00C0B29891FFA29
S214017C2889F291420ED808F10108019B5FFA88F59E
S214017C38FB189B681A79AA42E2D8FF2ED2D10134E2
S214017C48E4B2C4E71FFA89F00BFB00F06B68191859
S214017C580A7912F0100F23D19AF800E012F0400FBB
S214017C688DF80CE0B5F800E0185AADF80EE00CBF38
S214017C784FF0400E4FF0800EADF8120028468DF8F2
S214017C8810E021F061FE5307ADF81400C8780AD554
S214017C980228896800D90968002203A821F030FF64
S214017CA809F10109BAE702288CBF89680831F3E7A8
S214017CB83B5F002000410020052370B5094A06886D
S214017CC81488B44208D19578047B2C403F2C03D9FC
S214017CD80D4201D0506870BD013B02F10802EFD198
S214017CE81846F8E7B4BB040070B50024074D084EE3
S214017CF82B78E0B2834200D870BD06EB0010437BB8
S214017D08DB0701D522F03EF80134F1E73B5F00209E
S214017D1800410020F8B50C4600210546FFF7B0FDE6
S214017D28FF2829D0154A060102EB00135B7B03F0F6
S214017D3801016CB143F001031644A142737305D0E7
S214017D48C4B100B202EB001022F01CF80120F8BD05
S214017D582346F1E77B4311682846CA18127BC95A9D
S214017D68D20921F07BFC0134B268E3B21179994259
S214017D78F0D8EBE71427F7E70846E8E700410020C4
S214017D88F0B59446497D20B339B3012918BF0421BB
S214017D9800254FF6FF702F462A46144E3488644550
S214017DA811D196F803E01EEA010F0CD0B4789C4274
S214017DB809D30AB1BC4206D81EF0100F03D08AB107
S214017DC8BC420CD370B90135072D06F10406E5D17E
S214017DD8F0BD002908BF0821D8E70221D8E72746C1
S214017DE80020F0E727460122FAE700BF98BB040007
S214017DF82DE9F04F0A9FBDF824E09DF82C809DF8E8
S214017E0830904C7D78B394B3012C18BF0424002518
S214017E18194800F11C0C068896421ED190F803B04A
S214017E281BEA040F19D08678464516D31BF0100FA7
S214017E3891F80FA004D0BAF1000F0ED0B1F810A037
S214017E48BAF1000F09D1A94513D0AE4511D95E552F
S214017E583E88013501363E80ADB204306045DAD140
S214017E680120BDE8F08F002C08BF0824CDE70224C6
S214017E78CDE70020F5E700BF98BB04002DE9F04FD9
S214017E880024B1F57C4F0E4638BF4FF0010BA246D1
S214017E98A1464FF6FF781F4628BF274B85B028BF57
S214017EA8B3F800B0009001925C4503D3404605B094
S214017EB8BDE8F08FB6F57C4F0CD3204B3A4603EB62
S214017EC8840331465B880098FFF708FE054680B3B1
S214017ED800232AE03A463146009821F0A4FEF5E749
S214017EE80C229CB254436A680199105B02EB040C9D
S214017EF8884219D3B9F1000F01D0504514D861460C
S214017F082846CDE9023221F01FFD029B60B1039A93
S214017F18125BB9F1000F03D0524501D3804503D94E
S214017F28924680464FF0010901332A899CB2A24243
S214017F38D6D80134A4B2B7E7FAB80400FCB80400EE
S214017F482DE9F04F91461A4600238BB08DF8202074
S214017F58BDF850208DF81C00ADF81E10ADF8242091
S214017F6805460F461A4604A907A8159C9DF85860A9
S214017F789DF85CA09DF860B09DF864800493ADF808
S214017F88229021F069FD049850B92B46CDE9007975
S214017F98644A654900F014FC86200BB0BDE8F08FF2
S214017FA8BAF1000F14D18378B34206D050465D4A21
S214017FB85E4900F005FC8D20EFE7037913F0010315
S214017FC806D11846574A5A4900F0FAFB8820E4E7D2
S214017FD803795B072CD583685A689B6805920693D4
S214017FE8807822F0CFFA049B0546DF782146022FD7
S214017FF803463A4610D805A822F080FA81462B4651
S2140180083A46214606A822F079FAB9F1010F01D0BD
S21401801801300DD18720C0E7059822F06FFA0128B4
S214018028F8D02B463A462146069822F067FAEFE73B
S214018038BBF1000F6FD1049F4FF6FF722146B87847
S21401804821F020FC00286BD0BDF82430C5B200937F
S214018058CDE902549DF82030BDF82220BDF81E1047
S2140180689DF81C00019622F089F8002895D1BDF8E4
S2140180782430CDE902540093BDF822209DF8203023
S214018088BDF81E109DF81C00019621F055FE00282B
S21401809883D121469DF8682007A821F031FD0028E4
S2140180A87FF47BAFB8F1000F07D03B462046BDF8FA
S2140180B81E209DF81C1021F0C6FDBDF82430BDF821
S2140180C82220BDF81E109DF81C000093CDE901641E
S2140180D89DF82030FEF7E2FABDF82430BDF82220DC
S2140180E8BDF81E109DF81C000093CDE902549DF8BA
S2140180F82030019622F041F8BDF82430BDF8222040
S2140181080093BDF81E109DF820309DF81C0021F044
S214018118EBFD002041E70020064900F051FBF8E797
S21401812801203AE7D1640400DD640400096504000F
S2140181381D650400316504007FB500258DF80830FB
S214018148BDF820308DF80400ADF80610ADF80A2009
S214018158ADF80C306946BDF82830099A01A80B9E7F
S214018168009521F079FC044630B916B1009B9B783E
S2140181783370204604B070BD8928FAD128460249D2
S21401818800F01EFBF5E700BF4E6504002DE9F04F31
S2140181984FF0000AC7B0FFF701FC5FFA8AF6B04253
S2140181A802D847B0BDE8F08F5B4B36019A5D0020D8
S2140181B85A4900F005FB0020594900F001FB00234D
S2140181C80593554B9DF8144033449B681A79A2428F
S2140181D802D80AF1010ADEE714224FF000091B68EB
S2140181E802FB043422891FFA89F39A4202D8059BB6
S2140181F80133E5E70C231FFA89F803FB08F8D4F8DE
S21401820804B028F0B9FE0BEB08052B79454913F0A5
S214018218400F3BF8083022884FF000000093424B8D
S21401822818BF0B46414900F0E5FA2946204621F0D9
S2140182388BFB074600283CD13D4900F0DBFA29793B
S214018248DFF814C111F0010F3A4818BF604611F063
S214018258020FAA78EB7832D1DFF800C111F0100FBF
S214018268354918BF6146CDE900010020334900F0C1
S214018278C1FA2B793BF8082013F0400F4FF0000B9A
S2140182884FF0FD030DF118082188CDE9023BCDE931
S214018298007821480CBF40238023805DFFF74CFF00
S2140182A886280ED12649002000F08AFA09F101092C
S2140182B898E702462349002000F09CFABFE72249C6
S2140182C8D1E7A87821F030FBD8B1404621F0BEFFAF
S2140182D8421C92B201234146002000F0D5F93946E6
S2140182E8208801F001FA4FF6FF73984207D0174B22
S2140182F8174903EBC0035A68002000F061FA1549D4
S214018308D1E7A87821F016FB20B1404621F0A3FF5B
S214018318821CDEE7EA78DDE700410020A06504005C
S214018328AE650400786504007D650400EE6504000A
S2140183386556040085650400886504000266040025
S2140183481E660400BF6A04009065040084BC04002D
S21401835845350400D064040082650400986504006D
S2140183682DE9F04FC7B0BDF844A10646BAF1040F8F
S2140183780D4614461F46BDF840B163D9CDE9013B09
S21401838800920B4602463049002000F019FAFD23F8
S2140183980DF117090DF118083046029322463B469F
S2140183A82946CDE900B8CDF80C90FFF7C5FE06467C
S2140183B8B8B9FD22414699F8000021F063FA07464C
S2140183C8C0B1AAF10403834238BF8926204621F0AA
S2140183D8FAFE8EB1304600F01BF9304647B0BDE8CC
S2140183E8F08F009023462A460020184900F0E8F945
S2140183F80027EBE78926E9E7DFF85CA0BA1CBAF89C
S2140184080030C3F1FF039A4219DA304600F000F94A
S21401841899F8000000F0FCF8BAF800900C483A46C3
S21401842841464844B94405F04DF8AAF80090234659
S2140184382A4630460749009700F0C2F9CDE7892059
S21401844800F0E6F88926C8E72A660400656604008F
S214018458126100208C660400C456002010B5044C36
S21401846820600448018004490A60044A136010BD6C
S214018478C8410020C2560020C4410020C041002047
S21401848830B587B00AAC0D4654F8041B0093CDE905
S21401849801141346094902460948098800680594E3
S2140184A821F091FD4FF48A52064B1B681880064B43
S2140184B81B685D80DA8007B030BD00BFC256002059
S2140184C8C8410020C4410020C041002008B410B5AE
S2140184D887B009AB0C4653F8041B0092CDE901138B
S2140184E802460B490B48059309880023006821F0CA
S2140184F86AFD4FF48A52084B1B681880074B1B68A5
S2140185085C80DA8007B0BDE8104001B0704700BF54
S214018518C2560020C8410020C4410020C0410020A6
S214018528044A034611680448044A09881268006820
S21401853821F022B8C4410020C0410020C8410020D3
S214018548044B054A1B6812681988044B186820F002
S21401855886BF00BFC4410020C8410020C04100209A
S21401856807B5074B1B681B880192064A12680092DA
S214018578054A126820F0D4FF03B05DF804FB00BF7B
S214018588C4410020C8410020C04100201FB5144640
S214018598064A12681288CDE901430091044B054941
S2140185A81B68096820F098FF04B010BDC44100207C
S2140185B8C8410020C0410020014B1868704700BF21
S2140185C8C0410020024B1B6818715971704700BFE3
S2140185D8C041002010B50024084B1C70FEF75EFC55
S2140185E8074BFF2218802146064804F0DBFD064BA0
S2140185F81C80064B1C605C609C6010BD1C620020E1
S214018608C656002012610020C4560020C856002015
S21401861807490B88FE2B9FBF064AD054581C80B2C8
S2140186289DBF088000F1FF3080180020704700BF0A
S214018638C456002012610020F8B5094F0D463B8844
S2140186485C18FE2C0ADC074E0A46A4B20146F0184E
S21401865804F0FAFD3C80641BA019F8BD0020FCE775
S214018668C456002012610020024B034A00201A60FB
S214018678704700BFCC41002000B90400014B1878B0
S214018688704700BF0041002030B4044D044C002B55
S2140186980CBF2B46234630BC21F001BEEC25040056
S2140186A85F67040070B5054608460C4621F0CEFD06
S2140186B8611C0246024B2846BDE8704021F0EFBD1A
S2140186C87E6E040000B5037889B0069343783E228F
S2140186D80593837808490493C3780393037902932F
S2140186E84379019383790093C3790448008800F09D
S2140186F881F809B05DF804FBBA660400D456002078
S214018708024B02460249188800F05AB8D45600208F
S214018718582C04002DE9F04705460E461746002456
S214018728DFF84480DFF844A0DFF84490AC4201D17A
S214018738BDE8F087B8F8000006EBC40153460822E6
S21401874821F0ADFD0134B8F800003FB9044AA5424E
S21401875808BF4A46034900F04DF8E7E74A46F9E7F5
S214018768D0640400572C0400D45600205F67040028
S214018778E11604002DE9F0410E4E0446308821F03A
S214018788A6FDA8B100250C4FDFF83080E3070AD50F
S21401879818B94146308800F02DF830882A463946FF
S2140187A800F028F8002001351B2D4FEA5404EDD1BE
S2140187B8BDE8F081D4560020B152040002640400DA
S2140187C80EB417B505A9044651F8040B019103F038
S2140187D8DFFB01210220054AF8F766FF044B1C80DF
S2140187E803B0BDE8104003B0704700BFD064040072
S2140187F8D45600200EB417B505A9044651F8040B43
S214018808019103F0C5FB034B1C8003B0BDE8104083
S21401881803B07047D456002013B503680446587948
S21401882800F032FF90B923685A88032A0ED0E17CFB
S2140188385B79CDE900211649164AFFF7C1FF0121E8
S214018848204621F0E4FD012002B010BD637D012B16
S2140188580AD0637D33B92368228A5988587921F06A
S214018868BEF948B9C3200AE02368228A598858798C
S21401887821F0BEF90028ECD0204621F02AFD064B4F
S2140188881B78002BDFD110F5807FDCD0C1B2D7E78B
S214018898E7660400DF66040013620020002970B54D
S2140188A80F491D460F4B14460CBF6E22792200282D
S2140188B808BF0B4600200C49FFF79CFF0B4E2544CA
S2140188C8AC4205D1BDE8704000200949FFF778BFE2
S2140188D83146002014F8012BFFF78CFFF0E700BFA4
S2140188E82067040016670400296704005D67040012
S2140188F8EE4904002DE9F04FC27C8BB00592427D0B
S2140189080368002A14BF80224022077D0446856832
S21401891886895879B846B3F80290069200F0B4FEF4
S214018928A0B9059B052B05D86FF02D03059A1341B1
S214018938DB070BD5B9F1030F08D0AB490020FFF7C9
S2140189483FFF0121204621F062FD76E0E37B1BB163
S214018958228A002A00F0B781607D0022B0FA80F0F2
S2140189685B4203F00403DFF88CB2400943EAC00017
S214018978ABF80020FFF74CFEE37B1BB3208A21F0FF
S21401898822FC8246A07CFFF743FE059A162A00F2CF
S2140189989A81DFE812F019009E016C005600D20198
S2140189A86C009201D9019A01E001E701EE01390153
S2140189B802029801980198011402580214027002E2
S2140189C8390102029A46DDE700204B46874A884964
S2140189D8FFF7F6FE0120FFF71BFE08F10207B74274
S2140189E829D841463246284621F02AFC8046236883
S2140189F842465879BBF800304946C3F1FF039BB29B
S214018A080193238A0093069B23F08BF810B11FFA73
S214018A1887F8E2E7236842465879BBF800304946AA
S214018A28C3F1FF039BB20193238A0093069BFFF7CA
S214018A3897FC8928EBD121F0E4FC01200BB0BDE8B6
S214018A48F08F4FF0000B0420FFF7E2FDF31E0893AA
S214018A58089B984552D3BBF1000FECD1E37B94F801
S214018A681480002B0CBF02220422624B1A804FF09E
S214018A78000B0420FFF7CCFD5F4608F1030A5645B4
S214018A8840F29D8032464146284621F0D9FB05EB47
S214018A9808039B78F21EAA44A2EB080207905146E7
S214018AA8184692B2099320F0EDFE0890002879D076
S214018AB82268099B5079CDE901A3238A4946009388
S214018AC8DDE9063221F00DFA82464A460020079B68
S214018AD84949FFF78FFEBAF1000F55D10BF1010393
S214018AE8504646495FFA83FBFFF76AFE089B08F182
S214018AF8030813FA88F81FFA88F8BEE73246414693
S214018B08284621F09DFB05EB08039F78089B08F192
S214018B180301A3EB08022944824692B2384609911A
S214018B2820F0B0FE079068B3236809995879029730
S214018B380191238A524600934946069B21F021FA61
S214018B480746B8B10BF1010338465FFA83FBFFF716
S214018B585FFD504621F037FB53464A46002026491A
S214018B68FFF72EFE3A4600202549FFF729FE802FFB
S214018B783FF471AF079B08F1030813FA88F81FFA48
S214018B8888F865E78027DDE75046FFF741FD079837
S214018B9821F019FB0137524600201949FFB2FFF7A9
S214018BA80FFEA3E78720FFF733FD079821F00BFB9D
S214018BB80137872212490898FFB2FFF701FE059B85
S214018BC8052B3FF43AAF002F7FF435AFBBF1000F0A
S214018BD805D10C495846FFF7F3FD8021B2E6384621
S214018BE8FFF716FD27E700BFAA1C04006A67040002
S214018BF8B7670400C456002074670400B76604000B
S214018C08906704009A6704000599A84AA84B0020B3
S214018C18152918BF1346CDF80090A64AA649FFF7AE
S214018C28CFFD059B0C2B14BF16200D20FFF7F0FC7B
S214018C3832462846394621F003FB059B3D440C2B5A
S214018C480646AD7835D1192D28BF1925E37BB3B172
S214018C584FF6FF73278A9F4211D12068324649464C
S214018C68069B4079FFF70AF9B84208D0BAF1000F17
S214018C7805D020828AF80000000A8AF80100002040
S214018C88BBF80070FFF7C4FC236832465879059B89
S214018C984946A3F1150CDCF1000343EB0C03CDE9BF
S214018CA80153238A0093069B21F08FF8834BD855EE
S214018CB8C1E6132D28BF1325C8E72046FDF776FB26
S214018CC800287FF4BAAE81213CE62046FDF722F85B
S214018CD8F6E7B9F10A0F05EB0708A6EB070A21D153
S214018CE8DFF8DCB19BF80030E3B1E37BD3B9BAF126
S214018CF8080F17D132463946284621F0A1FA88B915
S214018D0898F8023073B998F80320E22A0AD1324655
S214018D18391D2846059321F090FA21F05DFB059B45
S214018D288BF80030414648461FFA8AF222F0FBFECD
S214018D3800287FF482AE002104E6F21B484692B270
S214018D48E91921F03AFAF3E7F21B484692B2E91913
S214018D5821F0F6F9ECE7F21B484692B2E91921F040
S214018D6819FAE5E7F21B484692B2E91922F0DDFE48
S214018D78DEE72368EE5D5879238A0137ED5D0193B6
S214018D88069B3246494600932B4620F05DFF2A464D
S214018D983146484621F0D6F94FE605987A1CE95D32
S214018DA8B31AA0F11606704270410039009018BF38
S214018DB8012148469BB22A4421F0C6F9B8E7059B2B
S214018DC8EE5D112B3D446F7838D11220FFF720FC59
S214018DD80025E37BB3B14FF6FF73B4F810809845CE
S214018DE810D133464A4621462846FEF7C9FF404574
S214018DF808D0BAF1000F05D020828AF80000000AD0
S214018E088AF80100BBF80080DFF8B0A0C8F1FE02BE
S214018E1892B208F10103009253444A462146284675
S214018E28CDE90267CDF804B0FEF7E2FFBBF80030E3
S214018E380AF808000133ABF80030FCE51420FFF708
S214018E48E7FB0125C5E77B1C9E422CD3EF5D1D443D
S214018E58003F18BF0127F31A9EB233462A46394601
S214018E680020FFF71BFD00962B463A464846218A06
S214018E7821F06EF95CE77B1C9E4214D3EF5DF61A6F
S214018E88003F18BF01271D44B6B233462A46394665
S214018E980120FFF703FD00962B463A464846218AED
S214018EA821F054F944E70020C8E500BFD064040067
S214018EB865670400AB670400B5670400126100200B
S214018EC81162002038B54FF6FB750446A9424FF0EB
S214018ED801019DF8100098BF43F4004321702381D7
S214018EE86260A07202230020084A0949FFF768FC5D
S214018EF8E07A084B40F6CA0203EB4010FF211FF048
S214018F08BCFBBDE83840042021F010B9C567040051
S214018F18D06704001042002030B5054685B028B950
S214018F281D4905B0BDE83040FFF74ABC0024007B68
S214018F3821F09CF92046194A19492C70FFF740FC84
S214018F48184BE87AFF2103EB40101FF0A7FB2046D9
S214018F58154B02019A5C22B901300428F9D121F097
S214018F6822F9696899B1B5F908302A899B1303F083
S214018F7802038DF80430C2F30E03ADF806304FF63F
S214018F88FF73ADF80830002301A80393884705B09E
S214018F98BDE8304021F06FB9FB670400C5670400DF
S214018FA82D68040010420020D041002009480378AB
S214018FB873B91946084AD3720133042B1173117019
S214018FC851601181917202F11002F4D101230370EC
S214018FD8704700BF12620020D041002008B5FFF795
S214018FE8E5FF002305491A018A5C01EB03101AB153
S214018FF80133042BF7D1002008BD00BFD041002063
S21401900870B50D460646FFF7D1FF0023094800EB69
S2140190180514A17AB14205D1217819B12B4400EB88
S214019028031070BD0133042B04F11004F1D10020A4
S214019038F7E700BFD041002010B50446FFF7B6FF9A
S2140190480E4B9C4212D003F12002944210D003F139
S214019058400294420ED060339C420DD10323084847
S21401906800EB0310BDE81040FFF756BF0023F6E7F4
S2140190780123F4E70223F2E70020F3E71042002079
S214019088D041002070B50024064D074E28463246CA
S21401909800210134F8F71EF8042C05F12005F5D156
S2140190A870BD00BF10420020419001002DE9F34138
S2140190B805460C4617469846FFF790FF064640B900
S2140190C81C4A1D49FFF77CFB0224204602B0BDE876
S2140190D8F0814FF6FB739D420AD94FF6FD739D4208
S2140190E804D00020134A1549FFF76AFB4FF6FD75B1
S2140190F8434621463A46284621F056F9044600F0EA
S2140191082FFE804634B1234600200A4A0C49FFF751
S21401911857FBDAE73B462046064A0A49FFF750FB63
S214019128062329463046089ACDF80080FFF7CAFE7E
S214019138CBE700BFC56704003A680400646804000A
S21401914899680400C2680400F7B506460C46174637
S214019158FFF744FF054638B9104A1149FFF730FBB7
S2140191680224204603B0F0BD21464FF48A52304609
S21401917821F0E2FA044600F0F3FD34B1234600205C
S214019188064A0849FFF71CFBEBE7009004233A461A
S21401919831462846FFF796FEE3E700BFC567040099
S2140191A83A680400EA680400F7B506460F46FFF772
S2140191B815FF054638B9104A1049FFF701FB022486
S2140191C8204603B0F0BD002240231146304621F068
S2140191D892FC044621F08DFC34B123460020064A51
S2140191E80749FFF7EDFAEBE7009001233A463146C7
S2140191F82846FFF767FEE3E7C56704003A680400F8
S2140192081D69040073B504460E46FFF7E7FE0546DA
S21401921838B9104A1049FFF7D3FA0224204602B09B
S21401922870BD00222046114621F067FC044621F055
S21401923860FC34B123460020064A0849FFF7C0FA05
S214019248ECE70090234632464FF6FC712846FFF7B6
S21401925839FEE3E7C56704003A6804004B69040071
S2140192682DE9F0418846107800219EB014461D4627
S214019278FFF7C6FE0646002800F0FD800778002F97
S2140192887BD0B8F80010002940F0F5800389B8F8BB
S214019298022043F40040824240F0ED8061780029C4
S2140192A86BD1A2F50042062A00F2E580DFE812F04B
S2140192B8A100A100E300E3000700B8006900E38805
S2140192C80D3DADF82430238915F00105ADF826309B
S2140192D863798DF82830E37A03F1060214F8122030
S2140192E88DF814308DF81C2042D10BA98E460691B4
S2140192F804F10C005FFA85FC9C4500F1020009D2D6
S21401930810F8018C10F802CC01350CEB082C2EF85D
S21401931802CBEFE701EB43011A440891D2B2590098
S21401932801F10D009A42C0B20BD025186D78205C69
S2140193387831694400EB0520013321F84C0CDBB287
S214019348EDE7B6F908203389002AACBF01220322CB
S214019358C3F30E038DF808206288ADF80A3005AB12
S214019368ADF80C20049302A9304621F008F804E071
S214019378424A43490020FFF723FA38461EB0BDE8A3
S214019388F081042D02D83D4A3E49F3E72379053D8D
S214019398ADB29D42B4F8028002D0384A3A49E9E7AC
S2140193A83A4A3B4B0020002D08BF13463949334A39
S2140193B8CDF80080FFF704FA05348DF81450B6F995
S2140193C80830069485B1002BACBF012303238DF822
S2140193D82C303389ADF83080C3F30E03ADF82E3048
S2140193E805AB0D930BA9BFE7002BACBF06230523DE
S2140193F8EDE70B2DC7D9D4F80200D4F8061013F4FC
S214019408004F05AA03C20CBF042203228DF82C20A4
S2140194186289C3F30E03ADF83020ADF82E30DFE7CE
S214019428042DB0D96388ADF8303023790533DBB223
S2140194389D4206D00020114A17490095FFF7C0F94A
S2140194489BE70E4A00201549FFF7BAF9B6F9082036
S2140194583389002AACBF01220322C3F30E03ADF8F9
S2140194682E3005AB0D93631D069323798DF82C20BA
S2140194788DF81430B6E700277FE700BFC5670400FC
S21401948878690400A0690400B4690400682404002B
S214019498D0640400DB690400F8690400396A040032
S2140194A8304BF0B5B0FBF3F24FF4616503FB1200E5
S2140194B8B0FBF5F3DCB205FB13033C25B3FBF5F370
S2140194C8DBB2A0EB04104B71C3EB0313A0EB8300D4
S2140194D84FF4FA630B8040F201134B8001230C71A1
S2140194E81F4600246425204E8871944200D1F0BDA1
S2140194F891F802C013B1BCF1020F2BD006EB0C0099
S21401950810F801ECC87870450BBF012001300CF14A
S214019518010CC0B208BF81F802C0C87088780D284F
S21401952816D10B888F7001339BB298070B8014D124
S214019538B3FBF5F005FB103080B280B94FF4C87064
S214019548B3FBF0FC00FB1C339BB2B3FA83F35B0955
S2140195580134CAE74FF01D0ED4E70023F8E70123CC
S214019568F6E700BF8051010046BC040010B504466A
S21401957888B006A9FFF794FF9DF81E300A480393A2
S2140195889DF81D30049402939DF81C309DF81A200E
S2140195980193BDF818300549009300889DF81B30E3
S2140195A8FFF70EF908B010BDD4560020526A040021
S2140195B8026808B51188154B198051885980517968
S2140195C81971117959714FF48A51D980D28812F0DC
S2140195D8200F0CBF0A464FF48B528169DA800C4A79
S2140195E8137831B9C0880B4923F002030880137039
S2140195F808BD43F002031370074B152218460131C4
S21401960803F022FE002200F8012CF1E7C8560020DC
S2140196181C620020C6560020D756002010B5184CEC
S2140196282368587920F0CFFA0B2822D8154B03EB7C
S2140196380010027B237F9A421BD12368428819882F
S2140196488A4205D04FF6FF70814212D1120410D417
S2140196582279023A012A06D9A37B63B9BDE81040EC
S2140196680748FFF747B9198958791FF0E2FB002820
S214019678F2D1002010BD0248BDE81040FFF7CCB873
S214019688944200200041002008B520F09CFA0B28DF
S21401969896BF024B0020185C08BD00BF216200205F
S2140196A808B5002020F0E2FDFF2020F0BFFA20F0E8
S2140196B8E2FD20F087FCFEF771F901210246064813
S2140196C803F070FD054BFF21054A0648FEF7C6FE66
S2140196D8BDE80840FEF708BB21620020C8560020F6
S2140196E8C456002012610020F0B5002204464FF649
S2140196F8FF750B4F90B237F830600346AE4201D182
S2140197082846F0BDA64209D1B4F57C4FF9D307EB3C
S214019718C3035B888B42F4D00029F2D00132E9E713
S21401972884BC040010B50446FFF7DEFF094A034669
S21401973810884FF6FF72934214BF074A2246BDE8C7
S214019748104017BF02EBC30304495A680449FFF7E0
S21401975851B800BFD456002084BC0400756A0400C2
S21401976845350400034B18780130C0B2187000F074
S2140197787F007047F76C0020044A137818B143F04D
S21401978801031370704703F0FE03FAE71C6200201A
S214019798014B1870704700BF1F62002038B1074B95
S2140197A81B78012B04D1038843F0400303807047DC
S2140197B8022BFCD1038823F04003F7E71F62002041
S2140197C868B1074A1378012B07D1064B1B7813702B
S2140197D8037843F01003037001E0022BF8D07047BA
S2140197E81E6200201D6200207FB50121264B274EF0
S2140197F8197033780246D90744D42549096881B1D6
S2140198080868C1888D0641BF224CE18841F02001D5
S214019818E180C1884C0641BF1E48C18841F040011D
S214019828C1801D4D1D492878097840074CBFE9704D
S21401983869701B4913F00204098809D0164A1948A9
S21401984820F096FC337823F00203337004B070BD21
S214019858154B18884FF6FB73984208D80B46CDE986
S214019868005201460B4A20461FF05AFEEEE74FF615
S214019878FF73CDE9014200930A46074B05491FF0DD
S2140198882BFEE3E70020E1E7136200201C620020BC
S21401989890420020C856002012610020F86C002073
S2140198A8C4560020D6560020C656002070B5037947
S2140198B80446012B0D46164631D883681B78DB060D
S2140198C800D561B3A37B13B9E37C0B2B27D0002209
S2140198D8144B1A80637DB3FA83F35B09D800E37BE4
S2140198E8ABB9FEF795FEA07CFEF792FE0B20FEF7BD
S2140198F88FFEE07CFEF78CFE2846FEF789FE2046A2
S214019908FFF756FE3046BDE87040FFF76DBF40F0E2
S2140199180400FEF77DFE208A20F055FCE3E70020D0
S21401992870BD00BFC4560020024B0A46014618689F
S214019938FFF7BCBF90420020F0B4054618460F4B0F
S2140199480C461B78BDF81010012B0D4E01D0377848
S21401995827B1002333700020F0BC70470CB9002AE9
S214019968F9D143B14FF65743994204D02B462246C4
S214019978F0BC20F0E3BB0120EEE700BFF96C002045
S214019988206200202DE9F04F684C4FF0000A25466A
S2140199988446964698460F46654B664E83F800A061
S2140199A80FCE0FC596E80F0085B085E80F00DDF8E5
S2140199B83C90BDF8383072460093394643466046B7
S2140199C8CDE9019400F0DCF8DFF89081064670B91D
S2140199D80025FEF7FFFD16220021574803F0E2FB9B
S2140199E800232846C8F8003005B0BDE8F08F534B71
S2140199F8A27CC8F800401A70514B1B78002B36D051
S214019A0820F0ECFC4F4902465046FEF7F3FE22686A
S214019A185046537952884C490092A289FEF7EAFECD
S214019A28504620F054FC20B12368218A5888FFF755
S214019A3879FEE37B23B10020228A4449FEF7DAFE49
S214019A48A36800201A78E37C41490093A37CFEF7BB
S214019A58D1FE207DA289A168121A014401230020A3
S214019A6892B2FEF711FE00203A49FEF7A9FE2F48EA
S214019A78FFF79EFD2D4822F04FF8054630BBB9F199
S214019A88000F25D12168E0880B8801904988BA1E05
S214019A98032A00918CBF002201220121E07CFFF7F6
S214019AA84BFF38B923685B79FF2B3AD0FFF7B6FD31
S214019AB805468EE72368DB889A06F3D40121264CEF
S214019AC81A48217020F0A3FC84F80090354680E7F8
S214019AD8B9F814309B07E5D47AE75846FEF718F824
S214019AE882465846FDF760FF88B123685046228AA9
S214019AF8598820F06BF850B13846FFF759FD2368AE
S214019B0889F804A083F805A0FFF788FD00B9284660
S214019B1805460136FDF742FF5FFA86FB5845DCD855
S214019B2857E70026014FDFF83890F3E79442002004
S214019B381362002064BC0400D6560020F86C00208E
S214019B48F66C00208E6A0400976A0400B86A04005E
S214019B58C46A0400B91D0400206200209042002057
S214019B68C85600200023054AD15C814202D31A4414
S214019B78507870470233DBB2F6E700BF52BC0400E8
S214019B8873B515462E781A4616F0040F0CBF032631
S214019B9805269E42089C08D9224A23490096002099
S214019BA8FEF70EFE002002B070BDBDF81830217118
S214019BB82060E380A560A2812B7803F00103A373DC
S214019BC82B7803F00403002B14BF01210021E17355
S214019BD82978C1F3C00161754FF00101217518D0CC
S214019BE8284620F02DFB237D208202332375227D13
S214019BF8531CDBB22375A95C0232D2B2A17422755A
S214019C08EB5CE374A3899A4205D900920749054A91
S214019C18C5E72382EBE7079B0120A361002323778F
S214019C28C1E700BFFC240400076B0400236B040093
S214019C382DE9F7430024204FDFF89C80DFF89C903D
S214019C48E0B220F08CFEFF2805460FD123460121FD
S214019C5802201A4AF7F728FD194B013418781EF026
S214019C680EF9152CECD103B0BDE8F08346B238EAFC
S214019C78260328BF4B4601210093022057F82430BB
S214019C88104AF7F711FD002EE6DA0923E340DB0751
S214019C980AD50D4A0D4B15F0010F18BF1A460121BA
S214019CA80220F7F701FDD7E70A2CD5D1084A094B58
S214019CB815F0010FF1E700BF9CBC04007C6B0400A3
S214019CC8FA6C0020A46B0400556B04003F6B04007B
S214019CD8716B0400676B040068240400D0640400F8
S214019CE808B554220021024803F05CFA002008BD9A
S214019CF8C457002008B55422FF21024803F052FA3F
S214019D08002008BD70570020024B23F810100020D1
S214019D18704700BF70570020002310B4074ADCB212
S214019D28A14203D85DF8044BFFF7DABF2A2BF9D016
S214019D3832F8024B20F813400133F0E7C4570020ED
S214019D48002310B5054A994201DD2A2B00D110BD22
S214019D5832F8024B20F813400133F4E7C4570020C9
S214019D68024B187800F07F00704700BF2D62002074
S214019D78034B18780130C0B2187000F07F007047A6
S214019D882D62002030B51C4600238BB0ADF822208A
S214019D98021D92B2012A0E9DADF82030ADF81E10B4
S214019DA8ADF81C3003D94FF6FF7290420FD100224E
S214019DB8CDE90352CDE90124094B01461B784FF63C
S214019DC8FF70009307AB20F0E8FD0BB030BD0146ED
S214019DD8CDE901531846009407AA20F0FAFDF4E7E6
S214019DE8FB6C002038B505464FF480500C4603F04E
S214019DF8DFFB4FF480532860236030B940F2A51189
S214019E08BDE83840014827F0AAB838BD936C04006D
S214019E1800487047A25A0020014B1878704700BFC7
S214019E28176D0020014B1888704700BF9A6C0020F8
S214019E38014B1878704700BF106D0020014B187849
S214019E48704700BF076D0020014B1878704700BFA8
S214019E580A6D0020014B1878704700BF3262002057
S214019E68014B1870704700BF32620020014B18780A
S214019E78704700BF31620020014B1870704700BF61
S214019E8831620020014B1878704700BF0B6D002027
S214019E98014B1888704700BF986C00202DE9F74FD2
S214019EA8414B424A0193424BDFF844911B78DFF855
S214019EB84481DFF844E1DFF844C13E4F3E4E3F4D52
S214019EC83F49404802EB431A019B524503F12003E0
S214019ED809F1200908F120080EF1200E0CF1200CDA
S214019EE807F1200706F1200605F1200501930FD199
S214019EF800221146344B324D1C78344E344B314FC8
S214019F08D0B2844203F1200346D803B0BDE8F08FEF
S214019F18304B314C5360002349E907432F4CDFF897
S214019F28E0B048E907432E4CC2E902304EE9074340
S214019F382C4C11604CE907432B4C136147E9074346
S214019F482A4C49E9050348E905034EE905034CE9A6
S214019F58050347E9050349F8201C48F8201C4EF874
S214019F68201C4CF8201C47F8201C46F8201C46E903
S214019F780743019C45E907B3DFF888B046E90503BE
S214019F8845E9050344E907B344E9050345F8201CF8
S214019F9844F8201C203297E743E9085643E9061798
S214019FA843F8101C0132ABE7DC450020FC460020D4
S214019FB81E6D00203C4600201C460020FC45002063
S214019FC8B0540020D0640400156D002025E5020079
S214019FD87C4600207D8E020093D20300DDA202009B
S214019FE8052E0300EDE20300C5C5020011A9030012
S214019FF8DC460020BC4600209C4600205C4600202B
S21401A008355B0300818B0200002208B5074B1A60F6
S21401A0185A6020F060FC064B187020F05CFC054B7B
S21401A0281870054B1A78054B1A7008BD5254002053
S21401A0388D6200208C620020086D00208B62002053
S21401A048002100B593B008466A460AF085F901462C
S21401A058C8B90E4B0E4A09930E4B0D920A930E4A37
S21401A0680E4B0E920B930E4A0E4BCDE90F230C9313
S21401A0780D4B6A4611930AF025FC003818BF0120DB
S21401A08813B05DF804FB0120FAE700BFA7CD030073
S21401A098799C0200ABCF0300A965020053A903000F
S21401A0A879B302000BD00300C9960200084B187852
S21401A0B8112806D8012809D9064BC34003F0010028
S21401A0C87047A0F143035842584170470020704733
S21401A0D88F6200203400020008B5064B1B78013B4E
S21401A0E8022B05D80020FFF7E1FF0138C0B208BDF2
S21401A0F8FF20FCE790620020044B00F1100250F8A4
S21401A108041B904243F8041BF9D170479162002062
S21401A118044B03F1100253F8041B934240F8041B46
S21401A128F9D170479162002030B5002491B0114BE7
S21401A1380546214614220BA8CDE9094303F032F857
S21401A148102209ABCDE900440693CDE90452CDE9C6
S21401A1580252094B09490AA8F2F77AFF04460AA8E7
S21401A16821F083FA1CB1A021054826F0F8FE11B0AB
S21401A17830BD00BF002480000044400491620020E6
S21401A1881E6D040070B5002490B0154B05460E46AA
S21401A198142221460BA8CDE9094303F003F810223F
S21401A1A809ABCDE9004406933146CDE90452CDE921
S21401A1B802520C4B0AA8F2F74BFF04460AA821F0F4
S21401A1C854FA1CB1BA21084826F0C9FE099B102B7F
S21401A1D803D0BB21044826F0C2FE10B070BD00BFF4
S21401A1E800248000004440041E6D040030B50D466E
S21401A1F800218FB0124B0446142209A8CDE9071393
S21401A20802F0D0FF102207ABCDE90242CDE90042A9
S21401A218049329460B4B08A8F2F7CEFF044608A874
S21401A22821F023FA1CB1D121074826F098FE079B96
S21401A238102B03D0D221044826F091FE0FB030BD72
S21401A24800248000004440041E6D0400014B93F96D
S21401A2585A007047E85300200022034B1870034B3E
S21401A2681970034B1A707047A2620020A36200207F
S21401A278A16200202DE9F04FDFF89080064698F895
S21401A28800300D4685B0002B3AD04FF6FB73984246
S21401A29836D84FF0000B1C4FDFF874A03C7898F8BE
S21401A2A800305FFA8BF94B459AF8000011D94844FB
S21401A2B802AA0DF10601C0B216F0B2F90822294623
S21401A2C80DEB020003F0BAFA0BF1010B0028E6D1F8
S21401A2D84C463B78A34208D198F80020631CDBB2B1
S21401A2E89A423B7004BF00233B70324629469AF8CF
S21401A2F800301C44E0B205B0BDE8F04F16F07EBA57
S21401A30805B0BDE8F08F00BFA1620020A36200205F
S21401A318A26200202DE9F74F06460D4614461F4651
S21401A3284FF0010BDFF8789003F10C0A15B903B06A
S21401A338BDE8F08F102DA84628BF4FF010083A4602
S21401A348164B5FFA88F152F8040B524543F8040B92
S21401A358F9D101919AF8002011481A70002389F85A
S21401A3680F4089F800B089F80E30FFF7DDFE324657
S21401A37801340B480199E4B212F801CB10F8013BFD
S21401A38883EA0C0302F8013C931BDBB28B42F3D33E
S21401A398A5EB080816461FFA88F5C7E7A562002048
S21401A3A8A46200202DE9F04F9046914685B00090B2
S21401A3B8981A029383B20193009B0F46354903F11D
S21401A3C80C0453F8045BA34241F8045BF9D11B78EB
S21401A3D8314E0B7049233370019BF0731B0A3046CC
S21401A3E8B373FFF7A1FE0221BB460D46737888EAD0
S21401A3F8030373704FF0000A1DE0C5F11004A9EBC2
S21401A4080A039BB2A4B29C4228BF1C4600231FFA2B
S21401A41883FCE8186445C0B21FD82544EDB2A344AE
S21401A428102D54441FFA84FA05D1002530460391AD
S21401A438FFF77AFE0399D145DFD807EB080B25B15C
S21401A44815480391FFF770FE039901294FF000059F
S21401A4580DD00121DDF80490CCE71BF803C016F8EF
S21401A46800E001338CEA0E0C06F800C0CFE7029B29
S21401A47809491F44094B38461C78224603F022F83E
S21401A4882A4621463846009B05B0BDE8F04FFFF73F
S21401A49841BF00BFA5620020A46200201F6D0020F6
S21401A4A830B540780C4601284FF0110387B001F10A
S21401A4B8100516D1144A01A90AF08CFF234601ACEF
S21401A4C8224618685968083303C2AB421446F7D1C6
S21401A4D811230D4A002001A90AF07CFF002007B0CD
S21401A4E830BD0120094A01A90AF074FF234601ACD0
S21401A4F8224618685968083303C2AB421446F7D196
S21401A5081123024AE6E700BF75E4010079EB010072
S21401A51830B50C46407887B001284FF011030DBFBF
S21401A5280B4A0C4A012001A918BF01A90AF052FFDB
S21401A538234601AA05AD144603CCAC4218605960FF
S21401A548224603F10803F6D1002007B030BD00BF4C
S21401A55875E4010079EB010010B50C4688B01A23A2
S21401A5680C4A01A901200AF035FF21460DF10E0318
S21401A57804F1100251F8040B914243F8040BF9D187
S21401A5881A230020034A01A90AF024FF002008B074
S21401A59810BD00BF24E10100F0B58BB004460D469E
S21401A5A822F072FBA8B101A813F00CFE88B1667BF5
S21401A5B8271D16F0020F05D00822384601A903F018
S21401A5C83DF9D0B901AB46F0020603CB606079606D
S21401A5D866731A230A4A03A901200AF0FBFE2946D4
S21401A5E80DF116030DF1260253F8040B934241F8B8
S21401A5F8040BF9D100200BB0F0BD2D20FBE700BFFE
S21401A60824E10100F0B50546071D00220C46384630
S21401A618082193B022F0CAFA6A7B0646D0070BD502
S21401A628687808A920F03EFEDDF83D306B60DDF85D
S21401A63841307B6080B10BE0910709D5D20001213A
S21401A648384602F0800220F03AFEFF28687002D1F0
S21401A6582D2013B0F0BDD6B1687801A920F0B7FD5A
S21401A6689DF81C305B0604D54FF4C6710A4826F0DF
S21401A67876FC234603AD07AC2A4603CAA2421860F5
S21401A6885960154603F10803F6D10020E1E708A949
S21401A69820F008FECEE700BF9C6D04002DE9F041CE
S21401A6A806468AB01F480F4615460024FFF730FDB8
S21401A6B8002C01A914BF4FF05C0C4FF0360C102388
S21401A6C88846184A12F8010B013B8CEA000013F081
S21401A6D8FF0301F8010BF5D105A823F0CDF8424692
S21401A6E8102105A823F0CCF8C4B93946324605A886
S21401A6F823F02EF92A460DF1140C0DF1240E6346AB
S21401A70803CB7345106051609C4602F10802F6D1EE
S21401A71814B10AB0BDE8F0810124C9E72A46102120
S21401A728E5E700BFD46200202DE9F04791460D46C3
S21401A738C0B09DF82041DDF828811E46DFF87CA0D0
S21401A7489DF8243107462246494640468AF8003095
S21401A75802F0B8FE9DB12346324641463846FFF719
S21401A76821FEB44207D9A11B3B46012289B208EB58
S21401A7780600FFF7CFFD002040B0BDE8F087A11B1B
S21401A7883B46012289B208EB0600FFF7C3FD2246C5
S21401A7984146684602F096FE3246694638462346E2
S21401A7A8FFF700FE9AF800200DEB040109EB040000
S21401A7B803F044F80028DED02C20DDE71F6D0020CA
S21401A7C838B50346104601F1100451F8045BA1425E
S21401A7D842F8045BF9D104491BB1FFF7D3FC00200A
S21401A7E838BDFFF703FDFAE7D462002030B5054609
S21401A7F889B0694620F060FB6B8804ACABB1224691
S21401A8082946684620F0F8FA0E4A08AD234603CBD7
S21401A818AB42106051601C4602F10802F6D10948A5
S21401A828FFF76AFC002009B030BD6B46054D1A4695
S21401A83803CAA24228606960134605F10805F6D1E5
S21401A848EDE700BFD462002050B10B4B0B4A03F171
S21401A858100153F8040B8B4242F8040BF9D17047E8
S21401A868064B054A03F1100153F8040B8B4242F8D4
S21401A878040BF9D1704700BFD4620020B4620020EF
S21401A88808B51022024802F0DFFC002008BD00BF10
S21401A898C462002008B508461022024902F0D4FC1A
S21401A8A8002008BDC462002010B5044686B001A980
S21401A8B8114A112301200AF08DFD9DF8143001A8D4
S21401A8C8E37023F0CFFB80F001000C4A01A9607009
S21401A8D8112301200AF07EFD9DF8143001A8A3700B
S21401A8E823F0C0FB80F00100207011F0F7FF6060D4
S21401A8F8002006B010BD00BF75E4010079EB010029
S21401A90810B5044686B01123134A012001A90AF09E
S21401A91861FDA3789DF814209A4207D08DF814306B
S21401A928002011230C4A01A90AF054FD11230B4AF1
S21401A938012001A90AF04EFDE3789DF814209A42F9
S21401A94807D08DF8143000201123044A01A90AF013
S21401A95841FD06B010BD00BF79EB010075E40100AA
S21401A9682DE9F04186B0064603A80C4614F078FC9B
S21401A978054600284AD1BDF80C30980646D510225F
S21401A9882946204602F00EFC01A813F01BFCC0B1B4
S21401A998777B06F1040817F0020F06D00822404616
S21401A9A801A902F04BFF00282ED101AB47F00207A0
S21401A9B803CB7060C8F804107773238843F0080344
S21401A9C82380238843F00203238012F0CBFF6060C4
S21401A9D822F05AF930B10E4B1B68A360238843F066
S21401A9E8040323800B4B1A68D1035EBF238843F008
S21401A9F810032380130203D5238843F400632380BE
S21401AA08284606B0BDE8F0812D25F9E72425F7E7A5
S21401AA182C4700203047002010B5D0E9023253F801
S21401AA28223090B01C6840226946204620F0ADFCD2
S21401AA38034630B1224600200549FDF7C1FE10B095
S21401AA4810BD012269460820FDF764FEF7E700BF3E
S21401AA58326E040070B500F0B1F800280CBF6E2203
S21401AA68792200201349FDF7ABFE00F0A7F8F0B1F4
S21401AA7820F09FFC00280CBF6E22792200200E4988
S21401AA88FDF79EFE082200200C49FDF799FE0025D9
S21401AA980B4C0C4E234654F8042C31460020033543
S21401AAA8FDF78EFE182D04F10C04F3D170BD3F227C
S21401AAB8E4E700BF6A6E0400816E0400916E04002C
S21401AAC854480020B06E040070B520F057FC0446C8
S21401AAD821490020FDF774FE2CB92046BDE87040D8
S21401AAE81E49FDF76DBE00F0BBF805461C4B6269B2
S21401AAF80020002A08BF1A461A492668FDF760FE94
S21401AB08A28800201849FDF75BFE1849E288002054
S21401AB18FDF756FEA388228913F010001ABF0020FD
S21401AB2813491449FDF74CFEE26800201249FDF767
S21401AB3847FE226900201149FDF742FE104A114BD3
S21401AB480020B6F5817F38BF13460F492A46BDE86F
S21401AB587040FDF735BE00BFE56E0400F26E0400D6
S21401AB68E23D0400136F0400316F0400526F0400C5
S21401AB786F6F04008C6F0400AA6F0400C86F04008E
S21401AB88DD6E0400D36E0400E66F040038B5014696
S21401AB9800230C25084A05FB03F4A01814590134B0
S21401ABA804D10C2202F050FB002038BD0133082BDB
S21401ABB8F1D10120F9E700BF50480020034B18786F
S21401ABC8012894BF00200120704700BFE6620020DC
S21401ABD838B50446044D2878A04203D0214620F013
S21401ABE8ADFB2C7038BD00BFE662002000B58FB003
S21401ABF83422002101A802F0D5FA01A8EEF7D2FC0A
S21401AC080598D0B182680E4BB2F5803F34BF92B238
S21401AC18C2F38F2241881A81028828BF41F01001A9
S21401AC281A6042689980DA80C268DA6002691A6135
S21401AC3842695A61027E18461A760FB05DF804FB1F
S21401AC48D4470020054B1B7820B1012B04D80220DD
S21401AC58FFF7BEBF012BFBD8704700BFE662002096
S21401AC6810B5084C237853B920F088FB01232370CC
S21401AC7828B10368B3F5817F24BF037E237020784B
S21401AC8810BD00BFE562002070B5184B1B78012B7C
S21401AC982BD820F056FB164D024616490020FDF724
S21401ACA88FFD0120FFF7CEFF2E78FF2E1DD1FFF76F
S21401ACB89DFFC8B1848860223146C4F340040E481B
S21401ACC82C7002F06FFA602231460C4802F06AFADC
S21401ACD85CB1FFF7C5FF042807D9BDE8704040F20C
S21401ACE82B11074826F03BB9287070BDE662002094
S21401ACF8206D00200970040050480020F04700200D
S21401AD081B7004002DE9F04FDFF884928DB003AB79
S21401AD1807468846144699E8070083E80700FFF7C0
S21401AD28B3FFFFF79DFF944B06461D784B46012D52
S21401AD3840F07081012840F27281B7FBF0F200FB07
S21401AD481272002A00F06B818C4900228B46D1F8DA
S21401AD5800C0BCF1FF3F04D0087A6044874200F087
S21401AD6819810132082A01F10C01F0D193E8070094
S21401AD7806AE0DF1240A86E807008AE80700FFF701
S21401AD886FFFB7FBF0FB00FB1B7BA0EB0B094A46EA
S21401AD98414606460AA809978DF82C9002F092FBC0
S21401ADA800224FF00C0E764902E00132082A0ED036
S21401ADB80EFB02F000EB010C08580130F5D19AE8B9
S21401ADC807008CE807006F490A7801320A70A14526
S21401ADD804DD4FF4E2716C4826F0C1F8A41B5C440C
S21401ADE84F44A1B217FA84F4B4FBF6F206FB1242FA
S21401ADF8C8448E1A91B1A41A08EB060107A88DF863
S21401AE082020069402F05EFB06A8FFF7BFFEFF2887
S21401AE1804D140F2D9115C4826F0A1F8B6B2B6B111
S21401AE280320FFF7D5FE802E0AD8324641465748FA
S21401AE3802F048FB32463846544920F08AFA05465D
S21401AE480220FFF7C5FE28460DB0BDE8F08F0025A5
S21401AE58F9E74FF40E714C4826F081F8464B1B78FB
S21401AE68012B00F0E380002C36D00320FFF7B0FE5C
S21401AE78802C2FD822464146444802F023FB22461E
S21401AE883846424920F065FA05460220FFF7A0FE3B
S21401AE98DFF8F09099F8003093B1039CFFF7E0FED5
S21401AEA8374B002798461A68511C04D0197A411A5C
S21401AEB8521A944224D00137082F03F10C03F2D119
S21401AEC8002DC0D1039B0133C1D003A8FFF75EFE56
S21401AED80546B8E70125D8E72546D9E740F26D21AA
S21401AEE8294826F03CF8012524E0012D30D0802E93
S21401AEF82FD832462549039820F02BFA054628E034
S21401AF08002DA0D10C247C4308EB04039DF814A063
S21401AF1893F808B00AEB0B03802BDFDC1B4B524679
S21401AF2804A9184602F0CEFA211D5A464144504457
S21401AF3802F0C8FA0C2303FB07839DF814201B7A3A
S21401AF4813449E42D1D040F273210F4826F007F8E9
S21401AF5801250220FFF73CFE99F8003013B1013BAA
S21401AF6889F800304FF0FF3308EB040248F8043044
S21401AF78C2E9013367E700BF206D00205048002072
S21401AF88F0470020E46200201B70040054470020AC
S21401AF9800BD04004FF00C0A0AFB02B3187AA6EBB0
S21401AFA800095FFA89F9A14501D35FFA84F90AFB1A
S21401AFB802FA0AF1040528444A464146584402F072
S21401AFC881FA0BEB0A031A7AA4EB09044A44D2B2B3
S21401AFD8B242A4B21A7219D103200193FFF7F8FD01
S21401AFE832460BEB05015BF80A0020F0B2F905467C
S21401AFF80220FFF7EDFD4FF0FF32019B4BF80A20C8
S21401B008C3E90122002D7FF41EAFC844002C3FF48B
S21401B0181EAF4F44104B1B78012B7FF424AFB7FBB0
S21401B028F6F306FB1373002B7FF413AFE319B3FB98
S21401B038F6F506FB1535002D3FF415AF641B5B1BB3
S21401B04808EB04012A4604A80393A4B202F03AFACC
S21401B0588DF8145007E700BF206D002070B5134B1C
S21401B0681B78012B0CD1FFF70FFE0026104D55F863
S21401B078043C013306D10336182E05F10C05F6D12A
S21401B088002411E00320FFF7A3FD55F8044CFFF751
S21401B098E7FD29460246204620F05BF904460220D1
S21401B0A8FFF796FD002CE6D0204670BD206D0020E7
S21401B0B85448002070B505460C46FFF7E5FD052007
S21401B0C8FFF786FD2146284620F051F9064602205C
S21401B0D8FFF77EFD00220A4B2C441968481C08D04D
S21401B0E8A94206D3A1423EBF4FF0FF31C3E9001182
S21401B0F899600332182A03F10C03EED1304670BD6D
S21401B10850480020D0E9023253F8223010B51C68A6
S21401B118204600F095FA28B12146BDE810400248BD
S21401B12800F022BF10BD00BF9970040008B5D0E931
S21401B138023253F82230186800F06CF920B1BDE8E5
S21401B1480840024800F010BF08BD00BFBB700400ED
S21401B1582DE9F041D0E9023253F8221003EB8203BD
S21401B1685B680F681D789AB0642D04D9642111486C
S21401B17800F0FAFE64252A46384601A900F002F9CD
S21401B188044698B90C4800F0EFFEDFF8348001AEAB
S21401B198013DA54202DC1AB0BDE8F08139194046E6
S21401B1A816F8012B00F0E0FE0134F2E7034800F040
S21401B1B8DBFEF0E7DE700400FE7004002871040070
S21401B1C8157104002DE9F04700252D4FDFF8E080C2
S21401B1D8DFF8E0908CB0284603A900F0EFF810B12C
S21401B1E80CB0BDE8F087049B2946039A00933846BD
S21401B1F800F0BAFE404600F0B7FE059910290CD8B3
S21401B20810290CD8DFE801F00F14320B340B0B0BA6
S21401B218360B0B0B0B0B0B0B3A0020292CD01948BD
S21401B22800F0A2FE07E0184800F09EFE0135D2E7BE
S21401B238164800F099FE0699484600F095FE0799CB
S21401B248134800F091FE134800F08EFE1024DFF834
S21401B25868A00DF11F06504616F8011F013C00F0C4
S21401B26883FE14F0FF04F6D10B48DDE70B48E0E750
S21401B2780B48DEE70B48DCE70B48DAE70B48D8E76C
S21401B28843710400E871040098710400A871040071
S21401B2980E72040026720400E2160400B07104005F
S21401B2A8B8710400C1710400CC710400E371040094
S21401B2B887710400F77104003772040010B50B4C4F
S21401B2C88EB023785BB9EEF7E7F8014650B901234B
S21401B2D801A82370EEF766F9054B049A1A602078E0
S21401B2E80EB010BD034800F03FFEF8E7E762002005
S21401B2F8244B00203D72040000B58FB0FFF7DEFF37
S21401B308002829D001A8EEF74DF9059B144819889D
S21401B31800F02AFE059B13485969134B002908BFFC
S21401B328194600F021FE059B1048598800F01CFEBE
S21401B338059B0F48196900F017FE059B0D48D9684B
S21401B34800F012FE059B0C48197E00F00DFE0B4B13
S21401B3580B48196800F008FE0FB05DF804FB00BF43
S21401B3687A7204008C720400E23D04009E720400A6
S21401B378B2720400C6720400DA720400244B00207C
S21401B388EE72040070B5064615460C4679B172B1E0
S21401B398FFF794FF68B121462A463046EEF70CFAC5
S21401B3A8014618B1044800F0DFFD012070BD2120D8
S21401B3B8FCE71120FAE700BF0073040037B505461D
S21401B3C80C46FFF77BFFE0B1114B1B68AB421AD95D
S21401B3D8CCB100212422204601F0E4FE214628466D
S21401B3E81BF0DCFA88B9284601AA04F10801EEF731
S21401B3F895F920B140F20643C01A18BF012003B0E0
S21401B40830BD1120FBE72120F9E70120F7E700BF4F
S21401B418244B0020F0B593B00546FFF74FFF0028F0
S21401B42845D0254B1A68AA4207D829462348013A27
S21401B43800F09AFD212013B0F0BD05A8EEF7B2F88A
S21401B448284603A91BF0AAFA98BB049A22F4FF57C8
S21401B458C2F30C0327F01F072BB14FF400532946FC
S21401B468174800F081FD039E7FB125F085FD304623
S21401B4784FF40051EEF72CFA3346044606F500560B
S21401B48850B9039BF31ABB42EFD32A4639460D48F7
S21401B49800F06AFD002406E000902A464FF40051A9
S21401B4A8094800F061FD201E18BF0120C3E71120DE
S21401B4B8C1E70120BFE700BF244B00202E7304001C
S21401B4C8DC7304009B7404004A74040010B5044637
S21401B4D838B1FFF7F3FE30B10020044B1B68236038
S21401B4E810BD2120FCE71120FAE700BF244B0020FD
S21401B4F810B50446FFF7E2FEB0B10C4B1A68A2423B
S21401B50806D821460A48013A00F02EFD212010BD32
S21401B51825F032FD40F2512220460649EEF7BEF8E4
S21401B528003818BF0120F2E71120F0E7244B00206D
S21401B5382E730400D048002010B50446FFF7BEFE5F
S21401B54870B121460848EEF7C9F840F2032398423D
S21401B55808D040F2012398420CBF0520012010BDF7
S21401B5681120FCE70020FAE7D04800202DE9F04139
S21401B5782D4D04462F68FFF7A1FE002851D02968F3
S21401B588A14207D84A1E2948214600F0EDFC212091
S21401B598BDE8F0812648EEF761F8DFF894800246A8
S21401B5A8B0B943462E68964222D1BE4214BF3A46E7
S21401B5B806F1FF3212BB31461D48C8F80040EEF7C7
S21401B5C82DF8014600B31B4800F0CEFC0120DFE74A
S21401B5D82046EEF703F8044638B10146164800F04F
S21401B5E8C3FC201E18BF0120D2E7EDF70BFEF8E7D3
S21401B5F853F8041B8C42DDD00132D4E70C49920083
S21401B608081D01F021FED6E729680948EEF726F855
S21401B618044610B101460948D6E7EDF7F3FD204682
S21401B628B6E71120B4E700BF244B00202E730400B0
S21401B638B0480020E1740400B774040014750400CF
S21401B648F8B50446FFF73AFE002845D0234B1A689A
S21401B658A24207D821462248013A00F085FC212457
S21401B6682046F8BD1F4800F07FFC25F085FC40F217
S21401B67851221D492046EEF711F840F203270546E8
S21401B68825F07AFC184E65B140F203239D421AD084
S21401B6982946164800F068FC0124154800F064FCA9
S21401B6A8DEE725F069FC29463046EEF717F8B8427A
S21401B6B809D040F20123984203D10E4800F054FC09
S21401B6C8E1E70546DFE721460B4800F04DFC20463A
S21401B6D8FFF74CFF0446E0E71124C1E7244B00209E
S21401B6E82E7304004B750400D04800206B750400C7
S21401B6F8E2160400EE490400837504000322024B97
S21401B708186019615A6370470000025C3F22034BB8
S21401B7181A631022DA6103229A6370470000025CFA
S21401B728024AD36B9B07FCD4704700BF0000025C3B
S21401B738044B9B6A13F0240F14BF012000208000DD
S21401B748704700BF0000025C08B5FFF7F1FF084B21
S21401B758DB6B23F47F4323F0EF03003B18BF012381
S21401B76850EA83001EBF0122024BC3F8FC2F08BD16
S21401B7780000025C00F0FF3F4368182B0AD0202B1C
S21401B7881DD0102B2BD1174BD3F80434DB010AD468
S21401B79801207047134BD3F804349A01F8D50B6887
S21401B7A843F008030B6003680F4A934210D10B68F5
S21401B7B843F040030B600023436000207047094BA9
S21401B7C8D3F804345B01E3D50B6843F00403E9E7D7
S21401B7D8064A9342F1D10B6843F08003EAE7072053
S21401B7E8704700BF0000025CE9620020E8620020A2
S21401B7F80B4607B50749D1F80414C90708D500212F
S21401B80800920246084600F043F803B05DF804FBD0
S21401B8180120FAE70000025C0B4607B50749D1F894
S21401B8280414C90708D5009201210246002000F039
S21401B8382FF803B05DF804FB0120FAE70000025C6C
S21401B84813B5084CD4F80444640709D5CDE9002398
S21401B8580B4600210246084600F044F802B010BD27
S21401B8680120FBE70000025C13B5084CD4F8044439
S21401B878640709D5CDE900230B46024601210020BD
S21401B88800F030F802B010BD0120FBE70000025CB2
S21401B898F0B51C465B6815468DB01A07129E1AD17C
S21401B8A8CBB17268934216D10C4B0D4A53F82170EE
S21401B8B809AB07CA83E807001A462946CDE90533C6
S21401B8C8CDE90333CDE90163009447F480701FF096
S21401B8D8C1FD0DB0F0BD0720FBE700BF18BD040091
S21401B8E80CBD0400F0B51D4616466A688DB0DDE944
S21401B8F81273E2B17868824219D15A68102A16D1B1
S21401B9080C4A09AC52F821C00B4A07CA84E807005A
S21401B91822463146CDE90544CDE90344CDE9017413
S21401B92800954CF480601FF095FD0DB0F0BD072022
S21401B938FBE700BF18BD04000CBD040010B50A469D
S21401B948044619B1024B00211B68984710BD00BF79
S21401B95820BD040010B5114C2378580744BF23F0C6
S21401B968040323702378990705D500F05DF823783A
S21401B97823F00203237063781BB10023084A63602F
S21401B98853600023082106486370FFF7D7FF237822
S21401B998DA0744BF23F00103237010BD284B0020AB
S21401B9A82C4B002038B51A4C62782378022A01D12C
S21401B9B8072B11D0DD0712D52378980707D400F096
S21401B9C82BF82378054643F00203237080B9627882
S21401B9D8237882B15A0716D50025284638BD1BF0AC
S21401B9E84FFE2378054643F0010323700028E3D071
S21401B9F8FFF7B0FFF1E7D907ECD5064962604A6060
S21401BA0802226270E6E743F004032370E4E700BF0E
S21401BA18284B00202C4B00200122024B002083F8E3
S21401BA28F0207047344B00202DE9F0410A4C0025E0
S21401BA3826464FF0010803272046C4F81C802776BF
S21401BA4801351FF0F5FD062D04F12804F4D1002375
S21401BA5886F8F030BDE8F081344B00202DE9F04F30
S21401BA68984691B00B1E0A93B44B914614BF834671
S21401BA789B4600251A9E98F8000070B94D4538BFB8
S21401BA882A464B464FF000000A9928BF09F1FF32B3
S21401BA98D847284611B0BDE8F08F252808F10108D7
S21401BAA806D02A464B460A996C1CD8472546E2E733
S21401BAB80023414611F8012B2B2A16D00AD8202A32
S21401BAC816D0232A17D0A2F13000092834D8002727
S21401BAD80A2418E02D2A05D0302AF4D143F00103B0
S21401BAE88846E6E743F00203FAE743F00403F7E77C
S21401BAF843F00803F4E743F01003F1E7884604FB34
S21401BB080722A2F13007414611F8012BA2F13000B5
S21401BB180928F3D998F800202E2A52D198F801104E
S21401BB2808F10102A1F13000092843F480633ED8E8
S21401BB3800244FF00A0E11E02A2A08D156F8047B91
S21401BB488846002FBCBF43F002037F42E2E7002786
S21401BB58E0E702460EFB0411A1F13004104610F886
S21401BB68011BA1F1300CBCF1090FF2D990464246EF
S21401BB7812F8011B6C292DD025D8682933D06A29DB
S21401BB883BD04246904618F8010B672860D85728DC
S21401BB9836D8452808D084D9462800F01881472881
S21401BBA87FF47FAF43F4006343F0200327E12A299B
S21401BBB806D156F8044B08F1020824EAE474D6E7DD
S21401BBC890460024D3E7742901D07A29D9D143F4C1
S21401BBD88073D7E798F801106C29F8D143F44073BD
S21401BBE808F10202CEE798F80110682902D043F05E
S21401BBF88003C7E743F0C003F2E743F40073C1E7E5
S21401BC08A0F158020F2A3FF64CAF01A151F822F0D5
S21401BC18B9BC0100ABBA0100ABBA0100ABBA01006E
S21401BC28ABBA0100ABBA0100ABBA0100ABBA01006E
S21401BC38ABBA0100ABBA0100B9BC010025BE0100D0
S21401BC48B9BC0100FBBD0100DBBD0100FBBD010065
S21401BC58A0F16901C9B20F293FF623AF012249F2C3
S21401BC68410C8A4012EA0C0218D10A2900F0158103
S21401BC7807297FF416AF43F0210305930823CDE97E
S21401BC8803431023CDE9012356F8043B2A460093C3
S21401BC9858464B460A991FF0BBFDA8E06F2800F0EE
S21401BCA85E8110D9782808D1102223F00C0310E001
S21401BCB8582839D0622800F054810A2223F010034C
S21401BCC8642806D0F1E769284FF00A0223F010032A
S21401BCD8F6D1590548BF23F00103692803F400711A
S21401BCE801D0642840D111B3073626F00706B246BC
S21401BCF870685AF8081BCDE9077300230593C30F2C
S21401BD080028029306940B46049202DA4B4260EB33
S21401BD184000CDE900304B462A4658460A991FF09E
S21401BD28B9FD05465646A6E643F02003BCE7D90505
S21401BD3806F1040A04D5316805E000BF7BB60300A6
S21401BD4858060CD53178CDE90224CDE904730029CB
S21401BD584FEAD1730193B8BF4942009120E0190612
S21401BD68E9D5B6F90010EEE779B1CDE907730023F6
S21401BD78CDE9042306F1070A2AF0070A0694029376
S21401BD88FAE80223CDE90023C5E7D80506F1040A37
S21401BD980DD5CDE90473CDE90224019133680093EA
S21401BDA84B462A4658460A991FF032FDB9E7590606
S21401BDB807D53178CDE904730023CDE90224019330
S21401BDC8CBE7316813F0800F18BF89B2F2E743F06A
S21401BDD82003CDE90173073626F007060094B6EC72
S21401BDE8020B4B462A4658460A99EAF7F1FC0546DD
S21401BDF841E600F0DF00472801D143F40063CDE9AE
S21401BE080173073626F007060094B6EC020B4B467C
S21401BE182A4658460A99EAF71FFBE8E713F0020490
S21401BE2826D04FF0010A6B1C0B932A464B460A99FB
S21401BE3816F8040BD84774B354460B9A21E04B46C0
S21401BE4820200A99D8470AEB05020AF1010A574544
S21401BE58F5D83A1E18BF0122002A07F1FF3308BF9A
S21401BE68002307F1010A1D4408BF4FF0020ADAE76A
S21401BE78A246E8E7551C4B4620200A99D8472A4689
S21401BE880134BC42F6D3A7EB0A03574538BF002353
S21401BE980B9A1A440B920B9DEDE53246002C52F88C
S21401BEA8046B14BF21464FF0FF310B9232463144E2
S21401BEB8107808B1914211D1A2EB060A13F48062F8
S21401BEC80C9202D0A24528BFA24613F002030D9396
S21401BED81BD1AAEB05032A460F9308E00132E7E7D0
S21401BEE8531C0E9320204B460A99D8470E9A0F9B4F
S21401BEF8D318BB42F4D3A7EB0A03574538BF002330
S21401BF080AF101021D4403EB020AAB1B0E9304E07F
S21401BF181C464B462A460A99D8470E9BF51816F82A
S21401BF28010B28B10C9B002BF3D0631E002CEFD11C
S21401BF380D9B93B12A46AAEB050405E0561C4B4611
S21401BF4820200A99D84732461319BB42F6D3A7EBE5
S21401BF580A03574538BF00231D440B9E8BE508226C
S21401BF68A3E60222A1E600BF0FB41FB506AA52F83F
S21401BF78043B02A90392009204484FF0FF32FFF7F0
S21401BF886DFD05B05DF804EB04B070473DB90300DC
S21401BF981FB5034600914FF0FF3203A90248FFF789
S21401BFA85DFD05B05DF804FB3DB903001FB5CDE99D
S21401BFB80201009302A9134603484FF0FF32FFF728
S21401BFC84DFD05B05DF804FB45B903001FB5094BE7
S21401BFD8094A1868094B01A91860094B1360094AF0
S21401BFE80192094A1268CDE902231BF06CFB05B0E1
S21401BFF85DF804FB38690020683C00206C3C002092
S21401C0082C690020ECAB0400E44E0020014B1868B4
S21401C0181BF06DBB3869002038B5F1F727FF0446D9
S21401C028064D2B68D3F8B002F1F714FF28681BF009
S21401C03871FB2046BDE83840F1F70CBF386900208F
S21401C04810B5234CF0F702F8F0F70EF9236F01202C
S21401C05823F0070343F003032367F0F72FF91D4B7B
S21401C06800209B6A9B075EBF01221B4B9A62D4F88D
S21401C078203123F0030343F00203C4F82031D4F837
S21401C088243123F0070343F00203C4F82431D4F81B
S21401C098403123F0030343F00103C4F84031D4F8D8
S21401C0A8603123F0030343F00103C4F86031D4F888
S21401C0B8403223F0030343F00103C4F84032D4F8B6
S21401C0C8003223F0070343F00103C4F8003210BD21
S21401C0D80080005000C0005000E00050064B1B686E
S21401C0E81A7A022A01D81AB97047032A00D070476B
S21401C0F81B68024A136070473C690020E44E002022
S21401C1080022024B5A60DA601A607047E84E002037
S21401C11808B501F011FD0022014B1A7008BD00BFD9
S21401C128EA6200200A4601491FF070BC41D50400A6
S21401C1380A4601491FF06ABC3CD504000A46014973
S21401C1481FF064BC35D504000A4601491FF05EBCE1
S21401C15832D504000A4601491FF058BC2FD5040001
S21401C1680A4601491FF052BC2AD504000A4601496D
S21401C1781FF04CBC25D504000A4601491FF046BCF1
S21401C18820D504000A4601491FF040BC19D5040011
S21401C19881F0004102E000BF83F0004330B54FEA6A
S21401C1A841044FEA430594EA050F08BF90EA020FD7
S21401C1B81FBF54EA000C55EA020C7FEA645C7FEA6A
S21401C1C8655C00F0E2804FEA5454D4EB5555B8BF8D
S21401C1D86D420CDD2C4480EA020281EA030382EAFE
S21401C1E8000083EA010180EA020281EA0303362D90
S21401C1F888BF30BD11F0004F4FEA01314FF4801C63
S21401C2084CEA113102D0404261EB410113F0004F74
S21401C2184FEA03334CEA133302D0524263EB43032B
S21401C22894EA050F00F0A780A4F10104D5F1200EC9
S21401C2380DDB02FA0EFC22FA05F2801841F1000124
S21401C24803FA0EF2801843FA05F359410EE0A5F1F8
S21401C25820050EF1200E012A03FA0EFC28BF4CF029
S21401C268020C43FA05F3C01851EBE37101F00045DF
S21401C27807D54FF0000EDCF1000C7EEB00006EEBEC
S21401C2880101B1F5801F1BD3B1F5001F0CD3490876
S21401C2985FEA30004FEA3C0C04F101044FEA4452CD
S21401C2A812F5800F80F09A80BCF1004F08BF5FEA54
S21401C2B8500C50F1000041EB045141EA050130BD34
S21401C2C85FEA4C0C404141EB0101013C28BFB1F546
S21401C2D8801FE9D291F0000F04BF01460020B1FA91
S21401C2E881F308BF2033A3F10B03B3F120020CDA64
S21401C2F80C3208DD02F1140CC2F10C0201FA0CF042
S21401C30821FA02F10CE002F11402D8BFC2F1200CA6
S21401C31801FA02F120FA0CFCDCBF41EA0C0190405C
S21401C328E41AA2BF01EB0451294330BD6FEA0404A5
S21401C3381F3C1CDA0C340EDC04F11404C4F1200290
S21401C34820FA04F001FA02F340EA030021FA04F3A2
S21401C35845EA030130BDC4F10C04C4F1200220FAF9
S21401C36802F001FA04F340EA0300294630BD21FA37
S21401C37804F0294630BD94F0000F83F4801306BFFD
S21401C38881F480110134013D4EE77FEA645C18BFF1
S21401C3987FEA655C29D094EA050F08BF90EA020F88
S21401C3A805D054EA000C04BF1946104630BD91EA80
S21401C3B8030F1EBF0021002030BD5FEA545C05D183
S21401C3C84000494128BF41F0004130BD14F58004C2
S21401C3D83CBF01F5801130BD01F0004545F0FE4136
S21401C3E841F470014FF0000030BD7FEA645C1ABF6B
S21401C3F8194610467FEA655C1CBF0B46024650EAA2
S21401C408013406BF52EA033591EA030F41F40021CD
S21401C41830BD00BF90F0000F04BF0021704730B553
S21401C4284FF4806404F132044FF000054FF0000128
S21401C43850E700BF90F0000F04BF0021704730B5E9
S21401C4484FF4806404F1320410F0004548BF4042BE
S21401C4584FF000013EE700BF42004FEAE2014FEA13
S21401C46831014FEA02701FBF12F07F4393F07F4FEE
S21401C47881F06051704732F07F4208BF704793F0F1
S21401C4887F4F04BF41F40021704730B54FF4607404
S21401C49801F0004521F000411CE700BF50EA010207
S21401C4A808BF704730B54FF000050AE050EA0102B0
S21401C4B808BF704730B511F0004502D5404261EB20
S21401C4C841014FF4806404F132045FEA915C3FF461
S21401C4D8D8AE4FF003025FEADC0C18BF03325FEAFE
S21401C4E8DC0C18BF033202EBDC02C2F1200300FAAF
S21401C4F803FC20FA02F001FA03FE40EA0E0021FAD4
S21401C50802F11444BDE600BF70B54FF0FF0C4CF4C1
S21401C518E06C1CEA11541DBF1CEA135594EA0C0F73
S21401C52895EA0C0F00F0DEF82C4481EA030621EAAE
S21401C5384C5123EA4C5350EA013518BF52EA0335E9
S21401C54841F4801143F4801338D0A0FB02CE4FF09B
S21401C5580005E1FB02E506F00042E0FB03E54FF0CB
S21401C5680006E1FB03569CF0000F18BF4EF0010EC3
S21401C578A4F1FF04B6F5007F64F5407404D25FEABF
S21401C5884E0E6D4146EB060642EAC62141EA555172
S21401C5984FEAC52040EA5E504FEACE2EB4F1FD0CB4
S21401C5A888BFBCF5E06F1ED8BEF1004F08BF5FEA32
S21401C5B8500E50F1000041EB045170BD06F00046E4
S21401C5C846EA010140EA020081EA0301B4EB5C0491
S21401C5D8C2BFD4EB0C0541EA045170BD41F4801189
S21401C5E84FF0000E013C00F3AB8014F1360FDEBFAE
S21401C5F8002001F0004170BDC4F10004203C35DA8A
S21401C6080C341BDC04F11404C4F1200500FA05F30C
S21401C61820FA04F001FA05F240EA020001F00042AD
S21401C62821F0004110EBD37021FA04F642EB060123
S21401C6385EEA430E08BF20EAD37070BDC4F10C044D
S21401C648C4F1200500FA04F320FA05F001FA04F211
S21401C65840EA020001F0004110EBD37041F10001FD
S21401C6685EEA430E08BF20EAD37070BDC4F1200508
S21401C67800FA05F24EEA020E20FA04F301FA05F270
S21401C68843EA020321FA04F001F0004121FA04F218
S21401C69820EA020000EBD3705EEA430E08BF20EAE8
S21401C6A8D37070BD94F0000F0FD101F00046400022
S21401C6B841EB010111F4801F08BF013CF7D041EAA4
S21401C6C8060195F0000F18BF704703F000465200A8
S21401C6D843EB030313F4801F08BF013DF7D043EA79
S21401C6E80603704794EA0C0F0CEA135518BF95EA2F
S21401C6F80C0F0CD050EA410618BF52EA4306D1D1B6
S21401C70881EA030101F000414FF0000070BD50EAD4
S21401C718410606BF1046194652EA430619D094EA5E
S21401C7280C0F02D150EA013613D195EA0C0F05D148
S21401C73852EA03361CBF104619460AD181EA03019C
S21401C74801F0004141F0FE4141F470014FF0000054
S21401C75870BD41F0FE4141F4780170BD70B54FF0EF
S21401C768FF0C4CF4E06C1CEA11541DBF1CEA13556F
S21401C77894EA0C0F95EA0C0F00F0A7F8A4EB050451
S21401C78881EA030E52EA03354FEA013100F0888048
S21401C7984FEA03334FF0805545EA131343EA126311
S21401C7A84FEA022245EA111545EA10654FEA0026C6
S21401C7B80EF000419D4208BF964244F1FD0404F57F
S21401C7C8407402D25B084FEA3202B61A65EB0305DB
S21401C7D85B084FEA32024FF480104FF4002CB6EB98
S21401C7E8020E75EB030E22BFB61A754640EA0C0018
S21401C7F85B084FEA3202B6EB020E75EB030E22BF58
S21401C808B61A754640EA5C005B084FEA3202B6EB98
S21401C818020E75EB030E22BFB61A754640EA9C0057
S21401C8285B084FEA3202B6EB020E75EB030E22BF27
S21401C838B61A754640EADC0055EA060E18D04FEAE5
S21401C848051545EA16754FEA06164FEAC30343EA85
S21401C85852734FEAC2025FEA1C1CC0D111F4801F52
S21401C8680BD141EA00014FF000004FF0004CB6E74B
S21401C87811F4801F04BF01430020B4F1FD0C88BFEA
S21401C888BCF5E06F3FF6AFAEB5EB030C04BFB6EBF5
S21401C898020C5FEA500C50F1000041EB045170BDE8
S21401C8A80EF0004E4EEA113114EB5C04C2BFD4EB15
S21401C8B80C0541EA045170BD41F480114FF0000E99
S21401C8C8013C90E645EA060E8DE60CEA135594EA15
S21401C8D80C0F08BF95EA0C0F3FF43BAF94EA0C0F18
S21401C8E80AD150EA01347FF434AF95EA0C0F7FF48D
S21401C8F825AF104619462CE795EA0C0F06D152EAE1
S21401C90803353FF4FDAE1046194622E750EA4106C4
S21401C91818BF52EA43067FF4C5AE50EA41047FF4D5
S21401C9280DAF52EA43057FF4EBAE12E74FF0FF3C3A
S21401C93806E000BF4FF0010C02E000BF4FF0010C0B
S21401C9484DF804CD4FEA410C7FEA6C5C4FEA430C84
S21401C95818BF7FEA6C5C1BD001B050EA410C0CBFD3
S21401C96852EA430C91EA030F02BF90EA020F002035
S21401C978704710F1000F91EA030F58BF994208BF9C
S21401C98890422CBFD8176FEAE37040F00100704759
S21401C9984FEA410C7FEA6C5C02D150EA013C07D1B0
S21401C9A84FEA430C7FEA6C5CD6D152EA033CD3D0FB
S21401C9B85DF8040B704700BF8446104662468C46F5
S21401C9C81946634600E000BF01B5FFF7B7FF002828
S21401C9D848BF10F1000F01BD4DF808EDFFF7F4FF51
S21401C9E80CBF012000205DF808FB00BF4DF808EDDC
S21401C9F8FFF7EAFF34BF012000205DF808FB00BFFF
S21401CA084DF808EDFFF7E0FF94BF012000205DF820
S21401CA1808FB00BF4DF808EDFFF7CEFF94BF0120D5
S21401CA2800205DF808FB00BF4DF808EDFFF7C4FFCE
S21401CA3834BF012000205DF808FB00BF4FEA410221
S21401CA4812F5001215D211D56FF47873B3EB625252
S21401CA5812D94FEAC12343F0004343EA505311F079
S21401CA68004F23FA02F018BF404270474FF000000B
S21401CA78704750EA013005D111F0004008BF6FF049
S21401CA88004070474FF00000704700BF4A0011D2BF
S21401CA9812F5001211D20DD56FF47873B3EB62520A
S21401CAA80ED44FEAC12343F0004343EA505323FA16
S21401CAB802F070474FF00000704750EA013002D18B
S21401CAC84FF0FF3070474FF00000704753B94AB92E
S21401CAD8002908BF00281CBF4FF0FF314FF0FF3078
S21401CAE800F08CB9ADF1080C6DE904CE00F006F83B
S21401CAF8DDF804E0DDE9022304B070472DE9F04FC4
S21401CB08099D0E4604460F46002B47D18A42944695
S21401CB18B2FA82F35AD943B102FA03FCC3F12002EE
S21401CB289F409C4020FA02F217434FEA1C461FFA20
S21401CB388CFE220CB7FBF6F106FB117701FB0EF013
S21401CB4842EA0742904208D91CEB020201F1FF377C
S21401CB5802D2904200F23C813946121AA4B2B2FBC4
S21401CB68F6F006FB102200FB0EFE44EA0244A64538
S21401CB7808D91CEB040400F1FF3202D2A64500F2E4
S21401CB882A81104640EA0140A4EB0E0400211DB19B
S21401CB98DC400023C5E90043BDE8F08F8B4205D988
S21401CBA80DB1C5E9000100210846F5E7B3FA83F19E
S21401CBB800294FD1B342C0F00281824240F2FF8081
S21401CBC80846002DE8D0C5E90047E5E7002B40F008
S21401CBD8AF808A1A4FEA1C4E1FFA8CF70121B2FB66
S21401CBE8FEF60EFB1620220C42EA004207FB06F070
S21401CBF890420FD91CEB020206F1FF382CBF4FF00A
S21401CC0801094FF00009904203D9B9F1000F00F06D
S21401CC18DC804646121AA4B2B2FBFEF00EFB1022C6
S21401CC2800FB07F744EA0244A7420FD91CEB0404A9
S21401CC3800F1FF322CBF4FF0010E4FF0000EA74255
S21401CC4803D9BEF1000F00F0C9801046E41B40EA84
S21401CC5806409CE7C1F120048B4006FA01FC00FA65
S21401CC6801FE22FA04F7E6408A401F4320FA04F33D
S21401CC784FEA174843EA0C031FFA87FC4FEA1349A1
S21401CC88B6FBF8F008FB106649EA064600FB0CF905
S21401CC98B1450ED9BE1900F1FF3A2CBF4FF0010B72
S21401CCA84FF0000BB14503D9BBF1000F00F0A2808D
S21401CCB85046A6EB09061FFA83F9B6FBF8F308FBFC
S21401CCC8136603FB0CFC49EA0646B4450ED9BE19A1
S21401CCD803F1FF382CBF4FF001094FF00009B445A6
S21401CCE803D9B9F1000F00F08280434643EA0040B9
S21401CCF8A6EB0C06A0FB028C66454346E14602D32A
S21401CD0807D1C64505D2B8EB02036CEB070C013810
S21401CD18E1465DB1BEEB030266EB090606FA04F4CA
S21401CD2822FA01F3CE401C43C5E90046002133E749
S21401CD3802FA03FCC3F1200299409C40D6404FEA10
S21401CD481C4E20FA02F21FFA8CF7B6FBFEF00A43D5
S21401CD580EFB1066110C41EA064100FB07F68E42EF
S21401CD680ED91CEB010100F1FF382CBF4FF0010969
S21401CD784FF000098E4202D9B9F1000F34D040466F
S21401CD88891B92B2B1FBFEF60EFB161142EA01426E
S21401CD9806FB07F191420ED91CEB020206F1FF3899
S21401CDA82CBF4FF001094FF00009914202D9B9F1A1
S21401CDB8000F16D04646521A46EA00410FE7841A73
S21401CDC866EB030201201746FBE6023E624421E7B2
S21401CDD802396244C1E664440238D3E66444023840
S21401CDE834E7023E6244E6E702386144C8E7023B9C
S21401CDF83E447BE702383E445BE700BF704700BF0E
S21401CE082DE9F04F924685B089461E460D46554A8D
S21401CE180390294615F8014B135D13F00803F8D162
S21401CE282D2C7CD02B2C4ED04FF0FF3102936FF077
S21401CE380043CDE9001336F0100851D037464FEAC3
S21401CE48E6783A464346DDE90001FFF73FFE002350
S21401CE5883468E4618461946A44613E0ACF13704B5
S21401CE68A6421FDD002B09DB83457EEB010305D3B4
S21401CE788E4508BF83453BD1A24239DA4FF0FF33CE
S21401CE8815F801CBACF13004092CE9D9ACF1410411
S21401CE98192CE3D9ACF16104192C03D8ACF1570469
S21401CEA8A642DFDC5A1C2FD0029A12B1404261EB2F
S21401CEB84101BAF1000F03D0002B48D1CAF80090FF
S21401CEC805B0BDE8F08F4FF0FF30029336F010083A
S21401CED86FF000432C7801F10205CDE90003ADD1CE
S21401CEE8302C25D0002E3AD10A27B0463E46A8E770
S21401CEF800FB08F307FB0133A0FB07010B442018CE
S21401CF0843EBE4710123BBE72223039A1360BAF1CA
S21401CF18000F17D005F1FF39DDE90001CEE74FF024
S21401CF280047009301232C788D1CCDE9017382E715
S21401CF382B7803F0DF03582B0CD086B90827B046A8
S21401CF483E467EE7DDE9000105B0BDE8F08FCDE994
S21401CF580001DFE710276C7802353E4671E7102797
S21401CF683E466EE749D504004AE700BF10B4044CB4
S21401CF7813460A46014620685DF8044B40E700BFA1
S21401CF886C69002010B4044C13460A460146206812
S21401CF985DF8044B34E700BF6C69002020F00301FC
S21401CFA810F00300C0F1000051F8043B00F1040C36
S21401CFB84FEACC0C6FF000021CBF22FA0CF21343A6
S21401CFC84FF0010C4CEA0C2C4CEA0C4CA3EB0C026F
S21401CFD822EA030212EACC1204BF51F8043B0430D9
S21401CFE8F4D0C2F1000102EA0102B2FA82F2C2F1F9
S21401CFF81F0200EBD20070472DE9F04780460C4629
S21401D0084548264614F801EB10F80EC01CF0080C2B
S21401D018F7D1BEF12D0F5BD0BEF12B0F3AD0654686
S21401D02833F010003ED04FF0FF379A46B7FBF3F7C0
S21401D03803FB07F96FEA0909002630460EE0AEF150
S21401D048370C63451DDD002E04DBB84202D833D108
S21401D058CC4531DD4FF0FF3614F801EBAEF1300C5C
S21401D068BCF1090FEDD9AEF1410CBCF1190FE6D9A7
S21401D078AEF1610CBCF1190F03D8AEF1570C63453C
S21401D088E1DC731C1CD005B140420AB1F6B9116047
S21401D098BDE8F08733F0100094F800E0654606F125
S21401D0A80204C0D1BEF1300F17D06BBB0A234FF074
S21401D0B805091A4F9A46BFE700FB0AC00126CBE7C7
S21401D0C822233046C8F80030002AE1D0611EDEE788
S21401D0D894F800E00125B41CA2E7207800F0DF00F0
S21401D0E8582807D083B908234FF007096FF060471F
S21401D0F89A46A1E7102394F801E04FF00F0902348D
S21401D1086FF070479A4697E710234FF00F096FF0B4
S21401D11870479A4690E700BF49D50400999999192E
S21401D1286AE700BF10B4044C13460A460146206855
S21401D1385DF8044B60E700BF6C69002010B4044C2E
S21401D14813460A46014620685DF8044B54E700BFBB
S21401D1586C6900200F4B70B50F4DAB42A3EB05066B
S21401D16807D0B6100024013455F8043B9847A64268
S21401D178F9D80A4D24F000F9094B5E1BAB424FEA79
S21401D188A60606D00024013455F8043B9847A64263
S21401D198F9D870BD546D0020546D0020546D0020E0
S21401D1A8586D002070B5860747D0541E002A3ED019
S21401D1B8CAB2034601E0013C39D303F8012B9D07A7
S21401D1C8F9D1032C2CD9CDB20F2C05EB052505EB8F
S21401D1D8054535D9A4F1100C03F1100E1A462CF0AA
S21401D1E80F064FEA1C1CB644C2E90055C2E90255AF
S21401D1F810327245F8D10CF1010214F00C0F04F04C
S21401D2080F0C03EB021213D0ACF1040323F0030353
S21401D2180433134442F8045B9342FBD10CF0030435
S21401D2282CB1C9B21C4403F8011BA342FBD170BD43
S21401D23864461346002CF4D1F9E703461446C0E7C2
S21401D2481A46A446E0E700BF88420ED98B188342E7
S21401D2580BD900EB020C002A6ED0624613F801CDFA
S21401D268994202F801CDF9D170470F2A0FD8034623
S21401D27802F1FF3C002A5FD00CF1010C013B8C4403
S21401D28811F8012B614503F8012FF9D1704740EADF
S21401D29801039B0751D1A2F1100301F1200C70B5CF
S21401D2A823F00F0501F1100E00F110041B09AC4420
S21401D2B85EF8105C0EF1100E103444F8205C5EF82F
S21401D2C81C5C44F81C5C5EF8185C44F8185C5EF854
S21401D2D8145CE64544F8145CEAD1013312F00C0FED
S21401D2E802F00F0C01EB031100EB031329D0ACF18C
S21401D2F8040C1C1F8E462CF003064FEA9C0C1E4499
S21401D3085EF8045B44F8045FB442F9D10CF10104F9
S21401D31802F0030203EB840301EB840102F1FF3CF4
S21401D3284AB10CF1010C013B8C4411F8012B614503
S21401D33803F8012FF9D170BD704702F1FF3C03468F
S21401D3489AE76246EAE700BF2DE9F04F82468E4625
S21401D3583F4875461EF801BB10F80B4014F0080448
S21401D368F7D1BBF12D0F5BD0BBF12B0F6FF0004946
S21401D37804BF9EF800B005F1020E33F0100010D17C
S21401D388BBF1300F04D0002B5ED10A231F4609E0FB
S21401D3989EF8000000F0DF0058284ED0002B53D12D
S21401D3A808231F460025B9FBF7F6284607FB1698FB
S21401D3B80EE0ABF1370C63451DDD002D04DB86421C
S21401D3C802D321D1E0451FDA4FF0FF351EF801BB25
S21401D3D8ABF1300CBCF1090FEDD9ABF1410CBCF146
S21401D3E8190FE6D9ABF1610CBCF1190F03D8ABF1F3
S21401D3F8570C6345E1DC6B1C0AD004B140420AB104
S21401D408CDB91160BDE8F08F07FB00C00125DDE747
S21401D4182223CAF800305AB10EF1FF314846F0E728
S21401D4289EF800B04FF0004905F1020E0124A4E76A
S21401D4384846BDE8F08F8146EEE710239EF801B016
S21401D4480EF1020E1F46ADE710231F46AAE700BFDE
S21401D45849D50400242B02D8012B00D074E710B557
S21401D46800F02EFA16230360002010BD10B5242AFA
S21401D478084C1346246807D8012A05D00A460146EF
S21401D4882046BDE810405FE700F01AFA162303604D
S21401D498002010BD6C69002010B5242A084C1346DC
S21401D4A8246807D8012A05D00A4601462046BDE861
S21401D4B8104049E700F004FA16230360002010BD67
S21401D4C86C690020844641EA000313F0030349D13E
S21401D4D8403A23D30B6803604B6843608B688360CC
S21401D4E8CB68C3600B6903614B6943618B698361D0
S21401D4F8CB69C3610B6A03624B6A43628B6A8362B8
S21401D508CB6AC3620B6B03634B6B43638B6B83639F
S21401D518CB6BC36340304031403ADBD230320BD359
S21401D5280B6803604B6843608B688360CB68C36095
S21401D53810301031103AF3D20C3205D351F8043BAF
S21401D54840F8043B043AF9D2043208D0D2071CBF8B
S21401D55811F8013B00F8013B01D30B8803806046B4
S21401D568704700BF082A13D38B07B1D010F0030306
S21401D578AED0C3F10403D21ADB071CBF11F8013B76
S21401D58800F8013BA4D331F8023B20F8023B9FE7A1
S21401D598043AD9D3013A11F8013B00F8013BF9D214
S21401D5A80B7803704B7843708B78837060467047AE
S21401D5B8024B014618681AF06CBE00BF6C69002061
S21401D5C8024B014618681AF067BE00BF6C69002056
S21401D5D8CAB384460B4630B504460843800719D0BB
S21401D5E89CF800000C78A04212D150B3012A28D02A
S21401D5F8E64603E01CEB030F23D010B31EF8010F19
S21401D60811F8014FA2EB0E03A04203F1FF33F1D04C
S21401D618001B30BD032A07D8E2E7043A11D01EF0F2
S21401D628803F0ED1032A10D92068194653F8045BA7
S21401D638A446A0F1013E0434A8422EEA000EECD01E
S21401D648CEE7002030BD10467047A4461946C7E706
S21401D65880EA010C1CF0030F37D110F0030C20F000
S21401D668030021F0030150F8042B08BF51F8043BCE
S21401D6780ED08CF0030C6FF07F434FEACC0C23FAE4
S21401D6880CFC51F8043B42EA0C0243EA0C0300BFC7
S21401D698A2F1013C9A4201BF2CEA020C1CF0803F21
S21401D6A850F8042B51F8043BF2D04FEA02604FEAD7
S21401D6B81222012828BFB0EB036F08BF1B0AF4D05B
S21401D6C803F0FF03000EC01A704710F0030F0AD0CC
S21401D6D810F8012B11F8013B012A28BF9A42F4D011
S21401D6E8A2EB030070474DF8045D50F8042B01F0D7
S21401D6F8030521F0030151F8043B022D26D04DD82D
S21401D70822F07F45B5EB132FA2F1013C2CEA020C5F
S21401D7180DD11CF0803C08BF51F8043B0AD185EABC
S21401D7280205B5EB036F0CD150F8042BE8E74FEA76
S21401D73813235BE03CF07F4C54D10B784FEA12651B
S21401D74854E04FEA126503F0FF034FE04FEA024543
S21401D758A2F1013C4FEA15452CEA020CB5EB134F32
S21401D76818D11CF0803C08BF51F8043B07D185EA64
S21401D7780205B5EB034F09D150F8042BE6E75FEA3B
S21401D7880C4C2FD10B884FEA12452FE04FEA034382
S21401D7984FEA12454FEA134328E000BF02F0FF059F
S21401D7A8B5EB136FA2F1013C2CEA020C0DD11CF06B
S21401D7B8803C08BF51F8043B0AD185EA0205B5EB5F
S21401D7C8032F0AD150F8042BE8E74FEA13630DE05C
S21401D7D812F0FF0F06D051F8043B4FEA122523F04A
S21401D7E87F4303E04FF0000020BC704705F0FF02BE
S21401D7F803F0FF00012828BF904204BF2D0A1B0A28
S21401D808F4D0A2EB000020BC704700BF08B5064B59
S21401D818044613B1002100F0AFF8044B1B6803B1AE
S21401D8289847204619F02BF981D90100305000207D
S21401D838002301461A46184600F048B8032A30B4B1
S21401D84815D941EA000484460B46A40704D0541EA1
S21401D8580FE0043A032A08D91946604653F8044BE0
S21401D8685CF8045BA542F4D0F1E760461946541EFD
S21401D8787AB1431E0139021901E09A4209D013F818
S21401D888010F11F801CF6045F7D0A0EB0C0030BCB2
S21401D8987047002030BC704738B5074D074C2C1B25
S21401D8A8A41005D0013C55F8043D9847002CF9D141
S21401D8B8BDE8384023F066BD5C6D0020586D002039
S21401D8C8014B1868704700BF6C690020F0B5264CFC
S21401D8D883B006460F46256805B36C681F2C3FDCE7
S21401D8E8A6B1D5F8880048B3D0F800114FF0010C5E
S21401D8F840F82420022E00EB84020CFA04FC4CEAC1
S21401D9080101C0F80011C2F8803010D0631C002055
S21401D91802346B6045F8247003B0F0BD134914480F
S21401D928216010B10068C1F88800104DD5E7D0F81D
S21401D938043143EA0C03C0F80431E7E70D49CDE9A1
S21401D948002369B14FF48470FFF732FE40B100211D
S21401D9586C68C0E94011DDE90023C5F88800C5E711
S21401D9684FF0FF30D8E700BFC050002034500020E9
S21401D97800000000B9D501002DE9F04FDFF8B4909A
S21401D98883B0D9F8006096B3884601907568D6F8D2
S21401D99888706C1E2BD4013507F1800B06EB8505C4
S21401D9A8B8F1000F26D173682A68013BA3423BD021
S21401D9B800232B60BAB1D6F804A05FB30123D7F8C9
S21401D9C80011A3400B4225D0D7F8040157F82410BC
S21401D9D803422BD1019890477368D9F80020534524
S21401D9E81ED1B2421CD1013C043D631CD8D103B000
S21401D9F8BDE8F08F4FB15BF824304345D3D0013CE6
S21401DA08043D621CF3D0002FF5D1013CEFD3013C55
S21401DA18FBD2ECE790477368D9F800205345E0D06D
S21401DA28002AE4D01646B1E77460C3E70846904773
S21401DA38D2E700BFC050002013B5044669461EF061
S21401DA48D2F820461EF016FAFF28024606D02046CF
S21401DA589DF80010EFF764FA02B010BD0048FBE726
S21401DA680080FFFF2DE9F0418AB001AC05460B4660
S21401DA782746194A02F1200C2646106851680832D2
S21401DA8803C662453446F7D1002B08BF3B4600273C
S21401DA9810681C463060384603F10C0690B95FFAE8
S21401DAA887F84246284621881EF006FB50B94246AA
S21401DAB82846E1881EF011FB20B942463146284621
S21401DAC81EF01DFB0137032F06F1080604F10204B8
S21401DAD8E4D10AB0BDE8F08160D60400F0B589B09B
S21401DAE805460E4601F034FE044600BB01AC06F1BD
S21401DAF80C070FCF0FC497E8070084E8070001A9B1
S21401DB08284605F0F1FC2846311D1EF093FD044613
S21401DB1848B92846074901F05DFA044618B9284667
S21401DB2801F0E0FD044628463168FFF79BFF2046D2
S21401DB3809B0F0BD58D6040001491EF0A7B800BFC9
S21401DB48DDF6010070B5164E032804460D463378F7
S21401DB581ED023FA04F202F00102AA421DD053B1E4
S21401DB680122A240A54023EA02032B43DBB233700D
S21401DB784BB1012070BD2DB10A4B01201B68984797
S21401DB883378EDE73570074B00201B689847F0E7B8
S21401DB989A07DED003F0FC03E9E7002070BD00BF5A
S21401DBA8EC62002000530020F8B505460C4623F029
S21401DBB842F9104F06463B7833B1012D04D01CB903
S21401DBC80D4821F059FE3C7021462846FFF7BAFF5A
S21401DBD80A4B04461B783BB93B782BB91EF040FA32
S21401DBE810B1074B1B689847304623F01FF92046AB
S21401DBF8F8BD00BFED620020D4520020EC62002080
S21401DC08BC690020054A0B46117831B10021117014
S21401DC18034A01215268187810477047ED620020C0
S21401DC28BC69002038B5074D04462B78834207D0D7
S21401DC3801F0B8FC20462C70BDE83840F0F708BC67
S21401DC4838BD00BFEB62002038B5044680B123F02A
S21401DC58F2F801210446084621F082FA01210B4A0E
S21401DC6808461AF0EAFB2046BDE8384023F0DEB83D
S21401DC7823F0E1F805462146012021F071FA01203A
S21401DC882146024A1AF0D9FB2846EDE7D0AC040033
S21401DC981B4B022910B5187002D0032904D010BDF9
S21401DCA8184B1B78002BFAD105F08CFB0028F6D010
S21401DCB84FF00052144BC3F88020BFF34F8FBFF3C9
S21401DCC86F8F01F047FC0028E9D001F03BFA0028E5
S21401DCD8E5D10E4B1C6834B123689847BDE810405F
S21401DCE8002001F053BC1DF0CDFF094B186023F04E
S21401DCF88EF9084B1860204601F034FCEEE700BFA9
S21401DD08226D0020EB62002000E100E02453002091
S21401DD18FC520020F852002038B504460D4605F09E
S21401DD2851FB80B14FF00052124B1A6001F012FC01
S21401DD3848B9012D07D8012001F028FC0E4B1B68B5
S21401DD4823B15B6898470D4B1C7038BD23F05FF90B
S21401DD580B4B1A68801A186021F03CFE4FF47A7251
S21401DD68084B1B6802FB00301DF08EFF012001F0F6
S21401DD78F9FBE8E700E100E024530020226D0020CB
S21401DD88F8520020FC520020F0B585B023F053F875
S21401DD98344D04462B7823B1334821F06DFD002815
S21401DDA852D121F0F3FD02AA03A91EF043F9034656
S21401DDB8002838D01EF052F9029B98421CD1002048
S21401DDC82A4B03991B682A4E9942307020D900279E
S21401DDD8C91A012324482B70264A3346CDE9007711
S21401DDE823F0F1F8002837D1234A1378D90701D54B
S21401DDF83178F9B1204611E01EF02EF9029B9842BF
S21401DE0828D0002318461949194A0968137003913E
S21401DE180121FFF797FE002320462B7023F006F812
S21401DE28002005B0F0BD20462B7022F0FFFF212010
S21401DE3805B0F0BD03F0FE031370002BDAD10F4BCB
S21401DE481B6898472046E9E7204622F0EFFF0E2098
S21401DE5805B0F0BD0220B3E7032320462F703370C8
S21401DE68F3E700BFED620020D4520020F4520020F0
S21401DE78216D00200DDC0100EC620020005300201B
S21401DE8870B522F0D8FF184D04462B7823BB174AE5
S21401DE9817491370174B184A18481A60184A194E2A
S21401DEA85A60F0F779FA18491848F0F775FA184BD6
S21401DEB880203360EEF730F8052804BF154B336031
S21401DEC8154B5B6F03F44073B3F5007F02BF022264
S21401DED8124B1A6001232B70F0F7C6FB204622F07E
S21401DEE8A5FF002070BD00BFEE620020ED62002095
S21401DEF884D60400BC69002091DD0100C4520020CC
S21401DF08B1DB0100005300208CD60400CC5200205F
S21401DF182DDC010051DC010000400050F4520020C5
S21401DF282DE9F0438F7880460F2F0C4685B003D92C
S21401DF38212005B0BDE8F08327B90123374A002020
S21401DF481370F6E70D784E78EDB9002EF0D194F9F6
S21401DF580310E08802F00CFE2128E9D055EA0603F2
S21401DF68A088DFF8C89013D002F066FE4FF60403C7
S21401DF78B9F8002001469A424BD1AE42334638BF23
S21401DF882B4600262DE0082DD2D8082ED0D8DEE75D
S21401DF9802F052FE4FF6040501464FF60500204AE8
S21401DFA8136E9BB2AB4208BF0346B1F5803FA9F892
S21401DFB800300FD902230825136680230126C2F8EC
S21401DFC880302B4649084FF6FF720139914228BF27
S21401DFD8114608E08023012608251666C2F8803017
S21401DFE82B460029EFD1002202920122013FFFB2FF
S21401DFF8009201972A4608F1F80002F0C7FC1EB104
S21401E0084FF48012074B5A65074BA2681A60022321
S21401E01894E703480266A9F80030AEE7EF620020ED
S21401E02800C001B800D001B80C530020A26C002033
S21401E03810B50446D0F818210B4B4FF40061C3F80D
S21401E048CC2090F82420D20102F4006205F0D6F81C
S21401E05894F8243013F0100F4FF4007314BF034ADA
S21401E068034A136410BD00BF003E00B0001002B89A
S21401E078002002B8431C07D06FF0FF02034B104084
S21401E0885A62A3F580535862704700BF00E000B893
S21401E098F8B504460F46164622F0CDFE0546A047BB
S21401E0A8044620B1284622F0C1FE2046F8BD04F0F9
S21401E0B85FFA04220549D1F8F03E23EA0703334301
S21401E0C8C1F8F03E024B1A64ECE700BF003000B01E
S21401E0D8002002B800F01803182B0AD003070AD448
S21401E0E840F2011310F0100018BF1846034BD8670A
S21401E0F870470020FAE70120F8E700BF003F00B0AC
S21401E108044B1868830654BFC0F30F204FF6FF7000
S21401E118704700BFB053002038B10368044A002B8B
S21401E12808BF1346034A13607047014BFAE700BF5E
S21401E138DBBC0300C869002010B4D0E95241224074
S21401E1480B4052EA030104D003495DF8044B096801
S21401E15808475DF8044B7047C86900200F2938B591
S21401E16805460C460ED801F033FA01280CD1074AA9
S21401E1782846936E23F00F03234393661DF0CEFFC4
S21401E188002038BD2120FCE70220FAE7003F00B056
S21401E198014BD86E704700BF003F00B0014B00200E
S21401E1A8D9667047003F00B003282DE9F347884633
S21401E1B855D82C4B13F800902B4B1E5C2B4B13F8A1
S21401E1C800A022F038FE074604F01EF9054640B1C5
S21401E1D800230022CDE9003301200023002103F0AB
S21401E1E83FFF04F019F948B100230022CDE90033B6
S21401E1F8002000234FF4004103F032FF6EB31C4B9E
S21401E208DC6C04F008041B4B3146DC64484604F019
S21401E2180DFA52463146484604F096FA164BDC6427
S21401E2286DB1164B1868D0F89010F83003F008F85E
S21401E23813490868FFF71EFF4FF0FF330B60B8F16C
S21401E248000F04D00F4B002103205B68984738461F
S21401E25802B0BDE8F04722F0E9BD3446D3E702B084
S21401E268BDE8F0879CD6040098D6040094D604002E
S21401E278004000B8006000B8005000B8BC53002049
S21401E288C4690020BC6900200F4A136C13F0A00F64
S21401E29815D1506C10F0040013D10C4BD3F8F03E96
S21401E2A823F07F4323F0FF035BB1D368C3F3036214
S21401E2B8092A07D0B2F10C0018BF012070470020C8
S21401E2C870470120704700BF000002B8003000B058
S21401E2D870B50D46064620B91A4B1B68A3B10E2029
S21401E2E811E001F075F9012829D1174B93F900407F
S21401E2F8C4F12704641BC4F11C03002BB8BF5B429E
S21401E308232B0CDD212070BDA1F10B03002BB8BF18
S21401E3185B42232BF6DC0C4B19700020F3E786F8DA
S21401E328265022F088FD094AE402136A04F4FF2401
S21401E33823F4FF231C43146222F078FDEDE7022044
S21401E348E1E700BFBC530020F062002000C000B81F
S21401E35818B9034B93F90000704790F926007047E7
S21401E368F062002010B5FFF763FE03F0A7FB22F06A
S21401E37862FD0A4A0121D2F8C83E044623F020036A
S21401E388C2F8C83E0222064B08469A60054B5B68EF
S21401E3989847204622F04AFD002010BD003000B004
S21401E3A8001002B8BC690020094B08465A6A910257
S21401E3B80BD4D3F80021D20708D4D3F8803013F44D
S21401E3C8706F14BF0120002070470120704700BFFE
S21401E3D8004001B8F8B50D46D0F8903002EA0104BD
S21401E3E823EA01032343C0F890303D4A01F00B03AA
S21401E3F823EA0401D1642340A2F580526F0706463A
S21401E408D36410D50121FFF7CFFF60B104F0B0F84F
S21401E4184FF4007314F0040F14BF324A324A5362A1
S21401E4280422324B1A64E90606D514F0100F14BFFD
S21401E43800221B222E4B5A652A061DD5230616D501
S21401E4484FF40012274B1A62012203F58053C3F8D2
S21401E458002122F0F0FC0E210746032002F040FEC0
S21401E46840F20122224B3846DA6222F0DFFC2146CE
S21401E47806F1F80002F0E4FEEF0503D5E00529D51C
S21401E48802F0FEFDA90503D5A20526D502F004FE75
S21401E49815F0600F09D0D6F8E41030461DF01AFCC6
S21401E4A88022144B9867144B1A612B0510D504F07B
S21401E4B85FF8124A14F4006FD2F8F03E14BF43F026
S21401E4C8006323F00063C2F8F03E0422074B1A6487
S21401E4D80020F8BD02F0CEFDD4E702F0D7FDD7E75D
S21401E4E8006000B8005001B8006001B8002002B80A
S21401E4F8004000B8003F00B0000002B8003000B08D
S21401E508014B1868704700BF1853002037B522F032
S21401E51892FC002401230022CDE90034002305469D
S21401E5281946104603F09CFD022002F003F9064B3B
S21401E53821461C60054B02205B689847284622F056
S21401E54875FC204603B030BD20530020BC6900206E
S21401E5582DE9FF4102290D4616469846039004D137
S21401E568FFF7D4FF04B0BDE8F08122F064FC1E4F2B
S21401E57804463B683BB1B34205D022F057FC002362
S21401E58821203B60EEE7194B0022C3F800803E606D
S21401E598002301264FF0000810461946CDE900660B
S21401E5A803F05EFD124B022083F8008002F0C2F8E9
S21401E5B843462A46022003A902F0DAF80D4B039ACD
S21401E5C81A6008B92046D8E70B4D2B6898472128CA
S21401E5D804D0204622F02AFC0020C3E731466B68A7
S21401E5E802209847F5E700BF205300201C5300205F
S21401E5F8F262002018530020BC690020044B5B6EB1
S21401E6085B054EBF0120034B187800F001007047E8
S21401E61800C001B8F26200200A78022A11D0101F41
S21401E6284242424152004B781201022B0BD0191F6D
S21401E6384B424B415B000549054842EA8312FFF706
S21401E64827BD0122EFE70123F5E700BFF0FFFF0032
S21401E65821F601000B78022B10D0181F43424341C4
S21401E6685B004A78022A0BD0111F4A424A415200DF
S21401E6780F21044843EA8202FFF70ABD0123F0E7A7
S21401E6880122F5E74DF601002DE9F8430E78044618
S21401E698042E0D4690F824810BD100275FFA87F9DE
S21401E6A8484601F0BBFC08B14E4602E00137042F8C
S21401E6B8F4D1304601F0B2FC002849D094F8243150
S21401E6C8B34209D1AA88D4F8A4309A4204D16A88F8
S21401E6D8B4F826319A4238D084F82461AB8830469B
S21401E6E8A4F828316B88A4F82631AB8804F592750E
S21401E6F8C4F8A430FF2384F829301DF08DFD84F872
S21401E7082800284601F04AFC18BB284601F07CFC84
S21401E718F8B9D4F8E03053B194F82411414506D03D
S21401E7282046B3F91220EEF783FB84F82D01204624
S21401E73801F0B8FC0949A4F828010123084AD1F8D0
S21401E748FC1004F1F80003F083FA0020BDE8F88312
S21401E75821200C2384F82431F8E700BF004F00B0CD
S21401E768A43F00B070B5054690F824010C460C2865
S21401E7781FD0FF2901D1212070BD1AB14FF0FF32F9
S21401E7880D4B1A601DF048FD064695F8240101F068
S21401E7987BFC844228BF0446E4B2B44238BF344600
S21401E7A8E0B285F8290001F079FDFF28E3D00020C2
S21401E7B8E2E70220E0E700BFCC69002010B590F838
S21401E7C8243104460C2B44D0D0F8E03080F82810C9
S21401E7D8DBB3D0F8F020D2B990F82D318B421CD398
S21401E7E800222046FFF7BEFF48BB1B4B1B7813F0E1
S21401E7F8FD0F23D1204601F055FC18490123184A7C
S21401E808D1F8FC1004F1F80003F022FA16E0B0F98A
S21401E8184020B3F912309A42E2DD0022204694F8ED
S21401E8282D11FFF79FFF50B9C4F8E00020461DF0F0
S21401E8389DFE4FF6FF739842014601D1002010BD98
S21401E8482046BDE8104004F077BFFF2380F8293042
S21401E858F4E70220F3E700BFA66C0020004F00B0E3
S21401E868A43F00B0F0B51D46144B04461B780F466E
S21401E878164685B05BB1D0F8E030E3B102AAB3F929
S21401E88812300092002218F0EDFE05B0F0BD02A984
S21401E8981DF0A9F99DF808103A462046EEF7C8FA81
S21401E8A8014626B92A462046FFF75CFFEDE72046D3
S21401E8B8FFF784FFE9E71846E7E700BFB7AE0400AD
S21401E8C8D0F89830012B01D10020704770B5054665
S21401E8D850498EB01DF0F3FCD5F8E0600146AC8DCA
S21401E8E8C5F8E40026B1336813B15B68002B6BD119
S21401E8F822F0A1FA22F09AFA0123D5F8E4108DF84D
S21401E9080E30B389D6E90120E31A9BB200FB032235
S21401E9184148ADF80C3003680292994207D0284660
S21401E9281DF0D8F980223D493D4B88671A613D4C58
S21401E9383B4E00F04DFE0128FBD1236CD907F8D4D5
S21401E948336CDA01F5D4D5F8E41028460D919DF814
S21401E9580E20029908AB02F037FE002831D100F0EC
S21401E96837FE0128FBD12E4A2E49136CDB01FCD455
S21401E9780B6CDE07F9D408A901A803F047F800BB19
S21401E988AA8D294B5A6495F8243060F3410385F81B
S21401E99824301DF0E8FBD5F8E03002465B691968BB
S21401E9A8431EDBB2FD2B049114D9CC1C12D91F4B84
S21401E9B801311B6815D0D81C10D8284604A9049321
S21401E9C80AE002200EB070BD1A68032A90D99B6A25
S21401E9D85B0E94E7284604A91DF0AFFB00200EB095
S21401E9E870BDD91C04D8284604A904931DF0A5FBBC
S21401E9F8D5F84C319B0506D495F8243043F002032C
S21401EA0885F82430EAE728464FF480311DF0DEFD0C
S21401EA18E4E700BFFC4F00B008530020003F00B0F9
S21401EA28000002B800C002B8008001B8D86900200A
S21401EA3810B50C4619B11DF03CFB00B10434204654
S21401EA4802F0FAF8024B4042C3F8E00E002010BD6F
S21401EA58003000B0438E70B593420C4615461CD361
S21401EA68436C8B4208BF002422F0E5F94FF49C530F
S21401EA780B490646CA68C2F30362D340DA0702D5D1
S21401EA880B6C9B0304D401222946204601F05CF84E
S21401EA98304622F0CBF9002070BD2120FCE700BFEC
S21401EAA8000002B82DE9F84F074615460B4611B97E
S21401EAB82120BDE8F88F002AFAD0032905D80022BC
S21401EAC801F0ACF903460028F2D01C889A78B4F510
S21401EAD8804F02F0070180F0CE80A1F1070C18796B
S21401EAE893F805B0DE88DCF1000343EB0C03052937
S21401EAF82B7394BF0023C2F30013C2F3801C6B73FD
S21401EB08930985F810C003F00203C2F3C00C43EA68
S21401EB180C03C2F34012E8746B74AA74D7F89030E9
S21401EB28AE82D80600F193800639012900F28F805B
S21401EB38B7F81290D7F81C8009F1FF394F4B083CFB
S21401EB4804EA09045B6D18F804300021802B0CBF19
S21401EB586FF07F03323B04F1010418BF5BB204EA8D
S21401EB680904AB73631D03EA09035A1CA96002EA88
S21401EB78090218F8022018F8036097F825A046EA53
S21401EB88022636B2BAF1000F5FD1F10456D5D7F88E
S21401EB98E43013B11B68022B05D841F24D724C21A3
S21401EBA8002004F0F7FDD7F8E420C6F30B0392F82B
S21401EBB82420DB000AB1B3FBF2F39B4508D83BB12E
S21401EBC8CBEB0B2BBBFBF3FB6FEA0B0B5FFA8BFA5A
S21401EBD8D7F8EC3023B1504695F90E10984782467F
S21401EBE8013485F80FA004EA090418F80410013462
S21401EBF804EA090418F80430013404EA090441EA6D
S21401EC08032118F80430013404EA090441EA0341EF
S21401EC1818F8043041EA036116F4804305D0184B0E
S21401EC28DB6EB3FA83F35B095B0038466A7C03F054
S21401EC38CBF806232860AB7100203AE718F804A041
S21401EC484FEA4A0A5FFA8AFAC2E78A46C8E7002301
S21401EC580020EB730B4BDA69C2F30723120448BF93
S21401EC6863F0FF035AB212F1800F1CBF323B5AB24F
S21401EC78AA730346DEE702201BE700BF004000B880
S21401EC88003F00B000C000B806238B7190F825300D
S21401EC9843B1054BD3F8C4200B6802F01F0203EBFF
S21401ECA8C2030B6000207047003E00B011F5004F0C
S21401ECB81FBF01F30E01044BC1F30E01002014BF60
S21401ECC899642120704700BF008001B8F8B5044652
S21401ECD80E4619B990F824305A0647D44FF6FF73F2
S21401ECE8218ED4F8E470994204D0354B1B680BB1D9
S21401ECF820469847334D2B68BB4255D0324B1B688C
S21401ED083BB11FB13A68002A50D0BF683946204641
S21401ED1898470727204601F0C5F9002E3AD004F097
S21401ED28C7FA0620294B94F9262093F9003028497A
S21401ED38C3F127039B1A0A6ADB0222F4FF2203F4B3
S21401ED48FF2313430B62D4F8E420224B2A6098670A
S21401ED5801F01CFB002501211F4A204B117020469B
S21401ED6883F884501DF0DAF92846F8BD4FF6FF718E
S21401ED78144DD0F8E4702A6866F386139742018624
S21401ED8880F8243017D0104B1B68002BB9D101F03E
S21401ED9889F9072712493B46124AD1F8FC1004F1B3
S21401EDA8F80002F055FFBAE70127B3E717462046F1
S21401EDB839469847ADE701F075F90127EAE700BF3C
S21401EDC8145300200853002010530020F06200203E
S21401EDD800C000B8006000B8F1620020003F00B033
S21401EDE8004F00B0A43F00B0054A12681AB190F867
S21401EDF81E1119B91047084602F092B90148704722
S21401EE080453002000FEFFFF334B2DE9F7431C682F
S21401EE1801F4007900F00103174653EA0902064691
S21401EE280D4632D04FF0000823B3002300220120FC
S21401EE380021CDE9008803F013F941462046FFF783
S21401EE48D3FF01224146E08510461DF041FBD4F868
S21401EE58901004F1F80002F0F3F920490868FFF76A
S21401EE6809F94FF0FF330B6094F8243043F004039C
S21401EE7884F82430B9F1000F07D0012120461DF08F
S21401EE88A5FB25F4007506430D432B46324620465E
S21401EE98FFF752F9FB070FD51149124A08680021F6
S21401EEA8136811600121104A117003B198470F4B7E
S21401EEB8002102205B68984717F00E0F08D04FF420
S21401EEC809723B21002003B0BDE8F04304F062BCA0
S21401EED803B0BDE8F08300BFBC530020C46900201E
S21401EEE81C53002020530020F2620020BC69002039
S21401EEF808B5582200210648FEF754F91022FF21CA
S21401EF080448FEF74FF904F0D3F9002008BD00BF06
S21401EF18F43E00B0383F00B073B574210C236D225F
S21401EF28A0F81411822180F824314FF6FF734FF0B0
S21401EF38FF35C0E941120026C0F8002164220446C4
S21401EF48838580F82A301E4BC0E94322C36300F14B
S21401EF58480343641B4B80F82660C0E90C35C0F8AB
S21401EF68A450058503F060FA2046FFF7C1FF94F91F
S21401EF7826102046FFF7ACF96023134A40F6FF71C6
S21401EF88D3644FF03A4211631167104A2946D36495
S21401EF9840220F4B20461A64D4F89020FFF71AFA3D
S21401EFA80E230022CDE9003340F20223104619460B
S21401EFB803F056F801F046F8304602B070BD00BFBF
S21401EFC80700FFFFFFFF4000004000B8005000B8F0
S21401EFD8002002B810B50C46FFF78AFFCCB1A3781B
S21401EFE8082B18D8E278082A15D843EA021313F032
S21401EFF8FF030CBF19466168084AC2F8F410217865
S21401F00882F84811617882F84B3182F8491104F088
S21401F0184FF9002010BD2120FCE700BF003E00B0DC
S21401F028012A10B512D8032B10D803EB820201234C
S21401F038074C934094F84A01DBB221B10343002000
S21401F04884F84A3110BD20EA0303F8E72120F9E7DE
S21401F058003E00B0044BD3F8F03E13F0806F14BFA7
S21401F06823200020704700BF003000B00246F8B5E4
S21401F078B0F8284100F1F805FFF7ECFF0B688E6839
S21401F088013304BFD2F800310B604B68013304BF6B
S21401F098D2F80C314B60771C3BD1D2F80831CF68D7
S21401F0A88B607E1C3CD1D2F804610F69CE600137B3
S21401F0B804BFD2F8F8700F614F69013704BFD2F860
S21401F0C8FC704F618F69013704BFD2F810718F61E8
S21401F0D88F6967BBC0F1640408688C6110B16D283C
S21401F0E838BF6D20C2F808314B68C2E94006C2E94C
S21401F0F843340B692846C2F8F8304B690F49C2F801
S21401F108FC30D1F8FC1007230D4A02F0A1FD0020BF
S21401F118F8BD04F16D031B1AB34238BF3346BEE788
S21401F12804F17406361ABE4238BF3E46BDE76D3452
S21401F138241ABC4238BF3C46CEE700BF004F00B099
S21401F148A43F00B070B521F076FE05460B4E00F0E0
S21401F1583FFA012805D0284621F068FE02242046F9
S21401F16870BDF36813F0706FF1D1F46814F0805431
S21401F178EDD1284621F05AFEF1E700BF000002B89B
S21401F18838B521F058FE4FF6FF710A4A13888B42AC
S21401F19803D121F04BFE0E2038BD074C074D1B044A
S21401F1A86566A4F580546366118021F03FFE002051
S21401F1B8F2E700BFA46C0020006001B80000FFFF62
S21401F1C82DE9F74304460F4615461E46FFF75CF839
S21401F1D838B3A38A2BB320461CF047FD78B9744B85
S21401F1E8D3F8F02E1EB10E2003B0BDE8F08302F06E
S21401F1F83003102BF7D002F0C002402AF3D0DFF814
S21401F208E08102F05BFCD8F81430DE07EBD521F07C
S21401F21812FE0646032001F08BFB20B1304621F092
S21401F22805FE0220E0E7D8F8142012F00608F5D10A
S21401F238304621F0FBFD5E4B4FF400612046D3F8C3
S21401F248F09ED3F8D06E03F0EDFF40B14FF4007294
S21401F2580121584B08461A6442461DF039F93946C9
S21401F268204604F069FA524BC3F8F09EC3F8D06EF4
S21401F2780028B9D194F82430980601D4002D57D027
S21401F288C5F3400003F03AF9022315F4807F1FBF47
S21401F298494A002113644FF03A420BBF454A91612F
S21401F2A81364536303F064F94FF4806315F0040F95
S21401F2B814BF424A424A15F0400F53624FF0040207
S21401F2C83C4B28461A644FF0400314BF3D4A3E4A59
S21401F2D8C2F88830FEF7FEFE20461CF0F0FD38B175
S21401F2E84FF4807315F0010F14BF334A314A136483
S21401F2F8A90646D54FF6FF72E38F93420FD0334ADD
S21401F3083349526E100CC2F301120132B3FBF2F309
S21401F31808802A4A2A492F481B0448665366003D36
S21401F32818BF012594F8243065F3451384F8243072
S21401F33820461CF0BEFEF0B120461CF0C0FDD0B140
S21401F3484FF40031204603F06DFF431C03229BB2A5
S21401F358214801A91CF04DFF9DF8042002F007037F
S21401F368052B9DF8053015D112070DD443F480738B
S21401F3781A4AC2F8D830002003B0BDE8F0431CF0A2
S21401F38845BFFFF7FDFECAE713F0040F09D19DF844
S21401F3980630EBE703F03002202A05D113F0010FFF
S21401F3A8F4E74FF48073E3E79DF80630E0E700BF23
S21401F3B8003000B0002002B8001002B8005001B8B2
S21401F3C8006001B800D000B800E000B8004001B8FD
S21401F3D8A46C00200000FFFF0C0000BA003E00B03D
S21401F3E800C001B82DE9F3410646884615461F4672
S21401F3F821F021FD0446032001F09AFA38B120468F
S21401F40821F014FD0E24204602B0BDE8F081042048
S21401F41801F08EFA0028F2D1204621F007FD0123DB
S21401F4282A4641463046FFF7CBFE04460028EAD175
S21401F438DFF8C8805FB388F8000039463046FEF723
S21401F4486FFD00284CD198F80030012B1CD02022E3
S21401F458244B1A64244B9B6FB3F5817F1FD201207E
S21401F4681CF0EDFE21F0E7FC204B06461B680193D5
S21401F478CBB901F0DDFA15F0800526D101F01CFBA9
S21401F488284603F00FF825E003F022F8BBE798F8C2
S21401F4980030012BF8D0002BD9D12124B3E78022E4
S21401F4A8134B1A61DBE7042001F044F9002301221B
S21401F4B8042001A901F05CF90028DAD103F070F8FC
S21401F4C82124304621F0B2FC9DE70022094B9A67B9
S21401F4D801F0F2FA084B01215B6800209847F0E733
S21401F4E8044690E7001002B8003F00B00C53002015
S21401F4F8000002B800C001B8BC690020EF62002015
S21401F50808B50B4BD3F84C114B1C10D011F08041A9
S21401F5180DD1084B1B6813B10320FEF745FE4FF0CB
S21401F5288062054BDA6401225A6102229A6208BD9A
S21401F5380080E00FBC530020001002B84FF40022F0
S21401F548034B186C03F500531A64C0F3C0407047A8
S21401F558000002B8024B586900F00100704700BF6E
S21401F56800C001B8084B5A69D10707D508B901F098
S21401F578BDB85B69DA0706D401F0AAB85B69DB0790
S21401F58801D40028F8D1704700C001B84FF0806355
S21401F59810B1024A53617047014AFBE7001002B8EE
S21401F5A8002002B8202350B1064AC2F8F433064BAD
S21401F5B8196C11F0010104D1032002F093BA034A31
S21401F5C8F3E77047001002B800C002B8002002B87E
S21401F5D80F4BDB68C3F30363013B0B2B0FD8DFE844
S21401F5E803F006060C06060606080A08080802209E
S21401F5F87047042070470520704703207047054B65
S21401F6085B6913F0060F0CBF01200420704700BF8A
S21401F618000002B800C001B8094AD368C3F30363FF
S21401F6280B2B08D06FF49050184100F0010080F0C1
S21401F638010040007047106C10F48030EDD170471F
S21401F648000002B80C4AD368C3F30363062B07D835
S21401F658042BD8B20BD8C31E5842584140007047F5
S21401F668072B06D1D2F844010028ECD170470220B6
S21401F67870470020704700BF000002B8094BDB68DE
S21401F688C3F303639A1E012A8CBF00220122012BB1
S21401F69802701EBF4FF4026222FA03F303F001035D
S21401F6A80B707047000002B8094AD368C3F30363B6
S21401F6B8032B01D0072B08D1536CDB0605D4906CBD
S21401F6C880F00800C0F3C00070470020704700BFF4
S21401F6D8000002B8024B002219681CF0CDBC00BF1E
S21401F6E8DCD6040010B5FF224FF6FF7104461CF065
S21401F6F8E3FC68B9FF224FF6FF7120461CF0EDFCCB
S21401F70830B92046BDE81040FF2202491CF0F7BC7C
S21401F71810BD00BFA4D6040010B55B0743EA024338
S21401F7289DF8082043EAC163520502F0BC621A43F9
S21401F738064942F4C872044603F060FD00222046DA
S21401F7481146FFF787F9002010BD00BF9007E12D8D
S21401F75837B50C460546094A09490A4801F038FBF7
S21401F76894F828302846009394F82B3094F82920EA
S21401F77894F82A10FFF7D0FF03B030BD40D7040035
S21401F78848D7040010D7040008B5FFF78DFF88B1E5
S21401F798094BDA6912030DD5186C10F4003009D13B
S21401F7A89B6C13F0100F4FF010030CBF034A044A6A
S21401F7B8936408BD0220FCE7000002B8001002B8F6
S21401F7C8002002B8034610B500B3124AD1690903EE
S21401F7D81ED5546CC4F38114032C15D0022C17D1F2
S21401F7E822460D49B1F8D40001F10061801A01F5ED
S21401F7F8357101441846FDF765FE064A0472926C97
S21401F808120A4272002010BD0822EAE72120FAE710
S21401F8180220F8E7000002B8003E00B00A68064B6E
S21401F82812F0802F1CBF42F20101C3F82812C3F858
S21401F8388822C3F88C227047004001B8F0B585B01D
S21401F8486C460E460B4B074615460FCB84E80F0051
S21401F858094BD3F84822009226B16B1EDBB2FD2B6A
S21401F86888BF32602A46214638461CF066FC05B039
S21401F878F0BD00BFACD604000080E00FF0B585B03F
S21401F8886E460D4B07460D460FCB86E80F001CF05B
S21401F8986AFC31460446024638461CF0B0FD4DB1B6
S21401F8A840B9FF2C1BBF04AB03EB8404009B54F840
S21401F8B8103C2B6005B0F0BDACD6040030B508236B
S21401F8C8054685B080B9094AC2F8FC3351B96C4679
S21401F8D8074B0FCB84E80F00064B2A4621461868CB
S21401F8E8FFF7ACFF05B030BD034AEDE7001002B8DC
S21401F8F8BCD60400BC530020002002B84FF03A439F
S21401F908D3F81421D2031ED54FF480320E49C1F81C
S21401F9181421A1F58051C1F818215A6DD1B2C2F34C
S21401F9280722C3F8A410C3F8A4200422C3F8A4200D
S21401F9380022C3F8A420C3F8A420C3F8A420C3F85F
S21401F948A420C3F8A4207047002000BAF0220B4B6D
S21401F95801219A64A022A3F580539A644FF03A4392
S21401F968426CC3F8F410FC21C3F8CC10C3F8D020BD
S21401F9784FF40052C3F8F020704700BF006000B88B
S21401F988F8B50D464FF03A441746064621F053FAA5
S21401F99801230421074A6363E76026616561C2F8AB
S21401F9A81411054AC2F8843121F040FA0DB1022338
S21401F9B86363F8BD002000BA00E100E02DE9F041DC
S21401F9C805460124006800F00700063004FA00F333
S21401F9D8A868EC685E1EA04262D000EA060E6C6853
S21401F9E810441E430640A3EB0E000EEB040C8242A5
S21401F9F8644618D9D31A0EEB030298B1431E052B99
S21401FA0804D94B1CACEB0303022B59D80B4608440C
S21401FA18ACEB010E03EB0E0113F8014B83420C709D
S21401FA28F8D101466C688AB1531E052B01F1010312
S21401FA3802D9E01A022812D80A44611E00E00133EE
S21401FA4813F8010C934201F8010FF8D121F0F3F9EC
S21401FA580223AE60AB62BDE8F04121F0E7B90B4680
S21401FA68204622F0030E8E4453F804CB734540F823
S21401FA7804CBF9D122F00303D01A920701EB030C49
S21401FA8804EB0307E2D0CA5C0128E254DED09CF8F6
S21401FA98013002287B70D9D09CF80230BB70D5E7BC
S21401FAA8042A35D90878043AA86148780431A86147
S21401FAB811F8020CA86111F8010CA861A8688CE776
S21401FAC80B4620F003070F44ACEB010E1C684EF8FA
S21401FAD803400433BB42F9D120F0030310F0030FAF
S21401FAE801EB030EA0EB03040CEB030728D011F877
S21401FAF80380012C0CF8038022D09EF80130022CDA
S21401FB087B7018BF9EF80230084418BFBB7088E7A0
S21401FB18013A032A12D8DFE802F00F1507020B464E
S21401FB2813F8012B1946AA610A4612F8013BAB6184
S21401FB38114611F8013BAB610B78AB61BDE8F0816A
S21401FB4808446EE70A46F3E738B50B4615460146FC
S21401FB584FF03A4468B101221048C4F8F4201A4616
S21401FB68FFF72CFF25B14FF03A430422C3F8F420DF
S21401FB7838BD73B1D4F8D8209A4284BF0122C4F89C
S21401FB88F4204FF03A42C2F8D4300223C2F8F430D7
S21401FB98E8E70123C4F8F430E4E700BFCC0000BA74
S21401FBA838B5044621F047F94FF03A420121238F30
S21401FBB8054651674BB3B3FA83F3C3F11903DBB2B6
S21401FBC8A069C2F8B410C2F88C300723C2F89000B6
S21401FBD8C2F8B0304FF4A02302F50052C2F814312F
S21401FBE8A2F58052C2F8183100220C4B1A600C4B51
S21401FBF81B6C5B0209D54FF480020A4B04F1F8002E
S21401FC081A64D4F8901001F01BFB002363870723BE
S21401FC182846A387BDE8384021F008B928530020B4
S21401FC28000002B8002002B82DE9F84305460C4644
S21401FC38B1B1D0F81880078F21F0FDF8B5F83AC0B1
S21401FC48791E01EA0C0323F00702032C0646DFF8A7
S21401FC58F8E042445ED1DEF8004024B921F0E6F827
S21401FC680E20BDE8F88324F00104DEF8000020F039
S21401FC780100A04253D10023CEF8003023889442D5
S21401FC886FEA43436FEA534323803ED1AB8F08EBB9
S21401FC9807091846083880B202F108044C4528BFFF
S21401FCA84446082804D9B4F800E0BEF5804F40D28F
S21401FCB863440F431B1A3B409BB26B87A887947813
S21401FCC811884FF03A42C1F30C019165C2F8983099
S21401FCD8C2F8B0004FF48022174B04F00704C3F8AB
S21401FCE814210122154BC3F88421FFF707FE042CC3
S21401FCF80BD14FF48002124B05F1F8001B6C114B27
S21401FD081A64D5F8901001F09BFA304621F08EF867
S21401FD180020A6E7601E012898BF1446A5E7A88F0D
S21401FD284344E31A48BFDB1908389842A6DC304634
S21401FD3894E72246AEE700BF002000BA00E100E0E3
S21401FD48000002B8002002B828530020154B10B551
S21401FD5819688A8F4B8F088F13440138073B8C69C3
S21401FD68034023F007031C4402F108034FF03A420C
S21401FD789BB28B87C2F8B0304FF480220A4BC3F887
S21401FD8814210122094BC3F88421A07800F007004A
S21401FD98042803D1064AD3681B03FCD4054B1C6010
S21401FDA810BD00BFBC530020002000BA00E100E0EF
S21401FDB8000002B82853002010B5064C216839B156
S21401FDC8CB0703D4044B1868FFF72EFF00232360E4
S21401FDD810BD00BF28530020BC5300204FF48032CA
S21401FDE80C4B0D49C3F818214FF03A43C1F81421BA
S21401FDF8D3F8AC10D3F88C20012302F007020632A0
S21401FE089340C1F30C01083B994201D8FFF776BD30
S21401FE18704700BF002000BA001000BA2DE9F0476D
S21401FE2880460C4616468769058F21F004F8B8F80F
S21401FE383A2005F1FF3C02EA0C0323F00701032CE4
S21401FE4882463944B8F83C0019D14A4C24689CB912
S21401FE580244073A02EA0C0222F00702BC183B44A5
S21401FE68E31A48BF5B19834210DB504620F0DEFFD9
S21401FE7800242046BDE8F08724F00104EFE7012CB2
S21401FE8802D0022CEBD108380C46E8E7002E3FD00A
S21401FE988C4241D14FF03A42D2F858904FF03A414D
S21401FEA8D1F8AC20B8F81270C2F30C02934247DAC4
S21401FEB82588B5F5804FD8D2A378C5F30C0503F08D
S21401FEC807037A1EA5EB09053A43052B337005EAA5
S21401FED802052DD82DB2E84340F241420421C00F55
S21401FEE803F058FC7580E3783374D8F81C207B1E21
S21401FEF803EA0903D118B160A9B213FA85F5AF422E
S21401FF082FBF0023FF1AB780F26024BFB180F360C9
S21401FF18504620F08BFFACE7A4F10802974284BF55
S21401FF28ED0802EBC502B2F80090C9F30C09B5E773
S21401FF38114B5B6D003B18BF0123A5EBC305C9E751
S21401FF484B6D7A1EA3EB09033A431A400B4915B2C7
S21401FF58002DCB680BDCC3F30363D81E4342434131
S21401FF68DB0033708B6C72801B0A3374BDE7082381
S21401FF78F7E700BF28530020004000B8000002B889
S21401FF88054BA822D3F84C013121431C0CBF012094
S21401FF98C0F3807003F0FEBB0080E00F38B5134D48
S21401FFA80446297819B920221148FDF7FBF861881B
S21401FFB8104A23785180002113700F4A022BC2F889
S21401FFC8CC104FF0FF010D4A0D4B11704FF0070191
S21401FFD80C4A4FF00000C2F8FC130CBF04220122A1
S21401FFE8C3F8FC2301232B7038BD00BFF362002041
S21401FFF8E03F00B0A66C0020004001B8256D002047
S214020008001002B8002002B8034B1A6802609B88E8
S21402001883800020704700BFA66C002010B50446F7
S21402002800F03AFF064BD3F8F83724B983F40033C6
S214020038C3F3404010BDA31E58425841FAE700BF1A
S214020048000002B84FF63F720A4BD3F8FC379342C9
S21402005806D0094AC3F301131370E022074B1A703D
S21402006841F66A02064B1B68B3FBF2F3054A1360B5
S214020078704700BF000002B8266D0020276D0020DA
S214020088485300202C53002020B1022804D1034BE9
S21402009818787047024BFBE700207047266D002051
S2140200A8276D00202DE9F74FD0F8A4204C21022A0C
S2140200B838BF0222064690F824B16B48013A036A12
S2140200C8D0F8CC506948C3F38213D9400368DFF8E6
S2140200D8C0A19342DFF8BC91654BDFF8BC8101F002
S2140200E8010116D11C788C4213D19AF800405C455F
S2140200F80FD1D6F8A84064B1AC420AD196F8295076
S21402010899F80040A54204D1B8F8040003B0BDE847
S214020118F08F98F80040026020461970FFF7B4FF87
S214020128002900F0888004234FF07F4000255149BB
S214020138C1F8B830504BC3F8B80096F829301B06F9
S214020148C1F8B8304FF080514A4B2C04C3F8B410AB
S21402015840F27121494B1B68B3FBF1F31921534353
S214020168182BB3FBF1F173D8002C7BD0B4FA84F2C7
S214020178C2F12002C2F10F03012B38BF0123D4407B
S214020188A14201D2013B64086A1C03F01F01520017
S2140201988A403B4F121B9208C7F8B0201A0242EA5E
S2140201A803121343019305EB052305EB0325354B91
S2140201B840F6970218682B21003818BF012003F072
S2140201C8E9FAFA222F4B02FB04F01B6840F6FF728C
S2140201D8B0FBF3F00A2358432B4B00F57A74C3F8A6
S2140201E8C420019AA3F58053C3F8C420A3F580530C
S2140201F8C3F8CC50D3F8CC3000F58C50C7F8FC3096
S214020208C6F8A850214D14302C6001F0ABFC4FF410
S2140202187A72C7F8A400C7F8F8002B68B4FBF2F0A5
S214020228B3FBF2F3A8F8043096F829308AF800B03F
S21402023889F800306AE7002C14BF1025202596F8A6
S2140202482930834294BFED182D1805F0FF0579E78B
S214020258B1FA81F234B1B4FA84F3D21A002A89DCEC
S2140202680F238DE70F238FE7004001B8CC690020E3
S214020278F4620020001002B8002002B8485300209A
S214020288003F00B02C530020006001B83053002015
S214020298246D0020236D0020A66C002010B5114B9B
S2140202A801461B78104C0C2B02D1FF20207010BD83
S2140202B818461BF0B1FF02461846FFF7E5FE8842CD
S2140202C828BF0846C0B2904238BF10462378C0B24C
S2140202D88342ECD0054B20701868FFF7E3FE2078BF
S2140202E8E5E700BFA66C0020256D0020BC53002061
S2140202F810B5044603F066F878B1154B1B786BB94F
S21402030864B1144B1B784BB1134B1B78013B012B82
S21402031804D84FF40042114BDA6410BD104BDB6C64
S2140203281B04FAD420F087FD044602F021F94FF4A4
S21402033800420C4B2046BDE81040DA6402220A4B03
S214020348C3F87C240422054B1A6420F06FBD00BF54
S214020358F5620020F662002034530020002002B81E
S214020368000002B8001002B800D003500122024B67
S21402037800201A70FFF7BCBFF56200200022024B6D
S21402038801201A70FFF7B4BFF56200204FF48022EE
S214020398014B9A64704700BF005000B8F7B506468E
S2140203A8544C00F079FD01213A20EBF757FC524BEA
S2140203B82578524F1E7085BB2846FFF799FF23788B
S2140203C8013B012B19D8E37B01A88DF80430237C66
S2140203D88DF80530E9F748FCC7F87C544FF6FF72EB
S2140203E8474BC3F88420F822A3F58053C3F8842029
S2140203F80022424BC3F87C240DE04FF6FF72404BB6
S214020408C7F87C54C3F88420F822A3F58053C3F8AF
S2140204188420C7F87C543B4B5BE00020FFF768FF5C
S2140204282378013B012B08D8E37B01A88DF804301A
S214020438237C8DF80530E9F717FC0023C7F87C34CF
S214020448002ECBD062685AB32F4B1B6803EB5203BD
S214020458B3FBF2F3013B1B0243F0F8032678284964
S214020468022E2A4A1ED0032E4FF6FF75234826D0A0
S214020478012E38D143F00203C1F88450C2F8843002
S2140204880723C0F87C34E37B01A88DF80430237C6C
S2140204988DF80530E9F7BCFB0120FFF729FF17E0C6
S2140204A8F823DBE74FF6FF7043F00103C1F8840038
S2140204B8C2F884300622114BC3F87C24E3E743F0E3
S2140204C80503C1F88450C2F884300423C0F87C348B
S2140204D80F4B4FF080420020DA644FF480220B4B19
S2140204E89A6403B0F0BDC1F88450C2F88430002381
S2140204F8ECE700BF34530020F662002000C0035029
S214020508006000B8002002B848530020005000B827
S214020518001002B8F0B52B4F06463D4604460FCEED
S2140205280FC5336885B02B6000F0B6FC01213A206F
S214020538EBF794FB0022244BC3F87C24A17A627A58
S21402054842EA0142C3F88824217CE27B42EA01425D
S214020558C3F88424217B627B41EA0240C3F8800404
S2140205683B78032B2AD8DFE803F022020C178DF813
S214020578041004218DF805200DEB01000022E9F78E
S21402058813FBE37B00228DF80830237C042102A8A3
S2140205988DF80930E9F708FB637A01228DF80C30EA
S2140205A8A37A042103A88DF80D30E9F7FDFA074B64
S2140205B8187805B0BDE8F040FFF7F0BE212005B078
S2140205C8F0BD00BF3453002000C00350F66200207E
S2140205D8034BDB6C002BBCBF024BC3F8880070478A
S2140205E8000002B8004000B82DE9F04700F0AEFC63
S2140205F84FF47A762D4BB0FBF6F618604FF4FA7382
S214020608734307462A48190E1B021818294A4FF040
S214020618000341F10001FCF759FA274BA0F5807256
S21402062805461A6320B948222B2103F0B3F80125A0
S2140206384FF47A724FF0000A6A4353465008310262
S214020648FCF744FA1C4B1D4AB7F57A7F9A601C4B96
S2140206584FEA056819601B4B8946044618604FEA3C
S214020668152505D29B222B21504603F093F8012626
S2140206784FF47A73A8FB030103FB05117308C0182D
S21402068841F1000100233246FCF720FA0E4B0234F1
S21402069819600E4B49F10009A408186044EA8974E7
S2140206A8054B013C9C63BDE8F08700BF4853002019
S2140206B820A1070040420F0000C001B80211010045
S2140206C85853002054530020505300204C53002007
S2140206D81022044BC3F884215A600122024BDA60C6
S2140206E8704700BF00E100E000C001B81022064BC8
S2140206F8C3F88421C3F88420BFF34F8FBFF36F8FEC
S2140207080422024BDA60704700E100E000C001B83C
S21402071810B50446A242A2EB0000A3EB010104D2E4
S214020728034B01399B6B0133184401F0030110BDDA
S21402073800C001B838B501250A4B02019D504FF496
S21402074880730446084A8340536620F074FB074ABF
S214020758A540137823EA05031370BDE8384020F055
S21402076865BB00BF00E101B800E001B8FF620020E7
S2140207782DE9F84F164605468A461F4620F05BFBCB
S214020788022E00F09180804620F062FB5A4B5B4AAC
S214020798D3F8209092F891405A6EE4B2520744BFBA
S2140207A8D3F82090013404F0030420F04CFB4846AA
S2140207B8214600F02FFA8446DAF80000012E04BF1C
S2140207C801306044ACEB000C08BFCAF80000BCF16C
S2140207D8804F7DD300F030FA8145A1EB040188BF33
S2140207E8454BDFF838C188BF01F1FF3101F003013C
S2140207F888BF9B6BA0EB090E0CF80510A1B1F90790
S21402080842BF41F61F723E4B5A67BA0742BF3C4B7D
S2140208183C4A5A677B0742BF0022374B9A673C0717
S21402082842BF0022344B9A6511244FF0010A324B1C
S21402083805F11002120103EB051BCBF80C01324935
S2140208489C501A6A0AFA05F4586E0B78A2EB09024B
S214020858E4B2234372450B7025D34FF48073AB4042
S214020868034220D11CF80520002A40D10EB3274A9D
S214020878F807536607D541F61F7140F20110204B60
S214020888596750675967B90706D51D4B1D4A1F4950
S2140208981F485A6748675A677A0742BF01221D4BA4
S2140208A81A613B071AD4404620F0C0FA0120BDE878
S2140208B8F88F194A2D0142F805A042F89C3C20F010
S2140208C8BAFA11490B7823EA04030B7020F0AEFA41
S2140208D8404620F0ABFA0020BDE8F88F2120FFF74B
S2140208E877FE4FF48032044B4046DA60DCE7074A6C
S2140208F840465366D8E700BF00C001B8003E00B0C5
S21402090800E001B800001F1FFF62002000D001B8F7
S21402091800000101000002B800E101B8F7620020F9
S214020928024B1878003818BF01207047FF62002073
S214020938034B10300001185800F00100704700BF42
S21402094800C001B870B50646FEF704FE044608B1B4
S214020958FFF7CCFE00230A4D3046AB61EB612B62F3
S21402096800F06AF9074BC9B283F8911028622CB1D5
S214020978FFF7AEFE4FF08062034B1A64002070BD8C
S21402098800C001B8003E00B0002002B82DE9F041D0
S2140209989DF818800D46B8F1000F08BF0022214EB8
S2140209A8B5F5803FB168074621F4700141F4A0010D
S2140209B8B1609DF820409DF81C104FEA042444EAD2
S2140209C8016444EA031444EA084444EA02044FF081
S2140209D8180140F2E9222CBF00200120746502F0BB
S2140209E8D9FE3564B8F1000F1AD00F4BBC68D3F89D
S2140209F888306D2C38BF6D245B0606D500F082FB66
S214020A0818B10A4BB3FBF0F31C44204600F014F965
S214020A180130854238BF0022024B34BF5A645864FC
S214020A28BDE8F08100C001B800C000B800093D006A
S214020A3838B51A4B5D6C35BB10242020FFF7C8FD6D
S214020A48174B9C6002F04EFB2022164BC3F88421FB
S214020A5801F0D2FC48B12A4600200821FEF7D4F954
S214020A68114B5C66A3F580531C67104AD36803F0E3
S214020A787063B3F1807FF9D9084B0D4A5A6741F281
S214020A8801429A6738BD01F0B7FC0028F4D0094B3A
S214020A98054A5366A2F580521367EDE700C001B80F
S214020AA8001002B800E100E000E001B8000002B859
S214020AB8011B01181000002008B52120FFF788FD49
S214020AC84FF48032014BDA6008BD00BF00C001B89F
S214020AD8F8B5184D04466B6A1B0426D500F086FB4B
S214020AE86B6AA0FB044613F0787F4FEA9367C3F35A
S214020AF84450C3F3044505D140F25A422B2102F072
S214020B0849FE0120AD01B5FBF0F010EB871005D1C8
S214020B1840F25F422B2102F03DFE012002460023EE
S214020B2820463146FBF7D2FFF8BD00F0EBFAA0FBF1
S214020B380401F9E700C000B80246012030B50B4CA4
S214020B48A0F12003C0F1200524FA05F504FA03F300
S214020B582B4304FA00F595428B4100D330BD0F288B
S214020B6801D00130ECE7FF20F8E700BF40420F0053
S214020B7810B50C46FFF7ACFFC30943EA4163C01A37
S214020B8861EBD111FFF7D8FFFF2814D00F220C4BC8
S214020B9840F01000C3F88820A3F58053C3F88800F5
S214020BA8A3F580535B6ADBB2802B06D02046BDE8ED
S214020BB8104000F007BB212010BD0220FCE700BF52
S214020BC800E000B838B520F043F9084B084A1D6A19
S214020BD892F891405A6EE4B2520744BF1D6A013435
S214020BE820F031F9284604F0030138BD00C001B8E8
S214020BF8003E00B00346064A103302EB00111B0102
S214020C08D1F80C01D158C1F340011BF023BB00BF39
S214020C1800C001B8064B1B68434303EB8171054BC2
S214020C281B68A3FB003013F1004341EB000070473A
S214020C38505300204C5300200C4A20F040430146F3
S214020C4810B5002014684FF00042E4FB0320084A5F
S214020C58890F126802FB0300064B9B6B984204D965
S214020C6801330131C01A01F0030110BD54530020AC
S214020C785853002000C001B8044B01F0F071103040
S214020C8841F0030100011950704700BF00C001B8C7
S214020C9808B52220FFF79CFC4FF48022014BDA604D
S214020CA808BD00BF00C001B870B51646054600B3B9
S214020CB8F9B1F2B14268104B006803321B68920819
S214020CC800F130409847044688B9EA68A8680332B3
S214020CD83146920800F130401BF0D5FA044630B986
S214020CE8D5E90402214600F13040FCF75BFA2046BB
S214020CF870BD2124FBE700BFD469002070B50C68DC
S214020D08651C15D0C4F302669E42C4F3074530D16B
S214020D18A4B294422DD804EB8506B24229D2141BFB
S214020D28A50824F003040E59340F04D0012C08D069
S214020D380022212402E06B1C51F82320C0E900247B
S214020D4870BD0E4C34F8133042EA03431A686B1C23
S214020D5851F8234001EB83014B6822405E4036F08F
S214020D68704404D11B0F032B04BF8B681A4300245C
S214020D78E4E7013501EB8501C1E700BFD4D60400DC
S214020D8807B501A8EBF766FF9DF80530022B02BFF0
S214020D9840220B4BC3F8FC23C8220A4B5A650A4B5F
S214020DA80A4AD3F86032DBB2FF2B08BF03239B0044
S214020DB843F47F53C2F8F83303B05DF804FB00BF70
S214020DC8001002B8008001B80080E00F000002B8E8
S214020DD8836810B4074C03F1304324681B689C42AE
S214020DE803D15DF8044BFFF75FBF00205DF8044BA4
S214020DF8704700BFE86900200022012108B51E4B93
S214020E081A645A649A641D4A516102219162DA6828
S214020E18C2F303620D2A01D0002AF8D1112218491A
S214020E289A631848184AFFF73FFF00F0E9FF174A87
S214020E3893685BB9164A93689BB94FF080620F4B6A
S214020E485A61012203F580535A6108BD1149D268D6
S214020E58096803F13043032AECD943F8041B043A21
S214020E68F9E70C49D268096803F13043032AE4D942
S214020E7843F8041B043AF9E7000002B8001002B867
S214020E8840DC040028D7040044D7040010D7040026
S214020E98F8D60400E8690020012341F6FF710D4ADE
S214020EA8C2F8803291660C4A53600C4A53600C4A68
S214020EB85360A2F580425360A2F54042536002F5A1
S214020EC8C032536002F580425360A2F50042536076
S214020ED8704700BF0090005000D000B8001000BA5B
S214020EE8005001B838B50324FFF7D6FF114A124B53
S214020EF8124DDA64FFF744FF114BC3F8E0400123B2
S214020F08EB6400F0DBFD4FF460736B614FF4007323
S214020F18EB641BF028F90021FEF7D0FC8022094B6F
S214020F281C64A3F580535C64074BC3F884215A609B
S214020F3838BD00BF0048F000000002B8001002B832
S214020F48005001B800A002B800E100E008B51EF0A3
S214020F580BF8044B1B6FC3F300430133B0FBF3F0EB
S214020F6808BD00BF0080005070B5044698B1B1B104
S214020F783A4A52F8043B834213D10023384A116C8A
S214020F88C907FCD4374800EB83001BF085F9364BBB
S214020F98106001221A6470BD01330C2B02D1334D46
S214020FA82CE0012352F8041BA142F5D1304A32F84C
S214020FB81330E3E7C2F3016335F81300110C93B25A
S214020FC811F0FE0F43EA0043606820D00434CAB228
S214020FD8022A216808D9D4E90160033AC3E900164F
S214020FE898600C340C33F3E704D16268C3E9001244
S214020FF8083403E0012A01D1043419602268531C1C
S214021008D8D10022164B1A6003F58053C1E7120F97
S214021018072AEDD8DFE802F00704090D1013181D99
S214021028C04303F500531860E2E71A6842401A60A4
S214021038DEE703F58053F6E71BF001F9D8E701224D
S21402104803F580538240F2E7012203F500538240FB
S214021058EDE71A6830EA0202FBD1C9E75C530020C2
S21402106800C002B8404000B000D002B8D4D604008F
S214021078965B00200122014BDA647047001002B822
S2140210880122014BDA647047002002B84022014B65
S214021098DA647047002002B84022014BDA647047CF
S2140210A8001002B80B4B1B68D3F8E43023B11A6859
S2140210B8022A01D9186A7047074B9A6D90B238B15E
S2140210C8064BC2F307421B68DB085343B3FBF0F038
S2140210D8704700BFBC530020004001B848530020A8
S2140210E8064BDB68C3F30363984206D1044A936E41
S2140210F823F0F00343EA011191667047000002B834
S214021108003F00B0054B1B68D3F8E43013B11A68E9
S2140211180A2A01D8FFF7C6BF186C7047BC530020CE
S2140211282DE9F74306461BF083F800248046DFF8CD
S21402113890901FF080FE0DF1070105460DF106009E
S214021148FEF79CFA9DF806308BB9721C29D01BF064
S2140211586FF8A0EB080428461FF068FE9DF80630D4
S21402116813B99DF807303BB3A642E2D824E0D9F873
S2140211780C3013F4603FE8D0D9F818001BF0DFF8FB
S214021188731C074603D01BF053F8A0EB0804284646
S2140211981FF04CFE17F5007FE0D0384603B0BDE8D6
S2140211A8F08328461FF042FE9DF80630002BC0D179
S2140211B89DF80730002BBCD1004FEEE700FEFFFF7C
S2140211C800C000B810F1800F04D04D28CEBF7F2093
S2140211D8323040B2FF22044BC0B25A62A3F58053A3
S2140211E858620020704700BF00E000B80B4A10B5EE
S2140211F8136E0B4C116E03F00703E35CC1F3CD01CB
S21402120801FB0333126E0748C2F3454202FB03335F
S21402121800688001B0FBF3F010BD00BF004001B8C3
S214021228CCD6040048530020044BD3F8AC3010B197
S214021238C3F30332027003F00F007047000002B8CF
S214021248094B01F080011B6C03F480030B4309D1A0
S2140212584FF40012054B1A62837F1BB10122044B1E
S214021268C3F80021704700BF000002B8006001B84A
S214021278005001B82DE9F04F404F804685B03868D7
S2140212880C461AF0F2FC20B90024204605B0BDE848
S214021298F08F224600214046FBF784FF384B5D69F3
S2140212A815F00105F0D102F019F906460028EBD030
S2140212B83F6838461BF05AF94FF6FF73984234D007
S2140212C84FF060512F4E304B304AD3F82090D6F864
S2140212D88C3011624FF00061A2F58052116224220E
S2140212E80421C6F88C202A4A4FF4804B91604FF4AA
S2140212F880520027DFF8A4A0CAF868B0F262A742B4
S2140213081ED30421234A9160A2F5F032C2F88C302B
S2140213184FF060521D4B1A6209EA02031E4A136214
S2140213284FF480421D4B9A66AFE7314638461BF0AB
S214021338C1F80146384602F0FFF90028C0D0A3E7F4
S214021348B26E5104FCD5B268D205F9D5CAF868B0AF
S214021358D6F890200135012D0392D0D9E21B042A33
S214021368A8BF042208EB070003A901930092FCF722
S214021378A9F8009A019B3A4497B2C0E7BC530020EA
S214021388000002B8004000B8004001B8006001B88A
S214021398001002B8002002B8005001B8006000B879
S2140213A84FF604014FF60502044B01201B6C9BB254
S2140213B88B4208BF1346024A136670470080E00F46
S2140213C800C001B82DE9F74F81460F464FF0FF35AA
S2140213D8FFF7F8FB002601908A462C463046DFF8CF
S2140213E8D8B006F110031B015BF8033003F00308BC
S2140213F8B8F1010F15D13046FFF7FCFB02460B4643
S21402140801985146FFF784F9DBF8643006F10802C2
S214021418D340DB0739D5002F40D000252C463E6046
S21402142840460136082EDCD160B3234A0027D2F89C
S21402143808C0916B0CF440330131A4FB01416419D6
S21402144841F10001B3F5003F30D1536B0CF4405C18
S214021458013347F10006BCF5805F22D1156B15F5FE
S214021468807505FB06F647F1000203FB0266A5FB3C
S21402147803323244594304FB0212A3FB04341444D5
S214021488C9E9003403B0BDE8F08FA84271EB040343
S214021498C6D207B13E6005460C46C1E73D463C4605
S2140214A8BEE7320242EA13621B02E3E7136B13F546
S2140214B8807347F10002DDE700C001B808B51AF0EC
S2140214C852FF0122054B93F88D3002335B00DBB2E4
S2140214D802FA03F3024A536108BD00BF003E00B099
S2140214E8002000B82DE9F34105460F466846114626
S2140214F8FFF768FF0646B0B1AFB1DDE900321B0A56
S21402150843EA0263A5FB0384094B120A05FB02445D
S2140215181A6812B9FFF71AFD02460023404621460A
S214021528FBF7D4FA3860304602B0BDE8F08100BF57
S214021538485300204FF00052014B1A60704700BF14
S21402154800E100E04FF00052034BC3F88020BFF3DF
S2140215584F8FBFF36F8F704700E100E0F8B50B4678
S214021568002213F8044B944225D91D68854224D1DB
S21402157806245A791D79124B88181E6804FB05033F
S214021588104F33F8063C7B43B3420ED900238A5ADF
S2140215987A43964202D804FB0300F8BD9D42FAD964
S2140215A8013304FB03F2825AF2E740F244423D2139
S2140215B8002002F0EFF80020EFE708330132D2E706
S2140215C88C53002040420F0000202DE9F84FA2FB62
S2140215D8018BC74EC74F18EB060699466BF10003F8
S2140215E8B74270EB030307D240F23E220E2102F006
S2140215F8D1F80220BDE8F88FD9F814A00C46154693
S214021608BAF1000F04D0DAF80030032B00F21B817F
S214021618B94BBA4A9F6BA3F58043D3F8EC30C7F3AD
S21402162814075E00B64B48BF47F400171B6ED2F885
S214021638FCA058074EBF4FF440039B0503F0E07327
S2140216481F43B04BD3F8E430990748BF47F080777A
S21402165847EA45671DF0BCFC012D0646C9D100289D
S214021668C7D0A94B984200F0FD8003F5122303F574
S214021678F863984200F05A81A44B984200F0A7817A
S214021688002502462B4600204FF00071FBF71EFA93
S2140216982B46013008FB03F3C7F3130100FB0B3399
S2140216A8A1FB0662A8FB008001FB05220344203347
S2140216B89B09C9F80030F60C954B46EA4236FA0200
S2140216C81C6058BF7642934B934D34441E602C6080
S2140216D8BAF1000F00F00881FB014FF000038F49B2
S2140216E8C7F381528A5C194648BF6408002EB8BF01
S2140216F8764292066008C2FB06012246FBF7E6F926
S214021708DAF800100E2908D97D4B7B4A926BDE69FF
S214021718D3F80C31F60600F12881C0F3130017F44B
S2140217280017C9F8040014BFC42040F207107C4A08
S214021738DAF81860A2FB04C24FEA521200FB02F261
S2140217484FF4FA73B2FBF6F218BF002702FB03F354
S214021758A4FB00C0FA33A3FB063604FB0700634566
S214021768864138BF0132D2B242F4006CC9F808C0CA
S214021778002A00F0BB80DAF81C70A2FB070624B128
S214021788B4FA84F30E2B40F3D880E303002E40F01D
S214021798D180B3FBF0F6700000FB0220A0FB0783A3
S2140217A84FEA044EC6454FEA144474EB030309D3C2
S2140217B852001044A7FB0083C64574EB030306F1E8
S2140217C80106F6D2C6F30E034CEA033C4CF000635D
S2140217D80629C9F8083049D9DAF83030002B45D03E
S2140217E80023C9F80C30C9F810301DF0F1FBDAF8FE
S2140217F83010FFF7B3FE044618B18378002B40F08A
S214021808CC801DF0ABFBDAF83010FFF7A7FE0446D3
S214021818002869D08378002B66D040794FF4AE62F0
S214021828003818BF01203D2101F0B4FF207940F2AC
S214021838715200384FF03D0118BF012001F0AAFF8F
S214021848237962794BE0042BDAF828707FF402AF2A
S214021858FB014CBF4FF4400307F0E07327F0E07734
S2140218681F43F7E600232F481D4613E71DF0B0FB7B
S2140218782C68002C00F0AF80B4FA84F3D3F102038C
S21402188858BFDC40284B9C4288BF6408002875D0A5
S214021898B4FBF0F3642100FB134201FB02F2904210
S2140218A803F1FF3200F2A6805D085308013D1B02D1
S2140218B843EA0515C9F80C501DF056FB002800F03F
S2140218C89080B4FBF0F2642100FB124401FB04F49E
S2140218D8A04200F28D80531E52085B08013A1B0292
S2140218E843EA0213C9F81030002083E6212081E675
S2140218F8006CCA88807C814A008001B8004F00B01C
S214021908004001B8000002B800F04902005A62021C
S21402191894530020905300208C530020E0D60400F5
S214021928D34D62100A3BB2DF3FBE4025002335483E
S2140219381D46AFE61046002630E7C3F10F0E03F148
S214021948110806FA08F820FA0EF040EA0800AEF186
S214021958200826FA08F840EA080026FA0EFE0130A1
S21402196804FA03F34EF1000610E702F4801203F4B9
S21402197800131A4308BFC0F58010CEE6631EA51EE4
S2140219885B086D08013B2D0245EA031540F2C24288
S2140219982B21002001F0FEFE8CE7407940F25552DA
S2140219A8003818BF01203D2101F0F4FE207940F2EC
S2140219B85652003818BF01203D2101F0EBFE23796C
S2140219C862791B0243EA0213C9F80C3019E70023AE
S2140219D80D481D465EE66FF01F0500287FF46AAFC5
S2140219E8D4E740F2E5422B2101F0D4FE621E72E7EC
S2140219F81446FBE79D1E6D085308013B2D0245EA77
S214021A08031557E7313641DCD694BFD610B50446DF
S214021A1886B059B9214B4168D3F8FC30827A2048FF
S214021A28059300686B46FFF7CFFD69461D4B0A68AB
S214021A385A631A4BD3F8FC3033B34B6843B11A4B8C
S214021A481A4AC3F80C214A68A3F58053C3F80C2136
S214021A588B6843B1144B164AC3F8EC208A68A3F580
S214021A688053C3F8EC20134AC868D2F8743123F4BA
S214021A78EE630343C2F87431D2F86C31096923F471
S214021A88EE630B43C2F86C31002022890A4B9A6235
S214021A9803F5A033186406B010BD00BF004F00B0AF
S214021AA8BC530020008001B8006001B8FFFF0F0099
S214021AB8FFF8FF0F000002B8004000B8064B9A6E07
S214021AC8920607D55B6E002B4FF48043B4BF034AD9
S214021AD8034AD3640020704700800050002002B8F2
S214021AE8001002B8064B1A6C9207FCD4022240EA8F
S214021AF801205860034B1A640122034B1A70704780
S214021B0800C002B800D002B80063002040B10368E3
S214021B18012B05D90069034B002808BF18467047F1
S214021B2800487047E8D6040010B590B10468012C46
S214021B380FD902696AB11168094B102C19605168ED
S214021B485960916888BFD268996094BFD960DA6094
S214021B5810BD102200210248FBF724FBF8E700BF5D
S214021B689C530020084BC1171A68A2FB000302FB0D
S214021B78013310F1807043F10003400E40EAC310AF
S214021B88803820EAE0707047AC5300200722194BD1
S214021B9870B5DA63184B194A1D68194BEC08E0054C
S214021BA8C0184FEA153141F100010023FAF78EFFFB
S214021BB8144B154E18601548FFF7D4FF4042C6F876
S214021BC8DC0049F65800FFF7CDFFC6F8A800104813
S214021BD8FFF732F8024660B1E301500818184FEAD8
S214021BE815714FF0000341F10001FAF76FFFC6F8CE
S214021BF8B40070BD000002B84853002065CD1D0031
S214021C08B2E60E00AC530020003F00B0701101008F
S214021C1840420F0010B5044698B10B4BD3F8FC00AF
S214021C28FFF782FF4FF47A7303FB04F0074BA0F525
S214021C387A60DA689B681044C01ABDE81040FFF75D
S214021C4891BF49F64040F8E7004F00B09C53002089
S214021C582DE9F8430546084614461E46FFF764FF74
S214021C6805B306F0020716F004061DD1D7B14FF4E5
S214021C787A706B685843002B40F08C80FFF772FF2F
S214021C8820636B69002B00F08C804A4AD0684FF4B8
S214021C987A7202FB0300A0F5FA50FFF763FFE062D0
S214021CA8002E58D1BDE8F8832869002869D04FF479
S214021CB87A7358433F4BA0F57A609B68C01AFFF7C1
S214021CC851FFA062A88B00285ED04FF47A7358435F
S214021CD8384BA0F57A609B68C01AFFF743FFE061AD
S214021CE8354BE968D3F80080002950D04FF47A7350
S214021CF85943304BA1F57A619A685B68891AC91A02
S214021D082E4BC8171A68DFF8BC90A2FB011302FB19
S214021D18003311F1807143F10003490E41EAC31101
S214021D288039274B2162D3F8C4306362D9F8003071
S214021D3853B140461AF0BDF930B12246D9F8003000
S214021D481C49D8F8D80098470021A869FFF762FF0F
S214021D586063002F8BD1A86830BB47F23050FFF77C
S214021D6801FF60614FF47A702B6858432BB1114B10
S214021D781B6803F51C5310331844FFF7F3FEA061E3
S214021D8890E749F640409AE749F64040A5E749F603
S214021D984041B5E7074B1B6803F51C53103318443C
S214021DA86CE747F2305078E74FF47A735843A0F559
S214021DB8FA50D4E79C530020BC530020AC530020B2
S214021DC8003F00B09853002038B5054608461C4622
S214021DD81AF051FA0246D5F8E400FFF797FE436870
S214021DE8A018002B044AA8BF4FF4FA721A44034BF1
S214021DF892FBF3F2104438BD0CFEFFFF18FCFFFFFF
S214021E0870B588B06D46124C0FCC0FC594E80F001B
S214021E1885E80F00D82200210E48FBF7C3F9AC224A
S214021E2800210D48FBF7BEF9202200210B48FBF7DC
S214021E38B9F91AF048FC0A4B1B783BB16D46044EBA
S214021E480FCD0FC695E80F0084E80F0008B070BDE6
S214021E58E03F00B07C3E00B0543F00B0E04F00B018
S214021E68F362002008B51EF0E6FF0E4B1A78A2B9F8
S214021E780D4A126812F4843F0FD10C4A1021D1641D
S214021E881B7863B9084B1B68DB0508D4074B20226E
S214021E98DA64BDE808401EF0C9BF054AEEE7044BFF
S214021EA8F5E700BF06630020A8140020002002B849
S214021EB8001002B80A4B197801F0FF0229B1002176
S214021EC8197008499202C1F80421597801F0FF02F4
S214021ED829B1002159709302024AC2F808317047A4
S214021EE801630020005000B8064BD3F8F00E064BEC
S214021EF85B6C1A0103D4054B9B6E1B0401D500F5D7
S214021F0880707047003000B0000002B8004000B889
S214021F1810B51EF090FF0E2104460320FFF7E0F8E6
S214021F2840F20122034B2046BDE81040DA621EF05A
S214021F387DBF00BF004000B838B51EF07CFF4FF0EA
S214021F480043244C0546C4F88030BFF34F8FBFF3D6
S214021F586F8F0123C4F88430BFF34F8FBFF36F8FA0
S214021F680223C4F88430BFF34F8FBFF36F8F042366
S214021F78C4F88430BFF34F8FBFF36F8F0823C4F8BB
S214021F888430BFF34F8FBFF36F8FFFF7DBFA102350
S214021F98C4F88430BFF34F8FBFF36F8F2023C4F883
S214021FA88430BFF34F8FBFF36F8F4023C4F884305B
S214021FB8BFF34F8FBFF36F8F4FF48063C4F884303C
S214021FC8BFF34F8FBFF36F8F2846BDE838401EF029
S214021FD82DBF00BF00E100E038B51EF02CFF054615
S214021FE84FF000430A4C23600123636004236360B6
S214021FF808236360FFF79EFA10236360202363605A
S214022008402363602846BDE838401EF00FBF00BF75
S21402201800E100E0012370B5074C2370074B1E68E9
S214022028074B3240D3E9005319402840FCF7ECFE30
S2140220380023237070BD00BF04630020B453002041
S214022048A81400200022044B1A70044B197811B108
S2140220581A70FFF707BF7047056300200663002063
S2140220682DE9F047DDF820A003EA0108099B064699
S2140220780D4602EA000703EA0A09BAF1000F40F021
S2140220885281031F0B4300F01281052871F10003E9
S21402209880F0E88050EA010300F07881431E0B4383
S2140220A800F02881FFF748FFB94AD2E9004323EA3D
S2140220B8050324EA06043C4343EA0807B54BC2E98B
S2140220C800471E6826EA0A0646EA09061E60FFF761
S2140220D8C9FE14F02A4F14BF48F202034FF4004315
S2140220E8AD4AB007D26EAD4848BF43F4005383EA00
S2140220F8020122EA0302C266A94A0B408166D36637
S214022108C4F380421203210348BF42F48072E306F6
S21402211848BF42F40052A34BA50648BF42F40072D9
S2140221286006D3F80C3248BF42F48062210648BFE4
S21402213842F400629C4882EA030123EA0203C0F8DA
S2140221480C329A4B0A4017F4007FC0F80812C3F8FC
S2140221580C22974B07F4007200F0048101224FF418
S214022168802583F88820E30448BF45F48035A00319
S21402217848BF45F48015A10748BF45F4001514F476
S214022188001FDFF8688206D0D8F800001AF099FA1D
S21402219808B945F40025E20248BF45F40035FB06B7
S2140221A8844B48BF45F480051A6A834985EA0203C8
S2140221B823F001031A400A621D40CB617F4B16F0DA
S2140221C8010F1D627E4B7F4A18BF1A467E4B7D075B
S2140221D81B6F48BF42F000627C4882EA030123EA8A
S2140221E8020303677A4B0A4041661A67794A04F083
S2140221F80103926CA0F5803083EA020122EA030208
S2140222088264754A0B4041649364D8F80020200221
S21402221848BF724B92F8F62058BF714B610748BF09
S21402222843F4806322B114F4C06F18BF43F480737A
S21402223832074FF03A42BDE8F047D2F8181148BFC5
S21402224843F0004383EA010222F4A02265481140C3
S214022258C0F818111340C0F81421634AC2F818319E
S214022268FFF7BABEA0F580630B4306D020F480635E
S214022278A3F500730B437FF415AF1EF0DCFD44494B
S214022288D1E9003223EA060322EA050242EA0802F4
S2140222983B43C1E90032554A126892F8F610514A91
S2140222A809B313F4C06F1ED04FF4807311E01EF00A
S2140222B8C2FD374AD2E9003123F004033B4341EA20
S2140222C8080157EA0807C2E900314FF48063454A15
S2140222D80BD0C2F81431A2F58052C2F81831BDE804
S2140222E8F0471EF0A3BD4FF48073C2F81831C2F847
S2140222F81431F4E71EF09FFD254AD2E9003123F097
S21402230801033B4341EA0801C2E900310123384A86
S21402231857EA08071BBF5364A2F580529364936476
S21402232808BF5364DBE750EA01037FF4BBAEBAF199
S214022338010F7FF4B7AE1EF07EFD164A136823F02F
S214022348010343EA090313604FF480631F4AB9F195
S214022358000F04D05366A2F580521367BFE71367CF
S2140223685366BCE793F8881071B183F88820214B2E
S214022378D3F8A41003F50053C3F8A410C3F8A010AA
S2140223884FF05023C3F8A4200025ECE6BDE8F087FA
S214022398A8140020B4530020004000B8006000B81B
S2140223A8005000B8004001B8006001B8005001B8FB
S2140223B8003F00B0000002B8002002B8001002B8C1
S2140223C8041C00030418000300C001B800E001B8AA
S2140223D800D001B800C000B800D000B80D0A0A093B
S2140223E8090A0A09002000BA001000BABC530020E5
S2140223F800E000B800400050024B5868C0F3C00026
S214022408704700BFA8140020024B186800F00100AD
S214022418704700BFA8140020024B5868C0F3C030AB
S214022428704700BFA814002010B50446FEF75AFDF0
S214022438FFF782FD2046FDF789FAFEF7DDFCFEF778
S214022448D3F8FEF745F9FFF7A1FB13490723134A0A
S214022458D1F8FC1004F1F800FFF7FAFB4FF0807190
S2140224680020FEF709FC4FF000720D4B4FF40011E6
S2140224780120C3F80021FEF7FFFBFEF791FF20B903
S21402248840F29232142101F085F919F075FFBDE881
S21402249810400120FDF782BF004F00B0A43F00B0F5
S2140224A800D001B88023074A1364082340B1136496
S2140224B8054AD2F8C83E23F02003C2F8C83E704741
S2140224C8024AF4E7001002B8003000B0002002B852
S2140224D810B51EF0B0FC012104460020FFF7E2FF0B
S2140224E8044B1961044B5B6898472046BDE81040C8
S2140224F81EF09CBC000002B8BC690020F8B5194C56
S2140225080546207840F2E442B0FA80F03E214009BF
S21402251801F040F955B9607840F2E442BDE8F84067
S214022528B0FA80F03E21400901F034B94FF4406613
S2140225380D4F0E4DD7F8043140F2E442C3F381231F
S2140225482370C5F8046160783E21B0FA80F040092D
S21402255801F020F9D7F80831C3F381236370C5F870
S2140225680861F8BD01630020004000B8006000B8AA
S214022578F8B5084C084D236C0423084F2B64236CCB
S2140225885B0300D4F8BD042602203E6419F057FE09
S2140225982E64F4E7000002B8001002B8002002B861
S2140225A8A82238B51A4B1D6C03F500531A6410227C
S2140225B89A60A3F5804302F100521A675A66FFF73B
S2140225C879FC144B1B7813B90320FEF7B3F80024E2
S2140225D8114B9C67FFF7CCFF104A114BD2F8F01E3E
S2140225E80B40C2F8F03E04220E4B1A640E4BAA06A3
S2140225F8C3F8D04008D503F580739B6FB3F5817F87
S21402260822BF8022024B1A61BDE83840FCF7B8BDEB
S214022618000002B80363002000C001B8003000B012
S214022628DF0000FF002002B8003E00B010B551B926
S21402263820B3154BDB681B0E13F00E0F1ED1134B7F
S2140226481B6CD9071AD4FFF763FC0F4C0020FEF761
S214022658EBFD032801D0092805D1A36ADA07F5D4C9
S214022668636CDB03F2D4FFF783FF0122084B5A613F
S21402267802229A62042203F580531A644FF4C06257
S214022688044BDA6210BD00BF000002B800C002B8F0
S214022698001002B8006001B808B503210920FEF749
S2140226A81FFD2022014B1A6108BD00BF000002B8B8
S2140226B80D4A10B5D2F8A030D2F8A4100B40B3F1E8
S2140226C8804F0CD34FF040400849094CC1F8A4008B
S2140226D8D467C1F8A0004FF48021064AD161034AA4
S2140226E8C2F8A03010BD00BF004000500060005085
S2140226F80000FF01001002B838B505461EF09BFB25
S2140227080E4B04461868FDF74BFA35B1FFF79AFCEC
S2140227182046BDE838401EF089BB094B1B78002BC3
S214022728F6D0084B1D78002DF2D1FFF78BFC2A460F
S2140227384FF480400021FFF76DFCE9E7BC53002008
S21402274805630020046300202DE9F84F5A4B06461D
S2140227580D4614461B6C002A40F0AB8013F0A00FFF
S21402276814BF4FF001094FF00009FCF709FDA0233A
S2140227784FF0000ADFF85C810320C8F84030FDF706
S214022788D9FF0420FDF7D6FF4C4FFFF75BFC4C4BF6
S2140227984FF0040B7B67C7F878A0FFF7E9FE494BB2
S2140227A84FF48071D3F8C82E42F02002C3F8C82E20
S2140227B8FF22C8F80820404A1161D3F8F02E424991
S2140227C81140C3F8F01EC8F840B0C3F8D0AE7B6913
S2140227D813F0060F04D0FEF75BFA5846FDF7AAFF79
S2140227E8B9F1000F08D04FF40062384B1A644FF460
S2140227F80042A3F5E0339A6666B1354BDB6C1807E0
S21402280801D4FFF785FBFFF747FF0420FDF792FF89
S214022818FFF750FB284B5A69D10748D5DA6812F0F9
S214022828706FFBD12B4B2C4A1A642C4A936E23F0FA
S214022838F003936615B12046FFF75EFF284BD3F8E0
S2140228484C315A1C01D05B0002D50122214B5A6139
S2140228586CB31F4BDA6E03F500539A6603F5D03352
S2140228681B6A1C4A23F00103D3611E4BD3F80C12D1
S21402287803F50053C3F8081203F50053D3F884107F
S21402288803F5005399674FF03A43D3F8181103F546
S2140228980053C3F81411144B996C03F5005359648A
S2140228A8124903F5803359664FF608431364BDE8A8
S2140228B8F88F4FF0000958E7000002B800C001B8C8
S2140228C800000101003000B0DF0000FF001002B86F
S2140228D8004000B8002002B810003000003F00B0E8
S2140228E80080E00F004001B800C000B85000002F7A
S2140228F89D4B2DE9F04F9F6EDB6E85B01F409B4BBC
S2140229089F664FF03A43D3F81451D3F818311D4056
S214022918974BC3F81451974BD3F80822D3F80C32C6
S21402292802EA0309944BC3F8089203F52043DA69CE
S2140229381B6A02EA0308914B08F47702DA61904BA5
S214022948D3F80422D20605D4D3F80431C3F300160A
S214022958DB0653D51EF06FFA8A4B5A695E6E1B6FFA
S21402296812F0060F06EA0306874A26F0007314BF1B
S2140229784FF0010A4FF0000A23F400637407536607
S21402298806D5824A92F891300133DBB282F891304A
S2140229981EF04CFA002F00F0E48017F4004300F013
S2140229A8D5801EF048FA0146FFF79EFA0446784B91
S2140229B8D3F800B0DBF80020DBF800309A42FBD0F0
S2140229C8DBF800209A42FBD0FFF78EFAA04217D116
S2140229D808461EF02BFA6F4B1C606F4BD3F840B0BC
S2140229E81BF4E0520ED124F07F4424F0DF040CB925
S2140229F8FFF7D6FD4FF0807B002414E0B246C9E705
S214022A080446D7E70192FFF7CBFD5C4B019A1BF40D
S214022A1880541A6440F09C801BF4806F0CBF4FF001
S214022A28805B4FF0806BB80715D55B4A5348126C2B
S214022A3802F460410164002900F08D80110400F15F
S214022A488D8012F4005F0CBF4FF000524FF0006208
S214022A5800244BEA020BC7F340377F004F4A2A404E
S214022A68002A4BD015F4206F0AD040F6A31206218E
S214022A78002000F08FFE0020FFF73EFE25F480259A
S214022A88EB0506D5FF213D4A4BF4C06B9160FFF774
S214022A983FFA15F0090F0BD040F6B81208210020AD
S214022AA800F078FEFFF7F8FD4FF03A420121516335
S214022AB815F0106F0CD040F6C1120921002000F064
S214022AC869FEFFF7E9FD002211461046FDF73CF8BD
S214022AD815F4202F0AD040F6C9120721002000F06C
S214022AE859FE0020FFF708FE25F48025E80301D5E5
S214022AF8FDF774F9002DB8BF47F0080769070ED529
S214022B084FF03A42126B12F4005F4FF4005217BFAE
S214022B18174923490A634BF4000B08BF0A636A0580
S214022B2848BF4BF0040B15F48023019300F0A480F1
S214022B38FDF70CF90138062834D8DFE810F01A0138
S214022B481D011A0120012301260126019B4653E78F
S214022B584FF0804B50E74FF0007279E74FF0004293
S214022B6876E7BB463C4679E7004000B8006000B806
S214022B78002000BA004001B8006001B8002002B880
S214022B8800E100E000C001B800E001B8003E00B075
S214022B98A0D60400B0530020000002B8090B0B8927
S214022BA8001000BA40F6FA120321002000F0F2FDE7
S214022BB84FF03A400121D0F88C20D0F8AC3002F021
S214022BC80702063201FA02F2C3F30C0CA2EB0C025D
S214022BD892B2072A12D9774A126C53020ED4764B4F
S214022BE8C26CC06E5B6D5BB102F0070206329140A2
S214022BF8C0F30C00091A89B2072901D84BF4007BE6
S214022C086E4A1278002A37D04FF03A42D2F8142188
S214022C1812F4A02F30D16A4A6A4912789AB9F20495
S214022C2811D40A787AB14FEADB02674842EA44725C
S214022C3882F00102D0F8F00E02F00102520020FAE9
S214022C4802F2930718D10420FDF774FD5F4A604824
S214022C585067FFF7F7F95B490A784AB95D4A12786E
S214022C6832B15D4A5D4912680BEA02020A4201D194
S214022C784BF4804B26F48056B9F1000F1DD019F498
S214022C88805F18BF4BF4802B19F4807F18BF4BF473
S214022C98002B19F4005F18BF4BF0100B19F4007FD5
S214022CA818BF4BF0200B19F4806F18BF4BF0400B7F
S214022CB819F4006F18BF4BF0800BB8F1000F3AD02A
S214022CC818F4802F18BF44F4007418F4803F18BF15
S214022CD84BF4805B18F4801F18BF4BF4003B18F4C3
S214022CE8001F18BF4BF0020B18F4003F18BF4BF436
S214022CF8801B18F4800F18BF44F0100418F4002F35
S214022D0819D0314AD2F8C82E12F0C00F13D029496A
S214022D18CA68C2F30362032A01D0072A05D14A6C9D
S214022D28D00602D48A6C110732D54FF400212C4AF9
S214022D3828F40028D161002E00F01881320540F1EF
S214022D488A802848DFF88490C2782749002A51D01A
S214022D584FF40063013AD2B24B66C27032B9234AC4
S214022D681278C2B140F60141214A51670022002179
S214022D786EE04BF4803B1BE74BF4006B18E74BF412
S214022D88806B15E74BF4807B12E74BF0080B0FE7D6
S214022D984BF4001BCFE7D9F8782012F4A05F15BFD2
S214022DA84FF4807240F60142C9F85820C9F87820D4
S214022DB8DCE700BF000002B8004000B80663002047
S214022DC80563002008630020003000B000C001B888
S214022DD80000010107630020A8140020088D0100E6
S214022DE8002002B8F762002000E001B80363002062
S214022DF800D001B80320FDF79DFCD9F81420A34B98
S214022E0812F0060F04BF41F61F72A149A14808BF77
S214022E184A674FF400619E4A5166D9F8142012F0A8
S214022E28060208BFC9F87820B3F88E2012F40061AB
S214022E385DD022F40062A3F88E20027802F0FF0921
S214022E48002A58D1FDF724FFFFF7AAFB4A4620219D
S214022E584BEA020B0C43B30009D52E20FDF7B8FB4C
S214022E684FF000518A4A44F0080411675166F0068A
S214022E7806D52B20FDF7ACFB1021854A1167516653
S214022E8816F0306F05D1F1045DD5BAF1000F00F0E7
S214022E98A780320111D52920FDF79AFBFFF7ACFA75
S214022EA848B17D4A7D487A494A66026700F540502D
S214022EB8C068430422D444F0040416F0007A28D0EA
S214022EC80420FDF737FC2720FDF782FBFFF768FB97
S214022ED84FF000716E4A5166714AD2F8F01E4906E2
S214022EE878D4704A0221916044F0020428E00278FD
S214022EF84FF40052ACE74FF4004238E70A67202046
S214022F084A66FDF765FB2D2044F00C04FDF760FBCE
S214022F18D3E716F0807FDFF8909146D00420FDF7BD
S214022F2809FC2820FDF754FBD9F87820002A39D165
S214022F38FFF736FB564A584944F0010411675166B2
S214022F480021594A9165320405D5584A12689047B5
S214022F584BEA000B0C43730508D555498A78002AB4
S214022F6800F08E80013A8A70002217433A46584685
S214022F782146FFF74FF8019B0BB1FCF71DFF012214
S214022F884C4B05F00435C3F814514B4B18F4002F7C
S214022F98C3F884211EBF4FF40022424BDA6105B003
S214022FA8BDE8F08FC9F878A0C4E7F004C8D50420B5
S214022FB8FDF7C0FB414AC9F87420FDF769FED9F847
S214022FC8642012F0407FBBD12A20FDF701FBFFF7F1
S214022FD8E7FA81E7D2F8C82E930685D4384A81E7FD
S214022FE833490A7952B1013AD2B20A7112B92B4A56
S214022FF83449516700224BEA020BA4E70420FDF786
S21402300899FB0320FDF796FB274A2C4951671DF0CA
S21402301812FF81460DF10F00FEF706F92A4A82468C
S21402302812780AB1FEF774FFBAF1030F0ED1DFF871
S214023038A0A00020FEF7F8F8032807D1DAF828201F
S214023048D007F6D4DAF84420D103F2D49DF80F203C
S214023058032A06D101211D4A484611701DF0E6FED4
S214023068C8E74FF03A42D2F8142112F4A02FF1D151
S214023078FEF7E8FF48461DF0D9FE4FF48042BAE74D
S2140230880220FDF757FB01226FE700BF003E00B0A3
S21402309800E001B8036300201000002000D001B849
S2140230A8003000B0002002B800C001B8D069002085
S2140230B8F7620020002000BA00E100E000000101EB
S2140230C8001002B80000010D096300200563002005
S2140230D8000002B80122024B1A62DA61704700BF8A
S2140230E8002002B8094A08B5D369116A0B40084994
S2140230F823F47F00DB07C86106D5D1684FF0FF309E
S214023108C1F3036119F042F908BD00BF000002B816
S214023118002002B80C4A08B5536C926C13400B4A4E
S2140231285364DB070FD50A4B40F663421878122120
S21402313800F0010000F02EFBBDE808400022012046
S2140231480021FEF767BF08BD00C000B800E000B85F
S214023158A814002070B5174D2C6C6B6C1C40164BCF
S21402316824F00202E1071A6405D540F6CA42002096
S214023178296800F00FFBA2071AD502220E4B1A6422
S2140231886B68DBB2A3B9FDF71DFD04460D460B4E70
S214023198D6F8F433DB060BD5FDF714FD02460B46CC
S2140231A820462946FDF7B4FA652871F10001EFD3E7
S2140231B870BD00BF008002B800A002B8000002B8C6
S2140231C838B50B4C0B4DD4F88430DB0706D4A36F06
S2140231D8D4F884201340084A936738BDD5F80431DA
S2140231E81A06F0D5FFF7B6FF8023C5F88431EAE75A
S2140231F8008001B800E100E000A001B870B51446EE
S2140232080D461DF018FE064BD3F8C86E74402C40C7
S2140232187440C3F8C84E1DF009FE06EA050070BDE4
S214023228003000B0034BD3F8C83E99430CBF0120C8
S21402323800207047003000B02DE9F04117460A43D7
S214023248012A1D469DF818409DF81C60DDF820806E
S21402325829D8B44227D2082E25D8032B23D8B8F16A
S214023268000F20D00A460021FBF7DAFEFF21EB000A
S2140232789940C943DFF834C008F1FF38FF00E2B2CC
S214023288964202D80020BDE8F0813D190CEB850570
S214023298D5F8F82018F8010F0A4098401043C5F8E8
S2140232A8F8000134EBE72120EDE700BF003E00B04E
S2140232B81E4BD3F8C83E13F001001ED01C4B93F8E1
S2140232C84C001C4A40F08073C2F8CC304FF480138E
S2140232D81949C1F8B430A1F58051C1F8B830D2F80E
S2140232E80C31DBB2FF2B1FD0984294BF002001207E
S2140232F840F61F623C2100F04DBA1A06E1D40F4A86
S21402330892F84B1121B1DB0602D592F84801D8E7AC
S2140233184FF480120020084B0649C3F8B820C1F8BB
S214023328CC00C3F8B42070470120E1E7003000B0B3
S214023338003F00B0004000B8006000B8003E00B091
S214023348034B1868034B002808BF1846704700BF8F
S214023358B85300207C0F05002DE9F843DFF860908B
S2140233680646D9F8008008461746B8F1000F03D07B
S2140233780E242046BDE8F88306B3336801331DD110
S214023388E1B100F073F805460028F1D0C9F800004C
S21402339800F092F8284619F052F8044640B1404622
S2140233A8C9F8008000F088F8284619F043F8E0E7E4
S2140233B83560002FDDD02846B847DAE72124D8E75B
S2140233C8BC530020024B1868003818BF012070470B
S2140233D8BC530020002108B5024B08465B68984794
S2140233E8002008BDBC690020431E033306D8044BE0
S2140233F8984228BF1846642838BF6420704700BF22
S21402340840420F0038B505460C4641B10B6833B149
S2140234181B68013303D0CB680BB18B684BB918F025
S214023428F1FE00204FF4C172412100F0B3F92120C9
S21402343838BD0846FCF7A4FD00230A4A85F8303151
S214023448C5E93743C2E9003363694BB1064A4221EC
S21402345810684FF4D272C31A5842584100F09AF9CB
S2140234680020E5E7E865002048530020F8B5044642
S2140234781DF0E1FC002607460E4B1B6893B19E68BA
S214023488AEB196F82420D20711D435460FCC0FC514
S2140234980FCC0FC523682B6096F8243043F001033F
S2140234A886F8243038461DF0C1FC3046F8BD1B6845
S2140234B8E4E700BFF869002010B5044618B9054BC2
S2140234C8054A136010BDFAF727FED4F8E830002B39
S2140234D8F6D1F4E725C40300F4690020014B186806
S2140234E8704700BFE865002008B502460868FFF77F
S2140234F87BFF08604868FFF777FF48608868FFF731
S21402350873FF8860C868FFF76FFF0B69C860581CAE
S21402351803D00B48834228BF03460B614B69581CED
S21402352803D00748834228BF034688694B61FFF7E2
S2140235385BFFBDE8084088611046FBF797BD00BFF1
S21402354840420F00D0F8E0302DE9F04105460C461F
S21402355813B1838D8B424CD0D5F8DC30002B4BD080
S2140235689E68002E48D0D868002845D0013800B298
S21402357800281ADB002106E0128A591CA24217D23A
S21402358809B2884211DB0B1803EBD3735B1003EB0B
S214023598C30206EB8202B2F80EC003F1FF3EA44550
S2140235A8EAD90FFA8EF08842EDDA2120BDE8F081DA
S2140235B84FF6FF7299B29142F7D09BB203EBC30360
S2140235C806EB83062846B6F9122095F82411D5F894
S2140235D8F080E9F72DFC0746B8F1000F04D0002367
S2140235E8324628461946C047AC85C5F8E06085F8D5
S2140235F82D710020BDE8F0810E20BDE8F08100BFE5
S2140236082DE9F04782B004460F461646FBF796FFAA
S21402361800285ED1454D2B68D4F8DCA0D4F8E080AB
S2140236280BB1534562D04FF00009AF60FBF7D0FFED
S2140236380128074651D12B68DAF80010D8F800207E
S21402364813B1186888425CD0204618F0E7FCC5E932
S21402365800A8D4F8F0508DF80760002D58D0002244
S214023668204611460DF10703A8472046FBF728F91E
S2140236780546B9F1000F0FD076B9D4F888300BBBDF
S214023688012F05D025B12A4B002103205B689847F5
S214023698284602B0BDE8F087B5FA85F040F2075230
S2140236A83321400900F076F831462046FBF70EFB38
S2140236B8204B05461B68414620469847D4F8883072
S2140236C8002BDDD000224FF400732046FAF734FDB3
S2140236D8D6E70023154D6B609DE700210120FAF717
S2140236E863FDFBF775FF0128FBD1A4E76B68002B87
S2140236F899D0434597D1AB689F4215D04FF0010940
S21402370893E7696811B109689142A0D059689BE7A6
S21402371894F8281094F82D313246994228BF194653
S2140237282046FBF71FF8A0E70025B1E7E86500206A
S214023738BC690020F4690020F8B50E4605461DF05F
S2140237487AFB314607462846FFF7FCFE044620B1B8
S21402375838461DF06BFB2046F8BDFBF7D1FE224625
S21402376831462846FFF74CFF044638461DF05EFBF6
S2140237782046F8BD38B5044D044C054B2860216038
S2140237881A601CF0ADFF38BDC0530020FC6900204B
S214023798C453002010B550B90548064B01600648C8
S2140237A802601868054B18601868FFF7E3FF10BD3B
S2140237B8FC690020BC530020C4530020C0530020DC
S2140237C810B51DF038FB084B04461B683BB19847FA
S2140237D828B1002200204FF48061FEF71BFC204629
S2140237E8BDE810401DF022BBC85300200023F0B5E8
S2140237F885B0CDE901330393124B134D1B78134E54
S2140238088DF804301DF024FB2A78337804469A4251
S2140238180F4F0CD03178386801AA297018F0EBFDE2
S21402382850B140F608210B481DF099FB04E03868B1
S21402383818F0C1FD0128EDD020461DF004FB05B0A6
S214023848F0BD00BFFC6C0020306D0020316D0020FA
S214023858E4530020D5AC0400F8B52B4B1B7823B1F3
S21402386840F6FC3129481DF07AFB1DF0F1FA284B88
S21402387807461C8814F0060409D001214FF480700C
S2140238881CF09AFA3846BDE8F8401DF0DCBA214624
S2140238984FF480701CF090FA204600F0ABFF022826
S2140238A808D180221B4B8021186818F040F9FFF7D0
S2140238B89DFFE7E7204600F09DFF054638B1012840
S2140238C807D040F6314111481DF049FBDAE70246B7
S2140238D8E8E7FF220F4E104B30681A70FFF77AFDA2
S2140238E8306818F068FD0128CCD02A462946306888
S2140238F818F063FD21462C201CF08AFA21460A207D
S2140239081CF086FABEE700BF0F630020D5AC0400A1
S214023918B25B0020E4530020306D002000210148ED
S2140239281DF090B8506A00207F2837B5044610D19B
S2140239384FF6FF73022217480DF10601ADF806305E
S214023948EBF798F9BDF80640E2054CBF6FF04A045B
S21402395864B21DF07DFA104B05461C700F4B1B888F
S214023968DB0710D50E4B1B78002B0E4B0CBF2146DF
S2140239786FF07F01186818F008F920B140F67861F0
S21402398809481DF0ECFA284603B0BDE830401DF0A1
S2140239985ABA00BF641002C0286D0020B25B00202D
S2140239A810630020E4530020D5AC040010B513F0D1
S2140239B855FE60B113F054FE0B4A80B141F20D0376
S2140239C8BDE8104041F20D0107481CF047BB074B03
S2140239D81A781B799A4204D100220023F0E70D23B5
S2140239E8EEE7034AF9E700BF400D0300FC6C00202F
S2140239F8488D0100F8B5164E0D46337802F00104DC
S214023A0823B140F2C53113481DF0A9FA124B134FE1
S214023A181D60134DA4B1134B997801B101212020E2
S214023A281CF0CAF92B783B700F4B1C780F4B002101
S214023A381C70042333700E48BDE8F8401DF002B827
S214023A48214620201CF0B8F92B783B70EEE700BF21
S214023A580F630020D5AC0400D45300200C6300206A
S214023A68326D0020D85300200D6300200E6300201C
S214023A78506A00202DE9F8431DF0EAF9DFF8A08124
S214023A880546B8F80030614C13F4807F03D02378DB
S214023A9873BBFFF7E1FE002108461CF0B9F95C4B40
S214023AA81A78FF2A13D01A7802F0FF0632BBFF22D2
S214023AB81A702378052B0AD10023284623701DF096
S214023AC8C2F9304618F000FE1DF0C2F90546237802
S214023AD8504E062B09D13378FF2B06D03378022BAB
S214023AE815D100214C481CF0ADFFFF2333702BE0A4
S214023AF800214FF480701CF05FF9CCE71A78012A8F
S214023B084FF0FF0214BF33264C261A70D4E73378D8
S214023B1813B13378012B22D11CF0EEF907463E4842
S214023B2896F8009001F0DCFBFF235FFA89F9337000
S214023B3877B1B9F1010F44D16421374884F800906F
S214023B481CF080FFFFF752FE28461DF07CF906E0BF
S214023B58284627701DF077F9384618F0B5FDB8F8EC
S214023B6800301B0605D5002180201CF025F916F02A
S214023B7882FF01F0F1FA294E308000B32778012F30
S214023B8842D11CF073FE054610B301301DF0C5FA8B
S214023B9800F44060B0F5006F1AD104223946284670
S214023BA81CF0A4FD28441DF0B8FA4FF6FF7398429D
S214023BB80ED10020318800F0FFFC00233380BDE8D8
S214023BC8F8830023284623701DF03DF93F20C4E7FA
S214023BD8114801F085FB002108462170012500F0F6
S214023BE89DFC23780BB9FFF737FE0020318800F0DA
S214023BF8E3FC00233380002DE1D020780028DED1B4
S214023C08BDE8F84318F0ABBE0025EAE70F630020CC
S214023C182F6D00202E6D0020506A0020B05B002019
S214023C28B25B002008B513460A461946064B1868C2
S214023C3818F038F830B1BDE8084040F2F4410348BD
S214023C481DF08DB908BD00BFE4530020D5AC0400B2
S214023C5808B513460A461946064B186818F01CF8A3
S214023C6830B1BDE8084040F2FB4103481DF077B981
S214023C7808BD00BFE4530020D5AC0400024B1878F8
S214023C88431E5842584170470F63002008B5064B3A
S214023C981B7823B140F2255104481DF060F9FFF75E
S214023CA8DBFD002008BD00BF0F630020D5AC040072
S214023CB808B5054B01EB81011868490017F067FF44
S214023CC8002818BF212008BDE453002008B5044B7D
S214023CD81868F9F7B1FE0A2390FBF3F040B208BD64
S214023CE8E4530020014B1878704700BF316D00205E
S214023CF808B5044B186818F0FEFBB0FA80F04009C5
S214023D0808BD00BFE453002038B5124D0C462B7888
S214023D18012B04D940F246510F481DF020F92146DE
S214023D280020FFF7E5FF90B10C4B1C702B785BB9AF
S214023D38FFF792FD0A4B93F900100A4BC90118685F
S214023D4818F042FC002038BDFFF750FDF2E72120AC
S214023D58F9E700BF0F630020D5AC0400316D0020E0
S214023D6811630020E453002008B5074B186818F0C2
S214023D78C0FB30B1054BB3FBF0F083B20BB118466B
S214023D8808BD0120FCE700BFE453002040420F00B4
S214023D982DE9F3475C4E01201DF0DEF833889907BB
S214023DA804D440F63F4159481DF0D9F8DFF880811F
S214023DB898F80030053B012B04D940F64141534898
S214023DC81DF0CDF8524F3B6823B940F644414F48A0
S214023DD81DF0C5F8348814F0200478D0012122207A
S214023DE81CF016F84FF47A74FFF7BEFF3B681B7890
S214023DF80933434304EBC30498F80030A5B2062BF4
S214023E080BD11CF041FC0446FFF7AEFF6023584373
S214023E180C2303FB0400284485B2D7F800903D4BD8
S214023E2899F800801C7808F1FF381FFA88F8002CE9
S214023E3852D133885A0505D409F101001DF06DF9EF
S214023E48C0F340143449354A887812784B7812FB06
S214023E5800F2334F93423B70A4BF9B1A3B703B78E9
S214023E68CA78BD60934238BF13463B7013F0FEFB18
S214023E78002833D013F0F8FB012814BF10250825B4
S214023E8825430023DFF8ACA0009380224346494628
S214023E98DAF8000017F0ADFE20B14FF43B611B487C
S214023EA81DF05DF81F4BDAF8000019781E4B1970E2
S214023EB833889B0614D52A461C4B009718F099FAA5
S214023EC8C0B9002002B0BDE8F0471DF045B821464B
S214023ED822201BF09DFF87E70024B3E72546D0E79C
S214023EE82A460F4B18F083FA014618B925201BF00C
S214023EF88FFFE6E7214626201BF08AFF40F6F431BC
S214023F0802481DF02CF8DCE7B25B0020D5AC0400B2
S214023F18D453002012630020FC6C00200C6300209F
S214023F28006A0020316D0020306D0020D853002032
S214023F380F630020E4530020184B10B51B889B071C
S214023F4804D440F6A66116481DF009F8154B1B78EE
S214023F58053B012B04D940F6A76111481CF0FFFF68
S214023F68114B1B6823B940F6A9610D481CF0F7FFF0
S214023F7800240E4B0E4921201C701BF049FF0146F7
S214023F8818B9BDE81040FFF703BF022804D120463F
S214023F98BDE810401BF0D2BF10BD00BFB25B0020C8
S214023FA8D5AC04000F630020D45300200A63002017
S214023FB859410200F8B55A4C23889A0704D54FF49B
S214023FC83E7158481CF0CBFF574801F089F91CF09F
S214023FD83FFF238805465B070DD54FF0FF3017F0E5
S214023FE84FFE524B1B68C01AB0F5717F03D90021E9
S214023FF804201BF0E1FE28464D4D1CF024FF2B78CA
S214024008042B32D11CF024FF238806465F0708D506
S214024018454800211CF016FD3046BDE8F8401CF065
S21402402812BF1CF010FF1CF013FF424B06461B780B
S214024038414F13B9238859050FD5052301210220BC
S2140240482B701BF0B9FEFFF777FF30461CF0FBFE1D
S2140240583B68DA78394B1A70F8BD386801301DF0BB
S2140240685CF88206E9D50623E8E7062B4DD1344BE1
S2140240781B78FF2BF0D1334E13F0FAFA3378002B65
S2140240883DD01CF0E5FE238805465B0705D5264885
S21402409800211CF0D7FC2846BFE71CF0D4FE337874
S2140240A8013B33701CF0D4FE0446012102201BF0AB
S2140240B883FEFFF741FF20461F4C1CF0C4FE206813
S2140240C801301DF02AF800F44060B0F5006F13D1F5
S2140240D824680121042220461CF008FB20441DF017
S2140240E81CF80146184B04201A783378D21AD2B232
S2140240F8BDE8F8401CF0DABF4FF6FF71F2E7402041
S2140241082B70BDE8F84018F0DFBA012BA4D10023C3
S2140241182B700E4B1868FFF75DF93F20F1E700BFDA
S214024128B25B0020D5AC0400506A0020D0530020B1
S2140241380F63002012630020D45300200B63002074
S2140241482E6D00200C630020326D0020E453002000
S21402415808B50A4B1A7882B9012210281A7004D0B8
S21402416840F69D6106481CF0FAFE002120201BF04E
S21402417823FEBDE80840FFF70BBE08BD0A63002011
S214024188D5AC040008B5094B1B88DB0604D440F2FC
S214024198C35107481CF0E3FE102000211BF00CFE5A
S2140241A8044B1868BDE8084018F01AB9B25B00203C
S2140241B8D5AC0400E4530020012208B5074B11468B
S2140241C8186818F0FAF800212C201BF021FEBDE82A
S2140241D8084000210A201BF01BBE00BFE453002043
S2140241E8014B4008185C70472A6D002008B5134634
S2140241F80A461946064B186817F05AFD30B1BDE84C
S214024208084040F6E94103481CF0A9BE08BD00BFB5
S214024218E4530020D5AC040008B5044B186818F01F
S214024228CAF8013818BF012008BD00BFE4530020B1
S214024238054B10B54C0022460146186817F095FC47
S214024248031B5842584110BDE453002070B505467A
S2140242581CF0FEFD0E4B0F4E1B880446DA0735701F
S21402426808D50D4B0D4D1B78012B08D9012128685E
S21402427818F023FA2046BDE870401CF0E4BD1BB1D6
S21402428813F0EAF9C305F1D4317881F00101EEE7BB
S214024298B25B0020296D002010630020E453002042
S2140242A80C4B10B51B880446DB0711D5FFF77EFBBF
S2140242B8094B84F0010208211868D20017F037FC6F
S2140242C830B1BDE8104040F6367104481CF047BECF
S2140242D810BD00BFB25B0020E4530020D5AC04003A
S2140242E808B5044B0146186817F0EDFC003818BFED
S2140242F8012008BDE453002010B50A4C23787BB190
S214024308FFF75AFF002104201BF056FD0021022069
S2140243181BF052FD00232370BDE81040FFF79CBA3D
S21402432810BD00BF0F63002038B5094800F0E8FC4E
S2140243380024084D95F84430E0B2834200D838BDD0
S21402434805EBC000043000F0DBFC0134F2E700BFE6
S21402435888540020E853002008B51046024948222F
S214024368F9F7B0F8002008BD4054002008B5054803
S2140243781CF069FF014620B9BDE8084001481CF058
S21402438861BB08BD706A0020002238B51C4B154672
S2140243981C461A700132082A5D609D8043F8085F41
S2140243A8F8D1482200211748F8F7FCFE4FF6FE73AC
S2140243B8A4F868306FF48033E365134B00211A883B
S2140243C8124B1868F8F7EEFE114BC4E91255C4E909
S2140243D8283584F8445084F85050656584F8A85007
S2140243E8E9F792FFFF220B4B012118700A4B0020B7
S2140243F81A70E2F769FB0020FFF7B8FF002038BD05
S214024408E8530020405400209C6C002028690020B5
S2140244180000FFFF136300206863002010B5AC2479
S214024428084B04FB0030836C53B990F850403CB9F3
S21402443831B1C0E912122046FFF798FF204610BD98
S2140244482120FCE7E8530020AC2370B503FB00F5F7
S214024458094E731993F850405CB9204610F0AAFC2E
S214024468735D204643F002037355FFF77FFF20462D
S21402447870BD0120FCE700BFE8530020AC23584378
S214024488024A135C23F0030313547047E8530020D0
S21402449870B516461F4A04461278C2BBAC211E4D9A
S2140244A801FB00518A6C92BB91F850203AB1022B5C
S2140244B82DD191F84410072907D91C2026E091F837
S2140244C844100729F9D8012B08D0AC2000FB045069
S2140244D8CA00011D0C30F8F7B7FE0021AC2303FB17
S2140244E804F000249DF8143000EBC1012944CB7176
S2140244F8049B8E808B602B1893F84420204601324A
S2140245088C7183F84420FFF731FF204670BD0120E6
S214024518FCE700BF12630020E8530020F8B5234BDF
S21402452804461B780F46002B3ED1AC23204D03FBD6
S2140245380053B3F8A03023B940F245311D481CF0A9
S2140245480EFDAC2202FB0452D2F8A46036B192F8F1
S214024558A33039460020B2F8A020B047AC23002189
S2140245686343EA18A2F8A010C2F8A410482192F8E9
S214024578A82001FB02322A44D2F89820964213D089
S214024588EB5C9B070CD5AC226243AB5C204623F05F
S214024598020343F00103AB54BDE8F840FFF7E6BE5A
S2140245A810F02AFC0028EED1F8BD00BF12630020E6
S2140245B8E85300202CAD04002DE9F04F89B0059091
S2140245C808460D461CF052F9044618B9212009B0CF
S2140245D8BDE8F08F28461CF065F9C0B20838215CA1
S2140245E8221892F802A00491D1785268277803928A
S2140245F80022B4F80130ADF81E20434A029192F820
S21402460800B0BBF1000F08D0404B1B681BB1204618
S2140246184FFA8AF298470020D9E703F00703022BDD
S21402462870D001340922594620461CF05FF8023F32
S2140246383F1A3B0606465FFA87F8C7D4344FD7F8C0
S2140246489090B9F1000F27D100210DF11E0B4346B9
S21402465822460846CDF800B010F0E4FAC3B2054682
S214024668002B4BD1BDF81E0018F072F8E0B9BDF861
S2140246781E0018F069F98146BDF81E0018F068F8A1
S214024688F0B906EB080201232146584692B200F01A
S2140246987BFDD0B119209AE75B465A460121284687
S2140246A8C8470028D0D191E7D7F89430BDF81E0045
S2140246B8002BDCD0A11998470028D8D1022086E71B
S2140246C842464846A119F8F7FDFEBDF81E001CF042
S2140246D8CDF8029B059A0372049B80F809A08372A0
S2140246E8039B1BBAC360AC2303FB027393F85020E8
S2140246F8BDF81E0022B1DB6C03B19847E8B266E744
S214024708BB6FF9E7012062E712630020CC53002052
S214024718E85300202DE9F84308460F46164602F1EC
S214024728010918F016F98046384618F00AF80428DF
S21402473856D1384618F029F848F661054FF6FF7242
S21402474848F64103294C904208BF1D46B4F85C104F
S214024758301D1CF0E4FC384618F017F80146B01D68
S2140247681CF0DDFCB4F85E1006F108001CF0D7FC5D
S21402477806F10A0438460DF067FF10B145F0100539
S214024788ADB2294648461CF0CAFC384618F0DCF892
S214024798424601462046F8F795FE384601211CF0A7
S2140247A89DF84444074660B11CF07CF80546384636
S2140247B81CF05CF8EDB201462A462046F8F782FE5F
S2140247C82C440B4AA41B13780134591C1170F3703D
S2140247D834703046BDE8F843092201211BF086BF33
S2140247E848461CF09AFC4C460546C3E7E8530020A8
S2140247F813630020AC2210B548245043094B1A18FC
S21402480892F8A81004FB0100034493F877000228E4
S21402481806D092F850301BB9032818BF012010BDE5
S2140248280020FCE7E853002070B508B1012070BDEF
S214024838234C94F8A850002DF8D12946B4F85C20E9
S214024848FFF706FA29462846B4F85E20FFF7EAF983
S2140248582946284604F16002FFF7C8FC94F8773028
S214024868002BE3D0284694F85860FFF73BFA8642B6
S21402487815D1002094F95A50FFF728FA854216D126
S2140248880020FFF7B7FF044600201BF0E5FE0028CD
S214024898CDD02146BDE870400020FFF7F7B928467C
S2140248A894F85810FFF730FA0028E2D0BFE7002045
S2140248B894F95A10FFF7FCF90028E1D0B7E700BFD1
S2140248C8E85300200346AC2010B51446164A00FBEF
S2140248D8032292F8770002280CD1E07F022809D139
S2140248E841B112490978012913D992F85810227849
S2140248F891420ED118462178FFF7FAF990B148226C
S21402490821460B48F8F7DEFD00201BF0A5FE08B985
S214024918002010BD044B93F8A8000028F8D1FFF732
S21402492883FFF5E72120F4E7E8530020026D002014
S2140249384054002038B5AC230D4C054603FB004313
S21402494800205A6DD86483F8500012B15865FFF7F4
S21402495819FCF5F7C1FBFF281EBFAC2303FB054471
S21402496884F8A8000020FFF75FFF002038BD00BFCC
S214024978E85300207FB51D4C94F8A83023B10020D8
S21402498884F8A800FFF750FF94F85A30B4F8A060ED
S2140249988DF80F3026B940F2FD2115481CF0DFFAD3
S2140249A8144B31461D6800202A46FFF7B3FEE46F13
S2140249B802469CB10DF10F030193002329463046A7
S2140249C80093A04702462C7854B920462146FFF7A2
S2140249D8A5FD2046FFF7CAFC04B070BD0122F2E727
S2140249E829460020FFF706F8F6E700BFE85300203E
S2140249F82CAD04002869002038B5494B1C78002CD9
S214024A0858D1484800F06CFC20461BF025FE0028CA
S214024A1850D0454C2378D90733D594F850201AB18C
S214024A2823F00303237045E023F00103237010F0FC
S214024A38CBF9237805469A0701D510F0BBF9294623
S214024A4800200FF053FF40B92378284643F00103AD
S214024A582370BDE8384010F0ADB90023482284F828
S214024A68A33094F8A83084F8A25002FB0343D3F884
S214024A789830A4F8A000C4F8A430BDE83840FFF780
S214024A8879BF94F84400B0B104F1A003251D95E857
S214024A98030083E80300FFF76DFF94F844202846D6
S214024AA8D20004F10C01F8F7CFFB94F84430013B2E
S214024AB884F8443038BDA26C62B99B0711D52378B6
S214024AC8002023F0020343F001032370BDE83840B8
S214024AD8FFF74CBC0123A06484F850309047237833
S214024AE89EE710F089F90028E9D194F8A83073B146
S214024AF8F5F7F2FA94F85030002BDBD1FF2818BFEE
S214024B0884F8A800BDE838400020FFF78DBED4F828
S214024B188C30002BECD098470028CBD1E8E700BFB2
S214024B2812630020706A0020E853002070B504461D
S214024B3800201BF091FDAC235C430B4E351995F80B
S214024B4850300BB1002070BD0028FBD007481CF07F
S214024B587AFB0028F6D1335D002BF3D195F8440092
S214024B68B0FA80F04009EEE7E8530020706A0020A9
S214024B7810B5084A034617F0FAFE14684FF6FF7295
S214024B8803EB40039C42184603D90188023391423C
S214024B98F8D010BDA45400202DE9F047204F054652
S214024BA83B88A3B3B0F90230002B30DBDFF87C80F9
S214024BB81C49D8F80000F8F74BFD20B94FF4EA7103
S214024BC819481CF0CCF90026DFF85CA0DFF86090E4
S214024BD83A88B3B29A4204D84FF4EB7150461CF0A6
S214024BE8BEF9D9F80030B2B253F83200D8F800103D
S214024BF803EBC20468B943F83210A3882846013387
S214024C08A38017F0B4FEE38803EB4003E380BDE815
S214024C18F087F8F71DFD01360028D9D1EDE700BF69
S214024C28B45B0020F9AC040003AD0400906A0020CF
S214024C389854002038B5094C094D22682B689A42C8
S214024C4804D94FF4877107481CF089F92868236845
S214024C58C01A20F0010080B238BD00BFA45400205C
S214024C68AC54002003AD040038B5124C124D214650
S214024C782846F5F7B7F823680BB12B681BB9DE216F
S214024C880E481CF06CF92A680D4B0E491A60236808
S214024C9823F0010313440B600B4B1A602AB9BDE8D4
S214024CA83840F82105481CF05AB9FFF7C3FF6428B4
S214024CB8F5D938BD9C540020A054002003AD04004A
S214024CC8A8540020AC540020A454002038B5094C3F
S214024CD8094D22682B689A4204D34FF48A71074812
S214024CE81CF03DF928682368C01A20F0010080B23B
S214024CF838BD00BFA8540020AC54002003AD040001
S214024D082DE9F0411D4B04461B78012B24D100885F
S214024D181BF08EFD0546D8B10426DFF864802C46C3
S214024D281CF096F807462046FFF736FF638843EAE4
S214024D3808036380A05B1BF07BFD044638461CF024
S214024D4882F81CB1B4F90230002BE9DA062E01D13A
S214024D58BDE8F0810626E2E7022BF9D11CF078F8C6
S214024D68024620881BF064FD18B10388C3F30E03BD
S214024D7823801046BDE8F0411CF065B81463002095
S214024D880080FFFF2DE9F04F0024BA4B97B0064685
S214024D981C801CF05DF80123DFF8EC82B64F3B70EE
S214024DA8B8F80030A8F80040ADF81630B34B1B68C8
S214024DB801931CF048F8B24B21461A88B14BD20030
S214024DC81868F8F7EFF90DF11600FFF799FF002EAD
S214024DD83CD1DFF8B8924FF0000B0125D9F8004015
S214024DE8019B9C4239D3BBF1000F39D1002DF2D07A
S214024DF8D9F80040DFF898A225462246019B9A4237
S214024E0873D302230DF116003B70FFF779FF002ECD
S214024E1840F08F80D9F800603246AA4280F0A2801D
S214024E2890881BF005FD18B10388C3F30E03938020
S214024E38D0881BF0FDFC18B10388C3F30E03D38099
S214024E481046FFF795FE0246E7E79847E3B256F89C
S214024E5823300134002BF8D1BBE7BBF1000F3ED05C
S214024E680BF1FF335FFA83FB16AB03EB8B0252F8A8
S214024E78402CB2F9020051880028B1DA4B04AFD4AC
S214024E88924641F48040931D2AF8020F02933AF89C
S214024E98020F1BF0CDFCF0B1B0F902E0B0F802C088
S214024EA8BEF1000F17DB6FEA4C4C6FEA5C4CA0F8B9
S214024EB802C00390FFF770FEBBF10F0F8FBF0025ED
S214024EC816AB039A03EB8B009EBF0BF1010340F867
S214024ED8402C5FFA83FB029B9A45D8D180E720468E
S214024EE8FFF746FE22460446C3E7104617F03FFD84
S214024EF88346B2F90200118800280AEA010108DA94
S214024F0820461BF08BFC084381B204EB4B0402EBF1
S214024F184B0510461180FFF72BFE02466EE79847B0
S214024F285FFA8AF356F823300AF1010A002BF6D103
S214024F3870E74FF0000AF3E73046FFF719FE82469D
S214024F487EB1B6F902307188002B0ADA3088C0F3CF
S214024F580E001BF06DFC864203462DD1C1F30D01EF
S214024F6871805646AE42E7D3DFF81CA11BF070FFED
S214024F7800210646504617F05DFD1BF059FC054613
S214024F88002800F0878030461BF05DFF284617F0A1
S214024F98EEFC064620461BF041FC81467600324669
S214024FA829462046F8F750F9002249460DF1160020
S214024FB81CF021F93444D9E71BD9304617F0D7FC40
S214024FC8C1F30D01420071801846314692B2F8F7D5
S214024FD83BF9C6E75046FFF7CBFDD146854203D9D3
S214024FE8B0F90230002B01DA824603E0FFF7C0FD73
S214024FF8F4E7B146554507D9BAF80000C0F30E00E3
S2140250081BF016FC8245E5D3B9F1000F30D0B9F88B
S2140250180000C0F30E001BF00BFC034638B93346FB
S214025028CB46994513D8B1459BD0D946ECE74846B6
S21402503817F09DFCB9F802204946C2F30D02A9F8FA
S2140250480220420092B21846F8F7FEF8E7E718463A
S2140250580193FFF78DFD019B9B46854203D9B0F964
S2140250680230002B01DA0346DBE7FFF781FDF4E79F
S214025078CB46DAE7B65B002014630020A45400206F
S214025088B45B002098540020B85B0020A854002087
S2140250980080FFFFBDF816303870A8F80030044BC1
S2140250A830461C601BF0CFFE17B0BDE8F08F00BF7D
S2140250B8A45400202DE9F04105461BF0B9FB0F4623
S2140250C80446D8B11CF081F820B940F2FB412048CA
S2140250D81BF045FF28461BF0E5FB05462046FFF772
S2140250E847FDBD42064609D004D840F20351184887
S2140250F81BF035FF2588ED0B02D02781BDE8F0812D
S2140251086780204617F033FC074604EB40081BF07E
S2140251189FFE104B1A68B2420AD1C3F800801BF0F1
S21402512892FE2A464046BDE8F041FF21F8F73AB813
S214025138A6EB0806B5B21BF086FE072DF1D90023AA
S214025148083D44F81730C8F80430A8F80250D5E7E6
S21402515803AD0400A454002038B51BF079FE0021E4
S2140251680546044817F066FC044628461BF06BFE04
S214025178204638BDB85B0020024B1888B0FA80F08B
S21402518840097047B85B00202DE9F74F04460088AF
S2140251981F461BF04DFB8846154606461CF015F8BA
S2140251A820B940F2FE613F481BF0D9FE3388DB0B7C
S2140251B8009306D033892B443381002003B0BDE820
S2140251C8F08F20881BF06EFB82463046FFF7D0FC35
S2140251D801901BF03DFEDFF8D0B0019BDBF8002003
S2140251E881469A421DD1FFF725FDA84204D24846B9
S2140251F81BF029FE1A20E1E70AEB050373803FB18C
S21402520820881BF033FB2A4641465044F8F75AF9E1
S2140252183046FFF7ADFCCBF8000048461BF013FEFD
S214025228CBE71BF010FE20881BF03CFB28440099B5
S21402523880B21BF08FFB06460028DBD01BF016FB5D
S214025248814620881BF012FB824620881BF02AFB28
S214025258514602464846F8F735F93046AFB11BF0D4
S21402526805FB074620881BF01DFB2A4641463844A4
S214025278F8F728F9012120881BF030FB01210246A5
S21402528830461BF03FFB268097E71BF0EFFA804676
S21402529820881BF007FB2A4639464044F7F782FF68
S2140252A8E8E700BF03AD0400A454002034210148F7
S2140252B81BF055BE17AD0400036910B55BB18268D2
S2140252C8064B9A4201D1002010BD44691BF040FEED
S2140252D8201AF9D5F7E74FF0FF30F5E7B552020086
S2140252E882681C4B70B59A420446056819D11BF0B1
S2140252F8AFFD236923B1A34206D100222A601A61B0
S214025308BDE870401BF09FBD1A4611461269A242BC
S214025318FBD12A68A24208BF29600B6100232361D9
S214025328EEE7036993B198426E6803D19D210A4855
S2140253381BF015FE2B46B44209D122699D4218BFBE
S2140253481A614FF0000308BF6A60236170BD3346D6
S2140253583669F0E7B552020017AD04002DE9F047AA
S214025368074600254FF0010A154EDFF858808AB026
S214025378347914B90AB0BDE8F087D6F8009087B930
S21402538800972A46B8F80010234603A81BF0CAFF5F
S2140253982246484603A9E9F799FC2544EDB20836A1
S2140253A8E6E7224603A94846E9F764FCCDF800A0DA
S2140253B823462A46B8F8001003A81BF0B3FFECE70A
S2140253C8B40F0500BA5B00200148FFF799BC00BF7E
S2140253D8BA5B00209C46174BF7B50546084619885F
S2140253E8164611B1144B1C78CCB1014662463046BB
S2140253F8BDB103B0BDE8F040E9F73CBC1C44E4B2DA
S21402540808373B79002BF0D03A689642F6D185F0F9
S2140254180105224600951BF085FF03B0F0BD074F35
S214025428EFE7E9F753FCB0B203B0BDE8F04015F079
S21402543826BB00BFBA5B0020336D0020B40F050000
S21402544810B5074C238843B10020FFF787FF0020DA
S214025458FF22044B20801A7010BD0220FCE700BF12
S214025468BA5B0020336D0020142810B518D8082817
S21402547805D115F07DFBC401E4B2204610BD0E2806
S21402548802D115F078FBF6E7064B53F82040002CBD
S214025498F3D00A282478F0D107F0C2FB0443EBE7DE
S2140254A8FF24EAE704100500014BB3F868007047CA
S2140254B8E85300200048704752540020014B1878E1
S2140254C8704700BF88620020014B1878704700BFFB
S2140254D88B620020014B1870704700BF8B62002059
S2140254E8204B022810B5204C187002D00438012828
S2140254F822D82378042B0BD000211C481BF0A2FAD2
S2140255082378033B012B03D9002119481BF09AFA8A
S214025518184B1B689A0022D513F0805F40F6114498
S21402552818BF4FF44164204615F0D7FEC8B9204686
S214025538BDE8104015F0A1BA0C48FFF7D1FE0C489A
S214025548FFF7CEFE17F0EFFC2378033B012B03D8B8
S21402555815F0BDFE1624E6E70DF0BAFFFAE71524A5
S214025568E1E710BD8F62002090620020B46A002036
S2140255789C46002030470020024B187800F00F00A7
S214025588704700BF8F620020034B187800F00F00A8
S214025598831E5842584170478F62002008B517F09C
S2140255A8ADFCC0B117F0C3FCA8B10FF01BFD90B953
S2140255B80A4817F0F6F970B1094817F0F2F950B12F
S2140255C815F0DEFA38B115F08AFE20B9BDE80840B3
S2140255D8044817F0A9BA002008BD00BFBC5B00202B
S2140255E8F05B0020B054002030B505460C4693B058
S2140255F881B910B9002013B030BD1023214A69467C
S2140256080120FFF7E7FE9DF805305A1E052A28D91D
S2140256181720F0E7182200212046F7F7C3FD002DD1
S214025628EBD1FFF7B1FF30B315F052F96A460146DF
S2140256380020FEF791FEBDF80430204623819DF82F
S2140256480230A3729DF80030E37217F035FE00238D
S21402565804F11401237304F1100004F0F7FDE0814D
S214025668C8E7094A9DF8041012789142D0D12B70E7
S214025678002CD6D1BEE7054B1B78033B022BD3D9A9
S214025688C6E700BF64EE0100096D00208F620020A5
S21402569830B593B005460C46FFF776FF20B90C4B9B
S2140256A81B78033B022B10D815F012F96A460146FE
S2140256B82846FEF751FE00209DF8023060702370DF
S2140256C89DF80030A37013B030BD1720FBE700BF6B
S2140256D88F620020054B1878012805D000F0FD00DF
S2140256E8A0F1310358425841704700BF8F6200202C
S2140256F82DE9F3410E46002105461BF076FD0023F0
S214025708124FADF806002B800DF1060017F049F986
S214025718044610B102B0BDE8F08121460DF106003C
S21402572817F088F980461BF0A1F8438AB34207D9D6
S2140257389B1B43822246414628461BF05CFDE3E754
S21402574843895B07E0D53B88F3E700BF9E6C0020E1
S21402575808B50A48FFF7C4FD09484FF47A71FFF7FF
S214025768C7FF074817F01DF930B9BDE808404FF4DF
S2140257787A7102481BF066B908BD00BF946A002019
S214025788AC6C00201FB50146002201A81BF02AFABD
S214025798064801A91BF08CFD20B11BF067F840896A
S2140257A8C0F3400005B05DF804FB00BFAC6C0020F7
S2140257B830B585B00D460022014601A81BF012FA44
S2140257C8084801A91BF074FD50B11BF04FF80446B7
S2140257D8014608222846F7F737FD6089C0F34000DD
S2140257E805B030BDAC6C002010B5044C204617F04E
S2140257F80FF96388181A80B210BD00BFAC6C00207F
S214025808F8B50546F8B100210F481BF0EEFC044631
S214025818A8B10D4F20461BF029F806461BF0CEF914
S214025828830705D4082229463046F8F707F838B120
S214025838214638461BF0FDFC04460028EAD100241F
S214025848201E18BF0120F8BDAC6C002010B50C460F
S214025858014606481BF02CFD30B11BF007F84389B9
S2140258681C4214BF0120002010BD00BFAC6C0020F3
S2140258781FB51446024601A81BF0B4F9074801A949
S2140258881BF016FD40B134B11AF0F0FF142201469F
S2140258982046F7F7D9FC012004B010BDAC6C0020F6
S2140258A81FB50146002201A81BF09CF9094801A968
S2140258B81BF0FEFC58B11AF0D9FF4389024613F0D2
S2140258C8020004D0507B80F00800C0F3C00005B088
S2140258D85DF804FBAC6C00200146014817F0BEB91F
S2140258E8AC6C0020F8B504460E46142000211BF0C6
S2140258F831F80546204617F08BF86388834225D987
S21402590825B33146204617F0A9F908BB28461AF0EF
S214025918ADFF07460A223146F7F796FC082206F13B
S2140259280A0107F10A00F7F78FFC0A4B1B887B82ED
S214025938238823B94FF47A7107481BF083F8204668
S214025948002229461BF057FC0020F8BD1C20FCE765
S2140259582E20FAE79E6C0020946A002010B50446B2
S21402596886B0B0B11BF02AF910F0020011D1CDF8BA
S2140259780E006168CDF81200ADF81600206801AB7B
S21402598803C32289044801A91A80FFF7ABFF06B0B1
S21402599810BD2120FBE700BFAC6C0020F8B50D4611
S2140259A816461F46044648B31BF008F930BB204685
S2140259B8FFF792FFE0B1214611481BF079FC1AF076
S2140259C855FF438905734673877343F0020321899B
S2140259D84381204601F0F2F9FF28044606D001F07A
S2140259E8F3F818B10022074B43F82420002004E0FD
S2140259F82046FFF7B3FF0028DDD0F8BD2120FCE7DC
S214025A08AC6C00206C440020F7B59DF824400D4687
S214025A1801949DF82040064600941F460DF076FC39
S214025A284FF6FF718842044610D0BB0711D42846A9
S214025A3800F0CCFF20461BF039F9FF281FBF084AA2
S214025A4832F8103023F4804322F81030204603B090
S214025A58F0BD02462946304617F007F9EAE700BFC6
S214025A68805B002073B50E46014614481BF020FCE6
S214025A780546D8B11AF0FAFE43890446334012D0D6
S214025A889B0736B20BD5002E09DAA17B437B028927
S214025A98007B0191012100912146FFF7B5FF63893A
S214025AA823EA06036381628912B1012002B070BD3F
S214025AB82946024816F0DDFFF7E700BFAC6C002067
S214025AC80148FFF71DB900BFAC6C00201FB50C4695
S214025AD80B4A014601A81BF085F801A8FFF7FCFE51
S214025AE860B101A907481BF0E3FB1AF0BFFE036882
S214025AF8236043680020636004B010BD2D20FBE7D6
S214025B0872100500AC6C002013B53E4C12F0B5F9C5
S214025B18D4F8FC311020C3F307430193FFF7A4FC23
S214025B28000650D50020FFF79FFC01064BD5019BC7
S214025B38802B3ED1236A9A0704D440F615442046A1
S214025B4802B010BDE3699B07F7D52F4816F070FC24
S214025B58012016F0D4FD12F0A3F904460028EED16F
S214025B6800F086F9294816F0B9FF00F0F1F9E8F7CF
S214025B78CBF912F081F90AF0F1FC0AF043FDF4F7CA
S214025B888DF9F4F741FAF4F75BFA04F003FD14F022
S214025B98F1FF14F0F2FF15F0A5FB1D480CF00CFC03
S214025BA807F092FE15F05DFB0028C8D015F05BFBE7
S214025BB8C5E7019B812BC0D1D4F80C315B00BCD55C
S214025BC8D4F80C31BFE71020FFF74EFC0006BCD411
S214025BD80020FFF749FC0106B7D5019B802B05D1AB
S214025BE8084B1A6AD207A8D5DB69ACE7019B812B5A
S214025BF8A3D1044BD3F80C21002A9EDAD3F80C3131
S214025C08A1E700BF0080E00F690345ECB05400200E
S214025C188D57020010B517F083F970B301F0B8FB80
S214025C2880F00104E4B20020FEF7F6FA44EA8004A3
S214025C3824B217F063F910BB0220044316481BF07F
S214025C4802FB44EA401415481BF0FDFA24B244EA63
S214025C58001413481BF0F7FA24B244EA80141148D9
S214025C681BF0F1FA24B244EA40240F481BF0EBFA80
S214025C7824B244EAC02080B210BD0124D3E70B4800
S214025C8816F08FFE0028D7D0094816F08AFE80F054
S214025C980100C0B24000D0E7F46A0020D86B0020AA
S214025CA834470020586B0020B86B0020BC5B0020ED
S214025CB8F05B002008B501F047F90EF0DFF8FDF7B3
S214025CC8D9FE154816F06DFE08B906F065F91348B0
S214025CD816F067FE08B907F0E1FD03F059FC0CF070
S214025CE81DFD0F4816F02CFF0E4B1B78043B022BAB
S214025CF809D80D481BF0A7FA28B1FFF78BFF102822
S214025D0801D109F07DF914F03DFF16F0BCFFBDE89D
S214025D1808400648FFF736B8BC5B0020F05B002058
S214025D28B054002090620020D86B00207C1005003A
S214025D38014B1868704700BFE4530020F8B54FF6C9
S214025D48FF77104B06461B780C46033B012B0F8049
S214025D5809D830460AF0BAFC4FF6FF7398422080FC
S214025D680ED000200DE00CF023FEB8420546208037
S214025D78F7D1304600F002FDA8422080F1D1E8E7CC
S214025D882D20F8BD906200204FF6F77370B5984242
S214025D9804460D4686B05AD816F076FFA04207D1BA
S214025DA808222C492846F7F74FFA002006B070BD9D
S214025DB8294EB6F86830A3420AD10022082106F115
S214025DC86A0016F0F3FE18B9082206F16A01E9E736
S214025DD8ACB1224B1B78033B012B1AD800230122B5
S214025DE81946204600930AF01BFBFF2823D12946B2
S214025DF820460AF0BFFC80F00100C0B2D6E7184B76
S214025E081B689B07E5D4284608F0DCF90028E0D092
S214025E18CBE7204600F06AFFFF2806D1294620462F
S214025E28FFF754FE0028D9D1BFE7294600F080FFC5
S214025E380028F3D0B9E702A918F054F90028D6D1F9
S214025E48DDF80D302B60DDF811306B60ADE7012010
S214025E58ACE700BF15630020E853002090620020DC
S214025E6830470020014B1870704700BF096D0020AC
S214025E7810B5054C082221460448E8F7FBFE2046E2
S214025E8816F03CFF10BD00BF1563002034B608C0EC
S214025E980048704715630020082208B50349F7F73B
S214025EA8CDFCB0FA80F0400908BD00BF156300209B
S214025EB8014B1870704700BF83620020074B44F6F8
S214025EC8FF701A7840F6FF73012A18BF1846044B6B
S214025ED81B780BB140F40040704700BF9062002068
S214025EE883620020F7B50D46044616461F46002173
S214025EF8284601F0F1FF0B4B002183F859402A4649
S214025F083346204600970EF0AFFC014630B1022217
S214025F18204603B0BDE8F04000F006B8012003B002
S214025F28F0BD00BFE853002013B513460C461AB15D
S214025F38022A0CBF134601230021044A019100924B
S214025F482246FEF7A5FA02B010BD00BF0BD003002A
S214025F5800B5002093B0FEF717FA1E4B18880CF00F
S214025F6831FA1D4B1D491A7800200EF0A1FD342285
S214025F7800216846F7F716F90B238DF800306FF400
S214025F88803301934FF6FE73ADF8103003238DF875
S214025F981D30134B134A0893134B10680993134B7F
S214025FA851680D93124B6A460E93124B0F93124B7F
S214025FB81093124B119302AB03C300210846FEF757
S214025FC881FC6A4601210020FEF77CFC13B05DF8CE
S214025FD804FB00BF966C00201C6D0020F0BC040079
S214025FE80164020015630020A7CD0300799C020015
S214025FF8A965020079B302000BD00300C996020015
S214026008014B1878704700BF1D630020014B1888A3
S214026018704700BFB06C00202DE9F74F8146104646
S2140260280E4690461BF079F8DFF840B105469BF815
S214026038003033B94A4B1B681BB94A4B1B68002B06
S2140260487FD015F4406A05F040071BD19FBBB5F513
S214026058804F61D24FF48074B9F1400F73D0B9F112
S214026068800F63D0B9F1100F6BD100239BF80000A4
S2140260783D4AD9B2884264D932F8021B0133A1429A
S214026088F7D166E008F103001BF047F84FF6FF73F6
S214026098984214BF0124022487B1052705F4404319
S2140260A8B3F5004F44F0080425D0B5F5804F24D246
S2140260B844F4807421E054460327EFE7B5F5804F91
S2140260C84FF00507F4D3BAF5406F14BF0220082034
S2140260D8384440441BF021F8019016F0F2FD019B6B
S2140260E805F4404598420CBF44F0080444F0040402
S2140260F8B5F5004F01D144F08004BAF5006F0FD110
S21402610808EB07001BF009F8054616F0BDFDA84285
S214026118A2D144F010049FE7544603270220D7E78B
S214026128BAF5406F08BF44F0200495E70C4B1B688D
S2140261383BB10022D1B233F8110033F9111000290D
S21402614803DA002008E0074BF1E7A04202F1010259
S214026158F0D106B13480012003B0BDE8F08F00BF4D
S214026168C0540020C45400201A5C00206563002036
S214026178034B1A78022A04BF09221A70704700BF16
S2140261881E6300200C22034B1A211A7003200022D9
S21402619802F024B81E6300200C2208B5054B1A210B
S2140261A81A700022104602F019F80022024B1A60F2
S2140261B808BD00BF1E630020CC5400200C2270B518
S2140261C80D4B05461E781A7030B93046BDE8704049
S2140261D800221A2102F002B8084B1C78E1B21A29EA
S2140261E8F3D825FA04F3DB0703D54422304601F038
S2140261F8F5FF0134F2E700BF1E630020356D00206C
S2140262080C22024B1A7015F063B800BF1E630020FA
S214026218F0B50C8805460E468BB0E4B94FF6FF7704
S214026228ADF8247015F067F810B902200BB0F0BD6F
S214026238CDE90340CDE90544134A0294B2F85C302E
S2140262486032019300923B464CF60101FF2009AAF0
S21402625818F091FA3080284616F0ACFE0B4C70B156
S214026268237863B1013BDBB22846237016F0A2FE00
S21402627838B12078B0FA80F04009C0B2D6E70523D4
S214026288F2E70120F9E700BFE8530020346D00204A
S214026298034B11461B6803B1184714F0ACBB00BF8A
S2140262A8CC5400200C22024B1A700AF0F1BC00BF34
S2140262B81E6300200148FEF723BD00BFBE5B002018
S2140262C87FB505460C4616461AF0A0FD00286BD187
S2140262D8062D03D85223EB40DB071AD4B4F1006F1D
S2140262E805D3E30E1C3B032B18D94F202EE00022C1
S2140262F82F4B1A602F4B1D7016F081FC03460A2D91
S21402630854D8DFE805F02D183E491825185353418E
S214026318360002F03BFCB4F1006FE2D20022244BB6
S214026328042D1A60234B1D70E6D1022001F02EFCC4
S21402633816F065FC0346012202921F4A01921F4A82
S21402634800921F4A314620460EF088FE04B070BD01
S214026358314620461B4A04B0BDE870400EF066BEC1
S21402636831462046184B194A04B0BDE870400EF074
S21402637841BE00220292164A0192104A0092154A1B
S214026388E0E702220B4B1A7000221046124904B0AC
S214026398BDE87040FEF742B8002202920F4A019208
S2140263A8064A00920E4ACDE74D20CFE70120CDE7F8
S2140263B8CC5400201E630020C5610200016402005E
S2140263C8F7CF0300AD620200A161020099620200E3
S2140263D80962020019620200796102008D610200F8
S2140263E8B9CF030008B50EF069FE0C22014B002057
S2140263F81A7008BD1E630020F0B585B0ADF8060019
S21402640818B9762164481AF0AAFDBDF8060016F0F7
S21402641898F90446BDF8060016F093F9082846D0FF
S2140264280C2CBDF8060042D116F08EFA07461AF072
S21402643874FE0DF10F010646BDF8060014F083FB44
S214026448002879D00922002138461AF04FF99DF81B
S2140264580F301033C518BDF806001AF023FAEDB24D
S214026468854269D22946BDF806000EF035FF06F4C5
S2140264784C4416F44066054614D0F81C1AF04DFE35
S2140264884FF6FF73984208BF44F04004B6F5006F13
S21402649808D1781D1AF041FE4FF6FF73984208BFDE
S2140264A844F010049DF80F305BB3072D44D1BDF8B5
S2140264B8060016F03CF90446BDF8060016F041F947
S2140264C8082817D0A30615D524F0200189B2BDF8EE
S2140264D8060016F017F9BDF8060016F035FA002180
S2140264E809221AF003F900F1100189B20DF106002B
S2140264F818F06AFA0022BDF8061028481AF07BFE41
S2140265081AE0082D16D8BDB1013D072D14D801A3EF
S21402651853F825F079650200856502004165020098
S214026528456502004165020091650200B7640200F3
S214026538976502007C2D24D005B0F0BD24F488446B
S214026548A4B2B4F5084FF7D1BDF8060016F0F4F871
S214026558BDF806100BF0D0FF0028A8D0BDF806003C
S21402656816F055F90022014602201AF09FFDE3E7CD
S21402657824F48064A4B2B4F5484F97E7B4F54C4FB8
S21402658894E7B4F54C4F92D04CF6500301E04CF623
S21402659840439C428AE700BF25AD0400BC5B00204E
S2140265A82DE9F7430F469046994606461AF05EF9D5
S2140265B8044630461AF076F9C5B2083D2C44E1780E
S2140265C8094BA2781970094B31461A7000204346C7
S2140265D83A46CDF8009012F005F9003818BF0120A7
S2140265E803B0BDE8F08300BF426300204163002089
S2140265F82DE9F04FDFF84081DFF8409198F8002047
S21402660899F8003006469A4285B004D340F219112A
S21402661842481AF0A4FC30460DF10F011AF0FAFAB5
S21402662820B14FF48E713D481AF099FC98F8007024
S2140266389DF80F403D1B15F0FF0530D04FF0FF3C8C
S214026648374B01211B78A140184699F800304FF6BF
S214026658FF790CFA03FC0023324A01F1FF3E01934C
S214026668C1F1000A9DF80430984243D8122004FB70
S21402667800002D4BA0F1120105EBC5025200194489
S21402668804F101091844F6F7DFFD4FEA890927489D
S214026698A9F104010144AA004844F6F7D5FD2249A7
S2140266A804EBC40201EB420321F81260204A0137C8
S2140266B812784FF6FF71DA731A745A7412025A80F5
S2140266C81C4A0D2012781A7110225A7100229A73E7
S2140266D8C3F80620C3F80A20144B43F8242088F887
S2140266E800701AF0E3FC0EB908F05CFF204605B00D
S2140266F8BDE8F08F13884B450AD053680AEA030BA5
S21402670803EA0E030B4403EB4B0343EA0C03536002
S214026718019B083201330193A4E700BF38AD040099
S214026728166D0020C8440020705900206C440020D2
S214026738426300201F63002089620020146D002037
S2140267482DE9F041074600250A4B0B4E93F80080C8
S214026758ECB2A04503D8FF242046BDE8F081082203
S2140267683846B11DF7F76AF801350028F4D0123614
S214026778EEE700BF896200207059002008B5FFF7CF
S214026788DFFFFF281DBF00B2044B00EBC0004FF628
S214026798FF7018BF33F8100008BD00BF70590020FC
S2140267A807B50DF107011AF035FA30B19DF8073032
S2140267B8034803EBC30300EB430003B05DF804FB96
S2140267C8705900202DE9F843294E044633785D1E99
S2140267D82D1A8342EDB204D84FF4A17125481AF057
S2140267E8BEFB0123A3404FF0FF305F1E3B4400214F
S2140267F84FF6FF7E6FEA03081F4A92F800C01F4A48
S214026808127890401E4ACBB29C4523D8BDB127B217
S21402681804EBC4041B48640005EBC50204F112012C
S214026828014452002044F6F70FFDBF001648AA009E
S214026838391D014402F0FC023844F6F705FD3378A8
S2140268480022013B33704FF6FF71BDE8F8430E2075
S2140268581AF02CBC1388734507D0536808EA030954
S2140268683B4003EB59030343536008320131CAE73E
S2140268788962002038AD0400166D0020146D0020D1
S214026888C8440020705900206C44002010B50A4CF9
S214026898207858B9094B1B781A2B03D9992108482E
S2140268A81AF05DFB0322074B1A7010BD0138C0B2FE
S2140268B8FFF788FFECE700BF89620020146D00200E
S2140268C838AD0400856200202DE9F04705461AF027
S2140268D805FDFF28044624D1DFF884901E4B99F85C
S2140268E800201B789A422BD22846BDE8F047FFF7CD
S2140268F87FBE38883B79504518D86F2B4FEA13125B
S21402690814D85B0710D0123708F1010899F800105E
S2140269185FFA88F6B142ECD80023104ADEB28E42FD
S21402692814D32046BDE8F087022AECD90DF0E2F926
S2140269380028E8D129463046BDE8F04716F07BBB6A
S2140269484FF000084FF6F77A044FDFE71079013365
S2140269588F28EFD81232E1E7146D00207059002014
S214026968896200204FF6F773984210B514D8FFF7DD
S214026978ABFFFF2810D0134C00B200EBC00004EBAC
S214026988400412F088F9104938B962880B7802EB8D
S2140269980313A3EB1213638010BD227C637C097871
S2140269A89A42E2732374617407D98B4203D2134660
S2140269B88B4228BF0B461B02EDE78A42F8D31346E2
S2140269C8F9E700BF70590020426300202DE9F04124
S2140269D806460F4600240E4DDFF8388098F8003039
S2140269E8A34201D8BDE8F081082229463046F6F7C8
S2140269F825FF40B935F8063CBB4204D02046FFF7CF
S214026A08E1FE013CE4B20134E4B21235E6E700BF27
S214026A187659002089620020F8B5054608460E46D3
S214026A28FFF78EFEFF2830D01D4B294653F82070FC
S214026A383046FFF7CBFF2846FFF746FFFF280446F7
S214026A4825D10CF083F8FF280AD1164C207838B1E5
S214026A5813F041FF2378B0FBF3F202FB1300C0B237
S214026A68294616F0E8FA044623B20F4D03EBC30391
S214026A7805EB430508223146A81DF6F7E5FB2B79F8
S214026A88204603F00F032B71F8BD0027D3E7074B08
S214026A981B78002B18BF0027014B43F82070E3E74A
S214026AA86C440020146D002070590020366D0020BA
S214026AB838B50B4B04461B780D46834204D840F281
S214026AC85A2108481AF04BFA074804EBC40400EBAC
S214026AD844002946BDE8384008220630F6F7B4BB1B
S214026AE8146D002038AD04007059002070B50446B5
S214026AF808460E461AF0F2FBFF28054610D0204636
S214026B08FFF71EFEFF2807D0084B1B7823B9084B51
S214026B1853F8202043F8252021462846FFF7C8FFC9
S214026B2831462046BDE87040FFF750BF366D00205C
S214026B386C4400202DE9F8430024804601272646A7
S214026B48114DDFF84C9099F80030A34210D83E4316
S214026B580134E4B21A2C4FEA470705F11205F2D1BE
S214026B684FF0FF30094B1B7898403043BDE8F88356
S214026B782B884345EBD0284616F0B5FA0328E6D804
S214026B882B796F2BE3D8E3E770590020146D0020A9
S214026B988962002010B5084C00EBC00004EB4004E4
S214026BA823795B0707D1204616F09DFA237923F04E
S214026BB807031843207110BD70590020014B18783E
S214026BC8704700BF376D0020014B1878704700BF2A
S214026BD8366D002070B51A48FEF782FB194B1B78F3
S214026BE8033B012B28D805F0A3FB03F057FBBDE8AF
S214026BF870404FF47A51124819F024BF23798F2B2C
S214026C084FEA131111D80131204616F09CFA0629CC
S214026C1801D8032909D12379002223F007034FF666
S214026C28FF710F2023711AF041FA123401353278B7
S214026C38EBB29A42E2D8D6E70025034C034EF6E7B3
S214026C48B46A0020906200207059002089620020F1
S214026C580022084B1878084BD1B2884203F1120377
S214026C6800D8704713F80D1C013221F0100103F802
S214026C780D1CF1E789620020705900202DE9F047C3
S214026C8802261227DFF85C90DFF85C8099F800404D
S214026C9800250CE007FB05F338F803A00021504650
S214026CA816F036FA10B15CB1013CE4B2013599F837
S214026CB80030EAB29342EDD8A34204D14FF6FF7AE7
S214026CC85046BDE8F08713F006FE99F80030012E0C
S214026CD8A3EB040390FBF3F202FB1300C4B2EDD05D
S214026CE80126D5E7896200207059002010B50446AF
S214026CF81AF0F4FAFF2808D1204619F0D7FFFF2821
S214026D081FBF024B1B78C018C0B210BD146D0020FE
S214026D18044B00211A78044B04481B781A44920044
S214026D28F6F740BA146D00201B6D00206C44002054
S214026D3810B5134B0C461B7886B0834212D91149FC
S214026D4800EBC00001EB4001082220460631F6F7A8
S214026D587BFA00220821204615F028FF80F0010061
S214026D68C0B206E0C01A01A9C0B20CF02BFA10B1E4
S214026D78002006B010BD01AB03CB20606160E8E7D7
S214026D88146D00207059002008B5074B024653F8C8
S214026D9820308B4206D915204FF6FF711AF086F975
S214026DA8002008BD0120FCE76C440020024B01319C
S214026DB843F82010704700BF6C4400202DE9F347C3
S214026DC881460C4600272A4EDFF8ACA09AF8003017
S214026DD8FDB2AB4210D86946204617F0B8FAC0B3DF
S214026DE8082269464846F6F729FD90B349462046E2
S214026DF816F04FFCFE2537E006F106080822414643
S214026E084846F6F71BFD90B94FF6FF739C422BD007
S214026E183388A34228D0204619F048FFFF2814D109
S214026E284946204602B0BDE8F047FFF7F5BD14B95B
S214026E3812360137CAE73388A342F9D1002208215D
S214026E48404615F0B3FE0028F2D12846FFF7BAFCF2
S214026E58CCE74946002019F0F9FEFF28054603D07C
S214026E68044B1B780344DDB2284602B0BDE8F0871F
S214026E7870590020146D00208962002008B5FFF7BB
S214026E88E7FE054B1B78013B012B03D8BDE80840FB
S214026E980CF084B908BD00BF906200200F4B1B7827
S214026EA883420CD8C01A0E4AC0B232F81030D9043F
S214026EB811D443F4805322F8103001207047094B4E
S214026EC800EBC00003EB40035A79D10603D442F024
S214026ED810025A71F1E70020704700BF146D0020B7
S214026EE8805B002070590020F0B5134B06461B78CD
S214026EF8FBB100251148DFF84CC090F800E01048B6
S214026F0807781F44E8B2864501D80020F0BD7C1BEE
S214026F1894FBF3F003FB10440CEBC4003CF834403B
S214026F28B44204D1002AF1D184788C42EED00135DD
S214026F38E8E71846EAE700BF166D00201C4700205F
S214026F4887620020C844002070B510F087FF142519
S214026F580F49104E0B78328830809B1A03449BB236
S214026F68B3FBF5F405FB14330B700B49E2B20B784E
S214026F78934292BF00239B1ADBB2032A0B7088BF88
S214026F88002306499EBFD2000B68D3400B6070BD33
S214026F9822630020C05B0020866200201C47002077
S214026FA8084B1868084BC2B21B789A4208D2074B9D
S214026FB8C0F307201B78984234BF00200120704790
S214026FC8012070471C470020166D00202163002010
S214026FD8F8B505461746FFF7E3FF064610B9184BFD
S214026FE81A783AB9212001224FF6FF711AF05EF894
S214026FF80020F8BD1348DFF854C003780133B3FB0A
S214027008F2F402FB143303700F48DCF8002000EB9E
S214027018C30420F8335002F10132A1703846CCF886
S2140270280020FFF787FDE670606015F02DFEA84287
S21402703801D10120DDE7E3780133E370F9E700BF09
S214027048166D002087620020C84400201C470020D6
S21402705810B50B4C0B4A2378063B137010F0FEFE55
S2140270680022094BFF211880084B09481A6022782B
S214027078D200F6F797F80422064B1A7010BD00BF26
S214027088166D002021630020C05B00201C470020EC
S214027098C84400208662002048B139B1044B1B78E8
S2140270A80B70044B1B780370012070470846704724
S2140270B820630020386D00202DE9F843074619F0B2
S2140270C847FF05461A481AF0BEF81A4B48B31C681A
S2140270D83C1B2C44A4B20022174BDFF864901B78A2
S2140270E8164D99F8006005EB03155FFA82F84645D7
S2140270F809D9AB8805F11000A34215D9B21A294658
S2140271081201F6F7A1F8013689F80060AC80B8F1EA
S214027118000F03D13946064819F094FC2846BDE804
S214027128F8833C461D60D6E705460132DDE700BF18
S214027138D46A0020D0540020246300206C43002028
S214027148256300202DE9F74F19F002FF4FF0000ED5
S214027158284D294F2978294C97F800A004EB0113EB
S21402716803EB0A120092F3465246DFF898801FFA9B
S21402717880FC0646B8F80000ACEB0009A0EB0C0051
S2140271881FFA89F901900098984217D1BEF1000FAC
S21402719800D02970524503D200203A70FDF7E6F86F
S2140271A83B7823B32B78164804EB0314A188C8F857
S2140271B8006003B0BDE8F04F19F044BCB3F804C051
S2140271C8CC450FD84FF0010E93F802C001310CF1EE
S2140271D8FF3C013AA3F804B083F802C0C9B2D2B29F
S2140271E81033D0E701988444A3F804C0F8E703B044
S2140271F8BDE8F08F24630020256300206C4300203E
S214027208D46A0020D05400207FB56C461E4B1F4D12
S2140272181E78013EF6B21E7095E80F0084E80F004D
S2140272281B4B28461A7805F1100132441201F6F76C
S2140272380BF89DF8026016F00F0511D1BDF808008C
S2140272480EF0C4F9360918BF29464FF00002BDF8F9
S214027258000008BF039904B0BDE8704003F0F4BC10
S214027268BDF80400FFF728FF0346828804ADADF890
S2140272780420224603CAAA4218605960144603F13B
S2140272880803F6D104B070BD246300206C430020C6
S21402729825630020F8B50024084D094F094E3B78AF
S2140272A83178E2B20B449A4204F1010400DBF8BDDD
S2140272B82846FDF725FD1035F1E700BF6C43002090
S2140272C8256300202463002070B5134B06460D463E
S2140272D8104612491A78124B09781B780B449342C7
S2140272E806DB1F204FF6FF7119F0E0FE002070BD86
S2140272F8FFF7E2FE013506808570044619F023FE84
S214027308E0800EF069F940F602432081E36000202F
S214027318FDF72CF80120EAE7136D0020256300200C
S214027328246300202DE9F84386460023144FDFF82D
S2140273385C803E7898F8005012497219DCB2944282
S2140273481CDA4FEA041C31F80C900133F14501EBC4
S2140273580410F3D1631CD21A0CF1100C120161440A
S214027368F5F772FFA5428BBF05F1FF3506F1FF362A
S21402737888F800503E700CB9034B1C70BDE8F883C1
S214027388256300206C43002023630020246300202A
S214027398044B054A1B781278D3420CBF0120002002
S2140273A8704700BF2463002025630020024B18782C
S2140273B8003818BF0120704724630020002108B552
S2140273C8084B09481970094B1970094B1970094B73
S2140273D81A781201F5F7E6FEBDE808400648FDF7FA
S2140273E87FBF00BF256300206C4300202463002073
S2140273F823630020136D0020D46A002010B50B4CBE
S21402740823784BB10A4803F0ABFD58B1084B01216B
S214027418188815F07BFD08B9002010BD0122054B1F
S2140274281A70FAE7FFF7F0FEEAE700BF24630020C7
S2140274386C4300202363002010B50E4B1B78BBB1AB
S2140274480D4C238883424FF0000311D10B4AE160AA
S214027458137049B9A3781033A37016F04DF818B90B
S214027468A37823F00F03A370FFF7CEFE012010BD0A
S2140274781846FCE7246300206C43002023630020A0
S21402748870B592B00C46064613F022FAE17A054623
S2140274980020FCF72DFC28B394F90A0015F094FB9B
S2140274A810BB134BE27A294683F85820A27A83F84F
S2140274B85A206A46FCF750FF4FF6FE739E420CBFF0
S2140274C84FF6FF7323896A4629460020ADF8066000
S2140274D8ADF80430FDF7F6F940B92289054B5A8013
S2140274E812B070BD5520FBE75620F9E72120F7E7D2
S2140274F8E8530020D454002010B50446014608225A
S2140275080948F5F7A1FE237B022B0AD8002B14BFE5
S2140275183122012205490B7017234B61044B1A705E
S21402752810BD00230122F5E7D8540020D4540020C9
S2140275388F620020014610230120014AFDF74ABF48
S21402754864EE0100014B5861704700BFD454002016
S214027558014B1878704700BFD454002010B5054C6C
S2140275682378112B03D0E221034819F0F8FC4123B3
S214027578237010BD8F62002043AD0400064B0146FF
S2140275881B78042B04D1054A137E053313767047FD
S214027598034819F057BA00BF90620020D45400205E
S2140275A8F46A002008B50648FDF7AAFB0548FDF769
S2140275B8A7FB13F0D4FABDE8084001F003BB00BFEE
S2140275C8BC5B0020F05B0020064B1878332806D0F8
S2140275D800F0EF00A0F143035842584170470120DB
S2140275E8704700BF8F620020002208B5074B4FF68F
S2140275F8FE701A7015F054FB4FF6FF7015F06DFB0F
S214027608034B5869BDE8084013F037BA8F6200206A
S214027618D454002008B5064B187838B10548FDF74B
S2140276284BFE4FF47A73B0FBF3F0C0B208BD00BF4E
S21402763884620020DC4600202DE9F0438BB0074622
S214027648154698460E469DF8489049B9104605AC28
S21402765819F02CFB21460BF0B5FD172818BF264655
S214027668B9F1000F0AD1124B1B781BB9284616F03F
S21402767893FED0B92846FEF713F902E0284616F01C
S2140276888BFE80F00104E4B29DF850302A4602933D
S2140276989DF84C303146CDE900933846434603946C
S2140276A815F092FD0BB0BDE8F0834C46ECE700BF40
S2140276B88B6200202DE9F04F97B099469DF88830E6
S2140276C8BDF880B0219D08939DF88C300E4658462A
S2140276D80FA90492079317F0D9FA05B3002800F009
S2140276E8208195F801A00FACCAF3400A8E4B19F018
S2140276F8800F1B7814BF4F4649F08007022B17D01D
S2140277084FF6FF78002D40F087810225584615F07F
S21402771813F82B464246214615F02FFBBCE0584686
S21402772815F08BF80446002800F0FB80AA46DDE731
S2140277381EB97E4B1B78002BE2D00DF13A0120468B
S214027748FEF7FCFA584615F08BF8012838BF0120D8
S214027758C3B2059395B3281D19F0DFFC804609F0DD
S21402776802032046069315F06AFA214609908146D6
S214027778002019F06BFA069A099B12BBFF2820D143
S214027788F2F75CFB6A4A1278824200F032814FF6C0
S214027798FF72099B934214D1FEF726F8002800F0E0
S2140277A828814FF6F773984523D915F042FF11A999
S2140277B88146FEF7E9FA0028F7D02EE0BDF83A80AF
S2140277C8CDE74FF6F772904520D8934211D89845E0
S2140277D80FD0194622460AA819F004FA0A980B99F5
S2140277E813AB03C3BDF83020022113A81A80FEF794
S2140277F839F9404611A9FEF7C7FA024628B9082100
S21402780811A815F0D3F9002866D0C1464FF6F672CD
S21402781809F1FF339BB29342C7D8BAF1000F03D1DE
S214027828444B1B78002B60D1584614F085FF059B05
S2140278384A4601930123214600933B46FEF7E4F8A5
S2140278484FF6FF739842804600F0D3800146002226
S2140278580AA819F0C7F90A980B9913AB03C3BDF81F
S2140278683020022113A81A80FEF7FCF8002D3FF4F8
S2140278784DAF002E40F0D28045460123C7F3C0071D
S2140278884246CDE9016321462B4604980397CDF874
S21402789800A015F099FCA846BAF1000F0FD04FF6D3
S2140278A8FF7398450BD0404619F000FAFF281FBF11
S2140278B8214A32F8103023F4804322F81030089B0D
S2140278C87BB315F0E1F9249B014600934246234612
S2140278D807980CF0EDFC24E00822204611A9F5F7DB
S2140278E8ADFF00287FF461AF8FE7002D64D0134BFD
S2140278F81B68980727D5049B0F2B21D0281D19F043
S2140279080CFC02230121CDE901310023C7F3C0078D
S2140279180246009321464FF6FF730498039715F024
S21402792853FC17B0BDE8F08F8F62002084620020F7
S214027938886200208B620020805B0020304700208F
S214027948079B012BDAD1281D19F0E7FB804619F0B0
S214027958ADF90990404619F0C1FC4FF6FF71BDF823
S2140279683A208A4256D04245099B53D1FF2B4AD029
S214027978184616F027FD784010F0EF0F14BF0123C3
S2140279880023BDF83A00099319F090F90690BDF85D
S2140279983A0019F0A3FC099B66B14FF6FF7CBDF8C6
S2140279A83A10614506D0414504D0069A0240D2B242
S2140279B8FF2AA3D1002BA1D1224649460AA819F0CC
S2140279C811F90A980B9913AB03C3BDF83020584631
S2140279D81A8014F0B1FE3A460146059B13A8FDF735
S2140279E8DDFF30B94FF6FF73BDF8548098457FF433
S2140279F83DAF4FF6FF789DB10126281D19F08DFB85
S214027A084546804639E7FF2804D0069BB3FA83F337
S214027A185B09B6E70023B4E70226EEE70026ECE7A2
S214027A28012573E60022014B1A767047D4540020CB
S214027A3808B50B4B1B78022B10D10A4B1B78033B5D
S214027A48012B0BD9084B187800F00100FEF730FA24
S214027A580023064AC2E90133538008BD0020F3E733
S214027A688F6200209062002084620020D454002096
S214027A7838B5174D2B78033B012B1CD8154BB3F89A
S214027A8868204FF6FF739A4215D10320FDF728FDAA
S214027A9802F0CEFBFFF7CCFF2B78033B012B01D974
S214027AA809F0FCF8002018F0D7FD78B1BDE8384098
S214027AB8002014F057BFFDF7FDFC0446FDF7F4FC62
S214027AC80146204608F05EFB0220DFE738BD00BF0D
S214027AD890620020E853002008B5114A114B5861FD
S214027AE81378032B1BD0D3B1332B01D0432B10D1E1
S214027AF80D4B1B78033B012B05D803231370BDE8F7
S214027B08084012F0BABF12F0B8FFBDE80840FFF707
S214027B18AFBF21231370BDE8084002F09DB908BD27
S214027B288F620020D45400209062002038B50446A4
S214027B381348FDF7D5FB134B1B78013B012B1DD8C9
S214027B48114D5CB92B7823B140F619402C7012F00F
S214027B5894FF0024FFF76CFF204638BDFF2C05D0A3
S214027B684FF47A710648614318F06CFF2B78002BA5
S214027B78EFD1012340F618402B70E8E70224E9E724
S214027B88DC460020906200208462002038B5114D41
S214027B9804462B78834218BF287013F0A4FB80B1E2
S214027BA824B9204613F0A1FB02220DE0012013F0AF
S214027BB89CFB2B781A1F012A05D9062BF4D103221F
S214027BC802E0002CF5D10122BDE838400021084623
S214027BD815F020BA9062002030B5044685B0684693
S214027BE80D46FFF7A7FC94B100212846144A02F076
S214027BF843FB144B20681B7861688DF80430124BDF
S214027C081B788DF8053002AB03C306F0B1FA0F4BAA
S214027C1893F8582093F85A308DF803208DF80230DE
S214027C2815F04FF8ADF8000015F02EF81023ADF851
S214027C38060069460020064AFDF7CCFB05B030BDB3
S214027C4800F8FF07096D002090620020E853002024
S214027C5864EE010010B5144B04461A78134B002044
S214027C6883F8582018F0F8FC10B1002014F07AFEB9
S214027C7800210846FFF7B0FF0D4B1B78033B012B8C
S214027C880ED813F024FB2046FCF754FE40F61740A5
S214027C9812F0F3FE0023074A1380074A138010BD2A
S214027CA80BF016FCEFE700BF26630020E85300201F
S214027CB890620020965B0020945B00201FB5044665
S214027CC86846FFF737FC54B100238DF805301023B9
S214027CD869460020064AFDF77DFB04B010BD14F085
S214027CE8D3FFADF8060014F0ECFFADF80000EEE79F
S214027CF864EE010010B5014604460020FBF7F8FFC3
S214027D0890B10C4B1B78023B032B0FD80A4B1C7006
S214027D1819F07CF860B9094A0949FCF77FFB003874
S214027D2818BF0120800010BD5520FCE70220FAE7A4
S214027D384D20F8E78F6200202663002021B4020057
S214027D485D7C0200F8B5064619F060F8044668B984
S214027D5818F082FC50B1064D204695F8587085F802
S214027D68586014F0FFFD10B185F858704D20F8BD24
S214027D78E85300202DE9F04180461846033B012BC4
S214027D880E46174602D918B121243CE0FFF7FEFE3C
S214027D98294B1B78012B4CD0284B1D78022D08D076
S214027DA8032D46D1B8F1000F03D1254B1B689B075C
S214027DB83FD43320FDF794FB01F0E8FCB6F1006FE0
S214027DC834BF204B052231464FF0060038BF1A78DA
S214027DD8FEF776FA044628BB1B4D2873012000F0EE
S214027DE829FF14F06EFF68802846B8F1000F0DD000
S214027DF8022300F8043B15F05FFA6C732F613946CC
S214027E08304612F074FD2046BDE8F081012300F8E2
S214027E18043B15F051FA6C732F613946304612F05E
S214027E2865FDF0E72846FDF75BFBB8F1000FF4D0D6
S214027E38E5E70224E7E700BF906200208F62002091
S214027E4830470020396D0020D4540020034B1878A0
S214027E5818B9034B034A1B78D05C70478E62002021
S214027E68906200206F11050038B5174B04461B7840
S214027E78033B012B06D8437BDB0703D590F90900A1
S214027E8813F024FA0025114B83F859502079FFF78E
S214027E9859FFFFF7DBFF61882488034622462846F7
S214027EA8FEF720F8044620B11720FFF715FE2046F5
S214027EB838BD1723064DC82106486B6118F0C2FD67
S214027EC803232B76F3E700BF90620020E8530020D6
S214027ED8D4540020F46A0020F0B51A4D06460C4623
S214027EE893B0A5F8680005F16A0729BBC5F86A10B9
S214027EF8796012F0EDFC6A4601460020FCF72CFA7F
S214027F08D5F86A30ADF81060CDF812307B68CDF837
S214027F18163012F0DDFC6A4601460020FCF7D2FC59
S214027F284FF6FF73B5F86800984203D014B10649B5
S214027F3812F0E0FC13B0F0BD08223846F5F784F9D3
S214027F48D7E700BFE8530020525400202DE9F0413D
S214027F58DFF8B8801F4698F8003005460C461646E5
S214027F681BB102252846BDE8F081531E052BF8D81A
S214027F7818F04CFF0028F4D13B7B032B14D14FF6A4
S214027F88FE739C4212D1012E09D0022EE9D114F0BA
S214027F987BFE4FF6FB73984203D814F075FE044630
S214027FA804E015F046FBFAE7012EDAD0EDB93946B9
S214027FB82046FFF765FA05460028D3D198F8003020
S214027FC8332B03D0532B1CBF0E4B18613046FFF7DA
S214027FD8DDFD00214FF6FF70FFF77EFF0A4B1B7888
S214027FE8002BBFD00BF048FABCE7397B721ECB1EBB
S214027FF8594259415042504107F054F90546002863
S214028008D5D0AFE7D45400203A6D00208F62002006
S2140280182DE9F84305468846914614F035FE3F4E4C
S21402802804463378033B012B06D86B7BDB0703D564
S21402803895F9090013F04AF914F026FE384B394F21
S214028048188014F03EFE384B1880FDF72DFA374B91
S2140280581880FDF72FFA082201463548F5F7F4F896
S21402806814F0DBFD334B18702879FFF76BFE0021FE
S2140280786888FFF731FFFDF72DFB60B14FF6F67201
S214028088631E9BB2934206D915F0D3FAB7F8683046
S21402809804468342F8D0204614F002FE288814F0DC
S2140280A81CFE4946B7F86800C047044628B9192096
S2140280B8FFF712FD1920BDE8F883B7F8681014F028
S2140280C87AFB00231C4D87F859302B7803F0FB0304
S2140280D8022B02D0204615F067F8002220461146E9
S2140280E8FFF7F2F80446A8B117236B613378042B1E
S2140280F809D1C821114818F0A5FC03232B7684F071
S2140281080100C0B2D7E74FF416710C4818F09AFC73
S2140281180023F3E71720FFF7DFFCF0E79062002062
S214028128C65B0020E8530020C45B0020C25B002028
S214028138276300202F630020D4540020F46A00200E
S214028148F0B50C461E460B462049074689B004F190
S214028158140053F8045B834241F8045BF9D11B8888
S21402816802AD0B80D4F80E00D4F81210238803C58B
S214028178ADF8103023798DF812208DF813300023CD
S2140281883A468DF814304FF6FE71012002ABFFF71F
S214028198DDFEC8B902A8FFF7AFF9237B4BB10C4D39
S2140281A80C4B01AA29460120019313F06BF82A7892
S2140281B81AB92046FFF758FE03E020460199FFF752
S2140281C827FF08B9044B1E7009B0F0BDC85B002033
S2140281D8D4540020D7D203003063002001232DE9AF
S2140281E8F341304E05460F4600202F491446737356
S2140281F800F0EEFC13F06CF8DFF8AC8038B9012D0D
S21402820801D9042D0FD12146384612F0FAFB102068
S21402821800210AF07FFC00283CD0002002B0BDE80E
S214028228F041FCF7A3B8002CF1D1204B1B78212B88
S21402823803D0062B01D0532B02D101F00DFEE6E740
S214028248FDF748FA0028E2D000F0EEFC28B9307BA9
S214028258C0F11800FFF740FCD9E7154B4146204607
S214028268019300F0B5FC20B140F61901114818F048
S21402827876FE01AA0B4998F80C0013F003F8327838
S2140282881AB90948FFF7F0FDC1E701990648FFF752
S214028298BFFEBCE7FFF78AF80028BED102B0BDE8E9
S2140282A8F08100BFD4540020C85B00208F620020F3
S2140282B8D7D2030043AD04001FB5144B04461B88EF
S2140282C8DB0707D44FF6FF700021FFF705FE0020F4
S2140282D804B010BD0A230E4A012001A9FDF77AF858
S2140282E84FF6FF73BDF80C209A42EBD00822FF2106
S2140282F801A814F05BFC0028E4D10CB90120E7E7DA
S214028308BDF80C0001A9FFF7E7FDF7E7E05B0020E0
S21402831826E1010038B50C46154614F0C1FC03F0F8
S214028328AFFE29462046FFF7D7FD00F07DFC48B190
S214028338074BDB790E2B28BF0E230133DBB2054A27
S214028348137038BD044B1B78013B18BF0123F6E7B0
S214028358C85B0020466300209062002038B50022E1
S2140283680821044614F022FC0546C8B914F08CFC11
S2140283782A464FF6FF71FFF7CDFF2046217CFFF70E
S2140283882BFC6269E189207C01F076FF054B1B789D
S214028398012B01D107F0F6F8FFF76AFB002038BD7B
S2140283A80120FCE79062002038B51D46FFF7CEFD97
S2140283B80446C8B92B7B2846032B03D1BDE83840B0
S2140283C8FFF7CCBFFFF798F8084B25469C8114F0B8
S2140283D824FC0121064B81401A780620FDF770FF1F
S2140283E8044608B1034B1D70204638BDD4540020FD
S2140283F8396D00208F62002030B5012087B0FFF764
S2140284085BFF6B460446144A1068516803C384B976
S21402841805F0BCFE02A8FFF78DF84FF6FF75224658
S214028428BDF80E002946FFF775FF12F069FA07B085
S21402843830BD6B46094AD2F86A00D2F86E10B2F816
S214028448685003C305F0A2FE02A8FFF773F86A464F
S214028458BDF80E00E6E700BFAB360400E85300207E
S21402846873B53A4B04461B781BB10224204602B069
S21402847870BD18F0CBFC0028F7D100F0E5FB14B16C
S2140284882288334B1A8000210DF10700FDF7ACF85D
S214028498002856D114F001FF04460028E6D12D4DD7
S2140284A89DF80700FFF772FB2B785A1E012A1FD881
S2140284B8FFF7A2FF2B78033B012B01D801F014F932
S2140284C8FFF7D6FA012014F06FFB034600283AD1CC
S2140284D82A78033A012AC9D81D4A108810F00205DC
S2140284E821D0052201201C49FFF744FC0446BDE7BB
S2140284F8033B012B04D82046FFF7DEFE0028D7D11F
S2140285082B78053B012BB1D8FFF776FFFFF7B0FAB9
S2140285182B78052B0CBF04200520FCF7E1FF012071
S21402852814F042FBE2E70D4E0223314601200C4AC4
S214028538FCF750FF33885B0798D5284601F0E8F821
S21402854894E7172492E7044690E700BF8F6200205C
S214028558E05B00209062002000F8FF07925B002094
S21402856827E101007FB50024184E194D3278E3B290
S2140285789A4201D804B070BD4FF6FF73B5F868206A
S2140285889A421AD0134B1B88DB0714D5124AB5F841
S214028598683010685168ADF80C3001AB03C30F4A57
S2140285A80A23002001A9FCF715FF022300200C4A23
S2140285B80C49FCF70FFF0134D8E7002208210648C9
S2140285C814F0F4FA0028F6D1DCE700BF156D002097
S2140285D8E8530020E05B00205254002026E1010008
S2140285E827E10100925B002010B501F0CFF802F0F7
S2140285F813F8D8B10E48FCF773FE0E480E4C017AF3
S2140286080E30FFF7E9FA23781BB100F0BFFA002311
S21402861823700022094B1A73FFF72AFA08F056FD50
S21402862801F044F9BDE81040FFF79CBF10BD00BF3B
S214028638F46A0020C85B002030630020D45400206F
S21402864810B52548FCF74CFE01F0E6FF30B1234B87
S2140286581B781BB9BDE81040FFF7C6BF01F0DCFF68
S21402866878B11F4C237E83B1C8211B4818F0EAF95B
S2140286780021237E0846013B2376BDE81040FBF71F
S214028688E3BEFDF727F80028EBD1FDF723F8154BD4
S2140286981B7858B9112B03D003F0FD03412B19D1CF
S2140286A8BDE810400E4B5869FFF716BA332BF7D1C0
S2140286B80D4B188814F0F4FA0C4B188814F00DFBBE
S2140286C80B4B0C491888FFF707FC0B4B1878FFF77B
S2140286D839FBE5E710BD00BFF46A00208B62002074
S2140286E8D45400208F620020C65B0020C45B0020A2
S2140286F8C25B0020276300202F6300202DE9F04F7D
S2140287080F4685B002AD044629463846914616F00D
S214028718BDFA4FF0000B82463846CDF804B014F086
S21402872813F94678022C804606F0020609D85CB190
S214028738FCF7D0FF0446002848D1754B01241B7865
S21402874865E0043C022C3AD9FCF7C4FF384614F01C
S21402875874F800240546A046DFF8D8A1384614F077
S214028768F3F850F809300DF10500019318F0D5FC1E
S2140287789DF807B00746B8F1000F4DD1BBF1000FC0
S2140287885BD0DFF88C9199F800300BB1002E63D0DD
S214028798002C61D05F4B1B78022B5DD1BBF1000F1A
S2140287A853D1384614F07CFA58465946FFF714FA5D
S2140287B808F08CFC40F6074012F05FF934E014F03B
S2140287C83BFDFCF787FF0446F8B15C464EB1524BB8
S2140287D81B78012B02D0043B012B0BD805B0BDE851
S2140287E8F08F4B4B1B782BB14B4B1B7803F0FB03DC
S2140287F8022BF3D0BAF1000F404608BF002516F048
S21402880838FA4FF001088246A8E7414B1B78002B3E
S214028818F0D0002EEED1E1E7BAF1000FAED0504606
S214028828FDF73AFB0028A9D1002017F015FF00280B
S214028838D4D0002014F096F8D0E74FF6F7739F428C
S2140288489FD91720FFF748F9EEE7FCF743FF48B130
S2140288583248FCF745FDF4E7FCF73CFF10B1BBF1E4
S214028868000FF5D1FCF736FF0028DDD02846FDF7C5
S21402887867FFFF28DFF89CA0294C03D09AF800303F
S214028888012B04D12946B4F86800FEF7C5F8FEF7AE
S21402889881F92A463846B4F86810FFF73BFD214BA3
S2140288A8214A93F906301B0213809AF80030012BEE
S2140288B819D0312B14BF432311238AF800301B4BDF
S2140288C81648196818F0BEF800F00EFF0023124C7E
S2140288D899F80010237641B9104818F0B3F840F614
S2140288E81B436361A0E71123E7E7B8F1000F03D043
S2140288F816B1FFF779FEF2E70D4B1B78042BEED183
S2140289080521064818F09EF809232376E7E700BFF4
S2140289188B6200208F620020D4540020F46A002064
S214028928E8530020C85B0020DE5B0020146B0020A2
S21402893890620020156300202DE9F043084693B0A4
S2140289480E4614F001F809220021804617F0CEFEE2
S2140289580446304613F071FF052207460DF1090357
S21402896830460AA912F0E3F8022881461DD09DF87F
S214028978093031461C440023E4B204F1100218F808
S214028988045001200093D2B20FF02CFF68B1072DD5
S21402899809D855B1013D062D07D8DFE805F00918B4
S2140289A8068A062541007C2D45D013B0BDE8F08323
S2140289B85B4B1B78013B012BF7D8304613F0BCFE05
S2140289C8002332461946009414F03AFCEDE7554B5C
S2140289D81B78012BE9D1544B18780028E5D122469A
S2140289E83146FFF78BFEE0E74D4B1B78013B012B28
S2140289F8DBD8384609F0DCFF4FF6FF739842044688
S214028A0806D0304613F098FE2246394614F0A4F9EA
S214028A18444B1B78022BC8D1384611F0F0FFC4E746
S214028A283F4B1B78013B012BBFD8494630460AAA62
S214028A3800F01EF9B9E73A4B1B78013B012BB4D874
S214028A48A04498F8012098F80230652AADD16D2B1B
S214028A58ABD1304617F026FF1334E4B28442A4D2D0
S214028A680822394603A8F4F7EFFB214630460DF1F3
S214028A780A0216F04EF8002897D1BDF80A30002BE5
S214028A8893D005A809F0B0FA0123284DBDF80A00CC
S214028A982B7017F007FF0446BDF80A0017F0E6FE2B
S214028AA8E2B2034605A903A811F043FF00232B7080
S214028AB87BE71B4B1B78013B012B3FF676AF062262
S214028AC80021404617F012FE404418F026FB0746DF
S214028AD8FCF758FE044600287FF467AF304613F0CA
S214028AE826FEC3047FF561AF46F204030121ADF802
S214028AF8143038460223CDE9004405AA16F058F881
S214028B08054600283FF451AF394613F054FE304666
S214028B1813F012FE22462946FDF706FA45E700BF7D
S214028B28906200208F620020D454002061630020E7
S214028B3808B5084B187050B1074B1B883BB14FF469
S214028B487A710648594317F07DFF002008BD0120B8
S214028B58FCE700BF82620020B26C0020DC450020E1
S214028B68014B1878704700BF82620020014B1880BC
S214028B7800207047B26C002008B5FCF7B1FB002253
S214028B88014B1A7008BD00BF8262002010B500248F
S214028B98044B05481C80054B1C70FCF7A1FB2046BD
S214028BA810BD00BFE25B0020186B00203A6300206D
S214028BB808B50348FCF794FBBDE80840FFF7E6BF94
S214028BC8186B00200148FCF79BB800BFE25B002048
S214028BD8F7B5134B04461B780E46EBB183421DD9F4
S214028BE80021104818F001FB002501460D4F09B96F
S214028BF8012009E0AC4209D1002416232246304659
S214028C08009418F08FFB204603B0F0BD384618F0E3
S214028C1810FB01350146EAE71820F5E72720F3E7B7
S214028C283A630020E25B0020014B1878704700BFC9
S214028C383A63002025289DBF024B18700020212089
S214028C48704700BF3C6D0020012307B51846064A48
S214028C580DF10701FCF7BEFB9DF80720034B1A70BF
S214028C6803B05DF804FB00BF29E10100B46C0020E4
S214028C78F8B507460E46144613F0DFFD1A4B0546AE
S214028C881B78022B2FD1194818F0DDFA58BB284654
S214028C9811F06AFF38B322463146384611F060FFB3
S214028CA808B311F018FE0446384613F045FD104B7B
S214028CB8012E1A784FF00F0303FA02F39BB2B4FBA5
S214028CC8F3F203FB124404F10104A1B206D1094BE4
S214028CD8094A1E702B6813606B6853600348BDE828
S214028CE8F84017F0AFBEF8BD8F620020FC460020A1
S214028CF83B6D0020396300203163002084B010B534
S214028D0802AC84E80F00082227480DF11601089CD9
S214028D18F4F794FD08BB9DF815309A0705D4234B43
S214028D281B7803F0FD03312B1DD12149637809789E
S214028D3803F00F028A4203D0012922D1022A12D155
S214028D48227882B91B09022B0DD11A4BA0781B7800
S214028D58022B1AD1C0F3800006E00022082112482E
S214028D6813F024FF20B90020BDE8104004B0704775
S214028D78114BBDF808205B889A42CCD0002BCAD08B
S214028D88F1E70229EFD1012AD9E7030609D40B4BEA
S214028D98B3F86820BDF80A309A42E4D1FEF714FC0C
S214028DA8E2E70120E0E700BFD85400208F620020E7
S214028DB8096D002090620020D4540020E853002059
S214028DC8284BF0B55D88002387B08DF80830264B0F
S214028DD80DF10B001B7805F0010743F020038DF810
S214028DE8093014F069FA6FF07F43ADF813308DF846
S214028DF8153014F0DFFA1D4B8DF816001B7805F0B7
S214028E081006DB00DCB2F1F719F8194B1B7883421F
S214028E182CBF44F0040344F084032FB1A9061ED4E1
S214028E2826B143F0020301E0AA07F9D40021084656
S214028E388DF80A3017F08EFDADF8060058B10123FA
S214028E480F2202A90DF10600FCF79EF918B90DF1DA
S214028E58060012F014FABDF8060007B0F0BD43F09B
S214028E680103DDE7B46C0020096D0020466300208C
S214028E788862002010B5FCF733FA0A4B1B78022BDF
S214028E880CD1094B1B78033B012B07D9074C2078DA
S214028E9828B1002011F06BFE0023237010BD13F0DA
S214028EA82EFFF9E78F6200209062002039630020C7
S214028EB884B02DE9F0478EB016AC84E80F00DFF8D0
S214028EC878C1594BBCF802009DF85DA010F0010469
S214028ED89DF96220BDF870E09DF875909DF9767050
S214028EE89DF878509DF97A109DF95E809DF860602D
S214028EF81B7835D09DF87D00C0F34004C0F380008F
S214028F08002B4AD0494B1B78022B09D18A4244DBF4
S214028F1824D1A81BC0B280288CBF0020012016E0EE
S214028F28434B1B78012B01D1002C7AD078B19CF8E0
S214028F3800301E335BB29F42D4BF002701279845F4
S214028F48D4BF00230123BB4206D18A42E0DA0EB020
S214028F58BDE8F04704B070473846F8E70020F6E761
S214028F6810F0020F18D0C3B1490814BF0120002020
S214028F78520814BF012300238342E8D1AB1BDBB29D
S214028F88802B0AD9AE42E9D1B84506DB49D1CA4593
S214028F982CBF00200120DAE70BB90120D7E7AE4242
S214028FA816D002AC1CAF0FCF0FC497E8030044F8E4
S214028FB8040B2180DDE91A0116AB0090ADF8041007
S214028FC80FCB12F056F90028E7D1AE42A1D1BEE780
S214028FD8BDF8583073451ED008AC0DF1700CBCE8CD
S214028FE80F000FC49CE8030044F8040B2180114CC0
S214028FF8638873450FD10822211D0DF12E00F4F760
S2140290081DFC024638B90821201D13F0CFFD10B901
S2140290186388002BC1D1B845BFDBC2D1CA45BCD3D1
S214029028BFE7204693E700BF3A630020906200201D
S2140290388F620020D4540020B46C002084B02DE93E
S214029048F04F8FB06A4E18AC08AD84E80F001622AF
S21402905800212846F4F7A6F833783BB90024654B76
S21402906832781B789A4239D2002726E000216248D5
S21402907818F0BBF800270446B846DFF87C91002CA7
S21402908845D13FB1224639465B4813F0F2FC3378A5
S214029098013B33703378002BE0D0002156484FF05E
S2140290A8000918F0A2F84F468046CA46DFF848B1CB
S2140290B8B8F1000F6CD1002FD1D01621002218A8C3
S2140290C813F05DFC014648B1002F00F08B80224663
S2140290D8494813F074FC337801333370454B3278C1
S2140290E81B789A4207D944480022018813F0C1FC2B
S2140290F83378013B33703378012B03D13F4940481C
S21402910817F0A0FC0FB0BDE8F04F04B0704700227D
S214029118214616232846CDF8008018F003F91622B1
S214029128294618A8F4F78AFB0028EBD09DF8642095
S2140291389DF824309A4225D1BDF86020BDF820302B
S2140291489A421FD108220DF12E010DF16E00F4F796
S21402915875FBB8B902AF0DF1600CBCE80F000FC77B
S2140291689CE8030047F8040B39800EAB13E90300AA
S2140291780090ADF8041095E80F00FFF799FE002856
S214029188C0D027462146484618F053F8044676E7E4
S2140291981623002241462846CDF800A018F0C2F849
S2140291A802AF0DF1600CBCE80F000FC79CE8030085
S2140291B847F8040B39800EAB13E903000090ADF8AC
S2140291C8041095E80F00FFF773FE074620B1B9F1C1
S2140291D8000F04BF444681464146584618F029F80F
S2140291E8804665E73A46044818F005F873E700BF74
S2140291F83A6300203C6D0020E25B002020BF02009C
S214029208186B00202DE9F04F002104469FB00DF19F
S2140292184008162240460E91CDE90C11CDF83B10B7
S214029228F3F7C0FF052220460DF11F0316A911F019
S2140292387EFC0228074600F0F880204613F084FBDE
S214029248064617F06AFF8146F01C17F066FFADF86F
S2140292584000701D17F061FF012FADF8420020464E
S21402926840F0E68013F070FB0546204617F0FEFA3B
S2140292780D3502232D1A0093214643460820EAB2EA
S2140292880FF0B0FA002800F0D080204613F061FBF9
S214029298012F83469DF84D3040F0E38000252F4687
S2140292A843F001038DF84D3016AE3388022B4DD1AC
S2140292B8F178204602310CF00FF81B2846D1F178D7
S2140292C8204603310CF008F819283FD1F1782046D9
S2140292D804310CF001F84A2838D14FF0050AF17823
S2140292E82046013151440BF0F7FFF17805905144BE
S2140292F820460BF0F1FF059B00EB032083B200F03B
S2140293083F02932B059240F09B800023F778214674
S21402931802375744FFB23A4600930CA80F2318F0B8
S21402932801F807F10F01204615F089FB07F1110134
S2140293380546204615F083FBADF84200059B02332E
S21402934853445FFA83FA33795345C8D806360DF183
S2140293587603B342A9D19DF84D20C5F3C03363F313
S214029368410220468DF84D2013F085FA8DF8440008
S214029378204613F075FA8DF84500204613F075FA64
S2140293889DF83230BBF1190FC3F3C3028DF847209C
S214029398DDF833208DF84600CDF84E20DDF837206C
S2140293A8CDF8522094BF00229DF83E208DF8482022
S2140293B803F003028DF84A206E4A1278022A9DF8B4
S2140293C84D200CBFC3F38003DB0963F382026A4BAA
S2140293D88DF84D201B78022B57D1BDF8406013F04C
S2140293E870FC864251D108A813F066FFBBF1190F2C
S2140293F848D908220DF14E0108A8F4F71FFA0028EA
S2140294083DD1B9F5004F02D0B9F5624F0DD140F6FD
S214029418FF7325F440459D4207D1002208210DF12D
S2140294284E0013F0C3FB00283FD01FB0BDE8F08FF4
S21402943813F08AFA0546204617F018FA073518E791
S214029448412B7FF47BAFF1782046023151440BF072
S21402945843FF4A4B1B78C3F1B30318448DF84900FF
S2140294686CE76FF30003F01D8DF84D3017F055FECC
S2140294780CA90546204613F053FF0B276BE700F0AE
S214029488B3FFBEE700F0B0FFCFE7B9F5004F02D052
S214029498B9F5624FC9D140F6FF7325F440459D429F
S2140294A8C3D1BBF1190FC0D9B7E7BBF11A0F06D063
S2140294B807F11F0142462046C9B211F0E2FE304CBF
S2140294C8304D637BDBB12B78012B1DD1012323732F
S2140294D80CAB029314AC94E803000090ADF80410A9
S2140294E898E80F00FFF70AFC90B194E80300009092
S2140294F8ADF8041098E80F00FFF7A0FD08E0FCF7A7
S214029508E9F80028DFD0E1E703F0FD03042BDDD0FD
S2140295182B78012B01D0042B87D11B4BDDF84E008C
S2140295281B78DDF852108DF82230BDF84030ADF8C1
S21402953820309DF84D30C3F340038DF823309DF854
S214029548313003F00F038DF82C309DF848308DF833
S2140295582D3009AB03C30D4B1B681BB1414608A847
S214029568984762E79DF946209DF8451008A811F02D
S21402957844FA5AE7906200208F6200204163002076
S214029588D45400201E63002040630020C8540020E4
S2140295982DE9F043424B434C1B7885B0033B012B25
S2140295A822D817F0D5FC2378022B31D13E4A14680C
S2140295B8A0422DD03D4910600A68121B10443C4A4E
S2140295C80860127872B1013A93403C2253434FF432
S2140295D87A72534398421BD9032005B0BDE8F0437C
S2140295E8FBF77EBF0A23F2E717F0B2FC2378022BBA
S2140295F80ED12D4A1568A8420AD00027DFF8BC808B
S2140296082C4E1060451B98F80030FCB2A34202D8D4
S21402961805B0BDE8F08356F8243020462B4446F8B9
S214029628243017F09BFBC3074FF0000910D52046DD
S21402963809F0FEF970B156F82430242B08D9102206
S21402964800232046CDF8009009F00CFA46F824903C
S2140296580137D8E7184B1B5D13F00F031FBF03F142
S214029668FF32022393403C220CBF0A2353434FF493
S2140296787A72534356F824209A42E9D9204609F0CA
S21402968867F902A914F063FE28B1204609F060F9CA
S21402969802A911F030F9204614F0EFFED8E700BF11
S2140296A8906200208F62002028470020244700206E
S2140296B8046D002040450020346200201B6D002007
S2140296C8064B1B88DB0708D50022054B43F82020EB
S2140296D8044A135C63F00F0313547047E45B0020DC
S2140296E8404500203462002008B517F031FC0022FD
S2140296F8024B1860024B1A6008BD00BF28470020BC
S21402970824470020014B1868704700BF24470020F2
S21402971808B50C48FBF7E4FDFBF736FF80B10A4BA9
S2140297280322B3F86810012011F0CDFD4FF47A71C8
S214029738064B04481B885943BDE8084017F082B90F
S21402974808BD00BF386B0020E8530020946C002048
S214029758014B188000207047B86C0020044A054B5D
S2140297681870138823F003031843108000207047EC
S214029778E45B0020056D0020034B1888C0F30E003A
S214029788003818BF01207047925B002008B5FFF723
S214029798F3FF30B1002004490223044A0880FBF78D
S2140297A819FE002008BD00BF925B002027E10100D9
S2140297B8024B1888C0F30E00704700BF925B002069
S2140297C80023084A01201370074A08491370084BF9
S2140297D8084A1B7843F0040313800223064AFBF761
S2140297E8F9BD00BF3D6300203C630020925B002069
S2140297F8056D0020E45B002027E1010013B514463E
S2140298088DF80710DAB9CAB20E2A18D80E4B1B887A
S2140298181341DB0713D517F049FAFF2811D09DF834
S21402982807200A4B0DF107011A5400F5833001226E
S21402983800F58070E5F74AFA204602B010BD01240A
S214029848FAE70224F8E700BFB86C0020346200206A
S21402985830B5012100240B2385B0104D01940091E8
S2140298688DF80C308DF80D000323B5F8680003AAAE
S2140298788DF80E4015F09CF968B1B5F8681013F02B
S21402988838FE40B10522064B64211A70054B06487D
S2140298981C7017F0D7F805B030BD00BFE85300209B
S2140298A83C6300203D630020586B0020064B1B7863
S2140298B8033B012B06D8054B1B781BB9044B1878BB
S2140298C8FFF7C6BF704700BF906200203B630020C8
S2140298D8046D002010B51548FBF702FD144B1978E5
S2140298E8F9B9144A13787BB1013B1370124B1B78F3
S2140298F8042B02D10846FAF7A7FDBDE810404FF43C
S21402990896710A4817F09EB80C4A128802F00302AB
S214029918022A0AD1BDE81040032201200849FEF7B0
S21402992829BABDE81040FFF7C1BF10BD586B00202A
S2140299383D6300203C63002090620020925B00207A
S21402994800F8FF071FB50C238DF80C300B4B0C469E
S2140299581B88012123F004038DF80E3000238DF8AE
S2140299680D00CDE900132046032303AA15F020F9BB
S21402997810B1214613F0BDFD04B010BDE45B002013
S214029988F8B5064612F043FF0546304615F034F998
S214029998411C044689B230460BF09EFC0234074648
S2140299A8A1B230460BF098FC394602462846FFF725
S2140299B825FF022816D02946FFF7C4FF0A4B1B8844
S2140299C803F00303022B0DD1284617F06FF9FF2880
S2140299D808D00022054B43F82020054A135C63F0A2
S2140299E80F031354F8BD00BFE45B00204045002077
S2140299F834620020084B1A785AB10223013A93407F
S214029A084EF66022534303210448B3FBF1F117F0E4
S214029A1819B842F21073F6E7046D0020586B00205E
S214029A2870B505461748FBF75BFC0122164B28461D
S214029A381A7015F0E1F8411C044689B228460BF064
S214029A484BFCA11C064689B228460BF045FC0F4C77
S214029A5802232080214600200D4AFBF7BBFC86B96C
S214029A68238803F00303022B03D1FFF73DFEFFF71B
S214029A78C1FF23885B0704D5BDE870400548FFF799
S214029A8847BE70BD586B00203D630020925B0020E5
S214029A9827E10100386B00202DE9F0431F4C0546EC
S214029AA8238889B0002B33D01D4E00214FF48070D6
S214029AB809F09CFA3378DB0728D50121208816F0AE
S214029AC80DFF0746208812F03FFF023017F025FBED
S214029AD805A98046208815F095F93378384613F09C
S214029AE8020F104B18BF0025B3F8009016F0DAFEE6
S214029AF80646384616F0BAFEF6B2029042460621E6
S214029B082846CDE9009605AB10F035FF00232380E2
S214029B18054809B0BDE8F043FBF7E2BBEC5B002062
S214029B283E630020E85B0020786B00202DE9F047B2
S214029B38304F80463D880E4614469946ADB31046C9
S214029B4812F010FEB0F5006F2FD1204612F01DFE5F
S214029B58824617F0ABF8FF2827D02EB1264A32F8ED
S214029B6810302B4322F81030B5F5007F36D0B5F505
S214029B78806F33D0B5F5807F17D1204B1B88A34260
S214029B881CD14FF6FF718A450FD0204612F013FEFD
S214029B98284609F059FA50B93046FFF77DFF0023E8
S214029BA8174A1380174A3B801370BDE8F0870220D5
S214029BB8002108F0AFFF0028EED1F0E7104D2B8801
S214029BC8A342F2D14FF6FF718A45EED024B1204661
S214029BD812F0F1FD00232B800023E3E70023094A55
S214029BE83B80137031464B4622464046BDE8F04756
S214029BF813F007BAE65B0020805B0020EC5B0020CF
S214029C08EA5B00202363002010B5044640F6214094
S214029C18FFF742FF01214FF4807009F0E7F978B1A7
S214029C280022084B1C80084B1A700BF0D5FCBDE8C6
S214029C381040064B1880064B0648198816F002BFD5
S214029C4810BD00BFEC5B00203E630020E85B0020EE
S214029C58966C0020786B0020044A137818B943F0F3
S214029C6801031370704743F00303FAE73E630020CC
S214029C782DE9F04FDFF84C9187B099F80060002E76
S214029C8840F08C80DFF840B1DFF840A19BF8003046
S214029C98F4B2A34207D80022424B1A8007B0BDE8A6
S214029CA8F04FFDF7ABBB20463AF8145008F0C0FE5A
S214029CB88046002860D0204608F04AFE15F4007157
S214029CC8074645D001464FF6FF720E2013F034FDC4
S214029CD80546002850D0394612F06DFD4FF4007341
S214029CE80027304E204633803AF8142022EA03032F
S214029CF82AF8143010220023009708F0B3FE2A4BE5
S214029D081B88DB0707D5294B294A43F82470135DBD
S214029D1863F00F031355182000216043254B264C89
S214029D280093019101232A46205CFAF7B1FB00282A
S214029D3814BF0123002389F8003005D13388B3F510
S214029D48807F01D11D4B1880404607B0BDE8F08FD2
S214029D58680513D5059113F06CFC01220599034694
S214029D68009207203A46CDE90111FDF765FC4FF44B
S214029D7880630546002DB3D1013687E7104B188855
S214029D880028F9D0EA05F7D5394612F014FD0C4B2F
S214029D981D880A4B1D804FF48073EBE74FF00008CE
S214029DA8D2E700BFE65B0020E45B002040450020C7
S214029DB834620020359B020080130020EA5B0020F4
S214029DC8EC5B0020236300201B6D0020805B0020D4
S214029DD8042230B501F0400387B0002B054614BFB5
S214029DE8012400248DF80C208DF80D1004D004A947
S214029DF814F0ADFA38B304ABCDE9004301210223CF
S214029E08284603AA14F0D4FE0446F0B1104B1B7879
S214029E18033B012B04D80F4BB3F8681012F0CBFCA7
S214029E284FF6F7739D4209D9322202212046FDF7E2
S214029E384BFA80F00100C0B207B030BD2946204672
S214029E4813F057FBF5E70120F6E71920F4E700BF01
S214029E5890620020E853002010B5FFF797FC04F044
S214029E68DBFF13F09FF9002014F06CFA16F0CEFF11
S214029E7808B1FCF7B7FA204C2378532B12D10323E8
S214029E8823700023FF2219460120FDF773FF0020E6
S214029E9816F0E2FB10B1002012F064FDBDE8104097
S214029EA811F015BA062B01D0212BF0D10120FDF7AF
S214029EB805FF4FF6FE7012F0F3FE4FF6FF7012F033
S214029EC80CFF0020FDF732FE0020FDF75FFEFDF7CF
S214029ED8AFFD00F087FB11F0FDF92378212B02D1A4
S214029EE8FDF782FBD3E70020FBF7FAFA00214FF4CE
S214029EF8004014F029F8CAE78F62002010B50A4C11
S214029F080A48FBF7EDF92378062B02D10120FDF764
S214029F18D5FE2378062B01D0532B03D1BDE810407B
S214029F28FFF79ABF10BD00BF8F620020986B002013
S214029F382DE9F84FDFF8CC8004460E461746FFF7A1
S214029F4825FC98F8005015B90220BDE8F88F212D97
S214029F58FAD0DFF8B49099F80030012B01D1A306A5
S214029F68F2D4274817F06FF90028EDD114F0200430
S214029F7839463046DFF894B0DFF894A005F00F05AE
S214029F881BD010F0B6FC012D8BF80070AAF8006002
S214029F9833D1212388F80030FFF75EFF0020D4E78C
S214029FA8212388F80030FFF757FF00214FF6FE708E
S214029FB8FDF792FFFEF7D6FAF0E710F099FC012DAE
S214029FC88BF80070AAF80060EAD0062321464FF6FE
S214029FD8FD7088F80030FFF7FBFE40F6020240F2FA
S214029FE8262199F800300648033B012B88BF114604
S214029FF816F028FD002CD1D1D7E75323E6E700BF99
S21402A008986B00208F620020906200203F63002039
S21402A018BA6C00202DE9FF410F460546511C38460A
S21402A0280BF05AF90446384612F08EFC0646023001
S21402A03817F073F8424B80461B7804F04002022B56
S21402A04802D0043B012B06D83E4B1B68580205D5A6
S21402A058A10603D452B304B0BDE8F08132B33A4A3B
S21402A0681278D11E012917D8384BB3F86830AB429C
S21402A078F1D17378180714D5304614F0FAFDFBF7B9
S21402A0880BFF0028E7D00122294604F0200004B07E
S21402A098BDE8F041FFF74CBF022ADCD1DF01DAD473
S21402A0A8E7E712F0F1FD4045D5D1ECE7264B1B78E1
S21402A0B8013B012BCFD87378D906CCD502A93846EE
S21402A0C814F0E4FD002002A916F0C0FDFF2806469B
S21402A0D80BD0A20601D413F052F9304608F038FC29
S21402A0E804F0BAFE304614F0C8F9284617F0F6F817
S21402A0F8FF280DD0FCF766FB14F0200608D112F0F4
S21402A108C3FD28B133460222284602A905F0E0FF1D
S21402A11812F0BAFD00289ED1A3069CD402A94FF6D7
S21402A128FF73022228460EF01EFB4FF6FF72034606
S21402A13800922846022202A910F0CDFC8BE700BF47
S21402A1488F6200203047002090620020E8530020EB
S21402A15838B504460D4616F0A9FDFF28034615D065
S21402A1680B4A127842B10B4A32F81020520403D531
S21402A17814F083F9002038BD184613F000F920467B
S21402A18845F04001BDE83840FFF722BE0120F2E75D
S21402A1988B620020805B002038B5054612F0D4FB9F
S21402A1A80446284614F028FD411C89B228460BF0BE
S21402A1B893F842060DD563781B070FD5204614F090
S21402A1C858FD0146002016F041FDBDE8384014F05F
S21402A1D854B90348BDE83840FFF790BE38BD00BF03
S21402A1E8986B002038B54FF6FF75A842044617D07C
S21402A1F812F067FDA04213D04FF6FD72094B19887C
S21402A20891420DD9084A1288AA4201D0A24207D121
S21402A2181C804FF47A71BDE83840044816F012BC28
S21402A22838BD00BFA06C0020BC6C0020BC460020D5
S21402A23808B50448FBF754F84FF6FF72024B1A802B
S21402A24808BD00BFBC460020A06C002037B50546F6
S21402A2580C46082369460120064AFBF7BBF815B1E7
S21402A2689DF806302B700CB1009B2360BDF80400E5
S21402A27803B030BD25E1010007B508238DF80600B6
S21402A288ADF80410009269460020034AFBF7A2F8CC
S21402A29803B05DF804FB00BF25E10100024A13780B
S21402A2A80BB1013B137070477E62002008B512F0AE
S21402A2B814FD00214FF6FF72054B08461A80FDF77B
S21402A2C88BFCBDE8084040F6164010F0D6BB00BF2F
S21402A2D8A06C002008B5FBF703F80A4B1B78023B74
S21402A2E8032B08D84FF6FE73074A108898424FF693
S21402A2F8FF7301D1138008BD9842FCD0BDE8084020
S21402A308FFF7D4BF8F620020A06C002010B5084B60
S21402A3181B78042B0AD012F0B7FC00210446084624
S21402A328FFF794FF231A5842584110BD0020FCE755
S21402A33890620020F0B5002689B00546CDE905668C
S21402A348ADF81C6014F058FC0A2302460446294657
S21402A358009605A816F0E6FF9DF815309DF81470CD
S21402A3681F2B27D803A812F0A7FF08220DF1160103
S21402A37803A8F3F763FA0646E0B9092F1CD1FFF7DC
S21402A388C5FFB8B1144B1B78A3B1144B1A884FF605
S21402A398FD739A420ED9124C124A23780433DBB262
S21402A3A823701278013AB3EB820F03DD58B20EF02F
S21402A3B82FFC267009B0F0BD0A34E4B221462846BE
S21402A3C80AF08AFF13F001F8611C284614F037FBDE
S21402A3D8FFF708FFEEE700BF1D6D0020A06C002007
S21402A3E87E620020036D002038B5134B1B78033BB2
S21402A3F8012B20D9114B4FF6FF711B78ABB1104DCC
S21402A4082B888B4217D112F05CFC4EF6602104466C
S21402A4180C4816F017FB4FF6FE7322462B800021D7
S21402A428BDE83840092012F0DEBF074A13888B427F
S21402A4381CBF0133138038BD906200201D6D0020BA
S21402A448A06C0020BC4600208E5B002010B5044697
S21402A45861B1FF2112F019FA0021204612F01BFA08
S21402A46812F049F90146204612F01BFA2146BDE8C9
S21402A47810400022014816F0BEBE00BFF05B002066
S21402A4882DE9F0410D461746044612F05DFA0678A5
S21402A4982846FBF777F929468046204612F08BF9BC
S21402A4A812F0F2FBA84206D120460121FFF7CEFFA2
S21402A4B80120BDE8F0812846B8F1000F0AD0FBF764
S21402A4C8EFF950B9144B3A462046BDE8F0411978E0
S21402A4D8FCF7FABE13F060FFF3E706F00306012E58
S21402A4E808D012F0D1FB00232246294602F030FF9C
S21402A4F80028D9D1204612F01AF9430505D5204678
S21402A508BDE8F041002112F001BD204613F017FF06
S21402A518B0FA80F04009CCE7016D002010B586B08D
S21402A528044614F069FB104B024618681979029023
S21402A538D3F805005B7A01328DF8143000238DF8C3
S21402A5480C1004902146009392B2052304A816F034
S21402A558E9FE052204A902A8F3F770F9B0FA80F01A
S21402A568400906B010BD00BFD810050008B5074858
S21402A578FAF7B6FE064B1B78033B012B05D8BDE857
S21402A588084000210846F9F75FBF08BDB86B0020EF
S21402A5989062002008B5114812F0A5FA104B1B78F5
S21402A5A8012B06D8FF2009F0FDFBFCF751FD08F049
S21402A5B89DFCFCF76BF902F06BF9FFF701F914F052
S21402A5C8B2FC0BF05BFBFCF7F9FE0BF085F810F01B
S21402A5D894F9BDE8084003F0B1B900BFB0540020B2
S21402A5E8026D002008B5EFF777FDFF2803D0094B68
S21402A5F81B78012B06D9002009F0D4FBFCF728FDAE
S21402A60808F074FCFCF742F902F042F9BDE808408B
S21402A61803F094B9026D0020064B1878112806D06C
S21402A62800F0FD00A0F1410358425841704701204E
S21402A638704700BF8F6200202DE9F0410446FCF700
S21402A648AFFC18B100263046BDE8F0811D4B1B78DA
S21402A658033B012B09D81C4BB3F868104FF6FF735F
S21402A6689942EFD0204612F0A6F8184B022120464F
S21402A6781A88FCF729FE06460028E3D0204612F080
S21402A68863F990F807800546043016F046FD07463B
S21402A69812F0FAFA414602463846FCF799FCA81C1C
S21402A6A816F03BFD4FF6FF73984202D12046FFF79D
S21402A6B8ABFA2B789B07C6D101212046FFF7C6FEC8
S21402A6C8C1E700BF90620020E8530020EE5B00203E
S21402A6D82DE9F04F002585B00746039512F034F9A8
S21402A6E80646043016F019FD8046B01C16F015FD15
S21402A6F8337804464046009316F0D8FA8246404617
S21402A708FBF740F83378BAF1FF0F0CBF83464FF0D9
S21402A718010B9A070AD112F0B7FA404514BFD94678
S21402A7284FF00109B3791BB90320B9E0A946F9E746
S21402A73812F0AAFAA04205D112F0A6FA0446994BDC
S21402A7481B7836E0984B1B78052BF8D0033B012B79
S21402A75803D8964BB3F86840F1E7204616F0DBFDBF
S21402A768737840B313F00402DFF838820BD198F8F6
S21402A77800301A4421463846D2B2FFF781FE002836
S21402A788D2D000208CE0384614F0F8F90146054687
S21402A79838460AF0A1FD421C52002946384602F005
S21402A7A8FE0212F066FE737823F00403737098F8BC
S21402A7B800300022DDE75B0726D5384614F0DEF9BE
S21402A7C80146064638460AF087FD824606F1010922
S21402A7D81FFA89F9494638460AF07EFDDFF8C48131
S21402A7E8BAF1000F01D0FF2805D1002249463846A3
S21402A7F80AF086FDDBE7B11C01EB4001C9B2384618
S21402A80814F01DF90446D2E7204603AA02A913F05B
S21402A81813FF0546B9F1000F4AD0009B03F0C003A8
S21402A828802B0ED1FF2320468DF809300BF03EFA16
S21402A838FF281BD00DF109020DF10A010BF02AFCC4
S21402A84814E0402B34D19DF808308BB3FF23204602
S21402A8588DF809300BF02AFAFF2807D00DF1090205
S21402A8680DF10A010BF016FC2D281CD13378404650
S21402A87803F03F03337016F04EFD10B912F004FAD7
S21402A8888046002342461946204608F04FFE002816
S21402A8983FF44AAFC822072138460AF055FF01207E
S21402A8A805B0BDE8F08F9DF80930FF2BDED12546AE
S21402A8B8039838B99DF80820002A62D1394B2C46ED
S21402A8C81B7856E709F032FA039AFF2803461279EC
S21402A8D808D1CDE900204FF4E171354816F03FFB68
S21402A8E8DDE90023B9F1000FE4D002F03002102AA5
S21402A8F80AD0202ADED1BBF1000F24D051461846D2
S21402A90809F016FC0028D5D1DFF8A89099F800308F
S21402A918012B45D0204610F0B6FC28B92A46214617
S21402A9284046F37913F00BFEA54212D1039A137927
S21402A93823F00C0313719DF80830ABB92C46194B5B
S21402A9481B78302215E7039B1B7913F00C0FDBD11B
S21402A958B0E799F80030022BE8D0039A137923F06F
S21402A9680C0343F00403E5E70121204612F0D0FB6E
S21402A97820B920460BF09AF9FF280FD0094B1B780E
S21402A988DFE70121204612F0C3FB00287FF4D7AE8A
S21402A99820460BF08BF9FF287FF4D1AE02207FE722
S21402A9A8A542D9E7EE5B002090620020E85300201B
S21402A9B8B9AD04004363002038B50E4B04461B7835
S21402A9C80D46033B012B10D900F108039BB2012B5D
S21402A9D80DD812F059F9002302462946204608F0F7
S21402A9E8A5FD80F00100C0B238BD0120FCE70220B8
S21402A9F8FAE700BF906200202DE9F04106461046AD
S21402AA080D4614F0F9F8A0F11004E7B256FA84F4E9
S21402AA182146EA1B04F10E00F2F716FC2823DFF89B
S21402AA284480F35598F80030637301F045FF611CC3
S21402AA380246012010F061FC08220949601DF2F75F
S21402AA4803FC98F8000013F0EDFA05F10E01304603
S21402AA583B460022C9B201F0E1FF1220BDE8F081B0
S21402AA68156300208A6200202DE9F04F89B004465B
S21402AA7811F06AFF0546204611F0C9FE0746281D52
S21402AA8816F04BFB8146A81C16F047FB0390384687
S21402AA9895F807A016F03FFC2B780490990761D129
S21402AAA82146042002F0C2F800285BD0204614F0A3
S21402AAB8A3F8014620460AF00FFC820752D1204628
S21402AAC814F09AF8014620460AF006FC10F0030332
S21402AAD8059347D12046FFF721FD002842D020469D
S21402AAE814F07FF9461C204615F0DCFEF6B206F195
S21402AAF80A0B834580F29F80504A06AB106851685D
S21402AB0803C3711C20460AF0E7FB314680462046FE
S21402AB180AF0E2FB594600EB082820460AF0DCFB5E
S21402AB288346059B2146B21C009306A8082316F006
S21402AB38F9FB1FFA88F8204611F069FE5A46414684
S21402AB4810F0CFFB0122404606A901F09BFB002825
S21402AB5871D102200BF036F8013003D1404606A91F
S21402AB68EFF788FB12F090F848453A46514608D166
S21402AB7812F0FCFA00285ED109B0BDE8F04F01F0E9
S21402AB8877BB484612F0F2FA002854D12C4B1B78B1
S21402AB981BB93946484612F086FC3A46514648469C
S21402ABA8FCF716FA002846D0297811F0030102D1DC
S21402ABB82046FFF74BFCAB79002B3CD0214B1B7889
S21402ABC8DA1E012A37D9062B35D06B78DB070DD566
S21402ABD803982E7A13F0C5FA10B3F30803F01C0391
S21402ABE826F01F06334343F001032B724FF6FF711C
S21402ABF8204611F0E0FD049BDBB90FF06CFE00F076
S21402AC083F0202212046FCF75FFB4FF6FF73039ACA
S21402AC189A4210D1204609B0BDE8F04FFEF7F4BFBD
S21402AC2806F01C031C2BE1D0042B04D9043E2E721A
S21402AC38DCE70022E5E709B0BDE8F08FAB36040092
S21402AC4886620020906200202DE9F04385B0044613
S21402AC580E46174611F075FD0C2820467BD111F0DA
S21402AC6873FE0922002115F041FD00F11005EDB230
S21402AC78294620460AF030FB042853D006D8012875
S21402AC8815D0022822D005B0BDE8F0837C28FAD178
S21402AC98204615F007FE0546204615F0E7FD024653
S21402ACA83046E9B205B0BDE8F0430FF040BE46B9FB
S21402ACB81321204613F0C3FE05B0BDE8F04312F098
S21402ACC80CB805B0BDE8F043FCF7ACBE9D4B1B784C
S21402ACD8013B012BD7D82046E91C0AF0FDFA0746A5
S21402ACE886B978B9691C204613F0A9FE054621469E
S21402ACF813F086F93A462946102005B0BDE8F04317
S21402AD0816F0D4B9002508232146152200950DEB26
S21402AD18030016F007FB284602A915F097FF13F062
S21402AD28ACFBB0E7884B1B78022BACD146B9FEF7D2
S21402AD383FFDC2070AD5FEF7D7FC002F08BF3F26FD
S21402AD48304605B0BDE8F0430FF0FDBDFEF714FD32
S21402AD580028F0D0F1E711F0F7FD8046043016F02F
S21402AD68DCF9074608F1020016F0D7F94FF6F77332
S21402AD78984205460CD8754A138801339BB213804D
S21402AD880BB9734A13801EB1714A138801331380B4
S21402AD9898F8009009F00309B9F1010F40F0838092
S21402ADA8204613F029FF014620460AF095FA043891
S21402ADB809283FF668AF01A353F820F0EDAD02006C
S21402ADC88FAC02008FAC020011AE02008FAC0200FC
S21402ADD88FAC02008FAC0200F9AD02008FAC020005
S21402ADE8F9AD0200204605B0BDE8F043FFF7D4B936
S21402ADF8544B1B78042B7FF446AF0021084605B057
S21402AE08BDE8F043F9F720BB4E4B1B78013B012BFC
S21402AE183FF639AF404613F02CFF00274D4B01464C
S21402AE285B898DF80A70ADF8083000283FF42BAF1E
S21402AE38384615F00BFF0546204613F0DDFE421C89
S21402AE4803232146009792B202A816F06BFA9DF8E1
S21402AE580A30E6B93C4A1278022A18D1BBB9FF2D45
S21402AE68BDF808400AD03C4A214632F81530284632
S21402AE7823F4806322F8153013F0DEFA204613F026
S21402AE88BCFB00222146102016F010F9FBE6022B26
S21402AE983FF4F9AE2BB9304B33F815305B053FF566
S21402AEA8F2AE28463BE7B9F1000F7FF4ECAE314626
S21402AEB8204604F0BBF8002E3FF4E5AE4FF6F773D3
S21402AEC89D423FF6E0AE98F80160284616F0040662
S21402AED820D113F0DFFB044628467CB113F05CFA57
S21402AEE80346F0B90C2200902946384612F039FC7F
S21402AEF80C22002339462846009308E013F04CFA41
S21402AF080346B8B9154A009012782946384612F010
S21402AF1828FCB8E613F040FA034678B90B220090EC
S21402AF28F3E70622334629463846009612F019FCFD
S21402AF380622DEE7234600940622E6E74B46CDF8CD
S21402AF480090F9E7906200208F620020965B00204E
S21402AF58945B0020D8100500805B00203E6D002020
S21402AF682DE9F04F05888BB00446284611F0ECFC14
S21402AF788046043016F0D1F8074608F1020016F0AB
S21402AF88CCF805A90190284613F080FE284613F04F
S21402AF9833FE0146064628460AF09EF998F800301F
S21402AFA8029003F00303012B0CBF82464FF0FF0A00
S21402AFB815F0C9FFB4F806B0814611F065FE98F898
S21402AFC8073000903846039301F08AF8002838D1F3
S21402AFD8019801F085F8002849D1FCF7B9FAA9EBDF
S21402AFE80B0B1FFA8BFB8146FAF774FB002844D139
S21402AFF8FFF712FB002840D1A14B1B78033B012B1D
S21402B00842D8BAF1060F00F0BE80BAF1040F00F07B
S21402B018BA80FFF701FB20B1029B03F00303012B62
S21402B02832D0FAF7B1FA28B9964B1B7803F00F0319
S21402B038062B6FD1944B2846B3F8681011F0BBFB69
S21402B04822E0284611F080FC023016F066F84FF629
S21402B058F773984206D9039B23B92846FFF75EFA88
S21402B0680028B5D1A37823F00F03A37054E0019803
S21402B07816F051F90028B0D1F4E7A9F104095FFAED
S21402B08889F9B9F1020FB7D8BAF1010F40F0A280D8
S21402B098284611F07AFB4FF6FF7398426AD10023CE
S21402B0A83146284607AA13F00BFA80460028D9D05C
S21402B0B842799DF82530934209D9711D284689B2EE
S21402B0C80AF01EF9A37823F00F030233A3700FF0D9
S21402B0D802FC7E23B0FBF3F202FB130303F5807334
S21402B0E8A3809DF8263013F0180F0BD0A378190703
S21402B0F808D1009BBB4205D0384698F8052005A91A
S21402B1080FF031FC9DF82700003818BF01200BB05D
S21402B118BDE8F08F2823A3800020F8E7584B1B7859
S21402B128033B012B5FD940F6B8339B459AD80FF0FC
S21402B138D2FBFF238DF81330002300F03F00C0F542
S21402B148FA70A08007A90DF113008DF81C30FBF7E2
S21402B158A3FF054698F80710384611F0FBFF002DA6
S21402B16880D09DF81C20013A032A7BD8DFE802F03B
S21402B178807A697D4FF6F773019A9A4224D898F82E
S21402B1880130DA0720D4284611F0FFFA16F060F8E4
S21402B198012808BF3D4BA27809BF1B78FA2303EBA8
S21402B1A8830303EB830302BF9B00FA339BB21209A5
S21402B1B87FF458AF5B45FFF455AF0FF08CFB00F0F9
S21402B1C81F001030A08053E02D4B1B78033B012B49
S21402B1D8A9D8D8E74FF6F773019A9A429ED898F8F4
S21402B1E80130DB079AD4BAF1020F53D10123314654
S21402B1F807AA284613F064F9074611F045FDBDF87C
S21402B2082230984236D1002F3FF42CAF01227B8899
S21402B2183146284608F00EFB1D4A13780133DBB286
S21402B22888F8073013707B88BDF81E209A421FBF25
S21402B238A37823F00F030233A3704FF4C873A380D6
S21402B24816E0009BBB4213D000283FF40BAF4268BF
S21402B25801323FF407AFC2789DF813309A42BFF422
S21402B26801AF05E0009BBB4202D0A2781209EBD1DF
S21402B27801204CE7184616F04EF80028C3D182E79C
S21402B288906200208F620020E8530020136D002091
S21402B2988D620020BAF1030F7FF475AF009BBB42A4
S21402B2A87FF471AF711C284689B20AF015F80C288B
S21402B2B87FF469AFFBF7E2FC4FF6FF73984201464C
S21402B2C83FF461AF284611F076FA5CE72DE9F341C0
S21402B2D80446008811F038FB0546043015F01DFFB9
S21402B2E80646A81C15F019FF074615F02CFE05465B
S21402B2F83046B4F8068000F0F3FE064648B93846EB
S21402B30800F0EEFE58B9194AA3781278033A012AD1
S21402B3180BD8A378002623F00F03A37021E0384643
S21402B32815F0F9FF0028EED1F3E71B09F1D1A5EBDA
S21402B3380805ADB2B5F5C86FEBD80DF1030138466E
S21402B34801AA019313F078F99DF80350014645B90E
S21402B3584FF6FF73984204D00126208811F02BFA84
S21402B368A580304602B0BDE8F08100BF906200209A
S21402B3782DE9F04105460C4611F0E3F9082802D1FA
S21402B3880120BDE8F081201D15F0C7FE06462846B6
S21402B39894F8078011F03BFA0746284611F0C7F9D9
S21402B3A8010612D5184B1B78042B0ED1174B1B78A7
S21402B3B8022B0AD1164BB3F868204FF6FF739A424F
S21402B3C803D000210846F9F73FF8124B1B78002BEA
S21402B3D8D6D1A01C15F0A1FE4FF6F773984202D8F4
S21402B3E86378DA070DD523789B070AD13A46414691
S21402B3F8304611F0BBFE80F00100C0B200F001003A
S21402B408BFE70120FAE700BF906200208F620020A3
S21402B418E8530020456300202DE9F04F9DB004460E
S21402B42811F08FF90546204611F08BF908285AD1F3
S21402B4384FF40043102200212046ADF8503012F097
S21402B44818F8204615F012FA0DF007FC00232146DC
S21402B4581A460C2000930DF0C5F998B3204615F04D
S21402B46805FA14A902461020FAF7D6FD0501204669
S21402B47815F0FCF914A902464020EDB2FAF7CCFD05
S21402B48810B120460FF03BFA204615F0EFF914A942
S21402B49802468020FAF7C0FDB8B99DB1102517A854
S21402B4A806F0A2FD2046BDF8507015F0FBF90646D8
S21402B4B8204615F0DBF929460090F3B2384617AA5B
S21402B4C80FF0BBFA1DB0BDE8F08FBDF8503017A8D4
S21402B4D8ADF85E40ADF85C300FF0FDFE0028DCD11A
S21402B4E845F08005DBE7204611F07EF9B0F5006FDF
S21402B4F840F00581204611F08AF90646042D40F0F0
S21402B5080181204611F013F980F40060C0F3C020D0
S21402B51800223146400015F0C9FD954B1A78022ADA
S21402B5280DD0FFF779F850B902F0FD03312B06D09B
S21402B538043A012A03D98F4B1B78002BC2D0214626
S21402B548022001F073FB05900028BBD02046ADF818
S21402B558464011F0F9F90446BDF8460011F057F9CD
S21402B5680546201D15F0D9FDA31C834618460393ED
S21402B57815F0D3FD12A90746BDF8460013F086FB60
S21402B58863780690BDF8460094F80080099313F095
S21402B59833FB6378064608F0030828460C93FAF746
S21402B5A8F1F8B8F1010F0CBF032302230E93724B76
S21402B5B808BF4FF00B091D80237818BF4FF00A0901
S21402B5C803F03C03082B0D907FF47CAFBDF84600D1
S21402B5D815F068F9B0427FF675AFB8F1010F03D0DF
S21402B5E8237898077FF46EAF644BB3F86830AB42A3
S21402B5F80DD1634A634BB2F9001093F90030002963
S21402B60800F0A58001EB0313A3EB211313804FF080
S21402B618010AA6F11003DBB207938DF84530102213
S21402B6284846BDF84610CDF800A00DF145030DF0CA
S21402B638D9F800283FF446AF099B13F002030A9391
S21402B64800F00A81504B1B78002B3FF43BAFBDF845
S21402B6584690484613F0D0FA002308904846CDE9AB
S21402B66817331993ADF8683011F0D1F8089B039098
S21402B67803F10E01484689B213F091FA002870D0F9
S21402B68800234946089A009317A80E2315F04AFE87
S21402B69850460DF15D010FF03EFE9DF869300B90A5
S21402B6A804939DF85C30282B5BD10DF16100FAF704
S21402B6B8F3FB0F90002854D1049812F0B3FC0F9BAA
S21402B6C8002867D1314B049A1B78D31A190648D436
S21402B6D804F04CFD50453CD115F03AFC2C4E05467C
S21402B6E8346824B104F048FD2C1B844239D3002365
S21402B6F8FF2219461846FCF73DFB356031E04FF647
S21402B708FD76FBE64FF6FF70301A18BF01200022BE
S21402B7183146400015F0CAFC0C2D0DD121460120F9
S21402B72801F084FA00283FF4CDAE214600201DB071
S21402B738BDE8F04FFDF700B92DB920461DB0BDE8AB
S21402B748F04FFDF75FBD042D7FF4BCAEE5E61B02A5
S21402B7585CE704F00BFD022803D104F0E9FC00289C
S21402B768BAD000221920039915F0A0FCAAE600BF59
S21402B7788F620020456300200C5C0020E8530020FE
S21402B788DE5B0020416300208B6200208A62002074
S21402B798F854002010214846089ACDF800A012F066
S21402B7A87FFA0028DDD0A64B049A1B78934240F015
S21402B7B8AA8003990DF1610214A815F013FA012163
S21402B7C814A8FAF743F8824648F2030114A8FAF7CF
S21402B7D849F9BAF1000F03D0082114A80FF036FD74
S21402B7E8484613F027FA03990DF16100FBF7E6FACB
S21402B7F8FE288246B5D0FF280AD1039815F06EFDBA
S21402B808FF28824600F087800DF16101FBF750F9A8
S21402B8188B4B049A1B78934200F0A38050460B99F0
S21402B828FBF7B2FA00283FF44DAE50460B99FBF7E9
S21402B838BDFA23789A070FD1484613F0DDF9014678
S21402B848484609F049FD00F00300012804D1039890
S21402B8580DF16101EEF70EFDBDF8460010F067FF28
S21402B868030440F18580204615F057FC40F4007129
S21402B87889B2204615F053FC00224FF40041BDF869
S21402B888460010F045FFDDF81490012310220093BD
S21402B898BDF846100E980DF145030CF0A3FF0028DC
S21402B8A83FF410AE032866D1204615F036FC40F465
S21402B8B8007189B2204615F032FC284615F02BFD99
S21402B8C8002840F0B780DDF81490B8F1010F40F078
S21402B8D8C1800320BDF8461001F0A8F9002840F000
S21402B8E8B9803146BDF8460009F0F6FC0F28014635
S21402B8F87FF6E8AD4FF6F7739F423FF6E3AD28466C
S21402B90811F01BFEDEE55046049903F049FD0028B7
S21402B9187FF44FAF25E7237803F00303012B08D102
S21402B928484613F069F90146484609F0D5FC082846
S21402B93892D0444B1A78444B1B789A4209D20DF19E
S21402B94861010398FBF768F8039815F0C7FC82466E
S21402B9585EE7A01C15F0E1FB4FF6F7739842EED9A6
S21402B968FFE65046FBF79AFA00283FF457AF5CE723
S21402B9784FF0000989E7284615F0CDFC0028A4D028
S21402B9880A9B002B58D1B9F1000F53D1B8F1010F19
S21402B998BDF846009DD0314609F09EFC8246DFF887
S21402B9A8B09099F80030002B5FD011F06DF98742FD
S21402B9B87FF488ADB8F1010F40F08280BAF1070F24
S21402B9C878D8BAF1050F7FF67DAD204B1B78022B8F
S21402B9D802D0043B012B03D899F80030002B4BD039
S21402B9E80C9B980640F1BB800D9B002B40F0B38061
S21402B9F8284615F05BF9FF2840F0AD805D457FF4D8
S21402BA0861AD069B002B00F0A48012AB46F204023E
S21402BA180124ADF85C2001932146022328460094AF
S21402BA2817AA13F0C5F800283FF44CAD214611F0CA
S21402BA386DFA47E5DDF81490284607F053FD44E70B
S21402BA488A62002089620020146D00208F6200201E
S21402BA588B6200203146BDF8460009F03DFC0A9B81
S21402BA68824613B9B9F1000F99D0A84B1B78022B5E
S21402BA7802D0043B012BB3D8284600F031FB81469E
S21402BA8800287FF41FAD11F0FFF8854222D1A04BA3
S21402BA981B78033B012B19D89E4BB3F8684011F06C
S21402BAA8F3F84B4601460D222046CDF8009011F0D9
S21402BAB858FE07E5AAF10E03DBB2012B85D901E58C
S21402BAC80AF00303012B7FF4FDAC7EE7012000F0A9
S21402BAD8A5FBF7E4284615F01EFC58B911F0F1F854
S21402BAE84FF6FF73984205D015F090F910B928461C
S21402BAF8FAF738FF284615F00EFC88B111F0E1F87F
S21402BB084FF6FF7398420BD015F080F940B9B8F19A
S21402BB18010F02D1BAF1060F02D0284607F04CFAF6
S21402BB28069BA3B919460122584600F0ABFB81468C
S21402BB3800287FF4C7AC204613F09BF84A46014615
S21402BB48384600F09FFB00283FF44AAFBAE412A931
S21402BB58E9E7069B5AE7637823F0200363704FF6FB
S21402BB68FC739F4275D16A4B1B78033B012B7FF609
S21402BB78A9ACA3790BB1013BA3716378590727D502
S21402BB880023584617AA14A9179312F055FD1798BA
S21402BB98F0B108F0CBF88146384615F087F8179AC0
S21402BBA80146137903F03000102806D003F00C0083
S21402BBB808281CBF23F00C031371137903F0330310
S21402BBC8202B05D1FF2903D00122484608F078FA2F
S21402BBD8284615F06BF8FF281EBF00224E4B43F886
S21402BBE82020099B03F001094FF6F7739F4200F2E3
S21402BBF81381B9F1000F40F01C812946584611F00E
S21402BC0852FC11F041F8874200F0DF80384615F002
S21402BC1882FB00284AD0B8F1010F30D1BAF1010FE1
S21402BC2820D14A463146BDF8460007F05FFE384640
S21402BC3815F071FB394B1B78002B78D1584615F056
S21402BC486AFB002870D1384615F065FB00286BD1D0
S21402BC5838E44FF6FD739F428BD12D4B1B78042B8D
S21402BC6887D12FE4384615F056FB50B3BAF1030FC6
S21402BC7827D13146BDF8460011F0ABFD22E438461E
S21402BC8815F049FB384612F087FB002848D00023F7
S21402BC9839465846BDF8462001F05AFB00283FD0E0
S21402BCA80021BDF84600FEF7D1FB0BE4384615F036
S21402BCB832FB18B1B8F1010FD8D0E3E7B8F1010F9B
S21402BCC8E0D1164B1B78002BB8D0BAF1050F2ED14F
S21402BCD810F0DAFF8DF85C0010F0D6FF000A8DF837
S21402BCE85D000123022217A90DF14600F9F74CFA66
S21402BCF800287FF4E7AB711CBDF8460089B209F04C
S21402BD08D9FA03780133037011E000BF8F6200206E
S21402BD1890620020E8530020404500201A6D00205B
S21402BD289A4B1B78002B89D0B8F1010FCDD06378D7
S21402BD385A070CD5BDF84640204612F01FFF411C94
S21402BD4889B2204609F0B6FA0378013B0370904B95
S21402BD581B78033B012B30D8B8F1010F06D1BAF194
S21402BD68050F1FD110F090FF834522D1BDF846007B
S21402BD78FEF7AEFC02281CD10021584617AA08F086
S21402BD8821F930B10379458003F03C0343F04003C0
S21402BD98037100237F4A009339465846127811F0F9
S21402BDA8E0FC06E0BDF84600FEF792FCBAF1030F87
S21402BDB8E0D1002239461C20D6E4BDF84600FEF73C
S21402BDC887FCB8F1010FD5D1F0E7B8F1010F7FF47F
S21402BDD867AF0AF1FF330C2B00F2AA8001A252F8D1
S21402BDE823F000BF4FBE02004FBE02007BBC02001B
S21402BDF865BE020075BE020099BE0200BBBE020006
S21402BE08E7BE0200FDBE0200FDBE020009BF020038
S21402BE1821BF02002DBF0200B8F1010F00F0948086
S21402BE28B9F1000F08D1BDF84600FEF71DFEFFF770
S21402BE3849BBB8F1010FCCD0237A03F00303012BD8
S21402BE487FF440ABEFE7AAF102035A423146BDF847
S21402BE5846005A4107F04AFDFFF734BB32465846B9
S21402BE68BDF84610FEF7D6F8FFF72CBB711CBDF8D6
S21402BE78460089B209F030FA0236F6B20246BDF832
S21402BE8846305846009612A90AF054F8FFF71ABB2D
S21402BE983F4B1B78013B012B3FF614AB079B012156
S21402BEA8009300202346BDF8462011F0C9F9FFF793
S21402BEB809BB374B1B785A1E012A07D90120079A55
S21402BEC8BDF84610FCF71AFCFFF7FCBA022B7FF403
S21402BED8F9AAF9F7FFFB0028F0D1FFF7F3BABDF885
S21402BEE8460006F069FEFFF7EDBABDF84600FEF713
S21402BEF821FA98E7BDF84600FEF71CFAFFF7E2BA01
S21402BF08234B1B78013B012B3FF6DCAABDF8460003
S21402BF18FDF736FDFFF7D6BABDF84600FDF780FDF9
S21402BF28FFF7D0BABDF846000FF0CFF9FFF7CABA46
S21402BF38334622465046BDF846100FF098F90028B8
S21402BF487FF4C0AA5146DAE40AF1FF330C2B3FF617
S21402BF58B9AA01A252F823F04FBE02004FBE020051
S21402BF687BBC020065BE020075BE020099BE0200D6
S21402BF78BBBE0200E7BE0200F3BE0200F3BE02002A
S21402BF8809BF020021BF02002DBF02001A6D002061
S21402BF98906200203E6D002010B50021114810F076
S21402BFA849FD0446E8B110F05BFC0F4B18702046BA
S21402BFB810F05BFC0D4B1870204610F05CFC0C4B26
S21402BFC81870204610F05CFC0A4B1860012014F02A
S21402BFD8C3FF2046FFF720FABDE81040002014F001
S21402BFE8BBBF10BDBC5B002042630020416300203B
S21402BFF840630020F054002070B5164E044633689D
S21402C0080D46E3B110F09DFB0C2818D1204610F01F
S21402C0189BFC09220021044614F068FB235C042BCF
S21402C0280DD10D4B1B78033B012B08D80B4C25B1C1
S21402C0380B4B22781B789A4203D3002323700020E6
S21402C04870BD0848316814F0FDFC237801200133DE
S21402C0582370F5E7F4540020906200204463002021
S21402C0683D6D0020B86B0020014B93F90100704724
S21402C078DE5B0020014BB3F868007047E8530020E7
S21402C08870B50024124D2C70EDF7D8FEE6B2B04219
S21402C09812D8104B1B78013B012B04D800214FF60F
S21402C0A8FF70FBF719FF00220B4B1A700B4B19880F
S21402C0B801B11A80012070BD304614F04FFEC30746
S21402C0C848BF2B7804F1010444BF01332B70DBE729
S21402C0D888620020906200207F620020905B002029
S21402C0E838B50B4B05461B7873B101335C08094B10
S21402C0F8188814F0BBFB002330F81320AA4205D098
S21402C1080133DAB2A242F7D3002038BD0120FCE799
S21402C1187F620020905B002030B5054685B0084651
S21402C1280C4615F0F4F8FF280CD011F082FA01221A
S21402C13800210346CDE90112009221462A4607202D
S21402C148FBF77AFA284614F0B1FDFF2804460FD00A
S21402C15814F004FEC2070DD5204614F0FFFD83072F
S21402C16808D40B4A32F8143043F4806322F81430A9
S21402C17805B030BD11F05DFA012200210346CDE973
S21402C1880112009207202A46FBF756FAF0E700BF8C
S21402C198805B00204FF6FA72431E9BB2934270B53C
S21402C1A804462AD8FFF79CFF38BB194B1B78042B8A
S21402C1B823D0204615F092F8FF2801D0FAF702FBA2
S21402C1C8204612F012FA08B107F0C6FD2046114EB4
S21402C1D804F046FA20460EF0C4FB31780E4D69B1DB
S21402C1E8288814F043FB054601461E220230F1F762
S21402C1F82BF82C8033781E2B07D970BD202014F01C
S21402C208A9FB28800028EBD1F7E702333370F4E75E
S21402C218906200207F620020905B002037B5134BA7
S21402C22805461B78022B1FD110F02EFD044610F08F
S21402C2382BFDFFF7AFFF11F0FCF910F031FD0020DF
S21402C248FBF73CFD40F607400EF017FC3DB1002315
S21402C2580D2221464FF6FD70009311F082FA03B0C4
S21402C268BDE8304004F032BF03B030BD9062002013
S21402C278034B1B7813B90120FFF7D0BF704700BFE6
S21402C28886620020F7B504460D46174610F0FCFCF9
S21402C2980646002D47D04FF6FB739C4243D82046ED
S21402C2A8FFF71EFF30B1A64204D1204B1B78033B92
S21402C2B8012B38D92046FFF713FF10B1012003B02F
S21402C2C8F0BD20460EF01DFBC0B1A642F6D00CB358
S21402C2D869462046F9F758FD0246D8B90821684645
S21402C2E810F064FCB0B9082269462846F1F7A6FAA7
S21402C2F880B12946204611F0CCF9DFE7A642E6D1FE
S21402C3082846F9F7C9FD28B90120FFF787FF06F086
S21402C318DFFDD3E73FB121462846FAF7E7FB214679
S21402C328284604F0B9F90020C9E700BF9062002049
S21402C338044A13782BB1013BDBB213700BB9024ADD
S21402C348138070477F620020905B00200148F8F750
S21402C358D7BC00BF905B00202DE9F0478046174601
S21402C3680D468CB061B903AE00211B4814F03DFFA0
S21402C3784FF000090446DFF860A01CB920461DE00D
S21402C3880E46F1E70022214624233046CDF80090D7
S21402C39814F0C8FF082241463046F1F74FFAA8B90A
S21402C3A8337C9BB96FB945B92A4621460A4810F02C
S21402C3B860FB0A4A1388013B138001200CB0BDE8D3
S21402C3C8F0873B88B28953405B06ECD52146504637
S21402C3D814F02FFF0446D0E7F45B0020F25B00203F
S21402C3E8024B1888003818BF01207047F25B0020FD
S21402C3F840232DE9F04397B0074611A88946ADF8C1
S21402C4080E300EF0C4FB02238DF84430002304AE2F
S21402C4183146384604937360F9F7B6FC0546002899
S21402C42840F0958038460EF02EFF804610F02CFC21
S21402C4380446002840F0BB8099F80130042B40F0EF
S21402C448B980EDF707FD022840F08480EDF702FD7B
S21402C458022840F08B8096E8030003238DF84430C8
S21402C46812AB83E803009DF85130002143F006031F
S21402C478102209A88DF85130F0F794FE09A911A8E0
S21402C4880EF01AFD40B111A80EF081FB30460DAB36
S21402C49809AA11A90EF015FEBDF846300DA943F0FB
S21402C4A8040311A8ADF846300EF05FFD102209F11C
S21402C4B80A010DA8F1F7C2F90546002872D1EDF770
S21402C4C8C9FC022806D13146FF2009AA0EF01BFD38
S21402C4D800286AD134240025EDF7BCFC022808D1CE
S21402C4E89DF851301B0704D430460DF10E0111F0A9
S21402C4F8F0FA2146304611F015FB10238DF8183055
S21402C50804238DF81A303346002203CBCDF81B00DD
S21402C518CDF81F1006A80B218DF8195010F02FFA27
S21402C528024638B1002D14BF01230323314638468C
S21402C53803F078F8B8F1000F09D0342C07D106A812
S21402C5483246394614F04EFB06A80EF082FE17B0A5
S21402C558BDE8F083234621463046009411AA01F02E
S21402C5685FFE00283FF472AFAD25C6E7EDF772FC12
S21402C578012891D1104B1B6803F08403842B8BD1BE
S21402C58896E8030002238DF844301023ADF84630AF
S21402C59812AB83E803009DF8513043F002038DF88E
S21402C5A8513079E73324AD2596E7052494E72C46DF
S21402C5B8A325A2E7AA25A0E7304700202DE9F043E5
S21402C5C836488DB0F8F78CFE14F0C2FC344D2B6852
S21402C5D8C41A4FF47A73B4FBF3F4A4B214B114F089
S21402C5E8B7FC28602F4F4FF6FF763B88DFF8B880F7
S21402C5F8ADF80A3000233B8000210DF10A0010F046
S21402C60819FA054658B9284B1B882BB14FF47A718C
S21402C6182248714314F016FA0DB0BDE8F0834FF0C5
S21402C628000924234A462946CDF8009003A814F0A8
S21402C63879FEBDF81A30A34294BFDB1A1B1B9BB2C5
S21402C648ADF81A30CBB910F01FFBBDF8183003F05E
S21402C6584003184380B218B9322103A80EF0F3F942
S21402C668BDF818301B0602D508980EF0F9FBB8F884
S21402C6780030013BA8F80030BEE79E4228BF1E469F
S21402C68801234A462946009303A8242314F04AFEA7
S21402C6984A462946384614F0AEFDADE73C46002029
S21402C6A8FC540020F45B0020F25B0020F0B5044640
S21402C6B8304A8DB01068516801AB03C3A378012BCA
S21402C6C854D1162200210DF11A00F0F76BFDD4F8AA
S21402C6D82110D4F81D0003AB03C32388190644BFF0
S21402C6E862680892DA050BD5221D08AE04F1140713
S21402C6F8354610685168083203C5BA422E46F7D145
S21402C708ADF8183013F0040318BFA3690593EDF7C4
S21402C718BFFB0023ADF81A008DF81C3010F0B4FAEF
S21402C728E0B906A903A811F0D4F90022242103A827
S21402C73810F025F90446D8B10020FFF73FFF002283
S21402C74821460D4814F057FD0C4A00201388013381
S21402C7581380FFF733FF00200DB0F0BD082201A9B1
S21402C76803A8F1F76BF80028DFD0DAE70220F3E730
S21402C7781920F1E7AB360400F45B0020F25B0020D8
S21402C788F7B5044600200E46FFF718FF104B1B8825
S21402C798A34202D8212003B0F0BD00210D4814F0B0
S21402C7A824FD002501460B4F0029F3D0A54208D1E7
S21402C7B80024242322463046009414F0B3FD204673
S21402C7C8E9E7384614F035FD01350146ECE700BFC7
S21402C7D8F25B0020F45B00200148F8F791BA00BF2C
S21402C7E8F45B0020014B1888704700BFF25B0020FC
S21402C7F830B5154A8DB051680546106801AB03C3BB
S21402C80807A80EF0C4F9DDE90101032308AC84E8A1
S21402C81803008DF81C309DF8293003A943F0020363
S21402C82807A88DF829300EF047FB10B12D200DB061
S21402C83830BD23462868696803C303A907A80EF013
S21402C84820FB0028F3D0F1E7AB36040070B50C469F
S21402C85811460E4A23781278064613F0200542EA55
S21402C8680302227018BF611D0822F0F7EDFC002DA6
S21402C8780CBF05200D20D4F80130B360237833733B
S21402C88803F01803082B08BF013070BD8B62002026
S21402C898042307B501200DEB0301054AF8F79AFDB4
S21402C8A8019B044A1B03136003B05DF804FB00BF38
S21402C8B863E511002047002010B5064C2368C3F331
S21402C8C80B0313B90448E2F7C5F92068431C236032
S21402C8D810BD00BF2047002063E51100014B186811
S21402C8E8704700BF2047002007B50020054B064AC0
S21402C8F8186004230DEB03010190F8F76BFD03B0F3
S21402C9085DF804FB2047002063E511007FB511237C
S21402C9180A4A012001A9F8F75DFD094B9DF8142083
S21402C9281A70084B1B780BB1052B05D10DF0D2FFF8
S21402C938012007B05DF804FB0020FAE779EB010056
S21402C9488A6200208B6200202DE9F04F0646CBB0A3
S21402C958884600880121174613F0C0FF2E4B3A4638
S21402C9683188ADF8160006A811F06FF90DF1280BFC
S21402C9785A464146C419308811F0F1F8E4B208EB79
S21402C9880003A34208BF044605464FF004091CBF2D
S21402C998A4EB0804E4B223465A460121CDE900096D
S21402C9A80BEB050ACDF808B02D1B06A8EDF7BCFE62
S21402C9B8EDB20BEB04030093019523465A46414613
S21402C9C8308811F0FAF834883946204608F084FC94
S21402C9D8394600F0F802204608F092FC0121308819
S21402C9E813F07CFF01234A46514680B10DF116002A
S21402C9F8F8F7CAFB01210446BDF81620308813F062
S21402CA0881FFB4FA84F040094BB0BDE8F08F304697
S21402CA18F8F7BAFB0446F4E7156300202DE9F04F51
S21402CA28C9B0044688469246C118224A04A81F4638
S21402CA38FFF70CFF4FF00409C519EDB208AB0293D5
S21402CA48A5EB0A0BA8EB0A035FFA8BFBA8EB050615
S21402CA58DBB2F6B204EB0A02009301215B46CDF87C
S21402CA68049004A8EDF760FE06F590730DEB03023A
S21402CA785A44A2F58072136808A844F80830E35DA1
S21402CA88324623F00703E3552C442146F0F71AFDF5
S21402CA9808ABCDE9019308AA00230121009604A851
S21402CAA8EDF742FE3246204608A9F0F70BFD49B0DC
S21402CAB8BDE8F08F15630020F8B5064612F091F926
S21402CAC8811C054689B2304612F069F8F0B1EDB11C
S21402CAD82946304608F000FC1228074616D80C4BA2
S21402CAE8691C1C5C89B2304608F0F6FB2C44052FFC
S21402CAF8E4B205D1052809D8064B1B5C1C44E4B2EF
S21402CB0821463046BDE8F84012F049B80020F8BD84
S21402CB181E11050018110500F8B5054612F06CF846
S21402CB28044628460FF010FFA11C074689B228467D
S21402CB3812F035F800283ED0002C3CD02146284674
S21402CB4808F0CAFB0646611C284689B208F0C4FBF0
S21402CB580F2E30D8194B9B5DE118731E89B2092B2C
S21402CB680ED8DFE803F009050D0D120D0D181E1E6E
S21402CB78C40644BF083189B2820601D5083189B293
S21402CB882846BDE8F84012F00AB87B78DB0612D5CC
S21402CB9801EB4001F3E700F01F0000EB4000014400
S21402CBA8EDE71F2805D8092E0ABF4000022080B2EA
S21402CBB8F5E7C828E4D00020F8BD00BF311105000B
S21402CBC8F8B506460FF0C0FE09220021054613F006
S21402CBD88DFD00F11004284614F09FFAE4B20746C9
S21402CBE82146304608F078FB0546304613F05AFED2
S21402CBF8BA05A0EB0403DBB20AD47C2D0AD0082DB2
S21402CC080AD8064A505D98428CBF00200120F8BD1B
S21402CC181220F8E70320F6E7FF20F4E742110500A2
S21402CC28014B1878704700BF3F6D002038B5114B8E
S21402CC3804461B7808469BB9012038BDA24205F176
S21402CC4801050FD103EBC1035B6898470028F3D1AF
S21402CC581E2022464FF6FF7114F028FA0020ECE751
S21402CC680025054BE9B213F83120002AE6D114460E
S21402CC78EEE700BF3F6D0020E81005004FF6FF7391
S21402CC8807B502220DF106010348ADF80630E2F7B1
S21402CC981DF803B05DF804FB603202E0002307B516
S21402CCA8ADF80430134B984221D10B88DA0703D526
S21402CCB8232003B05DF804FB9B0748BF4FF47F436D
S21402CCC84FF002020C480DF1060148BFADF80430D9
S21402CCD8E1F7D0FF4FF6FF73BDF806209A42E7D178
S21402CCE80222054801A9E1F7F1FF0020E1E7212029
S21402CCF8DFE700BF1FD1BACA603202E0002313B5CD
S21402CD080222038004460DF106010F48E1F7B2FF3E
S21402CD182D2801D0112805D14FF6FF73ADF806303D
S21402CD28FFF7ACFF9DF80630BDF806201BB1238836
S21402CD3843F0010323800020FF2A82BF238843F0A2
S21402CD480203238002B010BD603202E0034B1B7858
S21402CD58002B14BF442056200E3070478B620020EA
S21402CD682DE9F04F8DB0179C06468946CDE9022379
S21402CD78BDF85870D588ADF816103CB9EC0605D53E
S21402CD8800970DF0FBFE0DB0BDE8F08FC5F38024CA
S21402CD982B054FEA043448BF44F40064A80511D5AD
S21402CDA844F080040A2E00F26981DFE816F09A0041
S21402CDB82F001700370067016701370010009A0036
S21402CDC837009E00E90548BF44F04004EAE74FF002
S21402CDD801084FF0020B4FF0000A14E008A95FFAA8
S21402CDE889F011F07FF9DDF82500DDF8291006AB89
S21402CDF803C3A44B33F81930ADF816304FF00008C9
S21402CE08C3460DF1180A002F5DD125E006AA0DF1DA
S21402CE1816015FFA89F003F003FCEFE74FF6F773A3
S21402CE28994540F22B8115F4026F40F02781964B04
S21402CE381B78022B03D0043B012B00F2218147BB4F
S21402CE48032E4FF001080CBF4FF00C0B4FF0080BE7
S21402CE58BA4624F4C074A4B28C4B18884FF6FF73F3
S21402CE68984206D08A49F8F78FFF10B124F4805406
S21402CE78A4B2039B38460093BDF81620534644F4E2
S21402CE88027108F051FAADF82000002838D11920AE
S21402CE9879E7384613F006FD0246FFF757FF032EDA
S21402CEA808BF0138824201DD38206CE7032E4FF0B6
S21402CEB801080CBF4FF00C0B4FF0080B4FF0000A9E
S21402CEC824F4C074A4B2029B1B889BB91A4639463E
S21402CED8062000930BF0A9FC0028BDD140F60140BD
S21402CEE851E74FF00008C34675E74FF001084FF0C8
S21402CEF8030B70E7002339461A4607200093E9E732
S21402CF084FF6FF73614A118899421CD00FF01CFD38
S21402CF1803465E4A04301188039314F000F95D490B
S21402CF28039B097814F4805FD9715949574A1FBF81
S21402CF38086898604868D8604FF6FF7313804FF009
S21402CF48FF330B604B605946029A08A808F0A8FA05
S21402CF5800289CD0504C2378002B3CD1A7B13846E9
S21402CF6813F0A0FC0746BDF8200013F09BFC2378BC
S21402CF780744002B14BF12220022EB1003F004030E
S21402CF8817443B44842B8FDC15F400570AD0BDF8AF
S21402CF98204020460FF0CBFB40F4806189B2204641
S21402CFA80FF0B0FBA6F10803012B05D801221021C9
S21402CFB8BDF820000FF0ACFB179BBDF8204043B32A
S21402CFC82046BDF816100FF0F6FBBDF82030179A6B
S21402CFD800201380D7E6AA06C0D56B0103F020030B
S21402CFE80A2E14BF43F0010363F07E03DBB2B8F1E6
S21402CFF8000F08D000215246009108A800F086FECD
S21402D0080028ABD0BFE61A46514608A810F048FFDB
S21402D018F6E7204611F0F0FD179B0246214604204B
S21402D02800930BF002FC00283FF458AF0A2E18D8DB
S21402D0384FF4D963F340DB0713D5072E0AD00A2E1E
S21402D04808D0BDF8200010F03EFA80F00100C0B209
S21402D058800098E608A80EF019F90028F1D00420F6
S21402D06891E617B125F04005ADB22B463146BDF81C
S21402D07820005FFA89F201F01BFF84E6012082E6AF
S21402D088162080E6D85800208F620020BE6C00204A
S21402D098406D0020506300208B620020F7B50F46D3
S21402D0A89DF828100446DDE90B061D46F1B94FF631
S21402D0B8FF739C421CBF174B1C804FF000041CBF1A
S21402D0C8154B1A70BDF8240008F080FA00232A4689
S21402D0D8CDE90043394606209DF82030FFF740FE8A
S21402D0E810B90EB1AB7A337003B0F0BD78B14FF613
S21402D0F8FF739C421FBF074B1C80074B1A70002207
S21402D1080FF03DFC04460028DCD11920ECE721206C
S21402D118EAE700BFBE6C0020506300202DE9F04706
S21402D12888469DF82810074616461D469DF820A0F4
S21402D138BDF824900B9839B158B300220FF01FFCA3
S21402D148044610B9192025E00C464FF6FF739D4297
S21402D1581FBF114B1D80114B83F800A04FF6F773C3
S21402D1689E4208D80E4B4FF6FD761A784FF6FF7396
S21402D178002A18BF1E46484608F028FA00233A46F0
S21402D188CDE9084331464346BDE8F0470320FFF79A
S21402D198E7BD2120BDE8F087BE6C00205063002062
S21402D1A82E6200202DE9F04786B09DF838600546C5
S21402D1B8DDE90FA80C4617469946B6BB374B1B78CF
S21402D1C8022B1DD125BB4FF6F7739C4214D80026B6
S21402D1D8484608F0FBF900233A46CDE900632146A3
S21402D1E8FF232846FFF7BCFD38B9B8F1000F04D074
S21402D1F8BB7A88F8003000E0012006B0BDE8F08768
S21402D208043B012BDED908460EF03DF810B31DB3D9
S21402D218022D31D1ECF70CFEA042EDD9204B33F8A3
S21402D22814204FF6FD739A4219E0BAF1000F32D075
S21402D2381A4B1B78022B05D1FFF788FDB042E6D2BF
S21402D2483820DAE7043B012BF6D908460EF01BF81D
S21402D2580028F1D11620D0E74FF6F7739C42CBD8B8
S21402D268002EB4D03146002250460FF088FB064600
S21402D2780028ADD11920C0E7012DBDD104AA0DF1B1
S21402D2880E01E0B203F0CCF9064B1B78A342B3D9E1
S21402D298BDF80E20C5E72120AFE700BF8F62002049
S21402D2A8D85800200E6D002030B5104B87B00546C2
S21402D2B80C461868596803AA03C298680C49106095
S21402D2C89A88DB8852BA23F04003ADF8123000235E
S21402D2D8CDE90043ADF81020FF23098803AA0720EA
S21402D2E8ADF80E50FFF73CFD07B030BD005C0020DD
S21402D2F80C5C002038B50C461146124A124D1080B6
S21402D30822682A6062686A60A268AA60E288500692
S21402D31816D5EA88520613D561B1002218460FF0D0
S21402D3282EFB014650B16088FFF7BEFF0522074B69
S21402D3381A7038BD084611F0A0FBF2E71920F5E787
S21402D3480220F6E70C5C0020005C002061630020E7
S21402D3582DE9F04F074689B0104615461C468A4600
S21402D36811F04AFC0146284607F0B6FF064628464C
S21402D3780FF0EAFA043013F0D0FE80460FF084FC71
S21402D388804550D0B2074ED1DFF8AC80284605A9B2
S21402D398B8F800B011F036FD9DF81930A8F80070FC
S21402D3A803BBBDF81430EBB928460FF0CDFA0230AD
S21402D3B813F0B3FE4FF6F773984294BF4FF0000986
S21402D3C84FF0010901230134E4B22A463846CDF863
S21402D3D8009005A9039303F0C5FE039B40B90133E9
S21402D3E89C421ED20020A8F800B009B0BDE8F08F13
S21402D3F8022CF8D1012BF6D10C4A0D4BA3F800A04B
S21402D4081378591C11700B4A7F3B16F00C011370E7
S21402D41807D1BDF81A305B0603D5BDF81600FFF72C
S21402D42843FF0223D1E70020DFE700BF8D6200201A
S21402D438BE6C0020506300200C5C00202DE9F04FE3
S21402D448ABB00F46ADF81E000FF07EFA00F1020AE6
S21402D4580646504613F061FEBDF81E4005462046B5
S21402D46811F0CAFB0146204607F036FF814600F057
S21402D4780308301D13F051FE434C20800FF004FCC5
S21402D488A8422DD04FF6F7739D4229D87378DA074B
S21402D49826D4284610F080FF30B101232946BDF86D
S21402D4A81E202088FFF754FF0FF0EEFB364B1B8832
S21402D4B883420FD1BDF81E40204611F09DFB01465F
S21402D4C8204607F009FF10F00C0103D1BDF81E0034
S21402D4D801F0ACFD00222D4B1A602BB0BDE8F08F90
S21402D4E82B49BDF81E0011F08DFC2A49BDF81E0016
S21402D4F811F0CCFB0028274B08BF0023234ABDF8AF
S21402D5081E0013600FF0ACF9234B1870BDF81E000E
S21402D5180FF0ABF9214B1870BDF81E000FF0B0F9EA
S21402D5281F4B186000238DF82230002F3ED0184B70
S21402D538DB889B063AD50FF0A7FB10B3194B1B687E
S21402D5489D071ED4B8F1010F14BF082318230DF146
S21402D5582202009200220DF11E00114600F0D6FBB0
S21402D56820B3B8F1010F9FD10F4B1B78112B9BD11B
S21402D57810F035FD002897D140F61D40F9F7E2FF76
S21402D58892E70823E3E700BF0C5C0020045500205E
S21402D598005C0020486300204263002041630020AC
S21402D5A8F0540020304700208F620020504613F0C7
S21402D5B8B4FD8246BDF81E0013F074F9A0F11005FA
S21402D5C8EDB22A4631460AA8EFF77CFFFF238DF80C
S21402D5D82F304FF6F7739A4540F2DF80B8F1010F05
S21402D5E800F0E780B8F1020F00F04681B8F1000FAC
S21402D5F87FF45AAFA44DBDF81E00EB88ADF82400A0
S21402D60804930FF0A1F9BDF824600746304611F0DE
S21402D618F3FA0146304607F05FFE8DF82300B81C81
S21402D6287E7813F07AFD07460FF02EFB06F0010609
S21402D638B4F8009003906C88002E7FF435AF4FF64E
S21402D648F77A4246494657458CBF0620082013F00B
S21402D6582DFDBDF824B0584611F0CEFA59460246BA
S21402D66843460420CDF800800BF0BCF857458346A5
S21402D6780AD8B5F90620EB88002A05DB580603D532
S21402D68841462046FFF710FEBBF1000F3FF40CAFF1
S21402D6982B88002B5AD16B79002B57D14FF6F7738C
S21402D6A80DF126019F42BDF8240094BF4FF0000BEF
S21402D6B84FF0010B10F075FDDFF8D8A100F1FF3826
S21402D6C8BAF800301FFA88F10593EB88BDF82600F1
S21402D6D8069307F001FE069B0499019000932246E2
S21402D6E85B460598C1F340110DF0DAFD00283FF4B9
S21402D6F8DBAE042306200093BDF82610624B5FFAC1
S21402D70888F20BF06FF800283FF4CEAE48F2020318
S21402D7186A889A4205D1BDF82410BAF8000000F0CB
S21402D7288DFF594D09AA29460DF123000DF0B6FDC5
S21402D738034600287FF4B8AE2104BAF80000BDF804
S21402D748242060D52346294610F040FD9DF8233054
S21402D7584D4D03F00C030C2B75D1288910F001FDF2
S21402D76800283FF4A1AE039B002029894B4514BF2D
S21402D7780226032602F02CFE444B18704FF6F77367
S21402D7889F42BDF8240075D8A4F13802534253418B
S21402D79832463D4904F066FC86E6B8F1020F6BD0C5
S21402D7A8394BB3F90630002B26DAB8F1010F7FF4AD
S21402D7B81DAF0FF069FA238883423FF475AE052041
S21402D7C8BDF81E10FFF732FA00283FF46DAE2E4A57
S21402D7D8D3885B0607D50023CDE900330A20FF234A
S21402D7E82188FFF7BDFA3A469DF822302188BDF80F
S21402D7F81E0002F023F957E629460AA800F070F838
S21402D8080028D2D050E60221DFF88C8088F8001073
S21402D8182946CDF800B003F0A5FC132C96D0EB8869
S21402D8285D0493D41A4B1B78D80703D598F80020C2
S21402D838022A8BD099077FF537AE98F80030012B6D
S21402D8487FF432AE82E700222B79124800936B7976
S21402D8581146008802F0E4FD0C4B18709DF8233040
S21402D86803F00C03082B89D1039B4B4514BF0426EF
S21402D878052683E701238BE74846BDF81E200249A2
S21402D88801F048FB10E600BF005C00206063002041
S21402D898306200200C5C00205163002010B5002185
S21402D8A808480FF0C7F8044650B101460420FFF7AF
S21402D8B8BDF928B12046BDE810400121FFF7BEBDDC
S21402D8C810BD00BFF05B0020034BFF211A78034807
S21402D8D89200EFF767BC00BF0F6D00205843002088
S21402D8E870B5451804464FF0FF31AC4212D1104BC2
S21402D8F810481A7805460023934211DB0E4C20780E
S21402D908431CB3FBF2F602FB163345F820102370CD
S21402D91800200CE014F8010BE0F70CFB0146E4E7E4
S21402D92850F8044BA14201D00133E5E7012070BD4F
S21402D9380F6D00205843002052630020042307B5C9
S21402D94801200DEB0301054AF7F744FD019B044A43
S21402D9581B03136003B05DF804FB00BF23E111004C
S21402D96800550020014B1868704700BF005500207C
S21402D978014B1868704700BF0055002010B5064CCA
S21402D9882368C3F30B0313B90448E1F763F9206865
S21402D998431C236010BD00BF0055002023E1110080
S21402D9A82DE9F04F93B003930023DDE91C79069323
S21402D9B899F8003083460DA804930E4615460DF0D6
S21402D9C8E6F899F8003013F003043ED0039B0DF1F5
S21402D9D8250A8DF824300022082138460FF0E6F88A
S21402D9E8002870D028880EF0AFFF99F800301C0780
S21402D9F84CBF0430023013F090FB07A98046F7F7B5
S21402DA08D7FE9DF824300446980633D5288806F1B2
S21402DA180D0111F0C4F8A8B1002300933846082374
S21402DA282988721D13F07EFC99F8003003F018035B
S21402DA38182B4AD1B8F1000F47D0A94BB3F8683073
S21402DA48434542D040F60A4327E02888711D11F064
S21402DA58A6F80028F6D0009405233246298809A895
S21402DA6813F060FC9DF824300DF1240A03F0180325
S21402DA780393B0E714BB39464046F8F785F9002801
S21402DA88D2D099F800309907DCD0402322462146A6
S21402DA98404610F049FC40F6094399F8002012F077
S21402DAA8030440F0F780288803930EF0B0FE22465F
S21402DAB801461A2013F0FAFA039BEBE007AB03CBF6
S21402DAC838607960B0E74FF6FF780DF0CAFB044677
S21402DAD820B104213846F7F793FE04461E9B002B16
S21402DAE85AD009231E990DA88DF834300DF0C9F9BD
S21402DAF8209B0BB1209B0693039B002B40F08E8045
S21402DB080DA8ECF773FE99F800309A0700F0988093
S21402DB18FFF734FF5146024601200DF0EEFB99F856
S21402DB2800309B0710D55946288811F031F90BF1B9
S21402DB38090350FA83F35FFA83FB5946288811F0E3
S21402DB48FEF800EB0B06F6B299F8003013F0C20F97
S21402DB580AF104030DD09DF82420624942F02002FF
S21402DB688DF824200A68CAF804204A685A600AF11E
S21402DB780C03012209A800921B1A324629889BB276
S21402DB8813F0D0FB324659462846FEF7DDFE00283B
S21402DB9800F0A48000237DE01F9B5BB19E460DF13A
S21402DBA8340CBEE80F00ACE80F00DEF80030CCF804
S21402DBB800309DE7049B594603F020032888049307
S21402DBC807F08AFB10F0030F0CBF0123002305930E
S21402DBD8049B059A003B18BF012342EA43030093BD
S21402DBE80DAA06AB38461F9900F01AFB049A03469C
S21402DBF882B1002880D0059B0DAA0093384606AB52
S21402DC081F9900F00DFB034699F8002022F0200227
S21402DC1889F80020002B3FF46FAF3EE7039B102BDA
S21402DC2806D1BDF8363043F00103ADF8363067E763
S21402DC38039B182B4FD1BDF8363043F00203F4E7A6
S21402DC4801200DF125010DF066FB99F80030824699
S21402DC5813F0040F288821D1069B1BB3002C35D05D
S21402DC680EF0D5FD00220146162013F01FFA84B1E5
S21402DC787FB14FF6FF7398450BD000230DA91A46BD
S21402DC8838460DF01EFA394640469DF835200DF006
S21402DC9800FB0123184613B0BDE8F08F002CDFD135
S21402DCA8104F01E0002CDBD1002332460093594680
S21402DCB83B460FF0F5FF00283FF4C4AE002C3FF4B5
S21402DCC869AF069A0AF10103136063E71B685345B6
S21402DCD8C6D80124E8E740F60A43DBE71923D9E762
S21402DCE8E853002015630020002307B5054A0648B6
S21402DCF8136004220DEB02010193E0F7E7FF03B07D
S21402DD085DF804FB0055002023E111002DE9F04FD1
S21402DD180446B1B000888DF82F3016468A4610F0B1
S21402DD286BFF01468146208811F009F800EB0908C6
S21402DD38208811F056F800239DF82F505FFA88F8CD
S21402DD4815F001070790ADF8363008D101460DF1F7
S21402DD583602208810F0DDFE08B1ADF8367016B926
S21402DD68CDE90E660EAEFEF73BFB18B145F0200570
S21402DD788DF82F500023CDE9033302930DF12F03BC
S21402DD88CDE900632246534641464846FFF708FE59
S21402DD980546002800F0CA809DF82F3013F00107C8
S21402DDA847D123F020038DF82F300EF06DFF68B1AF
S21402DDB87C4A10AB1068516803C3184600F002FA92
S21402DDC80546FEF70FFDBBB298423BD83A9B13B105
S21402DDD800233A9A1370BDF83630CBB10121208859
S21402DDE812F07CFD27880546002800F0CA8001212B
S21402DDF8384612F073FDBDF836700546384612F0FE
S21402DE0851FD002300903A461946284610F004FEB3
S21402DE180023CDE9033302930DF12F03CDE9006306
S21402DE282246534641464846FFF7BAFD05460028AD
S21402DE387CD00EF029FF002840F0BA80284631B080
S21402DE48BDE8F08F18AB14AA26A9F8B20DF08EF921
S21402DE58002840F09480082210A927A8EFF7EEFCC5
S21402DE688346ADB19DF8A53013F0020F08930FD084
S21402DE78082212A927A8EFF7E1FC48B9089B590718
S21402DE8806D53A9B13B101233A9A1370089507E010
S21402DE983A9B002B61D1BBF1000F70D10023089387
S21402DEA80DF1740C14AB0FCB8CE80F00BDF83630AE
S21402DEB8CBB10121208812F011FDB4F800B0002879
S21402DEC84FD00121584612F009FDBDF83620834688
S21402DED81046099212F0E6FC00231946099A0090A9
S21402DEE8584610F099FD304B0DF1740B049300233D
S21402DEF803930DF12F03CDE90063224653464146AC
S21402DF084846CDF808B0FFF74BFD002837D1002D5C
S21402DF1833D012AA5B464FF482714FF4005000F0D9
S21402DF28D9F8089B13B126A80CF02CFF0EF0ACFE0D
S21402DF3888B11E4B1B689A070DD4FEF751FA50B1EA
S21402DF48184A18AB1068516803C3002226A918A8F5
S21402DF580FF083FD00BB002570E700233A9A137082
S21402DF6899E7BDF836200A901046099212F09AFCF4
S21402DF78DDE9092307990090B2E72A46CAE701377E
S21402DF881FE7BDF836B0584612F08CFC2B460090B8
S21402DF985A463846079939E726A918A80FF099FD70
S21402DFA8D3E700BFAB3604002C47002030470020DA
S21402DFB89DF82F3003F01103102B7FF43FAF3E4B32
S21402DFC81B78432B7FF43AAF3C4B1B685B067FF506
S21402DFD835AF208808F1050110F0E1FD83460028D8
S21402DFE83FF42CAF4146208807F076F9344B10F000
S21402DFF8200F08BF1E4612A800F0E4F80822314691
S21402E00812A8EFF71BFC002852D0314612A80DF0D2
S21402E01801F9012326AE00933246002314A912A85A
S21402E02800F0FEF800287FF409AF12AB0DF12F07B7
S21402E038CDE903600290009322465346414648467D
S21402E0480197FFF7ADFCA8B3BDF89A30102043F04D
S21402E058080318AA14A9ADF89A300FF0DBFC0028BA
S21402E0687FF4ECAE12ABCDE90360CDE90170009304
S21402E0782246534641464846FFF792FC0546002884
S21402E0887FF4DCAE18AB4FF49071002012AA00F0B1
S21402E09821F84FF0005100200FF056FFBBF1000F99
S21402E0A83FF459AF4FF0805100200FF04DFF52E772
S21402E0B88346AEE714ABE6E78F62002030470020BF
S21402E0C85254002001461A230120014AF7F782B962
S21402E0D824E10100F0B5164691B0074609A80D4698
S21402E0E81C46FFF7EFFF3EB1336845F04005CDF812
S21402E0F826307368CDF82A301B4B1A6822EA0702C4
S21402E10842EA050119604B040DD5BDF824200B0A16
S21402E11803F4E243C9B222F4E3420B4322F07F023D
S21402E1281343ADF824301A230020104A09A9F7F73A
S21402E13851F9B4B104A80CF02AFD02236A468DF8F8
S21402E14810301546234604F1100614461868596816
S21402E158083303C4B3422246F7D1294604A80CF072
S21402E16890FE11B0F0BD00BF3047002024E1010048
S21402E17847F2FF10044B196841F48042014041F40B
S21402E18880411A600FF0E0BE3047002000B589B023
S21402E198FEF7BCFB01A8FFF795FF0948BDF8042067
S21402E1A80168130221F0FF0103F4E2030B43D2B223
S21402E1B8134343F48043036009B05DF804FB00BFD1
S21402E1C83047002010B50C4B0446186888B0830701
S21402E1D806D54FF0FF3323600120636008B010BDF8
S21402E1E810F04000FAD001A8FFF76CFFDDF8063001
S21402E1F82360DDF80A30EFE73047002008B5074B02
S21402E20802461B6813F0400305D118461946FFF765
S21402E21861FF012008BD0020FCE700BF3047002050
S21402E2282DE9F0479EB080460C461D4691469DF85D
S21402E23898A0A2B1164630460CF0A9FC1AF0020FB6
S21402E2480FD004B917AC22463146404601AB0CF053
S21402E2586BFF0DB100232B601EB0BDE8F0870DAE34
S21402E268E9E701AB3146404605AA0CF02AFF737867
S21402E2780AF0010AFF2B26D0002840F0B68054B1D7
S21402E28805AA09AF134603CBBB42206061601A4653
S21402E29804F10804F6D125B17278554B03EB8203D4
S21402E2A82B60BAF1000F01D10020D5E7BDF8043083
S21402E2B8D906F9D418204FF6FF71727812F0F6FED6
S21402E2C840F60E40C8E74B4F3DB10EF0DDFC10B1EC
S21402E2D83B689A072BD500232B603B6803F0300374
S21402E2E8102B01D0202B24D117A8FFF7EBFE08220B
S21402E2F840460DF15E01EFF7A1FA20B13B6803F044
S21402E3084403402B15D0BAF1000F15D109A80FF017
S21402E3181FFE02233370002C4CD1B9F1000FC3D074
S21402E3280EF0B2FC60B3301DFFF74CFFBCE7324B71
S21402E338D2E740F60A408FE73B68DB03E6D509A832
S21402E3480FF006FE0223337074BBB9F1000FB1D08A
S21402E3580EF09AFCF0B1301DFFF734FFAAE73B68CF
S21402E36803F08403842B2CD009AB0DAF1A4603CADC
S21402E378BA4220606160134604F10804F6D105E04B
S21402E38825463B6803F08403842B28D0301DFFF70C
S21402E39819FF26E03B68012503F08403F4E73B688F
S21402E3A8012503F08403DDE70EF06EFC0028F6D0A4
S21402E3B80125D9E70EF068FC05460028CFD00025CF
S21402E3C8D2E712A80CF0E3FB022312A88DF8483015
S21402E3D8ECF70CFA224608214046ECF75FF91023C0
S21402E3E87380002D3FF460AF64E72D2034E700BF4A
S21402E3F8B4420020304700202C47002049B9084B79
S21402E408197849B14EF66023594328B1054812F0E7
S21402E41819BB41F28831F8E70248F6F761BF00BF38
S21402E4282F6200207C46002070B586B005460EF0A6
S21402E4382BFC10B9022006B070BDF7F745F8002885
S21402E448F8D001A8FFF7BEFE06460028F2D08DB91E
S21402E4582E4B1C6814F0020406D02D4B1B78112B89
S21402E468E8D12C4BB3F868404FF481630221ADF82B
S21402E4780C3023E02846F7F70FFD0028DAD1234BA5
S21402E4881C6814F0020406D0214B1B78112BD1D13C
S21402E498204BB3F868400822294601A8EFF7CEF9C0
S21402E4A80028E1D04FF4027300260A21ADF80C309A
S21402E4B82B68CDF80E306B68CDF81230002203A810
S21402E4C80EF05DFA024608B91920B4E70F4B196830
S21402E4D801F03003102B17D0202B14BF012303237F
S21402E4E8490001F004010B432046002101F09AF886
S21402E4F80028E9D000210120FFF780FF16B101228B
S21402E508054B1A70002096E70323E9E730470020F8
S21402E5188F620020E85300204763002030B50025AC
S21402E52885B0CDE90055F6F7DBFE0EF0ADFB1E4CC6
S21402E53860B905F0AFFF0D25002108462170FFF7E8
S21402E5485DFF294668460CF07EFA18E023784BB33E
S21402E558164917480A780078904223D90132012BC7
S21402E5680A700ED12A464FF4A071284602F012FD10
S21402E578C0B2B8B941F288310E4812F063FA05B053
S21402E58830BD022B09D1284602A9F7F7FDFB002861
S21402E598EED102A8FFF748FFEAE7032B02D101F003
S21402E5A8FBF9E5E70425C7E7536300205463002018
S21402E5B8486D00207C46002070B51B4A1B4D044659
S21402E5C85168106886B02E7801AB03C31EB10224C8
S21402E5D8204606B070BDF6F7CFFF0228F7D10EF038
S21402E5E853FB0028F3D003A800F03AFE082201A93C
S21402E5F80DF10E00EFF722F9A0B10D4B32464FF49B
S21402E608A07130461C7002F0C5FC04460028DFD113
S21402E6180123084A41F2883107482B70137012F01A
S21402E62811FAD5E72324D3E74B11050053630020DC
S21402E638486D0020546300207C460020F0B50C4646
S21402E64800219BB02B4F0646492207A80691EEF7F3
S21402E658A9FD3B78012B34D19EBB0DF10E01204655
S21402E6680FF09FFD0546BDF80E0012F01BF9441B7D
S21402E678E4B2BDF80E1023462A46009606A812F003
S21402E68851FE304604A9F7F77FFBD0B9CCB19DF806
S21402E6981920B2B9BDF8233003F47E43B3F5285FD8
S21402E6A81ED3B3F5385F0ED31349BDF80E000B68B8
S21402E6B843F400030B6029460CF0C6FD18B1042388
S21402E6C83B701BB0F0BD01220C4B04A81A70FFF772
S21402E6D8ABFE41F288310A4812F0B4F90223EFE79A
S21402E6E811463A70FFF78AFE1E2104A80CF0ABF911
S21402E6F8E7E700BF5363002030470020546300203A
S21402E7087C460020014B1870704700BF54630020F7
S21402E718014B1878704700BF53630020014B1870EE
S21402E728704700BF536300202DE9F04F0446408827
S21402E73891B00E298846ADF81A0079D094F8089058
S21402E748A7790EF001F909A90546BDF81A00E67977
S21402E75810F058FBBDF81A000DF0E9FF420542BF5B
S21402E768BDF82A3043F40053ADF82A30E379DB06C5
S21402E77842BFBDF82A3043F48053ADF82A30BDF8BC
S21402E7882A30980613D5022F57D10CA9207A0FF0F3
S21402E798A9FCDDF83500DDF8391007AB03C307AA74
S21402E7A80021042300910DF11A00FFF7AFFA0121A8
S21402E7B8BDF81A0012F092F8022F824649D1474B4A
S21402E7C833F81950B8F1000F7ED0BDF82A2051064A
S21402E7D87AD54FF6FB739D4276D8414B1B78033B9E
S21402E7E8012B04D83F4BB3F86830AB426CD0D30544
S21402E7F802D528460FF058FEBDF82A30D80463D54D
S21402E808002F33D1BDF81A000DF091FFC10663D56B
S21402E81848F23403BDF826209A4209D1324E30789F
S21402E828FF2805D003222946FBF782FBFF23337015
S21402E8380023236011B0BDE8F08F012F01BF237AB1
S21402E8482A4A03EB430302EB830314BF00229A1CF3
S21402E858A6E7012F05D10C2303FB09F3234AD55A51
S21402E868B0E7A81C12F059FC0546ABE7284601F0AB
S21402E878F7FEBDF81A000DF05AFFC206C8D463891F
S21402E8885046059312F00EF88346504611F0EEFFF6
S21402E898059B02905FFA8BF04A4639460190009330
S21402E8A8404609AB0CF067F8B8F1000F14BF0B200E
S21402E8B8092016F0030218BF02F1FF32294618BFD4
S21402E8C8D2B212F0F3FBA3E7BDF81A000DF02FFF41
S21402E8D8C3069DD4002FD2D1A946D0E7D858002027
S21402E8E890620020E85300204C6D00201858002043
S21402E8F838B500240F4B104D2A78A24205D8C2B963
S21402E908BDE838400D48F6F7EBBC598869B9013AB4
S21402E918D2B2A2422A70EFD0121B184603F1100197
S21402E9281201EEF791FC0346E6E701341033E4B22F
S21402E938E2E738BDB842002057630020D86B0020B3
S21402E94870B51A4B1A4A1D780023DCB2A54200D8C5
S21402E95870BD144666880133864202F11002F4D16D
S21402E968E379A588E16003F040028DB9CAB123F0C5
S21402E9780403E3710DF0E8FF037803F07F030370E6
S21402E98821880029E4D1BDE870400A4812F05AB836
S21402E99800216580A180002AE9D1BDE87040FFF712
S21402E9A8A7BF2046FFF7C0FEF7E700BF5763002061
S21402E9B8B8420020D86B00202DE9F047044686B0FE
S21402E9C840880F4615460DF0BFFFA3798046082BF0
S21402E9D852D8DFE803F0052E18515151515105005F
S21402E9E8023012F09AFB002D4ED06946F7F7CCF9A2
S21402E9F8002841D1684601F0DDFEB0FA80F04009F1
S21402EA0806B0BDE8F08702A9207A0FF06BFB6B46CA
S21402EA186E46DDF80D00DDF81110334A03C3237A7B
S21402EA2832F81390314AD05C75B131460FF07EFB4E
S21402EA38E6E7237A2E4903EB430301EB830231F818
S21402EA482390907A961CEFE74FF6FB7AD14515D9B4
S21402EA58304603F0ADFF4FF6FF739842054615D0D1
S21402EA680146304601F018FE554508D9E379DA061C
S21402EA780ED440F62243E3600020C1E74D462946FD
S21402EA8808F1020012F04BFB0120B9E74D46EDE70C
S21402EA984FF6FC78454512D103F00C030C2B1CD11B
S21402EAA8DFB130464FF6FD7101F0F6FD40F61F4124
S21402EAB82046E160FFF738FEFFF71AFFDCE74FF65D
S21402EAC8FD739D4209D10023304619461A4602F0C4
S21402EAD82DFB4146304601F0DFFDE37943F00C0397
S21402EAE8E37140F62343C6E7D85800203B6200206D
S21402EAF81858002073B5044640880E460DF024FFC9
S21402EB08023012F00AFB0CF0BEFB18B1A11C201D45
S21402EB180CF0BEFBE6B1E5790135EDB2E57115F00C
S21402EB28400514D0EBF77EF901220546002120465F
S21402EB38FFF742FF18B1394B1B882B449DB2384B5E
S21402EB481B78042B01BF354B1B885B199DB22580A9
S21402EB58002231462046FFF72FFF20B360880DF0CB
S21402EB68F3FEE2792F4922F00C03E3710B7805468F
S21402EB780133DBB20B70C3712B4BA61C1B780BB38D
S21402EB88E37998061ED52949097871B159060CD534
S21402EB9892070AD500220423114630460092FFF750
S21402EBA8B5F810B1E06002B070BD0022012311462C
S21402EBB830460092FFF7AAF820B1E37943F0030340
S21402EBC8E371EFE730460CF061FB0028EAD1608873
S21402EBD8FBF77EFD0328E6D8DFE800F0020D1D19D4
S21402EBE8E37943F00403E3711B06DCD5104B1A786D
S21402EBF8104B1A70D7E740F62443E360E37943F0F4
S21402EC080803E3712B7803F07F032B70CBE740F6FB
S21402EC182543E360C7E740F62643FAE7966C0020EA
S21402EC28906200208D6200208B620020496D0020D1
S21402EC3833620020566300202DE9F74F064612F08D
S21402EC4882F95F4B0546B3F8009018805D4BA0EB3F
S21402EC5809041B78A4B2A34298BF00234FF0000809
S21402EC684FF6FF7788BF1B1B564A88BFDBB2137066
S21402EC78DFF864B1A9EB00030093534B5FFA88F2FE
S21402EC88197891420ED80EB1FFF732FE4FF6FF738F
S21402EC989F4200F08E8039464C4803B0BDE8F04FDC
S21402ECA811F0D0BEBBF80220002A3CD0484B9BF895
S21402ECB807201878BBF800A0042818D00020BAF15C
S21402ECC8000F08BFA2462044504523D2BBF80010C6
S21402ECD8009B1944ABF80010002E4ED002F04802F2
S21402ECE8482A4AD100215846FFF704FF45E0019218
S21402ECF8F6F790FF30F01003019ADFD1FAF702FD1B
S21402ED08344B019AB3F800C08445D7D9ACEB00005F
S21402ED1880B2D4E702F00C00042807D10022ABF830
S21402ED2800200BF1100B08F10108A6E7510602F0C5
S21402ED38030C02F008000ED528B3BCF1030F25D148
S21402ED48DEB1DBF80C105846002908BF4FF44261C2
S21402ED58FFF7EAFC11E040B3BCF1010F25D1120619
S21402ED68EED44FF4C862ABF800209BF8072022F0D6
S21402ED78030242F002028BF80720BBF800209742F3
S21402ED8828BF1746CDE703208445D9D213060ED5E9
S21402ED980C4B1A780AEB0200844208DA4A44521BE1
S21402EDA80AEB0201ABF80010E7E70120ECE70121C5
S21402EDB899E7064803B0BDE8F04FF6F791BA00BFE8
S21402EDC8F65B00205663002057630020D86B0020AD
S21402EDD890620020966C0020B8420020F8B5002504
S21402EDE80A4E0B4F3378ECB2A34204D8BDE8F8407B
S21402EDF80848F5F785BF07EB0414A01CF5F780FF53
S21402EE08201DF5F77DFF0135ECE700BF57630020AC
S21402EE18B8420020EC5B002070B500240B4D0C4E67
S21402EE282B78A34208D81B1BDBB22B706BB9BDE844
S21402EE3870400848F6F754BA06EB041040F621412B
S21402EE480134FFF771FCE4B2EAE770BD57630020AD
S21402EE58B8420020D86B00202DE9F041002506466E
S21402EE682F46114CDFF8448098F80020EBB29A42FD
S21402EE7803D8BDE8F041FFF73BBD60880DF064FD9E
S21402EE88023012F04AF9B0420AD16088F8F74AFA14
S21402EE9800230E211846628803F086F927806780C9
S21402EEA810340135E0E700BFB8420020576300205F
S21402EEB8F8B5154EDFF858E035789EF800E0134F9F
S21402EEC8AE454FEA051C07EB051419D0002503F4D6
S21402EED8835343EA1323A1712272E371608027F8F1
S21402EEE80C50A58006F078FB40F60243E3603378C0
S21402EEF86081013328463370FFF79EFE2846F8BD28
S21402EF0840F60340FBE700BF57630020B8420020E4
S21402EF180D6D00202DE9F04F344B0D461C78174630
S21402EF2885B05CB9B1F90680DFF8C890DFF8C8A0EA
S21402EF38DFF8C8B099F80030A34202D805B0BDE899
S21402EF48F08F0AEB0416B08800B9708801A90FF092
S21402EF5859FFAA7A9DF80E309A4244D1B8F1000FAA
S21402EF680FDA297A9DF80C202B89914209D8204875
S21402EF7800780844824236DA521A1B0A1341D90725
S21402EF8831D538460FF02DFFBDF80A3004469A06EA
S21402EF9802D5EB889B06D1D5F37903F00C03042B34
S21402EFA808D17088F8F7BEF9002372881946184601
S21402EFB803F0FAF800213046FFF7B6FBFFF798FC95
S21402EFC8384611F06FFC844208D2337A01228BF855
S21402EFD8003029460023384603F044F8B8F1000FFB
S21402EFE8ACDA0024A6E70134E4B2A3E755630020AE
S21402EFF80C6D002057630020B84200206063002092
S21402F00808B511F0A0FF074B1B88C01A80B2B0F5EE
S21402F018807F05D9BDE808400021034811F012BDDB
S21402F02808BD00BFF65B0020D86B00202DE9F0472C
S21402F03888B004460D460FF0DFFD0146204606F06E
S21402F0484BF910F0030340F0848010F00C0F06D141
S21402F0582946204608B0BDE8F047FFF771BC2046AF
S21402F0680DF065FBC10659D420460FF0C5FD0146D2
S21402F078204606F031F9074620460DF065FC06469E
S21402F088023012F04AF805A98046204607F00C0717
S21402F09896F806A00FF0B6FE73780C2F0CBF03275F
S21402F0A80627012113F0010F204618BF032711F087
S21402F0B815FC2B4B81461B78033B012B1DD9BAF155
S21402F0C8010F1AD94FF6F773984502D8337A1F2BD1
S21402F0D813D9301D12F021F8F17982460EF03AF86B
S21402F0E806465046F7F726FDDEB173685A1C04D06A
S21402F0F8834340F6284308BF1D461A4B1B88A34283
S21402F10812D1B5FA85F04009FAF7A6FD20460DF0A9
S21402F1183CFB00220146072011F0C8FF08B0BDE8F4
S21402F128F08740F62845E8E706F056FA824648464B
S21402F13811F0B8FB0646484611F098FBF6B2029064
S21402F148424639462846CDE900A605AB0BF013FC25
S21402F158DCE7012BE2D110F00C0FDFD178E700BF15
S21402F16890620020EC5B0020002210B5094B1C7848
S21402F178094BD1B28C4201D8002010BD197A8142BF
S21402F18802D19979022902D010330132F1E701201F
S21402F198F3E700BF57630020B8420020014600226A
S21402F1A810B5084B1C78084BD0B2844201D8002010
S21402F1B810BD187A884202D198790128F8D01033FF
S21402F1C80132F1E757630020B8420020002210B44B
S21402F1D80A4B1C780A4BD1B28C4203D85DF8044B12
S21402F1E8FFF786BB197A814205D19979012902BFB0
S21402F1F800211980598010330132ECE7576300204A
S21402F208B8420020044B1B6813F0300F03D02021AD
S21402F21830200EF099BE704730470020002310B504
S21402F228044608491A4601EA00414FF07F60FEF795
S21402F23851FFE30703D5002130200EF085FE00209B
S21402F24810BD00BF00007207044B5B8823F47843A6
S21402F25823F08D0303800020704700BF304700204C
S21402F26808B500220346C3F80220C3F806200B4A54
S21402F27802301268D1B212F0200F18BF41F0100106
S21402F2881980930701D4FEF79DFF054B1B78023BB6
S21402F298032B8CBF1720002008BD00BF3047002074
S21402F2A88F62002038B505460C46FDF72FFB98B14D
S21402F2B80E4B187878B10E4B1B681A040FD58CB112
S21402F2C813F0420F00D17DB103F44073B3F5407FCB
S21402F2D80CBF0020232038BD40F60840FBE740F666
S21402F2E80B40F8E72046F6E72320F4E78B62002077
S21402F2F830470020F0B504468DB007A80D461646DE
S21402F3080BF045FC1022002103A8EDF74BFF5CB179
S21402F318234603AC03F110072246186859680833D7
S21402F32803C2BB421446F7D1012703A986EA07039C
S21402F33807A88DF81C708DF81D300BF093FD80EA37
S21402F348070401A8E4B2EBF7AFFAB6B101A88DF844
S21402F3580650EBF7D5FA64B1002303A907A88DF87F
S21402F3681D300BF08EFD0C4B1B78432B01D1F7F7A3
S21402F378CFFC0A4B1D700DB0F0BD01A88DF80750E2
S21402F388EBF7BEFA002CF6D003A907A88DF81D7075
S21402F3980BF077FDEFE700BF8F6200208A6200203D
S21402F3A8F0B5012593B007460DA80C460BF0EFFB07
S21402F3B805A90DA8ADF834500BF07EFD01A8EBF7B1
S21402F3C873FA09A90DA88DF835509DF806600BF05A
S21402F3D873FD0DA89DF807500BF004FD70BB731B58
S21402F3E8DBB2802B28D91FB1A64225D0A54223D14D
S21402F3F805A90DA80BF045FD03A8EBF755FA03A8D7
S21402F4088DF80F60EBF77CFA0122294609A8FFF768
S21402F41871FFF7F733FD01214FF4007003F0E6FDA4
S21402F428FDF75CFAB0F1004F01D9FDF75DFA044B1F
S21402F43818780BF006FB012013B0F0BD0020FBE79E
S21402F4488A62002070B50E46144605460320FFF76A
S21402F45865F946F00402294620460BF06CFD0022A8
S21402F468014B1A6070BD00BF2C470020F0B587B06C
S21402F478078805461022002102A8EDF793FE3E4BA8
S21402F4881B78002B76D1BC055ED407F08403842B48
S21402F49863D00022394C11461046FFF72BFF17F4AB
S21402F4A8045F276005F102061CD0B9040AD5304667
S21402F4B805F0A4F900284ED1236823F4005343F438
S21402F4C88073236030460EF0CDFD002842D10BF043
S21402F4D85AFB18B9236843F480332360236843F041
S21402F4E82003236022680DF1060042F400432360DD
S21402F4F8FFF7AAFE12F4805FBDF8063031D043F05B
S21402F5082003ADF806302168334611F0400218BFD2
S21402F51805F123024FF07F60FEF7DCFDBDF80630EA
S21402F528DA0703D5002130200EF00EFD23689B056E
S21402F53806D5012295F8221005F11200FFF7DAFE29
S21402F54800200F4B186006E005F112000EF08AFD47
S21402F55800289AD0292007B0F0BDB80799D52320ED
S21402F568F9E723F02003ADF80630FDF7BDF9FEF7FC
S21402F578BBFBC8E70220EEE78F6200203047002078
S21402F5882C47002008B5054B1B7833B1FFF73AFE27
S21402F598BDE808400248FEF731BE08BD8B6200206F
S21402F5A81563002010B5154B1B78D3B1144B1B7886
S21402F5B8033B012B15D900200FF017F8044698B123
S21402F5C8EAF760FC237913F0300F0AD148B1012814
S21402F5D803F0CF0206D0811E4B424B415B01134318
S21402F5E8237110BD1023FAE7F7F7DAF80028F8D0E7
S21402F5F821462046BDE8104004F096B88B620020EB
S21402F6089062002008B50DF03FFB054B18B9186844
S21402F618C0F3800008BD1868C0F30050FAE700BFC0
S21402F628304700202DE9F04F06468946104600214D
S21402F63889B01546984605F04FFE102807460AD8A0
S21402F6486A4B0341DB0706D4C8F340049DB9002081
S21402F65809B0BDE8F08F664B1C78002CF6D0FFF791
S21402F668D1FF00280CBF4FF4F0744FF4D074FC405E
S21402F67804F00104EAE74FF0000A18F0010F5346B7
S21402F688524629464FF00500CDF800A00CBF4FF0B1
S21402F698080B4FF4027B09F0C8F80028D7D0C82315
S21402F6A83246009359465346284605F03DFEADF8C5
S21402F6B80E000028CBD018F0080A4AD14FF6F77386
S21402F6C8A7F10F02D2B29E428CBF09230123012A58
S21402F6D801D843F04003474A8DF810301378591C76
S21402F6E811708DF81130002C4FD09DF81030052F70
S21402F6F843F020038DF8103033D03F4B1D78002D91
S21402F7085AD04FF6F77300259E424FF00F0248D99B
S21402F718012304A90DF10E00F5F736FD002896D14F
S21402F728002C4DD1BAF1000133463A4618BF0121E2
S21402F738BDF80E00CDF800900BF0AFFDADF80E0048
S21402F748002884D018F0040F4DD031460DF0D1FEB3
S21402F7587EE749460DF10E0005F02AF80028ADD1DD
S21402F76875E70121BDF80E0011F0B8F8012105F081
S21402F778B3FD0123834013F0620F1CD11E4B1B7886
S21402F788E3B14FF6F7731825BEE71B4B25461B78E1
S21402F7980222002BBCD04FF6F7739E42B8D8052F2C
S21402F7A8B6D0BAF1000FB3D19DF8103043F040033B
S21402F7B88DF81030ACE710250F22A9E71825FBE7CD
S21402F7C8BAF1000F0AD002234A46009029460DF1E4
S21402F7D80E00FEF79BFA0028A4D038E741235246CB
S21402F7E8CDF800A0F2E70DF06EFE31E79FFEFEFFB1
S21402F7F88B6200208C6200207D6200202DE9DF43A8
S21402F8081E46144B80461B680F469B0791460A9C69
S21402F8181BD4204614B10BF028FDC0B20622CDE94F
S21402F82802403B460020CDE900890B490FF064F9F7
S21402F838024650B10021002E0CBF012303230846BE
S21402F84804B0BDE8D043FFF7EDBE002004B0BDE823
S21402F858D08300BF3047002051AD04002DE9F04F99
S21402F8688DB081468A461F4693469DF85C803AB913
S21402F87803A8FEF7A7FCB0BB00200DB0BDE8F08FCA
S21402F88815460022232110460DF079F8ADF80A0035
S21402F8980028F1D010F0EAFF0523044618F0100FEE
S21402F8A800F8023B677020D011220021EDF77AFC9F
S21402F8B804F11306032F4FF0080237D15946304693
S21402F8C8EDF7C2FCC8F3801306F1090533720BF094
S21402F8D8C8FC00283ED000232B706B70012303352A
S21402F8E805F8013C36E003ADCBE70126102216994F
S21402F8F8EDF7AAFC06FA07F313F0620F02D104F139
S21402F9081206D7E707A80BF042F905A88DF81C607F
S21402F918EAF7CAFF9DF8162018F0200F9DF8173050
S21402F92808BF134604F11306A374C3E751463046CC
S21402F938EDF78AFC012306F10802121B28460093FB
S21402F948BDF80A10082392B211F0ECFC042F06F157
S21402F9581005BCD02D1BA9B20DF10A000FF034F821
S21402F968002889D118F0040F0BD0484611F09EF9EA
S21402F978FF281FBF074A32F8103023F4804322F8C4
S21402F9881030434651464846BDF80A20FFF74AFE5D
S21402F99873E700BF805B002070B5032690B08DF831
S21402F9A807600DF071F918B90224204610B070BD30
S21402F9B8F5F78AFD0028F7D002AD2846FEF702FCC6
S21402F9C80028F1D01B4B1C6814F00204ECD140F25C
S21402F9D80F43194AADF82430136804A8CDF8263028
S21402F9E85368CDF82A300BF0D2F895E8030005AB39
S21402F9F883E80300062304A88DF81D308DF81060EE
S21402FA08EAF7F4FE01210DF12E020DF10700EAF7DE
S21402FA1845FE22461A2109A80CF0B1FF024608B98B
S21402FA281924C2E7012329462046FFF7FBFD0028D2
S21402FA38BBD1F5E730470020156300202DE9F04FCB
S21402FA4806460F46002199B01F2210A803930F916D
S21402FA58EDF7A8FB30460FF0CFF80146304605F022
S21402FA683BFC8DF81B0030460CF06EFF9DF81B30F1
S21402FA7845788146C5F340059806304648BF45F0A6
S21402FA8802050FF0AEF90446304610F00BFF0023CD
S21402FA98001B5FFA80FA00935346232B28BF2323C2
S21402FAA8224631460FA811F03DFC002840D19E4B55
S21402FAB89DF83C801B789DF83DB0002B3BD0FFF7A5
S21402FAC8A1FD00280CBF4FF4F0734FF4D07323FA4D
S21402FAD808F3D9072FD5AA072DD4B8F1080F24D1D1
S21402FAE8BBF1040F24D1FAF797FD08BB012322467F
S21402FAF80093314605200DF11B0308F073FEB8B1DA
S21402FB08A8F10508B8F10D0F12D8DFE818F028009A
S21402FB18A001C701EC01F501110011001100110046
S21402FB28FB019D02A902D702D702B8F1050F08D039
S21402FB3819B0BDE8F08FB8F1100F05D1039B002B62
S21402FB48F6D0FAF769FDD1E7FAF766FD0028CDD0B8
S21402FB58B8F1050FCAD0B8F1110FC7D0E8E7BBF164
S21402FB68050FE5D830460CF052FE059009F1020062
S21402FB7811F0D3FA81460DF11E00FFF765FB01234B
S21402FB889DF83D70BB4013F06203039305D0BDF8A1
S21402FB981E309B0701D5AE07CAD50DF075F80028AA
S21402FBA8C6D0FAF739FD08B9002DC1D00DF13E0AC4
S21402FBB850460EF057FA039B0490BBB1032F9DF8EC
S21402FBC84EB01AD10DF14F040DF05EF8814540F0A3
S21402FBD81781032DACD19DF856105246003918BF2E
S21402FBE801210DF14E000BF065FBA1E7032FDDF8AE
S21402FBF80CB07BD10DF14E04E6E74C4B1B689C0714
S21402FC0829D5FF2208210DF157000CF0CFFF8046B8
S21402FC1808BB034601460DF157020220FEF75AFAC0
S21402FC280DF032F881450DF157060DF14F0422D03A
S21402FC384FF6F773994540F2E880002208212046DD
S21402FC480CF0B4FF002800F0E08000225946504627
S21402FC58FFF750FB6CE70DF157060DF14F043046DF
S21402FC680EF09AF9002846D00DF00EF8814540F0BD
S21402FC78C8804FF000082046F6F70EF9002800F074
S21402FC88C080012F58D0042F7FF452AF0EF0A7F988
S21402FC9810B1032D7FF44CAF049B002B7FF448AFC2
S21402FCA8324602215046FFF7CDFB214B1B7863B143
S21402FCB8FFF772FEFEF72CFD022806D10120FEF79A
S21402FCC821FD01210846FEF799FB1A4B1B78022BE9
S21402FCD81FD1032130460AF0B6FEFEF719FD01468B
S21402FCE800287FF425AFFEF789FB21E70DF15606BB
S21402FCF80DF14E04B3E70F4B1B78432B7FF418AF76
S21402FD08012F7FF415AF0CF0BFFF814579D1B846B5
S21402FD18B1E7412B7FF40CAF044B1B6858057FF5FF
S21402FD2807AFF8F761FC03E78B6200203047002034
S21402FD38476300208F620020B64C2378022B22D01D
S21402FD482378412B3FF4F4AE049B33B9FAF764FCEC
S21402FD58594602465046FFF7CDFAFAF75DFC0028E8
S21402FD683FF4E6AE0EF03BF9AB4F98B13B681A0586
S21402FD7802D42378432B0DD1AB070BD440F61A4096
S21402FD88F7F7E0FBD4E60EF02AF90028D8D0A90740
S21402FD98D6D4CDE6386810F0020002D1059903F0F1
S21402FDA8C3FC2378112B16D13B685F0513D50020B8
S21402FDB8FEF73AFB044600287FF4BAAE0DF03CFA8A
S21402FDC840F61C40F7F7BEFB21462046FEF716FB18
S21402FDD8F7F7C4FBACE6AC0701D5FFF713FAB8F1A0
S21402FDE8000F9ED00AF0CFFE18B94FF480310EF0FD
S21402FDF8ABF80022894B30461A600EF0C4F890E73A
S21402FE080026039B002B7FF413AF4FF6FF732046A2
S21402FE1808A9ADF82030F5F791FF20B120460CF07E
S21402FE280EFFADF820004FF6FF73BDF8200098428B
S21402FE383FF47EAE049B3246002B0CBF04231523E8
S21402FE482146CDE900A33B46FFF708FD70E60CF015
S21402FE581BFF00287FF46CAE714B1B78002B3FF417
S21402FE6867AEA80704D46C4B1B6899013FF560AED1
S21402FE78BAF10C0F0DF1450094BF002412AC11F034
S21402FE884CF902469DF8470003283FF651AE39461C
S21402FE9800940DF13D0304F00BFA49E60DF13D001E
S21402FEA8F5F7FAFF28B1022239460020FAF740F899
S21402FEB83EE65C4B1B78013B012B3FF639AE0DF153
S21402FEC83D0002F075FD4FF6FF739842044606D1D0
S21402FED80DF13D000CF0B3FEA0423FF429AE00211E
S21402FEE8FAF736F924E6EA077FF522AE2A463846B6
S21402FEF80FA904F0DBFA1BE69DF83D100120FFF778
S21402FF084FFA15E6474B1B78013B012B3FF610AE1E
S21402FF18EB077FF50DAE0DF13D0002F049FD4FF6F9
S21402FF28FF7398420546804640F080800DF13D00FA
S21402FF380CF085FE40450546074677D10DF13D0093
S21402FF48F6F71CFCB84205463FF4F2AD304610F010
S21402FF58A9FC00220934E4B2071BFFB23946104650
S21402FF680CF00DFDADF81C0000283FF4E1AD4FF093
S21402FF78010900232A460821CDF8009005F0D4F995
S21402FF88ADF81E0000283FF4D3AD214630460EF0E9
S21402FF98FFFE4FF0000A80461622514609A8CDF801
S21402FFA820A0EDF7FFF8434622463146CDF800A0DA
S21402FFB808A811F0B7F94B46424608A90DF11E00EB
S21402FFC8F5F7E2F800287FF4B3ADA7EB0807FFB20F
S21402FFD8394607A80EF0F8FC284610F067FEFF28F8
S21402FFE818BF114A444418BF32F81030E4B21CBF96
S21402FFF823F4804322F81030BDF81C00234632460C
S214030008002100970EF008FD2946BDF81E000DF0E6
S21403001870FA8DE58F620020304700202C470020B9
S2140300288B62002090620020805B0020284610F038
S2140300383DFEFF28074689D0F6F7C6FD002885D07B
S214030048384603F099F881E71E4B1B78013B012BD2
S2140300583FF66EAD2A4638460FA9FCF7C9F967E599
S214030068194B1B78022B20D1002F7FF461AD08A80B
S214030078FEF7A8F800283FF45BAD144B1F709DF8F5
S2140300883D30002B14BF64246524FEF741FB032888
S21403009806D138463946FEF7B1F93846FEF73EFB31
S2140300A8214608A80AF0CFFC42E5043B012BDBD91E
S2140300B838460BF0E8F80028D6D139E530460BF079
S2140300C8E4F835E5906200208F620020476300203D
S2140300D82DE9F34105460E46174698460DF07FFF71
S2140300E8044640B101233A4631462846CDF80080F7
S2140300F8FFF784FB04460DF072FF30B1FFF782FA70
S21403010878B10A4B1B689B010BD400233A46314649
S2140301182846CDF80080FFF771FB002C0CBF044679
S214030128012404F0010002B0BDE8F0813047002046
S21403013870B58AB005A80AF02AFD022301AA154657
S2140301488DF81430084B03F11006144618685968DE
S214030158083303C4B3422246F7D1294605A80AF052
S21403016881FE0AB070BD00BF53110500014B187815
S214030178704700BF4A6D0020014B1888704700BFC0
S214030188C06C00204FF6FF732DE9F0439942804672
S2140301980D4685B00BD000274FF6FD791C4EE9F7C0
S2140301A847FEFCB2A0420BD84FF6FF701DE0F5F7EA
S2140301B873FE0028EFD005B0BDE8F0430CF064BD2D
S2140301C836F814304B4517D8694620460DF04EFFCF
S2140301D8082241460DF10500EDF730FB4FF6FF7395
S2140301E860B99D4204D136F8140005B0BDE8F08323
S2140301F826F814500DF003FF0137D0E79D42FBD0D5
S21403020836F81430AB4208BF26F81490F4E700BF5C
S214030218D85800202DE9FF4706460F4600254FF617
S214030228FD79DFF83C80DFF83CA0E9F701FEECB285
S214030238A04202D804B0BDE8F08738F814304B451E
S2140302480CD8694620460DF011FF082231460DF1F9
S2140302580500EDF7F3FA08B90AF804700135E4E780
S214030268D85800203B620020014B33F81000704733
S214030278D8580020F0B5064600250D4F85B0E9F797
S214030288D7FDECB2A04201D805B0F0BD37F814305C
S214030298B3420BD1694620460DF024FF9DF8003083
S2140302A8022B1CBF4FF6FD7327F814300135E6E71B
S2140302B8D858002030B585B004460D46E9F7B8FD92
S2140302C8A0420FD9084B33F814204FF6FD739A4211
S2140302D808D8694620460DF005FF29460DF10500A6
S2140302E8FFF750FF05B030BDD858002030B585B0AD
S2140302F80446E9F79DFDA04219D92046FEF734FFC8
S2140303080546B0B9694620460DF0B0FE9DF80030A4
S2140303182BB1694620468DF800500DF0C5FE4FF602
S214030328FF720020044B23F8142005B030BD2820A4
S214030338FBE740F60440F8E7D85800202DE9F041DB
S2140303480B7805460E461BB9BDE8F041FFF7CEBF4E
S214030358E9F76EFDA84231D92846FEF705FF78BBB4
S214030368374617F8058B4FF6FF713846FFF70AFF2F
S2140303780446384600F01EFAB0FA80F04009B8F191
S214030388000F15D0B8F1030F15D04FF6FF724FF6CE
S214030398FD73944208BF1C460B4B314623F81540A1
S2140303A80A4B585528460DF07FFE0020BDE8F0811D
S2140303B84FF6FF74F0E74FF6FE74EDE72820F5E7EF
S2140303C840F60440F2E700BFD85800203B620020FE
S2140303D82DE9FF410D4604464FF6FE780F4F0E0AE9
S2140303E8E9F726FDA04204D8FF24204604B0BDE85A
S2140303F8F08137F8143043450CD1694620460DF092
S21403040835FE9DF80520EBB29A4203D19DF80630D7
S214030418B342EAD00134E4B2E2E700BFD85800207A
S2140304282DE9F04F0C461746984600254FF6FD7BF8
S21403043887B09DF840A0DFF85C900190E9F7F8FCD8
S214030448EEB2B04201D8FF2616E039F816205A4510
S2140304581ED8304602A90DF009FE3FB99DF80920BB
S214030468424515D19DF80C20524511D144B939F8A7
S2140304781620019B9A420BD1304607B0BDE8F08F91
S214030488082220460DF10D01EDF7D8F90028F3D020
S2140304980135D3E7D858002010B514460DF0E6FD0D
S2140304A82046BDE8104008220149ECF7CDBE00BF40
S2140304B8156300202DE9FF47074615460846082218
S2140304C824491E46EDF7BAF9044600283FD14FF6ED
S2140304D8FF7ADFF88490E9F7ABFC5FFA84F8804587
S2140304E80BD385B3384608F05EFA01250C9B1870C3
S2140304F80120357004B0BDE8F08739F81830534545
S2140305081FD0694640460DF0B1FD7A789DF8013054
S2140305189A4216D17A88BDF802309A4211D13A79AE
S2140305289DF804309A420CD108220DF10501781D76
S214030538EDF784F928B9002DD7D1404608F04EFACE
S214030548D3E70134C7E7FF2008F048FACEE70020D0
S214030558D0E700BF15630020D8580020F0B5002563
S214030568154E164F85B0E9F763FCECB2A04201D8E6
S21403057805B0F0BD694620460DF078FD9DF80030BD
S214030588032B06D90023694620468DF800300DF064
S2140305988BFD9DF8002062B14FF6FD734FF6FE7192
S2140305A8032A08BF0B4626F81430002301353B55AB
S2140305B8D9E74FF6FF73F6E7D85800203B620020CA
S2140305C8F8B50E4604464FF6FF770C4B0C4D1B78D2
S2140305D803EB430305EB8305A54202D80024204614
S2140305E8F8BD2388BB4206D008223146A01CEDF787
S2140305F825F90028F3D00C34EEE700BF0E6D002073
S21403060818580020044BFF211A78044802EB4202CC
S2140306189200ECF7C7BD00BF0E6D002018580020E7
S214030628F8B504460C4B0D461B781046A3420DD965
S2140306380C27022117FB04117C43084E0822314479
S214030648ECF702FE335B00202B80F8BD0023136013
S21403065853604FF6FF73F6E70E6D00201858002018
S21403066838B504464FF6FD75FFF704FE0022084B1F
S2140306781878084BD1B2884200D838BD33F80C1C1A
S2140306880132A14208BF23F80C5C0C33F2E700BF23
S2140306980E6D00202458002070B505460E46084601
S2140306A8FFF7DEFF31462846FFF76CFD2946064866
S2140306B8FFF786FF00B970BD044624F80C6B0DF0EF
S2140306C89EFC29462046F3E71858002010B5082252
S2140306D886B023490446EDF7B1F820B906B0BDE85D
S2140306E810400CF0D1BA082220461E49EDF7A6F8AA
S2140306F820B91D4BB3F8680006B010BD00230122CD
S21403070821464FF6FF700093FFF78AFEFF2806D0B0
S214030718164B33F810004FF6FB739842ECD903A830
S214030728FEF79EFD58B9BDF80C305B0607D50822C0
S21403073821460DF10E00EDF781F80028DCD021469E
S2140307480B48FFF73DFF40B14FF6FB724FF6FF73BA
S2140307580088904288BF1846CEE74FF6FF70CBE76F
S2140307681563002052540020E8530020D858002070
S2140307781858002070B5002204464FF6FB76084644
S2140307880A4B1D780A4BD1B28D4201D8002009E0E6
S2140307981988B14207D8A14205D10822991CECF75B
S2140307A853FD012070BD0C330132ECE70E6D0020BB
S2140307B81858002037B5014605460E48FFF700FFD0
S2140307C8044640B1807A29460DF0B0FC80F001005B
S2140307D8C0B203B030BD03460090012229464FF647
S2140307E8FF70FFF71DFEFF2816BF034B2046185C55
S2140307F8E9E700BF185800203B6200202DE9F341C3
S214030808224B04461B780F468342154638D9FEF713
S214030818C5FCB8BB4FF6FD739D421D4E0ED004EBC8
S214030828440326F823504FF6FF739D421FD12046F4
S214030838FEF7CCFC002002B0BDE8F0810DF10601FE
S2140308483846F5F77BFA4FF6FF72BDF8063038469A
S214030858934218BF1D460C236343F55206EB030861
S214030868FFF7A8FFB0FA80F0400988F80A000C23BF
S21403087803FB0460082239460230ECF7E5FCD9E7A7
S2140308882820D8E740F60540D5E700BF0E6D0020C0
S2140308981858002038B504460D46FFF7BBFC21461A
S2140308A80448FFF78DFE00B938BD857221460C3023
S2140308B8F7E700BF185800200023074A1370074AB3
S2140308C81370074A118801B11380064B1A880AB1B8
S2140308D800221A80704700BF59630020586300201F
S2140308E8FC5B0020FA5B00202DE9F04F4C4C984641
S2140308F8238889B005900F4610469DF848A05BB933
S21403090852B10EF07AF820804FF4FA61454809B0E0
S214030918BDE8F04F10F096B8DFF81C91B9F8005010
S214030928002D69D028460FF0BDFFC0F347042846BC
S2140309380FF09CFFDFF804A10294BAF80030DFF842
S21403094800B10193BBF800300546009300224346E6
S214030958012035490EF0D0F8ADF81E0010B305EBAC
S21403096844080124454512D1E4B9BDF81E50CDB15B
S2140309782E4B1B782BBB2B4600223946059800F0D6
S21403098843FA0023ABF80030AAF800300AE0012344
S21403099829461A460DF11E00F4F7F6FB02350446FF
S2140309A80028DFD00023224AA9F800301378013B39
S2140309B8DBB21370002BA7D109B0BDE8F04FFFF7E1
S2140309C87BBF0CF02AF90146284604F085FC0A2169
S2140309D88046284604F080FC0646A64202D8FF2C2A
S2140309E8CFD1C8E7284604F10B0104F075FC80450F
S2140309F8C1D80134E4B2F0E70E4C237823B910F0DB
S214030A0805FA08B901232370524641460520F5F72F
S214030A1857FC0028D0D1207009B0BDE8F08F00BF7E
S214030A28FC5B0020F86B002057AD04005A630020D7
S214030A385963002058630020FA5B0020945B00206B
S214030A48965B002030B5154D87B02C889CB9234695
S214030A584FF4A07248F2380103A80DF04AFC214669
S214030A682046F9F7F3FB22460D4B009403A9FFF73C
S214030A783BFF07B030BD20460BF066FF043010F08E
S214030A884CFB03A9044628880EF0BCF90023009300
S214030A9820462A8803A900F065FBEAE7FC5B0020EA
S214030AA800F8FF0737B5002001A9F9F7CFFB0D4C6F
S214030AB8014623780C4D7BB10C4B019A1878F9F74D
S214030AC8DBFB2078F7F716F9002323702B7008480A
S214030AD8F4F706FC03B030BD2B78002BF7D0FFF7EE
S214030AE8B1FFF4E75C630020596300205B630020D2
S214030AF8F86B002008B50548F4F702F90448F4F73C
S214030B08FFF8BDE808400348F4F7FAB8FC5B002092
S214030B18FA5B0020F85B00202DE9F04F89B0894680
S214030B280446CDE905239DF84870139E30B316F89E
S214030B3801ABBAF1000F23D00AF1FF34A400E4B2E4
S214030B48314601200AF0E7FBC00E1BD1DFF838B1A7
S214030B58314601200AF0DFFB9BF800503444227923
S214030B68BDB1002F47D180234846CDE90277CDE9AA
S214030B7800773E4A059900F047F93CE08246DFE7EE
S214030B885446DDE71B28ECD9314601200AF0C3FB9F
S214030B98E7E7DFF8F880FF2A00EA08080BD14246A1
S214030BA8E379A179607901EB032189B209B0BDE83D
S214030BB8F04FF9F761BB2E4909688B070AD5FE2A59
S214030BC835D101230135EDB2202D4FEA43030AD16F
S214030BD8FF250AE0294628460792F9F737FB4845D2
S214030BE8BFD1079AEBE79845ECD1224B1B78FF2B2E
S214030BF804D0AB4204D009B0BDE8F08FFF2DFAD07D
S214030C0829460020F3F774F80028F4D09BF8003040
S214030C186479002BEFD1FFF74FFE17484FF41051B6
S214030C280FF010FF154B8BF800501C70E3E7052AEE
S214030C3897D8BAF1010F94D8B8F1000F91D0002FC6
S214030C48D9D17379002BD6D00D49098821B9082B39
S214030C5828BF08230B490B70434648461292DDE922
S214030C68051209B0BDE8F04FFFF73EBE57AD0400C6
S214030C78304700204B6D0020F86B00205B63002094
S214030C88FC5B0020596300205C63002000F8FF0724
S214030C98014B1880FFF7D6BEFA5B002037B5184B12
S214030CA81B78022B03D01725284603B030BD002136
S214030CB80DF10700F4F798FC05460028F3D1114B0D
S214030CC81B78013B012B01D90225EDE7F4F7F6FB68
S214030CD80028F9D009F0FFFD0446F4F7EFFB0A4BAA
S214030CE84FF47A7118700B23B4FBF3F203FB124428
S214030CF80A34A4B2614305480FF0A4FED4E700BF44
S214030D088F62002090620020806200205C460020EC
S214030D182DE9F043384B00241E784FF4F813374F69
S214030D28A5B003933D78ADF81040F7F78FF8BDF9F3
S214030D380E30ADF81200A342ADF8144006DB304B74
S214030D481C780134E4B21C7044F080048DF82C40FF
S214030D58A94602244FF000088DF82D60B14529D323
S214030D68002221460BA83D708DF82D800BF007FE58
S214030D78E8B1B8F1000F09D000234FF6FC71CDE9AE
S214030D88000303AAFF230620FBF7EAFFB5422FD288
S214030D9809F0A1FD0B23B0FBF3F24FF47A7102FBC3
S214030DA813000A3080B2414316480FF04BFE25B0B5
S214030DB8BDE8F083484606A902F004FA98B9512C10
S214030DC811D804F190030DEB0302083406AB013582
S214030DD808F1010803CBE4B242F8640C42F8601C3D
S214030DE8EDB25FFA88F809F101095FFA89F9B5E700
S214030DF80448F4F775FADAE7806200208162002077
S214030E085E6300205C4600200CB42DE9F04F8BB0DF
S214030E1814AA0E4652F8041B07460992002940F006
S214030E288F80BDF85400ADF82200002800F0A1809A
S214030E3833794FF6F778002B40F0868047458CBF0A
S214030E484FF009084FF008084C4B1C78FF2C40F06D
S214030E588380B6F90230002BA9BF494B347A1C7835
S214030E680134A2BFE4B21C7044F08004DFF81CB15E
S214030E782246002104F044FA9BF80030BDF822000D
S214030E88002B6CD0DFF808A14FF00009BAF8003041
S214030E9807930FF007FD0546BDF822000FF0E6FCA2
S214030EA8EBB2CDE90193FF23CDE90309009322466C
S214030EB8334639460798FCF7F1F84FF6FF730546AD
S214030EC88BF80090AAF80030382D33D132463946CD
S214030ED840460DF122030AF0DEF900284BD04FF600
S214030EE8F7739F4226D8B6F902307088002B21DAAA
S214030EF848F204022349244B4FF00008904214BFDB
S214030F08894699460BF0C0FE494603468A220120C5
S214030F18CDF800800DF0F0FD814658B122464146D3
S214030F2804F0EEF9FF23324639464046CDE90098E9
S214030F38FBF716FF28460BB0BDE8F04F02B0704724
S214030F4801200DF0B6FD6EE7002347458CBF4FF032
S214030F5806089846337177E7FF221A7086E7CDE9C5
S214030F6800033246FF2339464046FBF7F9FE05469B
S214030F78AAE71925DEE70546DCE700BF4D6D002026
S214030F885E63002068AD04005DAD04005D63002069
S214030F98FE5B002070B54FF4003300240546164662
S214030FA888B0ADF81A100DF10F0204A90593ADF831
S214030FB81840ADF81C4004948DF80F400AF042F927
S214030FC89DF80F3028460193049B044A009305A90D
S214030FD83346FFF719FF08B070BD00BF61AD0400C4
S214030FE830B54FF48035002487B00395BDF82850F4
S214030FF8CDE900128DF81030074A034603A9BDF859
S2140310082C008DF81140ADF81250ADF81440FFF7D8
S214031018FBFE07B030BD00BF6DAD0400B1F1006F35
S2140310282DE9F04314462CBF392238228BB01D46CF
S2140310384FF00003ADF81E204FF480022CBF4FF08C
S21403104801099946FF2C0646ADF81C300892ADF800
S21403105824304FEA11471FFA81F80FD10CF0AAF98A
S214031068B9F1000F19D1154ACDE9020543463046B2
S214031078CDE9007407A9FFF7C7FE1AE0FE2C0AD1CC
S2140310880CF098F90130C0B20CF09FF9B9F1000FD3
S21403109812D00B4A02E0E8B2F8E70A4ACDE903059C
S2140310A801233046CDE90174CDF8008007A9FFF780
S2140310B8ABFE0BB0BDE8F083034AD5E765AD040085
S2140310C86BAD040064AD04006CAD04004FF49812D5
S2140310D84FF0806310B586B0CDE903230023ADF83F
S2140310E814300BF0D1FD0446F6F7B0FE054B01901D
S2140310F80093054A234603A94FF6FD70FFF784FEBF
S21403110806B010BD1563002071AD040008B5064B84
S2140311181B78022B02D0043B012B03D8FFF7D6FF1C
S214031128002008BD0220FCE78F62002030B50024AB
S2140311384FF4806587B0CDE900128DF81030084A61
S214031148034603A94FF6FD708DF811400394ADF8D6
S2140311581250ADF81440FFF757FE07B030BD00BF76
S21403116875AD04002DE9F04F9BB00E4605460EA953
S2140311781046CDE90A329DF890700DF012F8BDF8C6
S21403118838A0804650460FF08DFBB6F90230044669
S214031198002BB6F80690B6F802B004DA0022B24B73
S2140311A81A70002049E050460FF07CFB4045F5D303
S2140311B8A4EB0804E3B2002F18BF4FF4A079152B4D
S2140311C8099328BF15230024013308F1FF3251463B
S2140311D8DBB292B2009414A810F0A4F86FEA4B435B
S2140311E86FEA5343A1499DF8502008684968ADF84B
S2140311F846300FAB03C3ADF84840ADF84440ADF8EE
S2140312084A90ADF84C20BBF1000F24D10DF15100E4
S214031218F4F742FEA0B10BF037FD5C4606460DF127
S214031228590A0DF151030A9A9AF80080012A2DD11A
S21403123857B384F0010404F001001BB0BDE8F08F37
S2140312480DF1510001F0B4FB4FF6FF74011B4C423D
S21403125806464C41E3E7BBF1010F40F09480BDF826
S21403126851600BF011FD86420AD030460FA90DF0E7
S2140312786EF880F00104E4B20DF1530A0FABD2E71F
S2140312887B4B0DF1530ACEE70A9CD4E797B3002CA1
S21403129875D1B8F1010F72D837D10BF0F5FC0BF006
S2140312A8F3FC224606469AF80170714B002101208A
S2140312B8CDE9006102976F490DF01EFCADF83A00C0
S2140312C800285CD0002C53D1B8F1010F50D1264624
S2140312D8DFF8B8A19AF800305FFA84F8434538D99E
S2140312E840460FF03BFDC20702D5BFB1013FFFB230
S2140312F80134EFE7B8F1010F05D1002CCDD08122D8
S2140313089AF80170D2E7002CF9D1B8F1010F94BF0F
S214031318002201229AF80170D201C7E7404601F07D
S21403132817FB0123ADF8340002220DA90DF13A008C
S214031338F3F72AFF18BBBDF83A000FF0B3FA804656
S21403134848460CF0A0FD08F1010801368045F6B2C0
S214031358CEDBB6B132460C21BDF83A0003F0D0FF17
S21403136800222846BDF83A3011A9FFF74DFD06E0DE
S2140313780C210DF13A000DF027FB0028F0D00120D0
S2140313885BE70D21F5E70A9B002B7FF40AAF73880A
S214031398342B57D1099B092B7FF403AF002F7FF417
S2140313A800AF9DF959603A46B41008210DF1510073
S2140313B804F020040BF0FAFBD0B12F4B1B78012B5B
S2140313C83FF4EFAE022B27D12C4B1B6813F0807F1C
S2140313D825D12A4B1B685B0201D5002E30DA002381
S2140313E82846274A11A9FFF70FFD264B1C70D8E697
S2140313F80DF15100F4F750FD0028DED10DF1510030
S21403140801F0D6FA4FF6FF73984208D02146F8F74C
S2140314189FFE034618B903E0033B012B06D9C823EE
S2140314282846174A11A9FFF7EFFCBAE6164BB3F896
S2140314386830AB42CDD0114B1B6813F0805FC7E70B
S2140314488D23EDE7099BCDE9059204930DF151032E
S214031458CDE9028331462846CDE9007A0B9B11AACB
S21403146800F058F89DE600BF51630020AB36040031
S2140314781563002079AD04009062002030470020F1
S2140314885B6404004C6D0020E85300201B6D0020AD
S214031498024B187840F08000704700BF5E63002058
S2140314A838B50A4B05461C7824B10BF0EDFBB0FAA9
S2140314B880F46409F8F72AFF08B144F04004E8F713
S2140314C8C3FC44EA4020284038BD00BF8B62002096
S2140314D8014B188000207047C86C00204FF6FF7138
S2140314E8034602881B798A4217BF074901200A80E8
S2140314F841881EBF054A00201180FF2B1EBF044AE1
S21403150800201370704700BFC46C0020C26C002014
S2140315185F6300202DE9F04FB7B09946BDF8043154
S214031528439C0D939DF8083183460E93BDF81431FA
S21403153820460F939DF81831B1F802A00F4690463F
S2140315489DF8005110930FF0E8FDBAF1110F064607
S21403155800F28A800BF098FBB04200F08F80BAF155
S214031568060F19D14FF6FD739E423ED0DDB9BC4B2C
S2140315781B78033B012B36D930460FF097FBFF2821
S21403158814BF8923812300224146CDE900625846C9
S214031598B44AFFF739FC06E02DB9BAF1030F08D8A9
S2140315A8BAF1010F0AD80022AF4B1A7037B0BDE85C
S2140315B8F08FAAF10403022BF5D8D8E7A84B1B78BB
S2140315C8033B012B0DD930460FF070FBFF2814BFE1
S2140315D88923812341465846A44A0096FFF714FCFC
S2140315E8E1E78023F6E78023CDE7A14B1B7859076D
S2140315F84CD40BF049FB0026034632460120994992
S21403160800960DF079FA2379ADF86C000F9300284D
S214031618CCD0DDE90E320D9803EB42090FF042F900
S2140316285FFA89F909F10507FFB28742BED2394640
S2140316380D9803F051FE109007EB40070D980FF036
S21403164831F98742B2DADDE90F321343DBB2002BF6
S21403165840F03282002DA9D12F463A460421BDF820
S2140316686C0003F04DFE76E1814BBAF13A0F1B7816
S21403167811D948F23B039A4508D014E07C4B1B78F3
S2140316885A070BD5AAF10403022B07D8FB8843F4A1
S2140316988043FB808AE7BAF11B0F1ED8AAF1020320
S2140316A89AB2132A5ED9109B494602930F9B50465B
S2140316B8CDE900530E9A5B4609F0D1FD0F287FF457
S2140316C875AF0122684B1A70694B1B789B0740F16C
S2140316D8D982002D7FF46AAFD8E7AAF11C021E2A26
S2140316E8E1D801A151F822F0151F0300AF16030035
S2140316F8AF160300351B0300AF160300151C0300C3
S214031708151C0300AF160300AF160300AF1603003D
S214031718AF160300AF160300AF160300AF16030099
S214031728AF160300AF160300AF160300AF16030089
S214031738AF160300AF160300AF160300451C0300DD
S214031748451C0300B11E0300AF160300AF160300C3
S214031758CB1E0300AF160300651F03007B1F0300A1
S214031768891F0300132B9ED801A252F823F000BF4B
S214031778C917030091180300AF1803008D19030057
S214031788FB150300AF160300AF160300AF160300DE
S214031798AF160300AF160300AF160300AF16030019
S2140317A8AF160300AF160300AF160300AF16030009
S2140317B8AF160300CF1A0300AF160300411F03003A
S2140317C800241BAB5A4648460E9900931DAB1D943E
S2140317D88DF86C4009F037FD0BF056FA204B05469A
S2140317E81B78012B03D0022B14BF02240124E8F72D
S2140317F82BFB162894BF0020012044EA4014F6F772
S21403180825FB1C4B0646B3F800A0FBF79FFA1A4BBA
S21403181807464FF6FF70B3F80090FFF741FE174BE5
S2140318289DF86C201988124B1B7813F002031CBF13
S214031838134B1B780B921D9ACDE90701CDE90932A4
S21403184840234146CDE9014358460023CDE90579AF
S214031858CDE9036A0B4A0095FFF7D6FAA6E600BF5A
S214031868906200205DAD04005163002068AD04005B
S21403187830620020C86C0020C46C0020C26C0020B4
S2140318885F6300207FAD04000BF0FEF9A34BA44A68
S2140318981B88CDE9400300234146584637B0BDE8C8
S2140318A8F04FFFF7B1BAA4781DA9631EDBB2EF2B7E
S2140318B8204610D9F22C0ED007F0C1FF82240BF075
S2140318C8E3F900234146CDE90003964A23465846E2
S2140318D8FFF79AFA6AE607F0B2FF002850D00BF033
S2140318E8D3F99DF878209DF87A100492BDF87620EF
S2140318F849000392BDF87420C9B2CDE901429DF8A8
S214031908792003465200D2B208320A4400920120D4
S214031918002285490DF0F0F89DF87930ADF86C0093
S2140319288DF8673000283FF441AE002601230DF1F9
S21403193867011A461BA8F3F727FC054600287FF419
S21403194835AE9DF86730EAB2934209D89DF87A30E7
S2140319588DF8673016B1BDF86C3033E00126E5E73D
S2140319683146204607F06DFF0123ADF868000222D2
S2140319781AA91BA8F3F708FC01350028E1D015E6D9
S21403198883249CE70BF080F9044607F079FF234687
S21403199800900022012063490DF0AEF800283FF4BA
S2140319A805AE00252C46ADF8740007F069FFEEB2C5
S2140319B8B0420DD822460421BDF8740003F0A0FCFB
S2140319C8BDF87430002241465846FFF71DFAEDE588
S2140319D8304607F032FFFF288DF86C000AD0012343
S2140319E801341A461BA91DA8E4B2F3F7CDFB002859
S2140319F87FF4DCAD0135D8E75046B4F8029007F01B
S214031A081CFFFF288DF8680000F0CF821DA907F099
S214031A1816FFBDF874304B4507D04FF6FF72914555
S214031A2840F0C3821B0400F1C0829DF879301293FC
S214031A380E9B0533DBB213930F9B1493002311936A
S214031A484FF000094B4613E017934900139BC9B29E
S214031A5819440D9889B20CF0F2FF4FF0000A179B51
S214031A68159012995FFA8AF28A4217D309F1010987
S214031A78149A5FFA89F19142E6D39DF87A20129276
S214031A88169A1392002B40F08582119B002B40F088
S214031A988C8201231193109B1493D1E711999DF817
S214031AA86800179307F0CDFE159A179B0AF1010AEB
S214031AB8824208BF0123D4E709F106095FFA89F3CE
S214031AC83746169372E2A71C39463046A57A08F0BD
S214031AD81AFF012239463046FAF7D4FB30460CF093
S214031AE88CFD384600F064FF2288824207D04FF602
S214031AF8FF72904203D00FF0D9F80CF0BEFC85F0C5
S214031B080804C4F3C00421463846FEF7C3FE21463C
S214031B18384637B0BDE8F04F09F0CEBBC66C002098
S214031B288CAD04005DAD040090AD0400AD4B1B788E
S214031B38033B012B7FF63AAD0BF0A6F858453FF466
S214031B4835AD08F0C8FE0B23B0FBF3F24FF47A71F9
S214031B5802FB13000A3080B24143A3480EF072FF1B
S214031B68F3F7ACFC00283FF421AD01230022184606
S214031B789E4994F800A00CF0BFFFADF86800002853
S214031B883FF414AD0026354634460E9B1BAF01338F
S214031B980E93F2B2524514D3002C3FF407AD01233B
S214031BA82A461DA91AA8F3F7EFFA00287FF4FEAC15
S214031BB822460221BDF8680003F0A2FBBDF8683090
S214031BC800E74FF000090E99D200D2B20A44082360
S214031BD80D993846CDF800900FF0A4FB39464846D1
S214031BE80FF034F8FF280FD0814B1B5C0F2B0BD953
S214031BF897E8030005F1D8036B44643B83E80300C6
S214031C0808350134EDB2E4B20136C2E7002D7FF49D
S214031C18CDAC18073FF53AAD5346224641465846DB
S214031C2803F066FE00287FF4C1AC84234146584679
S214031C38704A37B0BDE8F04FFFF7E6B823780F9839
S214031C4810930CF020F900210646584604F0BAF91A
S214031C58644BBAF1310F1B780746A3F103030BD184
S214031C68012B13D9644B654A1B7812781344DBB2ED
S214031C780D9316230E930DE0012B03D9604B1B78A7
S214031C880D9353BB002D7FF491ACCEE701231621A9
S214031C98CDE90D310024109B2246009301202346EC
S214031CA8584901940CF028FF00283FF47FACF61B34
S214031CB8F3B22646544FDFF85C911193ADF86C00E7
S214031CC80F940D9BE5B2AB4209D832460221BDF804
S214031CD86C0003F015FB0F9AC0E40523CAE7162227
S214031CE800211DA8EBF75EFABAF1320F3DD13B7916
S214031CF803F00302032A21D18DF87620109B0136C0
S214031D08F6B2B34215D2BDF86C000EF0CBFD0E9BAF
S214031D181844119B98420CDC01230E9A1DA91BA894
S214031D28F3F732FA00287FF441AC0F9B0133DBB29A
S214031D380F930134083709F11209C2E7B979002964
S214031D48DCD13249C3F3C203CB5C1DA8012A08BF02
S214031D5843F0010339888DF876300FF0E0F9798877
S214031D680DF177000FF0DBF9C8E71DA80BF0A4FA0E
S214031D784FF0FF33CDE91F331F4B1B78AB4261D9B6
S214031D8899F804306F2BD4D828461FA9F4F7D0FF48
S214031D980028CED01E4BB9F80020B3F8683092B9A5
S214031DA8003B18BF01235B0143F004038DF886301C
S214031DB802238DF88730B9F802301B0A11468DF8CE
S214031DC8893021A8CEE79B1A18BF01235B0143F08D
S214031DD805038DF8863002238DF887300F238DF898
S214031DE88830E8E7906200205C4600209AAD04003D
S214031DF8346200205B640400896200208862002045
S214031E08196D002098AD0400EA5A002064110500F5
S214031E18E8530020705900200132D2B2551EEDB2A5
S214031E282846139312920EF099FFDDE9122310F059
S214031E38010FF1D063490978611A994205D0013335
S214031E48DBB2E9E701220023E8E75F4B1FA918780E
S214031E582844C0B2F4F76CFF00283FF46AAF28465C
S214031E6800F076FD129028460EF078FF10F0010F6A
S214031E78129A0FD116238DF88630544B1B780133EC
S214031E88DBB20F2B28BF0F238DF88830504B33F85F
S214031E98153092E7284612920EF060FF10F0020FF4
S214031EA8129AE7D11223E6E71A073FF5EFAB234664
S214031EB85A4641460F9803F073FD00287FF476AB25
S214031EC8E0E695B1434B1B78033B012B7FF66EABDD
S214031ED80AF0DAFE18B9BBF1000F7FF467AB207877
S214031EE837B0BDE8F04FF5F721BE0AF0CDFE20B1B6
S214031EF8384B1B78033B012B01D8802396E62B46E9
S214031F0841465846344AFEF77FFFE8E70AF0BCFE28
S214031F18B0427FF44BABA01CF3F7BEFF00283FF498
S214031F2845AB0AF0B1FE04460AF0AEFE2B4B2C4A2C
S214031F38CDE940032346AFE420460FF0EEF8FFF75B
S214031F48AFFA00283FF432AB409000234146584688
S214031F58244A37B0BDE8F04FFEF756BF4B46424615
S214031F6859460020CDE9405437B0BDE8F04FFEF798
S214031F78D3BD4B46424659460120CDE94054F3E7C4
S214031F882B464A4641465846409437B0BDE8F04F7C
S214031F9809F097B901231AA91A461BA8F3F7F4F808
S214031FA800287FF403AB0137FFB2013607F068FC5D
S214031FB85FFA86FA50453FF61FAD002F3FF44AAB4B
S214031FC8FFF74BBB89620020146D00204663002090
S214031FD8725B0020906200205B6404001563002097
S214031FE89DAD040068AD0400F8B5164B04461D887D
S214031FF8154B20F8025B196879B10822EBF724F928
S214032008124B0C201B78124EA372124B197800231E
S214032018DAB2914205D8FF2209E0C4F802104160FB
S214032028EEE7013300FB03F7F75BAF42F0D10A4B49
S214032038E2721B782373094B1B786373084B1B6880
S2140320482361F8BD0C5C0020045500206063002063
S2140320580C5800200E6D00204263002041630020C8
S214032068F0540020F0B589B006460C4615460CF029
S214032078B8FE0DF10A02014630460CF04AFD144F2D
S2140320880346F0B901223A702288BDF80A102AB12D
S21403209802460090072006F0A5FB90B103A8FFF7B9
S2140320A8A3FFBDF80A000EF0FDFB0646BDF80A00BE
S2140320B80EF0DCFB21460090F3B2284603AA08F08C
S2140320C854FC0023034A3B70136009B0F0BD00BFFD
S2140320D8616300200455002073B5ADF806000DF1C2
S2140320E806000AF05EFC014608B102B070BD0DF1A9
S2140320F806000AF09FFC04460EF0B8FBC67A002ECC
S214032108EDD120460CF034F9FF28E8D00EF00EFE89
S214032118054BD3F88850002DE1D03346224641219B
S2140321283046A847DBE700BFE853002073B5002214
S21403213800210C2000F0C2FC002119480FF055F8C6
S21403214801250446164E84B120460CF011F9FF28E3
S21403215805D1214630460FF06CF80446F3E704220F
S2140321680023009500F07EFCF3E721460D480FF0A8
S2140321783CF8012504460B4E0CB902B070BD204648
S2140321880CF0F6F8FF2804D008220023009500F088
S21403219869FC214630460FF04CF80446ECE700BFCE
S2140321A8105C0020125C00202DE9F84F10460E46FE
S2140321B8174699460AF0D6FA254A264B0021B0F563
S2140321C8006F14BF9046984640460FF00EF84FF03F
S2140321D8000A0446DFF880B00CB9BDE8F88FBC42A5
S2140321E828D120460EF042FB857A80F80BA0013DE5
S2140321F8EDB2857216B13F2E00D02DBB0EF028FE29
S214032208054620460AF0AEFAB0F5006F4FF0000216
S214032218214615D10F480AF02CFCFFF787FF2846FE
S2140322280EF011FEDBF8885025B14B463A46314688
S2140322380020A847214640460EF0FBFF0446CBE79E
S21403224803480AF016FCEAE7FFF770FFF2E700BF59
S214032258125C0020105C0020E853002000232DE9C0
S214032268F34706460F464FF6FF78284CDFF8A0904C
S214032278ADF8063020460AF094FB054648B92946C9
S21403228820460EF0B2FF82460EF0F0FA0389B342F8
S21403229817D94C4501D1FFF749FF002120460EF018
S2140322A8A4FF054607F1FF3A5FFA8AFAD5B94C4503
S2140322B816D1BDF80600FFF70FFF404602B0BDE88B
S2140322C8F0877B1EDBB2FD2BD4D9294620460AF0BD
S2140322D8B1FB2A4651460DF106000EF08CFFC9E7FE
S2140322E84C46C7E7BAF1FD0F09D928460EF0BEFAE1
S2140322F803899B1B9BB2984528BF984603812946AA
S21403230820460EF096FF0546D0E700BF125C002075
S214032318105C002008B50EF016FE0B4AFF21138842
S2140323281080C31A98B2FFF799FF4FF6FF7301465A
S2140323389942064803D1BDE80840F2F7D1BFBDE885
S21403234808400EF07FBB00BF145C0020186C00200A
S214032358174B00282DE9F041164D18BF1D460F46AA
S21403236828464FF000010CBF4FF008084FF002084C
S2140323780EF03BFF044610B92046BDE8F081204620
S2140323880EF074FAC37A064623B1214628460EF0A1
S21403239850FFEFE720460AF014FA4246014638464D
S2140323A8EBF74CFA0028F0D1B378002BEDD1E3E72E
S2140323B8105C0020125C0020014B1860704700BFB9
S2140323C80855002010B504460548F2F789FF002390
S2140323D8044A1380044A1380044B1C8010BD00BFB4
S2140323E8186C0020125C0020105C00200E5C002095
S2140323F808B50448F2F784FCBDE808400248F2F73B
S2140324087FBC00BF125C0020105C00202DE9F3415E
S214032418044688460EF097FD324B074620461E882C
S2140324280BF0A6FF054620460AF09CF9B0F5006FA8
S21403243832D1FF2D06D00123042200932846002319
S21403244800F010FBB8F1000F1DD10EF001FD214678
S214032458054625480AF0AAFA28460EF0F4FC23484F
S2140324680EF0F1FE224BA8B31988711A17FA81F0F9
S21403247886B220460EF0FAF90323068183720020FB
S21403248802B0BDE8F0810EF0E3FC002221460546C3
S21403249815480EF0B0FEDFE716480AF0B9FA042826
S2140324A81ED8FF2D06D001230822009328460023B2
S2140324B800F0D8FAB8F1000F05D10EF0C9FC214692
S2140324C805460C48C6E70EF0C3FC0022054621461F
S2140324D80848DEE7314605481F800EF0B3FAC8E71A
S2140324E81C20CDE70E5C0020105C0020186C002032
S2140324F8145C0020125C00202DE9FF4708460C46B2
S2140325080AF015F900F4805820460AF096F90546AD
S21403251820460AF069F9B0F5404F1BD1B8F1000F11
S21403252814D029460020FFF713FF054670B10EF0B6
S2140325389DF90023404A81780446009218462A46A5
S2140325480193F1F7A5FF08B90123E372012004B04C
S214032558BDE8F08728460EF0E0FD81460EF0A6FBA0
S214032568FF28074637D00125A0F12006C0F120032F
S214032578324925FA03F305FA06F61E438540D1E9E0
S21403258800232A433343C1E900230EF0A9FB04467C
S21403259838B138460EF0E2FB10F00C0F14BF0124D6
S2140325A80024B8F1000FD1D04FF0000A03A9012088
S2140325B8ADF80C90FFF7CCFE81460EF057F980462F
S2140325C8B9F1000F1ED1BAF1000F14D1FF2FBDD0F9
S2140325D8002CBBD128E01A4B1B684BB148469847DA
S2140325E8044628B1B8F1000FB0D000252E46DBE725
S2140325F8B8F1000F01D10020A9E7002501242E46D3
S214032608A246D3E774B100230B4A81780092184692
S2140326184A460193F1F73CFF002897D1012388F82F
S2140326280B3093E7FF2F91D0064BD3E900122943CB
S2140326383243C3E9001289E7B12103006816002074
S214032648085500206016002038B504460AF08AF8B4
S214032658054620460AF0B5F8A5F500630446014684
S21403266858425841FFF774FEB0B9B5F5006F01D06C
S214032678002038BD20460EF050FD0EF017FBFF284D
S214032688F6D0064B00B21B6833F8100000F4E2607D
S214032698003818BF0120ECE70120EAE70C550020B4
S2140326A82DE9F7434FF000090746ADF804900EF0FE
S2140326B855FB10F00C0F29D04FF00208154D2B8848
S2140326C8A5F80090ADF806300DF106000AF069F992
S2140326D8044630B1B8F1010F14D04FF001080E4D7F
S2140326E8EDE721460DF106000AF0A4F906460BF0BD
S2140326F83FFEB8422246314614BF284601A80EF0CC
S2140327087AFDE1E7BDF80400FFF7E6FC03B0BDE891
S214032718F08300BF125C0020105C00202DE9F04F08
S214032728DFF8208185B0D8E9003213437CD105B0A1
S214032738BDE8F08F02EA040103EA0700014327D045
S21403274822EA040223EA0703C8E90023DAE9002396
S21403275804EA020507EA030C55EA0C056FEA0400C7
S2140327686FEA070124D130460EF0F8FAC2070FD5F0
S21403277830460EF0DBFADBF89C30002B45D11D46BD
S214032788304600F0E5F8DBF884300BB12946984765
S21403279824197F4109F10109284B5FFA89F61B784A
S2140327A8B342C4D9D8E9002352EA0301C2D1BEE72B
S2140327B802400B403046CAE900230EF0CFFAC3079F
S2140327C8E6D51F4B30461B6833F8163003F4887378
S2140327D8102B10D00EF0AAFADBF89C3013BB1D465C
S2140327E80123102200933046002300F03BF9002013
S2140327F8F1F7BCFDC4E70EF099FADBF89C30012527
S214032808002BBDD00122039502E000252A46039536
S2140328180392002130469847039A002AB0D0002D29
S214032828AED1DDE70025EDE74FF0000901244F465A
S214032838DFF814A0DFF814B0AEE700BF4E6D002033
S2140328480C5500206816002060160020E853002068
S214032858F8B50346084613B309B3402A1FD81149E7
S21403286800260B6010490027086010494FF0FF3513
S2140328780A7000210C460433914205DB00215200FE
S214032888EAF790FC0020F8BDC3E9036703F8044C95
S21403289823F8024C1D605D6001311833ECE72120F4
S2140328A8F1E700BF105500200C5500204E6D0020A0
S2140328B8F0B5144CDDE905672568EDB1F0B91248A3
S2140328C8007888421AD901EB41014FEAC10C05EB9F
S2140328D8C10415F8311011B92169C90710D40020AD
S2140328E805F80C0062801A6846F0010662605A68AA
S2140328F8C4E90467A260F0BD0220FCE72120FAE7DA
S2140329082E20F8E7105500204E6D00200E4B30B5EC
S2140329181A68A2B10D4B1B78834212D900EB40000C
S21403292802EBC003C100002400200025C3E90445C8
S21403293850544FF0FF3258805A609A6030BD0220D8
S214032948FCE72120FAE700BF105500204E6D002053
S214032958094B1B6863B1094A1278824208D900EB0F
S214032968400003EBC0031A69D20701D5588870479D
S2140329784FF6FF70704700BF105500204E6D0020BD
S214032988094A0346106870B1084A12789A4209D968
S21403299803EB430300EBC303186910F0010002D0EE
S2140329A8181D704700207047105500204E6D0020F4
S2140329B8F8B50E4B05461C6834B128B100260C4BF7
S2140329C81F78F3B29F4202D84FF6FF7009E0082239
S2140329D82946201DEAF732FF20B92369DB0701D50C
S2140329E86088F8BD01361834EBE700BF10550020A1
S2140329F84E6D00200C4B1B689BB14FF6F772914245
S214032A080DD80A4A1278824209D900EB400003EB34
S214032A18C0031A69D20704D50020598070472120BD
S214032A2870470220704700BF105500204E6D0020E7
S214032A380A4A0346106878B1094A12789A420AD9AC
S214032A4803EB430300EBC300036913F0010003D051
S214032A58C3F3001070470020704700BF10550020CE
S214032A684E6D002070B51C46124B9DF81060196811
S214032A78D1B1114B1B78834218D900EB4000551E81
S214032A8801EBC0012543D1E9040301D0C5070FD5DF
S214032A982EB110432343C1E90403002070BD20EA86
S214032AA8020023EA0403F6E70220F7E72120F5E706
S214032AB82D20F3E7105500204E6D0020134BF0B57C
S214032AC81B6803B300266FEA000C6FEA010E104C6E
S214032AD82778F4B2A74201D80020F0BDD3E904450D
S214032AE814F0010F07D014F0020F04D132B10443D7
S214032AF80D43C3E9044501361833EAE70CEA040430
S214032B080EEA0505F5E70220E7E700BF10550020A3
S214032B184E6D00200B4B70B51B682BB100240A4A78
S214032B281678E2B2964201D8002070BDD3E9042590
S214032B3802400D402A4304F1010403F11803F0D0C0
S214032B480120F2E7105500204E6D00202DE9F047CE
S214032B580026FF27B246164DDFF8588098F800304F
S214032B685FFA86F94B4502D83846BDE8F0872B79D5
S214032B782F2B0FD928460AF0B6FA2B796C7903F06F
S214032B88070304F0030483422CBFE4182418E4B2B2
S214032B98A24506D95446B946A2464F4612350136CB
S214032BA8DCE7288801F0A6F80028F3D1F4E700BF8D
S214032BB870590020896200202DE9F04F89B08146BC
S214032BC809F025FE029048460CF016F80024411C2E
S214032BD8054689B2484602F07FFBA246A346A046AE
S214032BE8274600F01F00023500EB4000EAB27D4E90
S214032BF850FA85F5EDB2AA4274D9DFF8FCA19AF823
S214032C08003033B1A400E4B2B4FBF3F4042C08BFD9
S214032C1803240298F3F7C4FD054600283CD1FFF7C2
S214032C2895FFFF285BD0704B05B2049018780AF01E
S214032C3841FA87422CBFE1192118002F14BF01233C
S214032C480223684E05EBC50506EB450553FA81F3E3
S214032C58284603930AF047FA95F804C06B790CF0F4
S214032C68070103F0030388422CBF1B185B18039A5B
S214032C78DBB29A4233DA049A2FB921B19AF80030B4
S214032C88033B5B452BDC104602990AF0D4F905B2E0
S214032C9805EBC50506EB45052B791E09002F00F045
S214032CA88180394628460AF048FA032128460AF05E
S214032CB84AFAB8F1000F09D1002E40F0868007F0D3
S214032CC80AFEC0F30B0149480DF0BCFE6B79484673
S214032CD823F003031C446C7109F02EFDA87309B096
S214032CE8BDE8F08F50D0424B49461B8807A8ADF87D
S214032CF81C304FF000038DF81E3000230093032387
S214032D0803920EF00FFB9DF81E30BDF81C101B092E
S214032D18039A18BF08F10108CDE9041318BF5FFA30
S214032D2888F8039209F0B0FF0499039A8842059B32
S214032D3803D19DF81E7007F00F072E4890F800C0C1
S214032D4816E016F80E0C10F0070003D00BF1010B73
S214032D585FFA8BFBAA4207D036F812EC8E4503D1EE
S214032D6813B108B10134E4B20AF1010A5FFA8AFA28
S214032D78AA4206F112060BD1D4450FD916F80E0C43
S214032D8810F00700E2D1EFE700234FF6FF71D4E710
S214032D9836F8120C884201D8D445D2D80332123EEC
S214032DA8D2B228E7022E14D95B0707D0394628463D
S214032DB80AF0C9F9B8F1000F81D087E7032128463E
S214032DC80AF0C1F9B8F1000F80D1062E3FF677AFA7
S214032DD87CE7314628460AF0B6F958EA06063FF471
S214032DE86EAF73E770590020426300209C460020AC
S214032DF86C11050089620020146D00202DE9F0434C
S214032E080823002485B08DF80830064602230121DE
S214032E184FF6FC70CDE9004402AA0BF0C9FEADF8E4
S214032E280A00D8B12746DFF8A080DFF8A09099F803
S214032E380020E3B29A4224D8BDF80A4020460BF095
S214032E48DBFE411C47F06002204689B202F058FABE
S214032E580022BDF80A001146F4F736FA07F03BFDE0
S214032E68184AC0F30B01137801F55A51013113B10F
S214032E78013B89081370304605B0BDE8F0430DF0F2
S214032E88E1BD18F80E5C6F2D17D8404630F8123D92
S214032E982D01ADF80C300AF026F905F07005284424
S214032EA88DF80E000123032203A90DF10A00F2F799
S214032EB86BF90028D2D10137FFB2013408F11208A2
S214032EC8B5E700BF8562002082590020896200208A
S214032ED810B5054C2046F2F703FA2046BDE8104025
S214032EE800210DF0AFBD00BF9C4600202DE9F0433E
S214032EF82A4D87B0F6F7F8FB2A7829492948FFF7B9
S214032F08A7FC09212A782848EAF74CF90026244F13
S214032F18DFF89C80DFF89C902B78F4B2A34202D8A3
S214032F2807B0BDE8F08304F582300B2203A900F549
S214032F38C070DBF79FFE4FF6F670BDF814209DF8B9
S214032F481630511E89B2814215D80020C3F3C00338
S214032F58DB1840EB0001CDE90031214603ABFFF750
S214032F68A7FC0028DCD14FF4805327F8143048F820
S214032F78240029F8140004F5833001220DF10A0110
S214032F8800F58070DBF776FEBDF80A20064B01369F
S214032F981A558022054B1A55BEE700BF1B6D002045
S214032FA8805B0020801300203462002076620020B5
S214032FB840450020725B002010B50A4B1C780DF0C4
S214032FC875FEFF280DD0012C38BF0124064A2302BC
S214032FD832F8101019B101EB1313A3EB111322F8EF
S214032FE8103010BD42630020725B00202DE9F047C5
S214032FF8002506460F46AA46DFF84490DFF84480C5
S21403300899F80030ECB2A34202D85046BDE8F087E0
S21403301820460DF0A3FEC2070CD520460DF09EFEF3
S214033028830707D438F8143037B133434FF0010A0F
S21403303828F814300135E3E723EA0603F6E700BF6A
S2140330481B6D0020805B002010B5084B084A1C78CF
S2140330580023D9B28C4201D8002010BD32F8021BD7
S214033068013330EA0101F4D10120F6E71B6D002095
S214033078805B0020F0B50C464FF6F77187B08A429E
S21403308886461D469DF8306002D9002007B0F0BD7D
S214033098596818680DF10C0CACE803002C49ADF818
S2140330A814200978A142F0D900218DF81660B610CD
S2140330B806F002060191704621460096FFF7F8FBD4
S2140330C80028E2D1234B244A43F824009DF83830DD
S2140330D8224E1B0222F814304FF4A04304F5823024
S2140330E80B2226F8143003A900F5C070DBF7EEFDB3
S2140330F89DF834301A4913F0040F17BF0123194BF0
S2140331080B5536F814300CBF1B7843F0080304F548
S21403311883300CBF0B5526F814300122214400F5E2
S2140331288070DBF7D3FD00210F4B104A1B78284627
S214033138234442F82310E7F789F80D4B1855284619
S21403314807F014FD0B4A01201378013313709DE72B
S2140331581B6D002040450020725B0020805B00202A
S21403316834620020046D0020146D00206C44002097
S2140331787662002088620020054B1B78834206D9B6
S2140331880021044B044A1B78034442F82310704773
S2140331981B6D0020146D00206C440020074B084A62
S2140331A818780023D9B2884200D8704711880133AB
S2140331B821F4805122F8021BF4E700BF1B6D0020A0
S2140331C8805B002030B585B004460D46E6F736FE2C
S2140331D8A04202D8172005B030BD20460DF0BEFD2C
S2140331E8C007F7D504F582300B2201A900F5C07095
S2140331F8DBF740FD9DF80E2001AB03CB6960910712
S214033208286030D412F0080F0CBF042303232B7254
S2140332182046FFF79DFB154B68811B5D20466B73A5
S2140332280DF084FD124A2873135D4FF47A7103F088
S2140332380F03AB73135D002013F00F031FBF03F1D7
S214033248FF32022393403C2218BF5343094A08BF60
S2140332580A2352F82420B2FBF1F29A422CBF002329
S2140332689B1A2B61B7E70223D1E700BF76620020DB
S2140332783462002040450020F8B51F4E04463378D4
S214033288834237D0FFF764FB4FF6FF77B84231D057
S21403329820463470FFF704FA2046FFF759FB054625
S2140332A809F0F2FC012301461A4628460BF03DFEB8
S2140332B82046FFF72BFB0546E0B9104A1378013B77
S2140332C81370F4F7B5FB294620460BF0B5F88022B1
S2140332D80B4B204623F814500A4B1A550A4B23F86F
S2140332E8145009F05CFC2A46394611200DF0DEFE20
S2140332F8FF233370F8BD00BF4F6D0020886200209F
S214033308805B002076620020725B00202DE9F04F78
S2140333180E4615464FF000098BB01F469DF85430ED
S2140333289DF850A0DFF84CB1049005939BF8002055
S2140333385FFA89F4A24207D84FF6F7739D421CD862
S21403334817F0020B3FD01AE02046FFF701FB804632
S21403335804F582300B2207A900F5C070DBF78AFC58
S2140333684FF6FF727EB9904516D14FF6F7729DF861
S2140333782630954203F0EF0311D94FF6FF7528461A
S2140333880BB0BDE8F08F904506D00822304607A953
S214033398EAF754FA0028E8D009F10109C6E79F427C
S2140333A807F002082CD0F3F70FFC002857D12D4B53
S2140333B82D4A1B78234412F823B020460BF05DF8F9
S2140333C8B8F1000FDBD1E6F739FD284B1B788342AB
S2140333D8D3D0002108460DF039FCFF280446CCD08C
S2140333E8059B0146CDE901A32A4633460498009770
S2140333F8FFF740FE0028C0D0F4F71AFBD8460FE0C4
S2140334082046FFF7A5FAA842CDD1B8F1000FB6D1EA
S2140334183046E6F71BFF164B1855304607F0A6FB53
S214033428514620460AF0DCFF2046FFF791FA054688
S21403343809F02AFC00230146012228460BF075FDF5
S214033448F3F7C2FB28B9074B074A1B78234442F80D
S214033458238020460BB0BDE8F04FFFF779BA4FF04C
S214033468000BAAE7146D00206C4400208862002035
S214033478766200201B6D0020F8B50026104F3C78B6
S214033488F5B2AC420FD800250E4B640022462946F7
S2140334980D481D70E9F786FE22462946BDE8F84022
S2140334A80A48E9F77FBE2846FFF7FAF800212846B8
S2140334B80AF0C2FF2846FFF729FA0136DFE700BFFE
S2140334C81B6D002088620020805B0020725B002052
S2140334D8024B80211A780248E9F764BE1B6D002068
S2140334E87662002038B50DF0E1FBFF28044616D0B7
S2140334F80B4D35F810301B0711D50A4B0A491B78B4
S21403350801220B54014400F5833000F58070DBF785
S214033518DDFB35F8143023F0080325F8143038BDDE
S214033528805B0020046D0020346200202DE9F04FF4
S214033538794B05461B788946022B17468BB004D071
S214033548002630460BB0BDE8F08F0DF0E4FE0646C5
S2140335580028F5D14FF6F9739D4262D04FF6F873FB
S2140335689D4276D02B0A28460DF11E018DF81C3095
S2140335788DF81B50F2F708FC002814BFB0464FF02E
S2140335882008B34614BF06230E23022229463846CC
S214033598039300F0EBFC01220446039B002840F04B
S2140335A8B880DFF880A18DF818209AF800204946DD
S2140335B8CDE900008DF81A208DF81D0006AA4FF6EF
S2140335C8FC708DF819800BF0F3FA81460028B7D003
S2140335D809F05AFBB8420FD0484609F0B5F9394600
S2140335E804300DF09CFD384604A90AF0B0FE70B10D
S2140335F8484604A90BF06AFB484B1B78033B012B90
S2140336082BD84FF6FF71484609F073FF06469AF81B
S2140336180030FF2B0EBF01230133DBB28AF80030DC
S2140336288FE74FF008084FF0200B3C4B1B78033B03
S214033638012B85D909F028FBB84281D109F024FB70
S214033648FC238DF81B30FF2305468DF81C30062314
S2140336589BE74FF01008C346E7E70AF0D7FF804614
S2140336680028D4D009F010FBA8422DD12C4B1A7889
S21403367852BB03214846F3F727FE0028C7D09AF81B
S2140336880030A8F8007088F80430002388F805305E
S21403369888F8083009F0F8FAA84202D1204B1B78BC
S2140336A853B109F0F1FAB84206D12CB1237923F0C5
S2140336B8030343F00103237100224FF6FF710C2026
S2140336C80DF0F4FC0126A2E75946284608F107023E
S2140336D800F078FC0446002899D0002203214846C7
S2140336E8F3F7F2FD0028CAD1237903F00303012B6D
S2140336F88DD109F0C9FAA84203D1094B1B78002BD0
S21403370885D0237943F0030323714FF6FF73238091
S2140337187DE7164615E700BF8F62002090620020FB
S214033728506D00206263002037B50E4B05461B78A4
S2140337380C46033B012B11D9E6F7A4FB01280FD04F
S214033748821E53425341590128460DF1070200F0E1
S21403375839FC18B1002144800AF03FFF03B030BD9E
S2140337681021F1E7906200202DE9F0438BB0857AAB
S214033778B0F8069004460E46174609F085FA8145C2
S214033788804605F0400541D10021608809F0C0FC59
S2140337980246002E44D1082304A9C14501EB0306BB
S2140337A80CBF234902A90868496803C6A2B30221C5
S2140337B800268DF8172001228DF81010217A45F07F
S2140337C820058DF81210A18808338DF81310090AFE
S2140337D88DF81410E188CDE900268DF81510090A2E
S2140337E88DF816106088314604AA8DF811500BF030
S2140337F8DFF9054680B1618808F0DDFF79003246B7
S214033808284601F0FE01F3F75FFD06E0E08802A90B
S2140338180AF09DFD0028B7D100200BB0BDE8F08361
S2140338283068716806AB03C345F010051023B3E789
S214033838156300202DE9F74389461E46074690463A
S21403384809F082F800210446304609F061FC054673
S21403385809F10701384601F02DFD7DB1B8F1000FD7
S21403386802D103781D44EDB2057063781A0716D59E
S21403387869463046F2F788FA024618B1002003B0C4
S214033888BDE8F0830821684609F090F90028F5D1C9
S21403389820460BF0EEF908226946E9F7D5FC09F04D
S2140338A8F3F90146201D0DF03AFC6378DB0603D5D1
S2140338B838460C490BF00AFA3146A01C0DF02FFCCB
S2140338C83146384608F077FF074A13780133DBB2E8
S2140338D81370E371A3790BB10120D0E70123A37119
S2140338E8FAE700BF156300208D620020FF232DE949
S2140338F8F04F8FB08146164605918DF822301AB3DD
S21403390801230BAA0AF0DCFD9DF836500446EF06A1
S21403391825D50027059BBDF8308003F108024946E4
S214033928D2B20823009709A8CDE909770DF0FAFC67
S2140339383A46404609A9F8F7A5FC002840F08C80CB
S214033948A90627D510220DE013460BAA0AF0B8FDE0
S2140339589DF836500446A80663D5062202E0AA0652
S21403396818D5082200230599BDF832700A44CDE914
S214033978093349460093D2B2082309A80DF0D2FCAE
S214033988384686F0010209A9F8F77CFC002863D1BB
S214033998002E46D0BDF8307009F076F9874249D034
S2140339A838460DF0B8FC8046002E45D1BDF82EB03B
S2140339B80021584609F0ACFBBDF82C300390184696
S2140339C806930DF0A8FC064609F05EF9069B8342AB
S2140339D842D0B64B1B78033B012B3DD915F0400369
S2140339E8049339D1039B0BB9002E35D09DF8357057
S2140339F8039B05F018051F44FFB2082D8DF8357094
S214033A086CD120230493002C40F041810AF0FEFD7C
S214033A18054608B3002E40F0B28033460126B24668
S214033A2874E0BDF8327009F02FF98742B8D14FF029
S214033A380108BBE74FF00108002C43D09C4BE27902
S214033A48678803EBC20633F83220BDF832309A4251
S214033A5805D04FF6FF7323800FB0BDE8F08FBDF88F
S214033A682EA0B8F1000F08D0002130460AF0B5FDA5
S214033A78A6F802A00AF0C3FAEEE7BDF830000AF08B
S214033A88B4FD0546414630460AF0A7FDA6F802A04F
S214033A98884E2DB1414628460AF09FFD63886B8001
S214033AA80AF0ADFA3378002BD6D03B4600224846B8
S214033AB80599FFF7BFFE0028CED03946484609F0D9
S214033AC818FDC9E70AF09BFA7A4B1B78002BC3D07C
S214033AD8B8F1000FC0D14FF6FF77E6E7102D01D1F6
S214033AE8049590E7B8F1000F8DD1002C3AD0C24662
S214033AF80021BDF832000DF1220200F063FA0346F6
S214033B080028A9D0002E40F0CA8025460499BDF89F
S214033B1830000DF12302079300F054FA04460028F8
S214033B289AD0644A079B1278002A78D0BAF1000F15
S214033B3826D102462C466179B9427ED92546A4F891
S214033B4802B067711446002B00F09E809DF8223061
S214033B58EA799A4200F09880002E40F08E80EB7146
S214033B6800253FE00AF052FD044600283FF474AFF0
S214033B784FF0010ABCE7002201261346DBE70126BD
S214033B88B8F1000F1ED106F0A6FE7E23B0FBF3F2B3
S214033B9802FB130005993A4605315FFA80FA484650
S214033BA801F0AEFB4FF6FF71484608F004FE039B90
S214033BB8032B2CD9AAF17E0A022148465FFA8AF219
S214033BC8F3F782FB069BA5F802B02B809DF83430EA
S214033BD86F712B7100232B72002E42D19DF8223071
S214033BE8EB710125B8F1000F3FF436AF484609A933
S214033BF80BF04CF800283FF42FAF2A4609A90BA868
S214033C08FFF7B2FD28E7002625463446BBE7039BA5
S214033C18012B94BF0AF1020A0AF1420ACCE7BAF169
S214033C28000FCFD16979B94209D9A5F802B06F71E7
S214033C38002B8BD1002E93D024E025461446049AF5
S214033C48002A3FF409AF8F427FF406AF039306F0CA
S214033C5842FE83077FF400AF039BA5F802B06F719B
S214033C6871E7FF23EB71002CBBD001252379A4F859
S214033C7802B023F003032371B4E7FF23EB71002C90
S214033C883FF46EAF0025F1E7002CD3D168E7002E8A
S214033C987FF471AFB24625460126534636E7BAF196
S214033CA8000FB0D15646524645E700BF9062002043
S214033CB8EA5A00201A6D002070B50C4B4FF6FF75B4
S214033CC81C78002302460A489C4201D1002005E0DE
S214033CD80688964206D1AA4201D10B7070BD867932
S214033CE8002EFAD001330830DBB2EDE7196D002059
S214033CF8EA5A0020002210B50A4B1C780A4BD1B2A8
S214033D088C4201D8002010BD5988814204D1197904
S214033D18890701D1997911B108330132EFE70120F8
S214033D28F1E700BF196D0020EA5A002010B5084BCA
S214033D3801461C780023074AD8B2844201D8FF20DC
S214033D4810BD914203F10103FAD00832F4E700BF2D
S214033D58196D0020EA5A002038B50446FFF7E6FF37
S214033D68FF28054603D13F210B480DF0F8F84FF618
S214033D78FF7320462380A37103210AF02EFC074B0A
S214033D8807481A7800210732D21002FB0500BDE85F
S214033D983840E9F707BA00BFA1AD04001B6D002041
S214033DA865620020F8B504460026124D124F3A788D
S214033DB8F3B29A4209D800224FF6FF710F4B1D78CB
S214033DC80F4BD0B285420BD8F8BDFF2C02D0AB7987
S214033DD8A34202D12846FFF7BFFF08350136E6E7B8
S214033DE8FF2C02D0187AA04201D1198019720A331F
S214033DF80132E6E7EA5A0020196D0020186D002004
S214033E08C25A0020FF28F8B504462CD0164B1B7858
S214033E18834203D8802115480DF0A1F84FF6FF75A5
S214033E28134A32F8341002EBC4000379A94203F0AC
S214033E38030318D0012B16D100220E4B1F780E4B06
S214033E48D6B2B74203D8BDE8F840FFF785BF1E8849
S214033E58AE4205D093F807C0A44504D0B14202D0B9
S214033E680A330132ECE7F8BD196D0020A1AD040052
S214033E78EA5A0020186D0020C25A00202DE9F7439D
S214033E8803F0ECFF324B1B78033B012B21D9314B54
S214033E981D88451BADB2E5B118804FF6FF770020A5
S214033EA82D4A13782B44C3F3C81403F07F03137007
S214033EB82A4B2B4A1E78C3B29E420DD800264FF6CD
S214033EC8FF77284CDFF8A09099F80020F3B29A42BF
S214033ED816D803B0BDE8F0831388BB420DD0137918
S214033EE899070AD104EB9311022928BF022103F08C
S214033EF83F0389B243EA8113137108320130DAE7C4
S214033F0834F80A8CB84506D014F8043CAB4205D9F5
S214033F185B1B04F8043C01360A34D5E708F0B4FE04
S214033F28804534F80A3C04F8027C24F80A7C09D055
S214033F3818460DF10701FFF7BFFE18B19DF80700F5
S214033F48FFF760FF14F8030CFFF75CFFE3E700BF17
S214033F5890620020165C002063630020196D002021
S214033F68EA5A0020CC5A0020186D0020F0B5002429
S214033F784FF6FF7703461048DFF844C006780F4825
S214033F88E5B2AE4201D800200FE005889D4210D165
S214033F983AB1012A16BFC57905793CF83550A942C6
S214033FA807D1BB4202D114238371F0BD057A002DD5
S214033FB8FBD00A300134E3E7186D0020C25A00200C
S214033FC8EA5A0020F8B50D46114607461646FFF787
S214033FD873FE002836D102464FF6FF7C1E4B1F4C55
S214033FE81978D3B2994206D800231C4C8B4221D1A8
S214033FF8F8BD0834F5E7B4F800E00132E645F8D131
S21403400833700123278023710021A17165B1144BF6
S21403401845F008051A782571D31DDA103078114B48
S21403402802FB0030E9F7BEF82379204603F03F0386
S2140340382371DDE722799209022AE1D00133083495
S214034048DBB2D3E7037904469A071EBF23F00303BC
S21403405843F001030371D7E7196D0020EA5A0020DD
S2140340681B6D00206562002073B50DF10701054638
S214034078FFF722FE40B103799A0705D113F03004FF
S21403408804D043F00303037102B070BD28460AF058
S214034098B4FA094B4FF6FF711D7823469DF807605F
S2140340A8064AD8B28542EFD9D0790133B04204BF65
S2140340B8118011720A32F4E7186D0020C25A0020E4
S2140340C830B50A4BCC081B78094D0733DB1000FBC9
S2140340D80340012301F007018B402C5CDBB212B1CD
S2140340E81C432C5430BD24EA0304FAE71B6D002056
S2140340F86562002070B50B4B04461B78834204D8D0
S21403410840F24B2108480CF02AFF0025074E337867
S214034118E8B2834200D870BD00222146FFF7D0FFDD
S2140341280135F4E71B6D0020A1AD0400196D0020CE
S214034138FF2810D0FF290ED0084BCA081B7801F0B9
S21403414807010733DB1000FB0323054AD05CC8408E
S21403415800F0010070470020704700BF1B6D002069
S214034168656200200148F0F7CBBD00BF185C00204D
S2140341782DE9F0471E464D4B8CB01B68154607467F
S21403418888469DF8509003F0080A08F07DFDA8427B
S2140341983FD1B9F1000F14D06EB9ADF806603D46AD
S2140341A804242246414628460AF0C3FA00F00100D2
S2140341B80CB0BDE8F0870023ADF806303D4606246C
S2140341C83AE038460CF072FDFF28044605D0F2F7AD
S2140341D8FBFC10B12046FEF7CFFF96B10023ADF8DF
S2140341E80630F8F7FDF80028E8D0062440460DF117
S2140341F8060202A909F031FCD8B94046F8F7F8FADE
S21403420817E0ADF80660F8F7EBF80028C7D00424E3
S214034218ECE73EB3BAF1000F2ED000230B24ADF81B
S2140342280630B9F1000F0AD1F8F7DAF82F46002856
S214034238DCD13D46002EB4D0BAF1000FB1D004F05D
S2140342480402414642F0110228460AF072FA224650
S2140342580646414628460AF06CFA002814BF30463C
S2140342680020A3E7BAF1000F14D00124ADF80660C6
S214034278B9F1000F95D1D7E70B24284602A9F1F721
S21403428883FD074668B902A806F094FF20B9ADF87F
S2140342980600EDE70124F0E744F00204ADF80670E3
S2140342A8E6E70023ADF80630E2E700BF3047002014
S2140342B82DE9F0471E46744B8CB01B7807460D460F
S2140342C81446DDF85080002B3ED008F0DDFC30B3F2
S2140342D86E4B1B68980722D44FF6F7739C4233D865
S2140342E843463A4631462046FBF7F2FE08F0CCFC36
S2140342F8854200F0C5803046FEF75AFBA04203D13C
S2140343080CF0D4FC0AF0B9F8BA1E534253412946B6
S214034318002220460CB0BDE8F0470AF006BEE7B117
S214034328F91ED1F1000949EB01094FF6F7739C42D0
S21403433816D90321204606F0DFFA03233A46314608
S2140343482046009506F0C7FB08F09EFCA84200F03E
S21403435897804FF6FF739C42CBE74FF00109E4E7DB
S2140343682B463A463146204604F0FDF92146CDE968
S21403437800082B463246384606F06CFF8046014650
S214034388204606F0B9FAB8F1000F61D1B9F1000F6B
S21403439812D100233A4631462046009506F09BFB89
S2140343A888F001032A4631462046CDF8009003F0EC
S2140343B80103FFF7DDFE99E7002FEAD003AA92462A
S2140343C8334B03F1100E9446186859680833ACE863
S2140343D8030073456246F6D107A806F0D8FB032305
S2140343E8306871688DF81C3008AB03C39DF8293014
S2140343F807A843F002038DF8293006F0F3FC90B1C2
S2140344083068716808AB03C3042307A88DF81C300B
S21403441806F0E8FC38B1022307A88DF81C3006F02E
S214034428E1FC0028B5D1514607A806F01BFD002875
S214034438AFD0F4F795FB0028ABD103233A463146B1
S2140344482046009506F047FB08F01EFCA84250E7F6
S21403445843463A4631462046009506F03CFBB8F1FB
S214034468010F9DD0B8F1020F7FF440AF284607A985
S214034478F1F78AFC20B93246284607A90AF020F93C
S2140344880CB0BDE8F08700BF8B62002030470020E1
S21403449876110500044B1A880AB100221A800021F7
S2140344A80846F9F7ABBF00BF185C002000232DE9C8
S2140344B8F0478EB004460D46CDE903334F7808F02F
S2140344C8E3FB50B1B64B1B689A0706D4092103A829
S2140344D806F0B9FA0EB0BDE8F087204603A9F1F74F
S2140344E853FC0646002840F05781022F3DD0042F80
S2140344F8ECD1E5F7AFFC002846D0E5F7ABFC02287D
S21403450840F022810DF124083346324641463046B0
S21403451806F0D7FD012103A89DF8255006F0C4FE32
S2140345282840FF2800F0348105AD284608F049FBEB
S214034538002840F02F8195E80F0088E80F003A46D8
S214034548414603A806F0F7FC0246002840F02081FF
S214034558032303A9CDE9005320463B46FBF77EF920
S21403456800280CBF13210621B1E78D4B1B689B0758
S214034578ACD40235082229468A48E9F75FF90028A9
S214034588A4D0E5F773FC08B91121A0E7864B874E3C
S2140345981B78FBB9FFF77EFF3088002860D103AF8E
S2140345A82946384606F0F1FA002800F0CA8028465D
S2140345B80DF10A01F1F7C2FB40B90DF1240A504682
S2140345C808F0FFFA8046002800F08780FFF762FFAE
S2140345D80F217CE73088002842D101460CF0BAF94F
S2140345E8308000283AD001230822304603A9F0F782
S2140345F8CBFD98BB0123082229463046F0F7C4FDB5
S21403460860BB01230222694809A9ADF82440F0F7E4
S214034618BBFD0346308823B1002848D04FF0100965
S21403462820E00CF03FF961490746204601F0CAFC32
S21403463830880CF037F9FFB2874209D1FF238DF88B
S2140346482430012359481A4609A9F0F79DFD28B9CD
S21403465800210120F9F7D2FE0C2138E73088DBE782
S2140346684FF007090CF002F9074630880CF0FEF8FD
S2140346783488112100F10808204600F02DFE102189
S2140346888246204600F028FE0822044603A9404630
S214034698E9F7D4F8002840F08180082229463846EE
S2140346A8E9F7CCF8002879D1B9F1070F01D0102122
S2140346B80DE704EB0A244546A4B271E730884FF0A9
S2140346C8010828B1122100F007FEFF2881461ED1F3
S2140346D82A46B9462046402304E03A46A9464346B6
S2140346E8BDF80A0043F00303CDE900A349460323B4
S2140346F8FBF7B4F800283FF469AF0721484606F0ED
S214034708A2F9B8F1000FD9D0FFF7C4FEE2E60021FC
S21403471808460CF01FF9ADF8140048B1204605A961
S21403472801F050FCBDF814000CF0BCF80028CFD1FB
S214034738142300934A4639462046338801F0FAFB89
S214034748C6E7FFF7A7FE1FE7E5F784FB012801D0B6
S2140347580621BCE605AD324633462946009603A82D
S214034768F9F75EFD024608B10A21B0E60C4B20466F
S2140347781B6803A95B0003F0040343F00303CDE9B6
S21403478800533B46FBF76AF80028E1D113219EE65F
S21403479805219CE612219AE60B2198E60E2196E659
S2140347A830470020156300202F620020185C002085
S2140347B8012330B50D4C85B022788DF80430D51812
S2140347C88DF805200E228DF806200A682570CDF888
S2140347D807204A6801A9CDF80B200B22F0F7D4FC72
S2140347E8B0FA80F0400905B030BD00BF8C620020E7
S2140347F8014B1878704700BF64630020142230B555
S2140348088BB005460DEB02011548DAF733FA10BBF1
S214034818BDF81430DA0720D413F0060FC3F34102A9
S21403482808BFC3F341220F4B0DF116019C5C684683
S2140348382246E8F747FEBDF8263004F128026A4404
S21403484802F8283C02341B0A02F8273C69462A4623
S214034858E0B209F0DFF80BB030BD2320FBE700BF5A
S214034868703214E08611050010B58AB0ADF826201C
S2140348780022CDE9052204920CAA02924FF6FF7293
S2140348880446AC2101200192064A039004FB012248
S214034898603200924CF620010DF1260209F06BFFF8
S2140348A80AB010BDE853002000B58BB0ADF824302D
S2140348B89DF8303003208DF82630002303900A49EC
S2140348C809A8CDE90130CDE90533049301F1600366
S2140348D80093B1F85C3002204CF6604109F04BFFB8
S2140348E80BB05DF804FB00BFE853002010B54FF685
S2140348F8FF741E4A8AB0B2F86800B2F85E10A04287
S214034908ADF82600B2F85C304FF6FD70ADF824100B
S21403491818D081424FF0000094BF48F660014CF669
S2140349286001CDE90500CDE90300CDE9010094BF98
S21403493809AA603200920DF12602042009F01BFF33
S2140349480AB010BD81424FF000008CBF603209AA3E
S21403495800928CBF4CF6604148F66041CDE90500ED
S214034968CDE90300CDE90100014AE6E7E853002054
S2140349785254002000B50E4B0022B3F85E308BB0BD
S214034988ADF824304FF6FF73CDE90522CDE90322AF
S214034998CDE9012209AA00924FF400610DF126021F
S2140349A80720ADF8263009F0E6FE0BB05DF804FBE9
S2140349B8E853002030B58BB08DF825301B0A8DF8E8
S2140349C8263000230D4991F85840CD6DB1F85C00A8
S2140349D8CDE90533049307236031039308ABCDE988
S2140349E8010300914FF6FF734CF620410820089503
S2140349F88DF8244009F0BFFE0BB030BDE853002005
S214034A0870B54FF6FE76294C1D46B4F85E10B4F81A
S214034A185C30B14294F85C00A2B04FEA132321D16C
S214034A284FF440416034ADF808108DF80B008DF84C
S214034A380C3003CC0DF11504CDF80D00CDF811108C
S214034A482270120A6270002211461046A270E270A3
S214034A58ADF8062007F056FFADF8060090B900201B
S214034A6822B070BD4FF400448DF80D10090AADF856
S214034A7808408DF80B008DF80C308DF80E100DF1EC
S214034A880F04DDE7043402A9621A012392B20DF17A
S214034A980600F0F779FB0028E1D1BDF806002A46A0
S214034AA801210BF02FFFBDF80600D9E7E8530020D5
S214034AB8202A10B5144614D8012A04D10C88B4F554
S214034AC8004418BF0124620030B10748E8F7BCFB6E
S214034AD8064B00201C7010BD0548E8F7B5FB054BD0
S214034AE8F7E72120F7E700BF1A5C0020656300207C
S214034AF85A5C0020666300202DE9F04710461746E7
S214034B080CF00BFBDFF814A1DFF814919AF80030C9
S214034B1899F800200546134302D10020BDE8F08724
S214034B2810F4406800F0400619D186BBB0F5804FF4
S214034B385CD24FF4807400239AF80000344AD9B242
S214034B4888425DD8002399F80000324AD9B28842D1
S214034B58E3D932F8021B0133A142F7D155E0F81C1A
S214034B680CF0DBFA4FF6FF73984214BF01240224B5
S214034B7886B1052605F44043B3F5004F44F0080410
S214034B8824D0B5F5804F23D244F4807420E04446FD
S214034B980326EFE7B5F5804F4FF00506F4D3B8F5CF
S214034BA8406F14BF02200820304438440CF0B5FA8E
S214034BB8194B05F44045B3F85C3083420CBF44F008
S214034BC8080444F00404B5F5004F01D144F080040A
S214034BD8B8F5006F0ED1B8190CF09FFA0E4BB3F860
S214034BE85E308342A7D144F01004A4E74446032664
S214034BF80220D9E7B8F5406F08BF44F020049AE7C7
S214034C0832F8021B0133A14299D1012086E700BF7F
S214034C185A5C00201A5C0020E853002066630020D4
S214034C28656300202DE9F04F104685B01646984672
S214034C380CF073FA5D4F00F00803B7F85C100446EF
S214034C4800F00709F01C02930391B7F85EB00CF066
S214034C5864FA06F1050A054650460CF05EFA034662
S214034C684FF6FF70854218D00399A1EB050CDCF1CB
S214034C78000545EB0C056D004FF6FF718B420ED110
S214034C8845F004050CF0C2F8029B6BB1B9F1000FAE
S214034C9811D0422005B0BDE8F08F0125ECE79B450F
S214034CA808BF45F00805EDE7B9F1030FF1D8DFE8CB
S214034CB809F0021B795D0CF0A9F808B9A807E8D52E
S214034CC824F00804A4B2B4F5004F05D0B4F5624F37
S214034CD802D0B4F5404FDCD10025294697F8A82022
S214034CE8002007F00FFE3CE0D7F88030E3B9002138
S214034CF832460846FFF700FFD8B948F6410224F0C3
S214034D0838039BB29342C4D10A2D49D0062DC0D18D
S214034D1897F87730023B012BBBD8EEF7AFFF002896
S214034D28B7D140F6040505E04146304698470028C3
S214034D38DDD00825E20648BF45F08005A30648BF30
S214034D4845F4805505F00C03042BC6D1F01D0CF072
S214034D58E4F997F8A8303246009341462B4607F005
S214034D68A6FD08B30E9B1880002093E7A90705D174
S214034D784FF6FF73B7F85C209A428AD104F440636F
S214034D88B3F5006F0AD0B3F5406F82D108225046B8
S214034D980749E8F753FD00287FF47BAF0C25C9E7DE
S214034DA80425C7E7432075E7192073E7E85300206F
S214034DB848540020034B1A781AB1FF2A04BF00226E
S214034DC81A7070476863002070B5084C084E23783D
S214034DD8F55C1DB13E2107480CF0C1F8FF22237885
S214034DE82846F2540023237070BD00BF6763002073
S214034DF868630020AFAD0400034B044A1B78D05CFD
S214034E08FF3818BF012070476763002068630020D7
S214034E180023074A07491360074A1360074A1360C3
S214034E28074A11600121074A1170074A1360704741
S214034E382055002009E903001C55002018550020BA
S214034E48386C0020516D0020285500200E2A70B5B6
S214034E580C4606461546194603D9FFF7D9FF5020D0
S214034E6870BD012807D10020EEF722FFB0B1FFF787
S214034E78CFFF2120F4E780220021224B1A70224B11
S214034E881960224B1B684BB134200BF063FD204B93
S214034E98188018B9FFF7BCFF0120E1E724F0FF6389
S214034EA823F4FF231BB1FFF7B3FF4F20D8E774B9EA
S214034EB82046EEF717FF0124032510F0800F43B2B0
S214034EC81BBF00F01F039C409C4044F0784400201E
S214034ED8104B24F078441E700F4B10491D70104B6E
S214034EE81C60104B1870104B1A68EFF797FA18B136
S214034EF8FFF78EFF0420B3E79DF810200B4B1A70BC
S214034F08AEE700BF6963002024550020185500202B
S214034F189A5C00206E6300206C630020195203001D
S214034F28285500206D630020205500206A63002062
S214034F387FB5244B00251A7801232348234903FA0F
S214034F4802F200781A440A60ADF80E5020B398426D
S214034F5836D11F4C1F4B20781B680DF10E0198475E
S214034F681D4EBDF80E20307092B11C4B2946009397
S214034F78284602230195EFF78BFA3278237822B175
S214034F88012A12BF1B230133DBB2237004B070BDA2
S214034F98013818BF0120F0E778235A43013A0A601C
S214034FA808220F490BF01CFC0B49094A09781378A9
S214034FB821B1012912BF1B230133DBB21370E5E7C6
S214034FC81846E3E76C6300206E6300202C55002028
S214034FD86D630020386C0020516D00205552030085
S214034FE8A10D0400024B1868003818BF012070474B
S214034FF81855002037B505461C460BF007FF68B959
S21403500874B1084B1A60084B0A461C6001232946EC
S21403501800930323FFF71AFF03B030BD4D20FBE7C9
S2140350282520F9E7145500201C55002013B504461F
S2140350380BF0ECFE58B962B1074B1A6001230A4617
S214035048009321460323FFF701FF02B010BD4D204E
S214035058FBE72520F9E700BF185500202DE9F041A6
S2140350680446DDE906861D469DF820700BF0CEFE45
S21403507888B99EB1A2B10B4B01201A600A4B0A46A7
S214035088C3F80080094B21461E602B460697BDE8E9
S214035098F041FFF7DBBE4D20BDE8F0812520FBE796
S2140350A82120F9E7386C0020205500201C550020E5
S2140350B80148EFF725BE00BF9A5C00202DE9F041B2
S2140350C80020EFF719F9114B114C1E68114B208875
S2140350D81D68114B114FD3F8008010B13978EFF7DC
S2140350E8E9FF00203870FFF793FEEFF723FC0EB1B5
S2140350F84046B0473DB12088A84700232380BDE833
S214035108F0410BF0A7BFBDE8F08100BF1C55002097
S2140351189A5C002018550020285500206F6300204D
S214035128F8B52F48F0F7DCF82E4B187830BBEEF7B7
S214035138D9FD2D4F06463B6803B32C4B2C4D1C68F4
S21403514824B195F900301A461946A047294B1B681F
S21403515883B1294C2378312B0CD8284B18880BF0AD
S21403516885FB23785A1C22702A78C25423785A1C43
S2140351782270C65480232B7000233B60204C237870
S2140351881A2B22D81F4A1278012A09D100211E4A4F
S214035198156825FA03F0C007DAB20ED501B12270F6
S2140351A80020EEF79FFD2178884212D10022174B84
S2140351B81A70FFF7BDFE40B9F8BD0133D8B21A28F6
S2140351C84FF00101E5D90A442270BDE8F840FFF71D
S2140351D875BF0020EEF798FD0028E7D0F5E700BF77
S2140351E83C6C00206E6300202455002014550020D4
S2140351F869630020185500206F6300209A5C00201E
S2140352086D630020516D0020285500206B63002035
S21403521808B50B4B187880B90221EEF737FD094B12
S2140352281B782BB100214FF6FF720846EEF710FDE8
S214035238BDE808400448FFF773BF00210846ECE7BB
S2140352486E6300206A6300203C6C002038B5144B5C
S2140352580C461D78012D21D181B90846EEF742FD8B
S214035268104A05FA00F013680F4923EA000313608F
S21403527820462A46BDE838400BF0B2BA0B4A1378E4
S2140352880133DBB2022B137004D9BDE83840084853
S214035298FFF746BFFFF74CFE0028F6D138BD00BF20
S2140352A86E63002028550020A10D04006B630020C0
S2140352B83C6C002038B50C4605460BF0F3FAA042C2
S2140352C803D82D2103480BF04AFE28460BF0CEFAE6
S2140352D8204438BDC3AD040070B506460D460BF032
S2140352E8C5FA044648B130460BF0DCFAA84203D8A0
S2140352F8352102480BF033FE605D70BDC3AD040074
S21403530870B50C46064615460BF0CCFAA04203D8F1
S2140353183E2104480BF023FE30460BF0A7FA00B1F3
S214035328055570BDC3AD04002DE9F0431E46574B23
S2140353388FB01B780746033B012B0C4615469DF892
S214035348588007D8F4F718FA20B1F0F71DF908B112
S21403535844F400544E4B1B7813B924F40074A4B2D7
S214035368200509D546B9284604A9F0F70DFD0028F7
S21403537846D024F40064A4B2ADF81840ADF81A5029
S21403538807F082FC434BADF81C00B8F1000F02D0BF
S2140353981A78424501D293F800803F4AE10513780C
S2140353A848BF0DF1210103F10103DBB2137058BFA7
S2140353B808A922058DF81E808DF81F3006D5336898
S2140353C8083141F8083C736841F8043CE30407D500
S2140353D8324A0831136841F8083C536841F8043CDC
S2140353E80DF11808A1EB08005FFA80F9002148467A
S2140353F80BF0B0FA064628B900200FB0BDE8F083D4
S21403540804AEB9E70BF032FA41464A46E8F75AF8CB
S21403541830460BF047FA804630460BF027FA00234F
S214035428024600934FF6FF7004235FFA88F107F0ED
S2140354383EFAADF80E000028DED040F201131C42F7
S2140354481AD14FF6F7739D4216D80BF02BFA0DF1C7
S2140354580E010446284600F0B5FDBDF80E000BF015
S21403546821FAE4B2A04207D9BDF80E0007F06CFA99
S214035478437843F004034370BDF80E003A4601210F
S2140354880BF040FABDF80E00B7E700BF90620020A5
S2140354988B620020066D00208D62002015630020B5
S2140354A8F0B50829D58889B028D00C2926D0AE04AB
S2140354B824D405F040030B43424C267816B105F076
S2140354C8200423432FB2002FB8BF43F080030329D9
S2140354D820D11223AC068DF80430937A10D48DF8B5
S2140354E805300DF1060401A9621A012392B2EFF7FB
S2140354F84BFEB0FA80F0400909B0F0BD0B46DBE777
S21403550832228DF805308DF80420002EE9D00DF1EF
S2140355181304E8E70C298DF804300ABF1389537976
S2140355288DF80530548805BF1B0A8DF806308DF8AC
S21403553805300DF1070318BF0DF106031C70240A86
S2140355485C70148802399C70240ADC70147901296B
S2140355581C7111D8917A002F597131DA02211289F8
S2140355689971DA71120A03F109041A72002EBAD075
S214035578AB06B8D50534B6E7A9071AD4002F0CDA54
S214035588117A51B1917A59711189127A03F1080483
S21403559892B102229A71D971E8E70B4C217801F18E
S2140355A8010C84F800C091729C1D002F5971DDDA36
S2140355B8EAE7917A9C1DF8E70122090A9A71EAE755
S2140355C89C1DD3E78B6200208C620020014B188059
S2140355D8704700BF9C5C0020014B1888704700BFCB
S2140355E89C5C00202DE9F84307460BF0B1FC054602
S2140355F81B480BF028FE1B4B60B31C683C1B2C4453
S214035608A4B20022184BDFF868901B78174D03EBFB
S214035618830399F8006005EB43055FFA82F846456D
S2140356280AD9AB8805F10A00A34216D90A23B21A87
S21403563829465A43E7F708FE013689F80060AC8026
S214035648B8F1000F03D1394605480BF0FBF9284695
S214035658BDE8F8833C461D60D3E705460132DCE720
S2140356685C6C002030550020706300203E590020F3
S214035678716300201FB5154A154C1378013BDBB23E
S21403568813706168206801AA03C221891180114A30
S2140356981278D21805D00A2320465A43E118E7F7AA
S2140356A8D3FD9DF806301B070DD0BDF80C00FFF799
S2140356B899FF03468288ADF8082001AA03CA128810
S2140356C8186059601A8104B010BD00BF70630020CB
S2140356D83E59002071630020002108B5084B09488D
S2140356E81970094B1970094B1A7802EB820252009B
S2140356F8E7F758FDBDE808400548EFF7F1BD00BFDA
S214035708716300203E59002070630020126D00204C
S2140357185C6C0020F8B50024084D094F094E3B7809
S2140357283178E2B20B449A4204F1010400DBF8BD77
S2140357382846EFF7E5FA0A35F1E700BF3E59002099
S2140357487163002070630020F8B516460C4B0D4AAB
S2140357581B781278074613440B4A0D461278934271
S2140357680CD03046FFF73EFF01350681078085706B
S21403577804460BF0E8FBE0800120F8BD0020FCE7B8
S2140357887063002071630020126D002010B5064C6C
S214035798207828B10548F5F799FD10B1034B18880A
S2140357A810BDFFF767FFF3E7706300203E5900203C
S2140357B808B50A4A0346107860B1094A1088984221
S2140357C809D121B99378103323F00F039370FFF7A9
S2140357D851FF012008BD0020FCE700BF70630020CE
S2140357E83E5900202DE9F74F00260BF0B1FBDFF8F2
S2140357F8F890B24699F80070B3463A46DFF8EC805C
S2140358081FFA80FEB8F800C0344CAEEB0C039BB20C
S21403581801932378324D009303EB830305EB43038D
S214035828ACEB0E0C5FFA86FEBE4515D3BAF1000F35
S21403583801D0009B2370BA422AD3002F37D00A22FE
S2140358482378C8F8000002FB03532648998803B058
S214035858BDE8F04F0BF0F6B8B3F804E001998E45AF
S21403586812D84FF0010A009993F802E001310EF1BD
S214035878FF3EC9B2013AA3F804B083F802E00091E8
S214035888D2B20A330136CDE7E644A3F804E0F8E7D4
S21403589889F800204AB10A222378C8F8000002FBD8
S2140358A80353104899880BF0CDF8237813B903B03F
S2140358B8BDE8F08FFFF76AFF06460028F5D006F026
S2140358C864FF0146304607F014FE20B100212888FD
S2140358D8FFF76EFFE9E740F60241F8E7706300203A
S2140358E83E5900205C6C0020716300203055002070
S2140358F82DE9F04192F808801F4608F1FF33DBB222
S214035908EF2B05460E46144688B00BD982238DF82E
S2140359180E30314628469DF80E30204AFBF774FAB7
S214035928012037E00E22002104A8E7F73BFCB4F871
S21403593809308DF81180ADF81230E37A03F07F0250
S214035948032A08D0012B24D103238DF81030A3890A
S214035958ADF815300EE0032B14BF022301238DF890
S2140359681030E368CDF815302369CDF81930237D58
S2140359788DF81430A7F121014A420DF10E034A416E
S214035988009321460DF10F0304A8FAF793FD0028A8
S214035998BFD1002008B0BDE8F08100BF5B640400F7
S2140359A82DE9F04F00241D7895B0CDE90201049245
S2140359B8234622460120CDE90054404909F09CF8C5
S2140359C8ADF81E00F8B1A346264627460DF1200972
S2140359D80DF1380AE4F72CFA5FFA84F8404516D82E
S2140359E83A460221BDF81E00FFF78AFC3246042118
S2140359F8BDF81E00FFF784FCDDE903100022BDF89E
S214035A081E30FBF701FA012015B0BDE8F08F4A46B1
S214035A1840460AA9FAF740FD9DF8282022B12DB181
S214035A28013DEDB20137FFB20134D3E7BBF1000FF6
S214035A38F8D199E803009DF829308AE803008DF821
S214035A484030BDF82A30032A8DF841304FEA132335
S214035A588DF8423017BF032301238DF843309DF892
S214035A682C30DDF83110DDF82D0014BF8DF84C30DE
S214035A788DF8433011AB03C302980CBF4FF00E08E2
S214035A884FF0150808F0FFF90590BDF81E000AF058
S214035A9809FF059900EB080399420BDB01234246ED
S214035AA851460DF11E00EFF76FFB0028ABD1013608
S214035AB8F6B2B7E74FF0010BB4E700BF98AD0400A2
S214035AC838B505460D4B0E481C88EFF7F5FB012D38
S214035AD80CD10C4B1C88FA21614358B1884209D271
S214035AE88408012C204638BF012038BD022D08BF84
S214035AF80224F0E702480AF0A5FFF2E73A59002025
S214035B08FC45002038590020012208B5054B0648F5
S214035B181A7000210AF096FFBDE808400020FFF738
S214035B28CFBF00BF5C620020FC4500201E4B73B548
S214035B381A8802F108039BB2012B02D81B4B1B7869
S214035B4823B902B0BDE87040EFF7CABB0024184B70
S214035B58184D1C70184B1C702B787BB14FF6FC73D2
S214035B68164E0093224623462146308808F0C9FB82
S214035B784FF6FD732C70338001200FE0104B104650
S214035B881978F4F719FF0028F6D10C4B1A884FF644
S214035B98FD739A42F0D0012302202B7002B0BDE8B1
S214035BA87040FFF78DBF00BF3C5900205C620020A1
S214035BB85F6200205D6200205E6200203659002086
S214035BC860620020012808B50AD002280CD020B944
S214035BD8084B18700848EFF783FB4FF0FF3008BDF3
S214035BE8BDE80840FFF790BF0020BDE80840FFF770
S214035BF867BF00BF5C620020FC45002002280CD863
S214035C0859B1064A13780133DBB21370044A127883
S214035C189A4202D80220FFF7D5BF70475E6200207B
S214035C286162002038B5A0F61343012B04460D46DF
S214035C3815D80E4A13780133DBB213700C4A127860
S214035C489A420CD84FF6FD720A4B002019889142E7
S214035C5801BF00221D80084B1A70FFF731FF294643
S214035C682046BDE8384004F084BE00BF5F620020CB
S214035C7862620020365900205D62002000234FF63A
S214035C88FD71054A1370054A1370054A1180054AC3
S214035C981370054A137070475F6200205E62002027
S214035CA8365900205D6200205C62002030B5094B3F
S214035CB802461B7833B1084B084C19780023D8B230
S214035CC8884201D3FF2004E0013334F82350954279
S214035CD8F5D130BD116D00206462002016590020EE
S214035CE80022FF21044B05481A70054B1970054B13
S214035CF81A789200E7F756BA646200201A59002009
S214035D0863620020116D0020F7B58DF807100DF1BA
S214035D180701044602F0D2FD234B1D78002D41D01F
S214035D282046FFF7C3FF214EFF283178204B05D1C5
S214035D38204A107885422DD9451C1570884219D0FB
S214035D481C4A1B4D92F800C00022D7B2BC450CD99A
S214035D582F4697F803E00132864505F10405F4D18A
S214035D6802B203EB8202D278FA7002B203EB820223
S214035D78D170307002B203EB820123F82240FF226F
S214035D888A709DF80720FF2A02D003EB82039870D7
S214035D9803B0F0BD0A46104603EB8202D278FF2A08
S214035DA8F9D1CBE7FF20F3E7116D002063620020EB
S214035DB81A590020646200202DE9F843FFF776FF9E
S214035DC8FF28044669D04FF6FF72354F03B2DFF853
S214035DD8DC80344E27F8232098F80050A54202D1D9
S214035DE80020BDE8F883337820B28100A34207EB8E
S214035DF8800090F803E010D00023294A5FFA83F95D
S214035E084D45944606D99CF803900133A14502F103
S214035E180402F3D18CF803E001E086F800E0013DC4
S214035E28EDB22A1BD2B2043192003944E7F70CFAD2
S214035E3888F800503378FF2B04D0A34224BF03F11D
S214035E48FF33337000214FF6FF70154BCAB2AA42D0
S214035E580CD300234FF6FF71134ADCB2AC42BBD215
S214035E68013332F823008842F7D1B5E79A78A2427D
S214035E780BD11880DA78FF2A04D0A24224BF02F195
S214035E88FF32DA7001310433E0E7FF2AF2D0A24288
S214035E9824BF02F1FF329A70ECE72D20A1E700BF7A
S214035EA81A590020636200201659002064620020F5
S214035EB8F8B51C4B05461B78084673B3FFF7F6FE82
S214035EC8FF28044629D02846FFF7F0FEFF2806D009
S214035ED8154B164E1A780023D9B2914218D3FF21D0
S214035EE82846FFF711FFFF28014616D00546104F30
S214035EF823B207EB830237F823009678FFF704FFED
S214035F08A84208BFFF25FF2E214608D12846F8BD1C
S214035F18013316F823108142DED1FF25F6E734460F
S214035F28E6E700BF116D00206462002018590020C0
S214035F381A5900202DE9F04180460E461F460023D5
S214035F4886B001A814469DF830508DF80330FCF748
S214035F584BF8ADF804802EB13368CDF80630736875
S214035F68CDF80A3038460AF081FC0DF103034219CE
S214035F78214601A804F009FD9DF8033093B931467C
S214035F884046E4F777F90E4B1B785BB10B2C09D820
S214035F98FF214046FFF7B8FE064605EB4404E4B285
S214035FA8A54202D106B0BDE8F0812946384608F076
S214035FB846FD3146FFF7A8FE02350646EDB2EFE783
S214035FC8116D002000232DE9F3470DF107028DF824
S214035FD8073004460E4602F05CFC9DF8073005467B
S214035FE863B92046FFF762FE04465EB130880AF0BE
S214035FF859FC5FFA80F8FF2C45D10025284602B0E5
S214036008BDE8F087B046F6E701320C2AF5D02DB284
S21403601807EB8505AD78FF2DF6D112F0FF0AECD015
S2140360284FEA4A050235EDB2002EE7D0304605EBB7
S214036038080108F0C9FC0028DFD1524641463088DB
S214036048FFF75EF90AF1FF3208F1010108F10209C8
S2140360583088D2B2C9B25FFA89F9FFF751F924B288
S21403606807EB8404A478FF2CC8D023B2494637F834
S2140360782320308808F0F3FC0028BED109F1020972
S2140360885FFA89F9EBE725460022014FBFE700BF11
S2140360981A590020FF2818BF064B10B51BBF03EB81
S2140360A8800433F820302D200B801EBFA3780020F1
S2140360B8137010BD1A59002008B5D1F7BBFCD1F7E9
S2140360C8B1F800F022FAD2F7AFFCBDE80840D0F7E3
S2140360D85DBE10B5044601880120D1F76BFDE38841
S2140360E80BB9C823E38010BD37B50446D1F770FD56
S2140360F8658885420ED8A188E288814205D3431B6A
S2140361085343491BB3FBF1F39AB280B240EA024009
S21403611803B030BD0022F8E770B50C46088800F0D7
S2140361284BF994F84430054683420FD004F11C0615
S214036138304600F07CF984F8445000F07CF9618B13
S214036148A0643046BDE8704000F06CB970BD38B541
S214036158044690F844108378826CCB1A5942594106
S214036168D0F77AFEE37893B1257985B900F063F919
S2140361780346A268218A04F11C009C1A8C4236BF87
S21403618852182946D11ABDE8384000F04BB938BD35
S21403619809B100F0FDB800F005B938B583880446A0
S2140361A803B3E3780088A17804F10C05A3B10023B0
S2140361B8B1FA81F1E3704909FFF7EAFF4FF6FF7278
S2140361C8A388218993421CBF03F1FF33A380284683
S2140361D8BDE8384000F026B90123E370FFF7D8FF7F
S2140361E8E188F4E738BD10B5044681780088FFF7E0
S2140361F8CFFF0123E3700023A38010BD10B5817879
S2140362080446B1FA81F100884909FFF7C1FF002364
S214036218E370A38010BDFFF7F1BF70B504460546CB
S21403622800262B4655F8040B10B11B1B0C2B00DD60
S21403623870BD237C8680002BF3D0637C13B1FFF7F5
S214036248D2FFEEE7FFF7DAFFEBE7FFF7E6BF70B537
S214036258044605464FF6FF762B4655F8040B10B151
S2140362681B1B0C2B00DD70BD8388B342F4D04FF4A0
S214036278FA724FF6FF731146D0F742FEECE709B100
S21403628800F086B800F08EB810B50446C060083033
S214036298D1F702FE21792088B1FA81F14909FFF77F
S2140362A8EEFFA37943B121796088B1FA81F1BDE89D
S2140362B810404909FFF7E3BF10BD00F0A9B803462D
S2140362C8184613F8012B8A4201D0002AF8D17047E2
S2140362D810B53B2104460068FFF7F1FF002203468A
S2140362E803F8012B2068236010BD10B540B1421E89
S2140362F80A24002012F8013F303BD9B2092900D9F5
S21403630810BD04FB0030F5E708B500F07EF808B5C5
S21403631840F2BA4200211020D1F7C8FB41F2E82325
S214036328584340F6FF7300F2FF70B0FBF3F080B2F9
S21403633808BD50F80C3C23B150F8041C30F80E0C7A
S21403634818477047084619B1FF21103002F09EB966
S214036358704773B505460E466DBA1446D1F7D2FC98
S214036368ADF804507EB1012C04D0032C09D00022CA
S214036378012101E02246022101A8D3F715FC02B049
S21403638870BD0022F7E7042132460DEB0100F4E75F
S21403639807B540BAADF8040001A8D3F739FC03B033
S2140363A85DF804FB07B540BAADF8040001A8D3F7B7
S2140363B85BFC03B05DF804FB002307B540BAADF8F1
S2140363C804000DF1030101A88DF80330D3F778FC18
S2140363D89DF8030003B05DF804FB007800F0DF03C4
S2140363E8552B07D0642807D0663818BF4FF0FF3000
S2140363F8C0B27047012070470320704718B12D2894
S2140364080CBF012002207047704708B501F030FD25
S21403641808B500F06FF8BDE8084004F07CBA50E908
S214036428023018470A460830FF2102F026B9FF2132
S214036438083002F033B908B50AF0E9FDBDE80840AC
S21403644809F0C8BA2DE9F041044600274FF00C0EB0
S2140364588F4202DB0020BDE8F0812078904204D109
S214036468002594F80780454502DB01370C34EFE72F
S2140364780EFB05F6D4F808C00CEB06003CF80660DD
S2140364889E42E8D00135EEE7F0B585B005460E46E0
S2140364981746D1F757FD0446A0B131462846D1F72B
S2140364A809FD83783A46002BA36831460293A378FE
S2140364B8284601934FF0000300930CBF8023402324
S2140364C8E0F7ECF805B0F0BD08B51288D1F73AFD49
S2140364D850B10279BDF80C309A4207D88168029801
S2140364E8E6F7B2FE002008BD8620FCE78920FAE717
S2140364F8D1F726BE002004F092BA08B504F0FFFAD6
S214036508002814BF0320002008BD704708B501F013
S21403651899FFFFF7D1FDD1F77FFE642003F048FE0D
S214036528642003F044FE01F08FFFD0F75BFC08F00D
S2140365387BFEF8E7F8B5D0E90176437B04460D46BB
S21403654813B133463E461F46FFF775FF012D2064F9
S21403655838460ED1D0F73AFD3046D0F75BFD2573A3
S21403656860784FF47F42BDE8F8404FF48171FFF737
S2140365788BBF022D05D1D0F74DFD3046D0F726FD4B
S214036588EDE7D0F747FD3046D0F744FD0025E6E7AC
S21403659838B5037B04468B420D4607D190F8443042
S2140365A85BB3BDE838404830FFF741BFFFF743FF0A
S2140365B8216C431AC72B0CD80123C83184F84550DD
S2140365C884F84430091A04F14800BDE83840FFF758
S2140365D829BF0DB1237B2BB929462046BDE8384091
S2140365E8FFF7A8BF00212046FFF7A4FF0123C82111
S2140365F884F8455084F84430E5E738BD90F84510EC
S214036608FFF7C6BF0121FFF7C3BF0221FFF7C0BFCD
S2140366180021FFF7BDBF4FF60173994210B5044634
S21403662802D10021FFF7B4FF2046BDE81040D1F79A
S21403663895BF032910B504462BD0007B30B9012932
S21403664803D002290CBF0120FF2010BD032A07D858
S214036658DFE802F00208101401291CD002291FD013
S214036668FF20F2E70029FBD1B4F85C20012A12D0F8
S214036678022AF4E704290ED00529F0E7042914D0E2
S214036688052914D00029EBD1B4F85C20111F012981
S214036698ECD80220D9E75A1E534253415800D4E790
S2140366A8022B0CBF02200120CFE70020CDE70120F4
S2140366B8CBE730B587B005460C46D1F72FFD012842
S2140366C820D11CB1611E4B424B4158006B784FF4E6
S2140366D880728DF804304FF48273ADF806304FF4A9
S2140366E88173ADF8083001238DF80B30002385F845
S2140366F8900001A8CDE903238DF80A408DF81430DD
S214036708D1F744FD07B030BD41680346C978027B1C
S21403671899B98168C97899B9002A08BF0321D1F7BE
S214036728E1BF9B7B002B0CBF01210221F7E79B7B74
S214036738002B0CBF02210121F1E7012AF1D1704792
S214036748012AF4D17047042910B5044604D831B198
S214036758BDE81040D2F74AB805290DD010BD037B13
S2140367685522002B08BF0321A0F85C10407812219D
S214036778FFF78AFE2046EBE743681A8A83681A827D
S214036788E6E7012303730378013343734FF4407337
S214036798C381032303740023A0F85C3080F8903089
S2140367A8704710B50446806BD8B1E278022A04D045
S2140367B8636B5B7972B984F83C3094F83C306BB100
S2140367C8FFF711FD60784FF60272BDE81040062108
S2140367D8FFF75ABEB3FA83F35B09ECE7FFF70EFD40
S2140367E8F0E710BD10B50446406BD0F7EFFB204624
S2140367F8BDE81040FFF7D5BF10B50446406BD0F789
S21403680809FC2046BDE81040FFF7CBBF10B5044689
S214036818406BD0F725FC2046BDE81040FFF7C1BF04
S21403682810B50446002206214078FFF72DFEA3780C
S214036838022B01D0FF2B04D12046BDE81040D2F727
S21403684873B910BD4FF60273994210B5044601D1C9
S214036858FFF7A7FFE378022B02D02046FFF7A1FF36
S2140368682046BDE81040D2F75FB910B5D0F8A4406B
S2140368787CB103791BB14079D2F716FA48B9A388D5
S2140368883BB932222046BDE8104001231146D0F713
S21403689837BB10BD10B50446FFF7E7FFA278237988
S2140368A882B913B12046D2F725FA2046D2F762FA00
S2140368B803236078A4F86C305522BDE810401221F3
S2140368C8FFF7E2BD012B02D12046D2F713FAA379CC
S2140368D8012B02D12046D2F74DFA0123E9E710B57A
S2140368E883780446ABB9FFF7C0FFA3788BB923793F
S2140368F813B12046D2F71EFA2046D2F77FFA0423AE
S2140369086078A4F86C305522BDE810401221FFF7D2
S214036918BBBDB4F86C30022B0DD02379032B02D100
S2140369282046D2F7E7F9A379032B02D12046D2F7FC
S21403693821FA0023E4E72046D2F7A2FAF9E7827899
S21403694883685AB9DB78002B14BF03230423A0F803
S2140369586C30552212214078FFF796BD1A7922B972
S214036968DB78003B18BF0123F1E70223EFE77FB587
S21403697800239E6A0446B6F5C04F0D460CD201A8FE
S214036988D2F72AFC039B5B0506D529462046336CBB
S21403699804B0BDE87040184704B070BD00239B6A76
S2140369A8B3F5C04F05D21B6BB3F5C04F01D29B6836
S2140369B818474FF4817070471FB500239A6AB2F5DB
S2140369C8C04F04D340F2011005B05DF804FB126B08
S2140369D8B2F5C04FF6D2012201A8CDE902338DF8ED
S2140369E80420D2F7F9FB039BDB03EBD5029B1A0EB5
S2140369F8E8D0012A03D1C3F307430A2BE2D90023BD
S214036A089B6A1B6B1B6C9847DEE700230360704783
S214036A1803680B600160704710B538B132B129B10D
S214036A2800230139D45C14B90023037010BD8B42CC
S214036A38FAD200F8014B0133F4E7034638B10020D5
S214036A48814204D01A5C02B970470130F8E77047F0
S214036A584FF0FF31FFF7F1BF70B50C4616460546F3
S214036A6860B15AB151B1FFF7F3FF844206D9211A30
S214036A7832462844BDE87040FFF7CEBF70BDFEE738
S214036A88FEE700239A4200D1704710B550F823401A
S214036A9841F8234001339A42F8D110BDD3F768B8BA
S214036AA84369426CD91C143AB1FBF2F103EBC100FB
S214036AB80330B0FBF2F00230704738B505460C4693
S214036AC8FFF7EEFF6A6CE31D143AB3FBF2F30133E8
S214036AD804EBC30402FB004038BD38B505464469D9
S214036AE82146FFF7EAFF6A6CE31D143AB3FBF2F399
S214036AF8013304EBC304204438BDF7B507460E46F6
S214036B0800257C6CA819644280EA06031C4003D05F
S214036B182C46204603B0F0BDFB6B01225B6901A936
S214036B289847019B0133F4D10435EAE770B5054667
S214036B380C46D4F7F7FDEB6B2046BDE87040DB68E0
S214036B48184770B50025044686B00562E369AB426C
S214036B5802D8206A06B070BD666C2068E36B05220F
S214036B685B6901A906FB0500984701A800F023FC0A
S214036B7800F046FC10B1236A013323620135E5E7CA
S214036B8838B50446456C006804F1400305FB01016B
S214036B98E06B00F042FC05462046FFF7D2FF284686
S214036BA838BDF0B50546002687B0EC69013CB4420B
S214036BB803D80C46204607B0F0BD01B14C1E6F6CD7
S214036BC82868EB6B05225B6901A907FB0400984755
S214036BD801A800F0F0FB00F013FC0028EAD12146D8
S214036BE80136E2E7F0B504460D46466CE36B0068EB
S214036BF887B005225B6901A906FB0500984701A82B
S214036C0800F0D9FB00F0FCFB20B101A800F0AAFBBA
S214036C1807B0F0BD29462046FFF7C3FF0646676C54
S214036C282068E36B05225B6901A907FB0600984702
S214036C3801A800F097FB431CEAD0B54238BF0130E1
S214036C48E6E72DE9F0434FF6FF79D0F824800446AB
S214036C580E46C84514BF45460025002787B0E36996
S214036C68BB4202D807B0BDE8F083E26B2368606CCA
S214036C78D2F814C000FB0530052201A9E04701A895
S214036C8800F099FB022806D0C8450CD1721C294689
S214036C982046FFF775FFE3690135B5FBF3F20137C5
S214036CA803FB1255DBE729462046FFF79BFFB0F1A7
S214036CB8FF3F14BF024632460132E8E70368F0B5E1
S214036CC8CC1A436C0646B4FBF3F4002587B0F36985
S214036CD837685A1E9542706C08D3706C336800FB8D
S214036CE8043007B0BDE8F04000F095BB0134B4FBB0
S214036CF8F3F203FB1244F36B05225B6901A900FB5D
S214036D080470984701A800F056FB00F079FB0028AA
S214036D18E3D10135DBE710B423F0030422449B07D1
S214036D280A44436C18BF04325B4281EA02042342D6
S214036D3803D05DF8044BFFF7C1BF10465DF8044B5C
S214036D4870472DE9F041D0E90A369E42044686B0DC
S214036D5828D11422C369456802FB1355284606B092
S214036D68BDE8F0812068676C331AB3FBF7F3E26B70
S214036D7807FB0300D2F8148001A90522C04701A81F
S214036D8800F019FB012804D0636C1D44013B334013
S214036D98ED1A31462046FFF791FF0646A36AB3422B
S214036DA8E0D1DBE70025F9E708B508301346D1E953
S214036DB80012D4F73DFC012008BD13B50C4600218C
S214036DC821760093616813462246D3F72BF818B149
S214036DD8E37D03B1A07EA075A07D02B010BD73B598
S214036DE8164600F108050C46284609680DF1070201
S214036DF800F098F9032E06D16368834203D1284628
S214036E08216800F076F9012002B070BDD01E009B01
S214036E1842424241187E824211D11A688A420ED8EB
S214036E285A688A420BD35A6901325A61D3E9030274
S214036E3882423FBF986840F8221001321A61012047
S214036E48704710B5032A029C07D1A26A5340626CA6
S214036E585242134201D100F04CF9012010BD08B587
S214036E68C36800209847BDE80840D4F763BC0128E8
S214036E7814BF0420022070B5002442431C70CC7D46
S214036E88101D02F002024CB91AB1012220F00300C9
S214036E981A7000F108034868184470BD1AB1012235
S214036EA820F003001A7000230C7E01F12005DAB2E5
S214036EB8A24201D30020F0E735F833205E1C824255
S214036EC806D901EBC30300F10802D8691044E4E7C6
S214036ED83346801AEBE773B5054690F842601C46BE
S214036EE830460DF10303FFF7C2FFEB6B012E5B6918
S214036EF80DD1324601A998479DF8033013B1BDF862
S214036F0806300193BDF80430236002B070BD012239
S214036F18214602B0BDE870401847F0B50546002480
S214036F284868EB6B87B00E4601225B69029402A998
S214036F3808309847274695F84230012B40F0AC8036
S214036F48632C00F2AB80612C08D805AB2246314689
S214036F582846FFF7C0FF9DF814305BB305AB2246FF
S214036F68314628468DF81070FFF7B5FF95F842307E
S214036F78012B059B7FD14FF6FF72934256D008220A
S214036F8805A904A800F063FA059B9DF81010C3F33F
S214036F98072291424AD1DBB2029A1A44029245E08A
S214036FA8DCD005AB224631462846FFF794FFBDF8EA
S214036FB81430D2E795F84230012B39D1612C2ED8FC
S214036FC822463146284603ABFFF785FF3146284657
S214036FD804AB621CFFF77FFF3146284605ABA21CAD
S214036FE8FFF779FF102208230DEB02010DF10700C6
S214036FF88DF8073000F02BFA102205A90DF10700CB
S21403700800F025FA039BDAB24AB99DF80720B2EBDB
S214037018132F04D1DDE9043203EB0243029395F8F8
S2140370284230012B14BF012302231C44013482E798
S214037038302CF4D822463146284603ABFFF74BFFDD
S2140370483146284604AB621CFFF745FF102320226F
S2140370580DEB03010DF107008DF8073000F0F7F983
S214037068039B9AB2002ADAD19DF80720B2EB134F96
S214037078D5D1049BD2E70133D8D0102205A90DEB4E
S214037088020000F0E4F9059B9DF81010C3F30742CD
S2140370989142CBD19BB27FE7312C81D9029807B0B6
S2140370A8F0BD13B500240194049C0094D3F796FB13
S2140370B802B010BD13B501240194049C0094D3F7C1
S2140370C88DFB02B010BD00234FF0FF3230B5446885
S2140370D89C4202D10023037230BD016801EBC3054D
S2140370E841F833206A600133F2E7C0E90012FFF77C
S2140370F8EABF0023F0B545689D4210D00468DF0058
S21403710854F8332004EBC306B2F1FF3F08D0C2F3AA
S2140371181302914204D14FF0FF33E3517360F0BD7D
S2140371280133E9E70023F0B545689D4202D14FF0E5
S214037138FF300EE00468DE0054F83340671C09D0BD
S214037148C4F31307B94205D1240D147003683344F6
S2140371585868F0BD0133E8E7704770B594002246D7
S21403716805460E460AF018F9431C0AD058B92246B3
S21403717831462846E6F762FB002814BF3D20002068
S21403718870BD6E20FCE77120FAE713B5044601A824
S214037198D5F760FD9DF8063023804FF4807363802F
S2140371A8D5F772FD6060002002B010BDD5F7D2BCDB
S2140371B808B5D5F7BFFC002008BD10B5044644EA59
S2140371C8010313F00303084609D1934201D10020B3
S2140371D810BD54F8231040F823100133F5E7214671
S2140371E89200E6F76FF9F2E710B504460AF0D8F806
S2140371F8431C10D088B9D5F747FD234620F0030073
S2140372082044984201D1002010BD53F8042B0132C4
S214037218F7D03E20F8E76E20F6E77120F4E77047CC
S21403722813B50023044601461B220DF107008DF80B
S214037238073000F00CF922689DF80730B3EBD26FDD
S2140372480CBF0120002002B010BD13B5002304466E
S214037258014620220DF107008DF8073000F0F7F8F5
S2140372680DF107001A22211D00F0F1F862689DF857
S2140372780730B3EB926F0CBF0120002002B010BD9D
S2140372880068431C584258417047006810F07E0F48
S2140372980CBFC0F3C160002070470068C0F3D3106A
S2140372A87047006800F07F0001288CBF002001208B
S2140372B87047036813F07E0F14BF04200820704736
S2140372C8036813F07E0F03D1406820F07C407047B4
S2140372D813F078001CBF03F07F03D81F70470068BD
S2140372E800F07F007047032809D0022803D1C1F1B4
S2140372F80201C8B2704700290CBF07200020704758
S21403730837B5054601F10C04436969460122204650
S2140373189847BDF80030012201932046AB6901A9BE
S214037328984703B030BD37B501F10C044369012211
S21403733869460546204698474FF6FF72009B99B262
S21403734891420DD16FF30F0343F4254343F0A5038E
S214037358019301222046AB6901A9984703B030BDC3
S2140373680020FBE737B5044600251B22011D0DF157
S21403737807008DF8075000F06AF860689DF8072044
S214037388B2EBD06F03D120F0784003B030BD0DF1D7
S21403739807001B2204F108018DF8075000F057F880
S2140373A8A0689DF80730B3EBD06F01D1C043EAE776
S2140373B84FF0FF30E9E74BF29A22036810B5B2EBB9
S2140373C8134F044613D19BB2012B13D1FFF7CAFF01
S2140373D801300CD04FF6FF72E068B2EB104F4FEA5D
S2140373E8104309D180B2C01A18BF012010BD236804
S2140373F8013303D00420F9E70220F7E70320F5E773
S21403740801288CBF002001207047033801288CBF51
S214037418002001207047143070472DE9F0410546D7
S2140374289846036908460E4617469847044638B9E9
S21403743843463A4631462846D4F7ECF9044618B18B
S21403744831462846FFF75CFF2046BDE8F0811F2A31
S2140374580B689EBF4FF0FF3191408B43590801F0EC
S21403746855315B1A03F033319B0803F033330B446F
S214037478017803EB13130A444FF0013103F00F337B
S2140374884B43A2EB13620270704708B507F098FDEA
S214037498BDE808400021D4F7BBBB0029CCBF0121B7
S2140374A80021D4F7B5BB02214FF42070D4F786BE6B
S2140374B8704770470020D4F721BF0120D4F71EBFBA
S2140374C8704770B5054614460E4609F0B4FC2B689B
S2140374D85C4034405C402C60BDE8704009F0A6BCB4
S2140374E84369DB01FCD4012300F500504360704771
S2140374F8022A10B54FF0000405D9033A022A0CD91C
S2140375080360047110BD11F4000218BF4FF07F42E8
S21403751821F07F4313430C0EF2E721F0FF03CCB2AE
S214037528EEE730B4012500F5805344685D60CB78F8
S2140375384D785B0443EA05230D7889782B430904C1
S21403754801F480310B43C0F89830E30702D430BC0B
S214037558FFF7C6BF30BC704738B50C460546FFF77D
S214037568BFFF23781146627803F0070343EAC20392
S214037578E278284643EA0223A278120102F0300290
S21403758813432B67EB6AA27923F48B3323F48073B4
S21403759843EA02432279120202F4E0621343627951
S2140375A8120302F480521343EB62FFF7BAFF012378
S2140375B805F580525360E27902B1EB6038BD08B531
S2140375C80A6FC96F02F00702FFF792FF08BD4FF074
S2140375D850234FF400321A6770474FF0B0435A6887
S2140375E812B19A6A002AFAD1704770B5054614464E
S2140375F80E4609F020FC2B685C4034405C402C6047
S214037608BDE8704009F012BC0122417803788A402D
S21403761830214B4342F2100103F1A04303F57033C4
S2140376285A50704721FA00F2D20730B5034600F0E5
S214037638FC040FD500220132D2B2042A02D14FF03D
S214037648FF3008E0831803F00303234421FA03F505
S214037658ED07F0D4184630BD002070470020704769
S21403766800207047002070470120704701207047AC
S2140376780F207047E6F704BC00207047FFF7FCBFEF
S2140376880020704770470020704700207047C36883
S2140376981944836853F8210030F8023B1360704797
S2140376A8012310B580F888300378044653B100F0F8
S2140376B861FA21462046D5F74BFE2046BDE8104022
S2140376C800F04DBA10BD38B50D460446D5F728FE6A
S2140376D86B682046C4F8B032A96800F096F94FF0F4
S2140376E8FF332046C4F8B432FFF7CDFF38BDD0F8D1
S2140376F8B43210B50133044601D0002010BD00F0A3
S214037708BCFAC4F8B4020130F7D194F8B80280F092
S2140377180100F3E708B5D5F73FFE08BD0A78013838
S2140377282D2A0ABF012200228918D5F791BE0728F9
S2140377381BD8DFE800F0060A0D10131504170120FE
S214037748704700220820D5F783BE00221020FAE7E8
S21403775800222020F7E70820FFF7E0BF1020FBE70A
S2140377682020F9E70846D5F7D5BE002070472DE94F
S214037778F74307280C46DDE90A7690461D4608D8DF
S214037788013806280AD8DFE800F01D27303A4457A0
S2140377984A00212850D003B0BDE8F08300222046D3
S2140377A81146E5F7CBFC3368C0B205EB83013A68AC
S2140377B845F82300013348F8221033603B68013349
S2140377C83B60E8E7002220461146E5F7B7FC336836
S2140377D880B205EB8301EAE7002220461146E5F767
S2140377E8ADFC336805EB8301E1E70022204611462A
S2140377F8E5F752FE336840B205EB8301D7E700226C
S21403780820461146E5F748FE336800B205EB8301C8
S214037818CDE7002220461146E5F73EFEE1E70023C2
S21403782889461E461D468DF8063019F8013F7D2BFE
S21403783806D125702D0A65703B6848F82340BDE7D6
S214037848202BF2D006F00102013612B98DF8043067
S214037858EBE71022002101A88DF80530E5F71CFE9A
S214037868631901359870ADB2DFE72DE9F04F9B46F3
S214037878002385B08B45814688469246CDE9023378
S2140378886BDC1A461E4619F80340212C09D81F2C10
S21403789804D8103C072C98BF012200E001260133C8
S2140378A8F1E7FF2CFBD15B4436B1013B43450ADDC8
S2140378B82B2005B0BDE8F08F62B1013B4345F7DCEA
S2140378C83546374602E000252F462E46454504DB57
S2140378D80020EEE79845F3D0EAE75D453BDB19F869
S2140378E80730202B18D109EB07035B78FF2BDFD172
S2140378F8CEB920465AF82510FFF719FF78B303AB1D
S214037908019302AB00932046DDE90E235AF82510AF
S214037918FFF72DFF0135D9E7212B0ED109EB070316
S2140379285B78FF2BC4D1029B5AF825200E990126B3
S21403793841F8232001330293ECE7A3F11004072C44
S21403794802D91C460137D3E709EB07035B78FF2BFD
S214037958AED1E4B2CCE70624CAE72120A9E726205D
S214037968A7E72DE9F04F07460E4615469846044600
S21403797885B0DDF84490DDE90FAB206808B3DAF884
S2140379880020D8F800108A421BDA0E9B53F8221000
S214037998D2F722F848BBDAF800200132CAF80020EA
S2140379A86268117BFE291BD10E9B10680121009388
S2140379B82A464346CDE902B9CDF804A0FFF7D1FF1E
S2140379C804462B7843B999F800302BB97EB10123C6
S2140379D83C4689F800302B70204605B0BDE8F08F8A
S2140379E801238BF800302B70EBE70C34C5E73446DD
S2140379F8F2E710B50446236803B910BD237A13B912
S214037A082046D5F7BDFD0C34F5E710B541B10A7924
S214037A1832B901249C300C71FEF7FAFF204610BDDC
S214037A280020FCE72DE9F041BAB005460AAA084645
S214037A3803A900F05FF90446B0B90DF10A030193F0
S214037A480DF10B038DF80A0000930AAA284604AB27
S214037A5803A9D5F745FF9DF80A20B2B19DF80B2078
S214037A6848B12AB1D5F78CFD20463AB0BDE8F08177
S214037A78FFF7BFFFF8E7D5F89C50002DF4D0A868A9
S214037A8808B1FFF7B6FF2D68F7E700B346681AABE9
S214037A9806F10C082AAF01934046049B0399009706
S214037AA80AAAFFF7E2FE04460028DDD1039B05A8D1
S214037AB8CDE90637049B0595CDE90838D7F700FACC
S214037AC805A83368984705A800F03FFDCCE72D24A2
S214037AD8CAE710B50446AC30E5F760FA04F1AB0321
S214037AE81A180020934200D110BD13F8011F00296D
S214037AF8FAD00A2908BF0130F4E70023F0B50B6073
S214037B0813600646D0F8AC0278B196F8AC0060B1BC
S214037B18012406F1AC07D6F8AC02844210D306F16A
S214037B28AC00B3F5007F10D30120F0BD0D68013516
S214037B380D60156801351560F85C01330A2802D014
S214037B48B3F5007FF2D30134E5E7C15C0A29EBD02D
S214037B580029E9D01168013301311160E1E710B556
S214037B680021D0F88C200446E5F71CFB0023C4E963
S214037B78243310BD73B5044600F1AC0580212046B6
S214037B88FEF75BFF4FF4007106462846FEF755FFDF
S214037B980136C0F50070864220461FD8E5F7FEF981
S214037BA806462846E5F7FAF901362946421CA81977
S214037BB8E5F74AFB2046E5F7F1F92146024628464B
S214037BC8E5F780FC2046E5F7E9F90A23204480F820
S214037BD8AC300023C4F8AC3202B070BDFFF779FFAF
S214037BE801AAC4F8AC0269462046FFF786FF0022BE
S214037BF8009B234483F8AC20C0E773B50D460446C0
S214037C08FFF767FF6B1C19D1D4F8AC3213B1013BED
S214037C18C4F8AC3200252046E5F7C0F9A84215D8C3
S214037C282046FFF79CFFD4F8AC322BB169462046B2
S214037C3801AAFFF762FFA0B902B070BD012DFBD100
S214037C48D4F8AC328342F7D20133E1E7082000F0D8
S214037C5823F8202000F020F8082000F01DF801354E
S214037C68D9E7009D04F1AC06019BAB42E4D9715DEC
S214037C782046D5F763FF0135F6E707B500200DF173
S214037C88070100F0E7F820B99DF8070003B05DF890
S214037C9804FB4FF0FF30F9E710B5C1B204460020E5
S214037CA800F0C8F800280CBF20464FF0FF3010BD80
S214037CB80FB407B504AA52F8041B00200192D6F79E
S214037CC8E1F8002003B05DF804EB04B0704710B584
S214037CD84C1C0B460119045D222C03D07B2C01D0C7
S214037CE85C2C05D1D21A1844E5F7AEFA012010BD6C
S214037CF80020FCE72DE9F047054691468846E5F758
S214037D084DF92A4606461346197801322029FAD031
S214037D18C9F800305C1B01236FF0404AC8F80030EE
S214037D28A64201D8002014E02F5D29197B2F12D014
S214037D38222F2ED1D8F80030621C53442A4449F81F
S214037D482320012C09D911F8013C13F0DF0F04D0C6
S214037D582120BDE8F0877D27F3E701342B5DBB427E
S214037D6809D12B195B7813F0DF03F1D1222F00D149
S214037D782B550134D4E75C2B07D1324621462846D7
S214037D88FFF7A5FF0028E3D0013E0134A642E5D855
S214037D98DEE75C2F08D1324621462846FFF797FFD1
S214037DA80028D5D0013EE4E7202FE2D10022631C49
S214037DB8B3420A70DDD2EA18EB5C202BD9D0D8F888
S214037DC800300F2B05DC49F823200133C8F80030B0
S214037DD8CFE71E20BDE700F000B800207047D1F7B4
S214037DE8E9BD70B50C46154610B9D6F73FF838B155
S214037DF843682BB12A462146BDE8704000681847F9
S214037E08232070BDF7B50D4616461C4638B9D6F777
S214037E182DF804B901AC20B9232003B0F0BD03B98B
S214037E2801ACC768002FF7D02346324629460068B8
S214037E38B847F2E707B501228DF807100DF10701D9
S214037E48FFF7CFFF03B05DF804FB0B460146184661
S214037E58FFF7F0BF00230122FFF7D4BF08B509F0E8
S214037E6877F8FA23B0FBF3F080B208BD0420704716
S214037E7840F20160D6F7F0B870470120704700203B
S214037E88704749BA89B280EA0103C3F30312534021
S214037E98180380B258405B0103F4FF5358407047F9
S214037EA808B5D6F7DBFC58B1A0F15903042B06D85E
S214037EB8042B04D8DFE803F00404040304005C205E
S214037EC808BDD6F70DBE7047F8B50C468D180735AE
S214037ED852421540A5F108070646384600F0DFF972
S214037EE8A188381B628801EBE00189B2A2EBE002A5
S214037EF825F8041C25F8062CA288C310AAB1A4EBFF
S214037F08C202B2F802C0D18003EB0C015180E288AA
S214037F1892B1D31A9BB204EBC20425F8023CA380A1
S214037F28B3680344B3603846F8BD15F8082C42F026
S214037F38020205F8082CEAE725F8022CF0E72DE9F3
S214037F48F04F4FF0000887B09946531C109B054620
S214037F58174614BF14460824CDF81480002B00F0E7
S214037F68C580C3F80080002900F0C28042688A42B0
S214037F7840F2BE80073121F0070608F069FF05AA1C
S214037F88CDE9008282463A464B463146284600F0FB
S214037F988AF9059F834607B130B9504608F053FF60
S214037FA8192007B0BDE8F08FB7F8028029694FEAB1
S214037FB8C802C0EBC8080139B8F1270F29617AD976
S214037FC8B9F1000F51D1864206F1080848D0224677
S214037FD839462846FFF778FF04460590059B9844DC
S214037FE8404600F05CF9059906F10F004A88C30875
S214037FF8A2EBD002A8F80220CA88A8F80430002A00
S21403800830D0D31A9BB201EBC202A8F8063093808D
S2140380188B88F608A380B8F804303A46E3804146CE
S21403802800232846668000F0A6F9AB680833AB60E1
S214038038237843F0010323702B6901332B6162888D
S214038048AB68504603EBC203EA68AB60934288BF4B
S214038058EB6008F0F8FE109B083400201C60A0E7CD
S2140380683C46BBE7A8F80620D2E707EB08042046F9
S214038078039200F014F90BF10703DB0805996380F4
S21403808808F10703DB08A380CB8893B1DB00039AC8
S214038098D81D821A5A44C2F3CF020B44E2809A8050
S2140380A8A38808F1FF384FEAD808A1F80280CB80E6
S2140380B8BBE7E380F4E7B9F1010F1BD107F1080327
S2140380C8B3FBF4F204FB1233B3B12246394628460F
S2140380D8FFF7FAFE044623783A4643F00103237073
S2140380E821460123284600F046F9A8E7222058E748
S2140380F8212056E78642E8D13C46ECE707B500223E
S2140381084FF0FF3101AB0192D6F72AF9019803B075
S2140381185DF804FB2DE9F74F04460D46002900F0E9
S214038128AB80D0E9056808F093FE15F8087C35F8A7
S214038138061CFB07009000D531B9009808F083FEAB
S214038148012003B0BDE8F08FA368D4F8109035F883
S21403815804ECA3EBC10B09F10103A5F1080C4A1CB7
S214038168C4F808B02361BEF1000F7BD0ACEBCE0396
S214038178D888B3F802A00190187807F00207C0075A
S21403818865D4002F64D10198A0EB0A07012F69D1A3
S2140381988A1CABF108075244C4F81090A76035F858
S2140381A802ECBEF1000F61D0D4E900700CEBCE0AE6
S2140381B807EB0009CA4559D21CF83EC057461CF0BF
S2140381C8010C15D1AEEB0101012911D1BAF8021041
S2140381D8AAF802C001310A44BAF80610002943D0A7
S2140381E80AEBC107216901392161A1680839A16031
S2140381F815F8081C013A21F0010105F8081C0021AE
S21403820825F8061C5A801A7861F300021A707FB3A1
S214038218C3F107023A44C2F3CF02DA80BA804EB3F8
S214038228B34227D37288002A08BF1E46B8F1000F48
S21403823806D0434504D8B8F80220002A18BF434698
S2140382480098C4E9056308F0FEFD002079E74FB1FE
S21403825815F8087C724427F0020705F8087C0027FF
S2140382689F809CE763469AE70F46BBE70027BFE76E
S214038278DF80D4E71E46D9E7222062E710B5044616
S214038288D6F786F82146BDE81040FFF743BFFFF749
S214038298F5BF0846FFF732BF0846FFF7F8BF0023C7
S2140382A8036043607047F0B5D0E90554561C08BF11
S2140382B80822002B4FF0000008BF2C46DDF818C034
S2140382C8CCF80000002C37D09DF814706588FF00A2
S2140382D807EBC505C2F1000E2078C00708D51BBBFF
S2140382E8E088A0B104EBC004658807EBC505F3E78F
S2140382F88D42F4D363B904F10806B6FBF2F002FB29
S214038308106670180EB1A842EAD8CCF80040F0BD43
S214038318082A0FD06088013004EBC000461A06EA24
S2140383280E06801B8542F0D2A0880028EFD0A4EB67
S214038338C004D9E70846E8E72046E8E703460069A5
S214038348C0B10AB951B91A6810460378DB0711D5C4
S21403835831B9C3885BB100EBC300F6E79A69F3E764
S214038368012904D1838823B1A0EBC300EDE70020DD
S2140383787047184670472DE9F041D0E9055407467B
S21403838888461646ABB1954200D00ABB4246002142
S2140383983846FFF7D3FFB442054600D02EB9424607
S2140383A801213846FFF7CAFF0446C7E90554BDE866
S2140383B8F081954208D08D4228BF0D46B44205D0B9
S2140383C8444538BF4446F0E70D46F7E74446ECE72E
S2140383D89442EAD1E3E770B500261C46C3E90001D8
S2140383E8C3E90266C3E905001E611A775E62FFF7F2
S2140383F856FF23690139C908013341802361A368FD
S21403840830460833A360E3680833E36070BD00238F
S21403841807B5684600938DF80430D4F701F803B01F
S2140384285DF804FB10B508F006FD044606F036FEB4
S2140384382046BDE8104008F0F9BC70474FF4C870F2
S214038448D6F72EB8D6F716B900F01CB8704770479B
S21403845808B503F08FFA03F097FA03F09EFA03F0D1
S214038468ADFABDE8084003F0BABA704708B503F09A
S2140384787CFA03F07BFA03F07AFA03F07AFAFFF74A
S214038488F4FF08BD08B503F0ABFA03F0AAFA03F045
S214038498AAFABDE8084003F0ADBA70470120704752
S2140384A82DE9F34112F001050446884622D110F05F
S2140384B8030525D12F465208BA4209D1D4F73AFB09
S2140384C80026B74204EB860008D1D4F743FB11E035
S2140384D854F8273001330CD10137EDE7042258F856
S2140384E826300DEB0201019308F056FF30B1D4F79E
S2140384F831FB3D25284602B0BDE8F0810136E0E7AA
S2140385080125F7E77047B0F1006F0FD300F0784303
S214038518B3F1006F0CD000F06040B0F1404F09D0C3
S214038528B0F1604F14BF0420032070470020704743
S2140385380120704702207047002070471AB111B116
S21403854880B2D6F7CDBA2120704701F094BEDFF784
S2140385587DB9FFF78DBCD0E9023253F822300021EB
S2140385681878DEF7C5BD704702F0D5B901F015BE19
S214038578C3688268013BDBB252F823305B78652B0D
S21403858802D10020E1F704B96E2B01D10120F9E7E7
S214038598662B01D10220F5E7704710B5D0E9023201
S2140385A8044653F82230187802F09FFAE368A26864
S2140385B8013352F82330BDE81040187802F093BA16
S2140385C810B50446C0B2D7F759FC200ABDE81040D8
S2140385D8D7F754BCD0E9023253F822301878D7F7C5
S2140385E855BD02F032BADFF7D1BD08B501F0F6FE85
S2140385F8BDE80840E0F7BABFD0E9023253F82230A4
S214038608186801F0E9BE0020E1F7B6B80120E1F7E3
S214038618B3B80221D7F7D0BC0321D7F7CDBC0521C1
S214038628D7F7CABC08B501460C20D7F7A1FCBDE8A6
S2140386380840D7F72FBC08B501460020D7F798FCA3
S214038648BDE80840D7F726BC07B5C2688368043276
S21403865853F8223001211B880DF10602ADF80630C7
S2140386680023D8F72DFA03B05DF804FB08B508F025
S21403867883FCBDE80840EDF71DBB10B51446D8F7D4
S2140386883BFD2146BDE8104008F0DCB908B5D8F72D
S21403869833FDBDE80840002108F0D4B908B5D8F77B
S2140386A82BFDBDE80840ECF71BBE08B5D8F724FD3C
S2140386B8BDE80840ECF700BE7047704708B508F0F9
S2140386C85BFCFFF7FAFF03F0EFF9BDE80840D8F7BD
S2140386D85FBD7047012070470120704708B5D8F77B
S2140386E8F3FD00280CBF0420012008BD70472DE9C0
S2140386F8F34104460D4616461F46DDF8208008F06B
S214038708D3FC3B46324629462046CDF8008003F084
S214038718CCF93B46324629462046CDF80080FFF77B
S214038728E5FF02B0BDE8F04101F0A5BD2DE9FF471E
S21403873804460D4616461F46BDF830809DF834900D
S214038748DDF838A008F0B0FC3B46324629462046FA
S214038758CDE9019ACDF8008001F040F804B0BDE8F1
S214038768F04701F088BDF8B504460D4616461F4681
S21403877808F09AFC3B46324629462046DEF7F2F9CD
S214038788044601F078FD2046F8BD70472DE9F3410D
S21403879804460D4616461F46BDF8208008F084FC9E
S2140387A83B46324629462046CDF8008003F080F93A
S2140387B833464246294620460097FFF7E6FF02B0AF
S2140387C8BDE8F04101F057BD704708B508F06CFCEA
S2140387D803F06FF9FFF7F8FFBDE8084001F04BBD5B
S2140387E8012070472DE9F74304460D4616461F46F3
S2140387F89DF8289008F058FC3B4632462946204602
S214038808CDF80090FFF7ECFF80463B4632462946F4
S2140388182046CDF8009003F04DF901F02CFD4046B4
S21403882803B0BDE8F083012070472DE9F7430446FB
S2140388380D4616461F469DF8289008F035FC3B461D
S214038848324629462046CDF80090FFF7ECFF8046CF
S2140388583B46324629462046CDF8009003F02BF9CE
S21403886801F009FD404603B0BDE8F083F8B50446B9
S2140388780D4616461F4608F017FC3B463246294661
S214038888204603F019F9BDE8F84001F0F4BC0020CF
S2140388987047F8B504460D46164608F005FC3246FA
S2140388A829462046FFF7F3FF074632462946204661
S2140388B803F003F901F0DFFC3846F8BD38B5044683
S2140388C80D4608F0F1FB2946204603F0F7F8BDE805
S2140388D8384001F0D0BC10B5044608F0E5FB204646
S2140388E803F0EDF82046FDF703FEBDE8104001F05F
S2140388F8C2BC704738B504460D4608F0D5FB294672
S214038908204603F0EBF829462046FFF7F2FFBDE8BA
S214038918384001F0B0BC704770B504460D4616469D
S21403892808F0C2FB32462946204603F0D9F83246F9
S21403893829462046FFF7EFFFBDE8704001F09BBCD1
S214038948704738B504460D4608F0AEFB2946204660
S21403895803F0C8F829462046FFF7F2FFBDE838407B
S21403896801F089BC70472DE9F34104460D461646C7
S2140389781F469DF8208008F097FB3B46324629465B
S2140389882046CDF8008003F0AFF83B46324629462A
S2140389982046CDF80080FFF7E5FF02B0BDE8F041BA
S2140389A801F069BC704738B5054608F07DFB2846D4
S2140389B800F0E1FE04460146284601F0AAFF01F04E
S2140389C85AFC204638BD38B504460D4603F08DF8E4
S2140389D829462046FFF7E6FF38BD704738B50546F3
S2140389E808F062FB2846DEF7DDFE04460146284605
S2140389F801F08DFF01F03FFC204638BD38B504462C
S214038A080D4603F073F829462046FFF7E6FF38BD00
S214038A18704710B5044608F047FB204603F067F88E
S214038A282046FFF7F5FFBDE8104001F024BC704769
S214038A3838B504460D4608F037FB2946204603F0AA
S214038A4857F829462046FFF7F2FFBDE8384001F0FD
S214038A5812BC704770B504460D46164608F024FB4C
S214038A6832462946204603F044F83246294620462D
S214038A78FFF7EFFFBDE8704001F0FDBB704738B560
S214038A8804460D4608F010FB2946204603F032F844
S214038A9829462046FFF7F2FFBDE8384001F0EBBB56
S214038AA8704738B504460D4608F0FEFA29462046B0
S214038AB803F021F829462046FFF7F2FFBDE83840C1
S214038AC801F0D9BB704710B5044608F0EDFA204606
S214038AD803F012F82046FFF7F5FFBDE8104001F053
S214038AE8CABB704710B5044608F0DEFA204603F002
S214038AF804F82046FFF7F5FFBDE8104001F0BBBBBE
S214038B087047704770B504460D46164608F0CCFA0B
S214038B1832462946204602F0F3FF324629462046C7
S214038B28FFF7EFFFBDE8704001F0A5BB704710B52F
S214038B38044608F0B9FA204602F0E3FF2046FFF79A
S214038B48F5FFBDE8104001F096BB704738B50446FC
S214038B580D4608F0A9FA2946204602F0D3FF29460F
S214038B682046FFF7F2FFBDE8384001F084BB7047A4
S214038B78F8B504460D4616461F4608F095FA3B46D2
S214038B8832462946204602F0BFFF3B463246294670
S214038B982046FFF7ECFFBDE8F84001F06CBB7047D2
S214038BA870B504460D46164608F07EFA3246294640
S214038BB8204602F0AAFF324629462046FFF7EFFF73
S214038BC8BDE8704001F057BB70472DE9F3410446F2
S214038BD80D4616461F46DDF8208008F065FA3B4624
S214038BE8324629462046CDF8008002F08FFF3B46E2
S214038BF8324629462046CDF80080FFF7E5FF02B047
S214038C08BDE8F04101F037BB0E2070470E207047D1
S214038C1838B5044608F048FA2046FFF7F7FF054636
S214038C28204602F074FF2046FFF7EEFF01F023FB11
S214038C38284638BD704710B5044608F035FA20466E
S214038C4802F066FF2046FFF7F5FFBDE8104001F087
S214038C5812BB002070470020704738B5044608F05A
S214038C6823FA2046FFF7F7FF0546204602F051FF92
S214038C782046FFF7EEFF01F0FEFA284638BD704798
S214038C8808B508F011FA02F045FFFFF7F8FFBDE84C
S214038C98084001F0F0BA002070477047704708B5DF
S214038CA8D8F7E4FB00280CBF0420012008BD704752
S214038CB80B68DA7B1AB9DB7C0BB9D8F7FBBB8120C8
S214038CC8704708B5D8F70EFCBDE80840D8F718BCB7
S214038CD87047D8F707BCD8F713BC082808D84FF44A
S214038CE88B73C34013F0010F0CBF2120002070477D
S214038CF8212070470121D8F7F5BC0221D8F7F2BC2A
S214038D080421D8F7EFBC0821D8F7ECBC1021D8F714
S214038D18E9BC01207047D0E9023253F822301878AC
S214038D28D8F78CBE0868C37B1BB9C37C0BB9D8F7C6
S214038D38B5BE81207047D0E9023253F8223018783E
S214038D48D8F7EEBE704730B50546044615F8100B3F
S214038D5885B0029565691D44CDE900250B46A21D1D
S214038D68618801F036FE05B030BD704710B492F83E
S214038D780A4192F8053103EB04230B8100235DF8BF
S214038D88044B1A4601F023BE1FB50446084671B1C4
S214038D982178FF290BD0238B029363690193237CE5
S214038DA800936288A31DDEF719FDFF23237004B022
S214038DB810BD0868C37B73B9C37C032B0BD8DFE8E5
S214038DC803F002080406D9F7ABB9D9F7DBB9D9F724
S214038DD80BBAD9F7B9B98120704770477047002096
S214038DE87047137810B5032B0CD15479CBB29C4239
S214038DF808D19379B3EB112F04D153781B1A584231
S214038E08584110BD0020FCE77FB505460E460024F2
S214038E186946E0B201F083FD28B96A46314628461A
S214038E28FFF7DFFF18B90134202CF1D1002004B076
S214038E3870BDFFF7E9BF0868C37B9BB9C37C052BE6
S214038E4810D8DFE803F0030D070B0905D9F770BA46
S214038E58D9F7ACBCD9F706BBD9F758BCD9F7D6BBF4
S214038E68D9F7A8BA812070470020704730B5102577
S214038E7887B001AA00210195FEF709FC04462A4695
S214038E88002102A8E4F78EF92A46214602A8E4F749
S214038E98DBF9012102A8D9F767FE07B030BDD9F779
S214038EA8F5BD7047FFF7FDBF0B68DA7B5AB9DB7C65
S214038EB8012B04D0022B04D02BB9DAF779BADAF7E8
S214038EC883BADAF78DBA81207047002307B50121E4
S214038ED801A80193D0F7A2FB08B9D0F793F90120AC
S214038EE803B05DF804FB08B502F06EFA052803D054
S214038EF8003818BF012008BD0220FCE77047D0E9F8
S214038F08023253F822301878003818BF0120DBF7EE
S214038F18E7BDDBF7EBBD00207047002070477047BE
S214038F28FF207047FF2070470020704700207047D7
S214038F3800207047704706207047DBF78FB808682D
S214038F48DBF768BD70B50D4604460021284616466D
S214038F5801F076F9324620800221284601F070F99E
S214038F68324660800421284601F067F90023A3608F
S214038F78E3606060082070BD034641B181424FF04C
S214038F88640005D94343B3FBF1F0C0B27047084603
S214038F987047DBF7B9BDDCF7AFBBDCF7B7BCB0F59A
S214038FA8807F05D0A0F500735842584140017047AA
S214038FB80820704730B599B00D4669461446DCF765
S214038FC809FC30B915B1BDF802302B600CB10D9B06
S214038FD8236019B030BD2DE9F04788B00E46904699
S214038FE804A905AA07461D46FFF7E4FF044638BB4F
S214038FF828800DF10C09DDE904A39A4520D2062240
S21403900851463846CDF8009006ABDCF7FFFBD8B9D7
S214039018039B062B18D12A88DDF81A3042450ED250
S214039028BDF8181026F832102A8806EBC2025360D9
S2140390382A885344013206332A800493DBE7F7D998
S214039048204608B0BDE8F0870124F9E72DE9F04388
S2140390588FB00F46904601A9002204469946FFF7AB
S214039068A9FF18B101200FB0BDE8F08306222046F9
S2140390780DF1020302A9FFF7AEFF0028F2D1054659
S2140390880246BDF80210019CEEB28E42EAD20EAB3F
S21403909803EBC60656F82C3C36F8306C0634BE424C
S2140390A817BFE418012213460022013522B1C8F877
S2140390B80040C9F80030D6E71A46E5E770B500243D
S2140390C8012602F05BF9E5B2C26806FA05F5954291
S2140390D8234604F10104F4D3D8B270BD70B586B044
S2140390E8DCF7C6F900F11006E1F7BAFD00240546D9
S2140390F8142201A9301902F048F91CB99DF8043066
S214039108FF2B16D0002303F118026A4412F8142C16
S214039118FF2A06D11C44601E90FBF5F080B206B009
S21403912870BD2B44DBB2132BEDD91434B4F5826F20
S214039138DED14FF0FF30F2E7DBF7D0BF07B50422E6
S2140391480DEB020102F021F9019803B05DF804FB68
S21403915837B5054608460C46FFF7F0FFA84206D083
S214039168042220460DEB02010195E1F7CBFD03B07F
S21403917830BD07B50B460092002102460120DCF7F6
S2140391883FF803B05DF804FB08B50121DBF770FF71
S214039198BDE80840E1F762BFDCF7AEBA08B5FFF7EB
S2140391A8F3FF002008BD08B513460A4601461846CD
S2140391B8DCF7BAF880F00100C0B208BD002070479B
S2140391C8704708B1DCF7B8BB704730B4DDE9024531
S2140391D81DB1029430BC00F0C6B930BC70471F28D6
S2140391E804D8142200F5A030D5F744BD70471F28CD
S2140391F804D8142200F5A030D5F768BD70471528A3
S21403920808B505D1FFF7DCFFBDE80840DCF7DABC94
S21403921808BD10B5142486B02246002101A8E3F73A
S214039228C1FF2023224601A94FF4A03001F095FC84
S21403923806B010BD0020704713B500230C461A4627
S2140392480146CDE90033E0B2DDF780FA02B010BD7F
S21403925813B500231446019001220093E0B2DDF70C
S21403926875FA02B010BDD0E9023253F822301868F6
S214039278DDF7E4BB194491420ADC4218002003B91F
S214039288704712F8011D013B01EB0020DBB2F6E73D
S214039298002070472DE9F04F4FF0000A85B0019380
S2140392A881460F4615465346019A11785FFA8AF2A5
S2140392B8914203D8002005B0BDE8F08F019909EB69
S2140392C8050801EB4202517892F802B011F0400407
S2140392D8009101F03F061BD0AC19BC42D4BF002452
S2140392E8012433466400A20740F18880009B1B06CE
S2140392F840F192800E9B324603EB0B000021E3F706
S21403930851FF3D4600231D44ADB20AF1010ACBE7DF
S214039318042E07D866B1B31E022B0BD8DFE803F07A
S214039328122130003E2E37D03F2E5BD03D2E4BD039
S2140393380320C0E7BD4234BF00240124012664008D
S2140393483346D0E7AB1CBB4250DC02233A462946D9
S2140393584846FFF78FFFADF80A0002230DF10A0807
S214039368C1E7EB1CBB4243DC03233A46294648467F
S214039378FFF780FF0390042603230DF10C08B2E7DA
S2140393882B1DBB4236DC04233A4629464846FFF7DC
S21403939871FF03900423F0E77A1E95422CDA022322
S2140393A83A4629464846FFF765FF4FF6FF7380B2ED
S2140393B898420EBF0223023083B25C19A742B4BF99
S2140393C80324012404268EE7BD4215D298F80030FC
S2140393D8FF2B0CBF01230133EC18BC42CCBF03247C
S2140393E80124EFE70124042600237CE73446B4E788
S2140393F80224C0E70224CDE70324E3E70E9A02EB30
S2140394080B0014B142F80B807DE7324641460093C1
S214039418E4F758F8009B76E702204CE710B51446A5
S21403942886B018811A460A9B0291CDE903430123A5
S2140394380193099B014600930320BDF82030DDF70E
S2140394481BFC06B010BD1FB500240294079C0194AC
S214039458BDF818400094FFF7E1FF04B010BD2DE9EE
S214039468F0410E461746054686B098B391B38AB3BD
S2140394784FF0000802A95FFA88F001F050FA044694
S21403948840B99DF80830032B08D008F10108B8F155
S214039498200FEFD1204606B0BDE8F0819DF80920DD
S2140394A82B799A42F1D1BDF80A206B889A42ECD1FF
S2140394B89DF80C30BDF80D006B7128812B462246AB
S2140394C84FF6FF71CDE90067FFF7BDFF0028DCD034
S2140394D80446DFE72124DDE710B586B00A9C04942A
S2140394E89DF824400394BDF8204002940124CDE956
S2140394F8003413460A4601460620DDF7BDFB06B0D0
S21403950810BD1FB504460846194600230094CDE946
S2140395180123079BBDF81820FFF7DEFF04B010BD34
S214039528F0B5022805460E4614461F468BB00AD1E8
S21403953806A9F0B201F0F3F998B99DF8193023712A
S2140395489DF81C306371119B224604930023CDE9D2
S21403955802330193109B3146009328463B46DDF7BA
S2140395688BFB0BB0F0BD13B500240194049C009448
S214039578FFF7D6FF02B010BD2DE9F045064688462C
S21403958814469A46002701258BB006A9F8B201F0BF
S214039598C6F920BB9DF81830012B19D19DF8192060
S2140395A833799A4214D1BDF81A2073889A420FD198
S2140395B89DF81C3032467371B9B2CDE9030ACDE97A
S2140395C80100434602200094DDF756FB054610B912
S2140395D80137202FD9D128460BB0BDE8F0850546BC
S2140395E8F9E70023FFF7C8BF10B50446DEF722F9EC
S2140395F80021631E04F10F0213F8010FFF2808BFAA
S21403960819709342F8D10023237410BD00207047C5
S21403961870B506461D46DDF781FF044608B92120C6
S21403962870BD3046DEF748FA0028F8D0A0682A4608
S214039638FF21FFF722F89DF81030002063719DF88C
S2140396481430A371ECE713B59DF81040CDE9003448
S21403965813460122FFF7DCFF02B010BD08B5DDF79D
S2140396685DFF28B18068FF21FFF718F8002008BDC2
S2140396782120FCE70122FFF7F1BF1FB50B466A4618
S2140396880146184601F041F96A460823002032F8D5
S214039698021B013B13F0FF0380EA0100F7D1012800
S2140396A838BF012080B205B05DF804FB2DE9F04F02
S2140396B887B0DDE9109B05468846484619461F4687
S2140396C81446BDF848609DF84CA0FFF7D6FF042D56
S2140396D80346ABF800001AD8022D1DD9042D07D06F
S2140396E84FF2F222A188914222D1E28891071FD530
S2140396F8E17A0022CDE9013720463346CDE90392C5
S214039708CDF800A001F056F907B0BDE8F08F6A1F40
S214039718012A11D92120F7E700224146CDE9119203
S21403972828462246109707B0BDE8F04F01F051B916
S2140397384FF6FF760C21DCE7052D0ED10023E17AE0
S2140397480022CDE90137CDE903920091234652461C
S2140397584146304601F021F9D6E74FF2F222A188B6
S214039768914204D1E288920701D5E17AE8E74FF6F9
S214039778FF760C21E4E7F0B585B00546DDF78EFBEA
S21403978848B16B88B3F5006F05D1681D05B0BDE811
S214039798F04000F0EFBC284600F003FD0446C8B9C5
S2140397A8E7B26946384601F0BAF878B99DF800601A
S2140397B866B92946384601F0B6F820B140F60443A0
S2140397C8984207D08C26304605B0F0BD0134202CCD
S2140397D8E6D1F7E78D26F6E7DDF746BD2DE9FF4721
S2140397E804460D460146184617461E46BDF8308001
S2140397F89DF83490DDF838A0D8F7D2FAD0B92146C8
S214039808284601F036F933463A4629462046CDE936
S214039818019ACDF80080DDF7CBFD33463A46294654
S2140398282046CDE90D9ACDF8308004B0BDE8F04760
S21403983802F03DB904B0BDE8F087DDF763BFDDF796
S2140398481BBFDDF73FBF10B5044601F01EF908221B
S21403985801462046BDE81040E3F7F6BC01F017B909
S214039868002101F014B901F026B900207047202022
S2140398787047EBF7DFB9EBF729BAEDF7CBBE7047BE
S214039888DEF78CB870B506460C46154600F04CF85D
S21403989850B13CB135B1204600F0D8FC013080B257
S2140398A8A84200D9002070BD304600F043F840B106
S2140398B8002CF7D0012DF5D9204600F0CCFC023059
S2140398C8EDE73046DDF7CAFFEAE7F8B5BDF8185006
S2140398D810B3967855B9D478A6F14107012F07D85F
S2140398E8621ED2B200F0D1FD0020F8BD2C46F3E785
S2140398F8433E012E04D8A21E92B200F0DEFDF3E723
S214039908D27813B90DB1AA4206D811B9E3F74AFCBF
S214039918EAE7E3F799FCE7E78920E6E7413803280F
S2140399288CBF002001207047413801288CBF0020D7
S21403993801207047433801288CBF00200120704758
S21403994800207047002070470388B3F57C4F01D387
S214039958FFF7F8BF0846FFF7F3BF10B54A88048831
S214039968A2420DD1037B0C79234009D0B2F57C4F74
S21403997808D3FFF7E7FF0B891B1A5842584110BD57
S2140399880020FCE70120FAE738B50D88D488A542FD
S2140399980AD10388B3F57C4F08D2FFF7D5FF13899E
S2140399A81B1A5842584138BD0020FCE70120FAE745
S2140399B82DE9F04715460446B8B149B1EAB1002681
S2140399C84FF0140AB04690F80490F3B2994501D8BC
S2140399D800240AE027680AFB06773846FFF7BDFF28
S2140399E8013628B13C46A5F800802046BDE8F08736
S2140399F87B8943441FFA83F8E7E71446F5E72DE91E
S214039A08F0470E4615460446B8B149B112B30027C7
S214039A184FF00C0AB846B0F80890BBB2994501D87F
S214039A2800240AE06368324620460AFB0731FFF73C
S214039A38ABFF28B10C46A5F800802046BDE8F087A2
S214039A480B79013713F0300F02BFCB7843441FFA64
S214039A5883F8E2E71446F0E72DE9F04186B00D46B1
S214039A681446984604AA05AB03A90646DDF7CCFFB9
S214039A7840B30DB1049B2B6034B3049D0398294669
S214039A88FFF762FF2B88074602467188307800F096
S214039A9850FBD8B1297911F010030BD0EB782A467E
S214039AA8CDE900433B4671883078FCF70DFD06B0D8
S214039AB8BDE8F0812A4620460599CDF80080FFF7D1
S214039AC804FFF4E78620F2E72046F0E77E20EEE779
S214039AD81FB51C460023ADF80A20BDF818208DF8DC
S214039AE80400ADF80610ADF80C2069461A4601A81E
S214039AF800938DF80840FFF7AFFF009804B010BD39
S214039B08F0B587B00E4605AB04AA03A90446DDF7ED
S214039B187BFF08B3049D03982946FFF715FF2B8898
S214039B28074602466188207800F005FBB0B129791C
S214039B3811F0100108D000963B462A466188207823
S214039B48CEF7D0FA07B0F0BD009101232A46314676
S214039B580598FFF7BAFEF5E78620F3E77E20F1E7D8
S214039B682DE9F041064600254FF014080779E8B2B8
S214039B78874201D800241AE008FB05F0D6F800C08F
S214039B880CEB00043CF8000081421AD132B1802A5B
S214039B9810D194F90CC0BCF1000F12DAB0F57C4F63
S214039BA805D32046FFF7CEFE834200D04BB92046A6
S214039BB8BDE8F081402A04D194F80CC01CF0400F8D
S214039BC8ECD10135D3E70121DDF75ABE08B51346B4
S214039BD80022DDF783FF003818BF012008BD08B54B
S214039BE813464022DDF77AFF003818BF012008BD68
S214039BF808B513468022DDF771FF003818BF012029
S214039C0808BD08B540220023DDF768FF003818BFF3
S214039C18012008BD08B580220023DDF75FFF003862
S214039C2818BF012008BD0023DDF758BF0021DDF764
S214039C38C5BF10B504460121DDF7C0FF2046BDE8C1
S214039C48104001F068BF7047F8B516461F469DF8E2
S214039C581820BDF81C300546DDF740FF78B104210F
S214039C68DEF72AF8044650B1284600F010FB3A46B9
S214039C7831462846A047BDE8F84000F0FCBAF8BDD0
S214039C882DE9F74F1E46DDE90C9B07468846144622
S214039C98BDF838302AB3B9F1000F22D00EB392F8C4
S214039CA804A099F80020504612F0080F0CBF802233
S214039CB840226188DDF712FF98B10821DDF7FCFF23
S214039CC8054670B1504600F0E2FA3346224641464E
S214039CD83846CDE9009BA84703B0BDE8F04F00F02F
S214039CE8CABA03B0BDE8F08FF8B5BDF818701646C3
S214039CF81A463B460446DDF7F1FEE0B177B9022182
S214039D08DDF7DAFF0546B0B1204600F0C0FA314663
S214039D182046A847BDE8F84000F0ADBA1021DDF7A5
S214039D28CBFF054638B1204600F0B1FA3A4631462D
S214039D382046A847EEE7F8BD73B5BDF818401646A3
S214039D481A4623460546DDF7C9FEB8B1C4B920212D
S214039D58DDF7B2FF044670B1284600F098FA099B6F
S214039D683146009328469DF820309DF81C20A047CE
S214039D78044600F080FA204602B070BD8624FAE74F
S214039D880024F8E72DE9F04186680446007800F0D9
S214039D987EFA002514273279EBB29A4203D8BDE837
S214039DA8F04100F068BA7B4332682078D15A02EB58
S214039DB8030800F0C2F901214046DDF77DFF03469C
S214039DC808B1207898470135E5E72DE9F04F1C469A
S214039DD889B09DF84C30BDF8488001939DF8503003
S214039DE8924602932246434607460D46DDF776FE1D
S214039DF88DF814700646ADF816508DF81840ADF871
S214039E081AA0ADF81C8018B9012009B0BDE8F08F78
S214039E1805A9FFF7A2FD0028F6D000252F46A84679
S214039E282C4634E00C231FFA85F903FB09F931881D
S214039E387368B1F57C4F33F8092003EB090B1AD383
S214039E4833F8090050452CD3019BA3422DD900F0C3
S214039E58BAF99BF80200DEF7DBFB029B43B19BF8DB
S214039E68043013F0010F0CBF05200720DEF7D0FBE4
S214039E780134A4B219E0ADF81A205946304605AAAB
S214039E880393FFF781FD039B0028D9D10135328957
S214039E98ABB29A42C6D804EB0800C31B58425841D3
S214039EA8B3E708F101081FFA88F80137BFB2EDE7F0
S214039EB810B5012488B006949DF83C4005949DF897
S214039EC8384004949DF8344003949DF83040029437
S214039ED80B9C0194BDF828400094DEF731F808B0CF
S214039EE810BD2DE9F04786B0BDF83880DDF83C9004
S214039EF89DF840A0CDF80080CDE9019A04460D46AA
S214039F0816461F4600F013F9B8B1431EDBB2012B01
S214039F1810D800230122811E48424841CDE9043265
S214039F28CDE902A03B46324629462046CDE90089BC
S214039F38FFF7BEFF06B0BDE8F0870120FAE730B5A5
S214039F480024012587B0CDE9044503959DF82C50D8
S214039F5802950A9DCDE90045FFF7AAFF07B030BD75
S214039F6830B50024012587B0CDE9044503959DF84F
S214039F7828500094CDE901354023FFF799FF07B031
S214039F8830BD10B5012486B0CDE9044400240394FB
S214039F989DF828400294099C0194BDF8204000943B
S214039FA8FFF786FF06B010BD1FB5089C03949DF8FF
S214039FB81C400294069C019400240094DEF7BCF827
S214039FC804B010BD70472DE9F84F022907468846A6
S214039FD80C9D04D84FF0000A5046BDE8F88F1BB115
S214039FE80429F7D942F004023A702BB303247B7092
S214039FF81B0ABB70DFF7B6FB4FF000099DF8283045
S21403A008385504F1020A01343B550B9A5FFA89F373
S21403A018D45C002CE0D0732C10D82E464C2C56F863
S21403A02804BB3DD0532C15D0622C45D1AC8805F122
S21403A038080600231A4616E00124DBE7A4F1750395
S21403A048032BC7D8763C2E1D022C52D8DFE804F023
S21403A058565A58006A6805F1080694B2D2B2B2F1A5
S21403A068FF0318BF01230AEB040119448845B1DB33
S21403A07850461946002947D153441FFA83FA5CB160
S21403A088BBF1000FA6D0224607EB0A005946E3F7B2
S21403A09819FA54441FFA84FA354609F10109B4E754
S21403A0A84FF6FF736A6805F1080694B222469C4287
S21403A0B814BF02230023D6E76C2C05D1584600F0BC
S21403A0C8CAF8841CA4B2B4E7732C04D1584600F02B
S21403A0D8BDF8441CF6E7A4F13003DAB2092A01D81E
S21403A0E89CB2A6E7A4F14103062B3FF673AF373CB1
S21403A0F8E8E7012300242A68A346B4E70223F9E71E
S21403A1080323F7E70423F5E700F1010C01393A5472
S21403A118C9B2120A1FFA8CF0ACE70020DEF700BAC1
S21403A1280022DEF71DBA0023DEF730BA7047012097
S21403A138704701207047012070477047002070471A
S21403A14800207047002070470020704700207047A3
S21403A1580020704770470E20704700207047002085
S21403A168704700207047002070477047FF207047ED
S21403A1780E2070478420704770477047002070474A
S21403A1880020704700207047002070470020704763
S21403A198002070470020704770470E207047002045
S21403A1A87047002070477047002070477047704715
S21403A1B8704770470E20704770470020704781200D
S21403A1C870477047704738B50546C0B2DEF720FAC1
S21403A1D80446280ADEF71CFA14B1002808BF002430
S21403A1E8204638BDF8B50546C0B2DEF711FA044670
S21403A1F8C5F30720DEF70CFA0746C5F30740DEF774
S21403A20807FA0646280EDEF703FA24B12FB136B14D
S21403A218002808BF00242046F8BD3C46FBE7344622
S21403A228F9E710B4CC18944203DC5DF8044BFFF747
S21403A23821B800205DF8044B70470423FFF7F1BFED
S21403A24808B50223FFF7EDFF80B208BD0078FF28A4
S21403A25808BF0020704708B502220021FFF7F0FF69
S21403A2684FF6FF73984208BF002008BD003818BF92
S21403A2780120400070470020704708B5FFF7A3FC8D
S21403A288FF284FF0FF3018BF0020C0B208BD08B53E
S21403A298FFF7F3FFFF280CBF2120002008BDF8B501
S21403A2A806460C4615461F4600F011F810B125441D
S21403A2B8AC4200D1F8BD3946304614F8012BDEF718
S21403A2C899FAF5E7014600220220DEF723BA0120B1
S21403A2D8704737B50546DCF7ADFC044601950CB95F
S21403A2E881201CE0237823B12046DCF7ABFC044628
S21403A2F8F5E72B6862685B889A42F5D1A368EA7B20
S21403A30899B272B12A8A9142EED16A7DB2EB134FA3
S21403A318EAD10020E36801A998478128E4D003B06E
S21403A32830BD4FF6FF72EEE72DE9F84304460F46B5
S21403A338904699460BB3012A1FD80C20E3F738F941
S21403A348064610B91920BDE8F8831020E3F730F95C
S21403A35818B93046E3F734F9F4E70123002547EA4A
S21403A368084770600570C0F80C90446087603380B7
S21403A3783046DCF757FC2846E5E72120E3E738B5FF
S21403A3880446436808460D469847B4F90830002B38
S21403A39802DB2B78042B06D1002320466360BDE836
S21403A3A83840DEF7B9BD38BD30B54FF48A5587B0A7
S21403A3B8ADF816200DF116041A46029543B100238C
S21403A3C80122CDE90033234600F01EFA07B030BD5C
S21403A3D8019401240094F7E7FFF7EBBEFFF7BDBE31
S21403A3E80020704708B500F014FB20B900F05BFBAB
S21403A3F808B9DBF7B5FDFFF7CFFEBDE80840FFF762
S21403A408DBBE0020DFF7F0B90021DFF78DBA0022A4
S21403A418DFF74CBA1FB5D2880B4612F0200F4FF65B
S21403A428FD7114BF49245224ADF80610510544BFE4
S21403A438083CE4B2110544BF083CE4B2120444BF26
S21403A448023CE4B2032805D8DFE800F0020F161C26
S21403A458ADF80630BDF80600FFF788FEFF281CBFD8
S21403A468241AE4B2204604B010BD02AA0DF1060170
S21403A478D8B200F08CFAEDE7D8B200F052FAADF88D
S21403A4880600E7E7013CE4B2E4E7F8B506461746F4
S21403A4980D4681B10C78FF2C0BD00846FFF7D6FE85
S21403A4A8B84228BF3846C4B22246691C701CE2F775
S21403A4B8CBFE3470F8BD0C46FBE770B5044615466C
S21403A4C80E4611B94170017070BD0B78FF2B05D18C
S21403A4D84B78FF2B02D103704370F5E73046FFF73E
S21403A4E8BAFEA84228BF284685B22A46B11CA01C35
S21403A4F8E2F7AAFE25702D0A6570E5E7F0B523B9DD
S21403A508013A531C2FD1002020E0042AFBD800234D
S21403A5181C46551E6E1C1AD1042A10D00121D200DF
S21403A528501E01FA00F020421EBF914049420C43D8
S21403A53818421EBF4FF0FF3101FA02F213439C4242
S21403A5481EDCB4BF4FF0FF30002040B2F0BD40B170
S21403A558465DEF00BE4034434E5D013DBE40334387
S21403A568D8E70646F5E78C5C38B90346A34202F1FA
S21403A578FF32C6D24FF0FF30E8E7835CA342F5D933
S21403A5880120E3E7283807288CBF002001207047FE
S21403A5981D2810D004D840B11C2804D05520704775
S21403A5A81E380128FAD81A2901E00B390F298CBF5F
S21403A5B85520002070470829F9E700200021704736
S21403A5C8F7B59DF820400546082C104619469DF811
S21403A5D8246036D8002213462C44AC4208D106F031
S21403A5E8FD04382C0ED10096FFF7E7FF03B0F0BD45
S21403A5F814F8017D1B0243EA12631202BA1843F1E8
S21403A6080003EAE7392E10D107EE100A07EE902A60
S21403A618B4EEE77AF1EE10FACCBF77EE677A77EE08
S21403A628C77A002117EE900AE0E7824273EB01042B
S21403A63803D2801A61EB0301D8E7101A63EB010112
S21403A648D4E700200146D1E738B5C3681446194451
S21403A658836853F821501AB12846E2F79FFC207006
S21403A668284638BD2DE9F3411C4616460DF1070268
S21403A6789DF82050FFF7E8FF9DF807308046A34271
S21403A68888BF8DF807409DF807700DB1E41BE5B247
S21403A6982A4600213046E2F785FD3A4641467019B8
S21403A6A8E2F7D2FD384602B0BDE8F0812DE9F34162
S21403A6B81D46164601AA9DF82040FCF7E8FF019BB5
S21403A6C880469D4238BF0195019F04B1EC1B224684
S21403A6D800213046E2F766FD3A4641463019E2F76E
S21403A6E8B3FDF8B202B0BDE8F08173B50024154691
S21403A6F801AA1E460194FCF7CAFF019B072B0AD939
S21403A7082146CCB216B1C4F10704E4B2425C013167
S21403A71808292A55F5D1D8B202B070BD1FB5030A69
S21403A7288DF80E300323009303AB8DF80D0000F06D
S21403A738BBF805B05DF804FB1FB58DF80F100421B0
S21403A748030A8DF80E30009103AB8DF80D0000F068
S21403A758ABF805B05DF804FBF0B589B016689DF84C
S21403A7683C50CDF809608DF811305668BDF838307E
S21403A778012D109FBDF84440CDF80D60ADF812309A
S21403A7888DF8145014D0032D19D13B68CDF8153025
S21403A7987B68CDF819309DF848308DF81D301623A0
S21403A7A80093BDF84C2002AB00F07EF809B0F0BD6C
S21403A7B88DF81540240A0F238DF81640F0E701207C
S21403A7C8F4E71FB50446084611461A4602238DF8D1
S21403A7D80D100093214603AB00F066F804B010BDD5
S21403A7E810B514461A460B6886B0CDF80D304B687C
S21403A7F83421CDF811300A23009303AB8DF81540A6
S21403A80800F052F806B010BD2DE9F041B6B0144674
S21403A8181D4606460F469DF8F080DFF7A9FA03AAF9
S21403A8288DF80C001046330A8DF80F703F0A8DF822
S21403A8380E308DF80D602B468DF810708DF811408C
S21403A84805EB4405AB4202F102021FD16200D2B205
S21403A858931DDBB23D99D8336B44073203F8CC8C8F
S21403A86801EB4805D3B250FA82F2A94202F102027A
S21403A87812D103EB4803009006213046BDF8F820B2
S21403A888DBB2DFF77FFA36B0BDE8F08133F8021B98
S21403A8981171090A5171D5E731F8024B02F8024CD7
S21403A8A8240A02F8014CE0E72DE9F0411C46054668
S21403A8B80E4617469DF81880DFF75AFA2070434667
S21403A8C83A46314628460694BDE8F041DFF75ABAB9
S21403A8D8002070477047D3F717BD08B5E9F7A8FCFB
S21403A8E8002840F6124018BF002008BD704770477E
S21403A8F87047704770477047704700207047704727
S21403A9087047002070477047704703F083B8FEF718
S21403A91875B8FEF758B803F0F4BBF5F7E7BC03F0D1
S21403A928E1BBF5F7A1BCF5F709BDF5F7C3BCFEF720
S21403A93837B9FEF71DB910B49DF8044001945DF8C5
S21403A948044BFEF710B8FEF764B8FEF771B8F1F7D4
S21403A9588BBBF1F78FBBEEF7FBBEEEF7FFBEEAF74E
S21403A96883BDFEF7B0B8FEF775B8FDF7C0BEFEF7B1
S21403A97898B8FEF784B830B4BDF808409DF80C5074
S21403A988CDE9024530BCFDF7D1BEFDF76FBFF5F73D
S21403A99847BEDFF747BAF5F70DBF70B49DF80C400E
S21403A9A8BDF810509DF814600394CDE9045670BCA6
S21403A9B8F2F774BB70B49DF80C40BDF810509DF8C0
S21403A9C814600394CDE9045670BCF2F7A7BBF2F7FC
S21403A9D891BC10B49DF8044001945DF8044BF2F75B
S21403A9E8E1BB10B49DF8044001945DF8044B02F0F3
S21403A9F8D7B802F0D7B8FDF77DBFFDF78DBFFEF7D2
S21403AA081AB9FDF79EBFEDF7B5B9EEF70DB9EEF730
S21403AA18DFB8ECF7D9BD02F06EBCEDF791BB02F0D8
S21403AA28C4BCEDF71DBDEDF781B8EEF703B9EEF735
S21403AA387FB8EEF79BB8EBF743BCFEF7C6B8FEF74E
S21403AA4861B8FEF774B8FEF781B800F036BC00F0BC
S21403AA582FBCF4F705BCF2F751B9F4F7DFBBF4F7EC
S21403AA6805BDF2F71BB9EAF7EBBCF3F7A5BDFFF78D
S21403AA7832BFFBF7C3B8FEF703B9FDF72CBFFEF7E3
S21403AA8831B801F03DBEDFF72BB9EBF701BAEAF7A9
S21403AA98ABBD02F0F9B802F0D0B8EAF7F9BDEBF7A8
S21403AAA847B9EBF771B9EAF767BDDFF735B9DFF7EB
S21403AAB847B9DFF71FB9EAF707BDDFF725B9F6F792
S21403AAC80DBD02F0B8B802F07FB8EAF703BDEBF79E
S21403AAD8C9B9EAF759BD10B4BDF8044001945DF846
S21403AAE8044BFDF753BEDFF7C7B9DFF7B9B9F6F777
S21403AAF895BAF6F7CDBC03F017BC03F01DBCF6F702
S21403AB0805BBF6F7E5BC00F06DB900F0ABB900F08D
S21403AB18D3B900F0B9BA00F029BB00F092BADFF750
S21403AB28C3BE00F0F0B900F01DBA00F030B810B597
S21403AB381C4601F009FF06F0F0FA0023C0F3402094
S21403AB482370400010BD002208B50B461146FFF7D8
S21403AB58EEFF023818BF012008BD00207047704773
S21403AB68B1FA81F040097047012070477047704773
S21403AB780020704770470020704770470E207047C4
S21403AB880120704770470120704701207047142240
S21403AB980021E2F707BB704770B505460C468AB036
S21403ABA8252200210DF10300E2F7FCFA6B68CDF8C5
S21403ABB81D30AB68CDF82130234601AC03F11006EF
S21403ABC8224618685968083303C2B3421446F7D1B5
S21403ABD801236A7B8DF8023012F0040F0CBF4FF482
S21403ABE880734FF4A073110748BF43F48063ADF82E
S21403ABF80030930748BFBDF80030684644BF43F0AB
S21403AC080803ADF80030F1F751FD0AB070BD30B552
S21403AC18427B0D46D10704468BB007D5407801A979
S21403AC28F1F7AEFDD8B12D200BB030BD9307FAD59A
S21403AC38C2F3800310074FEA8313ADF8023044BF0C
S21403AC4843F48063ADF80230BDF80220201D0AB134
S21403AC580DF1020201A902F0FAFE0028E3D001ABC7
S21403AC6803CB9DF81430A1602373BDF810306060E1
S21403AC78590642BF627B42F0040262735A0542BF1A
S21403AC88627B42F0080262731B0742BF637B43F092
S21403AC98020363732B4606AC0AAD224603CAAA42CE
S21403ACA818605960144603F10803F6D10020BBE781
S21403ACB8F0B504460D4693B0252200210DF1230076
S21403ACC8E2F770FA636804F1040CCDF83D30A36824
S21403ACD809AECDF841302B4605F110073246186801
S21403ACE85968083303C2BB421646F7D105238DF8C5
S21403ACF82230637B5B0103F40073ADF8203063787E
S21403AD08FF2B1AD1002360461A4601A900F0D9F989
S21403AD189DF80530FF2B0DD1002301A91A461846C6
S21403AD2800F0CFF99DF80530FF2B03D11C263046DB
S21403AD3813B0F0BD9DF8053063700020617808AA4B
S21403AD4800F0B4FA06460028F1D1607801A900F0AD
S21403AD583EFA2B4603AD2A4618685968083303C2D9
S21403AD68BB421546F7D1637B6078DB0648BF9DF880
S21403AD781C3001A944BF63F07F038DF81C3000F034
S21403AD883DFAD4E710B504468AB02422002101A868
S21403AD98E2F708FA637B590744BF4022ADF8102050
S21403ADA81A0742BFBDF8102042F48062ADF810209F
S21403ADB8DB070FD5607801A9F1F7E2FC10B12D2067
S21403ADC80AB010BD01AB03CB637B606043F002039C
S21403ADD8A160637304A9201D02F03BFE0028EED091
S21403ADE80020EDE71FB5694600F066F8002818BF8F
S21403ADF82D2005B05DF804FB73B50D4614460646CC
S21403AE08DFF77AF96B881A071AD5224631461020D7
S21403AE1802F000FE2046DFF76FF96B88D90717D5CF
S21403AE280023224601210DF107008DF80730DFF7CE
S21403AE3835FC6B88002B0CBF2120002002B070BDA8
S21403AE48DE06EAD522460821281DDFF727FCE1E7B8
S21403AE589A0701D50223E4E75B07EAD50323E0E76D
S21403AE680F2070471FB50C46694600F025F81022D8
S21403AE7821466846E2F7E2FCB0FA80F0400904B0DF
S21403AE8810BDB8B1B1B14388A3B90378013B082B09
S21403AE9810D8DFE803F00507090B0F0F0F0F0D0097
S21403AEA8DFF7FEBADFF758BBFFF776BEFFF700BF3C
S21403AEB8DFF7E6BC2120704738B50D4609B300B363
S21403AEC80378013B082B1AD8DFE803F0050D1013A7
S21403AED8191919191600DFF71BFB0446284602F052
S21403AEE8B6FF204638BDDFF757FBF6E7FFF78FFEBA
S21403AEF8F3E7DFF787FBF0E7DFF7CCFCEDE7212482
S21403AF08ECE72124EDE770B586B0064601A80C46A3
S21403AF181546FFF73CFE04238DF804301CB1206861
S21403AF28616802AB03C3294601A88DF80560FFF7DD
S21403AF38A8FF06B070BD70B586B0044601A80D46D6
S21403AF481646FFF724FE0323206861688DF804304D
S21403AF5802AB8DF8116003C3294601A8FFF791FFDA
S21403AF6806B070BD0022FFF7E6BF30B585B00D46C4
S21403AF7869460446FFF7A0FF20B92A4621466846D5
S21403AF88FFF73AFF05B030BD30B5437B044613F0F0
S21403AF9801020D468BB007D0407801A9F1F7F0FB04
S21403AFA870B12D200BB030BD9B07FAD5ADF8022043
S21403AFB801A90DF10202043002F049FD0028F0D081
S21403AFC800210E22A81CE2F7EDF8BDF810302B80FE
S21403AFD8039BAB60BDF81230AB819DF81430237326
S21403AFE801AB03CB6060A1600020DBE770B5437B51
S21403AFF80446DB070E468AB003D42D2528460AB036
S21403B00870BD6946407800F04DF905460028F4D12E
S21403B018DDF81D300E226360DDF821300146A3609B
S21403B028637BB01C43F002036373E2F7BBF8BDF817
S21403B0380030069A43F004033380059BB2607360BE
S21403B048DCE70B4610B50446102200211846E2F743
S21403B058A9F82278032A09D0042A0DD0022A11D186
S21403B06801462046BDE81040DFF77ABC0146204675
S21403B078BDE81040FFF788BF01462046BDE81040EC
S21403B088FFF7B4BF262010BDF8B5074608460C469A
S21403B09816461D46FFF77BFD04232370637B314664
S21403B0A843F00103204667706373FFF705FF08B193
S21403B0B82D20F8BD29462046FFF7C3FF0028F8D001
S21403B0C8F6E7F8B5054608460C461F461646FFF744
S21403B0D85EFD0423237025B108222946E018E2F70B
S21403B0E8B3F8637B43F0020363734EB93246012118
S21403B0F8284600F0E4F8FF28607007D12D20F8BD35
S21403B10831462046FFF7D8FE0028F7D1637B43F085
S21403B118010363730DB90020F1E7002FFBD039460E
S21403B1282046FFF78EFFF6E7F8B50C4607460846AF
S21403B13816461D46FFF72BFD03232046394600F81F
S21403B148043B0822E2F780F8637B314643F00203A8
S21403B15820466373FFF7B0FE08B12D20F8BD2946D5
S21403B1682046FFF76EFF0028F8D0F6E7F8B507463F
S21403B17808460C4616461D46FFF709FD03232370AB
S21403B188637B314643F00103204667706373FFF71A
S21403B19893FE08B12D20F8BD29462046FFF751FF38
S21403B1A80028F8D0F6E718B18022012100F087B806
S21403B1B8FF207047002307B51A4619460093F3F78E
S21403B1C82FF8B0FA80F0400903B05DF804FB0B468D
S21403B1D810B519220446FF211846E1F7E3FF7E2C33
S21403B1E801468CBF04F5C43004F583304FF01902CA
S21403B1F8BDE8104088BFAD30D3F73CBD7E2888BF76
S21403B20800F5C4304FF0190294BF00F58330AD3013
S21403B218D3F75CBD30B589B00D46FFF7C4FFFF28EA
S21403B22804460DD001A9FFF7D2FF2868696801AB69
S21403B23803C3204601A9FFF7E1FF002009B030BD8C
S21403B2482D20FBE7704770470020704770470F2094
S21403B258704770479DF8000070470F2070470F200F
S21403B2687047002070470F20704700207047002063
S21403B278704784B08DE80F00002004B070470020A4
S21403B2887047704770470020704770470020704724
S21403B29870470020704701207047704700207047AA
S21403B2A8012070470E207047FF2070470E20704716
S21403B2B80E2070470020704770470E207047FF2007
S21403B2C8704770477047002070477047704770474D
S21403B2D80020704770470020704700207047002002
S21403B2E870477047704700207047704700207047C4
S21403B2F80020704770470020704710B50024E3B25B
S21403B30810B9C3F10303DBB20134042CCA544FEA61
S21403B3181222F4D110BD10B50B784C788A78C97808
S21403B32828B910462246044608461946034642EA02
S21403B338012043EA042343EA004010BD7047DFF7C1
S21403B348C3BB08B5CEF7A8F8002814BF862000208C
S21403B35808BD08B5CEF770FA003818BF012008BD37
S21403B36808B5CEF729FA003818BF012008BD08B576
S21403B378CEF7AEFA003818BF012008BD08B5DFF7C8
S21403B38883FCBDE80840DFF731BC70B504460D46BC
S21403B3981646DFF779FC0420DFF71AFC32462946FF
S21403B3A82046FFF7DDFF04460220DFF711FC2046A0
S21403B3B870BD08B5DFF768FCBDE80840CEF7E0B90E
S21403B3C8DFF79ABFDFF77ABF08B5DFF777FF20B155
S21403B3D8BDE808400020E0F7AFB8112008BD08B55F
S21403B3E8E0F78CF9E0F792F9E0F79AF9BDE8084038
S21403B3F8E0F7AAB910B5044622F070421030606030
S21403B4082160A26039B1A26803F070431343A360B6
S21403B418029BE36010BDA36843F08043F7E701236C
S21403B4284360C36843F02003C360836843F0005354
S21403B4388360704737B515464A6804463AB18C6840
S21403B4480093096845EA0403FFF7D4FF0446204639
S21403B45803B030BD2DE9F04FD3B0CDE90123DDE9C4
S21403B468608500230390042003ACCDE9050307C9D0
S21403B47807AB83E80700214618465D9E0494E0F769
S21403B4887BF90746002840F0BA805C9A0AAB07CADD
S21403B49883E80700494201F00F0900215E9B5F9A83
S21403B4A85B6852680D9113445B4203F00F0AD8F8A1
S21403B4B8043012915B420093B368DA0048BF73689E
S21403B4C84FF0100242BF033323F003037360AB68E5
S21403B4D8DB0041BF6B68033323F003036B605E9B9B
S21403B4E8D3F804B05F9B5C680BEB04035344CDE9C5
S21403B4F80E3173685B4203F00F03CDE910136B68D4
S21403B5085B4203F00F03CDE9131316AB18461591E8
S21403B518E1F748FE5C9A516851B9D8F804100C4311
S21403B52854EA0B0401BF10229146CDE90B240A9076
S21403B53811234FF0005204A932A8FFF77BFF40F609
S21403B54811034FF0005207A9FFF774FF42F61103E1
S21403B5584FF000520299FFF76DFF44F611034FF0C0
S21403B56800520199FFF766FF412300225E99FFF711
S21403B57861FF4FEA0A234FF000525F9943F04103F5
S21403B588FFF758FF4FEA09234FF0005243F0010331
S21403B5980AA9FFF74FFF009B4FF000521B0203F464
S21403B5A87063414643F00103FFF744FF1038FFF783
S21403B5B836FF00230DA91A461AA8FFF73BFF0023F8
S21403B5C831461A46FFF736FF002310A91A46FFF737
S21403B5D831FF002329461A46FFF72CFF002313A939
S21403B5E81A46FFF727FF002362991A46FFF722FF3A
S21403B5F81038FFF714FF1AA932A8FFF7F0FE3846EB
S21403B60853B0BDE8F08F10B5044608B1E0F796F9D5
S21403B6182046BDE81040FCF73ABE10B50446006A5B
S21403B62810B1616AFFF7EFFF0020C4E9080010BDF8
S21403B63838B50546FFF7F1FF2B7E0446012B0ED0DF
S21403B648023B012B0ED8EB69012B18BF6FF096044B
S21403B658282200212846E1F7A5FD204638BDEB69D8
S21403B668002BF2E76FF09604F2E718220021E1F7C1
S21403B67899BD70472DE9F84F9846DDE90B490D9BB0
S21403B68815469A0706460F4623D02A460A9B03EB17
S21403B698040A1444A24220D10D9B9B0705D5A2EBAE
S21403B6A8050AD14505EB0A0420D82046BDE8F88FDD
S21403B6B8434639462020B0470AF1010ACA450AEB31
S21403B6C80B02F5D3A9EB04024C4588BF00222A4493
S21403B6D8DCE7A246A5EB040BF0E702F1010B4346B1
S21403B6E839461AF8010DB0475A46D3E74346224669
S21403B6F839462020B0470AF1010AD2E72DE9F04778
S21403B708DDE90D7616F0020F9DF82880DDE908546A
S21403B718DDE90BCE1FD106F001094FB1B9F1000FD1
S21403B72806D0B8F1000F02D116F00C0F00D0013F77
S21403B7384FF0300A04E0202C04D005F804A00134A6
S21403B7487445F8D3B9F1000F05D04FF03009A74276
S21403B75801D9202C2DD116F0100F1FD016F4806FA8
S21403B7682CD15CB3744501D0BC4227D1B4F1010E89
S21403B77823D0BCF1100F46D1023C16F0200F28D177
S21403B788202C28D04FF0780C05F804C00134202C60
S21403B79821D04FF0300C05F804C00134202C1AD001
S21403B7A8B8F1000F23D04FF02D0C05F804C0013470
S21403B7B812E005F804900134C9E77446BCF1100F8B
S21403B7C8DBD0BCF1020FE2D1202C04D04FF0620C80
S21403B7D8DAE7202C08D12024CDE90A76CDE90854E7
S21403B7E8BDE8F047FFF746BF4FF0580CCCE716F016
S21403B7F8040F02D04FF02B0CD7E716F0080FEBD048
S21403B8084FF0200CD1E7BCF1020F7446C1D1DDE737
S21403B8182DE9F04391B0189D1A9E1D9F0DB927F088
S21403B82810077C0500D515B317F0200F14BF4FF08B
S21403B838410E4FF0610EAC4600250DF12008AEF11F
S21403B8480A0EBCFBF6F906FB19C95FFA89F4B9F1C7
S21403B858090F94BF30347444E4B2B44508F8014B76
S21403B86805F10105BCFBF6F401D3202D10D11C9C71
S21403B878069705941B9CCDE903649DF86440CDE9BF
S21403B888015408AC0094FFF739FF11B0BDE8F08304
S21403B898A446D6E72DE9F04F95B0269ECDE90A23B0
S21403B8A8DDE91E74DDE9229B57EA040308BF26F088
S21403B8B810067205CDE9080102D557EA040337D006
S21403B8C816F0200F14BF4123612300250DF1300A1B
S21403B8D8A3F10A0821464A465B463846E1F7F6F8D6
S21403B8E8D2B2092A94BF303242444F45D2B274EBDF
S21403B8F80B0405F101050AF8012B01D3202D14D1F9
S21403B908259B06960593249BDDE90801CDE9039359
S21403B9189DF88030CDE901530CAB0093DDE90A238B
S21403B928FFF7ECFE15B0BDE8F08F07460C46D1E7E7
S21403B9380025E5E708B100F014B8704710B1D1E95F
S21403B94800311847704738B5441E14F8015F25B907
S21403B9580A2000F006F8284638BD284600F001F805
S21403B968F3E701460020FCF765BA70477047E9F726
S21403B9787BB9704708B5FCF72EFACDF78DFDBDE801
S21403B9880840CFF7C5BE704708B5CEF7F1F8FBF702
S21403B99885F8BDE80840DFF777B908B5FBF76EFE0C
S21403B9A8E0F700F8FBF768FEE0F7AAFBE0F796FB7C
S21403B9B8E0F70CFBBDE80840D3F736B908B5D1F76E
S21403B9C811FBFBF757FED1F719FBD5F73FFBD5F766
S21403B9D8E5FBD5F7EDFCBDE80840D5F70BBC70478B
S21403B9E87047E0F719BB08B5FCF740FEBDE808400A
S21403B9F8FCF764BE704707B50022034611460120CC
S21403BA080092D4F79DFC03B05DF804FB07B50092DB
S21403BA180B46027D81898068FDF73CFC003818BF19
S21403BA280120C00103B05DF804FB08B50020DBF76E
S21403BA3895FD0020DDF726FB0020D6F761F80020E9
S21403BA48D6F74EFB0020D7F777F80020D9F7A6FBE2
S21403BA580020DAF711F90020DAF706FFBDE80840F8
S21403BA680020DAF7F1BF08B50120FDF72AF9BDE88B
S21403BA7808400120D6F734BB08B50220DBF762FE80
S21403BA880220DAF7FBFF0220DDF70AFE0220FFF7A3
S21403BA9899FC0220FDF780FB0220DAF7EDF8BDE8F3
S21403BAA808400220DBF7EEBA7047FDF795BE7047ED
S21403BAB8704770477047704770477047704710B5B0
S21403BAC80446DBF7F9F92046D7F748FB2046D8F7AC
S21403BAD89BFA2046BDE81040FDF791BBFDF7ACBBCB
S21403BAE8FDF7B6BBDAF7CABE7047704770477047AC
S21403BAF870477047704770477047704705F0D3BA6A
S21403BB0870477047DAF754BF7047704770477047F7
S21403BB187047704770477047CCF736BAFEF736BBA0
S21403BB28704700207047FEF733BBFEF73DBBE2F7CE
S21403BB3851BC38B504460D4600F097F850B129466F
S21403BB482046E7F7F9FD30B929462046BDE83840D0
S21403BB58E2F708BC0E2038BD08B5E7F733FC18B182
S21403BB68BDE80840E5F7AABF08BD70B516460C46FB
S21403BB7805F061F9314605462046E5F77BFB0446A2
S21403BB88284605F053F9204670BD00F032B970B563
S21403BB98044600200E4600F039FBD4F8F0503DB1B9
S21403BBA8002331462046AC46BDE870401A46604737
S21403BBB82B46012231462046E2F754FE284670BD3E
S21403BBC838B5044648880D4600F020FBD4F8F03014
S21403BBD82BB929462046BDE83840E2F755BD022072
S21403BBE838BD00F015BB00F03CB9E2F789BA00F09F
S21403BBF81BBB70B5BDF81060054606B16BB1334480
S21403BC0828469BB200F073F9044620B91EB13146A4
S21403BC18284600F0ADF9204670BD2124FBE7E4F77B
S21403BC28FDB8C0F8EC1000207047E2F73BBFE3F717
S21403BC382BB810B4BDF8044001945DF8044B00F02B
S21403BC489FB80B4610B514461846A1689288E1F7C4
S21403BC5839FCE168034631B1A0886288121A92B2A9
S21403BC681844E1F72FFC002010BD0346408A18B19C
S21403BC78188A003818BF012070470846E4F74ABCFC
S21403BC8800F0D6BA00F0D4BAE4F75CBE084708B5A5
S21403BC98E2F77EFAC0B208BD022A01D800F00CBA51
S21403BCA821207047022A01D800F017BA21207047CE
S21403BCB8022A01D800F023BA21207047E3F764BDAF
S21403BCC80846E3F77FBD00F033BA0020704700202C
S21403BCD870477047D0F8903003F06003402B0DD0C0
S21403BCE8602B03D0203B58425841704749B10B6834
S21403BCF8012B06D9486940F00100704740F201104D
S21403BD08704700207047F7B504461046D4E952C773
S21403BD18DDE908268CEA020587EA0601054019408C
S21403BD2885EA0C057940C4E95251002523F40041FD
S21403BD3806EA010320F0010043F40073024043F0CF
S21403BD480203CDE90055E6F78BF994F824309A07F1
S21403BD5813D5D4F84C319B050FD54FF488112046DC
S21403BD6800F034FC94F82430024665F3410384F863
S21403BD78243020460B46E2F7DFF9002003B0F0BD77
S21403BD88F0B587B01C461746BDF830601AB90024CC
S21403BD98204607B0F0BD002BF9D00029F7D001AA3A
S21403BDA8E4F73CF80028F2D0BDF80630A2199A4208
S21403BDB8BDF80850C4BF9B1B9CB2B54212D9039961
S21403BDC8AD1BADB23144A5420391ADF808500DD270
S21403BDD82A463846E1F776FB0499621B7819E1F799
S21403BDE871FBD5E70499761B3144049122463846FD
S21403BDF8F5E70846E5F7E6B90220E4F799BD08B57E
S21403BE08D0F8E4304BB11A68022A06D993F82520ED
S21403BE184AB1186AB0FBF2F008BD4FF446624C21EB
S21403BE280020E7F7B7FC0020F6E7D0F8E42008B5CB
S21403BE387AB11368022B0CD9536A13F47F4FC3F3F2
S21403BE48072106D0126ADBB253438B42B3FBF1F0E9
S21403BE5806D2002040F67F424C21E7F79BFC0020E1
S21403BE6808BD0346D0F824010860B3F8283100203B
S21403BE788B80704790F824310C2B14BF90F8290058
S21403BE88FF20704738B50C464FF400610546E7F7C0
S21403BE98C9F970B17CB195F81E3173B94FF4807245
S21403BEA84FF480712846E7F7A9F9003818BF012030
S21403BEB838BD2202F4E72246F2E70020F8E74FF4FB
S21403BEC88071E7F7AFB908B54A024FF40071E7F790
S21403BED895F9002008BD08B58A024FF48061E7F794
S21403BEE88DF9002008BD4FF40071E7F79BB92DE9DB
S21403BEF8F041884618F0030706461546194633D117
S21403BF08B2F5805F30D89A422ED33F2A28D9B2FAA0
S21403BF1882F401220120C4F11F03DBB29A4092B2D5
S21403BF28AA422CBFC4F11904C4F11A04E2B2931D41
S21403BF38DBB2984080B2A84214D096F8F530ABB975
S21403BF48012096F8243060F3C71386F82430404659
S21403BF58E3F716FDC6F82080B5823846BDE8F081BB
S21403BF683A46EAE70020ECE72127F6E70E27F4E748
S21403BF78084600F02EB9F8B511F0030607460D4635
S21403BF88144621D102B313883F2B1DD9B3FA83F382
S21403BF98C3F11901C9B2062901D8192B12D00629EB
S21403BFA828BF062101238A1DD2B293402846238040
S21403BFB800F015F923883846FD617B82E3F7F0FD28
S21403BFC83046F8BD3146EDE72126F9E738B514883B
S21403BFD811F003054FEAC4041ED13F2C1CD9B4FA4A
S21403BFE884F4C4F11903DBB2052B01D8192C11D03C
S21403BFF8052B28BF052301240633DBB204FA03F313
S21403C008C3F3CF041480816104820387E3F7C8FD72
S21403C018284638BD2B46EEE72125F9E710B5144622
S21403C02808460121E4F7A0FF2046BDE81040012199
S21403C038E4F79ABFF8B504460E46174604F0FBFE27
S21403C0483A46054631462046E5F74CFA044628465E
S21403C05804F0ECFE2046F8BD022070470320704724
S21403C068E4F75EBC10B50023E3F7AAF8044608B95C
S21403C078E6F72EFA204610BD70B505460E4614465A
S21403C08800F0C9F83146284600F04CFA00F0C3F829
S21403C098230744BF24F00804A4B221462846E2F73F
S21403C0A87DF800224FF400312846E7F7A7F800206A
S21403C0B870BD8021E7F7B6B87FB5531C05AAADF85F
S21403C0C81410029202210022DBB2CDE900211146A8
S21403C0D8E7F7B2F807B05DF804FB7FB5531C05AA6B
S21403C0E8ADF81410029204210222DBB2CDE9002136
S21403C0F800220121E7F7A0F807B05DF804FB1FB597
S21403C108531C029100220821CDE900210122DBB24B
S21403C1181146E7F791F805B05DF804FB10B5044639
S21403C128E2F736F801462046BDE81040E2F736B88F
S21403C138002914BF21200020704738B5054610464D
S21403C1480C46E3F76BFB65B1D5F8E0304BB15B699A
S21403C1583BB12268013204BF6FF0010222602268F5
S21403C1681A60002038BD002070472DE9F74F0125D7
S21403C1781C469DF83030064601930368174603F0BD
S21403C188070306339D4005F1FF380B46A1B1416806
S21403C19804EA080BA5EB0B0A41F00059524509EBD4
S21403C1A80B0114D952461846E1F78CF949467A1B0F
S21403C1B85A445044E1F786F9019B2BB13C4448EABC
S21403C1C8050804EA0804F46003B0BDE8F08F1846CF
S21403C1D8F0E74FF03A43022298615A6370474FF0EC
S21403C1E83A4301225A6740F6FF72D96418651A67FC
S21403C1F8704737B5002514460095FFF7B6FF204667
S21403C20803B030BDE3F77CB90020704700207047C1
S21403C218002070477047704710F0FD0F14BF4FF0AB
S21403C228FF300020C0B270477047002000217047D7
S21403C23808B5E4F7C7FCBDE80840E4F7EBBC38B537
S21403C2480446FFF7F5FF0546FFF7F2FF431BA34235
S21403C258FAD338BD38B50D460446E4F7B3FC35B112
S21403C268844200D90139204601F0030138BD8442CF
S21403C27838BF0131F7E708B50121FFF7EBFFBDE843
S21403C2880840E4F7C7BC08B521B19200E1F71AF9EC
S21403C298002008BD2120FCE700F06F43B3F1804F70
S21403C2A802D0B3F1204F02D120F07040704700F05F
S21403C2B86043B3F1204F08BF20F0805070470B0C43
S21403C2C823F48053B3F5284FF7B50D468FB20646C9
S21403C2D899B216D04AF60103994214D04AF60203D5
S21403C2E8994212D0B1F5204F14BF04240324D6F87C
S21403C2F8E0300BB1196851B9D6F8DC3093B9286821
S21403C3080EE00024F3E70124F1E70224EFE72346CF
S21403C31868463A46E4F7F2FCDDE90003002BEBD166
S21403C32803B0F0BD19680029E9D0234668463A46A3
S21403C338E4F7E4FCDDE90003002BE0D1F0E70204B0
S21403C348C0F3891307D56FEA83536FEA935313F53C
S21403C358007F18B206D0A3F1C8006FF4FF739842A3
S21403C368B8BF184670474FF0384359699A6903F5BA
S21403C37800530A405A6170470E207047E6F7B8BA6A
S21403C388E6F7B6BAE6F7B4BAE6F7B2BA08B50846B1
S21403C398E6F7A0FE08BDE6F7ABBA02207047022010
S21403C3A870470020704701207047002070470E2012
S21403C3B8704700207047E3F70BB908461146012279
S21403C3C800F086B870B505460C4611461A46E6F7D9
S21403C3D8B7FF06682B462046B446BDE8704060475C
S21403C3E810B5E6F7ADFFBDE8104083681847FFF7BA
S21403C3F839BEE2F7F7BFFFF79CBBE2F7F5BC70B5AB
S21403C40804460D4616464FF4881100F0F4F83246F3
S21403C41829462046BDE87040E3F710BA7047431E26
S21403C428012B03D9031F5842584170470120704710
S21403C438FFF7EABE4FF4D4720021E0F7B3BE70B537
S21403C4480446E2F769FD0546A8B9A169F1B1238A4E
S21403C458D3B1204604F11002FFF7B8FD38BBE169F3
S21403C46819B3638AA3B1204604F11202FFF783FDCA
S21403C47878B1054603E00023A3612361E361002343
S21403C48828466361236270BDA061E8E72082E6E779
S21403C498E361216A0029F2D0A28A002AEFD0204657
S21403C4A8E38ABDE87040FFF722BD6182F1E7658243
S21403C4B8E561DEE711B9D0F8DC1021B1CB6813B11A
S21403C4C88B68D88970474FF6FF707047E1F746BE0A
S21403C4D810B50C461146E1F767FEE3F779F801282D
S21403C4E801D1002010BD002CF7D10520FAE7FFF78D
S21403C4F886BCFFF79ABC70B500232425D0F8DC0069
S21403C508C4689C4201D1212070BD826805FB0322C2
S21403C518D6898E4202D8128A8A4201D20133F0E7BC
S21403C5280020F1E7F8B506460D46E6F76BFFD8B9DF
S21403C5384FF6FF734FF0240CEF68C1B28F4208D84A
S21403C5481C4621463046E7F7F7F8FFF763FE204612
S21403C558F8BDAA680CFB0122D4899C4202D2002C9F
S21403C568EFD023460130E8E70024F0E7808D7047D4
S21403C5780A7838B505461046FFF751FF60B14C7880
S21403C5882046FFF74CFF38B12243530704D4284606
S21403C598BDE83840E2F740B8212038BD10B5044658
S21403C5A80878FFF73CFF58B14A781046FFF737FF7D
S21403C5B830B1042A04D02046BDE81040E2F74AB852
S21403C5C8212010BDFFF79FBBE2F770BB38B50546C1
S21403C5D80C4604F030FCD5F88C301C40D5F888306F
S21403C5E82343C5F8883004F021FC211E18BF012117
S21403C5F80020490238BD38B504460D4604F01BFC36
S21403C608D4F88C301D40D4F8883023EA0505C4F8DE
S21403C618885004F00BFC284638BD38B504460D464A
S21403C6284FF48811FFF7E7FF29462046BDE8384050
S21403C638E3F724B973B50D7806460C4635B30423D9
S21403C6488DF804302379304601A98DF80530FFF7B5
S21403C658A5FF0546B8B92278A37952BB8DF80430EE
S21403C668E379304601A98DF80530FFF781FF0546C3
S21403C67848B923783BB161883046E2F7D9F90121F6
S21403C6883046FFF7FFFB284602B070BD2946FFF782
S21403C698F9FB29463046FFF716FC29463046FFF7CE
S21403C6A81AFC2378002BCAD123798DF804306379D2
S21403C6B8C9E702228DF80420D3E7FFF704BCFFF787
S21403C6C812BC00207047704710B50446E7F7C4F855
S21403C6D821460020E7F722FFBDE81040002000F0BF
S21403C6E83EB970470120704708B5E8F745FD80F066
S21403C6F80100C0B208BD4FF0FF30FFF7C1BA70475C
S21403C7080020704710B50C4604F0B0F8048010BD3E
S21403C71838B50C46154604F0A9F803881DB11C4322
S21403C728A1B2018038BD23EA040189B2F9E708B546
S21403C73804F09CF8008808BD08B504F097F8C0789C
S21403C74808BD08B504F092F8008800F00C0008BD90
S21403C75808B504F08BF8008800F00C00031F584255
S21403C768584108BD38B5054604F080F804462846FF
S21403C778FFF7EEFF30B904F1100004F0CEFC00F426
S21403C788406038BD4FF40060FBE738B5054604F053
S21403C7986DF804462846FFF7DBFF014648B9103410
S21403C7A82046042203F0A2FF2044BDE8384004F0E4
S21403C7B8B4BCA08838BD10B50C4604F057F884807E
S21403C7C810BD38B5054604F051F804462846FFF769
S21403C7D8BFFF014608B1201D38BD10340422204689
S21403C7E803F084FF2044F7E738B5054604F03EF81F
S21403C7F804462846FFF7ACFF30B904F1100004F0EE
S21403C8088CFC00F4404038BD4FF40060FBE738B5B5
S21403C818054604F02BF804462846FFF799FF014619
S21403C82848B910342046062203F060FF2044BDE8CA
S21403C838384004F072BCA08838BD38B5054604F005
S21403C84815F804462846FFF783FF014608B1201D5E
S21403C85838BD10340622204603F048FF2044F7E785
S21403C86808B504F003F8007A08BD08B503F0FEFF20
S21403C87890F9090008BD08B503F0F8FF807A08BDEB
S21403C88808B503F0F3FFC06808BD10B50C4603F0FF
S21403C898EDFF047210BD10B50C4603F0E7FF4472B3
S21403C8A810BD10B50C4603F0E1FFC46010BD2DE9BA
S21403C8B8F8430F468046002107F1100016469946AE
S21403C8C804F048F80446D0B103F0D0FF05462046E6
S21403C8D803F0E8FF002102462846E0F763FC00233E
S21403C8E82046AB7049F00401FFF70CFFA5F8048057
S21403C8F82EB13A46314605F11000E0F7E3FD20462F
S21403C908BDE8F883F8B505460F461020002104F065
S21403C91821F80446B0B103F0A9FF0646204603F003
S21403C928C1FF002102463046E0F73CFC00233946A7
S21403C9382046B370FFF7E6FE25B12A4601212046B6
S21403C94803F0E0FF2046F8BD08B503F08FFF10306C
S21403C95808BD08B503F0A6FF1038C0B208BD00200E
S21403C968E7F704BD08B5E7F75FFF002008BD408872
S21403C978C0F30C000330800840000430704770B5DD
S21403C9880E4605461146304603F0E4FF044635B125
S21403C99828B103F06BFF32462946E0F755FC2046DC
S21403C9A870BD0088B0FA80F04009704738B505882E
S21403C9B80022044604F01FFC05B1258038BDF8B5EF
S21403C9C807460D4600880021164603F087FFB04247
S21403C9D8044605D129463846BDE8F840FFF7E6BFC2
S21403C9E80021204603F07AFFB04205D020460021F6
S21403C9F803F074FF0446F3E72A462046002103F0B3
S21403CA0881FF32462846BDE8F840002103F07ABF86
S21403CA1838B5044638B1002104F0E7FB0023014685
S21403CA285D1C09B998B238BD204604F002FC2B46B3
S21403CA380146F5E7F8B5058807467DB1CCB2214629
S21403CA48284603F04BFF8542064609D100233B8060
S21403CA5800222146304603F055FF35462846F8BDE2
S21403CA68214603F03BFF21460246284603F04AFFC9
S21403CA78EEE72DE9F04707888246884614465FB3F3
S21403CA88384603F00FFF3D460646E4B221462846DD
S21403CA9803F024FF4045814616D1214603F01EFFC6
S21403CAA821460246284603F02DFF474504D145454F
S21403CAB808BF0025AAF8005000222146404603F086
S21403CAC821FF3046BDE8F0878742FAD003F0EAFE36
S21403CAD830444D4686B2D9E73E46F2E700220123A4
S21403CAE8C0E900237047F8B504460127002604F07A
S21403CAF8AFF923683BB904F0A6F900226368012B53
S21403CB080ED16360F8BD1D691F61266004F09BF9AA
S21403CB18012DF2D02B462D691E61012DFAD1E6E7C9
S21403CB2819691A610B46EAE7036823B940680128BE
S21403CB3803D0E8F7C1BB002070474FF0FF307047BB
S21403CB48F8B5054604F004FA012306460027A8604C
S21403CB582B7304F07DF92B6802467BB11C692169A7
S21403CB68A1420CBF2F6019612761104604F06BF9C8
S21403CB78012C08D0204663689847EAE76C68012CBE
S21403CB8804D104F060F900232B73F8BD6169711AA8
S21403CB98B1F1004FF5D8216969602361E5E770476D
S21403CBA802207047022070470020704701448842DD
S21403CBB801D10120704710F8013B9342F7D00020BB
S21403CBC870470821FDF789BE70B50146064692B040
S21403CBD80020E7F76DF8044670B9FDF779FE0546B9
S21403CBE801466A462046E7F7B7FB6A4629462046C3
S21403CBF88DF80260E7F766FE204612B070BD00B5F2
S21403CC0893B0FDF765FE6A4601460020E7F7A4FBE6
S21403CC189DF9020013B05DF804FB00B593B0FDF769
S21403CC2857FE6A4601460020E7F796FB9DF8000084
S21403CC3813B05DF804FBE7F753BB012070477FB5D5
S21403CC484FF6FF7101AAE8F713FE20B1BDF80C00F2
S21403CC5807B05DF804FB4FF6FF70F9E708B504F074
S21403CC6827FB003818BF012008BD08B51046E9F7AA
S21403CC78D3FEBDE80840E9F78DBF70477047704795
S21403CC887047704770477047002100B593B06A46EF
S21403CC980846E7F761FBBDF8060013B05DF804FB2A
S21403CCA8002110B592B004466A460846E7F754FBD7
S21403CCB800216A460846ADF80640E7F703FE12B0B9
S21403CCC810BD002100B593B06A460846E7F744FB53
S21403CCD8BDF8040013B05DF804FB002110B592B04C
S21403CCE804466A460846E7F737FB00216A460846BD
S21403CCF8ADF80440E7F7E6FD12B010BD704773B50C
S21403CD080646E9F7DBF804463046ECF759F82246B8
S21403CD18034600213046F7F773FE0546D0B1FFF702
S21403CD2813FE0446284603F0A1FD0023E21D121A4B
S21403CD38294608200093D2B2FBF777FD0138C0B224
S21403CD48012807D801222946304602B0BDE87040BC
S21403CD58E9F7EAB802B070BD134610B50A460021D3
S21403CD680446F7F727FE014628B12046BDE81040DB
S21403CD780222E9F7D9B8012010BD07B50093134678
S21403CD880A460021F7F790FD28B1002103B05DF8A5
S21403CD9804EBF5F73BBB012003B05DF804FB2DE974
S21403CDA8F04F87B00C4691460746FFF7CAFC054680
S21403CDB8661C304604F0B1F9042D40F090803846DE
S21403CDC8FFF7C2FD0378092203F00303012B14BF00
S21403CDD80223032301212046039303F087FC092239
S21403CDE800210546204603F081FC21788DF81700BC
S21403CDF801390022204689B2FFF7C1FD04EB090872
S21403CE088346F0B14FF0010A2A460146CDF800A042
S21403CE1803980DF11703FBF708FD0228054626D1EC
S21403CE28584603F03FFD00222070C0B2431E00920E
S21403CE389BB252465946304604F074FA2378534454
S21403CE4823703846FFF773FC020424D498F801309D
S21403CE5821789B071FD50139A1EB09013A464046BD
S21403CE68C9B2EDF7C9FD23781844207013E020B93A
S21403CE782070284607B0BDE8F08F032809D140463E
S21403CE8804F04BF920F4007189B2404604F047F9E0
S21403CE98D7E70428D5D10125002220462178FFF7B5
S21403CEA86EFD07460028E4D04FF0000801464346C7
S21403CEB801224046CDF80080FBF7B7FC022819D1BB
S21403CEC8384603F0EFFCC2B2013A207093B23946F3
S21403CED801223046CDF8008004F024FAC9E780F032
S21403CEE8800520F0800081B23046C5F3C01504F0F3
S21403CEF816F9D1E70028BCD12070BAE708B5002098
S21403CF08FFF7F2FB80F00100C0B208BD0A4608B579
S21403CF1801460020E9F708F8B0FA80F0400908BD92
S21403CF280020E7F703BE00210846E7F7A7BA002064
S21403CF38FFF7D8BB70B5044604F0EFF804220021C7
S21403CF480646204603F0D2FB204404F0E6F8032204
S21403CF5805460021204603F0C9FB204404F0DDF80B
S21403CF684FF6FF730540ADB29D4214D1F30712D5B1
S21403CF7806220021204603F0B9FB204404F0CDF82E
S21403CF880446E9F743F8844214BF02240624E9F763
S21403CF9837F8204070BD2046FBF75FFEC400E4B2B6
S21403CFA8F5E708B5FFF7C6FF003818BF012008BD28
S21403CFB80120704710B50446FEF798F908B9FEF73E
S21403CFC897F903050FD40C231B2B01D1002009E086
S21403CFD820FA03F1C90703F1010206D5DBB2E31A07
S21403CFE85842584110BD0B23F9E71346ECE710B532
S21403CFF80C46098819B90846F7F7BCFC20800120B7
S21403D00810BD08B510461A4600F0B8FABDE8084041
S21403D01804F021B870B504460D46164692B06A4623
S21403D028E7F79AF96A46294620468DF81F60E7F718
S21403D03849FC12B070BD10B50C46E9F7C3FB204691
S21403D048BDE81040E9F7D4BA0129F8B505460C46F9
S21403D0581DD003291ED0052920D0072922D0002653
S21403D068002400270120E7F7BBF8304485421DDA81
S21403D0780320E7F7B5F82044854219DA0520E7F7D1
S21403D088AFF838448542B4BF07200520F8BD6FF0D3
S21403D0980406E5E76FF004040526E2E700266FF0CA
S21403D0A80407DFE7002405272646DBE70120EDE72C
S21403D0B80320EBE738B5054600242046E7F790F843
S21403D0C80134A842E4B202D9062CF6D10724204636
S21403D0D838BD38B14379490023F00C0301F00C013D
S21403D0E80B434371704710B5044678B141794088BD
S21403D0F8490801F006010131000AFFF7A5FF0246B9
S21403D10801462046FFF7E5FF104610BD0722FBE75A
S21403D11838B50D46E9F744FB044608B9002038BD80
S21403D128FFF7E1FF002DFAD1237913F00703F5D0B3
S21403D138984238BF1846C0B2F1E7037923F00703CD
S21403D148194301717047037903F00F0343EA011388
S21403D158037170470022E9F7C7BE0021012208B50C
S21403D168E9F7C2FE401A18BF012008BD38B51546B0
S21403D178FFF7F0FF0446284604F0B0F884B1FF280A
S21403D18804D0626822FA00F3DB0701D5012038BD14
S21403D1980123834013436360E3780133E370F5E7C1
S21403D1A82046F4E7EAF70AB910B503F05FFB00F187
S21403D1B81004204603F0B1FF20F4007189B220461C
S21403D1C8BDE8104003F0ABBF2DE9FF4115460191BA
S21403D1D801218DF80D301B0A8DF80E309DF82C3082
S21403D1E88DF80C008DF80F3028460423009103AA07
S21403D1F89DF828809DF830709DF8346001F0D8FCBF
S21403D208044670B12946FFF7D6FAB8F1000F02D1E3
S21403D2182046FFF7C9FF2FB146B931462046F5F732
S21403D228F5F80024204604B0BDE8F0810022204625
S21403D2381146EAF749F8F4E74FF47A70EAF79EB925
S21403D248F0B5064687B010461C460F461546FFF748
S21403D2587BFB9DF83030184443789CB161780122F3
S21403D26811F0020F0CBF032100210020CDE9014273
S21403D278CDE903100722394630460095EAF71AFA2D
S21403D28807B0F0BD22462146EFE708B5E8F728F8C9
S21403D298BDE808400020EAF749BC00B58BB06846ED
S21403D2A8EAF748F9009BBDF8060004A90693EAF7CF
S21403D2B8E7F80BB05DF804FB1FB504466846EAF7C3
S21403D2C839F902AB03CB2060616004B010BD1FB50B
S21403D2D8062304468DF80C30EAF7B8FD00238DF8CC
S21403D2E80D00CDE9003301210223204603AA01F0ED
S21403D2F85FFC04B010BD70B50C4605460120EBF77D
S21403D30899FC237B4BB1FFF7BFFC014623462A460D
S21403D318BDE870400120EBF747B84FF6FE71F5E716
S21403D328F8B50E460746FFF70FFB054603F0F5FE6E
S21403D33800F44040B0F5404F14BF0022062202F125
S21403D3480A03EB5C0B325C0004F00E045B0814441F
S21403D35803F0380338461C44FFF7FBFA844208D226
S21403D368001BC2B20F2A28BF0F2230462919E0F73E
S21403D378A9F82046F8BD40F62740ECF78DBB13B551
S21403D388F5F7E6FA6946044600F0E1FF58B1FFF7F9
S21403D3987BFC40B1E8F798F828B1002302226946D7
S21403D3A82046F2F795FE02B010BDFF224FF6FF7136
S21403D3B8ECF7BEBD07B500210DF10700ECF746FFF5
S21403D3C89DF8070003B05DF804FB13B5044601A9EE
S21403D3D80020ECF73BFF019A01462046ECF74CFF8A
S21403D3E8204602B010BDF0B50F46002187B00446AC
S21403D3F808461646ECF72AFF012305460DF10A00F0
S21403D4088DF808408DF80930FFF756FF092C1DD113
S21403D41831460DF1120003F082FE05AB002102AA85
S21403D4289B1A2846CDE90011DBB2642101F0C0FB44
S21403D4380546E0B1092C15D1ECF768FF044688B118
S21403D4482846ECF777FF204607B0F0BD31460DF1C6
S21403D45813008DF812704FF6FF7503F060FE0DF19A
S21403D4681503DBE7284600F02EF80446EBE70446E8
S21403D478E9E77FB50D461646ADF80E0003F012FA37
S21403D488841BE4B2BDF80E20631B9BB210462946E4
S21403D4980093731901F0C0FA21460DF10E0001F04E
S21403D4A893FA04B070BD38B504460D4603F033FF4F
S21403D4B840B1AC4206D0204603F0F8FBBDE838403E
S21403D4C800F0DBBF38BD10B50446FFF73DFA02305F
S21403D4D803F023FE4FF6F7739842204603D9BDE8B8
S21403D4E81040EDF7A9B8EDF7F3F8B0FA80F0400965
S21403D4F810BD0022ECF7C4BF70B50546FFF724FA43
S21403D5080646284601F078FB01462846F7F7E4FE68
S21403D51804462846FFF739F94FF6F773984208D8B2
S21403D528337803F00303012B05D1A31E5842584151
S21403D53870BD0120FCE70020FAE741F2033330B55B
S21403D54885B00D46ADF808300446FFF79DFB8DF809
S21403D5580A00FFF799FB0021000A8DF80B00052344
S21403D5682046CDE9001102AA8DF80C5001F020FBE5
S21403D57810B12146FFF7BDFF05B030BD2DE9F041D8
S21403D588044617460D46E1B13F294FF0000600D181
S21403D59835462046FFF7D5F8082814D1012120463A
S21403D5A803F09CF9064603F07DF90446304603F07B
S21403D5B85DF93B4601462A46E0B2BDE8F041FDF771
S21403D5C83EBA0126E5E72046FFF7BBF8024630B920
S21403D5D8BDE8F0414FF6FF71012003F067BD204612
S21403D5E8FFF7C0F8B0F5006F0ED12046FFF7CDF869
S21403D5F84FF6FF739842014617D0002D0CBF032041
S21403D6080520002203F052FD29462046E9F714FFB9
S21403D61868B929462046EEF7EFFC40B93246294654
S21403D6282046BDE8F041EDF70FBB0120E9E7BDE86A
S21403D638F08137B54FF6F675FDF74DF9431E9BB2E5
S21403D648AB420446F8D8E9F7ABF80028F4D16946A4
S21403D6582046E8F799FB0028EED0204600F0DCFFCA
S21403D6680028E9D12046FFF778FD0028E4D12046B4
S21403D678EEF736FD0028DFD1204603F04CFE0028DF
S21403D688DAD12046FDF73DF90028D5D1204603B068
S21403D69830BD73B504460E46EEF722FD054688B937
S21403D6A82046EEF777FD21462B460D224FF6FD70F2
S21403D6B8009500F056F83146204602B0BDE87040A3
S21403D6C8EEF72ABD02B070BD37B5054614460C29D9
S21403D6D814D8DFE801F02C132C13131307131313B2
S21403D6E8132424006946E8F74FFB18B90121684656
S21403D6F8F3F7D0F841202946F8F794FAD4B1204630
S21403D708FFF722F9023003F008FD4FF6F773984245
S21403D71810D9204603B0BDE83040EDF7A5B940F66A
S21403D728144040F613430B2908BF1846E3E7F6F7F9
S21403D7389BFCE3E703B030BD1FB503460846032149
S21403D7488DF80D308DF80C1001230021ADF80E204E
S21403D758CDE9003103AA042301F02AFA05B05DF8DF
S21403D76804FB2DE9F34106460F4614461D469DF86D
S21403D7782080FFF789FAB04207D1002221463846AF
S21403D78802B0BDE8F041FFF79FBF3A463146204650
S21403D798FFF7D2FFADF8060060B10D2C05D10022C5
S21403D7A84FF6FF71282003F081FC35B9BDF8060053
S21403D7B8FFF789FE02B0BDE8F081012342462946F9
S21403D7C80DF10600E7F7E0FCBDF80630002BEDD1B7
S21403D7D8F0E7F7B50C460546FFF7B6F8611C0646AC
S21403D7E82846F7F779FDA11C0746284601F027F9CE
S21403D7F8014604463846FDF7BAF80D2F34D12046BD
S21403D808EEF76EFC78B1301D03F087FC0446284615
S21403D818F679FEF7FCFF31460246204603B0BDE81C
S21403D828F040FFF7A3BCB01C03F077FC4FF6F77382
S21403D838984202D92846EDF717F92046EEF7AAFCD0
S21403D848FFF722FAA04205D1002003B0BDE8F04056
S21403D858EEF7E4BC6B46B068F16803C36946204636
S21403D868EEF75AFC03B0F0BD2A463946204603B005
S21403D878BDE8F040FFF728BF14220021DFF792BC6B
S21403D8882DE9F04F11F00F0704460E4615468FB0E4
S21403D8985CD10120DCF7D8FF09A8FDF778F909233E
S21403D8A809A88DF82430FDF776F909A8DCF79EFF5A
S21403D8B801A909A8FDF700FB26F00F08A84404F100
S21403D8C8100904F10F0A454511D1236901A9334408
S21403D8D8236109A8FDF7D5FA0020DCF7B5FFB6F1F2
S21403D8E8005F28BF272738460FB0BDE8F08F05AA84
S21403D8F8234696469446186859680833ACE80300E6
S21403D9084B456246F6D12B46224605F1100B53F8D3
S21403D918041B5B4542F8041BF9D1714609A8FDF7B9
S21403D928B0FA09A8DCF762FF224621460120DCF795
S21403D93847FF013D631E13F8012F15F8011F5345D2
S21403D94882EA01021A70F6D15D46BCE70227CAE7E7
S21403D958F0B5174685B005460C46102200216846E2
S21403D968DFF720FCBFB3C4B30F2C04F00F0608D9A7
S21403D97824F00F043A4621462846FFF781FF40BBAA
S21403D9882744324639466846DFF79CFD80222F69CE
S21403D99806F1100337446B44B7F5005F03F8102C01
S21403D9A82F61C6F110061AD3062E1FDDFB001A0ECA
S21403D9B88DF80A201A0C5BBA8DF80B20ADF80C30DC
S21403D9C86A4610212846FFF75BFF00202B69103BA9
S21403D9D82B6105B0F0BD3E46D8E72646D6E7022EAD
S21403D9E804DDFB005BBAADF80E30E9E76A461021A2
S21403D9F82846FFF745FF2B691022A3F110040021E0
S21403DA0868462C61DFF7CEFBB7F5005F4FEAC40321
S21403DA18CDD2E7E770B50E46054686B001A814468C
S21403DA28FFF72AFF3246294601A8FFF791FF224649
S21403DA38054601AB05AE1C4603CCB44210605160E4
S21403DA48234602F10802F6D1284606B070BDEEF763
S21403DA5883BC0A460021EEF77FBCF0B58BB00C46B4
S21403DA6801A9EEF779FC054680B325220021E01CC0
S21403DA78DFF798FB0123A3700E23BDF810702380ED
S21403DA88FA0510D523464FF4877206AE23F8042BFF
S21403DA980DF1280C324603CA6245186059601646CB
S21403DAA803F10803F6D13B0605D5238843F0800324
S21403DAB82380069B636001AB03CB039BC4F81D005E
S21403DAC8C4F82110A361EFF753FF606128460BB033
S21403DAD8F0BD30B505460C4687B001A8FDF757F8E4
S21403DAE82868696802AB03C39DF8113043F0020245
S21403DAF88DF8112074B12288510644BF43F00603FB
S21403DB088DF81130530542BF9DF8113043F00803D2
S21403DB188DF8113001A8FDF735F9B0FA80F0400901
S21403DB2807B030BD70B58AB00D46002201A9044679
S21403DB38EEF712FC88B1204604A9FFF7CAFF60B1C6
S21403DB48BDF81060FFF7A0F838B9720601D573055B
S21403DB5803D529462046FCF776FF0AB070BD2DE9A3
S21403DB68F3410F460546164602F09CFE4FF00008A2
S21403DB78C41BE4B2294623463A463046CDF800800D
S21403DB8803F0D0FB0121284602F0A8FE88B1012144
S21403DB98284602F0A3FE074602F084FE0546C3B2F3
S21403DBA8424630193946CDF8008003F0BBFB2544BE
S21403DBB8ECB2204602B0BDE8F0812DE9F04F85B0FF
S21403DBC80C46054691461F464FF0010ADDF8388095
S21403DBD89DF83CB002F066FE22463B4629460646BA
S21403DBE8CDF800A0484603F09DFB5146284602F0B0
S21403DBF875FE3C4418B35146284602F06FFEF6B24B
S21403DC08B442814610DAE7B2F31BDBB2404622463B
S21403DC182946CDF800A003935F4403F083FB039BD8
S21403DC28BF1B984407F0FF0B012300220E934946B7
S21403DC385B46404605B0BDE8F04F03F073BB5B4652
S21403DC4822462946CDF838A0F3E72DE9F041002609
S21403DC5886B0074608460C4615469846CDE902663A
S21403DC6804968DF8146002F01DFE411BCBB20D2BF3
S21403DC7828BF0D232A462146009602A803F052FB26
S21403DC88424602A93846EEF7E1FD064629462046EF
S21403DC989DF80820F7F734FB304606B0BDE8F08158
S21403DCA82DE9F04F0E46CBB00121054617461C4614
S21403DCB802F014FE23463A462946814606A8FFF78D
S21403DCC8C4FF0DF1280A00EB070B524631462846D7
S21403DCD85FFA8BFBFFF743FFB34503D200204BB035
S21403DCE8BDE8F08FABEB06085FFA88F808F1040383
S21403DCF89842F3DB331F18440423C4B20193A31BCF
S21403DD08DBB20093524643460021CDF808A006A886
S21403DD18DCF70AFD0028E1D1A4EB0B040AEB0803A1
S21403DD28E4B2524628463146009301944346FFF729
S21403DD3844FF39462846F7F7CFFA394600F0F80283
S21403DD482846F7F7DDFA0121284602F0C7FD002822
S21403DD5818BF4D462846ADF8165002F0A3FD011F1E
S21403DD68C9B20DF1160000F02FFE0120B7E72DE922
S21403DD78D841064600F040FF411C044689B23046A7
S21403DD8800F00DFF98B394B321463046F7F7A4FA8C
S21403DD9800F00C03042B074629D000F00308B8F15B
S21403DDA8020F00D11BBB384600F0AFFF3B06044406
S21403DDB8A4B216D5611C304689B200F0F0FEB0B1A5
S21403DDC821463046F7F788FAB8F1010F014600F006
S21403DDD803030CD0032B0AD0384600F0A5FF03191B
S21403DDE89CB221463046BDE8D84100F0D8BE002094
S21403DDF8BDE8D881F8B5064600F0C0FE05460446D9
S21403DE083046FEF7A1FD43785B0718D5AC1CA4B2D1
S21403DE182146304600F0C3FEB8B129463046F7F728
S21403DE285BFA0746691C304689B2F7F755FA1FB1FD
S21403DE38874201D8FF2808D104EB4704A4B2214639
S21403DE483046BDE8F84000F0AABE0020F8BD13B57A
S21403DE58044601A8EEF752FFBDF80430DA0710D4DB
S21403DE689B0707D410220021204602B0BDE81040C5
S21403DE78DFF798B9224621461020FFF7CBFD002886
S21403DE88F0D102B010BD024608B5EEF75FFF5105A4
S21403DE9844BF0838C0B2130544BF0838C0B208BD2B
S21403DEA8F0B5D30705460C468BB04AD5008800F074
S21403DEB8A3FE00230646029314B9CDE9034403AC34
S21403DEC8002208212046FEF771FEA8B12888FEF72F
S21403DED83BFD023003F021F921460746E7F754FFD6
S21403DEE850B1002240231146384600F01DFA40F68A
S21403DEF8094528460BB0F0BD31462888F7F7ECF9F4
S21403DF0810F0030F0CBF01260026EEF769FA46EA5F
S21403DF184000C0B200900021204602AB05AAF0F7E5
S21403DF287FF90546EEF75CFA0028E2D0002DE0D02C
S21403DF3800212046009602AB05AAF0F771F90546BC
S21403DF48D7E740F60A45D4E700231A46F0F7C2B8DF
S21403DF5830B58BB005AD04462846FCF718FE0223F9
S21403DF68284601A98DF81430FCF7A6FF234601AA14
S21403DF78144603CCAC4218605960224603F10803E2
S21403DF88F6D10BB030BD08B500230246194618462D
S21403DF98F0F7A0F8012008BD37B504466846F0F741
S21403DFA811F9054648B1082221466846DFF746FCBC
S21403DFB8B0FA80F0400903B030BDFF22082120469E
S21403DFC8FEF7F4FD034628B106212846FFF7BCFFF3
S21403DFD80120F0E722460146F0F77CF8F8E707B594
S21403DFE86846F0F7EFF810B16846FDF7E3F800F077
S21403DFF8010003B05DF804FB0120F0F71DBE70476F
S21403E00837B504460846FEF7DCFB0546FEF73CFE36
S21403E01800230146009322462B460120F6F748F9CB
S21403E02803B030BD30B50124054689B003A8FCF714
S21403E038AEFD01A88DF80C40DCF736FC9DF80620EB
S21403E0489DF80730AA4209D0AB4209D103A88DF838
S21403E0580D40DCF7CBFB012009B030BD0024F5E703
S21403E0680020F9E700221021FEF7A0BD7FB50D4674
S21403E07800F582300D22694600F58070D0F7FAFD68
S21403E0886B462A4602AE1C4603CCB4421060516067
S21403E098234602F10802F6D120681060237913712B
S21403E0A800236B7304B070BDF0B585B06A460546A9
S21403E0B80B46164601F108071446186859680833CC
S21403E0C803C4BB422246F7D118680D2220601B7989
S21403E0D805F582303146237100F58070D0F7F6FDDA
S21403E0E805B0F0BD38B504460D46DBF7A1FEA042E1
S21403E0F805D920462946FFF7B9FF002038BD282052
S21403E108FCE730B5002485B08DF80040DBF790FEB9
S21403E118E5B2A84204D8F2F721FA002005B030BDCC
S21403E12869462846FFF7C0FF0134EFE738B50446CB
S21403E138002002F08BFDFF2805460FD002F00EFEE6
S21403E14810F0010009D0284602F008FE400840EA0D
S21403E158C17080F0010000F0010038BD04F0010032
S21403E168FBE70146F8B506460020F2F731F9FF2823
S21403E17801D00120F8BDDBF74BFE00240546871CBB
S21403E188DBF74AFEE3B2984201D80020F2E735F8F7
S21403E1982430B34203D117F82430002BE9D10134D5
S21403E1A8EEE738B50D460121044602F097FB30B179
S21403E1B80121204602F092FB2880012038BD204624
S21403E1C82C8000F00EFE0130C0B2F7E72DE9F047C9
S21403E1D888B00746894610460DF10A011D46904643
S21403E1E8FFF7DFFF4FF0000ABDF80A600446304623
S21403E1F8CDE905AACDF81BA002F054FB031BDBB23E
S21403E2080B2B28BF0B2322463146CDF800A005A8C2
S21403E21803F088F848F21F039D4243D00BD885F4D1
S21403E2280043012B15D923464246494628460097FC
S21403E238FDF713F833E048F23A039D42F3D1FEF7AD
S21403E24823FDB8422BD02246414605A8FDF73AF8E7
S21403E25825E09DF8143013BBBDF81D40DDF8150006
S21403E268DDF8191003AB03C3204603A9DCF702F84D
S21403E2780122204603A9EEF705F8A74206460ED064
S21403E288012103A8F2F706FB48F201039D4206D1D3
S21403E2982EB9334632463946204600F046FE08B0C5
S21403E2A8BDE8F0879DF81450002DF8D12F469DF849
S21403E2B815800234EAB24245F1D2D200D2B22244E1
S21403E2C80823314692B2009703A8CDE9037703F0F3
S21403E2D829F803A8F4F76CFB02F0E8FC00F0CDF885
S21403E2E80135E7E708B5E6F7FBFFBDE80840F2F7B0
S21403E2F80FBD10B50024418084800480C28003814A
S21403E30810BD13B5BDF81040CDE900340023F2F76D
S21403E31867FE02B010BD13B5BDF810400190009417
S21403E328F2F75EFE02B010BD07B500930123FFF7B0
S21403E338F2FF03B05DF804FB0123F2F7F7BE0121F1
S21403E348F4F764B801464FF6FF70F3F787BF10B5C6
S21403E3580C4602F0ABFCFF2808D0F4F711FB20B1FB
S21403E3680368236043680120636010BD0020FCE750
S21403E37810B50446FEF7F6F9B0F5006F204605D14A
S21403E388FEF703FABDE8104002F090BCFEF719FA50
S21403E398BDE8104002F0BBBF08B502F087FCFF28B3
S21403E3A80CD002F0DBFC10F0010309D0400840EA69
S21403E3B8C17080F0010000F0010008BD0020FCE7F2
S21403E3C81846FAE71FB500F582300B2201A900F5B7
S21403E3D8C070D0F74FFC9DF80E0005B05DF804FB3F
S21403E3E830B589B001F0010503A90446F4F7EAFE3F
S21403E3F89DB190B9204602F0B1FC10F0010109D096
S21403E408204602F0ABFC430843EAC17383F00103DA
S21403E41803F0010103A8F2F73DFA2046F5F76AFE72
S21403E4289DF81430294600932046BDF8162003AB02
S21403E438FCF781FA09B030BD7FB50C460546F4F7FC
S21403E44887FAA04217D04FF6F7739C4213D805F500
S21403E458823606F5C0760B2201A93046D0F70AFCA9
S21403E46801A90B223046ADF80C40D0F72FFC214605
S21403E4782846F4F7BFFA04B070BD10B50446DBF7B8
S21403E488DDFCA0420FD92046F4F762FA4FF6FF7375
S21403E498984208D020460021FFF7A2FF2046BDE891
S21403E4A81040F4F7E9BE10BD10B50446FEF7ECFBC2
S21403E4B80023024619462046BDE81040F5F736B84D
S21403E4C82DE9F04114460F4605469846FEF73CFAF2
S21403E4D80646043002F021FE20802846FEF797F908
S21403E4E86080B379791CE372C9B22846F6F7F4FE5E
S21403E4F8B91CA072C9B22846F6F7EEFEFE1C2072B7
S21403E508F6B2B8F1000F18D03146284600F097FA4D
S21403E5180537FEB23146A080284600F090FAB11CB3
S21403E528E080C9B22846F6F7D7FE6072217AA0883B
S21403E5380122BDE8F041F5F719BD2088EAE72DE981
S21403E548F04186B090461E4604460D46FEF79CFBF1
S21403E5584FF6F7739845074632D80523A0428DF839
S21403E5680C304FF0010214BF012300234FF00001C3
S21403E57818BF8DF80D30CDE9002114BFADF80E0095
S21403E5888DF80D30284614BF0423022303AA00F08F
S21403E5980FFB0546A0B1A7421AD0FEF7D5F90746E2
S21403E5A821460430803E02F0BAFD2046FE7104A9D7
S21403E5B8FFF7CDFE40B9204604A9E7F7F9F818B9DE
S21403E5C8002006B0BDE8F081284604A900F07EFBCB
S21403E5D841462846FEF78DFFF3E7037923F0030346
S21403E5E8194301F03F010171704707B50DF10701A3
S21403E5F8F5F762FB03B05DF804FB08B5FFF7F5FF14
S21403E60818B1BDE80840F5F7A7BB08BD00224FF6CA
S21403E618FF701146F5F7AABC10B50446FFF7E5FFE9
S21403E628024638B901462046F5F7A0FC003818BF5D
S21403E638012010BD0120FCE7F8B5174604460E4630
S21403E648FFF7D3FF0546386068B1037903F0030381
S21403E658337023B93A68137903F03F0313713B68A1
S21403E6685C882046F8BD01462046FEF751FD07465E
S21403E67828B1E8F7A3FA874201D83570F1E731469F
S21403E6882046FCF7E4FD0028EBD003234FF6FF747F
S21403E6983370E6E707B501AA0DF10301FFF7CCFFD0
S21403E6A89DF8033053B9019828B1037913F0300F56
S21403E6B814BF0120002003B05DF804FB0020FAE72E
S21403E6C82DE9FF410646104688461546F4F770F9C5
S21403E6D80746FEF7D9FA044648BB4FF6FF739E4231
S21403E6E825D09F4206D00146384604B0BDE8F0411F
S21403E6F8EBF72EBD07238DF804302B680246CDF8BA
S21403E70805306B68092101A8CDF80930FEF737F9FB
S21403E718024618B9192004B0BDE8F0810123414622
S21403E7283046F0F77FFF0028F4D02046F3E70220B0
S21403E738F1E72DE9F04390460F4606464FF00109E8
S21403E74891B00BA803ADFCF722FA07AC29460BA831
S21403E758ADF82C90FCF7B0FB95E80F0084E80F00A3
S21403E7684B46002239463046CDE90048F1F776F89D
S21403E77811B0BDE8F0832DE9F04F002785B0814638
S21403E7880C467E2039469846BDF83CB09DF844A012
S21403E798BDF84C500192ADF80E7002F0DBF8064651
S21403E7A8002800F0AA8002F061F839467E22DEF7D8
S21403E7B8F9FC304602F05AF80090304602F056F854
S21403E7C8B9F1FF0F0CBF274644F003073B0A14F4BE
S21403E7D84062077043705FD14FF00808C31C1846A1
S21403E7E842460199DEF730FD034604F440444344A9
S21403E7F884B1790606D419464FEA1B2201F802BBF0
S21403E8085A700B46B4F5004F56D0A4F5404254420E
S21403E8185441E400224618460E99DEF715FD009A81
S21403E82803462044A0EB02085FFA88F89DB14FF42C
S21403E8387C521A53841C284602F018F88346284646
S21403E84802F030F8C5B22A4659462046DEF73AFEA5
S21403E85860190235EDB2B9F1FF0F2FD05246109961
S21403E86800F8019BDEF72EFE08F101015AFA81F142
S21403E87829443046E6F71EFC0C210022FF0007F069
S21403E888800710463943FEF73DF8ADF80E00E8B9A1
S21403E898002005B0BDE8F08FB2F5006F80F803805E
S21403E8A84FEA182880F8048000F1050314BF4FF0D8
S21403E8B808084FF0020892E70224ABE708EB0A01C0
S21403E8C829443046E6F7F6FB0821D6E7304601F03A
S21403E8D8CDFF0446304601F0E5FF012302462146F4
S21403E8E80DF10E00E6F750FC0028D1D10121BDF842
S21403E8F84820BDF80E0002F005F8BDF80E00C8E77C
S21403E90810B50C46098821B90846F6F733F820806F
S21403E91808B1012010BD0220FCE72DE9F047804628
S21403E9280F460646002402F1FF39BC4202D219F804
S21403E938015F25B9A6EB080080B2BDE8F0879A46C2
S21403E948A5F13102012A5AF8041B10D83246322D93
S21403E95802F8011B06D10134A4B2A74232D3091226
S21403E968B21C7170013453461646A4B2DDE7342D43
S21403E9780CD10334BC42DDDA0B0A317073700B0C0E
S21403E988090EB370321DF170A4B2EBE7A5F133029A
S21403E998062A0DD8303DADB22B19BB42CADA2A4631
S21403E9A83046013CDEF750FC15FA84F47219EBE79F
S21403E9B8A5F14102062A01D8373DECE79D8803F105
S21403E9C8080AE9E71646B5E770B5054600880C4613
S21403E9D801F068FFA04228880AD201F063FF0023EB
S21403E9E8221A19462846BDE8704092B2E6F7CCBB11
S21403E9F82146E6F75FFB002070BD38B5054601F0F3
S21403EA0835FF0446284601F04DFF002201462046FE
S21403EA18BDE83840FDF7B3BFF8B516460C461D46A5
S21403EA28BDF8187001F022FF0444304601F01EFFBB
S21403EA383A4641192046BDE8F840DEF705BC70B5EE
S21403EA480C46013189B20646F6F746FC21460546CA
S21403EA583046F6F741FC00EB052080B270BD1FB5C3
S21403EA680123ADF80C2000930A460223014603A8A7
S21403EA7802F058FC05B05DF804FB0FB437B5069DE5
S21403EA880021A8B201F066FF044601F0EFFE2CB1A0
S21403EA98002207AB0193D1B28D4205D8204603B0B6
S21403EAA8BDE8304004B0704753F8041B8154013264
S21403EAB8F1E773B504460D4640200021164601F0DB
S21403EAC849FFADF8060001F0D1FEBDF8063013B9CC
S21403EAD8002002B070BD402133462A462044FFF783
S21403EAE81CFF211889B20DF10600FFF76DFF0028F9
S21403EAF8EED1BDF80600ECE70EB403B503AA52F848
S21403EB08041B0192FFF7D5FF02B05DF804EB03B0D0
S21403EB1870472DE9F7430F4601218146164601F053
S21403EB28DDFE054658B1FFF768FF308088B92846EA
S21403EB3801F0B8FE68B1192003B0BDE8F083484673
S21403EB4801F0B0FEFF2FA0EB0704E4B214D014B90B
S21403EB5834800020F0E72A4621462846FDF70FFFB3
S21403EB6880460028E7D03B464A4629460094FFF7E6
S21403EB7853FFA6F80080ECE70120DDE708B5FDF7AC
S21403EB88E3FE437803F001001A074CBF1030083041
S21403EB98DB0644BF0830C0B21030C0B208BD10B59B
S21403EBA80C4601F07FFEA04234BF0020012010BDB2
S21403EBB87FB514460091024641F2092141F6092021
S21403EBC89DF820601D46002E18BF0146099B0020AD
S21403EBD8F6F7AAFBADF80E0010B9002004B070BD16
S21403EBE801232A4621460DF10E00E6F7CDFA002842
S21403EBF8F3D1BDF80E00F1E738B50546FFF7BEFFBB
S21403EC080446284601F04EFE631C9BB283420FD887
S21403EC182846FDF799FE43785B0707D5214628461D
S21403EC28F6F75AFB013004EB4004E4B2204638BD3D
S21403EC380024FBE71FB5ADF80E0001F033FE0446CB
S21403EC48BDF80E00FFF7D8FF00F10E03DBB2BDF8E0
S21403EC580E200146E01A80B200901046FFF7DCFE4D
S21403EC68A4F10E0189B20DF10E00FFF7ADFE04B054
S21403EC7810BD4278034612F0080006D0D20702D425
S21403EC8803F10800704703F10900704737B50546D6
S21403EC980C46FDF759FE437813F0100212D09CB1C8
S21403ECA803F001021B074FF0000329460093204692
S21403ECB84FF0080354BF1832203202F033FB01200A
S21403ECC803B030BD1046FBE72046F9E773B50546A3
S21403ECD80C46FDF739FE437813F0100211D094B1B1
S21403ECE8012603F001021B0729464FF008032046B6
S21403ECF854BF18322032009602F014FB304602B096
S21403ED0870BD1046FBE72046F9E700F00303012B26
S21403ED1808D0C30606D400F00C000C2814BF08203D
S21403ED280920704702207047034611F0030005D0F8
S21403ED3803F00303022B14BF022003207047F8B521
S21403ED480C46064601F0AEFD631C834202D9002535
S21403ED582846F8BD21463046F6F7BEFA0746FFF7BB
S21403ED68D4FF3B060546F3D50444304601F09AFD26
S21403ED78A4B2631C9BB28342E9D821463046F6F711
S21403ED88ABFA01463846FFF7CFFF2844C5B2DFE79C
S21403ED9870B506460D46FFF7D2FF044610B90024A1
S21403EDA8204670BD29463046F6F796FA8206F7D50A
S21403EDB8304601F077FD2544ADB26B1C9BB2834207
S21403EDC8EDD829463046F6F787FA00F01803082BDD
S21403EDD814BF05340634E4B2830644BF0834E4B2E9
S21403EDE8DEE738B50546FFF707FF044608B90020EF
S21403EDF838BD01462846FFF7CBFF0028F7D0204446
S21403EE08C0B2F5E72DE9F04387B005460C46FDF793
S21403EE189BFD804602F081F907462846FFF7ECFE7D
S21403EE28064601462846FFF78AFF00220346009255
S21403EE382946324602A802F075FA9DF8086006F0DD
S21403EE480C030C2B06F003090BD0B9F1010F59D0AC
S21403EE58F10657D49DF809300DF10A0500206371B1
S21403EE6807E0FF230DF10900637102F056F90DF16F
S21403EE780B05208198F80130DA0704D508F102005B
S21403EE8802F04BF92081B9F1010F5FFA89F83DD0FA
S21403EE98F3063BD4284602F040F96080A81C02F02B
S21403EEA83CF9053515F8013C208023712B78B0060C
S21403EEB8A37206F0400348BF43F02003390627D55C
S21403EEC843F40073F80448BF43F48063390548BF26
S21403EED843F400633206E38011D56A7812F003021E
S21403EEE80DD06FEA43436FEA5343A978B8F1020F8C
S21403EEF8E3800B4611D1EB7841EA0321218107B061
S21403EF08BDE8F083FF230DF10905A7E7FF23CCE748
S21403EF187A0648BF43F48073D4E7012A04BF0B027A
S21403EF289BB22381EBE7F6F7DBBE0BB1F6F744BFDC
S21403EF380AB9F6F7BDBFFF21F6F7E6BE431C08BFBE
S21403EF480020DFF705BA0000034B5868C0F3080033
S21403EF58003818BF0120704700ED00E0014B186821
S21403EF68704700BF20670020084B1B6F03F007039A
S21403EF78022B04D0032B05D0012B05D0FEE7044B48
S21403EF8818687047034BFBE7034870470080005038
S21403EF982067002028670020002D310108B5FFF7F9
S21403EFA8E3FF054B1B6FC3F303330133B0FBF3F0E7
S21403EFB8024B186008BD00BF008000501C67002085
S21403EFC80048704700B4C40400487047002D310158
S21403EFD8014B1868704700BF28670020014B186864
S21403EFE8704700BF24670020B8B1036813F4E07FB6
S21403EFF803F03F00C3F382120AD0012A0DD1084B4F
S21403F00841B103F58053012282401A6000207047FD
S21403F018044BF5E703F50053F5E70E20704700BFEA
S21403F028688000506480005007B500F095FC6A4677
S21403F03800F0F2FC18B14721034801F090FFDDE920
S21403F048000103B05DF804FBC71A04000229F8B5EB
S21403F05896BF104B00245C5C012805460E4608D074
S21403F068022809D008B944F002040B4B1F6837B9C5
S21403F078F8BD44F00804F8E744F02004F5E77B6895
S21403F0881A68144203D0314628465B6898473F6897
S21403F098EDE700BFE6B10400A43C002038B5104DE8
S21403F0A82B78ABB10F4C23781BB100F04FFA002333
S21403F0B82370002001F066FF0B4C50B100F098FA5D
S21403F0C80023012120782B70FFF7C0FF012323704C
S21403F0D838BD0122054B1A702278054B1A70F7E7DC
S21403F0E8D05C0020CE5C0020D65C0020D15C0020DB
S21403F0F8D25C00200E490B78FF2B01D198B17047DC
S21403F1080BB990B97047002814BF0122FF22134495
S21403F1180B7060B1074B1B78012B08D9064B1B787D
S21403F1282BB9FFF7BBBF1A46F1E70122EFE7704793
S21403F138D55C0020D65C0020D15C002010B501F019
S21403F1487AFE064B04461B781BB1BDE8104001F057
S21403F1586DBEFFF7A3FF2046F7E700BFCD5C002090
S21403F16802282DE9F04147D029480378FF2B41D1DF
S21403F178002941D11A461344DBB2037000293BD059
S21403F188244E3278012A37D9002B3ED001F053FE9D
S21403F198214F04463B780BB3204D2B781BB901222D
S21403F1A82A701F4A1370DFF87C8098F8003023B162
S21403F1B800F0CCF9002388F80030204601F036FE2C
S21403F1C8012001F0DFFE01F036FE2B7804461BB162
S21403F1D800F00EFA00232B7000233B70204601F044
S21403F1E825FE01243078A04206D02146FFF72EFFDD
S21403F1F8347001E013B931B9BDE8F081002914BFB2
S21403F2080122FF22B7E70122B5E70224EAE700BF97
S21403F218D55C0020D65C0020D05C0020CD5C0020A6
S21403F228D15C0020CE5C00202DE9FF47EFF3108564
S21403F23872B6AFF3008001F07AFF002800F0A480CE
S21403F2486B4E6C4F337823B10020FFF753FF002330
S21403F2583370387878B903A900F04EFB044650B9E2
S21403F268654B039A1B689A4200F296800120FFF7C3
S21403F27841FF012333703B78002B40F0AB805F4B94
S21403F2881B78002B00F0A3804FF002085C4CDFF8D5
S21403F29890912078DFF88CA140450AD0002389F89E
S21403F2A800309AF8003013B94146FFF7CFFE84F8CA
S21403F2B8008099F800303BB12378022B04D1002351
S21403F2C889F8003001F07DFFB8F1020F0FD1DFF89F
S21403F2D82C8198F8003053B94A4B1B7823B900F0B1
S21403F2E82FF90122484B1A70012388F8003020783A
S21403F2F800F0FEF89AF8003013B1444B1B782370DD
S21403F308AFF30080284601F038FEEFF3108572B697
S21403F3183F4B1A7852B100221A703C4B20781B7860
S21403F328984203D101212170FFF790FE394800F077
S21403F338A3FA01F010FF8046002883D12F4F89F8DF
S21403F34800003B789BB1DFF8C0908AF8000099F874
S21403F35800301BB100F0FAF889F80080002001F0AD
S21403F36811FE002839D000F043F900233B703378A8
S21403F37823B10020FFF7BEFE002333700021207858
S21403F388FFF764FE00232370AFF30080284604B01B
S21403F398BDE8F04701F0F1BD1F4BD3F8008000F03D
S21403F3A861F9039B80449845BFF460AF00F054F9B5
S21403F3B88200039942F0020292B2CDE90042234644
S21403F3C8164AA1EB0801134801F0DEFD53E700F0E7
S21403F3D8A1F859E74FF0010858E7012000F088F82C
S21403F3E8284601F0CAFDEFF3108572B6B6E700BFEC
S21403F3F8CF5C0020D55C0020AC3C0020D05C00200D
S21403F408D65C0020D45C0020CE5C0020D25C0020B2
S21403F418CB5C0020B03C0020A83C002045F103004C
S21403F428D35C0020D15C002010B501F004FD002257
S21403F438054B1C781A7001F0F9FC00F021FBE4B2C6
S21403F4482043C0B210BD00BFCC5C002038B501F025
S21403F458F2FC094B05461B78012B04D801F0E6FCA1
S21403F4680024204638BD054B1C6800F0FBF804440E
S21403F478284601F0DBFCF4E7D65C0020A83C002015
S21403F4881649174A0B6F10B503F007031360154A9E
S21403F498154C9269032B02F00200C2F34002227055
S21403F4A81AD0D1F8203103F00303022B14D0D1F875
S21403F4B8243103F007039C1E634263410B4A13700F
S21403F4C848B143B9054BD3F8003103F00303591E7B
S21403F4D84B424B41137010BD0123EFE700800050E9
S21403F4E80C3D002000C00150DB5C0020DC5C0020E3
S21403F4F8012805D00238012808D80020CCF75CBFBD
S21403F508034A136923F00403136130BF704700BF2F
S21403F51800ED00E0074A0849D2F8203103F0030358
S21403F5280B60D2F82431054A03F007031360F7F794
S21403F538C1BF00BF00800050183D0020143D0020C6
S21403F5480122014B1A707047DA5C0020F8B51F4B8E
S21403F5581B78002B39D01E4C2378B3B91D4B9A6DF4
S21403F568D10302D5DA6D92072FD49B6DDB072CD413
S21403F57801F04DFD184B194A1860136F23F0070363
S21403F58843F003031367FFF709FD01F040FD124B31
S21403F598134D1B68134EC01A2B78134F56F82320A7
S21403F5A846F82300111A3A681048521A0A213A6094
S21403F5B80932B2FBF1F20133DBB20260B3FBF1F2BC
S21403F5C801FB12332B7000232370F8BDDC5C00208C
S21403F5D8D95C002000C00050043D00200080005085
S21403F5E8D85C0020DC3C0020D83C0020D43C00201B
S21403F5F808B5F7F762FF124B12491A6F096822F02B
S21403F60807020A431A671049D3F82021096822F02B
S21403F61803020A43C3F820210C49D3F824210968B6
S21403F62822F007020A43C3F82421094B1B7813B1B7
S21403F6380122084B9A62BDE80840FFF7AFBC00BF3B
S21403F648008000500C3D0020183D0020143D00208B
S21403F658DC5C002000E00050014B1878704700BFC0
S21403F668DC5C0020054B187818B1054B186800EBCE
S21403F678D000044B1B681844704700BFDC5C0020AE
S21403F688D43C0020083D002008B5104B1A78C2B1B8
S21403F69800221A700E4B1A6F22F0070242F001027C
S21403F6A81A67D3F8202142F00302C3F82021D3F8BF
S21403F6B8242122F0070242F00302C3F82421FFF7AD
S21403F6C86DFC0122034B5A6708BD00BFDA5C0020B5
S21403F6D80080005000E000500D490B68A0B10022DE
S21403F6E8A3B1834203D1836822B90B6003E01A46A9
S21403F6F89B68F5E7936083680BB9002070475A69DF
S21403F70841690A445A61F8E7222070470220704785
S21403F718243D002010B501F096FC0A4C0A4B1968E4
S21403F7282368C31A09B9206010BD002BFBD04A69A9
S21403F7389A423ABF9B1A0022D21A4A6128BF00236C
S21403F7488968EFE7203D0020243D002038B5154D95
S21403F7582B682BB35B69B3B1134A022014681C44A5
S21403F76800F088FA204600F047FA00220F492B6873
S21403F7780A70012A05D823B1D88880070AD5012339
S21403F7880B70002038BD022000F074FA022000F047
S21403F79893FAEAE79B68002BF3D058690244E8E734
S21403F7A82220EFE7243D0020203D0020DE5C0020D9
S21403F7B8C38870B504460D463BB9FFF747FE854236
S21403F7C8064602D2F8F72EFE35460E4A65611368DA
S21403F7D89BB91460A3600FE02D1A986819466561F3
S21403F7E8034618B15869A842F6D941B18C60A3609C
S21403F7F813B15A69521B5A6170BD0021F2E71460AF
S21403F808F5E700BF243D002070B516469DF8142082
S21403F818C0E903360271049ABDF818300260002264
S21403F82804460D468260C38006BB01F00CFC2844E0
S21403F838A0613DB9E368656113B12046216898471E
S21403F84896B1354601F0F7FA0646FFF763FF2946F1
S21403F8582046FFF7ADFF074B1B68A34201D1FFF70E
S21403F86875FF304601F0E2FA002070BD01F0EBFBAD
S21403F8783044DDE7243D0020F8B50546D0B101F055
S21403F888DAFA0646FFF746FF0B4B28461F68FFF7CC
S21403F89823FF044620B1304601F0C8FA2046F8BDD7
S21403F8A8AF42F8D1FFF752FF2228F4D1022000F026
S21403F8B8EDF9F0E72224F1E7243D002038B50C469D
S21403F8C80546A8B1A1B100230B7001F0C1FA0121C6
S21403F8D8084B1B6833B901F0B6FA002038BD9D42C1
S21403F8E804D121702278002AF9D0F4E79B68F1E75F
S21403F8F82220F3E7243D0020F8B506460F4601F01C
S21403F908A7FA00250446124B1B6823B9204601F0C4
S21403F9189AFA1B2011E05A691544DA88B2420DD1C7
S21403F92801F091FB0B4E3368C01AA8420AD3002392
S21403F93820463B6001F087FA0020F8BDFF2EEFD083
S21403F9489B68E2E701F07FFB33682B441B1AEFE75B
S21403F958243D0020203D002070B501F079FA0646C4
S21403F96801F071FB084B044601201D6801F05BFBA0
S21403F97818B101F068FB04460135304601F063FA16
S21403F9882046294670BD00BF2C3D0020014B186851
S21403F998704700BF283D0020F8B50C4B05461B688A
S21403F9A80E4683420FD3002440F2E7302146084B25
S21403F9B84FF47A721F680023E5FB0701DDF786F824
S21403F9C830602046F8BD2120FCE700BF1C3D002020
S21403F9D8283D00200F4B10B51A689AB14FF47A7178
S21403F9E8531E1342A0FB01010ED1B2FA82F2C2F1F2
S21403F9F81F04531CD243E04001FA03F3184321FAC9
S21403FA0802F20243104610BD0023DDF75FF80246F4
S21403FA18F8E700BF283D002038B5164B1446834246
S21403FA28154B8B4123D3154B1A6802B34FF47A75DB
S21403FA38A0FB050305FB0131531E134211D1B2FA8D
S21403FA4882F3C3F11F055A1CDB4301FA02F2E840AE
S21403FA5821FA03F310431843E940C4E900010020E0
S21403FA6838BD0023DDF732F8C4E90001F7E72120A3
S21403FA78F6E700BFEFA7C64B37894100283D0020AD
S21403FA8810B501F0E5F9034B1C7801F0DCF9E4B294
S21403FA98204610BDDD5C002008B5084B1B7803F034
S21403FAA8FF004BB101F0B3FA054B1B689B69C01AFC
S21403FAB802288CBF0020012008BD00BFDE5C0020A2
S21403FAC8243D0020C2072DE9F843044607D5474AD4
S21403FAD8136801331360FFF71DFEFFF737FEA3070E
S21403FAE840F1818001F0B4F94FF000080546464618
S21403FAF8FFF710FE3E4F3C680CB16369A3B10022C2
S21403FB083C4B012E1A7003D118F0020F18BF1E7053
S21403FB18FFF71CFE222802D1022000F0B7F8284679
S21403FB28BDE8F84301F08FB923465A693AB91A79FA
S21403FB382179914288BF1C469B68002BF5D128463D
S21403FB4801F081F9D4F81080B8F1000F3FD001F026
S21403FB587AFAA269851AEB17454573F1000337DB72
S21403FB6823691344A36101232269CAB1C3B9A38BCA
S21403FB78B8EB050833B1E28B13449BB2B3F57A7F2F
S21403FB881CD2E38301F064F9054641462046FFF795
S21403FB980FFEA369226928461344A36101F053F9AB
S21403FBA8E36813B1204621689847B4F8068001F045
S21403FBB84FF901360546FFF7ADFD9CE7A3F57A73C3
S21403FBC8E383A36918F1FF38013BA361DAE74546E7
S21403FBD801F03EF981462046FFF77EFD484601F0D0
S21403FBE832F90023C0E7BDE8F88300BF2C3D0020A8
S21403FBF8243D0020DD5C002010B5044601F01BF907
S21403FC084FF0B042936A1907FCD4136A116C526911
S21403FC18520604D4CA1A032A01D899420ED1E21A04
S21403FC28022A98BFDC1CB4F1FF3F38BF013C4FF0F3
S21403FC38B04340221C6403F580539A6101F0F6F83A
S21403FC48054A13783BB14FF0B041CB6B43F0020340
S21403FC58CB630023137010BDCE6C002007B5044B8E
S21403FC6801A9187901F010F9019803B05DF804FBAF
S21403FC7830B0040000F001038207034A48BF43F08C
S21403FC8840039361704700BF00100058820700F0D6
S21403FC9801030AD50121064A43F0400311704FF0C9
S21403FCA8B041CA6B22F00302CA63024A93617047E3
S21403FCB8CE6C002000200058830742BF4022014B29
S21403FCC85A6170470010005873B502AB164603E92D
S21403FCD80600044600F052FF0546204600F05EFF85
S21403FCE89DF800208DB1202C33780ED8012B2ED802
S21403FCF84FF6FF752D4803EB4313234430F81310D0
S21403FD08A94202D0013120F81310294B294E33F8A3
S21403FD18141036F81400814232D34FF6FF75A94201
S21403FD284FF0010502D0013123F8141004F0FD0149
S21403FD38092927D1998AB68A0A44B242B4BF9A8255
S21403FD489E8233F81430834227D202B070BD022B4A
S21403FD58DBD14FF6FF704FF6FF75144B33F81410CC
S21403FD68814218BF013104F1210018BF23F814108B
S21403FD7833F81010A9421CBF013123F81010C4E74A
S21403FD880025D0E71D2CDCD1598F8E18864203DA5E
S21403FD9801390A445A87D4E75887002DD5D1204617
S21403FDA802B0BDE8704001F069B900BFEC56002008
S21403FDB8C45700207057002038B50D46044601F096
S21403FDC847F8064A13889BB22DB123431380BDE830
S21403FDD8384001F038B823EA0403F7E7B25B00209B
S21403FDE80022034B01214FF480701A70FFF7E4BF1B
S21403FDF80F63002008B5054B1868FCF7DCFA00F01B
S21403FE080300C31E5842584108BD00BFE4530020F0
S21403FE1838B5044601F0D0F90C4B0546197818791D
S21403FE2881420FD0631E082B0CD8DFE803F0050DBC
S21403FE380B0D0B0D0D0D0D0000220146044B186823
S21403FE48FCF7B7FA284638BD0022F7E7FC6C002013
S21403FE58E453002038B54FF0FF300C46FFF76EF832
S21403FE680A4B05461868FFF769F8641B241A20B27C
S21403FE7810F1630F06DB10F1240F05DA64308000F7
S21403FE88C0B238BD0020FCE7FF20FAE7E4530020A1
S21403FE9808B5134B1B78062B04D040F621011148EE
S21403FEA801F05DF8104B1B881B0704D440F62201AB
S21403FEB80C4801F054F80D4B2A201978FFF7A8FFD1
S21403FEC800210820FFF778FF0222094B1A70094B16
S21403FED81868E3F77FFABDE8084001F0BCB800BF2E
S21403FEE80F630020D5AC0400B25B00200C6300202F
S21403FEF82E6D0020E453002010B50E4C236823B95A
S21403FF0840F6A3410C4801F02AF82068013001F0B6
S21403FF1804F900F0070003280AD1246809220121FE
S21403FF28204600F0E3FB205C031F5842584110BDEF
S21403FF380020FCE7D4530020D5AC040038B50C46A3
S21403FF4840B100210420FFF737FF01F084F8012CA5
S21403FF581DD038BD244B1B889B07F6D50129234A99
S21403FF682FD1117869B30139C9B2117011B920209C
S21403FF78FFF722FF00210220FFF71EFF04221C4B77
S21403FF8800211C481A7000F05DFD01F064F81A4C55
S21403FF982068013001F0C1F800F44060B0F5006F46
S21403FFA81FD1246801210422204600F09FFB204429
S21403FFB801F0B3F80146BDE838400022202001F0DE
S21403FFC875B800210D4D02201170FFF7F5FE2B784A
S21403FFD8FF2B04D040F29961094800F0C0FF2C704B
S21403FFE8B3E74FF6FF71E6E7B25B00200E63002027
S21403FFF80F630020306A0020D45300202F6D0020A2
S214040008D5AC040038B5134C05462388580709D5DB
S214040018FFF7F0FE01460720FFF7FAFEFF2101204E
S214040028FFF78CFF238899070BD50B4B28461978BE
S2140400388A1F51425141FFF7EBFE01210020FFF7CA
S2140400487DFF23881B0703D5BDE83840FFF720BF8C
S21404005838BD00BFB25B00200F630020F7B5124C12
S214040068D4E9006586EA020C85EA03070CEA000C64
S2140400780F405CEA070E15D086EA0C067D40C4E9F4
S2140400880065CDE900230B46084902460868FCF7D4
S21404009899FA38B14FF4FD71054803B0BDE8F0404D
S2140400A800F05DBF03B0F0BD58160020E4530020EE
S2140400B8D5AC040008B50A4B1B88DB0604D440F606
S2140400C84701084800F04BFF00211020FFF774FE94
S2140400D8002000F06BFBBDE8084000F0BCBF00BF82
S2140400E8B25B0020D5AC04002DE9F04F57068046D5
S2140400F814461D4691B005D5FFF77CFE014601203F
S214040108FFF786FEEE0403D500212D20FFF780FEB8
S214040118A00224D54046FCF7D2FA0146F8B9402096
S214040128FFF74AFE40460AA9FBF7CAFDB8B99DF888
S2140401383030022B40F0D980BDF8280000F0B6FD18
S214040148FF2808D14046FBF7B9FD40B901214020F5
S214040158FFF732FE03E000F0C3FD0028F2D1A10346
S21404016805D5FFF747FE01460320FFF751FEE201D7
S21404017804F0807640F1C080854B1B889B072DD5FC
S214040188844E3068FBF731FD40BB834B834F1870B1
S2140401983B78FF2B04D040F25761814800F0DFFE1D
S2140401A84FF0000900210220FFF706FE87F80090AA
S2140401B87C4F3B78062B07D101210820FFF7FCFD6E
S2140401C849462820FFF724FE3B78052B06D1002154
S2140401D82B20FFF71DFE3068E3F7FCF800F03BFF22
S2140401E8220717D56B4F0321386805AAFBF717FDB6
S2140401F8064620B940F2C961694800F0B0FE9DF889
S2140402081430072B00F0D080FFF7F4FD01460420D5
S214040218FFF7FEFDE10505D5FFF7ECFD01460420D2
S214040228FFF7F6FD14F4863F05D0FFF7E3FD014615
S2140402380220FFF7EDFDA20113D5FFF7DBFD01460B
S2140402480820FFF7E5FD00210420FFF7B5FD554B10
S2140402581B78012B03D14F4B1868E3F7BBF800F063
S214040268FAFE14F0084F09D0FFF7C4FD014607202C
S214040278FFF7CEFDFF210120FFF760FEA30009D596
S214040288FFF7B8FD01460620FFF7C2FDFF2101204F
S214040298FFF754FEA70705D53D4B1B881E0701D557
S2140402A8FFF7F6FD6C0603D500210A20FFF7B0FD1C
S2140402B8280602D50120FCF714FAE90540F18581E1
S2140402C840460AAA05A9FCF772F89DF81430222BB2
S2140402D800F06D8100F28281152B40F26A8140F6A7
S2140402E80A112F4800F03BFE6FE1032B7FF437AF6B
S2140402F80AA801F000F830E705F0020756EA0703F3
S2140403080DD0284B26201978A1F1060EDEF100013F
S21404031841EB0E01FFF77CFD0121304611E004F0A5
S214040328805656EA07030FD01E4B26201978A1F1EB
S214040338060CDCF1000141EB0C01FFF769FD022114
S2140403483846FFF7FBFD4BE704F0884151EA0603FD
S21404035809D0144B272019788F1F79427941FFF763
S21404036857FD0221D9E705F008030B4302D02320E2
S214040378FFF74EFD680703D500212420FFF748FD44
S214040388E9077FF52DAF00212520FFF741FD27E774
S214040398B25B0020E45300200E6300202F6D00207B
S2140403A8D5AC04000F630020314638680AAAFBF768
S2140403B83CFC20B14FF4DA619E4800F0D0FDBDF84D
S2140403C81630386802330AA9ADF82C30FBF72FFC30
S2140403D820B140F2DF61974800F0C1FD0023009386
S2140403E831460423386804AAFBF723FC042804D0FF
S2140403F840F2E4618F4800F0B2FDDFF8589299F8AD
S2140404080030C3BB0DF1110000F087FE00F00700B2
S214040418022830D1FFF7EEFC01460920FFF7F8FC66
S214040428854B1B78062B23D1844B9DF813201B7809
S2140404389A421DD19DF8353023B940F2FA617D48B9
S21404044800F08DFD0DF1110000F067FEC0F30016F4
S21404045831462920FFF7DCFC00210820FFF7ACFC16
S214040468774B1E70FFF748FD10B93868E2F7B2FFFD
S21404047800F0F1FDCEE6BDF816000121083080B282
S21404048800F068FA039030B9FFF7B4FC014604207C
S214040498FFF7BEFCECE700F0E9F905AA01460646B4
S2140404A83868FBF7CEFB99F800A0BAF1000F22D102
S2140404B806F1010B584600F030FE83065AD5386814
S2140404C8FCF7FDF80746FFF795FC05370146F8B232
S2140404D8FFF79EFC584600F020FE00F007000328AD
S2140404E8584F2DD001210420FFF766FC4FF0FF304B
S2140404F8FBF7C6FB386000225349BDF81630097866
S214040508F718F1549DF83630BB709DF83730FB70F9
S2140405180A9B190E3971190C7971FB71190A99F825
S2140405280030B97123B9737892B343F0200373701B
S214040538002000F069F97870039800F071FA97E7DC
S21404054801210922304600F0D1F8305C0121042844
S214040558C9D1FFF731FC4FF0FF30FBF791FB3B4B5B
S21404056838601B885806C6D551464020FFF724FC39
S2140405780122C1E7FFF73EFC01460920FFF748FCC5
S2140405882D4B1B78012BB6D13868E2F723FFB2E768
S21404059823F02003CBE701227E33DBB202FA03F30F
S2140405A813F00A1F31D113F0011F3FF498AE272029
S2140405B82CE0012202FA03F3254A1A402ABB13F058
S2140405C8041FF4D1DA077FF58AAEAB052FD50121CF
S2140405D8802011B0BDE8F04FFFF7EEBB652B1AD8A4
S2140405E8622B12D8452B0CD8422B0ED8352B06D89E
S2140405F8322B0AD8252B08D9322BD8D06FE6422BB3
S214040608FBE7552B05D8522BF7D92620FFF7FAFC1B
S214040618DBE7622BF1E7952B3FF661AE812BBAD860
S214040628722BC4D0733B022B3FF659AEEDE711B0DC
S214040638BDE8F08FD5AC04000F6300200B630020E0
S2140406482E6D0020D0530020306D0020B25B0020B1
S2140406583A00380012630020024B1878B0FA80F08B
S214040668400970470F63002008B5064B4FF0FF316A
S2140406781868FBF7C2FE0028B8BF033040F38700AB
S21404068808BD00BFE453002008B5074B1868FBF7FD
S2140406982EFF30B1054BB3FBF0F083B20BB118460E
S2140406A808BD0120FCE700BFE453002040420F00C9
S2140406B838B510200C460121FFF77EFB064B1D6853
S2140406C8FFF7E2FF012200FB04F1044B2846FBF780
S2140406D879FE002038BD00BFE4530020BD000400A6
S2140406E8014800F03CBC00BFEFAC0400032A70B518
S2140406F8144602D82C4B985C70BD81F0010519B9D4
S2140407080D2A07D1FF20F7E70D2A03D1007805380C
S214040718C0B2F1E7084400F000FDC5F1040110F486
S21404072840660246C9B209D1042C0846E4D0052C12
S21404073816D112F0400F18BF0846DDE7C5F10603C8
S214040748042CD8B2D8D0B6F5006F03D1C5F1080585
S214040758E8B2ECE7B6F5406FE9D1C5F10E05F7E760
S21404076812F4404107D1062CC6D0072CC4D0082C56
S21404077813D10130CCE755065CBF831CD8B2062CCF
S214040788BAD0B1F5004F02D1831CD8B2EDE7B1F563
S214040798404FEAD100F10803F7E7130744BF0530D2
S2140407A8C0B20C2CA8D9ADE7B00F0500AC2370B5C1
S2140407B8094C054603FB00435E6D26B940F2FD313D
S2140407C8064800F0CCFBAC2303FB05440023636512
S2140407D83346BDE870401847E85300202CAD0400A3
S2140407E810B40C461146AC22064B02FB0033586D77
S2140407F820B95C655DF8044BFFF75ABF02205DF824
S214040808044B7047E8530020AC22034B02FB00332A
S21404081893F8A800704700BFE853002028B1034B9C
S2140408281B68C01A4010013080B27047A8540020D4
S21404083830B1044B00F100401B68013803EB40005C
S214040848704700BFA8540020064B1B68834206D88E
S214040858054B1B68834294BF002001207047002084
S214040868704700BFA8540020A454002010B50446BE
S21404087808B9002010BD00F0B1FC20B940F2CD4103
S214040888074800F06CFB2046FFF7D2FF0028F0D09C
S2140408980388DB0B14BFD0F80A000830EAE700BF69
S2140408A803AD040010B508B9002010BDFFF7C0FF5B
S2140408B8044600F08AFC20B94FF49D61064800F00F
S2140408C84EFB002CF0D02388DB0B0ABF60882089F7
S2140408D8C0F30C00E9E700BF03AD040038B5FFF722
S2140408E8A7FF0D46044650B100F06FFC20B940F24D
S2140408F84151034800F033FB023534F8150038BD7F
S21404090803AD040070B5FFF793FF0C46164605467C
S214040918B0B100F05AFC20B940F24D510C4800F032
S2140409281EFB3046FFF784FF00F04FFC20B940F268
S2140409384E51074800F013FB023425F8146070BDC6
S21404094840F25251BDE87040014800F008BB00BFB1
S21404095803AD04002DE9F8430746884600F0A1FBDA
S21404096820B940F28E512A4800F0F9FAFC1CA40873
S214040978284B64000434B7F5005F1E68A4B204D399
S21404098840F29551224800F0EAFA00F061FA22494A
S21404099881460B687BB9214B1D68761BC6F34F0648
S2140409A8B44227D90025484600F04DFA2846BDE843
S2140409B8F843FFF733BFB8F1000F11D0174A15688C
S2140409C85A1BC2F34F029442ECD81448620005EB53
S2140409D844040460B8F1000F0FD113440B600CE014
S2140409E8F61AC6F34F0676B940F2A651084800F040
S2140409F8B6FAD7E705EB44041C6000236F80AB8087
S214040A08EB802B80CFE7B442CCD8044A1568DCE7E1
S214040A1803AD0400AC54002094540020A4540020D1
S214040A2838B5054600F014FA044629460448002258
S214040A3800F0E1FB2046BDE8384000F004BA00BFE9
S214040A48B85B002082684B4B2DE9F0419A42044675
S214040A580E46056815D121B140F21311464800F038
S214040A687EFA00F0F5F923691BB92B682BB92461C3
S214040A782C60BDE8F04100F0E6B91A6922611C61F1
S214040A88F6E700F065FA8046FEF75EFA20B14FF402
S214040A989571394800F063FA6FF000439E42216965
S214040AA84BD22B7B08EB0602002B4DD0AB68934247
S214040AB84AD1531C002949D06169994242D01EB9CB
S214040AC8521AB2F1004F3DD9636123696E689C429D
S214040AD803D19D21284800F042FA2F460023B44249
S214040AE80BD0002B41D172696169891AB1F1004FA4
S214040AF832D83269374694422CD12269BD420CBF9B
S214040B086A603A617BB92669B44203D1B8211A48A7
S214040B1800F025FA3B46012E05D062697169521A1F
S214040B28B2F1004F23D99D420BBF6B681A69236143
S214040B3822610CBF6C601C6104E0434431B16269F5
S214040B489342C1D1BDE8F0811346B3E76A682261CF
S214040B586C60B9E71646C6E7A8EB0202B2F1004F86
S214040B68C7D93B4637463669B9E71F46F9E73346D9
S214040B783669D0E7B552020017AD04000823064AC2
S214040B8812F8011B814205D0013B13F0FF03F7D18D
S214040B981846704701207047611005000823064A66
S214040BA812F8011B814205D0013B13F0FF03F7D16D
S214040BB818467047012070475910050010B50822DA
S214040BC807490446DCF73AFEB0FA80F04FF6FF739E
S214040BD82289400940009A4208BF40F0010010BD2F
S214040BE87210050030B504460D4685B002B9084AA9
S214040BF81068516801AB03C301AB03CB20602046E1
S214040C08ADF80C501B886160238105B030BD00BF69
S214040C18AB360400002270B50A4B1C780A4BD5B2D2
S214040C28AC4202D800200C7008E01E8801328642C6
S214040C3805D30D701B881B1A5842584170BD1233D1
S214040C48EDE700BF8962002070590020F8B5154BFF
S214040C5804461D680E46E5B1134B1F78874218D91B
S214040C6800EB400305EBC30526B92B69DA0712D453
S214040C782046F8BD08223146281DDCF7DFFD50B9AA
S214040C882B69DB07F4D40134E4B2A74205F118054E
S214040C98F0D1FF24ECE70134E4B2A74205F11805C5
S214040CA8E2D1F6E7105500204E6D00200A4B0146A7
S214040CB81B6830B52BB1094A14780022D0B2844296
S214040CC801D8FF2030BD5D888D4202D11D69ED072D
S214040CD8F8D401321833F1E7105500204E6D002081
S214040CE80F4A03461068D0B10E4A12789A4215D9AC
S214040CF819B203EB430300EBC300036913F00100C6
S214040D080DD0094A126832F8112002F4E2622AB9B0
S214040D1813F00C0F14BF0120002070470120704701
S214040D28105500204E6D00200C550020094B1B68FA
S214040D386BB1094A1278824209D900EB4000C20016
S214040D4803EBC0000169C90701D5985C7047FF200A
S214040D58704700BF105500204E6D00200C4A03460D
S214040D68106890B10B4A12789A420DD903EB4303E4
S214040D7800EBC300D0E9043213F001004FF0000181
S214040D8804D018461146704700200146704700BF35
S214040D98105500204E6D002010B5164B187860B11B
S214040DA8154C2368CBB14FF4707200201349FFF733
S214040DB817FD2368013B236010BDFFF755FC104957
S214040DC8104A91F90040136884420B4C03F101035E
S214040DD813602368B8BF087053B90B4800F033FA99
S214040DE80028E9D1BDE8104001460748FFF72ABEA7
S214040DF80822DAE76E6300202C550020A10D0400B3
S214040E0869630020245500203C6C0020054B1B68B1
S214040E182BB9054B1868003818BF01207047012005
S214040E28704700BF1C5500201855002010B962B63C
S214040E38BFF36F8F7047EFF3108072B67047302396
S214040E4883F31188704780F31188BFF36F8F704758
S214040E58EFF31180302383F311887047002070471E
S214040E684FF4004070474FF47A7070470122417877
S214040E7803788A4030214B4341F2100103F1A04322
S214040E8803F570335A50704709B100F008B82220A9
S214040E9870470121FEF7A8B80021FEF7A5B870B57B
S214040EA806460D46FFF7D4FF04461D2E48D8DFE84D
S214040EB806F00F18471D20234726292C47472F32AC
S214040EC8473538473B473E474744474747474741E0
S214040ED8FEF74AF8002628602046FFF7B4FF304697
S214040EE870BD4FF4C070CAF7D3FEF3E74FF4207012
S214040EF8F9E74FF44070F6E74FF46070F3E74FF401
S214040F080070F0E74FF48060EDE74FF49060EAE78E
S214040F184FF4C060E7E74FF4F060E4E74FF4B060DE
S214040F28E1E74FF4D060DEE74FF4E060DBE74FF428
S214040F38A060D8E74FF48070D5E74FF40860D2E78E
S214040F4800202126C7E708B5FEF76EF880B208BD6C
S214040F5808B5FEF769F808BD704742DE704738B52D
S214040F6804460D4600F008F8FFF769FF29462046B0
S214040F78BDE83840FFF7F1BF704710B962B6BFF353
S214040F886F8F7047012070472DE9FF410D461646BE
S214040F981F460446A8B14FF00008C0F81C80FEF7A8
S214040FA86BFCBDF82C30424602939DF8283029463F
S214040FB8CDE9007320463346FEF726FC04B0BDE8A8
S214040FC8F0812220FAE7F0B51F46002387B00D46C5
S214040FD8164604468DF81730A8B1C3610DF11701FB
S214040FE8FEF76CFC9DF817207AB9BDF8343029460C
S214040FF802939DF830302046CDE900733346FEF759
S21404100803FC07B0F0BD2220FBE70320F9E738B558
S214041018FFF71EFF054600F016F804462846FFF7B5
S21404102812FF204638BD4FF0B04301285B6904D050
S214041038022805D1C3F38010704703F001007047F7
S2140410480020704770474FF0B0439A6A1207FCD4E2
S214041058186A7047704708B5FFF7FCFF00F01DF8DC
S21404106808BD10B5FFF7E7FE012104460846FEF75B
S21404107877F82046BDE81040FFF7D8BE10B50446FA
S21404108800F012F82046FAF739FD2046F7F738FD3F
S214041098BDE81040F9F7EFB8704708B5FFF7FCFF4E
S2140410A808BD0120704770470020704730B589B0E6
S2140410B80446ADF806108DF81020FFF75FFD0546C8
S2140410C82046FFF76BFD03469DB1BDF80600ABB995
S2140410D800F0BEF8FF2808BF00200DF10F038DF8B6
S2140410E80F001A46204604990593FEF7EDFD09B04D
S2140410F830BD0028F5D00DF10603F2E700F0A8F895
S214041108FF2808BF0020BDF806308DF80F00ADF89C
S2140411181A308DF8180006ABE3E7008870470170AC
S214041128090A41707047012070470120704738B596
S214041138DAF76CFF0446D0F7C7F8051E18BF25462D
S214041148D0F794F9041E18BF2C46FFF7ECFF0028C6
S21404115818BF204638BD38B5FEF766F90446F6F7D4
S21404116885FE04281ED002284FF0000508BF012477
S214041178F7F795FD042817D0022808BF0124F7F7C7
S214041188ADFA042812D0022808BF0124FFF7CDFFC1
S21404119804280DD0022808BF0124002D18BF0024F7
S2140411A8204638BD0125E3E70125E8E70125EDE7F4
S2140411B80024F5E7FF20704708B5FFF7FBFF00207B
S2140411C808BD02210120DCF763BD08B520B1FFF78E
S2140411D83BFB00F0010008BD0120FAE708B5FFF75D
S2140411E827FBBDE80840FFF7F0BF008810B1C9B276
S2140411F8FFF774BB70472DE9F041B0F80080064647
S2140412080C46D5B2B8F1000F11D029464046FFF770
S21404121865FB2246074629464046FFF773FB3A46CF
S21404122829462046FFF76EFB3480BDE8F0810F465A
S214041238F5E703461B8808468B4202D00021FFF7D1
S2140412484DBB002070470069003818BF012070475E
S21404125800207047F8B506460D46FFF7AFFC03288E
S214041268044621D02846FFF7A9FC032807461BD0C6
S21404127810F0020318D1A0070DD5F90716D40123D8
S2140412883C43E20704D431892A89914218BF0023D3
S21404129803F00100F8BD082229463046DCF7CEFAEA
S2140412A8B0FA80F35B09EBE70020F3E71846F1E7AA
S2140412B870B50D4600210646FFF797FF044630B181
S2140412C8FFF7D4FA01462846FFF7C4FF08B12046BC
S2140412D870BD21463046FFF7ACFFEFE707B50DF1C2
S2140412E80701FFF797FC20B19DF8070003B05DF8E7
S2140412F804FBFF20FAE708B500F009F8FF2804D035
S214041308FFF72CFDC0F3C00008BD0120FCE701462A
S2140413180020FFF79BBC08B5FFF7C8FCFF3818BFCA
S214041328012008BD2DE9F8430746084615468846B1
S2140413381C469DF82090FFF799FA4619A4B19EB169
S2140413484046FFF7AFFA254485420FDC2246B9F13A
S214041358000F06D131463846DBF776FF0020BDE895
S214041368F88339463046F7E72120F8E71D20F6E7E4
S2140413780000000000000000F8B500BFF8BC08BC78
S2140413889E467047F8B500BFF8BC08BC9E46704732
S2140413985FF800F0116400205FF800F07165002023
S2140413A85FF800F0C96400204465766963652074B4
S2140413B8797065206368616E676520646574656323
S2140413C87465643A202564202D3E2025640D0A00A1
S2140413D850726573732064657465637465640D0A76
S2140413E8004D756C74692070726573732064657437
S2140413F865637465643A2025640D0A0052656C6555
S2140414086173652064657465637465640D0A004CCD
S2140414186F6E672070726573732064657465637491
S21404142865640D0A0072656C61795F737461727421
S2140414385F6C61746368696E675F70756C73653A30
S21404144820616E6F746865722070756C73652069A8
S21404145873206163746976650D0A0072656C617938
S2140414685F6F6E0D0A0072656C61795F6F66660D54
S2140414780A0072656C61795F746F67676C650D0A3C
S2140414880057726974696E6720636F6E66696720B1
S214041498746F206E763A2025730D0A0053697A65B0
S2140414A83A2025640D0A004661696C656420746FE9
S2140414B8207772697465204445564943455F434F0F
S2140414C84E4649475F4441544120746F204E562C7B
S2140414D8207374617475733A2025642E2028627903
S2140414E87465733A202564290D0A00737563636569
S2140414F87373210D0A004661696C656420746F2055
S21404150872656164204E565F4954454D5F4445569E
S2140415184943455F434F4E4649472C207573696EC9
S214041528672064656661756C7420636F6E666967A8
S21404153820696E73746561642C20737461747573A2
S2140415483A2025642E202862797465733A20256427
S214041558290D0A005573696E6720636F6E6669679E
S2140415683A2025642063686172732066726F6D0D75
S2140415780A25730D0A00736F6E6F66663B5A424DF2
S214041588494E494C322D637573746F6D3B42413036
S214041598753B4C4335693B534136753B524135419F
S2140415A8343B004E6574776F726B20737461747580
S2140415B873206368616E67656420746F2025640D04
S2140415C80A004D616E75666163747572657220747F
S2140415D86F6F206269670D0A004D6F64656C20742E
S2140415E86F6F206269670D0A00496E697469616CD9
S2140415F8697A696E67205A696762656520776974CF
S214041608682025642073776974636865732C2025BD
S214041618642072656C6179732C20256420636F7668
S21404162865722073776974636865732C2025642053
S214041638636F766572730D0A00436F6E666967207A
S2140416487061727365642073756363657373667516
S2140416586C6C790D0A00726561642076657273692C
S2140416686F6E20666F726D206E6577206C6F63618F
S21404167874696F6E0D0A004661696C656420746F40
S214041688207772697465206C6173745365656E5649
S214041698657273696F6E20746F204E562C207374AF
S2140416A83A2025640D0A004F6C64207665727369C7
S2140416B86F6E3A2025640D0A0043757272656E745F
S2140416C82076657273696F6E3A2025640D0A005297
S2140416D84553455420414C4C210D0A0068616C5F03
S2140416E86770696F5F63616C6C6261636B3A2065EF
S2140416F8787469206C696E6520256C64207374613F
S21404170874757320256C750D0A0068616C5F6770C4
S214041718696F5F63616C6C6261636B3A206E6F20FD
S214041728667265652045585449206C696E65730D64
S2140417380A002F686F6D652F72756E6E65722F7747
S2140417486F726B2F747579612D7A69676265652D7A
S2140417587377697463682F747579612D7A6967621B
S21404176865652D7377697463682F73696C61627332
S2140417785F746F6F6C732F73696D706C69636974CB
S214041788795F73646B2F2E2E2F2E2E2F7372632F72
S21404179873696C6162732F68616C2F7A6967626516
S2140417A8652E630044726F7070696E67206F6C6490
S2140417B8204F544120696D6167652C2063757272E9
S2140417C8656E74206F66667365743A20256C750AB0
S2140417D800556E6B6E6F776E20636F766572206346
S2140417E86F6D6D616E643A2025640D0A00556E6B44
S2140417F86E6F776E20636D642025640D0A0042754B
S21404180874746F6E20707265737320646574656390
S2140418187465642C20627574206E6F206275747407
S2140418286F6E20697320707265737365640D0A00A1
S214041838427574746F6E206C6F6E67207072657371
S214041848732064657465637465642C2062757420FB
S2140418586E6F20627574746F6E206973206C6F6E79
S2140418686720707265737365640D0A004E6F206393
S2140418786F7665722073776974636820636F6E6623
S214041888696720696E204E562C207573696E67202A
S21404189864656661756C74730D0A004174747269C4
S2140418A862757465206368616E6765642C2065706C
S2140418B83A2025642C20636C75737465723A202567
S2140418C8642C20617474723A2025640D0A00556EDF
S2140418D86B6E6F776E204C6576656C4374726C20FD
S2140418E8636F6D6D616E643A2025640D0A00556E4B
S2140418F86B6E6F776E204F6E4F666620636F6D6DE6
S214041908616E643A2025640D0A00496E6465782081
S214041918617420777269746520617474723A20253C
S214041928640D0A004E6F2073776974636820636FCA
S2140419386E66696720696E204E562C207573696E2C
S214041948672064656661756C74730D0A00496E7663
S214041958616C69642072656C61795F696E64657828
S21404196820256420696E204E562C20726573657493
S21404197874696E6720746F2064656661756C740D8F
S2140419880A003E2000556E6B6E6F776E2065727285
S2140419986F7200496E70757420627566666572208B
S2140419A869732046554C4C004D6178696D756D20F9
S2140419B86E756D626572206F6620617267756D65F7
S2140419C86E74732065786365656465640054686539
S2140419D820617267756D656E74206973206E6F7406
S2140419E820666F726D617474656420636F727265C5
S2140419F863746C7900496E636F72726563742061F0
S214041A087267756D656E74207479706500496E63C7
S214041A186F7272656374206E756D626572206F6688
S214041A2820617267756D656E7473004E6F20636F00
S214041A386D6D616E6420666F756E640075696E748C
S214041A4838006164646974696F6E616C002A007595
S214041A586E6B6E6F776E0077696C64636172640090
S214041A686865786F707400737472696E676F7074E3
S214041A780075696E7433326F70740075696E7431EC
S214041A88366F70740075696E74386F7074006865A4
S214041A987800737472696E670075696E74313600FF
S214041AA875696E743332002E2E2E200068656C70AD
S214041AB8000A25730A257325730025732008002F4A
S214041AC8686F6D652F72756E6E65722F776F726BA1
S214041AD82F747579612D7A69676265652D737769E0
S214041AE87463682F747579612D7A69676265652DE4
S214041AF87377697463682F73696C6162735F746F54
S214041B086F6C732F73696D706C69636974795F732E
S214041B18646B2F706C6174666F726D2F7365727662
S214041B286963652F6C65676163795F68616C2F7399
S214041B3872632F626173652D7265706C6163656D7F
S214041B48656E742E63002F686F6D652F72756E6EE2
S214041B5865722F776F726B2F747579612D7A696742
S214041B686265652D7377697463682F747579612D5A
S214041B787A69676265652D7377697463682F736914
S214041B886C6162735F746F6F6C732F73696D706CBE
S214041B9869636974795F73646B2F706C6174666FBC
S214041BA8726D2F736572766963652F746F6B656ED5
S214041BB85F6D616E616765722F6C65676163792F07
S214041BC87372632F736C5F746F6B656E5F6D616E93
S214041BD8616765722E63002F686F6D652F72756E68
S214041BE86E65722F776F726B2F747579612D7A69AB
S214041BF8676265652D7377697463682F7475796190
S214041C082D7A69676265652D7377697463682F73BF
S214041C18696C6162735F746F6F6C732F73696D7030
S214041C286C69636974795F73646B2F706C6174662E
S214041C386F726D2F736572766963652F746F6B6543
S214041C486E5F6D616E616765722F6C656761637937
S214041C582F7372632F736C5F746F6B656E5F6D6141
S214041C686E75666163747572696E672E6300437574
S214041C787272656E7420436F6E6669673A20253003
S214041C88780053657420434341206D6F646520745F
S214041C986F2025643A2025307800656E61626C658D
S214041CA8640064697361626C6564006F75742863A4
S214041CB86C69656E742900696E202873657276658A
S214041CC87229004D464720537472696E673A202578
S214041CD873004170704275696C646572204D46479E
S214041CE820436F64653A20307825303458006E6F88
S214041CF86465205B004164646974696F6E616C2076
S214041D08696E746572666163657300202025643A9B
S214041D18200070616765205B25645D206368616EDA
S214041D28205B25645D20707772205B25645D006EF9
S214041D386F7420616374697665006572726F7220C9
S214041D483078253038580070616E4944205B307806
S214041D58253034585D206E6F64654944205B3078BE
S214041D68253034585D20007870616E205B3078002A
S214041D78706172656E744944205B30782530345837
S214041D885D20706172656E7452737369205B256496
S214041D985D006E6F646554797065205B00536563F7
S214041DA87572697479206C6576656C205B253032AB
S214041DB8585D006E6574776F726B20737461746512
S214041DC8205B253032585D200042756666657220B1
S214041DD862797465733A202564202F2025640045AB
S214041DE87020636E743A202564006570202564208C
S214041DF85B656E64706F696E742025732C20646549
S214041E08766963652025735D20006E776B205B25F5
S214041E18645D2070726F66696C65205B3078253067
S214041E2834585D206465764964205B307825303400
S214041E38585D20766572205B3078253032585D0010
S214041E4820202020257320636C75737465723A20ED
S214041E5830782530345820004E776B20636E743AF9
S214041E68202564006E776B202564205B25735D004F
S214041E785072696D617279202870726F290020206B
S214041E886E6F646554797065205B307825303258F7
S214041E985D002020736563757269747950726F6685
S214041EA8696C65205B3078253032585D00455020D3
S214041EB825643A20257320004572726F723A2020F2
S214041EC8556E6B6E6F776E20656E64706F696E7490
S214041ED82E00456E61626C65206576656E742064B6
S214041EE86562756720696E666F20696E20436F7237
S214041EF86520434C4920636F6D706F6E656E740081
S214041F086F6E6C7920636F6F7264696E61746F723A
S214041F18732063616E20666F726D0A006A6F696E5D
S214041F28203078253038580A006C656176650025B7
S214041F3873203078253032580A0072656A6F696EE5
S214041F4844696666446576696365547970650065B0
S214041F5878742E2050414E2049443A20004E574B60
S214041F68206F70656E3A20257520736563004E579A
S214041F784B20636C6F7365640066696E64206A6FD1
S214041F88696E61626C653A2030782530325800668E
S214041F98696E6420756E757365643A2030782530EA
S214041FA83258004368616E67696E6720746F2063F1
S214041FB868616E6E656C2025643A20307825303268
S214041FC85800696E76616C6964206E6574776F7202
S214041FD86B20696E6465780053686F727420494490
S214041FE83A203078253034582C2045554936343A2A
S214041FF820002C2050616E2049443A203078253041
S21404200834580053746172746564206D756C746911
S2140420182D70687920696E7465726661636500461A
S21404202861696C656420746F2025732025732030DD
S2140420387825303258005465726D696E617465642B
S21404204820257320307825303258004B656570207B
S214042058616C69766520737570706F727420656E2E
S21404206861626C65642E006661696C656420746FD1
S21404207820736574206B65657020616C69766520CD
S2140420886D6F64652E007375636365737366756C2C
S2140420986C792073657420746865206368696C6459
S2140420A82074696D656F7574206F7074696F6E201F
S2140420B86D61736B2E006661696C656420746F20AD
S2140420C873657420746865206368696C6420746931
S2140420D86D656F7574206F7074696F6E206D6173AB
S2140420E86B2E00646973636F766572004D61746362
S2140420F868202573792066726F6D20307825303411
S214042108582C206570202564004E574B2041646483
S2140421187265737320726573706F6E73653A2030D8
S214042128782530345800494545452041646472652D
S214042138737320726573706F6E73653A2000536507
S21404214872766963652025737920646F6E652E0040
S214042158232020747970652020206E776B20206CED
S2140421686F6320202072656D202020636C757320B1
S21404217820206E6F64652020206575690020202560
S21404218864202020203078253034582020307825C4
S214042198303458202030782530345820307825308C
S2140421A834582000736C5F7A69676265655F676593
S2140421B8745F62696E64696E67204572726F723AFC
S2140421C8203078253038580A002564206F66202584
S2140421D8642062696E64696E67732075736564004B
S2140421E8656E61626C6564207072696E74006469F9
S2140421F87361626C6564207072696E7400616464ED
S214042208206C696E6B206B6579004552523A204300
S214042218616C63756C617465642043524320646F13
S2140422286573206E6F74206D61746368004552523E
S2140422383A20496E7374616C6C20436F6465206D34
S21404224875737420626520382C2031302C20313484
S2140422582C206F7220313820627974657320696E79
S214042268206C656E677468004552523A204145539F
S2140422782D4D4D4F2068617368206661696C6564EE
S2140422883A2030782530325800536574206A6F69CE
S2140422986E696E67206C696E6B206B657900736572
S2140422A8742062696E642025643A203078253032BA
S2140422B87800454D50545900554E494341004D3217
S2140422C84F4E45004D554C5449003F2020202000D1
S2140422D8496E6465782049454545204164647265BD
S2140422E873732020202020202020204E574B496E30
S2140422F86465782020496E204643202020202054F8
S214042308544C28732920466C6167202020204B658E
S214042318792020202000256420202020200020204A
S214042328256420202020202020002020253038580E
S21404233820200020307825303458202000496E6448
S2140423486578204945454520416464726573732061
S2140423582020202020202020496E204643202020AC
S21404236820205479706520204175746820204B65B8
S21404237879002D20202020200025632020202020DE
S2140423882563202020202000696573005741524E9B
S214042398494E473A202052454144494E47204F4625
S2140423A8204B45592056414C5545532044495341E2
S2140423B8424C4544204259204D464720544F4B45ED
S2140423C84E004E574B204B6579002573206F757465
S2140423D82046433A20253038580025732073657103
S2140423E8206E756D3A2030782530325800257320D3
S2140423F86F75742046433A202530387800544320B5
S214042408257320002573205461626C650025642FAB
S214042418256420656E747269657320757365642E09
S214042428005472616E7369656E74204B6579002575
S2140424386420656E7472257320636F6E73756D6998
S2140424486E67202564207061636B65742062756608
S21404245866657225732E0057494C4C0057494C4CF8
S214042468204E4F540054727573742043656E746519
S2140424787220257320616C6C6F7720747275737480
S2140424882063656E7465722072656A6F696E732060
S2140424987573696E672077656C6C2D6B6E6F776ED7
S2140424A8206B65792E005365742074696D656F75A5
S2140424B87420666F722054727573742043656E7444
S2140424C865722072656A6F696E73207573696E67C4
S2140424D82077656C6C2D6B6E6F776E206C696E6BEF
S2140424E8206B657920746F202564207365636F6E8E
S2140424F864732E004552524F523A20002573737463
S21404250861636B206D75737420626520646F776EE3
S2140425182E0052656164696E6720416C6C6F77653E
S214042528640048617368696E67206F6E6C7900731F
S2140425386C5F7A69676265655F6B65795F736574F6
S21404254874696E67735F743A20307825303458009F
S21404255820205065726D697373696F6E733A20250F
S21404256873004572726F723A204661696C6564201E
S214042578746F2067657420636F6E6669672C2073B2
S21404258874617475733A203078253038580046617B
S214042598696C65643A20307825303858004D73677E
S2140425A83A20636C7573203078253034582C2063B1
S2140425B86D64203078253032582C206C656E2025C2
S2140425C864006275666665723A2000454D42455257
S2140425D85F00257353454355524954595F4C455635
S2140425E8454C3A2025303258002573657261736568
S2140425F8206B65792025643A2030782530385800D1
S214042608636D64206E6F74206275696C74007372EF
S2140426186320657020253032782C20636C7573200F
S214042628253034780073656E64696E6720746F208D
S2140426386D756C7469636173742062696E640025D1
S214042648733A2065703A2025642C20636C3A20304F
S21404265878253034582C20617474723A20307825E2
S214042668303458002C207376723A2025630025737C
S2140426783A20726561643A20307825303278002C26
S214042688207376723A2025632C2064747970653A30
S2140426982030782530325800417267756D656E743F
S2140426A820617420696E6465783A2025642069730D
S2140426B8206F7574206F662072616E676500436FBD
S2140426C86D6D616E6420616C7265616479206275F3
S2140426D8696C742E202043616E6E6F742073657463
S2140426E8204D464720737065636966696320636F87
S2140426F8646520666F7220636F6D6D616E642E006C
S2140427084D464720436F64652053657420666F7290
S214042718206E65787420636F6D6D616E643A203040
S214042728782530345800557365204E6578742053E0
S214042738657175656E63652053657420666F7220CF
S2140427486E65787420636F6D6D616E643A203078B8
S214042758253032580044697361626C6520446566A6
S21404276861756C7420526573706F6E73652053655B
S2140427787420666F72206E65787420636F6D6D6161
S2140427886E643A20307825303258004552523A2042
S21404279872656164696E67206174747269627574BF
S2140427A8652025303278004552523A206174747296
S2140427B869627574652073697A6520256420746F68
S2140427C86F206C6172676520666F72206275666634
S2140427D86572004572726F723A2061747472696227
S2140427E8757465204944203078253034582072653D
S2140427F8706F727461626C65206368616E676520C9
S21404280869732073697A65202564422C206275747E
S2140428182025644220656E74657265640A006E6FCE
S21404282820636D64004572726F723A20434C4920E7
S21404283853656E64206661696C65642C20737461E4
S2140428487475733A20307825303858004572726F9C
S214042858723A2020455549363420617267756D658D
S2140428686E7420697320656D70747920616E6420B7
S2140428786C6F6F6B7570206279206E6F6465204983
S21404288844206661696C65642E0047726F75700033
S214042898556E696361737400556E62696E642025AB
S2140428A87320257330782530325800526571756563
S2140428B873743A20005A444F2073696D706C65200F
S2140428C864657363207265712025303278005A4433
S2140428D84F206E6F6465206465736320726571208B
S2140428E825303278005A444F206D6174636820643A
S2140428F865736320726571202530325800557369F4
S2140429086E67206D79206C6F63616C204555493677
S2140429183420666F722064657374204555493634CE
S21404292820696E2062696E64696E67005A444F2097
S21404293862696E6420726571202530327800636C93
S2140429487573746572206C696D6974207265616349
S21404295868656400696E76616C6964207061676591
S2140429683A202564206F72206368616E6E656C3A3F
S214042978202564004368616E6765206368616E6E2F
S214042988656C207374617475733A20307825303218
S21404299878006475726174696F6E206D757374203F
S2140429A8626520696E2072616E67652030202D206E
S2140429B83500636F756E74206D75737420626520B8
S2140429C8696E2072616E67652031202D2038007389
S2140429D863616E20737461747573203078253032A1
S2140429E858006E6574776F726B20757064617465D1
S2140429F82073657420737461747573203078253079
S214042A0832580041637469766520455020726571B2
S214042A1875657374207374617475733A20307825F9
S214042A28303258004C5149205461626C65207265F6
S214042A3871756573743A20307825303258004269C7
S214042A486E64696E67205461626C65207265717580
S214042A586573743A20307825303258004C656176B0
S214042A686520257330782530325800506F776572A4
S214042A782044657363726970746F722025733078A6
S214042A8825303258005573696E67206D79206C6F4F
S214042A9863616C20455549363420666F7220646538
S214042AA8737420455549363420696E20756E6269FC
S214042AB86E64696E6700526F757465205461626C43
S214042AC865202573307825303258002F686F6D6579
S214042AD82F72756E6E65722F776F726B2F74757999
S214042AE8612D7A69676265652D7377697463682FE3
S214042AF8747579612D7A69676265652D737769746B
S214042B0863682F73696C6162735F746F6F6C732F7D
S214042B1873696D706C69636974795F73646B2F701D
S214042B28726F746F636F6C2F7A69676265652F615D
S214042B3870702F6672616D65776F726B2F636F6D39
S214042B486D6F6E2F736C5F7A69676265655F7379FC
S214042B587374656D5F636F6D6D6F6E2E6300457875
S214042B6874656E64656420526573657420696E6660
S214042B786F3A203078253034582028257329002FBA
S214042B88686F6D652F72756E6E65722F776F726BD0
S214042B982F747579612D7A69676265652D7377690F
S214042BA87463682F747579612D7A69676265652D13
S214042BB87377697463682F73696C6162735F746F83
S214042BC86F6C732F73696D706C69636974795F735E
S214042BD8646B2F70726F746F636F6C2F7A69676299
S214042BE865652F6170702F6672616D65776F726B9D
S214042BF82F636F6D6D6F6E2F7A69676265655F61A7
S214042C0870705F6672616D65776F726B5F736C6503
S214042C1865702E630053746179206177616B652053
S214042C287768656E206E6F74206A6F696E65643A9D
S214042C3820257300466F7263656420737461792077
S214042C486177616B653A20202020202020202020F0
S214042C58257300466F7263696E67206465766963D8
S214042C686520746F2073746179206177616B6500E1
S214042C78416C6C6F77696E67206465766963652056
S214042C88746F20676F20746F20736C656570002FEF
S214042C98686F6D652F72756E6E65722F776F726BBF
S214042CA82F747579612D7A69676265652D737769FE
S214042CB87463682F747579612D7A69676265652D02
S214042CC87377697463682F73696C6162735F746F72
S214042CD86F6C732F73696D706C69636974795F734D
S214042CE8646B2F70726F746F636F6C2F7A69676288
S214042CF865652F6170702F6672616D65776F726B8C
S214042D082F636F6D6D6F6E2F7A69676265655F7383
S214042D187461636B5F736C6565702E630052583A12
S214042D28205265736574546F466163746F72794490
S214042D38656661756C747343616C6C6261636B0081
S214042D48657A737020636F756E7465727320666136
S214042D58696C656420257500657A737020526573FE
S214042D686574205468726573686F6C642065727243
S214042D786F7220257500657A737020536574205425
S214042D8868726573686F6C64206572726F7220254A
S214042D9875002575292025733A2025750053657412
S214042DA874696E67205468726573686F6C64206310
S214042DB86F6D6D616E64003F3F3F004D6163205246
S214042DC878204263617374004D616320547820420E
S214042DD863617374004D6163205278205563617390
S214042DE874004D6163205478205563617374004DF4
S214042DF86163205478205563617374205265747235
S214042E0879004D61632054782055636173742046B5
S214042E1861696C0041505320527820426361737490
S214042E280041505320547820426361737400415023
S214042E3853205278205563617374004150532054CC
S214042E4878205563617374205375636365737300E0
S214042E584150532054782055636173742052657426
S214042E687279004150532054782055636173742056
S214042E784661696C00526F757465204469736320F3
S214042E88496E69746961746564004E656967686249
S214042E986F72204164646564004E65696768626F92
S214042EA8722052656D6F766564004E656967686260
S214042EB86F72205374616C65004A6F696E20496EA0
S214042EC86469636174696F6E004368696C64204D55
S214042ED86F76656400415348204F766572666C6F5A
S214042EE87700415348204672616D65204572726FBB
S214042EF87200415348204F76657272756E2045728B
S214042F08726F72004E574B204643204661696C75B3
S214042F18726500415053204643204661696C7572B9
S214042F28650041534820584F666600415053205563
S214042F386E617574686F72697A6564204B6579008A
S214042F484E574B2044656372797074204661696CE9
S214042F5875726573004150532044656372797074C2
S214042F68204661696C75726573005061636B65749D
S214042F782042756666657220416C6C6F6361746581
S214042F88204661696C757265730052656C61796573
S214042F98642055636173740050687920746F204DFB
S214042FA84143207175657565206C696D6974207276
S214042FB8656163686564005061636B657420566177
S214042FC86C69646174652064726F7020636F756ED3
S214042FD874004E574B207265747279206F7665724A
S214042FE8666C6F7700434341204661696C75726569
S214042FF8730042726F616463617374207461626CF7
S214043008652066756C6C00505441204C6F205072D5
S21404301869205265710050544120486920507269ED
S2140430282052657100505441204C6F20507269201C
S21404303844656E696564005054412048692050729E
S214043048692044656E69656400505441204C6F20BD
S214043058507269205478204162727400505441209A
S214043068486920507269205478204162727400417D
S21404307864647265737320436F6E666C6963742048
S21404308853656E740043534C205278207363686506
S21404309864756C65206661696C6564000D0044653A
S2140430A8627567207072696E742067726F75702017
S2140430B825730A0057726F6E6720706172616D65BA
S2140430C87465720A0046696E6420616E64204269FB
S2140430D86E6420496E69746961746F723A20436F2E
S2140430E86D706C6574653A20307825303258005314
S2140430F874617274207461726765740046696E64DC
S21404310820616E642042696E642054617267657437
S2140431180025733A2025733A203078253032580033
S214043128467261676D656E746174696F6E20525875
S2140431382077696E646F772073697A65207365747F
S21404314820746F202564002F686F6D652F72756E66
S2140431586E65722F776F726B2F747579612D7A6925
S214043168676265652D7377697463682F747579610A
S2140431782D7A69676265652D7377697463682F733A
S214043188696C6162735F746F6F6C732F73696D70AB
S2140431986C69636974795F73646B2F70726F746F8C
S2140431A8636F6C2F7A69676265652F6170702F6626
S2140431B872616D65776F726B2F706C7567696E2FA9
S2140431C8667261676D656E746174696F6E2F667278
S2140431D861676D656E746174696F6E2E630052580C
S2140431E83A2041646447726F7570526573706F6EE7
S2140431F87365203078253032582C203078253034C2
S214043208580052583A205669657747726F75705257
S2140432186573706F6E7365203078253032582C20AD
S2140432283078253034582C20220052583A204765E6
S2140432387447726F75704D656D62657273686970F0
S214043248526573706F6E7365203078253032582C4B
S214043258203078253032582C00205B3078253034DE
S214043268585D0052583A2052656D6F766547726FFE
S2140432787570526573706F6E7365203078253032BA
S214043288582C203078253034580065705B25303249
S214043298585D2069645B253034585D00436C65616D
S2140432A872696E6720616C6C2067726F7570732E16
S2140432B8004552523A204661696C656420746F2052
S2140432C86372656174652062696E64696E67202836
S2140432D830782530325829004552523A2042696ED1
S2140432E864696E67207461626C652069732066750C
S2140432F86C6C004552523A2077726974696E67207E
S2140433086E616D6520737570706F72742025303227
S214043318580052583A2041646447726F75702030DA
S21404332878253034582C20220075760052583A20D6
S2140433385669657747726F7570203078253034582B
S2140433480075767300766965775F67726F757000C7
S21404335847726F7570733A206661696C6564207489
S2140433686F2073656E6420257320726573706F6EA4
S21404337873653A20307825303258006765745F677D
S214043388726F75705F6D656D6265727368697020BB
S214043398726573706F6E73650064656661756C74C8
S2140433A85F726573706F6E73650052583A2047658E
S2140433B87447726F75704D656D626572736869706F
S2140433C8203078253032582C007575620047726FA5
S2140433D87570733A206661696C656420746F20732F
S2140433E8656E642025733A203078253032580052AA
S2140433F8583A2052656D6F766547726F757020303F
S2140434087825303458004552523A204661696C652E
S2140434186420746F2064656C6574652062696E64E4
S214043428696E672028307825303258290072656D11
S2140434386F76655F67726F75700052583A205265EA
S2140434486D6F7665416C6C47726F75707300525871
S2140434583A2041646447726F757049664964656EBC
S21404346874696679696E67203078253034582C205C
S2140434782200616464004368616E6E656C206E6F3A
S214043488742076616C69643A202564005072696D0C
S214043498617279002573206D61736B206E6F7720D7
S2140434A8307825303858005365636F6E64617279D6
S2140434B8004D61736B206E6F742076616C69643A94
S2140434C8202564007072696D617279007365636F94
S2140434D86E646172790025733A20536574202573E7
S2140434E8206D61736B20746F20307825303858004F
S2140434F85374617475730025733A2025733A004330
S21404350868616E6E656C206D61736B3A00202020CE
S2140435182028312920307825303858205B00202090
S214043528202028322920307825303858205B00534C
S214043538746174653A20307825303258202825730B
S214043548290043757272656E74206368616E6E65D1
S2140435586C3A20256400546F74616C20626561635C
S2140435686F6E733A202564004A6F696E206174741E
S214043578656D7074733A202564004E6574776F72AF
S2140435886B2073746174653A20307825303258009D
S21404359853746F700025732053746F702E20204365
S2140435A86C65616E696E672075702E0042726F6175
S2140435B86463617374696E67207065726D697420DC
S2140435C86A6F696E0054727573742063656E7465E9
S2140435D872206C696E6B206B6579207570646174F3
S2140435E865207374617475730025733A20574152C5
S2140435F84E494E473A20736C5F7A69676265655F21
S2140436087365745F696E697469616C5F7365637505
S214043618726974795F7374617465206661696C6530
S214043628642E20436F6E74696E75696E67207769B9
S21404363874686F757420696E7374616C6C20636F3C
S21404364864652E004572726F723A20696E737461EF
S2140436586C6C20636F64652073657475702066618E
S214043668696C65642E20497320616E20696E7374D4
S214043678616C6C20636F646520666C61736865644E
S214043688206F6E746F207468652064657669636558
S2140436983F00D0D1D2D3D4D5D6D7D8D9DADBDCDD1F
S2140436A8DEDF00FFFFFFFFFFFFFFFF005A696742E8
S2140436B86565416C6C69616E636530390025733ADB
S2140436C82069737375696E67207363616E206F6E05
S2140436D8202573206368616E6E656C7320286D619F
S2140436E8736B203078253038582900257320697381
S2140436F820616C726561647920696E2070726F67E8
S21404370872657373005374617274004578616D69E9
S2140437186E696E6720626561636F6E206F6E2063E4
S21404372868616E6E656C20256420776974682070FD
S214043738616E4964203078253034580054686973BB
S21404374820626561636F6E206973206E6F742070E3
S214043758617274206F66207468652063757272657A
S2140437686E74206368616E6E656C206D61736B2081
S21404377828307825303858292E2047657474696EA1
S21404378867206E65787420626561636F6E2077685B
S2140437986F7365206368616E6E656C206269746D0C
S2140437A861736B206973207365742E004572726F9B
S2140437B8723A20257320636F756C64206E6F7420CC
S2140437C8617474656D7074206A6F696E3A20307817
S2140437D825303258004E6F20626561636F6E732021
S2140437E86C656674206F6E2063757272656E7420DD
S2140437F86D61736B2E204D6F76696E6720746F202B
S2140438086E657874207374617465002573206A6F16
S214043818696E696E6720307825303458206F6E20BC
S2140438286368616E6E656C20256400257320537486
S2140438386174653A202573004572726F723A2025C2
S2140438487320636F756C64206E6F7420736574756B
S214043858702073656375726974793A2030782530F8
S2140438683258004572726F723A205363616E206351
S2140438786F6D706C6574652068616E646C65722023
S21404388872657475726E6564203078253032580017
S2140438982573207363616E20636F6D706C65746541
S2140438A82E20426561636F6E732068656172643AA0
S2140438B820256400257320737461636B2073746118
S2140438C874757320307825303258002573206E6559
S2140438D874776F726B206A6F696E65642E00257341
S2140438E820747279696E67206E657874206E6574C4
S2140438F8776F726B2E004E6F6E65005363616E2091
S2140439085072696D617279204368616E6E656C7376
S21404391820616E642075736520436F6E66696775EB
S214043928726564204B6579005363616E2050726932
S2140439386D617279204368616E6E656C7320616E82
S214043948642075736520496E7374616C6C20436FCC
S2140439586465005363616E205072696D61727920E4
S2140439684368616E6E656C7320616E64205573657A
S2140439782043656E7472616C697A6564204B657958
S214043988005363616E205072696D617279204368D2
S214043998616E6E656C7320616E6420557365204491
S2140439A869737472696275746564204B657900532B
S2140439B863616E205365636F6E6461727920436831
S2140439C8616E6E656C7320616E6420757365204342
S2140439D86F6E66696775726564204B657900536314
S2140439E8616E205365636F6E646172792043686103
S2140439F86E6E656C7320616E642075736520496EFF
S214043A087374616C6C20436F6465005363616E2045
S214043A185365636F6E64617279204368616E6E6580
S214043A286C7320616E64205573652043656E7472EA
S214043A38616C697A6564204B6579005363616E200E
S214043A485365636F6E64617279204368616E6E6550
S214043A586C7320616E6420557365204469737472B0
S214043A68696275746564204B6579005363616E20DA
S214043A785072696D617279204368616E6E656C7305
S214043A8820616E642055736520416C6C204B657903
S214043A98732028696E7374616C6C20636F64652C7C
S214043AA82063656E7472616C697A65642C20646937
S214043AB873747269627574656429005363616E2051
S214043AC85365636F6E64617279204368616E6E65D0
S214043AD86C7320616E642055736520416C6C204BB2
S214043AE86579732028696E7374616C6C20636F64DF
S214043AF8652C2063656E7472616C697A65642C2023
S214043B08646973747269627574656429004F6E2FEC
S214043B184F6666207365742076616C75653A202551
S214043B283032582025303258004552523A207265B1
S214043B386164696E67206F6E2F6F66662025303263
S214043B4858004F6E2F6F666620616C7265616479E3
S214043B582073657420746F206E65772076616C75A3
S214043B686500546F67676C65206F6E2F6F666620F6
S214043B7866726F6D202530325820746F20253032D7
S214043B8858004552523A2077726974696E67206FF6
S214043B986E2F6F6666202530325800496E7374613E
S214043BA86C6C6564205479706520284261736529B5
S214043BB83A202030782530325800436170616269B3
S214043BC86C69746965733A20202020202020202000
S214043BD8202030782530345800426F6F746C6F613B
S214043BE86465722056657273696F6E3A20202020C9
S214043BF82030782530345800536563757265204242
S214043C086F6F746C6F61646572204B65793A202017
S214043C182020202000426F6F746C6F6164696E67A1
S214043C28206661696C65642100446F776E6C6F6109
S214043C3864206661696C65642E0044656C65746905
S214043C486E67206661696C656420646F776E6C6F56
S214043C5861642C207374617475733A203078253047
S214043C68325800496D61676520646F6573206E6F0E
S214043C787420636F6E7461696E20616E2055706778
S214043C887261646520496D61676520546167202800
S214043C98307825303458292E20536B697070696E35
S214043CA86720757067726164652E0045786563756C
S214043CB874696E6720626F6F746C6F6164206361E9
S214043CC86C6C6261636B2E005374617274696E6700
S214043CD82045424C20766572696669636174696F2B
S214043CE86E0045424C206661696C65642076657290
S214043CF8696669636174696F6E2E0045424C20706C
S214043D08617373656420766572696669636174694C
S214043D186F6E2E002573696E67204F544120636CBE
S214043D2869656E74207374617465206D616368696F
S214043D386E650073746F7070004572726F723A2005
S214043D484E6F20696D61676520617420696E6465CD
S214043D5878202564004E6F7420737570706F7274C3
S214043D6865642E00436C69656E7420696D616765C9
S214043D7820717565727920696E666F004D616E757F
S214043D88662049443A20202020202020202030780D
S214043D982530345800496D6167652054797065206C
S214043DA849443A202020203078253034580043757A
S214043DB87272656E742056657273696F6E3A202047
S214043DC83078253038580048617264776172652007
S214043DD856657273696F6E3A20004E4100517565D8
S214043DE872792044656C6179206D733A202020200E
S214043DF82020202020202020256C6400536572761D
S214043E08657220446973636F766572792044656CBD
S214043E186179206D733A20256C6400446F776E6C64
S214043E286F61642044656C6179206D733A202020A4
S214043E38202020202020256C640052756E205570A2
S214043E4867726164652044656C6179206D733A20F5
S214043E582020202020256C64005665726966792027
S214043E6844656C6179206D733A2020202020202038
S214043E7820202020256C6400446F776E6C6F616484
S214043E88204572726F72205468726573686F6C642A
S214043E983A2020256400557067726164652057616E
S214043EA86974205468726573686F6C643A202020BD
S214043EB8202564004F544120446F776E677261640E
S214043EC865733A2044697361626C6564004F5441B3
S214043ED820446F776E6772616465733A20456E6135
S214043EE8626C656400426F6F746C6F6164207374EF
S214043EF86174653A20257300496E76616C6964209E
S214043F084550202564207768656E20747279696E3A
S214043F186720746F2073656E64204F5441206D6566
S214043F2873736167652E0053656E64696E67205502
S214043F3870677261646520456E6420726571756584
S214043F4873742E0025733A20696E76616C69642052
S214043F58636D64496420307825303258004572729F
S214043F686F723A20204661696C656420746F20730A
S214043F78656E64204F544120636F6D6D616E6420D6
S214043F883078253032582C207374617475733A204F
S214043F983078253032580053657276657220756E0F
S214043FA86B6E6F776E2C2066616C6C696E67206228
S214043FB861636B20746F20646973636F76657279C6
S214043FC82E004D6178696D756D207175657279205E
S214043FD86572726F72732068697420282564292CA8
S214043FE8207374617274696E67207365617263689E
S214043FF820666F72206E6577204F54412073657271
S2140440087665722E0A004170706C79696E67207541
S2140440187067726164650025733A20696E76616C10
S2140440286964206F66667365742063757272656E5C
S2140440387454696D652830782530385829203E2010
S2140440487570677261646554696D652830782530C3
S214044058385829004F544120436C75737465723A76
S214044068207761697420666F722025642073005275
S2140440785865642074696D654F75742030782530EA
S214044088385820732C204D41582074696D654F7537
S21404409874203078253038582073004D6178696D5F
S2140440A8756D2075706772616465207265717565D3
S2140440B8737473206D6164652028256429207769E4
S2140440C874686F757420726573706F6E7365206696
S2140440D8726F6D207365727665722E0055706772FE
S2140440E86164696E6720616E79776179004F54411F
S2140440F8205365727669636520646973636F7665B1
S21404410872792070726576656E746564202D2061F8
S2140441186E6F7468657220697320616C7265616479
S2140441287920696E2070726F6772657373004661D2
S214044138696C656420746F20696E69746961746556
S214044148207365727669636520646973636F766540
S21404415872792E004F544120536572766963652040
S214044168446973636F7665727920696E2070726F1E
S214044178677265737300436C69656E74207665723E
S214044188696669636174696F6E206661696C6564E3
S2140441982E005369676E617475726500437573748F
S2140441A86F6D00706173736564004641494C4544FD
S2140441B8004E6F207369676E617475726520766544
S2140441C872696669636174696F6E20737570706F5F
S2140441D872742C20617373756D696E6720696D61DE
S2140441E86765206973206F6B61792E0025732076C6
S2140441F86572696669636174696F6E2025733A200F
S214044208307825303258004D6178696D756D206EAA
S214044218756D626572206F6620646F776E6C6F6169
S21404422864206572726F72732072656163682028F1
S2140442382564292C2061626F7274696E672E004F9C
S214044248544120436C75737465723A2073657474AC
S214044258696E6720494545452061646472657373D1
S214044268206F66204F544120636C75737465720022
S2140442785061727469616C2066696C6520646F7736
S2140442886E6C6F616420666F756E642C20636F6E47
S21404429874696E75696E672066726F6D206F6666E0
S2140442A87365742030782530385800466F756E6408
S2140442B82066756C6C7920646F776E6C6F616465C4
S2140442C8642066696C6520696E2073746F72616712
S2140442D865202876657273696F6E203078253038C5
S2140442E858292E00466F756E642066696C652069C9
S2140442F86E2073746F7261676520776974682064CA
S2140443086966666572656E742076657273696F6E23
S214044318202830782530385829207468616E206340
S214044328757272656E742076657273696F6E20286E
S214044338307825303858290046696C6520696E201F
S21404434873746F726167652069732073616D652085
S21404435861732063757272656E742072756E6E6909
S2140443686E672076657273696F6E202830782530FC
S214044378385829004E6F20696D61676520666F7529
S2140443886E6420696E2073746F726167652E004FC1
S2140443985441205365727669636520446973636F74
S2140443A87665727920756E626C6F636B6564004916
S2140443B8676E6F72696E67207365727665722066BB
S2140443C8726F6D206C6F6F706261636B20616464DA
S2140443D8726573730049676E6F72696E672030780A
S2140443E825303458204F5441207365727665722000
S2140443F8696E20736561726368206F662054430093
S21404440853657474696E67204F54412053657276F9
S214044418657220746F203078253034580044656CF3
S2140444286179696E67202564207365636F6E6473AB
S214044438206265666F7265207374617274696E674C
S214044448204F544120636C69656E740054696D6529
S2140444586F75742077616974696E6720666F722059
S2140444686D6573736167652E00426164204F54411D
S21404447820636F6D6D616E643A203078253032584B
S214044488004F544120636F6D6D616E64203078254B
S21404449830325820746F6F2073686F727420286CDB
S2140444A8656E202564203C206D696E2025642900ED
S2140444B84F544120636F6D6D616E642066726F6D34
S2140444C820756E7265636F676E697A6564207365B6
S2140444D872766572203078253034582E20204D792F
S2140444E8204F5441207365727665723A20307825D9
S2140444F830345800496D616765204E6F7469667973
S21404450800476F7420756E657870656374656420FB
S21404451825732E2020537461727420646973636F44
S214044528766572792E0064656661756C74004F54FE
S214044538413A206661696C656420746F2073656E01
S2140445486420257320726573706F6E73653A203025
S214044558782530325800496D616765206E6F746936
S214044568667900476F7420756E6578706563746540
S214044578642025732E202049676E6F7265642E00AA
S2140445884F54413A2044656661756C7420726573AD
S214044598706F6E736520666F7220496D616765205B
S2140445A86E6F746966792C20737461747573203021
S2140445B8782530325800496D616765206E6F7469D6
S2140445C8667920636F6D6D616E6400257320756E61
S2140445D869636173742C207175657279696E6700F6
S2140445E8496E76616C6964002573202573207061B2
S2140445F8796C6F6164207479706520307825303260
S214044608580025732025733A206F7574206F66202A
S21404461872616E6765206A69747465722025640021
S21404462825732025733A207061796C6F6164206C59
S214044638656E67746820646F65736E2774206D6191
S2140446487463682074797065203078253032582071
S214044658282564203C2025642900257320257320FA
S21404466864756520746F206E6F6E2D6D6174636853
S214044678696E67206D616E756661637475726572BE
S2140446882049440025732025732064756520746FBB
S214044698206E6F6E2D6D61746368696E6720696D30
S2140446A86167652074797065204944002573202560
S2140446B8732064756520746F206D61746368696E11
S2140446C867206669726D77617265207665727369AC
S2140446D86F6E0025732025732C2052782764204A91
S2140446E869747465722028307825303258292C204D
S2140446F85069636B6564204A69747465722028304F
S214044708782530325829005175657279206E657897
S2140447187420696D61676520726573706F6E736562
S2140447280025732072657475726E6564203078256A
S2140447383032582E20204E6F206E657720696D61C2
S214044748676520746F20646F776E6C6F61642E00E3
S214044758257320746F6F2073686F7274202825641D
S214044768203C202564290025733A204E6577206965
S2140447786D61676520697320617661696C61626C36
S2140447886520666F7220646F776E6C6F61642E00A6
S2140447982573206973206E6F74207573696E67209D
S2140447A86D7920696D61676520696E666F2E0045B0
S2140447B852524F523A204E65787420496D616765A7
S2140447C820697320746F6F2062696720746F207382
S2140447D8746F72652028307825303858203E20308B
S2140447E87825303858290025732072657475726EDA
S2140447F865642073616D652046696C6556657273D9
S214044808696F6E2061732063757272656E746C7955
S21404481820696E7374616C6C65642E004F54412075
S214044828446F776E67726164657320446973616266
S2140448386C65643A2046696C6556657273696F6E72
S21404484820626568696E642063757272656E74208A
S214044858696E7374616C6C6174696F6E005374610D
S2140448687274696E6720646F776E6C6F61642C204F
S21404487856657273696F6E2030782530385800454F
S21404488872726F723A204661696C656420746F2090
S21404489864656C65746520696D6167652E0045728C
S2140448A8726F723A204661696C656420746F20657D
S2140448B872617365206F6C642074656D7020646122
S2140448C874612E00496D61676520626C6F636B20A6
S2140448D8726573706F6E7365004F54413A20496D64
S2140448E8616765426C6F636B5265706F6E736520A3
S2140448F8636F6E7461696E7320696E76616C696441
S214044908206F7220696E636F6D706C6574652064C1
S214044918617461005570646174696E67204D696ED0
S21404492820426C6F636B20526571756573742050F2
S2140449386572696F6420746F202564206D73004463
S2140449486F776E6C6F61642064656C617920627938
S21404495820736572766572202564206D7300446F33
S214044968776E6C6F61642061626F7274656420622E
S21404497879207365727665722E0053657276657251
S21404498820646F65736E277420737570706F727405
S214044998207061676520726571756573742C206F65
S2140449A86E6C79207573696E6720626C6F636B2012
S2140449B8726571756573742E005365727665722018
S2140449C872657475726E65642027756E737570707B
S2140449D86F7274656420636C757374657220636F94
S2140449E86D6D616E64272E00556E6B6E6F776E2044
S2140449F825732073746174757320636F646520303F
S214044A0878253032580025732068617320646174F1
S214044A18612073697A65202825642920736D616C82
S214044A286C6572207468616E2061637475616C20AD
S214044A387061636B65742073697A65202825642918
S214044A482E002573206572726F723A204578706559
S214044A5863746564206F66667365742030782530E1
S214044A6838582C2062757420676F74203078253087
S214044A7838582E202049676E6F72696E6700257352
S214044A8820696E666F20646964206E6F74206D6199
S214044A98746368206D79206578706563746564202E
S214044AA8696E666F2E202044726F7070696E672E6A
S214044AB8004661696C656420746F20777269746552
S214044AC820746F2073746F726167652064657669F5
S214044AD863652100446F776E6C6F61640055706778
S214044AE87261646520656E6420726573706F6E7398
S214044AF865005365727665722061626F72746564C8
S214044B0820757067726164652C207374617475739C
S214044B183A20307825303258004572726F723A203F
S214044B2825732068616420696E76616C6964202543
S214044B38733A200066696C652076657273696F6ED1
S214044B4800416464696E67202564206D732E2064B2
S214044B58656C617920666F7220696D6D656469613C
S214044B68746520757067726164652E00436F756E90
S214044B7874646F776E20746F2075706772616465ED
S214044B883A202564206D73002053746174653A20B6
S214044B9820202573002057616974696E6720666F44
S214044BA87220726573706F6E73653A2025730020E1
S214044BB84E657874204576656E742054696D657202
S214044BC83A202564206D73002043757272656E74EE
S214044BD820446F776E6C6F6164204F6666736574E5
S214044BE83A20307825303858202825642525290089
S214044BF825733A206661696C65642070617273690E
S214044C086E67204F544120636D6420307825303217
S214044C1858004F54412044656661756C742072656B
S214044C2873706F6E736520746F20636F6D6D616E3D
S214044C3864204944203078253032582C2073746117
S214044C487475732030782530325800496D6167656D
S214044C5820626C6F636B207265717565737420745B
S214044C68657374206F6E6C7920776F726B73207718
S214044C7868656E20737461746520697320424F4FAB
S214044C88544C4F41445F53544154455F4E4F4E4530
S214044C980052616E646F6D2044656C6179206265AC
S214044CA8666F726520737461727400446973636F07
S214044CB8766572696E67204F54412053657276652F
S214044CC87200476574204F544120536572766572A6
S214044CD820455549004F627461696E206C696E6B95
S214044CE8206B6579005175657279696E67204E6523
S214044CF8787420496D61676500446F776E6C6F61E0
S214044D0864696E6720496D616765005665726966F1
S214044D1879696E6720496D616765005761697469CA
S214044D286E6720666F722055706772616465206DC1
S214044D3865737361676500436F756E74646F776E29
S214044D4820746F20557067726164650057616974D2
S214044D58696E6720746F2075706772616465207663
S214044D686961206F75742D6F662D62616E64206D9F
S214044D78656368616E69736D0025733A202564253A
S214044D882520636F6D706C65746500496D61676591
S214044D982025640020204552524F523A20436F750E
S214044DA86C64206E6F74206765742066756C6C205E
S214044DB868656164657221002020486561646572CF
S214044DC82056657273696F6E3A20307825303458E9
S214044DD8002020486561646572204C656E677468B7
S214044DE83A20202564206279746573002020466979
S214044DF8656C6420436F6E74726F6C3A202030784A
S214044E08253034580020204D616E75662049443A92
S214044E1820202020202020307825303458002020D8
S214044E28496D61676520547970653A2020202020F2
S214044E3830782530345800202056657273696F6EB2
S214044E483A2020202020202020307825303858008A
S214044E5820205A69676265652056657273696F6EA5
S214044E683A20307825303458002020486561646537
S214044E787220537472696E673A20202573002020C6
S214044E88496D6167652053697A653A202020202099
S214044E98256C6420627974657300202053656375F5
S214044EA87269747920437265643A20203078253014
S214044EB83258002020557067726164652044657313
S214044EC8743A2020200020204D696E2E2048572052
S214044ED85665723A20202020307825303458002031
S214044EE8204D61782E204857205665723A20202097
S214044EF820307825303458002020546F74616C2094
S214044F08546167733A202564002020202054616782
S214044F183A20307825303458002020202020204C91
S214044F28656E6774683A20256C64004572726F7201
S214044F383A20436F756C64206E6F74206F627461D8
S214044F48696E2074616720696E666F2066726F6D7D
S214044F5820696D6167652E000A256420696D61679E
S214044F68657320696E204F54412073746F726167AD
S214044F78652E00496D6167652064656C65746525F2
S214044F88732E004572726F723A2020436F756C64F4
S214044F98206E6F74207265616420626C6F636B3A6E
S214044FA8203078253032582E0A005374617274699A
S214044FB86E672065726173652066726F6D206F6612
S214044FC8667365742030782530385820746F20301E
S214044FD8782530385800436F756C64206E6F7420DB
S214044FE873746172742045524153452120283078E1
S214044FF8253032582900454550524F4D2045726198
S214045008736520636F6D706C657465002F686F6DCB
S214045018652F72756E6E65722F776F726B2F747547
S21404502879612D7A69676265652D73776974636833
S2140450382F747579612D7A69676265652D7377694A
S2140450487463682F73696C6162735F746F6F6C73D3
S2140450582F73696D706C69636974795F73646B2FF9
S21404506870726F746F636F6C2F7A69676265652FE9
S2140450786170702F6672616D65776F726B2F706CD6
S2140450887567696E2F6F74612D73746F72616765C7
S2140450982D73696D706C652D656570726F6D2F6FF5
S2140450A874612D73746F726167652D656570726FB0
S2140450B86D2D706167652D65726173652E63002FAB
S2140450C8686F6D652F72756E6E65722F776F726B6B
S2140450D82F747579612D7A69676265652D737769AA
S2140450E87463682F747579612D7A69676265652DAE
S2140450F87377697463682F73696C6162735F746F1E
S2140451086F6C732F73696D706C69636974795F73F8
S214045118646B2F70726F746F636F6C2F7A69676233
S21404512865652F6170702F6672616D65776F726B37
S2140451382F706C7567696E2F6F74612D73746F7238
S2140451486167652D73696D706C652D656570726F22
S2140451586D2F6F74612D73746F726167652D656545
S21404516870726F6D2E63004F54412053696D706CD6
S214045178652053746F7261676520454550524F4DDC
S214045188207761726E696E673A20636F756C642067
S2140451986E6F742067657420736C6F7420696E660E
S2140451A86F20666F7220736C6F74202564202865E0
S2140451B872726F7220307825303258292E20446552
S2140451C86661756C74696E6720746F2073706563A6
S2140451D869666965642061646472657373206F66C2
S2140451E866736574730053746F72616765204472DE
S2140451F8697665723A20202020202020202020204E
S21404520820204F54412053696D706C652053746F89
S2140452187261676520454550524F4D20506C75673E
S214045228696E0052656164204D6F6469667920571B
S2140452387269746520537570706F72743A20206EA4
S2140452486F00534F4320426F6F746C6F6164696ECE
S2140452586720537570706F72743A20202020796521
S2140452687300426F6F746C6F616465722053746F59
S2140452787261676520537570706F72743A2055733F
S2140452886520666972737420736C6F7400536C6F50
S2140452987420746F207573653A20202020202020FF
S2140452A820202020202020202025640043757272A8
S2140452B8656E7420446F776E6C6F6164204F666603
S2140452C87365743A202020203078253038580045F5
S2140452D8424C205374617274204F66667365743A40
S2140452E82020202020202020202020307825303818
S2140452F85800454550524F4D2053746172743A20F5
S2140453082020202020202020202020202020307824
S2140453182530385800454550524F4D20456E643A5E
S214045328202020202020202020202020202020206C
S2140453382030782530385800496D61676520496EF5
S214045348666F2053746172743A202020202020202F
S2140453582020202030782530385800536176652080
S2140453685261746520286279746573292020202088
S21404537820202020202020307825303858004F66FA
S21404538866736574206F6620646F776E6C6F6164ED
S214045398206F666673657420202030782530385868
S2140453A8004F6666736574206F662045424C206F0E
S2140453B866667365743A20202020202020307825DD
S2140453C8303858004F6666736574206F6620696DBA
S2140453D86167652073746172743A20202020202047
S2140453E830782530385800736C5F7A69676265656B
S2140453F85F61665F6F74615F73746F726167655F20
S2140454086472697665725F726561645F636228298F
S214045418206661696C65642100426164206D616779
S2140454286963206E756D62657220696E2066696CA4
S214045438653A20307825303258203078253032586E
S21404544820307825303258203078253032580042BB
S21404545861642076657273696F6E20696E2066696A
S2140454686C6520307825303458004572726F723A6D
S2140454782072656164416E6456616C696461746522
S21404548853746F726564496D616765282920747260
S21404549869656420746F2072656164206D6F726537
S2140454A82064617461207468616E20697420636F77
S2140454B8756C6420686F6C642E00736C5F7A696719
S2140454C86265655F61665F6F74615F73746F72614E
S2140454D867655F6472697665725F726561645F6347
S2140454E8622829204641494C454421004C6173747E
S2140454F8206F666673657420646F776E6C6F61647C
S21404550865643A203078253038580053746F7261D1
S2140455186765204D6F64756C653A204F5441205377
S214045528696D706C652053746F7261676520506C82
S2140455387567696E00496D616765732053746F7289
S21404554865643A20202564206F6620310A002530D9
S21404555832583A006570202530325820636C7573CB
S214045568202530345820617474722025303458202D
S21404557873767220256300206D66672025303258BE
S21404558800207265706F7274206D696E2025303441
S21404559858206D61782025303458207270742D6335
S2140455A86867202530385800207265636569766513
S2140455B82066726F6D20253034582065702025309B
S2140455C832582074696D656F757420253034580018
S2140455D872656D6F766500636C656172696E6720C7
S2140455E86C617374207265706F72742074696D656B
S2140455F8206F6620616C6C206174747269627574BD
S21404560865730074657374696E672074696D696E72
S21404561867206F6620766172696F7573207265708D
S2140456286F7274696E67206F7065726174696F6EE5
S21404563873002D2D2D2D2D2D2D2D2D2D2D2D2D2D70
S2140456482D2D2D2D2D2D2D2D2D2D2D2D2D2D2D2D79
S2140456582D2D2D2D2D2D2D2D2D2D2D2D2D2D2D2D69
S2140456682D002D2D7461626C65207265616473204B
S2140456782D2066756C6C207461626C652D2D007225
S2140456886573756C74203D202564206D73002D2D7C
S214045698696E6974202F207363686564756C652069
S2140456A87469636B2D2D2D002D2D6C6F616420633A
S2140456B86F6E66696775726174696F6E2064656675
S2140456C861756C74732D2D002F686F6D652F727558
S2140456D86E6E65722F776F726B2F747579612D7A7B
S2140456E869676265652D7377697463682F7475795D
S2140456F8612D7A69676265652D7377697463682FA7
S21404570873696C6162735F746F6F6C732F73696D02
S214045718706C69636974795F73646B2F70726F74E5
S2140457286F636F6C2F7A69676265652F6170702F77
S2140457386672616D65776F726B2F706C7567696ECC
S2140457482F7265706F7274696E672F7265706F72E8
S21404575874696E672E6300524541445F5250545F25
S21404576843464700726561645F7265706F72746958
S2140457786E675F636F6E66696775726174696F6E6C
S214045788005265706F7274696E673A206661696C58
S214045798656420746F2073656E64202573207265B3
S2140457A873706F6E73653A2030782530325800452A
S2140457B852523A2072656164696E6720636C757329
S2140457C87465722030782530345820617474726990
S2140457D862757465203078253034583A2030782538
S2140457E8303258004552523A207265706F727469A6
S2140457F86E67206F66204C4F4E4720737472696E2E
S214045808672061747472696275746520747970654A
S214045818206E6F7420737570706F727465643A20A6
S214045828636C75737465722030782530345820613B
S214045838747472696275746520307825303458003B
S2140458485265706F7274696E6720456E747279203B
S21404585846756C6C202D206372656174696E6720CA
S2140458686E6577207265706F7274004346475F52A0
S214045878505400202D20646972656374696F6E3A0B
S214045888253032582C20617474723A253034580006
S214045898202020747970653A253032582C206D699A
S2140458A86E3A253034582C206D61783A25303458B1
S2140458B8002020206368616E67653A002020207403
S2140458C8696D656F75743A2530345800636F6E6673
S2140458D869677572655F7265706F7274696E670062
S2140458E82054434C4B2075706461746520616C7257
S2140458F86561647920696E2070726F677265737368
S214045908004D616E75616C2054434C4B2075706471
S214045918617465206661696C65642E25730053742A
S214045928617274696E672075706461746520747238
S2140459387573742063656E746572206C696E6B206B
S2140459486B65792070726F63657373005570646154
S2140459587465205443204C696E6B204B657900208F
S2140459684E6577206B65792065737461626C69731C
S2140459786865643A00204572726F723A0050617224
S214045988746E65723A20005A434C20676C6F6261E5
S2140459986C20636C757374657220636F6D6D616ECD
S2140459A8647300646972656374696F6E006469730E
S2140459B8632D636F6D2D67656E00646973632D636D
S2140459C86F6D2D726563006578706563742D7265F6
S2140459D8706F72742D66726F6D2D6D6500757772B3
S2140459E8697465006E7772697465007265706F72A3
S2140459F8742D726561640073656E642D6D652D6122
S214045A082D7265706F7274004372656174657320D5
S214045A186120676C6F62616C20646973636F766576
S214045A287220636F6D6D616E6420666F7220746891
S214045A3865206173736F6369617465642076616C4D
S214045A487565732E00636C757374657249641F619B
S214045A58747472696275746549641F6D61784E75ED
S214045A686D626572546F5265706F72741F0043726C
S214045A786561746573206120676C6F62616C20735E
S214045A88656E64206D652061207265706F7274207F
S214045A98636F6D6D616E6420666F7220746865202E
S214045AA86173736F6369617465642076616C756588
S214045AB8732E00636C757374657249641F6174741D
S214045AC872696275746549641F6461746154797097
S214045AD8651F6D696E5265706F727454696D651FC3
S214045AE86D61785265706F727454696D651F72655E
S214045AF8706F727461626C654368616E67651F00D7
S214045B0843726561746573206120676C6F62616CAB
S214045B182072656164207265706F7274696E67209E
S214045B28636F6D6D616E6420666F7220746865209D
S214045B386173736F63696174656420636C757374E9
S214045B4865722C2061747472696275746520616E5E
S214045B5864207365727665722F636C69656E74204B
S214045B68646972656374696F6E2E00636C7573740A
S214045B78657249641F6174747269627574654964F0
S214045B881F646972656374696F6E1F00476C6F6281
S214045B98616C207265706F7274696E6720636F6DCE
S214045BA86D616E6400656E64706F696E741F636CF5
S214045BB8757374657249641F617474726962757466
S214045BC86549641F6D61736B1F0043726561746574
S214045BD873206120676C6F62616C20726561642053
S214045BE8636F6D6D616E64206D65737361676520A0
S214045BF8746F20726561642066726F6D20746865C0
S214045C0820636C757374657220616E6420617474A5
S214045C18726962757465207370656369666965641C
S214045C282E00636C757374657249641F61747472AC
S214045C38696275746549641F0043726561746573A7
S214045C48206120676C6F62616C20777269746520C6
S214045C58636F6D6D616E64206D657373616765202F
S214045C68746F20777269746520746F207468652071
S214045C78636C757374657220616E642061747472E3
S214045C88696275746520737065636966696564001E
S214045C98636C757374657249641F6174747269629F
S214045CA875746549641F747970651F646174611F2F
S214045CB80043726561746520612065787065637455
S214045CC82D7265706F72742D66726F6D2D6D6520FA
S214045CD86D6573736167652077697468206173738B
S214045CE86F6369617465642076616C7565732E00EC
S214045CF8636C757374657249641F6174747269623F
S214045D0875746549641F74696D656F75741F0043FF
S214045D187265617465206120446973636F76657281
S214045D2820436F6D6D616E64732047656E6572619E
S214045D3874656420636F6D6D616E6420776974683A
S214045D48206173736F6369617465642076616C752A
S214045D5865732E00636C757374657249641F737477
S214045D68617274436F6D6D616E6449641F6D61780A
S214045D78436F6D6D616E6449641F005365747320C8
S214045D8874686520646972656374696F6E20666FEB
S214045D987220676C6F62616C20636F6D6D616E64F0
S214045DA8732C2065697468657220636C69656E7403
S214045DB820746F20736572766572206F722073651F
S214045DC87276657220746F20636C69656E742E0033
S214045DD853657473206120666C616720736F207442
S214045DE868617420746865206170706C6963617496
S214045DF8696F6E206672616D65776F726B2057499E
S214045E084C4C204E4F5420726573706F6E64207429
S214045E186F20746865206E657874205A434C206D2C
S214045E28657373616765207468617420636F6D6554
S214045E387320696E206F76657220746865206169C0
S214045E48722E0053657473206120666C6167207334
S214045E586F207468617420746865206170706C695A
S214045E68636174696F6E206672616D65776F726BB5
S214045E782057494C4C20726573706F6E6420746F9B
S214045E8820746865206E657874205A434C206D65C6
S214045E987373616765207468617420636F6D6573D6
S214045EA820696E206F766572207468652061697251
S214045EB82E005365747320746865204469736162A0
S214045EC86C652044656661756C7420526573706FE2
S214045ED86E7365204672616D6520436F6E74726FCB
S214045EE86C2062697420746F2075736520666F72FF
S214045EF820746865206E65787420636F6D6D616EB6
S214045F08642069662074686520636F6D6D616E64CD
S214045F18206973206E6F7420616C726561647920E1
S214045F286275696C742E0064697361626C65446595
S214045F386661756C74526573706F6E73651F005373
S214045F486574732074686520666C616720746F20B6
S214045F587573652074686520696E6372656D656E11
S214045F687465642073657175656E6365206E756DFA
S214045F786265722066726F6D207468652066726149
S214045F886D65776F726B20666F7220746865206E15
S214045F986578742072617720636F6D6D616E642E08
S214045FA8007573654E65787453657175656E6365BB
S214045FB81F00436C6920636F6D6D616E6420746F97
S214045FC82063616C6C20736C5F7A69676265655FD1
S214045FD861665F7365745F74696D652066756E6364
S214045FE874696F6E20646F63756D656E746564207E
S214045FF8696E2061662E680075746354696D651F42
S2140460080053657473207468652074776F2062790A
S2140460187465206D616E7566616374757265722049
S2140460287370656369666963206964656E74696616
S21404603869657220746F2075736520666F722074A4
S2140460486865206E65787420636F6D6D616E642074
S21404605869662074686520636F6D6D616E64206977
S21404606873206E6F7420616C726561647920627542
S214046078696C742E006D6667537065636966696338
S21404608849641F0054727573742043656E74657290
S214046098204A6F696E2048616E646C65723A207394
S2140460A87461747573203D2025732C2064656369B8
S2140460B873696F6E203D20257320282530325829B1
S2140460C82C2073686F7274696420307825303458CD
S2140460D800554E73656375726564206A6F696E0051
S2140460E8646576696365206C65667400554E7365E9
S2140460F863757265642072656A6F696E0075736588
S21404610820707265636F6E66696775726564206B66
S21404611865790073656E64206B657920696E2074F2
S214046128686520636C6561720064656E79206A6FC1
S214046138696E006E6F20616374696F6E00616C6CC3
S2140461486F772072656A6F696E73206F6E6C79005C
S2140461586E6F742000534C5F5354415455535F4E2E
S2140461684554574F524B5F55502030782530345895
S2140461780054727573742043656E746572204555B1
S21404618849206861732025736368616E6765642EA9
S21404619800534C5F5354415455535F4E4554574F20
S2140461A8524B5F444F574E00534C5F53544154551B
S2140461B8535F4E4F545F4A4F494E454400534C5F15
S2140461C85354415455535F5A49474245455F4E45D3
S2140461D854574F524B5F4F50454E45443A2025641A
S2140461E82073656300534C5F5354415455535F5AA8
S2140461F849474245455F4E4554574F524B5F434CBB
S2140462084F5345440025733A202573006469737414
S214046218726962757465640063656E7472616C692C
S2140462287A656400466F726D002573696E67206F21
S2140462386E2063682025642C2070616E49642030C3
S2140462487825303458004572726F723A2044657661
S21404625869636520646F6573206E6F742073757048
S214046268706F7274202573206E6574776F726B2056
S214046278666F726D6174696F6E004A6F696E004965
S2140462886E76616C696420536563757269747920E7
S21404629850726F66696C653A20307825303258003B
S2140462A8704A6F696E20666F722025642073656372
S2140462B83A20307825303258004C696D6974696E16
S2140462C867206475726174696F6E206F66207065E6
S2140462D8726D6974206A6F696E2066726F6D2066C7
S2140462E86F726576657220283235352920746F20DA
S2140462F83235340052583A205A444F2C20636F6D76
S2140463086D616E64203078253034582C207374619F
S2140463187475733A203078253032580053696D7096
S2140463286C650052583A20257320446573632052DE
S214046338657370004D61746368002C204D61746346
S2140463486865733A20256400446576696365204168
S2140463586E6E6F756E63653A203078253034580053
S21404636852583A204945454520416464726573731A
S21404637820526573706F6E73650052583A204163F5
S2140463887469766520455020526573706F6E736520
S2140463982C20436F756E743A202564004E6F64652E
S2140463A8002C204D6174636865733A203078253074
S2140463B8345800737461636B207665722E205B25EF
S2140463C8642E25642E256400202573206275696C66
S2140463D8642025645D005A444F0053450048410034
S2140463E8436C757374657200476C6F62616C002544
S2140463F8737478203078253038582C200050726F03
S21404640866696C653A202573202830782530345818
S214046418292C20436C75737465723A2030782530BD
S21404642834582C2025642062797465732C00205A0D
S214046438434C20257320436D642049443A20256440
S214046448005072652D52656C6561736500416C7009
S2140464586861203100416C706861203200416C70BC
S21404646868612033004265746120310042657461B6
S2140464782032004265746120330047410052657338
S214046488657420696E666F3A203078253032582055
S214046498282573290064656C6574652062696E64D2
S2140464A8696E673A20253032582025303258000164
S2140464B802030405060708090A0B0C00010101017A
S2140464C801010101010101010057524954452045C3
S2140464D852523A20002573657020253032582063BE
S2140464E86C757320253034582061747472202530F6
S2140464F83458206E6F7420737570706F7274656488
S214046508002573696E76616C696420646174612021
S2140465187479706500257361747472206E6F7420C4
S2140465287772697461626C650057524954453A201B
S2140465386E6F2077726974652C206A75737420618F
S214046548207465737400524541443A206174747229
S21404655869627574652073697A6520746F6F206C38
S2140465686172676520666F722063616C6C65720081
S214046578636C6E74007372767200525700524F0042
S214046588202052414D20200020746F6B656E200039
S21404659865787465726E2000454E44504F494E54D3
S2140465A8202530325800636C7573202F2073696475
S2140465B865202F2061747472202F206D6667202052
S2140465C82F74797065286C656E292F207277202FB2
S2140465D82073746F72616765202F2064617461206C
S2140465E828726177290025303458202F20257320F7
S2140465F82F2025303458202F2000202F20253032F5
S2140466085820282530325829202F202573202F205B
S2140466182573202F2000556E737570706F7274651D
S21404662864004F544120524541443A2065703A2547
S214046638303258206369643A2530345820617474BB
S21404664869643A25303458206D736B3A25303258CD
S214046658206D66636F64653A2530345800524541A8
S214046668443A20636C757320253034582C206174A2
S21404667874722025303458206661696C6564202558
S21404668830325800524541443A20636C75732025CD
S2140466983034582C206174747220253034582C20D9
S2140466A8646174614C656E3A20253032582C204F4C
S2140466B84B00282563292530325825303258253092
S2140466C8325825303258253032582530325825303D
S2140466D83258253032580064697361626C65002547
S2140466E873642C2064726F7070696E6720657020FE
S2140466F830782530325820636C757320307825300E
S214046708345820636D642030782530325800476545
S2140467186E6572617465640052656365697665645E
S21404672800446973636F76657220436F6D6D616E9E
S214046738647320726573706F6E73652028636F6D5B
S214046748706C6574653A202563292C2025732049C6
S21404675844733A200030782530325820005F455874
S2140467685400524541445F415454520057524954C8
S214046778453A20636C757320253034582061747448
S21404678872202530345820004641494C20253032A2
S214046798580057524954453A20746F6F2073686FEF
S2140467A8727400444953435F415454520025732578
S2140467B8733A20636C757320253034580053766317
S2140467C820446973633A2000257357616974696EB7
S2140467D8672025642073656320666F722064697376
S2140467E8636F7665727920746F20636F6D706C655D
S2140467F8746500537461746520636F727265737090
S2140468086F6E64696E6720746F2074686520746898
S214046818652072657175657374206E6F7420666F73
S214046828756E640A002573636F6D706C6574652EE7
S2140468380A00257353657276696365204469736331
S2140468486F76657279205374617465206C696D6916
S214046858747320726561636865640A002573496CFD
S2140468686C6567616C2062726F616463617374201F
S214046878616464726573732C2072656D61707069E7
S2140468886E6720746F2076616C6964206F6E652E5F
S2140468980025734661696C656420746F2073656EA1
S2140468A864206D6174636820646973636F766572C7
S2140468B8793A20307825303258002573537461723B
S2140468C874696E6720646973636F76657279206687
S2140468D86F7220636C757374657220307825303453
S2140468E8580025734661696C656420746F20736567
S2140468F86E642073696D706C652064657363726971
S21404690870746F7220726571756573743A20307886
S214046918253032580025734661696C656420746FA7
S2140469282073656E64204945454520616464726534
S214046938737320726571756573743A2030782530E0
S21404694832580025734661696C656420746F207339
S214046958656E64204E574B206164647265737320B9
S214046968726571756573743A20307825303258002C
S2140469784572726F723A20257320626164207369C7
S2140469886D706C652064657363726970746F7220C9
S2140469986C656E6774682E0025734D65737361673E
S2140469A86520746F6F2073686F72740025734D6565
S2140469B8737361676520746F6F2073686F727420D1
S2140469C8666F72206E756D2E20656E64706F696EC4
S2140469D874730025734D61746368257320666F7538
S2140469E86E642066726F6D203078253034582E0019
S2140469F84572726F723A20257320696E76616C69E7
S214046A0864206C656E6774682028256420213D2000
S214046A1825642920666F722041637469766520456B
S214046A286E64706F696E7420726573706F6E7365CA
S214046A38002573676F742061637469766520455012
S214046A4820726573706F6E736500555443207469BD
S214046A586D653A2025642F25642F25642025643A1D
S214046A6825643A2564202825303858290028556E88
S214046A786B6E6F776E20636C75732E205B3078258B
S214046A883034585D29000D0A54253038583A0052D7
S214046A9858206C656E2025642C20657020253032BD
S214046AA8582C20636C7573203078253034582000B1
S214046AB8206D6667496420253034580020464320F4
S214046AC82530325820736571202530325820636D7E
S214046AD8642025303258207061796C6F61645B00DD
S214046AE84261736963004F76657220746865204155
S214046AF8697220426F6F746C6F6164696E670025F3
S214046B0873525820706B7420746F6F2073686F729A
S214046B18743A202564203C202564002573525820A6
S214046B28706B74206D616C666F726D65643A2025AF
S214046B3864203C2025640020204861766520526F36
S214046B487574657220537570706F727400202045D2
S214046B586E6420446576696365204F6E6C79002000
S214046B6820456E61626C6564002020446973616226
S214046B786C6564004572726F72207265747269651A
S214046B8876696E6720696E666F20666F72206C6918
S214046B986272617279204944202564002573206C4A
S214046BA869627261727925732070726573656E7492
S214046BB8005A69676265652050726F0042696E64A0
S214046BC8696E6700536563757269747920436F72DA
S214046BD865005365637572697479204C696E6B2019
S214046BE84B6579730043424B45203136334B3100AD
S214046BF843424B4520445341205369676E0045433E
S214046C08430043424B452044534120566572696607
S214046C1879005061636B65742056616C69646174AD
S214046C2865005A4C4C0043424B45203238334B31AE
S214046C3800454343203238334B310043424B45200A
S214046C48636F7265004E4350004D756C7469206E10
S214046C586574776F726B00456E68616E6365642051
S214046C68426561636F6E205265710043424B45204E
S214046C783238334B3120445341205665726966795D
S214046C88004D756C74692D50414E002F686F6D6504
S214046C982F72756E6E65722F776F726B2F74757997
S214046CA8612D7A69676265652D7377697463682FE1
S214046CB8747579612D7A69676265652D7377697469
S214046CC863682F73696C6162735F746F6F6C732F7C
S214046CD873696D706C69636974795F73646B2F701C
S214046CE8726F746F636F6C2F7A69676265652F734A
S214046CF87461636B2F636F6E6669672F736C5F7A54
S214046D0869676265655F636F6E66696775726174E5
S214046D18696F6E2E63002F686F6D652F72756E6EC1
S214046D2865722F776F726B2F747579612D7A696720
S214046D386265652D7377697463682F747579612D38
S214046D487A69676265652D7377697463682F7369F2
S214046D586C6162735F746F6F6C732F73696D706C9C
S214046D6869636974795F73646B2F70726F746F6389
S214046D786F6C2F7A69676265652F737461636B2F0E
S214046D886672616D65776F726B2F6165732D6563C7
S214046D98622E63002F686F6D652F72756E6E65724E
S214046DA82F776F726B2F747579612D7A69676265B0
S214046DB8652D7377697463682F747579612D7A699C
S214046DC8676265652D7377697463682F73696C6188
S214046DD862735F746F6F6C732F73696D706C69631D
S214046DE86974795F73646B2F70726F746F636F6CFA
S214046DF82F7A69676265652F737461636B2F736591
S214046E086375726974792F7A69676265652D736527
S214046E186375726974792D6D616E616765722D6E1E
S214046E286F2D7661756C742E63004572726F723AB4
S214046E3820204661696C656420746F2072656164FD
S214046E482066726F6D20454550524F4D2061742060
S214046E5830782534582C207374617475733A202559
S214046E686400454550524F4D20496E697469616CFB
S214046E78697A65643A20256300454550524F4D208B
S214046E88427573793A202563005061727469616C9F
S214046E9820576F72642053746F7261676520436F5E
S214046EA8756E743A20256400416464726573733A97
S214046EB82030782534582C205061727469616C200F
S214046EC8576F72643A203078255800636F6E666987
S214046ED8726D656400617373756D6564000A454573
S214046EE850524F4D20496E666F004E6F742061767F
S214046EF861696C61626C6520286F6C6465722062D7
S214046F086F6F746C6F6164657229005061727420C7
S214046F184465736372697074696F6E3A2020202022
S214046F282020202020202573004361706162696C4C
S214046F3869746965733A20202020202020202020A8
S214046F482020202030782532580050616765204577
S214046F58726173652074696D65202873293A202048
S214046F6820202020256400506172742045726173C5
S214046F78652074696D65202873293A20202020200E
S214046F88202564005061727420457261736520740C
S214046F98696D6520286D73293A2020202020202535
S214046FA86400506167652073697A6520286279747D
S214046FB86573293A202020202020202020256C00D4
S214046FC8506172742073697A6520286279746573CF
S214046FD8293A202020202020202020256C00576FC6
S214046FE872642073697A6520286279746573293A0D
S214046FF820202020202020202025642028257029D1
S21404700800454550524F4D20696E69743A203078D1
S2140470182558002F686F6D652F72756E6E65722F12
S214047028776F726B2F747579612D7A6967626565F7
S2140470382D7377697463682F747579612D7A696717
S2140470486265652D7377697463682F73696C61620A
S214047058735F746F6F6C732F73696D706C69636993
S21404706874795F73646B2F7574696C2F706C7567AD
S214047078696E2F706C7567696E2D636F6D6D6F6EB4
S2140470882F656570726F6D2F656570726F6D2E63F0
S21404709800556E61626C6520746F20626F6F742091
S2140470A8696D61676520617420736C6F7420256C44
S2140470B8640A00536C6F74204D616E6167657220B4
S2140470C86661696C656420746F20657261736520F7
S2140470D8736C6F740A004D61782072656164206C65
S2140470E8696D69742073657420746F202564206242
S2140470F8797465730A00416464726573732020208A
S21404710820202020202020446174610A003078253D
S214047118346C7820202020202020307825780A0017
S2140471284661696C656420746F20726561642066C4
S214047138726F6D20666C6173680A00536C6F7420F6
S214047148256C640A202041646472657373202020C9
S21404715820203A20307825346C580A20204C656E56
S2140471686774682020202020203A20307825346C44
S214047178582028256C64206279746573290A0020CF
S214047188205479706520202020202020203A2000D2
S2140471984E6F2047424C2070726573656E740A0001
S2140471A85A69674265650A005468726561640A002C
S2140471B8436F6E6E6563740A00426C7565746F6F10
S2140471C874680A00426C7565746F6F746820617021
S2140471D8706C69636174696F6E0A004D43550A00E2
S2140471E84F7468657220283078256C58290A002060
S2140471F82056657273696F6E20202020203A20304E
S21404720878256C580A0020204361706162696C69AD
S214047218746965733A20307825346C580A0020203F
S21404722850726F6475637420494420203A200030F5
S2140472387825582000536C6F74204D616E6167651D
S214047248723A206661696C656420746F20696E6999
S2140472587469616C697A6520626F6F746C6F6164B7
S214047268657220286572726F722030782534782902
S2140472780A0056657273696F6E20202020203A2013
S21404728825640A00506172742020202020202020C3
S2140472983A2025730A004361706162696C697469EF
S2140472A865733A20307825780A0050617274207322
S2140472B8697A652020203A20256420420A00506115
S2140472C867652073697A652020203A202564204261
S2140472D80A00576F72642073697A652020203A2062
S2140472E8256420420A00536C6F74732020202020E3
S2140472F820203A2025640A004661696C6564207477
S2140473086F20726561642066726F6D2073746F7285
S21404731861676520666C61736820286572726F728F
S214047328202564290A00496E76616C696420736CAA
S2140473386F7420256420286D617820736C6F742020
S2140473482564290A004661696C656420746F2067A1
S214047358657420696E666F20666F7220736C6F742E
S2140473682025640A00536C6F74204D616E6167654E
S214047378723A20736C6F742077726974652066613C
S214047388696C7572652E2041646472657373206F28
S21404739866667365742028256429202B207772690D
S2140473A87465206C656E67746820282564292067D0
S2140473B8726561746572207468616E20746F746196
S2140473C86C20736C6F74206C656E6774682028254F
S2140473D864290A00536C6F74204D616E6167657288
S2140473E8207761726E696E673A20736C6F74202515
S2140473F864206C656E6774682028256429206E6F7F
S2140474087420616C69676E656420746F20706167A8
S214047418652073697A6520282564292E20546865B2
S21404742820656E7469726520736C6F742077696C56
S2140474386C206E6F74206265206572617365642EB5
S2140474480A00536C6F74204D616E616765723A204A
S2140474586661696C656420746F2065726173652063
S214047468256420627974657320696E20736C6F7462
S2140474782025642061742061646472657373203007
S2140474887825347820286572726F722030782578CB
S214047498290A00457261736564202564206279743C
S2140474A8657320696E20736C6F742025640A004621
S2140474B861696C656420746F2073657420736C6FDF
S2140474C87420746F20626F6F7420286572726F72EE
S2140474D8203078253478290A004661696C6564206A
S2140474E8746F20736574206C697374206F662073D8
S2140474F86C6F747320746F20626F6F7420286572C3
S214047508726F72203078253478290A004661696CCF
S214047518656420746F20676574206E6577206C69CF
S2140475287374206F6620736C6F747320746F206294
S2140475386F6F7420286572726F72203078253478DD
S214047548290A00426567696E6E696E6720696D610F
S214047558676520766572696669636174696F6E2EFD
S2140475682E2E002E6661696C656421202845727289
S2140475786F72203078253478290A002E7061737368
S21404758865642120426F6F74696E6720736C6F742C
S2140475982025640A00666E692B00666E69006E61B3
S2140475A86E00666E692D006C696273006273656EA0
S2140475B864007265736574007261770073656E643F
S2140475C85F6D756C7469636173740073656E642D9E
S2140475D87573696E672D6D756C7469636173742D44
S2140475E862696E64696E670074696D6573796E6343
S2140475F8006765742D7074692D726164696F2D63F4
S2140476086F6E66696700636F6E6669672D6363618C
S2140476182D6D6F6465006576656E747300736563B7
S2140476287572697479007A69676265655F707269EC
S2140476386E7400706C7567696E006E6574006B65B1
S2140476487973006F7074696F6E00706C7567006389
S21404765868616E67656B6579006368616E67656BFC
S214047668007A646F007072696E742072656C617457
S214047678656420636F6D6D616E64732E0061747447
S21404768872005A646F2072656C6174656420636F57
S2140476986D6D616E64732E00726F75746500706F1D
S2140476A8776572006D676D742D6C7169006D676D12
S2140476B8742D62696E64006E6F64650073696D701C
S2140476C86C650069656565006E776B00756E626942
S2140476D86E64006E776B2D757064006F75742D6319
S2140476E86C2D6C69737400696E2D636C2D6C6973EC
S2140476F874005A646F20696E2D636C2D6C697374FC
S2140477082072656C6174656420636F6D6D616E6468
S214047718732E005A646F206F75742D636C2D6C6914
S21404772873742072656C6174656420636F6D6D6133
S2140477386E64732E005A646F206E776B2D757064B2
S2140477482072656C6174656420636F6D6D616E6428
S214047758732E007363616E2D6368616E2D6D61739D
S2140477686B007363616E006368616E5067006368DC
S214047778616E005A646F20756E62696E6420726565
S2140477886C6174656420636F6D6D616E64732E003E
S214047798756E6963617374006368616E67656B65AB
S2140477A8792072656C6174656420636F6D6D616EB3
S2140477B864732E006C696E6B004F7074696F6E206C
S2140477C872656C6174656420636F6D6D616E647355
S2140477D82E00726567697374657200646973630062
S2140477E8696E7374616C6C2D636F64650062696E90
S2140477F864696E672D7461626C65007072696E7474
S2140478082D72782D6D736773006170737265747268
S214047818790041505320726574727920666C6167EA
S21404782820666F72636520636F6D6D616E647300A6
S214047838456E61626C65732F44697361626C657327
S214047848207072696E74696E67206F66205278209D
S2140478586D657373616765732E00656E61626C652A
S2140478680042696E64696E67207461626C65207292
S214047878656C6174656420636F6D6D616E64732EE8
S214047888005365637572697479206B657973207221
S214047898656C6174656420636F6D6D616E64732EC8
S2140478A80064656C657465004E6574776F726B204A
S2140478B872656C6174656420636F6D6D616E647364
S2140478C82E00666F726D0072656A6F696E2D646944
S2140478D866662D6465766963652D747970650065DA
S2140478E8787470616E69640069736F70656E00629F
S2140478F8726F61642D706A6F696E006368616E6783
S214047908652D6368616E6E656C00696E69740063E4
S21404791868616E67652D6B6565702D616C69766543
S2140479282D6D6F64650074696D656F75742D6F7061
S21404793874696F6E2D6D61736B006D756C74692D4B
S2140479487068792D7374617274006D756C74692D22
S2140479587068792D73746F700066696E64006E655E
S21404796874776F726B2066696E6420636F6D6D61E1
S2140479786E64732E006A6F696E61626C6500756E5C
S2140479887573656400736C6F742D6D616E616765DD
S2140479987200636F756E746572730066696E642D23
S2140479A8616E642D62696E6400667261676D656EE9
S2140479B8746174696F6E0067726F7570732D736582
S2140479C872766572006E6574776F726B2D73746564
S2140479D86572696E67006F74612D626F6F746C6F81
S2140479E86164006F74612D636C69656E74006F74EE
S2140479F8612D73746F726167652D636F6D6D6F6E3D
S214047A08006F74612D73746F726167652D65657098
S214047A18726F6D0069646C652D736C6565700075AE
S214047A2870646174652D74632D6C696E6B2D6B655B
S214047A3879007570646174652D74632D6C696E6B5A
S214047A482D6B65792072656C6174656420636F6D4F
S214047A586D616E64730074696D6572006E6F77008D
S214047A68436F6D6D616E647320746F20636F6E74FC
S214047A78726F6C2069646C696E672F736C656570C9
S214047A88696E67206F662074686520646576696326
S214047A986500666F7263652D6177616B6500617753
S214047AA8616B652D7768656E2D6E6F742D6A6F69C8
S214047AB86E6564007265706F7274696E67207265AD
S214047AC86C6174656420636F6D6D616E64732E00FB
S214047AD8636C6561722D6C6173742D7265706F7258
S214047AE8742D74696D6500746573742D74696D6995
S214047AF86E67006F74612D73746F726167652D65A8
S214047B086570726F6D2072656C6174656420636F4E
S214047B186D6D616E64732E0077697065006F7461AD
S214047B282D73746F726167652D636F6D6D6F6E204C
S214047B3872656C6174656420636F6D6D616E6473E1
S214047B48007072696E74496D616765730072656C5E
S214047B586F61640073746F726167652D696E666F12
S214047B6800646174612D7072696E74006F74612D9F
S214047B78636C69656E742072656C617465642063F1
S214047B886F6D6D616E64732E007665726966790032
S214047B98626C6F636B2D7465737400706167652D12
S214047BA87265717565737400757067726164652DA6
S214047BB8726571756573740064697361626C652DAA
S214047BC8646F776E67726164657300656E61626C74
S214047BD8652D646F776E677261646573006F746190
S214047BE82D626F6F746C6F61642072656C61746566
S214047BF86420636F6D6D616E6473006E6574776F71
S214047C08726B2D7374656572696E672072656C6134
S214047C1874656420636F6D6D616E64732E00707294
S214047C28652D636F6E666967757265642D6B657915
S214047C382D736574006D61736B2072656C61746571
S214047C486420636F6D6D616E642E00737562747262
S214047C586163740067726F7570732D7365727665E9
S214047C68722072656C6174656420636F6D6D616EF5
S214047C7864732E00667261676D656E746174696FED
S214047C886E2072656C6174656420636F6D6D616ED9
S214047C9864732E007365742D72782D77696E646F1D
S214047CA8772D73697A6500617274696669636961B8
S214047CB86C2D626C6F636B2D64726F700046696E10
S214047CC86420616E642062696E642072656C6174F7
S214047CD8656420636F6D6D616E64732E00696E69EA
S214047CE8746961746F7200656E61626C655F74793D
S214047CF8706500737461636B00617070007A636CFE
S214047D08006C65676163795F61665F646562756761
S214047D1800636F756E746572732072656C61746542
S214047D286420636F6D6D616E64732E007072696E85
S214047D38742D636F756E7465722D7479706500732F
S214047D48696D706C652D7072696E74007072696EF8
S214047D58742D7468726573686F6C647300736574E5
S214047D682D7468726573686F6C64007265736574E5
S214047D782D7468726573686F6C64730073656E64DB
S214047D882D726571756573740073656375726974AD
S214047D98792072656C6174656420636F6D6D616EBD
S214047DA86473007365742D616C6C6F772D747275CB
S214047DB873742D63656E7465722D72656A6F696E69
S214047DC82D7573696E672D77656C6C2D6B6E6F7782
S214047DD86E2D6B6579007365742D616C6C6F772DE9
S214047DE874727573742D63656E7465722D72656A24
S214047DF86F696E2D7573696E672D77656C6C2D6B60
S214047E086E6F776E2D6B65792D74696D656F7574F5
S214047E18007365742D6B65792D7265717565737459
S214047E282D706F6C696379006D66672D746F6B656A
S214047E386E006170730053656375726974792061A6
S214047E4870732072656C6174656420636F6D6D6110
S214047E586E64732E004765742F736574204D464709
S214047E6820746F6B656E2E00656E64706F696E7431
S214047E782072656C6174656420636F6D6D616E64F1
S214047E88732E00656570726F6D207574696C6974FD
S214047E98792072656C6174656420636F6D6D616EBC
S214047EA8647300536C6F74204D616E61676572204D
S214047EB872656C6174656420636F6D6D616E64735E
S214047EC800626F6F742D736C6F74006572617365EE
S214047ED82D736C6F74006578742D666C6173682DE9
S214047EE8696E666F00736C6F74732D696E666F00C7
S214047EF85072696E74732074696D652E00507269C9
S214047F086E7473206174747269627574652E0043A6
S214047F186C6561727320746865205A444F206C69D6
S214047F287374206F6620636C69656E742028696EA6
S214047F382920636C7573746572732E0041646473C8
S214047F4820636C75737465727320746F2074686527
S214047F58206B6E6F776E20636C69656E7420286973
S214047F686E2920636C757374657273206F6E207443
S214047F78686973206465766963652E00436C656179
S214047F88727320746865205A444F206C6973742091
S214047F986F6620636C69656E7420286F7574292073
S214047FA8636C7573746572732E004164647320631E
S214047FB86C75737465727320746F20746865206BAF
S214047FC86E6F776E20636C69656E7420286F75749F
S214047FD82920636C757374657273206F6E207468D9
S214047FE86973206465766963652E0053656E6473E9
S214047FF820616E20757064617465206368616E6EB6
S214048008656C20726571756573742E006368616E9D
S2140480186E656C1F0053656E647320616E20757000
S21404802864617465206368616E6E656C2070616750
S21404803865207265712E2054686520737461636BBD
S2140480482073656E6473206E776B20656E68616E48
S2140480586365642075706461746520726571206652
S2140480686F72206E6F6E2D7A65726F207061676509
S2140480782E006368616E6E656C1F706167651F000D
S214048088506572666F726D7320616E20656E6572D8
S2140480986779207363616E2E007461726765744E27
S2140480A86F646549641F7363616E447572617469AD
S2140480B86F6E1F7363616E436F756E741F00427232
S2140480C86F6164636173747320746865204944201F
S2140480D86F6620746865206E6577206E6574776FA2
S2140480E8726B206D616E6167657220616E642061D3
S2140480F86374697665206368616E6E656C732E00BA
S2140481086E776B4D676549641F6368616E6E656C50
S2140481184D61736B1F00506572666F726D732061D4
S2140481286E20656E65726779207363616E206F6E64
S21404813820676976656E206368616E6E656C206D6F
S21404814861736B2E007461726765744E6F6465495B
S214048158641F7363616E4475726174696F6E1F730E
S21404816863616E436F756E741F6368616E6E656CCB
S2140481784D61736B1F0053656E64732061206E65D2
S21404818874776F726B2061646472657373207265AA
S214048198717565737420666F7220746865206769E4
S2140481A876656E2049454545206164647265737337
S2140481B82E00696565651F0052657175657374736D
S2140481C820616E2049454545206164647265737371
S2140481D8206261736564206F6E2061206769766526
S2140481E86E206E6F64652049442E006E6F64654980
S2140481F8641F0053656E647320612073696D706C28
S214048208652064657363726970746F722072657131
S2140482187565737420666F72207468652073686F5A
S2140482287274206164647265737320616E64206579
S2140482386E64706F696E74207370656369666965C9
S214048248642E00646573741F746172676574456E82
S21404825864706F696E741F0053656E6473206120C2
S2140482686D6174636844657363726970746F72735E
S2140482785265717565737420746F20746865206719
S2140482886976656E2064657374696E6174696F6E69
S21404829820776974682074686520676976656E2037
S2140482A870726F66696C652E006E6F646549641F2C
S2140482B870726F66696C651F0053656E647320611F
S2140482C8206E6F64652064657363726970746F7278
S2140482D8207265717565737420746F2061206769F0
S2140482E876656E2074617267657420646576696362
S2140482F8652E007461726765741F0053656E647337
S2140483082061205A444F2042696E6420636F6D6D65
S214048318616E6420746F20612064657669636520E5
S21404832873706563696669656420696E2074686538
S21404833820636F6D6D616E6420617267756D656E1E
S21404834874732E0044657374696E6174696F6E1F66
S214048358536F7572636520656E64706F696E741FFB
S21404836844657374696E6174696F6E20656E6470B3
S2140483786F696E741F636C757374657249441F72F3
S214048388656D6F746545554936341F646573744561
S214048398554936341F0053656E647320616E206138
S2140483A8637469766520656E64706F696E7420728E
S2140483B865717565737420746F20746865206465C8
S2140483C876696365207769746820746865206769C8
S2140483D876656E2073686F72742049442E00536560
S2140483E86E647320616E20756E62696E64207265B1
S2140483F8717565737420666F72206120756E696383
S2140484086173742062696E64696E6720746F207481
S2140484186865207461726765742064657669636547
S2140484282E007461726765741F736F7572636520B6
S21404843865756936341F736F7572636520656E6477
S214048448706F696E741F636C757374657249441F24
S21404845864657374696E6174696F6E45554936341C
S2140484681F64657374696E6174696F6E20656E64E3
S214048478706F696E741F0053656E647320616E2096
S214048488756E62696E6420726571756573742066AC
S2140484986F722061206D756C7469636173742062F1
S2140484A8696E64696E6720746F20746865207461E9
S2140484B872676574206465766963652E00746172F4
S2140484C86765741F736F75726365206575693634DE
S2140484D81F736F7572636520656E64706F696E745A
S2140484E81F636C757374657249441F67726F757081
S2140484F8416464726573731F0053656E6473206108
S214048508205A444F204D616E6167656D656E742010
S2140485184C6561766520636F6D6D616E6420746F5B
S214048528207468652074617267657420646576696A
S21404853863652E007461726765741F72656D6F7665
S214048548654368696C6472656E1F72656A6F696EE6
S2140485581F0053656E64732061205A444F204D47AC
S2140485684D542D42696E64202842696E64696E67AC
S214048578205461626C652920526571756573742090
S214048588746F207468652074617267657420646506
S214048598766963652E007461726765741F73746107
S2140485A87274496E6465781F0053656E647320613F
S2140485B8205A444F204D474D542D4C514920284CA1
S2140485C85149205461626C6529205265717565733A
S2140485D87420746F207468652074617267657420EB
S2140485E86465766963652E0053656E64732061203E
S2140485F85A444F20506F77657220446573637269D6
S21404860870746F72205265717565737420746F2068
S2140486187468652074617267657420646576696336
S214048628652E0053656E64732061205A444F207289
S2140486386F757465207265717565737420636F6DE4
S2140486486D616E6420746F20746865207461726747
S21404865865742E007461726765741F696E64657844
S2140486681F00696E6465781F65756936341F696E00
S2140486787374616C6C436F64651F00696E64657817
S2140486881F65756936341F6B65791F005443206C63
S214048698696E6B206B6579207265717565737420D5
S2140486A8706F6C6963791F417070206C696E6B20FB
S2140486B86B6579207265717565737420706F6C6963
S2140486C863791F00426F6F6C3A20616C6C6F772079
S2140486D874727573742063656E7465722072656A45
S2140486E86F696E207573696E672077656C6C2D6B81
S2140486F86E6F776E206B65791F0070726F66696C93
S2140487086549641F636C757374657249641F0074E5
S214048718617267657449641F00456E61626C6573AF
S214048728207072696E74696E67206F6620527820AE
S2140487386D657373616765732E005365747320746F
S21404874868652062696E64696E67207461626C6528
S21404875800696E6465781F636C75737465721F6C44
S2140487686F63616C45701F72656D6F746545701F25
S21404877865756936341F00436C65617273207468C6
S214048788652062696E64696E67207461626C652E22
S214048798005072696E7473207468652062696E642A
S2140487A8696E67207461626C6520746F20746865EE
S2140487B820636F6D6D616E64206C696E652E004370
S2140487C86C6561727320616C6C207365637572697D
S2140487D87479206B6579732E0044656C657465201E
S2140487E874686520737065636966696564206C6976
S2140487F86E6B206B657920696E6465782E005072FE
S214048808696E747320616C6C207365637572697421
S21404881879206B6579732E005465726D696E617480
S214048828657320746865206D756C74692D50485995
S21404883820696E74657266616365005573656420A5
S214048848746F207374617274206D756C74692D501E
S214048858485920696E74657266616365206F74682A
S2140488686572207468616E206E617469766520612D
S2140488786E6420666F726D20746865206E65747702
S2140488886F726B2E2054686520737461636B207551
S2140488987365732073616D652050616E4964206149
S2140488A873206E617469766520726164696F206EE0
S2140488B86574776F726B2E00706167651F636861F5
S2140488C86E6E656C1F706F7765721F6F7074696F54
S2140488D86E734D61736B20284269742030203D20E6
S2140488E8526F757465727320616C6C6F7765642C4F
S2140488F8204269742031203D2042726F61646361AE
S214048908737420616C6C6F776564291F00417474F6
S214048918656D70747320746F206368616E67652074
S214048928746865206368696C642074696D656F751E
S21404893874206F7074696F6E206D61736B20746F2A
S2140489482066696C746572206F757420756E64652C
S21404895873697261626C652076616C75657320282C
S214048968652E672E206E6F206D6F726520746861A1
S2140489786E20332064617973292E0074696D656FDF
S2140489887574206F7074696F6E206D61736B1F0049
S2140489985377697463686573206265747765656E72
S2140489A820646966666572656E74206B65657020FA
S2140489B8616C697665206D6F646573207375707075
S2140489C86F72746564206279206120726F757465AD
S2140489D8722E004B65657020616C697665206D6F34
S2140489E864651F005072696E74732074686520632A
S2140489F8757272656E74204E6F64652049442C2027
S214048A0845554936342C20616E642050616E2049E1
S214048A18442E00496E697469616C697A65732061CD
S214048A28206E6574776F726B3B207468697320696F
S214048A38732061207465737420636F6D6D616E6452
S214048A48207573656420666F722074632D7377616E
S214048A58702D6F75742074657374696E672E005371
S214048A6865747320746865206E6574776F726B20FE
S214048A78696E646578207573656420627920616C14
S214048A886C2066757475726520434C4920636F6D57
S214048A986D616E64732E20204265666F726520656C
S214048AA87865637574696E67206120434C49206352
S214048AB86F6D6D616E642C20746865206672616DD6
S214048AC865776F726B20737769746368657320744F
S214048AD86F2074686973206E6574776F726B2E20C6
S214048AE82041667465722074686520636F6D6D61D5
S214048AF86E642066696E6973686573206578656355
S214048B087574696E672C20746865206672616D6575
S214048B18776F726B20737769746368657320626114
S214048B28636B20746F207468652070726576696F4D
S214048B387573206E6574776F726B2E202054686583
S214048B4820434C49207573657320746865207361E7
S214048B586D65206E6574776F726B20696E646578D0
S214048B6820756E74696C207468652064657669631C
S214048B786520726573657473206F72206974206942
S214048B8873206368616E676564207468726F7567BE
S214048B9868207468697320636F6D6D616E642E0057
S214048BA8417474656D70747320746F206368616EA5
S214048BB8676520646576696365206F7665722074D8
S214048BC86F206120646966666572656E74206368E2
S214048BD8616E6E656C20676976656E20696E2074B2
S214048BE86865206368616E6E656C20617267756D72
S214048BF8656E742E00546865206368616E6E656CD5
S214048C0820746F206368616E676520746F1F006642
S214048C18696E64556E7573656450616E4964006662
S214048C28696E644A6F696E61626C654E6574776FC7
S214048C38726B005065726D697473206A6F696E6929
S214048C486E67206F6E20746865206E6574776F7221
S214048C586B20666F72206120676976656E206E7574
S214048C686D626572206F66207365636F6E64732029
S214048C78414E442062726F61646361737473206149
S214048C88205A444F204D676D74205065726D697480
S214048C98204A6F696E696E672072657175657374AC
S214048CA820746F20616C6C20726F75746572732EF5
S214048CB800412073696E676C652062797465206963
S214048CC86E6469636174696E6720686F77206C6F79
S214048CD86E672074686520646576696365207368C2
S214048CE86F756C642068617665207065726D69744A
S214048CF8206A6F696E696E67207475726E65642083
S214048D086F6E20666F722E20412076616C75652022
S214048D186F662030786666207475726E73206F6E80
S214048D28207065726D6974206A6F696E20696E6456
S214048D386566696E6974656C792E1F004368656399
S214048D486B73206E6574776F726B20706A6F696ECA
S214048D58207374617475732E005772697465732072
S214048D6874686520657874656E6465642070616EE1
S214048D7820494420666F72207468652064657669A5
S214048D8863652E0065787470616E69641F005265A9
S214048D986A6F696E7320616E206578697374696E8C
S214048DA867206E6574776F726B20696E2061207316
S214048DB86563757265206F7220696E736563757274
S214048DC865206D616E6E657220776974682061200F
S214048DD8646966666572656E74206465766963653B
S214048DE820747970652E00426F6F6C65616E206E14
S214048DF86574776F726B206B657920617661696C30
S214048E086162696C6974791F4368616E6E656C206B
S214048E186D61736B1F416E20656E756D6572617446
S214048E28696F6E20696E6469636174696E6720741D
S214048E38686520646576696365207479706520744E
S214048E486F2072656A6F696E2061732E5468652098
S214048E58737461636B206F6E6C79206163636570ED
S214048E68747320534C5F5A49474245455F454E4400
S214048E785F44455649434520616E6420534C5F5A07
S214048E8849474245455F534C454550595F454E440E
S214048E985F4445564943452E1F0052654A6F696E1E
S214048EA8732061206E6574776F726B2E00426F6F45
S214048EB86C65616E206E6574776F726B206B65796E
S214048EC820617661696C6162696C6974791F4368AC
S214048ED8616E6E656C206D61736B1F004C65617600
S214048EE865732061206E6574776F726B2E005475F7
S214048EF8726E73207065726D6974206A6F696E6924
S214048F086E67206F6E20666F722074686520616DC8
S214048F186F756E74206F662074696D6520696E645B
S214048F286963617465642E00412073696E676C65B5
S214048F38206279746520696E6469636174696E6712
S214048F4820686F77206C6F6E672074686520646588
S214048F58766963652073686F756C642068617665E6
S214048F68207065726D6974206A6F696E696E672011
S214048F787475726E206F6E20666F722E204120768E
S214048F88616C7565206F6620307866662074757225
S214048F986E73207065726D6974206A6F696E2069D5
S214048FA86E646566696E6974656C792E1F004A6F0F
S214048FB8696E732061206E6574776F726B206F6EAE
S214048FC8206120676976656E206368616E6E656CDD
S214048FD82C2077697468206120676976656E20544A
S214048FE85820506F77657220616E642050414E2079
S214048FF849442E00546865206368616E6E656C206B
S2140490086F6E20776869636820746F206A6F696E6C
S21404901820746865206E6574776F726B1F4F6E6573
S2140490282D62797465207369676E65642076616C51
S214049038756520696E6469636174696E672074680F
S2140490486520545820506F776572207468617420C0
S21404905874686520726164696F2073686F756C64E0
S2140490682062652073657420746F1F5468652050E9
S214049078414E204944206F6E2077686963682074DF
S2140490886F206A6F696E20746865206E6574776FE2
S214049098726B1F00466F726D732061206E6574775D
S2140490A86F726B206F6E206120676976656E206329
S2140490B868616E6E656C2C20776974682061206719
S2140490C86976656E20545820506F77657220616EF5
S2140490D8642050414E2049442E0054686520636835
S2140490E8616E6E656C206F6E20776869636820749D
S2140490F86F20666F726D20746865206E6574776F6E
S214049108726B1F4F6E652D62797465207369676E7E
S21404911865642076616C756520696E64696361743C
S214049128696E672074686520545820506F77657296
S21404913820746861742074686520726164696F209D
S21404914873686F756C642062652073657420746F29
S2140491581F5468652050414E204944206F6E20777E
S2140491686869636820746F20666F726D207468651A
S214049178206E6574776F726B1F0054686973206974
S2140491886E6974696174657320612054434C4B207E
S2140491987570646174652070726F63656475726552
S2140491A82E00537065636966792074686520616D5E
S2140491B86F756E74206F662074696D6520746F20F1
S2140491C877616974206166746572206F6E652054D1
S2140491D8434C4B20757064617465206F70657261CA
S2140491E874696F6E20636F6D706C65746573206246
S2140491F865666F726520626567696E6E696E67205C
S21404920861206E65772054434C4B207570646174F6
S21404921865206F7065726174696F6E2E0054686598
S21404922820616D6F756E74206F662074696D652095
S2140492386265747765656E207375627365717565A6
S2140492486E742074727573742063656E7465722008
S2140492586C696E6B206B65792075706461746573D0
S21404926820696E206D696C6C697365636F6E6473D0
S2140492781F00536574206F7220636C6561722073D7
S214049288746179206177616B65207768656E206EF6
S2140492986F74206A6F696E656400536574206F7214
S2140492A820636C65617220666F72636520617761FE
S2140492B86B6500446973706C617920746865207303
S2140492C86C6565702073746174757300464F52201C
S2140492D854455354494E4720505552504F534553BE
S2140492E8202D206761746865722074696D696E67DD
S2140492F8206D65747269637320666F722072657078
S2140493086F7274696E67207461626C65206F70652D
S214049318726174696F6E732E00436C656172732094
S214049328746865206C617374207265706F7274203B
S21404933874696D65206F66206174747269627574E9
S21404934865732E00416464732061206E657720651A
S2140493586E74727920746F20746865207265706FF5
S2140493687274207461626C652E00546865206C6F94
S21404937863616C20656E64706F696E742066726FC4
S2140493886D207768696368207468652061747472F0
S2140493986962757465206973207265706F72746586
S2140493A8641F54686520636C7573746572207768E7
S2140493B86572652074686520617474726962757470
S2140493C865206973206C6F63617465641F546865EF
S2140493D8204944206F662074686520617474726935
S2140493E862757465206265696E67207265706F724F
S2140493F87465641F3020666F7220636C69656E74CA
S2140494082D73696465206174747269627574657312
S214049418206F72203120666F7220736572766572CB
S2140494282D736964652061747472696275746573F2
S2140494381F546865206D696E696D756D2072657058
S2140494486F7274696E6720696E74657276616C2CC7
S214049458206D6561737572656420696E2073656333
S2140494686F6E64732E1F546865206D6178696D7518
S2140494786D207265706F7274696E6720696E7465A4
S2140494887276616C2C206D656173757265642069EB
S2140494986E207365636F6E64732E1F546865206D43
S2140494A8696E696D756D206368616E676520746F93
S2140494B820746865206174747269627574652074B2
S2140494C86861742077696C6C20726573756C742097
S2140494D8696E2061207265706F7274206265696EA9
S2140494E8672073656E742E1F0052656D6F766573FC
S2140494F820616E20656E7472792066726F6D2074B2
S2140495086865207265706F7274207461626C652E6B
S2140495180054686520696E646578206F66207468F0
S21404952865207265706F727420746F20626520728D
S214049538656D6F7665641F00436C656172732061A0
S2140495486C6C20656E74726965732066726F6D2024
S214049558746865207265706F7274207461626C65D5
S2140495682E005072696E7473207468652072657074
S2140495786F7274207461626C652E00576970657327
S21404958820616C6C206461746120696E207468655F
S2140495982073746F72616765206465766963652EE7
S2140495A8005072696E7473206172626974726172B3
S2140495B879206279746573206F6620746865204F15
S2140495C8544120696D616765206F6E206469736B0A
S2140495D82E0054686520696E646578206F6620746A
S2140495E8686520696D61676520746F207072696E9E
S2140495F8742069747320646174611F546865206FED
S214049608666673657420696E746F20746865204F87
S214049618544120696D6167652074686174207769B0
S2140496286C6C206265207072696E7465641F0050E5
S21404963872696E747320696E666F726D6174696F91
S2140496486E2061626F7574207468652073746F7217
S214049658616765206465766963652E0052656C6F7C
S2140496686164207468652073746F7261676520642A
S21404967865766963652E0044656C65746573207445
S214049688686520696D616765206174207468652063
S21404969873706563696669656420696E6465782EA7
S2140496A80054686520696E6465782061742077685C
S2140496B869636820746F20626567696E2064656CE8
S2140496C86574696E672074686520696D6167651FCF
S2140496D8005072696E74732074686520696D6167DA
S2140496E865732E00456E61626C6573204F54412085
S2140496F8646F776E6772616465732E00446973617C
S214049708626C6573204F544120646F776E6772618C
S2140497186465732E0053656E647320616E205570FD
S2140497286772616465456E64526571756573742005
S214049738746F20616E204F5441207365727665728B
S2140497482E0043616E206265207573656420746F0D
S2140497582064796E616D6963616C6C7920747572C6
S2140497686E206F66662073656E64696E6720706126
S2140497786765207265717565737473206F6E2074DF
S214049788686520636C69656E7420736964652C204B
S2140497986966207468652073657276657220646FDE
S2140497A865736E277420737570706F72742074688E
S2140497B8697320666561747572652E00426F6F6CF6
S2140497C865616E2076616C7565207475726E696E57
S2140497D867206F6E20283129206F72206F666620F6
S2140497E82830292074686520706167652072657161
S2140497F87565737420666C61671F0053656E6473C1
S21404980820616E20696D61676520626C6F636B20EA
S2140498187265717565737420666F72206120666957
S2140498286C65207468652073657276657220736843
S2140498386F756C64206E6F7420686176652E2020C0
S21404984854657374206861726E657373206F6E6CEA
S21404985879202874657374206361736520392E35FE
S2140498682E36202D204D697373696E672046696C01
S2140498786529005072696E747320696E666F726D1E
S2140498886174696F6E206F6E2074686520637572E4
S21404989872656E74207374617465206F66207468CC
S2140498A865204F544120636C69656E7420646F7735
S2140498B86E6C6F61642E0053746F707320746865E1
S2140498C8204F5441207374617465206D6163686920
S2140498D86E652E0053746172747320746865204F25
S2140498E8544120636C69656E7420737461746520D2
S2140498F86D616368696E652E2054686520737461AB
S2140499087465206D616368696E6520646973636F46
S2140499187665727320746865204F544120736572A7
S2140499287665722C207175657269657320666F7228
S214049938206E657720696D616765732C20646F7780
S2140499486E6C6F6164732074686520696D61676501
S2140499587320616E6420776169747320666F722061
S2140499687468652073657276657220636F6D6D61C1
S2140499786E6420746F20757067726164652E00507B
S21404998872696E747320746865206D616E7566619D
S2140499986374757265722049442C20496D61676545
S2140499A820547970652049442C20616E64205665DD
S2140499B87273696F6E20696E666F726D6174696F13
S2140499C86E207468617420617265207573656420FE
S2140499D87768656E2061207175657279206E657882
S2140499E87420696D6167652069732073656E7420D9
S2140499F8746F207468652073657276657220627960
S214049A082074686520636C69656E742E00506572F0
S214049A18666F726D73207369676E617475726520FC
S214049A28766572696669636174696F6E206F6E2005
S214049A3874686520696D616765206174207468655B
S214049A482073706563696669656420696E64657801
S214049A582E0054686520696E6465782061742077E2
S214049A686869636820746F20626567696E20766526
S214049A7872696669636174696F6E206F66207468BC
S214049A886520696D6167651F00426F6F746C6F614E
S214049A9864732074686520696D6167652061742045
S214049AA87468652073706563696669656420696EA1
S214049AB86465782062792063616C6C696E672074CB
S214049AC86865204F544120626F6F746C6F61642020
S214049AD863616C6C6261636B2E0054686520696E02
S214049AE864657820617420776869636820746F20D9
S214049AF8626567696E20626F6F746C6F6164696E05
S214049B08672074686520696D6167651F005072690F
S214049B186E747320696E666F2061626F7574207444
S214049B28686520696E7374616C6C656420626F6F17
S214049B38746C6F616465722E005375627472616327
S214049B4874732061206368616E6E656C2066726F3C
S214049B586D2065697468657220746865207072691A
S214049B686D617279206F72207365636F6E646172BB
S214049B7879206368616E6E656C206D61736B206F07
S214049B886620746865206E6574776F726B2D7374BF
S214049B98656572696E6720636F6D706F6E656E7447
S214049BA82E00546865206368616E6E656C206D616E
S214049BB8736B20746F207375627472616374207497
S214049BC86865206368616E6E656C2066726F6D1FCB
S214049BD8546865206368616E6E656C20746F2073C4
S214049BE87562747261637420746865206D61736B42
S214049BF82066726F6D1F0041646473206120636879
S214049C08616E6E656C20746F206569746865722071
S214049C18746865207072696D617279206F7220733A
S214049C2865636F6E64617279206368616E6E656CD5
S214049C38206D61736B206F6620746865206E65748A
S214049C48776F726B2D7374656572696E6720636FC0
S214049C586D706F6E656E742E005468652063686157
S214049C686E6E656C206D61736B20746F206164641E
S214049C782061206368616E6E656C20746F1F54687B
S214049C8865206368616E6E656C20746F2061646419
S214049C9820746F20746865206D61736B1F005365AC
S214049CA874732065697468657220746865207072B8
S214049CB8696D617279206F72207365636F6E646173
S214049CC87279206368616E6E656C206D61736B2EA5
S214049CD800546865206368616E6E656C206D6173F8
S214049CE86B20746F20737562747261637420746871
S214049CF865206368616E6E656C2066726F6D1F54AE
S214049D0868652076616C756520746F2073657420A9
S214049D18746865206368616E6E656C206D61736B2C
S214049D2820746F2E1F005365747320746865207042
S214049D3872652D636F6E66696775726564206B65F8
S214049D487920736F207468617420746865206A6F5C
S214049D58696E696E67206465766963652063616EFB
S214049D6820656E74657220746865206E6574776FF6
S214049D78726B2E0053657473207468652070726560
S214049D88636F6E66696775726564206B65791F0014
S214049D9853746F707320746865206E6574776F7279
S214049DA86B207374656572696E672070726F63657D
S214049DB873732E0053746172747320746865206E0E
S214049DC86574776F726B207374656572696E672045
S214049DD870726F636573732E0041206D61736B2018
S214049DE86F66206F7074696F6E7320666F72206971
S214049DF86E6469636174696E672073706563696607
S214049E086963206265686176696F72207769746829
S214049E18696E20746865206E6574776F726B2D732F
S214049E2874656572696E672070726F636573732EE6
S214049E381F00446973706C617973207468652063C5
S214049E48757272656E7420737461747573206F66A8
S214049E5820746865206E6574776F726B20737465FA
S214049E686572696E672070726F636573732E00433C
S214049E786C65617273207468652067726F75707399
S214049E88207461626C65206F6E2065766572792031
S214049E98656E64706F696E74005072696E747320B0
S214049EA8696E666F726D6174696F6E2061626F7534
S214049EB8742074686520636F6E74656E7473206F9F
S214049EC866207468652067726F75707320746162A3
S214049ED86C652E004172746966696369616C6C7995
S214049EE82064726F70732074686520626C6F636B8D
S214049EF8206E756D62657220646566696E65642099
S214049F086279207468652070617373656420617271
S214049F1867756D656E74206F6E6C79206F6E6365F9
S214049F282C20616E64207468656E20616C6C6F7793
S214049F38732069742075706F6E2061207265747260
S214049F48792E0054686520626C6F636B206E756D9D
S214049F5862657220746F20617274696669636961E8
S214049F686C6C792064726F7020746F20666F7263ED
S214049F78652061207265747279202D2073657420BB
S214049F88746F203078464620746F20646973616263
S214049F986C651F0053657473207468652072656366
S214049FA8656976652077696E646F772073697A6564
S214049FB82E2020427920646566696E6974696F6E1E
S214049FC820696E2074686520536D61727420456E2E
S214049FD8657267792070726F66696C65206974208B
S214049FE86D7573742062652073657420746F2031F0
S214049FF820627574207468697320616C6C6F77735B
S21404A00820697420746F206265206368616E6765D2
S21404A018642E00546865206D6178206E756D6265DF
S21404A02872206F662074686520626C6F636B732099
S21404A0387265636569766564206265666F72652015
S21404A048616E204150532061636B206973206765F5
S21404A0586E6572617465641F004D616B6573207468
S21404A068686973206E6F64652073746172742069FE
S21404A07864656E74696679696E6720617320612009
S21404A08874617267657420666F722062696E6469AB
S21404A0986E67207769746820616E20696E697469D2
S21404A0A861746F72206E6F64652E0054686520654F
S21404A0B86E64706F696E74206F6E20776869636863
S21404A0C820746F20626567696E2074686520466927
S21404A0D86E64696E6720616E642042696E64696E98
S21404A0E867207461726765742070726F6365737332
S21404A0F81F004D616B65732074686973206E6F6406
S21404A108652073746172742074686520696E697456
S21404A1186961746F722070617274206F6620746847
S21404A128652066696E64696E6720616E642062697C
S21404A1386E64696E672070726F636573732E00545D
S21404A148686520656E64706F696E74206F6E20771C
S21404A1586869636820746F20626567696E2074682E
S21404A168652046696E64696E6720616E642042697C
S21404A1786E64696E6720696E69746961746F7220AB
S21404A18870726F636573731F00456E61626C652F2A
S21404A19864697361626C6520646562756720606CC7
S21404A1A8656761637920617070206672616D657792
S21404A1B86F726B20646562756760207072696E746E
S21404A1C820747970652E00456E61626C652F64692B
S21404A1D87361626C651F00456E61626C652F646905
S21404A1E87361626C6520646562756720607A636C67
S21404A1F860207072696E7420747970652E00456EDE
S21404A20861626C652F64697361626C65206465625B
S21404A2187567206061707060207072696E7420744F
S21404A2287970652E00456E61626C652F646973618A
S21404A238626C652064656275672060636F7265602A
S21404A248207072696E7420747970652E00456E618C
S21404A258626C652F64697361626C652064656275F7
S21404A268672060737461636B60207072696E742013
S21404A278747970652E0053656E6473206120726568
S21404A288717565737420666F72204F544120636F2E
S21404A298756E746572732E005265736574732061E7
S21404A2A86C6C207468726573686F6C64732076616E
S21404A2B86C75657320746F203078464646462E00C3
S21404A2C8536574732061207468726573686F6C6470
S21404A2D82076616C756520666F72206120706172E5
S21404A2E8746963756C61722074797065206F662072
S21404A2F8636F756E7465722E0054797065206F6688
S21404A30820636F756E7465721F5468726573686F20
S21404A3186C642056616C75651F005072696E7473A0
S21404A32820746865207468726573686F6C6473203B
S21404A3386F6620616C6C2074686520636F756E7434
S21404A3486572732E00436C6561727320616C6C20B1
S21404A358636F756E7465722076616C7565732E000E
S21404A3685072696E747320616C6C20636F756E74BA
S21404A37865722076616C7565732E005072696E740A
S21404A38873207468652076616C7565206F66207422
S21404A39868697320706172746963756C617220638E
S21404A3A86F756E7465722E0054686520636F756EDB
S21404A3B8746572207479706520746F207072696E83
S21404A3C8741F005072696E747320616C6C20636F1E
S21404A3D8756E7465722076616C75657320616E643B
S21404A3E820636C65617273207468656D2E0053650E
S21404A3F874204D464720746F6B656E2C2043414E7F
S21404A4084E4F5420424520554E5345542042592019
S21404A418434C492E005072696E74204D464720748A
S21404A4286F6B656E2E005072696E74206163746972
S21404A4387665206576656E74732E0044697361626A
S21404A4486C652074686520656E64706F696E742028
S21404A458666F72205A434C206D6573736167657323
S21404A4682E00456E64706F696E7420696E64657834
S21404A4781F00456E61626C65732074686520656E9E
S21404A48864706F696E7420666F72205A434C206D30
S21404A498657373616765732E005072696E742073F2
S21404A4A87461747573206F6620656E64706F696E68
S21404A4B874732E0053686F77732074686520766506
S21404A4C87273696F6E206F662074686520736F6692
S21404A4D874776172652E005365742074686520630A
S21404A4E86F6E66696775726564203830322E31354A
S21404A4F82E3420434341206D6F646520696E2074B2
S21404A508686520726164696F2E2053656520646FE0
S21404A51863756D656E746174696F6E2072656761C4
S21404A5287264696E67205241494C5F49454545380F
S21404A53830323135345F4363614D6F64655F742E22
S21404A5480041205241494C5F49454545383032312F
S21404A55835345F4363614D6F64655F742076616C60
S21404A56875651F0052657475726E732050544920C1
S21404A578726164696F20636F6E66696720696E66C8
S21404A5886F726D6174696F6E20746F20646574658C
S21404A598726D696E65207468652050485920747910
S21404A5A87065206265696E672075736564206279D4
S21404A5B8205241494C2E2072657475726E2076615D
S21404A5C86C756520697320656E756D205241494C1B
S21404A5D85F494545453830323135345F50746952E1
S21404A5E86164696F436F6E6669675F7420652E677A
S21404A5F820205241494C5F4945454538303231356B
S21404A608345F5054495F524144494F5F434F4E4666
S21404A61849475F32503447485A203D203078303016
S21404A62855205241494C5F49454545383032313505
S21404A638345F5054495F524144494F5F434F4E4636
S21404A64849475F32503447485A5F414E5444495646
S21404A658203D203078303155205241494C5F4945D9
S21404A66845453830323135345F5054495F52414499
S21404A678494F5F434F4E4649475F32503447485A1E
S21404A6885F434F4558203D2030783032552052419C
S21404A698494C5F494545453830323135345F505466
S21404A6A8495F524144494F5F434F4E4649475F32DC
S21404A6B8503447485A5F414E544449565F434F45C1
S21404A6C858203D2030783033550053656E64732027
S21404A6D8612072656164206174747220666F7220EA
S21404A6E87468652074696D65206F662074686520D3
S21404A6F8646576696365207370656369666965640D
S21404A7082E2049742073657473206120666C616713
S21404A71820736F207768656E206974206765747384
S21404A7282074686520726573706F6E73652069742B
S21404A73820777269746573207468652074696D651A
S21404A74820746F20697473206F776E2074696D6542
S21404A75820617474722E0049641F737263456E64B4
S21404A768706F696E741F64657374456E64706F6980
S21404A7786E741F005768656E2073656E64696E672D
S21404A788207573696E6720612062696E64696E67F6
S21404A7982C207370656369666965732077686574C9
S21404A7A86865722061206D756C74696361737420C2
S21404A7B862696E64696E672073686F756C6420627C
S21404A7C86520757365642E007573654D756C7469BC
S21404A7D86361737442696E64696E671F0053656EBD
S21404A7E864732061207072652D627566666572658D
S21404A7F864206D756C746963617374206D65737316
S21404A80861676520746F206120676976656E2067C6
S21404A818726F75702049442066726F6D20612067D8
S21404A8286976656E20656E64706F696E742E00674F
S21404A838726F757049641F7372632D656E64706FEA
S21404A848696E741F00437265617465732061206DB8
S21404A85865737361676520627920737065636966DA
S21404A86879696E67207468652072617720627974E6
S21404A87865732E20557365207468652073656E6449
S21404A88820636F6D6D616E6420746F2073656E64EB
S21404A89820746865206D657373616765206F6E63E1
S21404A8A86520697420686173206265656E2063722A
S21404A8B865617465642E2045783A20726177203085
S21404A8C87830303046207B303020304120303020FD
S21404A8D831312032322033332034342035357D204C
S21404A8E873656E64732061206D6573736167652094
S21404A8F8746F20636C757374657220313520283044
S21404A908783030304629206F66206C656E67746828
S21404A918203820776869636820696E636C75646597
S21404A9287320746865205A434C20686561646572B0
S21404A9382E00436C757374657249641F44617461B0
S21404A9481F0052657365747320746865206E6F649F
S21404A958652E005772697465732061206D6573737C
S21404A9686167652E00456E64706F696E741F436C6C
S21404A97875737465722049441F41747472696275EC
S21404A98874652049441F4D61736B1F4461746120CC
S21404A998747970651F4461746120627974651F0058
S21404A9A852656164732061206D6573736167652EF3
S21404A9B800456E64706F696E741F436C75737465B6
S21404A9C8722049441F41747472696275746520491B
S21404A9D8441F31206966207365727665722064693F
S21404A9E872656374696F6E2C203020696620636C08
S21404A9F869656E7420646972656374696F6E1F0096
S21404AA0853656E64732061206D6573736167652E84
S21404AA180044657374696E6174696F6E1F536F754D
S21404AA2872636520656E64706F696E741F4465731F
S21404AA3874696E6174696F6E20656E64706F696E92
S21404AA48741F00536F7572636520656E64706F6952
S21404AA586E741F004C697374732077686963682082
S21404AA686F7074696F6E616C206C6962726172696A
S21404AA786573206F662074686520737461636B2041
S21404AA8861726520696D706C656D656E74656420A9
S21404AA986F6E2074686973206465766963652E0032
S21404AAA85072696E747320696E666F726D6174692C
S21404AAB86F6E2061626F757420746865206E6574A5
S21404AAC8776F726B2073746174652C20636C75736E
S21404AAD8746572732C20616E6420656E64706F6989
S21404AAE86E74732E006F66667365741F0050726901
S21404AAF86E747320696E666F726D6174696F6E200A
S21404AB08666F7220616C6C20617661696C61626C38
S21404AB186520736C6F74732E0052656164732072BB
S21404AB28617720646174612066726F6D20666C615B
S21404AB3873682073746F726167652E00416464726B
S21404AB4865737320746F20726561641F4E756D6239
S21404AB586572206F6620627974657320746F20723C
S21404AB686561641F005072696E747320666C617345
S21404AB78682073746F7261676520696E666F726D9C
S21404AB886174696F6E2E004572617365732074680C
S21404AB98652073706563696669656420736C6F7491
S21404ABA82049442E0053746F7261676520736C6F76
S21404ABB874206E756D6265721F00426F6F74732021
S21404ABC874686520696D61676520696E20746865B8
S21404ABD82073706563696669656420736C6F742096
S21404ABE849442E00434C4920696E7374616E63654C
S21404ABF8206578616D706C650064756D6D795F6944
S21404AC086E7374005A434C20636F6D6D616E647383
S21404AC1800626173696300676C6F62616C006D66DD
S21404AC28672D636F6465007573652D6E6578742D7E
S21404AC3873657175656E636500782D646566617500
S21404AC486C742D7265737000746573742D726573F5
S21404AC58706F6E73652D6F6E00746573742D7265F0
S21404AC6873706F6E73652D6F6666005A434C206268
S21404AC786173696320636C757374657220636F6DA2
S21404AC886D616E6473007274666400436F6D6D6103
S21404AC986E642074686174207265736574732061C9
S21404ACA86C6C206174747269627574652076616C64
S21404ACB875657320746F20666163746F7279206497
S21404ACC8656661756C742E005241494C006C6F774A
S21404ACD865722D6D61632D7261696C2D3830322E64
S21404ACE831352E342E63006C69627261696C2E618C
S21404ACF800756E636C61696D656400627566666589
S21404AD08722D6D616E6167656D656E742E63006580
S21404AD1876656E742D71756575652E63007A696738
S21404AD286265652D75707065722D6D61632E63009E
S21404AD386E65696768626F722E63006173736F630A
S21404AD48696174696F6E2E6300313832317300316D
S21404AD58343232310031323100327300313232311A
S21404AD683132003132323131003238310038313143
S21404AD780031383231310031323131313231323208
S21404AD8832317300313232003132313132323100ED
S21404AD98313131310032323800726F7574652D7472
S21404ADA861626C652E63006D61632D6D756C7469E4
S21404ADB82D6E6574776F726B2E63006C65676163BE
S21404ADC8792D7061636B65742D6275666665722E7F
S21404ADD863000000000002000000000000000000FD
S21404ADE8BA04000000000000000002000000000092
S21404ADF800000000BA04000000000000000102037E
S21404AE080E312E312E322D396431383233366600FF
S21404AE18010000020303010006000000000003000E
S21404AE280000000013B779FAC925DDB7ADF3CFE003
S21404AE38F1B614B80102000000000000FFFFFFFF8F
S21404AE4801000000010000000000000000000000EF
S21404AE5800000000000000000000000000000000E1
S21404AE6800000000000000000000000000000000D1
S21404AE7800000000073F0300B9710300B571030022
S21404AE889371030061710300F1710300C371030039
S21404AE98637103002C000000020202030000000095
S21404AEA80000000064800050688000500002010022
S21404AEB80009007FF0AE04000100000FD0AE0400C5
S21404AEC80000000000000000E1FE59FF8FFFADFF00
S21404AED8C1FFD0FFDCFFE4FFEBFFF2FFF6FFFAFF4B
S21404AEE8FDFF0000030005005500EDFEFF006400AA
S21404AEF81E0000007F001B0DD063FDFF3600B7035D
S21404AF084DDAFFFF1C005901EC3600001100BD00A5
S21404AF18C83B00000B007100143500000700490008
S21404AF28352C000005003700052600000300140031
S21404AF38FF140000D06404008D1904008D19040061
S21404AF488D1904008D1904008D1904008D19040048
S21404AF588D1904008D1904008D1904008D19040038
S21404AF688D1904008D1904008D1904008D19040028
S21404AF788D1904008D1904008D1904008D19040018
S21404AF888D1904008D1904008D1904008D19040008
S21404AF988D1904008D1904008D1904008D190400F8
S21404AFA88D1904009B1904008D190400B0190400B7
S21404AFB88D1904008D190400D51904008D19040090
S21404AFC88D1904008D1904008D190400FD19040058
S21404AFD88D1904008D1904008D1904008D190400B8
S21404AFE8151A04008D190400331A04000103040119
S21404AFF8010109030B0000000B000000020000001A
S21404B0080000202000000000030000008C8C3C0098
S21404B0180000000000000000000000001E00000001
S21404B0280A0000001A000000000000581200000081
S21404B03824B00400554E4B00474F200042544C00A1
S21404B048474F3200474F3300474F3400474F3500C9
S21404B058474F3600474F3700474F3800474F3900A9
S21404B068474F4100474F4200474F4300474F44006D
S21404B078474F4500474F46004A4D50004244520049
S21404B0885550520042544D004D534D0046544C0002
S21404B098554E4B00474F200042544C004241440052
S21404B0A846544C00465243004F54410044534C0007
S21404B0B84241500055504700544D450046415500FE
S21404B0C8545A4600554E4B0050494E00454D3400E0
S21404B0D8554E4B0048562000554E4B0045585000D8
S21404B0E84C574D00554E4B005242540044534C00A6
S21404B0F8454D3400554E4B0041535400554E4B00B5
S21404B10856465900494E4800554E4B004C434B0092
S21404B11858544C004F424600554E4B004852440083
S21404B1284D454D0042555300555347004442470089
S21404B138444D410056435400554E4B00555020008C
S21404B14852502000415030004150310041502000F8
S21404B15844502000444543003CB0040040B004007A
S21404B16898B00400CCB00400D8B00400E0B00400E2
S21404B178ECB00400FCB0040004B1040010B10400F0
S21404B18820B1040040B10400554E4B004649420025
S21404B19842544C00455854005057520057444700F0
S21404B1A82053570043525300465348004241440034
S21404B1B8464C540042524F0001040103030601059D
S21404B1C8010501090600060B0000070B050B000025
S21404B1D800000000000000000400E40C0200010463
S21404B1E81001000000050002000003007CB40400FF
S21404B1F878B4040064B4040060B404005CB40400C6
S21404B20858B4040046B4040036B404001CB404005D
S21404B21814B404000AB4040008B40400F0B3040028
S21404B228EDB30400E5B30400D4B30400C4B30400C7
S21404B238B2B3040098B3040090B3040084B30400C3
S21404B24880B304007CB304006EB3040063B3040044
S21404B2584AB3040031B30400D5B20400D4B20400DF
S21404B268C4B204009CB2040091B2040090B2040074
S21404B2787CB204000000000000000000000000008B
S21404B28800000000000000000F000000000000009E
S21404B298000000000000000000000000000000009D
S21404B2A8000000000000000000000000000000008D
S21404B2B8000000000000000000000000010000007C
S21404B2C80000000000000000000000000F0000005E
S21404B2D8000000000000000000000000000000005D
S21404B2E8000000000000000000000000000000004D
S21404B2F8000000000000000000000000000000003D
S21404B308000000000000000000000000000000002C
S21404B318000000000000000000000000000000001C
S21404B328000000000000000000000000000000000C
S21404B33800000000000000000000000000000000FC
S21404B34800000000000000000000000000000000EC
S21404B35800000000000000000000000000000000DC
S21404B36800000000000000000000000000000000CC
S21404B378000000000000000000000000FFFFFFFFC0
S21404B388FFFFFFFFFFFF00000000000000000000B2
S21404B398000000000000000000000000000000009C
S21404B3A8000000000000000000000000000000008C
S21404B3B8000000000000000000000000000000007C
S21404B3C8000000000000000000000000000000006C
S21404B3D800000000000000000000000000FFFFFF5F
S21404B3E8FFFFFFFFFF9C0000FF00000000000000B6
S21404B3F800000000000000000000000080000000BC
S21404B4080000FFFFFFFFFFFFFFFFFFFF0000000035
S21404B418FFFF00000000000000000000000000001D
S21404B4280000000000000000000000000000FFFF0D
S21404B438FF000000000000000000000000000000FC
S21404B44800000000000000000000000000000000EB
S21404B45800000000000000000000000000000000DB
S21404B46800000000000000000000000000000000CB
S21404B47800000000FC0301010101010101010101B2
S21404B488010101010100000000000001002006007F
S21404B4980000060101000020020411040402111031
S21404B4A81A080A021801081110111A080A04020DCB
S21404B4B80B19195C0110280B011400000000000089
S21404B4C80000000000000000000101010101010065
S21404B4D8010101010101010000010101000100014F
S21404B4E8010000000000000000000000000000004A
S21404B4F8000100000000000000000000000000003A
S21404B50801FF010023E1010075E4010063E2010084
S21404B51863E5010062E1010079EB010064EE0100D5
S21404B52824E1010025E1010026E1010027E10100EC
S21404B53828E1010029E101002AE1010000000100D8
S21404B54880000100000101008001010000020100E2
S21404B5588002010020E2010000030100000501004A
S21404B56880050100000601002C8901008006010000
S21404B5780007010001E5010002E5010000080100DA
S21404B588800801000040010086321010FFFFFFFF0C
S21404B598FFFFFFFFBA220400C0220400C6220400EC
S21404B5A8CC220400D22204005A6967426565416CBD
S21404B5B86C69616E636530394E574B205374656504
S21404B5C872696E67000095969595950507090D00AE
S21404B5D8000000000001020304060000FE38040010
S21404B5E8994C0400B34C0400CA4C0400DD4C040017
S21404B5F8ED4C0400014D0400134D0400234D0400D3
S21404B6083F4D0400544D04000208010D0D010101CC
S21404B61812010000FFFFFFFFFFFFFFFF000000000E
S21404B62800000000010905010002000000000003F4
S21404B6381EF1EE0B4CB604008F590400D0640400C7
S21404B648FE000000AB590400ACB70400000000007C
S21404B658B55904009CB7040000000000C259040051
S21404B6688CB7040000000000CF5904007CB704001F
S21404B67800000000ED59040068B70400000000004C
S21404B688E559040054B7040000000000EC5904000F
S21404B69840B7040000000000FA59040030B704005C
S21404B6A8000000006C5804001CB7040000000000EA
S21404B6B8F35904000CB7040000000000FF59040006
S21404B6C8F8B6040000000000EB200400E8B6040006
S21404B6D80000000000000000000000000000000059
S21404B6E82D860300105A04004D5A0400010100FF79
S21404B6F831080100765A0400BB5A0400010100010F
S21404B7080107FF00ED070100085B0400735B0400F3
S21404B718010100FF2D070100945B0400AD5B0400E3
S21404B72800010100FF0000003F860300D25B04000E
S21404B7382A5C04000101FF0027860300415C04001C
S21404B748985C040001010207FF000000218603003C
S21404B758415C0400985C040001010207FF00000035
S21404B7681B860300415C0400985C04000101020780
S21404B778FF000000E1060100B95C0400F85C040060
S21404B788010101FF81060100175D04005C5D0400E9
S21404B798010000FF3D060100175D04005C5D04001F
S21404B7A8010000FFC5060100835D0400895B0400F0
S21404B7B800FF000015860300D85D04001389040002
S21404B7C8FF0000000F8603004B5E04001389040084
S21404B7D8FF0000001D060100BA5E04002F5F040087
S21404B7E800FF0000F5050100475F0400A95F040098
S21404B7F800FF000001860300BA5F0400006004002E
S21404B80802FF0000BD050100096004007D60040015
S21404B81801FF0000F6600400D9600400E860040034
S21404B828F4600400056104001B610400316104002F
S21404B8383B610400456104000000000049640400FC
S21404B8481100000055640400120000005D64040042
S21404B8581300000065640400210000006D64040001
S21404B8682200000074640400230000007B640400C3
S21404B878AA00000082640400FF0000000000000024
S21404B888FFFFFFFFFFFFFFFF0000000000000000AF
S21404B898000001080109020A030B040C050D060E34
S21404B8A8070F081001180119021A031B041C051DAA
S21404B8B8061E071F08200121022203230424052547
S21404B8C80626072708280129022A032B042C052DF7
S21404B8D8062E072F08300131023203380239043A9B
S21404B8E808E004E104E204E802E902EA04F008F1E4
S21404B8F810000000000000000205000064B90400FF
S21404B90802000F008CB9040002000F00B4B904004A
S21404B91802000F00DCB9040002000F0004BA040099
S21404B92802000F002CBA040002000F0054BA0400E8
S21404B93802000F007CBA040002000F00A4BA040038
S21404B94802000F00CCBA040002000F00F4BA040088
S21404B95802000F001CBB040002000F0000000000D9
S21404B96844BB040003000000400000000000000080
S21404B9781900000068BB040004000F0080000000E3
S21404B988000000000000000044BB040003000000A0
S21404B99840000000000000001900000068BB040016
S21404B9A804000F00800000000000000000000000F3
S21404B9B844BB040003000000400000000000000030
S21404B9C81900000068BB040004000F008000000093
S21404B9D8000000000000000044BB04000300000050
S21404B9E840000000000000001900000068BB0400C6
S21404B9F804000F00800000000000000000000000A3
S21404BA0844BB0400030000004000000000000000DF
S21404BA181900000068BB040004000F008000000042
S21404BA28000000000000000044BB040003000000FF
S21404BA3840000000000000001900000068BB040075
S21404BA4804000F0080000000000000000000000052
S21404BA5844BB04000300000040000000000000008F
S21404BA681900000068BB040004000F0080000000F2
S21404BA78000000000000000044BB040003000000AF
S21404BA8840000000000000001900000068BB040025
S21404BA9804000F0080000000000000000000000002
S21404BAA844BB04000300000040000000000000003F
S21404BAB81900000068BB040004000F0080000000A2
S21404BAC8000000000000000044BB0400030000005F
S21404BAD840000000000000001900000068BB0400D5
S21404BAE804000F00800000000000000000000000B2
S21404BAF844BB0400030000004000000000000000EF
S21404BB081900000068BB040004000F008000000051
S21404BB18000000000000000044BB0400030000000E
S21404BB2840000000000000001900000068BB040084
S21404BB3804000F0080000000000000000000200140
S21404BB482000000008000000040042213000000025
S21404BB58DCBB040000FF42003000000000000000C8
S21404BB680000F00840000000FDBB040001002304A8
S21404BB784000000005BC0400060030014000000038
S21404BB8800000000FDFF2102400000000100000044
S21404BB981900000419000101190002041900030120
S21404BBA819000504190006011900070404004100D9
S21404BBB8F122010006004100AD8E03001900810041
S21404BBC8E13F0100190084006D4A0100008000006E
S21404BBD80000000006435553544F4D000000000073
S21404BBE80000000000000000000000000000000044
S21404BBF80000000000FFFFFFFFFFFFFFFFFFFFFF3F
S21404BC08FF00040104010401040104010401040101
S21404BC1804010401040104010401FFFFFFFFFFFF00
S21404BC28FFFFFFFFFFFFFFFFFFFFFFFFFFFFFFFF13
S21404BC38FFFF000102030405060708090A0B1F1C78
S21404BC481F1E1F1E1F1F1E1F1E1F07021F012F0059
S21404BC5837013F005701DF02E700FF02000000003B
S21404BC6800000000000000000000000000000000C3
S21404BC7800000000000000000000000000000000B3
S21404BC88E86A040019000000EE6A0400FFFF0000DA
S21404BC9800000000B96B0400C46B0400D064040000
S21404BCA8CC6B0400DA6B0400D0640400ED6B04006B
S21404BCB8F86B0400066C04000A6C04001A6C040092
S21404BCC8063A04002A6C04002E6C0400396C04003E
S21404BCD8436C04004D6C0400516C04005F6C040053
S21404BCE8736C0400896C04000080000000000000E7
S21404BCF80000000000000000FFFFFFFFFF00000038
S21404BD0800000000000000000000000000000040E2
S21404BD180000000001000000ADD101000000000092
S21404BD28000000000000F03F00000000000024406F
S21404BD3800000000000059400000000000408F404A
S21404BD48000000000088C34000000000006AF840B5
S21404BD580000000080842E4100000000D0126341D9
S21404BD680000000084D797410000000065CDCD414F
S21404BD787F3D040068D3040000000000AF7504008B
S21404BD8858D3040000000000B475040048D3040027
S21404BD9800000000B575040038D304000000000055
S21404BDA8FA59040024D3040000000000ED590400E6
S21404BDB810D3040000000000BA75040000D3040081
S21404BDC800000000C0750400F0D204000000000063
S21404BDD8C4750400E0D2040000000000D375040013
S21404BDE8D0D2040000000000F0750400C0D204009D
S21404BDF800000000F9750400B0D20400000000003A
S21404BE080E760400A0D2040000000000414B040093
S21404BE1890D20400000000001E76040050D20400ED
S21404BE2800000000157A0400DCC9040000000000C5
S21404BE38D16904009CC904000000000025760400AB
S21404BE48DCC80400000000002E760400E0C70400E6
S21404BE58000000003B760400D4C304000000000081
S21404BE68576C0400ACC204000000000042760400CC
S21404BE78ACC2040001000000467604006CC204004C
S21404BE88000000004B76040030C1040000000000E7
S21404BE987F1A040030C10400010000003B76040049
S21404BEA8D4C304000000000052760400D4C304007F
S21404BEB80100000057760400FCC0040000000000DF
S21404BEC861760400FCC004000100000069760400E2
S21404BED82CBF040000000000F0210400F8BE040093
S21404BEE80000000000000000000000000000000041
S21404BEF808BF04006D760400D0640400FE00000049
S21404BF088576040084CA040000000000EA7A040067
S21404BF1874CA0400000000000000000000000000CE
S21404BF28000000003CBF04008A760400D0640400C5
S21404BF38FE000000A076040004CC04000000000004
S21404BF48A6760400F4CB040000000000AC760400D7
S21404BF58E4CB040000000000B5760400D4CB04004B
S21404BF6800000000311F0400C4CB040000000000D9
S21404BF783B1D04008CCB040000000000422604008D
S21404BF8878CB040000000000BF76040068CB0400E9
S21404BF98000000002F22040058CB04000000000014
S21404BFA8C476040048CB040000000000CB760400E6
S21404BFB838CB040000000000D076040028CB040028
S21404BFC800000000D4760400C8C004000000000086
S21404BFD8DB76040070C0040000000000E37604006A
S21404BFE83CC0040000000000EF76040008C004000B
S21404BFF80000000000000000000000000000000030
S21404C00818C00400FA760400D0640400FE00000099
S21404C0187A340400A4CA0400000000002B6104005B
S21404C02894CA04000000000000000000000000009D
S21404C038000000004CC004001B770400D064040011
S21404C048FE0000007A340400C4CA0400000000009D
S21404C0582B610400B4CA04000000000000000000BD
S21404C068000000000000000080C004003D770400C3
S21404C078D0640400FE0000005B77040014CB0400C0
S21404C08800000000397C040004CB04000000000013
S21404C0986A770400F4CA0400000000006F770400FE
S21404C0A8E4CA04000000000076770400D4CA04003A
S21404C0B8000000000000000000000000000000006F
S21404C0C8D8C004007B770400D0640400FE00000097
S21404C0D83C340400B0CB0400000000009877040049
S21404C0E89CCB0400000000000000000000000000D4
S21404C0F8000000000CC10400A0770400D06404000B
S21404C108FE000000BC77040044CC040000000000D5
S21404C118576C040034CC0400000000000000000043
S21404C128000000000000000040C10400C1770400BD
S21404C138D0640400FE000000DA770400F4CC04009F
S21404C14800000000FD300400E4CC040000000000F9
S21404C158E3770400D4CC040000000000BC77040095
S21404C16824CC040000000000E877040014CC040083
S21404C17800000000F57704002CC20400000000004C
S21404C18803780400F8C104000000000011780400D5
S21404C198B8C104000000000025760400DCC80400CA
S21404C1A8000000000000000000000000000000007E
S21404C1B8C8C104001A780400D0640400FE00000015
S21404C1C85EAC0400C4CC0400000000006FAC04009D
S21404C1D8B4CC0400000000002E450400A4CC0400DF
S21404C1E8000000000000000000000000000000003E
S21404C1F808C2040038780400D0640400FE00000076
S21404C2086278040014CD040000000000DF66040011
S21404C21804CD040000000000000000000000000038
S21404C228000000003CC2040069780400D0640400DE
S21404C238FE000000F021040048CD040000000000C1
S21404C2482B61040038CD040000000000397C04008B
S21404C25824CD0400000000000000000000000000D8
S21404C268000000007CC2040089780400D06404003E
S21404C278FE000000F021040078CD04000000000051
S21404C288A978040068CD0400000000002B610400AF
S21404C29858CD040000000000000000000000000064
S21404C2A800000000BCC20400B0780400D064040097
S21404C2B8FE000000CA780400ACCE040000000000AB
S21404C2C8E36004009CCE040000000000FD7804002F
S21404C2D88CCE040000000000311F04007CCE04004D
S21404C2E800000000FE6004006CCE0400000000009D
S21404C2F8CF7804005CCE040000000000E778040051
S21404C3084CCE040000000000F07804003CCE040084
S21404C31800000000F77804002CCE0400000000009B
S21404C32803790400FCCD040000000000397C0400F6
S21404C338ECCD04000000000012790400DCCD0400F3
S21404C34800000000ED450400CCCD04000000000009
S21404C35817790400BCCD0400000000002E79040000
S21404C368ACCD0400000000004279040098CD040017
S21404C378000000005279040088CD04000000000084
S21404C38861790400A0C30400000000000000000057
S21404C3980000000000000000B0C304006679040032
S21404C3A8D0640400FE0000007D7904001CCE04005E
S21404C3B800000000867904000CCE0400000000008B
S21404C3C8000000000000000000000000E4C30400B1
S21404C3D8D0640400D0640400FE0000008D790400D4
S21404C3E81CCA0400000000009A79040060C804000F
S21404C3F800000000A3790400ACC704000000000095
S21404C408B179040078C7040000000000BF7904006E
S21404C41844C7040000000000CD790400ACC604003C
S21404C42800000000DE79040084C604000000000052
S21404C438EB790400E4C5040000000000F679040063
S21404C4488CC5040000000000097A040064C50400D2
S21404C45800000000DE58040000C5040000000000C8
S21404C4681C7A0400C0C4040000000000277A0400F4
S21404C4788CC4040000000000000000000000000057
S21404C488000000009CC404003A7A0400D064040047
S21404C498FE0000005E7A0400CCCE04000000000013
S21404C4A8647A0400BCCE040000000000000000000B
S21404C4B80000000000000000D0C40400687A0400ED
S21404C4C8D0640400FE000000EA350400FCCE040034
S21404C4D8000000009A7A0400ECCE04000000000075
S21404C4E8A67A0400DCCE0400000000000000000069
S21404C4F8000000000000000010C50400BC7A040018
S21404C508D0640400FE000000F021040060CF04009C
S21404C518000000002B61040050CF04000000000057
S21404C528D855040040CF0400000000007A34040004
S21404C5382CCF040000000000D87A04001CCF0400A6
S21404C54800000000EF7A04000CCF0400000000008E
S21404C55800000000000000000000000074C504008D
S21404C568FB7A0400D0640400FE000000207B04006C
S21404C57870CF040000000000000000000000000067
S21404C588000000009CC50400257B0400D064040059
S21404C598FE000000497B0400C0CF04000000000031
S21404C5A8A9780400B0CF040000000000557B0400FE
S21404C5B8A0CF0400000000005C7B040090CF0400B9
S21404C5C800000000697B040080CF0400000000001F
S21404C5D8000000000000000000000000F4C504008D
S21404C5E8747B0400D0640400FE000000E2790400B2
S21404C5F870D0040000000000917B040060D00400A2
S21404C608000000007F3D040050D004000000000035
S21404C618AD4C040040D00400000000005C7904001F
S21404C62830D0040000000000EA35040020D00400DE
S21404C63800000000987B040010D0040000000000EE
S21404C648A37B040000D0040000000000B07B0400B4
S21404C658F0CF040000000000C07B0400E0CF040014
S21404C66800000000D37B0400D0CF040000000000C4
S21404C67800000000000000000000000094C604004B
S21404C688E57B0400D0640400FE0000007F3D04003F
S21404C69880D0040000000000000000000000000035
S21404C6A800000000BCC60400037C0400D064040038
S21404C6B8FE000000EA350400F0D004000000000084
S21404C6C8AD4C0400E0D00400000000005C790400CF
S21404C6D8D0D0040000000000267C0400C0D004006B
S21404C6E8000000006577040004C70400000000008A
S21404C6F800000000000000000000000014C704004A
S21404C7083D7C0400D0640400FE000000397C04006C
S21404C718B0D00400000000007A340400A0D004005E
S21404C72800000000537C040090D0040000000000C1
S21404C73800000000000000000000000054C70400C9
S21404C7485C7C0400D0640400FE000000F0210400B1
S21404C75810D10400000000002B61040000D104007E
S21404C76800000000000000000000000000000000B8
S21404C77888C704007C7C0400D0640400FE00000023
S21404C7889C7C040030D1040000000000AF7C040048
S21404C79820D1040000000000000000000000000093
S21404C7A800000000BCC70400C57C0400D064040074
S21404C7B8FE000000E57C040050D1040000000000E0
S21404C7C8FD30040040D10400000000000000000012
S21404C7D80000000000000000F0C70400D064040055
S21404C7E8D0640400FE000000EF7C040008C80400BF
S21404C7F80000000000000000000000000000000028
S21404C80818C80400D0640400D0640400FE000000C5
S21404C818FB7C0400A0D1040000000000486C04005F
S21404C82890D1040000000000017D040080D10400BB
S21404C83800000000057D040070D10400000000001C
S21404C848097D040060D10400000000000000000018
S21404C858000000000000000070C80400197D0400F1
S21404C868D0640400FE000000F021040020D2040076
S21404C87800000000347D040010D20400000000000C
S21404C888477D040000D20400000000002B61040069
S21404C898F0D1040000000000547D0400E0D1040038
S21404C8A800000000657D0400D0D1040000000000EC
S21404C8B8737D0400C0D1040000000000847D0400D9
S21404C8C8B0D10400000000000000000000000000D2
S21404C8D800000000ECC80400917D0400D064040045
S21404C8E8FE000000AB7D040074CC040000000000C9
S21404C8F8DE7D040064CC040000000000197E0400F9
S21404C90854CC040000000000307E040068C904000B
S21404C918000000003A7E040034C904000000000049
S21404C92800000000000000000000000044C90400E5
S21404C9383E7E0400D0640400FE0000005EAC0400E2
S21404C94894CC0400000000006FAC040084CC0400FF
S21404C95800000000000000000000000000000000C6
S21404C96878C904005D7E0400D0640400FE0000005C
S21404C9781531040040D2040000000000397C04008D
S21404C98830D2040000000000000000000000000090
S21404C99800000000ACC90400707E0400D0640400E3
S21404C9A8FE000000F021040080D20400000000000D
S21404C9B86278040070D2040000000000DF660400F9
S21404C9C860D2040000000000000000000000000020
S21404C9D800000000ECC904008B7E0400D064040048
S21404C9E8FE000000697B040098D3040000000000E1
S21404C9F8EA35040088D30400000000007F3D0400E4
S21404CA0878D30400000000000000000000000000C6
S21404CA18000000002CCA0400AB7E0400D0640400A6
S21404CA28FE000000C97E0400E8D3040000000000ED
S21404CA38D37E0400D8D3040000000000DE7E040081
S21404CA48C8D3040000000000FA590400B8D3040050
S21404CA5800000000ED7E0400A8D3040000000000D7
S21404CA68000000000000000000000000F38503003A
S21404CA78F87E0400D0640400FF000000EF8503007D
S21404CA88057F0400D0640400FF000000310D010097
S21404CA98177F0400D0640400FF000000CD0C0100DA
S21404CAA8447F04000C87040001FF0000310D0100D8
S21404CAB8847F0400D0640400FF000000CD0C01004D
S21404CAC8B27F04000C87040001FF0000650D010016
S21404CAD8F37F04001480040000FF0000650D0100C5
S21404CAE81D8004007A8004000000FF00E10D0100A8
S21404CAF888800400A1800400010001FF4D0E010097
S21404CB08C6800400088104000102FF00E10D01004C
S21404CB181E8104004D81040001000102FF0000008C
S21404CB285D0B01007E810400BA81040007FF000043
S21404CB387D0B0100C0810400F381040001FF00009E
S21404CB48910B0100FB8104004B8204000100FF00E6
S21404CB58ED0B010060820400B18204000101FF00AD
S21404CB68C10B0100C1820400FB82040001FF00001F
S21404CB78410C0100038304004C83040001000001F7
S21404CB880707FF007D0E01009E830400F38104005E
S21404CB9801FF00007D0F0100E68304002A840400D8
S21404CBA8010700010700FF00518603007F84040084
S21404CBB8C58404000107000101FF0000050F0100F9
S21404CBC8018504003C850400010000FFD50E010021
S21404CBD85A8504009E8504000100FF00A50E010086
S21404CBE8B18504009E8504000100FF004D0F010076
S21404CBF8F0850400FB82040001FF0000BD0F01005D
S21404CC082B8604005C8604000100FF00EDF8000093
S21404CC18D06404006A860400000707FF91F8000041
S21404CC28D064040083860400000707FF9DFD000007
S21404CC38D06404008F86040007FF00009DFD0000F2
S21404CC48D06404008F86040007FF0000A385030051
S21404CC58D0640400948604000000FF0079FD0000F8
S21404CC68D06404000E5D040001FF000041FD0000CE
S21404CC78D0640400CC86040000FF000071F80000AD
S21404CC88D0640400D0640400FF00000071F80000BB
S21404CC98D0640400D0640400FF0000007985030013
S21404CCA8D0640400D0640400FF0000007985030003
S21404CCB8D0640400D0640400FF00000079850300F3
S21404CCC8D0640400D0640400FF00000041F80000AB
S21404CCD8D0640400028704000101FF002DF8000058
S21404CCE8D06404001787040001FF0000758503005C
S21404CCF8D0640400D0640400FF000000F5F70000C8
S21404CD0840780400D0640400FF000000F5F7000033
S21404CD1821870400D0640400FF00000075F90000B1
S21404CD2842870400598704000001000007FF00003A
S21404CD38718503007F870400D0640400FF000000A8
S21404CD48F1F6000099870400D0640400FF00000090
S21404CD58EB850300C7870400D0640400FF000000C6
S21404CD68DD850300E18704006386040000FF0000F5
S21404CD787100010006880400D0640400FF00000067
S21404CD88C5F5000020880400D0640400FF000000F5
S21404CD9859F5000043880400C08804000000031006
S21404CDA8FF00000035F60000158904008389040096
S21404CDB801FF000009F6000098890400DB890400D6
S21404CDC800FF00001DF50000EC890400D064040090
S21404CDD8FF0000006F8503001B8A0400D06404006B
S21404CDE8FF000000F9F40000678A04006386040064
S21404CDF800FF0000C5F40000A88B0400FD8B0400A7
S21404CE0800FF0000A9F40000178C0400D064040096
S21404CE18FF0000008DF40000278C0400D064040092
S21404CE28FF0000005F8503003B8C0400B98C0400F7
S21404CE3800FF00005DF40000448D0400D064040084
S21404CE48FF00000019F40000618D04008C8D0400B6
S21404CE5807FF0000D9F30000968D0400EF8D040048
S21404CE68000500FF91F30000A28E0400B58E0400AE
S21404CE780002FF006DF30000E48E0400D064040092
S21404CE88FF0000005F850300F68E0400308F040060
S21404CE9800FF000001F30000B68F0400FC8F0400B6
S21404CEA8000301FFF1F200009C900400E2900400E5
S21404CEB8000301FFE568010082910400D0640400C1
S21404CEC8FF0000006F920300AA9104002592040054
S21404CED802FF00009D1301007A92040013890400DF
S21404CEE800FF000069130100A292040013890400DD
S21404CEF800FF000019130100BB920400D06404006C
S21404CF08FF000000F15A0100D4920400D064040023
S21404CF18FF000000C95A010021930400D0640400ED
S21404CF28FF000000555A01004C9304007293040055
S21404CF3800010100010102FF2D5A0100F1940400CA
S21404CF481995040000FF00000D5A010040950400DE
S21404CF58D0640400FF000000555901006A950400D7
S21404CF68D0640400FF000000419103008395040088
S21404CF78D0640400FF000000254E0100A9950400B3
S21404CF88DA9504000002FF00A38F03003796040016
S21404CF98D0640400FF0000009F8F0300649604001A
S21404CFA8D0640400FF000000D94D01007F960400F9
S21404CFB8A996040000FF0000994B0100D9960400C6
S21404CFC8D0640400FF00000015370100EC96040046
S21404CFD8D0640400FF000000FD3601000497040036
S21404CFE8D0640400FF0000001B8F03001D97040094
S21404CFF8D0640400FF000000078F03004A9704006B
S21404D008C497040000FF0000A54A01000398040022
S21404D018D0640400FF000000954901007B980400D2
S21404D028D0640400FF000000B9350100BF9804006E
S21404D038D0640400FF0000009D350100DC9804005D
S21404D048D0640400FF000000153601008799040028
S21404D058D0640400FF00000009360100159A040095
S21404D0685A9A040000FF0000D5350100919A04007E
S21404D078E29A040000FF000001340100159B040036
S21404D088D0640400FF00000099280100419B0400B6
S21404D098AA9B04000000FF0099280100FF9B0400D7
S21404D0A8619C04000000FF0039290100A69C0400C6
S21404D0B8D99C04000002FF00758E03002E9D040010
S21404D0C87C9D040007FF00006D2A0100989D04005B
S21404D0D8D0640400FF00000081280100BC9D040001
S21404D0E8E19D040000FF00008D2901003A9E04001B
S21404D0F8D0640400FF00000051220100779E04005B
S21404D108D0640400FF00000019220100A19E040058
S21404D118D0640400FF0000004D8D0300DC9E04006C
S21404D1284B9F040000FF0000751B01009C9F040031
S21404D1381BA0040000FF00003F8D030061A004004C
S21404D148B3A0040000FF00001F8D0300FAA004002B
S21404D15847A1040000FF0000158D030091A10400F8
S21404D168CFA1040000FF00000F8D0300DFA1040018
S21404D178CFA1040000FF0000098D030006A20400E6
S21404D188CFA1040000FF0000038D03002DA20400B5
S21404D198CFA1040000FF0000FD8C030055A2040084
S21404D1A8CFA1040000FF0000D98C03007EA204006F
S21404D1B8D0640400FF000000DF8C0300A0A2040073
S21404D1C8D0640400FF0000001D160100C8A2040075
S21404D1D801A304000001FF004916010022A304006D
S21404D1E8D0640400FF000000DB8C03004DA3040099
S21404D1F8D0640400FF0000000516010068A30400BC
S21404D208D0640400FF000000C115010083A30400D5
S21404D218B0A3040000FF0000A9150100CBA3040076
S21404D228D0640400FF000000F1FD0000F6A304002B
S21404D238D0640400FF000000F1FD00001DA40400F3
S21404D248D0640400FF000000E1F200002EA40400ED
S21404D258D0640400FF000000ADF2000043A40400FC
S21404D2686AA4040000FF0000ADF200007AA40400DB
S21404D2786AA4040000FF000045F20000A1A404000C
S21404D288D0640400FF00000057850300BCA4040013
S21404D298D0640400FF000000A1EE0000DFA4040030
S21404D2A849A5040000FF000081EE00006CA50400F8
S21404D2B8D0640400FF000000690A0100D2A6040036
S21404D2C85FA70400010000FF4D0901007CA70400C5
S21404D2D8D0A7040000FF000081090100E5A70400A8
S21404D2E837A804000100FF00ED0801004DA804005B
S21404D2F83AA904000107FF005B8503004AA9040055
S21404D308D0640400FF0000004D0201005BA904007D
S21404D3186DA90400000101000007FF004501010093
S21404D328A8A90400B9A9040000010100FF00000030
S21404D3388109010008AA040019AA0400010000FFD4
S21404D348BD00010008AA04004BAA040000FF000060
S21404D358399C01005CAA0400D0640400FF000000A5
S21404D368D5EE0000A8AA0400D0640400FF0000005C
S21404D37847B30300D0640400D0640400FF00000030
S21404D3885DAA0100D0640400D0640400FF00000015
S21404D39821AA0100D0640400EDAA040002FF0000DC
S21404D3A8CDB10100F5AA0400D0640400FF00000013
S21404D3B859B1010021AB040044AB04000200FF008D
S21404D3C8C9B303006DAB0400D0640400FF0000007A
S21404D3D835B101008FAB0400ADAB040002FF0000BA
S21404D3E80DB10100C2AB0400ADAB040002FF00009F
S21404D3F801000000284C0020000000000000000087
S21404D408FFFF0000B98C03000000000003000000C2
S21404D418FFFF01002D8D030000000000040000003B
S21404D428FFFF0100BB8D030000000000040000009D
S21404D438FFFF00003F8E0300000000000600000007
S21404D448FFFF0000B18E0300000000001900000072
S21404D458FFFF0100478F0300057D04005C69002078
S21404D46800000000000000000000000000000000AB
S21404D47819AC0400E4D40400000000001FAC040047
S21404D4883CB604000000000026AC04000CB80400F7
S21404D49800000000EA7A0400FCB70400000000005C
S21404D4A82FAC0400ECB704000000000041AC0400F4
S21404D4B8DCB704000000000050AC0400CCB704003D
S21404D4C80000000061AC0400BCB7040000000000C3
S21404D4D8000000000000000000000000F4D404006F
S21404D4E873AC0400D0640400FE0000008EAC040094
S21404D4F80CD5040000000000000000000000000036
S21404D50800000000FFB9030093AC0400D0640400D4
S21404D518FF03010001013F040201003F0402020068
S21404D5283D040202003D040102000102000301005A
S21404D53802023D0402010002020201000202000087
S21404D54800202020202020202020282828282820C2
S21404D55820202020202020202020202020202020BA
S21404D5682088101010101010101010101010101022
S21404D5781004040404040404040404101010101012
S21404D58810104141414141410101010101010101DC
S21404D598010101010101010101010101101010102E
S21404D5A810104242424242420202020202020202AE
S21404D5B80202020202020202020202021010101002
S21404D5C8200000000000000000000000000000002A
S21404D5D8000000000000000000000000000000003A
S21404D5E8000000000000000000000000000000002A
S21404D5F8000000000000000000000000000000001A
S21404D6080000000000000000000000000000000009
S21404D61800000000000000000000000000000000F9
S21404D62800000000000000000000000000000000E9
S21404D63800000000000000000000000000000000D9
S21404D6480000000210000000C45000202814002027
S21404D6580000020800000000FFFFFFFFFFFFFFFFB7
S21404D668FFFFFFFF000000000000000000000000AD
S21404D6780000000000000000000000002000000079
S21404D68821DD01001000000099DC01000000000103
S21404D698000001010001010120C001B800000000DB
S21404D6A800000000FFFFFFFFFFFFFFFFFFFFFFFF75
S21404D6B8FFFFFFFFFFFFFFFFFFFFFFFFFFFFFFFF69
S21404D6C8FFFFFFFF030404080808080800B801B8A9
S21404D6D802B800B0400B050003040408080500005F
S21404D6E80000000000000000000000000000000029
S21404D6F8F8330000E0030000D837000014000000E8
S21404D708383E000008000000002F0000F80400005F
S21404D718EC37000004000000343E0000030000005C
S21404D72800000000002F0000F03700000100000091
S21404D738403E000039000000012F000001000000F0
S21404D74870B50822804B1A60804B1B68DC0302D530
S21404D7580020088070BD0C880019401E00787C4D97
S21404D768A870641C0C8045076D0F052D05D8794EE6
S21404D7783668F60603D5022D0DD0032070BD960430
S21404D788AE401E4001D1082070BD052D03D11042BD
S21404D79801D1641E0C80AA484860002070BDF3B509
S21404D7A882B008886C490978491CC9B2814204D2F7
S21404D7B802990918491E097800E00021644A517044
S21404D7C893785B075B0F01933023019C052C28D1C3
S21404D7D8194232D19478E5081E242C40CD0702D588
S21404D7E8250001242C430125A14EE6402E4072D084
S21404D7F8019FA04EE641402426403E434C0602D5EF
S21404D808340020262643947889080D40A7080C215E
S21404D81839402943C02525400D43202129439670C5
S21404D82851704A490C685578022123262E4008D0A0
S21404D838660302D52B40202B01D0052082E0424BFC
S21404D848196093789B0601D4202203E09278120785
S21404D85802D540223C4B1A603D4A92786B461A70B1
S21404D868C022854B1E680E4001D1154212D06E4662
S21404D878377827263E40232E03D1E60207D401260E
S21404D88806E0252E03D0212E04D1260302D504262D
S21404D8982D4F3E601B6819402026019F002F1CD17F
S21404D8A81E4027D02A4B5B781A40402A13D00C22F5
S21404D8B81A40042A0FD02A073BD40122002902D092
S21404D8C8E100CB0F5A4069460978CB07DB0F1A42AA
S21404D8D82FD021012AD4072034E0022FE2D11E409B
S21404D8E808D00029DED1CC232B4003D16B461B7805
S21404D8F85B0601D5032025E0A30311D59C4E736966
S21404D9081B051B0D5B1C3668F60205D5994E366852
S21404D9183607B60F9B1B5B1E9BB2052B04D1C1E7CB
S21404D928029B1B78052BBDD006200BE08021064AF7
S21404D9381160E90702D4401C03990880AB48039990
S21404D9484860002004B0F0BD481002A8C83E000095
S21404D958343E0000440002A8543E0000F2B586494E
S21404D9684978CA0705D4009A12888018401E037896
S21404D97800E000239E4A106802249E4D2E68F60690
S21404D98811D512695340DBB2002B03D16E68D30954
S21404D99873402340002B03D0020204D40A20F2BDAD
S21404D9A8E206954E3260744A1E02C0230B40334387
S21404D9B8914E336093785E07760F022E06D16D6813
S21404D9C82C4003D1002000990880F2BDA0250D4004
S21404D9D89E08102737402F433D090E0702D42E0011
S21404D9E810253543CC240C401A262E400A2E04D182
S21404D9F8CC2C02D02E00FD253540804EEE40F6078E
S21404DA0805D4000416D5412B10D1082912D17C4818
S21404DA18E8401121014021432020084310700D21BD
S21404DA280140009808D000F0A9F8F2BD0B2B01D1EC
S21404DA380029ECD00720F2BD00F020F8F2BD000063
S21404DA485F2F000038B50C006E490B781A09533955
S21404DA589500491925881B071B0FEB1A9A1A801874
S21404DA68FEF756FE010002D1200000F007F832BD8A
S21404DA78F300A3E398144068480002A8F8B5040025
S21404DA88614805683C4F3878D026304202D00D21CC
S21404DA98014005D008205D490860EF20FEF7F6FD32
S21404DAA839782000314204D00909397000F066F844
S21404DAB8F2BD052129401FD002884D49CA60544B3F
S21404DAC8EC0705D5521C0280690607D4514B05E0BD
S21404DAD843242C40422C03D1521C028043600DE0A0
S21404DAE810224A4B1A604C4A09688B00DB0F19014E
S21404DAF8D162802109031160002101800020F2BD53
S21404DB080A888018401E0078830601D4121D0A80ED
S21404DB181822024004D0088852088018C01E0880BC
S21404DB2839480068C00702D50888401C0880394868
S21404DB38486000207047344A1368DB0708D5126823
S21404DB48920705D40A888018401E007804280CD149
S21404DB5810202E4A10603048254A12689300DB0FBE
S21404DB681A01C262802212030260002008807047ED
S21404DB780C4000A8080001A8343E000031B581B066
S21404DB882649002000900822254B1D7802230C24E1
S21404DB98254202D10022234903E02C40082C00D158
S21404DBA80222EC0703D50C001E21614000931D4297
S21404DBB807D015490968090601D51B4901E0002163
S21404DBC8C943019B194C21601949FF248C70009C99
S21404DBD815012543CD7008701888009940188018D8
S21404DBE8188014485860002036BD00001D31000017
S21404DBF8C83E0000440002A8441002A80D0F0C0DED
S21404DC08071708504B3F0000480002A8482002A8FF
S21404DC18C1320000F73200001C1002A8DE1B2501E2
S21404DC28343E00002084100000FCFF01F43E00008F
S21404DC38483F000005320000343E0000C1290000B9
S21404DC48D9290000D9290000D9290000D9290000BB
S21404DC58D9290000000000000000000000000000B1
S21404DC6800000000D9290000D9290000D92900009D
S21404DC78192E0000D929000055230000652300004A
S21404DC88F123000039240000B32400001D260000F8
S21404DC98D3240000BD2600001F2500005D250000D3
S21404DCA8D52500003128000001290000272300009C
S21404DCB8632B00004D200000812B0000F52B00008C
S21404DCC8D9290000D52C00009D2C0000D929000075
S21404DCD8D9290000212D0000D9290000D9290000DF
S21404DCE8D92900005D1000005310000067100000DA
S21404DCF8711000007B1000008C488068000200D475
S21404DD08704780B580208002A8490860CF2000F0BC
S21404DD1845FA01BDF8B586480068864C8022920309
S21404DD282260854E316809051DD5110BA0230340D2
S21404DD3801D0216017E002403FD180277F4A176050
S21404DD487F4A1760084038D0784D287A400705D5AA
S21404DD5801207C49086000027B490860287800286E
S21404DD6801D0062801DB0020F2BD00F051FB7168E3
S21404DD7889684E682978052907D1B905A1606E60B7
S21404DD88B668CC218901704A116000F04AFB012E5E
S21404DD9800DA0226BC2080058549086094208005A0
S21404DDA88449086065480021C94301647142416496
S21404DDB881490F6040210160D5E7AE480160FFF74E
S21404DDC89BFF0120F2BD5A480168890504D5C06E38
S21404DDD80004000F022801D0002070470120704775
S21404DDE838B580245548046000F012FB05007348D3
S21404DDF8006800F05FF9280000F013FBFFF77CFFCB
S21404DE084A48007A000705D5A0004A49086000F089
S21404DE18FEFB31BD600397490860AD48046031BD18
S21404DE28FEB50500CC208001934948600126934836
S21404DE380660FFF7C8FF002877D03C4C20780028F7
S21404DE4873D031020195052802D02A460A406CD1BF
S21404DE58CC27BF01884A17609E4A126853075B0F8F
S21404DE68022805D1022B5ED3080137490860F7BD9E
S21404DE784D01032804D1022B55D933480560F7BD54
S21404DE88042802D111404ED0F7BD05284BD101987D
S21404DE98002848D0C005C10F684641700198C004E0
S21404DEA8C10F6846017000F0B3FA029060686946CC
S21404DEB84978002903D006688021214A11602C0479
S21404DEC8A7496A461278002A0CD0C2680B68D21A88
S21404DED8A44B1B68234001D0066800E046689642B7
S21404DEE800DD1600684640786A461278024308D071
S21404DEF808684242B01E824202DA7042886000E035
S21404DF080026029800F08DFA0198800501D59648F7
S21404DF1804600198054001D094480460002E02D09D
S21404DF2809480760F7BDFFF75BFFF7BD403E0000F2
S21404DF38400002A8402002A8C83E00000CC001A861
S21404DF4890E001A894D000A8505201A838B58024BF
S21404DF5887480460012049490860864D28780528C2
S21404DF6802D0600084490860FFF72DFF002812D00D
S21404DF7812480068000A80214140A868000EC9B209
S21404DF88814208D2534800684007400F022802D24C
S21404DF98FFF726FF31BD79480168C0220A4002D13E
S21404DFA8C06F204001D00448046031BD1C1002A88C
S21404DFB808E001A808D001A894D001A818C000A8B1
S21404DFC8F1B582B00F008026B600A020384002D0F3
S21404DFD86B4806604CE000F01BFA00906948046839
S21404DFE8F80202D5A0680069029000F05FFBB1024F
S21404DFF8606800F069F9217820000022491C4378FB
S21404E0088B4200D2002118234B43C5180C352B78B5
S21404E018082BF3DA0C0001708560564829780170DD
S21404E0283E4007D0574909688968CA68F90201D486
S21404E03803218A43826001261046304003D100F04B
S21404E048F6FB00F0B4FFF104686900F03DF93C20E3
S21404E05800F0A4F8E0B200F0A1F8009800F0E1F9A6
S21404E0683005474908604848066030020249086097
S21404E0780298FEBD401002A84C6201A894E000A8CD
S21404E08810B542480068800501D4FE2010BDC020A3
S21404E09880033F49086000F0BBF93A4909688A7862
S21404E0A8D20702D589688C7800E00C7800F0B9F9B4
S21404E0B8200010BD334909688A688B78DB0704D5C5
S21404E0C8927818235A438A180C32906070470000D6
S21404E0D8100002A8084001A8F1B582B02D4F3C688C
S21404E0E80026200F000702D1E00102902AE000F083
S21404E0F85EFF00F08DF9019080210903606800F046
S21404E108E3F825786D1C6078A84200D20025E8005C
S21404E11820180C30009000680290802109030098AB
S21404E128406800F0D1F83D2000F038F8E8B200F076
S21404E13835F825700098A060019800F072F902A8D6
S21404E14800F09AFF14480068800407D5786901F03F
S21404E15850FC02990818029000D502960298FEBD53
S21404E16848C001A8480002A8481002A8482002A8E7
S21404E17894E001A8403E0000506201A814C001A81B
S21404E188402002A8CC3E000090E000A8400002A868
S21404E198401002A8D03E0000FC0302A841490968C2
S21404E1A8002901D5404908607047F3B581B03F4F50
S21404E1B8B9683F4C4A004CD50125090100D52125EC
S21404E1C801003C4A1068566822689206920E9446E5
S21404E1D83A68930080221340624613438022520012
S21404E1E81A4300920A0023D0890601D5012008E0C4
S21404E1F8F021014007D16946097A0C220A4002D068
S21404E208022000F03FF82C49096809040AD5396841
S21404E218090701D5022605E03968490301D5002611
S21404E22800E003264835009A24490968890003E073
S21404E238009A2249C96909094023194011439A00DA
S21404E248002E02D016432666083521660243226647
S21404E2582566E06D4407640F00F0C4F8A0070BD0E9
S21404E268052C09D0B868000406D400F0D1F80221B9
S21404E278134A116000F0D5F800F0BDF8002000F04D
S21404E28801F8F7BD0B490A68F0239A4300011043C6
S21404E2980860C0B270478020C0020A490860704708
S21404E2A8000000004C0002A8884000A8440002A809
S21404E2B8284000A8683F0000384101A8084001A883
S21404E2C87CD40350485000A880B5664A116001F013
S21404E2D8BBFBFFF7E0FF01BDFEB500F099F802901E
S21404E2E810206149086000236048036002206049E2
S21404E2F808606048C0684005C20DD52A01D2D522F8
S21404E30804E0D1204000824200D902001000010037
S21404E318594C0194843C246864011DD5574C0094D8
S21404E328251D574E367806277E43AA530024019D9A
S21404E3382D7CE540ED070CD5009D06266643AD19F1
S21404E348AD888FB2BD4200D2290086B2AE4200D252
S21404E3582800641C022CEAD389B246310904494CC5
S21404E3680C404638C005C00D204342490860C0200A
S21404E3780006454908604048017D00290CD04349F9
S21404E388D52A02D98024E4050C60D1246400A2426C
S21404E39802D2802424060C6010213D4C21603D499D
S21404E3A80B604188002900D10280029800F039F8F1
S21404E3B8F7BD80B53848394908603948C168090244
S21404E3C8090A19225143416005210160FFF784FFB9
S21404E3D801BD33480068C00300D4704780B5FFF712
S21404E3E87BFF01BD8020C0021E4908602D480068D6
S21404E3F84007FBD470478020C0022B49086070474A
S21404E40801E02A4908602A4909680140F9D1704799
S21404E418284800682021284A11601021274A1160DC
S21404E42870473021014002D1102023490860704704
S21404E4382048006830210140102901D10120704786
S21404E448002070471E4800780621014007D01D4862
S21404E4580068022803D0032801D001207047002052
S21404E46870470000401002A8F41302A8048002A80B
S21404E478409002A87C400050743F0000643E0000B0
S21404E488603E00000000FF01A0600050A450005049
S21404E498F42302A818E000E07F1A0601500002A838
S21404E4A810E000E0400002A8402002A8282002A8A5
S21404E4B8280002A85C0002A85C2002A85C1002A837
S21404E4C8BC3E00006C3F0000F8B553488021490262
S21404E4D881610221514A51600021514A1160514A12
S21404E4E8118003214D4A11600221016020204E4903
S21404E4F8086080204D490860CC2080014C4908609B
S21404E50801204C4908604648806F00900F24070B8A
S21404E518274049480068C505ED0D103DC02028432E
S21404E528C0B2FFF73BFE3E48006980030AD5092FB0
S21404E53808D0FFF787FF002802D0404800688047C5
S21404E54801F0D8F80098044000943D480468009800
S21404E558032803D0022806D1032F3AD000F002FA83
S21404E5680098032803D0062F33D1062D31D035481A
S21404E57800680104C90F01D001F084FB3248006822
S21404E588000109D5052D07D1012501202F4908606A
S21404E5984005FFF735FF00E000252100380000F0AD
S21404E5A8E3F904002A4E002D06D000F089FB01206A
S21404E5B8306002202749086080208003706580093F
S21404E5C825490860FFF73EFF002802D02348006864
S21404E5D88047124880214902C161002F08D10221D0
S21404E5E8416000200E490861C020C0001C4908602C
S21404E5F82000F2BD80B5FFF7F5FE1A4800788006BD
S21404E60802D4022018490860FFF7F5FE01BD02206F
S21404E61816490860704700002C1002A8282002A893
S21404E628340002A8743E000094E001A80CC001A8B7
S21404E638506201A894E000A804ED00E0E837000062
S21404E648B44000A800E200E0F03E0000645000A8D1
S21404E658646000A82C4000A880E200E0E4370000CC
S21404E6682C6001A8C83E0000081002A8082002A8CA
S21404E6787B480068800700D4704730B58148042179
S21404E688904A0123E024E4008568254002D01360FC
S21404E698D160D3600068044002D0136051605360B0
S21404E6A830BD8948012181600160704710B501209A
S21404E6B875498A680240FCD1844A0423D3600C68EE
S21404E6C80440FCD15360106010BD814908680122DB
S21404E6D8104200D1704710B5E023DB000340FF2446
S21404E6E8A41CA34204D37B4B1B689B0600D548682E
S21404E6F8024001D000F0B6F810BDFEB50700C820E9
S21404E70875490860062075490860802040037449E6
S21404E718086074480168744A0A4080210901114354
S21404E7280160724CC020C00020600225A561680301
S21404E7386F4908606F4E7048F0664C206F49C8668B
S21404E74838686F498968814201D2009100E00090D8
S21404E7580099401A38600121380000F055FB0190F2
S21404E7683868009940183860FFF782FF63480068E5
S21404E7786349086063480168490601D5624900E0B0
S21404E788624931670199002908D10321E1610068CB
S21404E7983068054002D08020800220610198FEBDC2
S21404E7A8F1B55B4C8020C00120605A4D0126AE624C
S21404E7B8594F3E601D20286056206866072001F0E1
S21404E7C809FB02202860062129665449096800299D
S21404E7D802D408212966696651492965C021C900F9
S21404E7E8504A1268F823DB01134001D1A96700E0F8
S21404E7F87961E16B314008D0216BC90705D44A49D1
S21404E8080968084001D101F0EDFA4848484908600B
S21404E818206B064001D1FFF72BFF009801F0C8FAD9
S21404E828206B8001FCD4206A42490860F1BD30B5EB
S21404E8383748414B0121026B0A4001D15961D9601E
S21404E8483E4A3F4C54663F4C146503241C60002320
S21404E858CE4D2B6014609162C903016030BD000080
S21404E8684C0002A8F0210901374A116001403748D4
S21404E8780160202036490860364909680840C849B6
S21404E888086070476C0102A8700102A880B5324877
S21404E8980821324A13680B4001D00161416111789E
S21404E8A8C90602D5862109010160FFF70EFF142068
S21404E8B82B490860BB480168490701D0FF2141611C
S21404E8C801BD0000681102A86C2102A8682102A8EC
S21404E8D8783F0000400002A8548001A80C9001A8C4
S21404E8E8942002A8680102A8FFF1FFFF441102A8B9
S21404E8F8A01002A8E40002A8294E0600300002A8C8
S21404E908A03F0000FC0302A8CC3F0000C43F000060
S21404E918100002A8E01002A8442102A828C000A8F3
S21404E9280C1E0000A88001A8483E0000FFFF7F7F59
S21404E938B46000A89C3F0000602102A8E02002A85A
S21404E9485E060000041E00002C6001A82C5001A8D6
S21404E958442002A8084001A8301102A8F84F000075
S21404E968703F000070470000F8B586B005000C003C
S21404E9788D48866AFFF74CFD0590B00503D58B488D
S21404E9880068FFF797FB0020019001227306DB0F4F
S21404E99887498F688860B8204000864E30606608CD
S21404E9A8B82030400978F0260E40402E02D10100E7
S21404E9B8402008430D2D02D1390004270F43790758
S21404E9C804D501001420084310218C437A490968A9
S21404E9D86D462A7004930500784EC80506D580202F
S21404E9E84000774908602800012505430498002854
S21404E9F811D10C20284008280DD028006A49496BF4
S21404EA08CA0601D410229043890601D420218843DB
S21404EA18B121014067D068460078002865D0B26BFB
S21404EA28B06D012101235207520F921D9340C00472
S21404EA38C00C181A80B2082809D2802506205A4A1B
S21404EA48106008049D4A106000206A4610708120F1
S21404EA5828404DD00820049A002A00D130623A0093
S21404EA680827174310208443042003900005984A77
S21404EA7810604008974A1060974801606846007816
S21404EA88002832D00398062838D39448806BC006EA
S21404EA9834D593480068000E01909048006880B208
S21404EAA802908F48006A000604D002988021490123
S21404EAB801430291FFF7C6FC002809D0894800786C
S21404EAC8C00605D002988021C901014389B2029183
S21404EAD80298306102980012306137480168C80508
S21404EAE800D57AE70AE0082030620094049732E0FA
S21404EAF890A06906C90E405C0390BFE7009404978B
S21404EB0803982949CB6A764A126834686F463C816A
S21404EB1828241C400443980CC00120431C001B0EE8
S21404EB2823401024234003439000402210401843F7
S21404EB3802AA9070086B000A02A9C870FFF7A0FA28
S21404EB4802A908710198487167480068C880029845
S21404EB58F0660398F0660598FFF763FC08240098A7
S21404EB68400601D55A488460FFF76CFC002805D097
S21404EB785E480078002801D05D4804600498C1B255
S21404EB88E8B2FFF712FB009807B0F0BD400102A8F0
S21404EB98081A03D2574909684018401C70470000F1
S21404EBA8441002A80C4000A8180002A81CC000A81C
S21404EBB8683F0000B46000A81C0100AA540000AA1C
S21404EBC81C2100AAF8B54C4E0F2401254B491027E2
S21404EBD8706B38401BD001200870494800684949C2
S21404EBE80968FFF7D5FF48490968401801284BDB30
S21404EBF801F0A4F945490968090B0C40022C41D1D7
S21404EC086905434A11604349CF6335603AE0F06BBF
S21404EC18C0001ED540480068E0218905014033D06D
S21404EC283A4D286821030140780281422CD1FFF727
S21404EC38EFFB3A4A3A490968C90502D539490968C9
S21404EC4811602968090B21400229F3D0FFF7E9FB74
S21404EC58F1BD354E3068002816D00D7001F0A8F8BE
S21404EC68002811D101F06AF928490968090B0C40F3
S21404EC78022C07D12904264A11600221254A11606C
S21404EC880021316001F05EF9F1BD80208004274937
S21404EC980860704780204004244908607047802034
S21404ECA8C004224908607047802000051F49086090
S21404ECB87047802040051D4908607047141100AA53
S21404ECC81B480168490701D0FF21416170470000CD
S21404ECD8401002A8205001A8006101A81C4000A802
S21404ECE8084001A8C43E0000448001A8F03700008C
S21404ECF8845000A838C001A8100002A8773E000077
S21404ED081CC101A820C001A8E03E0000AC0002A86F
S21404ED181C1002A8082002A8204001A8800000AA07
S21404ED28084000A8904000A84C3E0000382002A8DE
S21404ED380C4000A80301070603010706050106069A
S21404ED480501060603020706030207060502060669
S21404ED5805020606FF2807D0032805D2A94909781C
S21404ED68C140C807C00F704700207047F0B5802020
S21404ED7800020821A44A11600A230121A34A012497
S21404ED889C400443B6A5ED5C25439560F025A04E4B
S21404ED9835609D4DB5A6F65C022737432F600426DA
S21404EDA82E609C4D2D680D4006D1CD026D1E03D0F5
S21404EDB8966C3603FAD401E00220F0BD956CD66C46
S21404EDC86D036D0BAE4200D220005B1ED7D5082318
S21404EDD88F4C23609060904B1B685B0112D58F4C58
S21404EDE863785D1C01262E4066701D000626754352
S21404EDF865191268AA80E8802370824802789940C8
S21404EE08114301700020F0BDF1B582B0FFF749FC4C
S21404EE18002481480068400102D4012001901DE0C6
S21404EE287F48826B00207D49C3B206256B43CB1806
S21404EE389B8895B2AB4204D0401CC3B2022BF3D3D2
S21404EE48FF2008700120019073480068400105D52A
S21404EE580878FFF77FFF002800D0019471480068FF
S21404EE6871498861714D02980068296D4618002E0C
S21404EE7815DD00F072FD2860C001301A00280EDD8A
S21404EE88FFF714FC00F093F802980068296D401800
S21404EE9800F08EFF050002D00298046085E0644EF8
S21404EEA8802080003060604A106807282ED005212C
S21404EEB80840052805D011600C2000F08BFF0500DB
S21404EEC873D15C4D5C482862FFF7F0FB022028608B
S21404EED8E020C00259490860000259494860802069
S21404EEE88004706002203060012000F073FF8020E8
S21404EEF840002862022000F06DFF9020400128623E
S21404EF08022000F067FF8020C00028624D4EE020F3
S21404EF1840003060042000F05DFF05003CD102206C
S21404EF28474908608002B062C001B06210203C49BC
S21404EF3808600127F76540264348006830401BD11F
S21404EF4835480068400113D5344800786946087087
S21404EF5868460078FFF7FEFE002809D02F48694661
S21404EF680978062251434018C0882D49086403E0EE
S21404EF78FFF7FCFE05000FD129480760C467022086
S21404EF8800F028FF314C2660B0002060022000F014
S21404EF9821FF8120C002A0620198002805D02A48D3
S21404EFA80068800101D4FFF714FA2800FEBD70B586
S21404EFB8FFF777FBFFF77AFB022619480660244D0D
S21404EFC8F0022862C4082C62012000F003FF6008DF
S21404EFD828622E601F482862E02040001B4908600B
S21404EFE8174D2E60FFF7FEF91B4E3078002800D028
S21404EFF805200D490860FFF7FEF92C6017480068DD
S21404F008706370BD843F0000889001A8448001A8FE
S21404F01888A001A8140002A8F03E0000603E000084
S21404F0280C8001A8F80302A83C0102A88C3F000043
S21404F038941002A83C1102A8BD080000142102A8D6
S21404F048942002A82C9001A84C0002A82CA001A881
S21404F0583C2102A8FD680000603F0000300002A8BA
S21404F06800000001010204081020200050505040FF
S21404F0784040403020202000F8B50400FFF716FB77
S21404F0882948C021C900294A1268F823DB0113401D
S21404F09802D1274A116000E0016000942549AC2299
S21404F0A852008A640A220A602349802252030A60AC
S21404F0B8224C626A224B13408022D2001A436262B0
S21404F0C880222260022242605003C8601D48E06025
S21404F0D81D4E4C20F0661D4D68699621C9014718D7
S21404F0E800980068874200D30700C01B0099086090
S21404F0F800210098FFF788FE00990968C919009A44
S21404F10811603168296012490968490601D5114910
S21404F11800E011492161F2BD802000010F49086012
S21404F12800010F4908607047582102A8AC8001A85E
S21404F138581102A80C8001A8941002A8440102A839
S21404F148FFF1FFFF286E0600300002A8903F00007B
S21404F158FC0302A8CC3F0000C43F0000401002A8ED
S21404F168685000A8F1B584B0B44800680390B44861
S21404F178006B9621C90140180499884205D2081ADA
S21404F18800F016FE002800D013E2AE4C6068C007F4
S21404F19800D50EE20420AC4988628003AB49486275
S21404F1A8AB480568606B8607B60F032E03D010209D
S21404F1B8A549886224E00846802189024162A16B39
S21404F1C8890601D5012062E0290610D5A26B022122
S21404F1D80A400CD19F4A05231360A36B10273B40B3
S21404F1E81943116000211160616B090A116004213A
S21404F1F88162A06B002803D5C80393494862002699
S21404F208606B400705D5606BC00080214900084044
S21404F21803E08B488068C10701D5FFF723FB01226A
S21404F228154008D0B748B1014018006AC004C00C9D
S21404F238401EB549086000200021B44BDB6E1B0451
S21404F24817D5B34B1B68002B13D40121AE4B5B694F
S21404F258002B0ED0AF4B1A70AF4A10601022AF4B7B
S21404F2681A60CA06AE4B9A670723AD4D2B60AB4BA4
S21404F2785A65AC4AC0239B0013603502002901D0A6
S21404F288190000E02900CC4E316053607560E16BCC
S21404F298942292050A40150000D0012580263602DD
S21404F2A8284300062CD06A482821405CC021014027
S21404F2B8402902D1FFF79EF901E0FFF7A8F92020BC
S21404F2C820602D0600D174E1944D606B400708D584
S21404F2D870085E4948620220686000F059FA0028FF
S21404F2E806D00420584988624002584948626E602D
S21404F2F857480078000600D45BE130015249FEE026
S21404F3080125606828405AD1AC480068C005400FFB
S21404F318022803D0032801D0062802D169464D7076
S21404F32805E0002069464870A548A6494860680470
S21404F33846498862FFF756F87348406EE16B0E40FC
S21404F34808D1C00606D5FFF763F802219E4A116065
S21404F358FFF767F8FFF74FF8280320609B4EC02096
S21404F36800067060280497490860606B4007C10F60
S21404F378684601703020039949072CD54021A24AD3
S21404F3881162904F49013966032191640021116086
S21404F39830607D6580207060062000F01BFD002824
S21404F3A80DD12802F866022000F014FD28029749B9
S21404F3B8886618207060082000F00CFD002800D02D
S21404F3C8F7E024207060E020C0029049C865A020B9
S21404F3D8C00238666FE0E16BC90246D5BE49496883
S21404F3E80902090E01914909022901DB884A01E04C
S21404F3F8B32292000199302937D311490B88E72B99
S21404F40833D395277F00BB4205D8FB1A1B095A43FA
S21404F418920A534204E07F4FDB191B095A43930AA6
S21404F4285BB2019AD2180F6BBC46CF6B7B43674618
S21404F438FB180B639F2A0FD39F2210E0FC0302A835
S21404F448743F0000100002A81C2002A81C1002A882
S21404F458C83E0000E40000AA202A00D8212211028F
S21404F468114312040A4329490A606749AA020A6230
S21404F4789A4A8A6414220A603060524F7D65E020F6
S21404F488C0026249C865A803B866400270600620D0
S21404F49800F0A0FC002833D12D06FD66022000F0FB
S21404F4A899FC5A48856668097060082000F092FC42
S21404F4B8002825D17560032000F08CFC884818497C
S21404F4C8886700F04AFA874D401DC001296B40182A
S21404F4D801908548406F8021C9010840029008467B
S21404F4E8824908600198049988421FD20846296B05
S21404F4F8401A00F05DFC002816D002987C49086083
S21404F50857E000BF0C0000AA204000A8CC4001A881
S21404F518784201A8763E0000703E0000645000A8B9
S21404F5283C6000A8046100A804980190206AE86278
S21404F53804270398384001D0402002E0F80570609C
S21404F548C0087060012000F045FCB8011D49086039
S21404F558019800F02DFC8A4E68460078002805D1EC
S21404F56861480068F0613805864908600298604971
S21404F57808608548854908602448790241666946D2
S21404F5884978002900D10760206A686268460078CE
S21404F598002808D0012000F01DFC3078000602D5AB
S21404F5A8780492490860E06BC00202D54A480068AD
S21404F5B8286305B0F0BD00BF045100A8204001A888
S21404F5C8040000FFB41002A87CE40350441102A807
S21404F5D810B5FEF71DFF864900240C600A22CA618E
S21404F5E8FEF71FFF8348C0218902016082494160F3
S21404F5F8824810210160C905416540208049086099
S21404F6088048047010BD0000400102A8B82002A873
S21404F61833070000D6FEFFFF7B48406B800300D408
S21404F6287047F8B57948046800270020002578490B
S21404F638E20706D5C02080028025ED03EA0A0A60A0
S21404F64803E0A20701D4032040252843C86201200A
S21404F65800F0C0FB802040006E49086708206E4909
S21404F66808606E490968090203D46D4909680140AF
S21404F678FBD0012000F0AEFB6A4EE00702D58020DE
S21404F688800430643564042000F0A4FB600702D5C7
S21404F698E020C002F06064483064012000F09AFB61
S21404F6A862483064C320000630645A488021490200
S21404F6B801671021B163890271615D490F600122F7
S21404F6C832603022F2638F62802189014E4A1160CB
S21404F6D809010160F1BD0000F83F0000F3070000CF
S21404F6E8FFFF7F7F743F000020C001A894E001A8B4
S21404F6F894D001A8F8B54F4800680D27074004249D
S21404F708002F00D104274C481025660308214B4ACD
S21404F7184B4B1B682340126814D04260394004D00F
S21404F7280220FEF7AFFD474806603C4007D046482F
S21404F7380068054344480560B0084249086002204A
S21404F748424915E00260394005D00220FEF79AFDCA
S21404F758A0023C4908603C4006D03B4801680D437B
S21404F7680560700937490860384806603003294937
S21404F7780860FFF751FF00210020FEF716FDF1BDD3
S21404F788C83E00001C1002A803000300482102A873
S21404F79810B580202E490A6802400AD02D4B1A68F4
S21404F7A80624144005D15C6E2B4A22401B6D9C012E
S21404F7B801D5002010BD096808400DD027488242AC
S21404F7C803D1180501D5012010BD25480068C107D6
S21404F7D8C90F481E8041C00F10BD22480321C163CB
S21404F7E8A821816310210160704700001C2002A82C
S21404F7F8D80000AA402002A804000080646000A87C
S21404F8082C4000A8763E0000100002A8FC0302A8BC
S21404F8181C1102A8442002A84C6201A8C44001A8EE
S21404F8284C4201A8082102A8240000019800880078
S21404F838600102A8B44000A8E83E00001CC101A864
S21404F848440002A8401002A8683F0000685000A8B8
S21404F858400002A814C001A81F1F0000010C0000E5
S21404F86830C101A8082002A86C4800680121084293
S21404F87809D16B4A12686B4B000C1840F032914061
S21404F8880B40984201D00220704700207047F8B514
S21404F89807000F386A461080604CA0680A0004D136
S21404F8A86B461B8882B29A423AD200226B461A806A
S21404F8B8012502263A0013D02268324007D00029D0
S21404F8C82ED059480088401C574908800020390023
S21404F8D8E16056490E6080B2B84201D369460D808D
S21404F8E85348456000E030BF2068304003D1FFF736
S21404F8F8BBFF0028F7D04D484560390010D0216872
S21404F908314005D048490A886B461B88D2180A80B5
S21404F91806600020E060A068B84201D24448066049
S21404F928FFF7A2FFF2BD38B5050000F007FB040098
S21404F938012199204543A8093E4A126880181238BE
S21404F94880B2FFF7A4FF05008020C0013A4908608A
S21404F958200000F0F7FA280032BD334803883549FA
S21404F968096802889342F9D1100408187047FEB54E
S21404F9781238070C6946088000F0E0FA0190274C14
S21404F988294D2888B8421ADA01202C490860274EDF
S21404F99830BF02202168014006D030604003264963
S21404F9A808602888401C2880FFF75EFF002802D1DC
S21404F9B82988B942ECDB0121716000280DD128881A
S21404F9C8B8420AD1A06869460988884205D2002147
S21404F9D868460088FFF75BFF01E0FFF745FF040071
S21404F9E88020C00114490860019800F0ABFA200092
S21404F9F8FEBD10B512490A680E4B1B680C68944283
S21404FA08FAD0DB014033141A02D288692418641C1D
S21404FA180C4800684443181B10BD0000280002A8C0
S21404FA2804ED00E0FF3F0000743E0000282002A812
S21404FA38281002A8300002A880E200E02C1002A8D1
S21404FA4820C001A8B43F0000F0B502E00A601C60BC
S21404FA582E607EC84F1C07D05F1C04D06F1CF5D1DF
S21404FA680A601C60F0BD0A60F0BD000080B5FEF7B1
S21404FA7809FC01207F49086001BD80B5EB2000F031
S21404FA8801F801BD30B57C490B68184010221342B2
S21404FA9810D07A4B7A4C2468224008D0A84A1468B6
S21404FAA82402FF252D022540DD62002414608022EE
S21404FAB852031A60086030BDF3B5010016001C0036
S21404FAC8002500959F48019A330000270BE0BC46A2
S21404FAD84F5D4743AE009E597E40575D47433740C7
S21404FAE8664637436D1CA542F1D3390939438A085B
S21404FAF80A43510811430840C10901430F208A0BE1
S21404FB080A4302405040F6BDF1B582B00E0000200C
S21404FB188B490860FD25AD01EF7AA87A01900F217C
S21404FB28394000910ED00B46874A88490298FFF759
S21404FB38C3FF0199014082480160854841438548CE
S21404FB48084001D1012400E04401380915D03200E8
S21404FB583B0929000298009E6D7A75194019FFF72B
S21404FB68ABFF019909110140754802680B0113435C
S21404FB780360002901D048004443774800682040C1
S21404FB8801D10420FEBD0020FEBD80B50A00002178
S21404FB981180724952888018FFF7B6FF02BD70B507
S21404FBA80F226F4B5C7905780F202040C54020094A
S21404FBB8284001259C79C4402C4001D1032070BDFF
S21404FBC82F4C2468254005D09D684600AD5B6D1E05
S21404FBD8644E3560DD78DE79C640F00711D5E00658
S21404FBE80FD5002D0DD060484860088848800888DE
S21404FBF81C7800192A4080185A7880182A09801810
S21404FC0800E000200880002070BD80B557480168D1
S21404FC18574A0820014201D050611061C90602D52E
S21404FC288621090111605349534A126812040CD5F7
S21404FC38524A1268530401D5C00305E0C0239B0149
S21404FC4813404202934200D008600D480078C02250
S21404FC58024002D1802040050860494800682022F6
S21404FC681040086047480068C00101D4FFF705FF44
S21404FC7801BD00002C4000A8703F00001C1002A81C
S21404FC88C83E0000F8B5404F38687E6806403F48CE
S21404FC9830403F4908608024A4033E4DF00227D52F
S21404FCA83D48016801200A0605D53C490968A9604B
S21404FCB82870022014E0014202D03949A9600FE0F6
S21404FCC80020C9060CD52849A960364A91780B073E
S21404FCD81B0F12789A1809095118A980E880A88871
S21404FCE8A880A888002801D0264301E0FFF7C5FEAF
S21404FCF8264023D0264E74603460A88800280BD08B
S21404FD08F969814208D3291D2748AA689047010043
S21404FD18F3D0FFF7ABFEF1BD01000CD0FC2189023D
S21404FD28B161224902038A6134604C60FA698242EE
S21404FD3804D30C60F1BDEB20FFF7A4FEF1BD000070
S21404FD48503E000001010101F83E0000383F000063
S21404FD581111000021840000F43E0000183F000042
S21404FD68483F0000204000A8531F0000F84F00003A
S21404FD78302102A8441002A8384101A8204201A84C
S21404FD88084001A8CC4000A8B44000A8FFFFDFFF45
S21404FD98B46000A8543E0000C83E0000EC370000DB
S21404FDA8671F0000493F0000D44000A8B45000A8CC
S21404FDB810B5C409FFF7D1FD201A312806DAC000A9
S21404FDC8183801D4C01EFDD5002010BD2000FFF74A
S21404FDD8CEFD10BDC32148436F3801D41E38FDD567
S21404FDE800207047FEB5C020C0043649086036486F
S21404FDF83649C8651024364804601020FFF7EAFF21
S21404FE0800285ED1FF20000532490860324833498D
S21404FE18086033482D49086025042E480560314893
S21404FE2807680820FFF7D6FF00284AD108262E4878
S21404FE3806600120FFF7CEFF2A48806802902B4808
S21404FE4806602B4821490860224805600820FFF709
S21404FE58C1FF002835D1244806600120FFF7BAFF01
S21404FE68204DA868019021480660184E2148306045
S21404FE780299019800F046F80104FC208003084023
S21404FE8800900298C10B0198C00B00F03BF80006DE
S21404FE98FC21890501400098014317480A0C424092
S21404FEA8FF239B1CD2181040084330602F60E003E1
S21404FEB80849086028682860104804601049816466
S21404FEC80020FEBD20E000A8F71700002C0102A8B9
S21404FED8401102A8B02002A80000380EB01002A8EC
S21404FEE810103030E04001A8E05001A8E06001A8F6
S21404FEF830301010202020203F3F0000402102A868
S21404FF08F7FFF00010B54904CA104004C310991A44
S21404FF1800209A18D30F9A18521052188B115B0E99
S21404FF285B18DB11D2182023541A01D42200184374
S21404FF38CC0F611849105B08F6D110BDEFF310809A
S21404FF4872B67047002800D162B6704780B5FEF7CF
S21404FF5879FA002802D0B7480068804701BD80B502
S21404FF68FEF7B2FAB448006800030AD4FEF7FAFCAF
S21404FF78FFF752FBFEF75BFC0120FFF729FBFFF7B0
S21404FF8816F880208005FEF73BFA01BD80B5FEF71B
S21404FF989BFA80204002FEF733FA01BDF8B5FEF757
S21404FFA821FA052097490860FEF725FA9648066858
S21404FFB80124264201D1FEF774FBFEF785FA9F4812
S21404FFC8016800919E4A40681060B105C80F002178
S21404FFD826420FD000919B4B5D6815601D689A4AAF
S21404FFE817687B1BBD4202D39769DB195B1C974FC6
S21404FFF8BB42F5D3964D2960002804D031000098FA
S214050008FDF7DEFF00902868204004D16846FEF715
S21405001874FB002802D10098FEF7C2FBA9480460C5
S2140500286004FEF7EDF9F1BD38B5A74CE06BC005E1
S21405003806D580200006206000BF00BF4008206067
S214050048FEF724FCFEF740FAFDF764FE05009F4818
S2140500589F490860FFF77AFF8020C002FEF7D0F9AF
S214050068002D01D08020206001209A49087031BDF6
S214050078F8B5FEF729FA984F2C20385C052101407B
S21405008802D0FEF7B7FA01E0FEF7C1FA8E4C022554
S214050098F86A284001D0012020601020C0438F4907
S2140500A808600026A6638E480660FEF7CBF900288A
S2140500B803D08C480068804700E03E60FEF792F95A
S2140500C889480068E16B090407D4000705D5FEF7DB
S2140500D89FF986490D60FEF7A4F9FEF78CF9FFF738
S2140500E894FDA804FEF78CF9F1BD80B5FEF7ECF98A
S2140500F851480068000303D4FEF799FBFEF757FF3F
S21405010880204003FEF77CF901BD38B5FEF7DCF91B
S2140501186D4C2025FFF73CFB002806D0206B000712
S21405012804D5FFF75AFBFEF7F7FF2560FEF77FFBBA
S214050138FEF73DFF6E4800780C210140042902D1E0
S214050148FEF758FA01E0FEF762FA6804FEF758F972
S2140501584020206031BD1CB5FEF744F90520294925
S2140501680860FEF748F9FEF7AFF9FFF736FBB8481B
S214050178006800906846FEF77FFF0400FFF7E6FE76
S214050188002C02D10098FEF7EDFF80204004FEF70C
S21405019837F913BDF8B5FEF797F9AE4C256A502022
S2140501A8284002D0FEF726FA01E0FEF730FA464F59
S2140501B8FFF7EEFA00281BD1786B40071DD4386B7D
S2140501C8E0214901014018D1A80611D4FEF70AF91D
S2140501D8256AA14E354207D0FF20C0432D18256253
S2140501E8802000059D490860FEF705F92E4002D0D7
S2140501F80120386001E00020206080208004FEF79A
S214050208FFF8F1BD3C1102A8400002A880B5FEF72C
S2140502185BF993480068400601D5FEF708FB012000
S214050228FFF7D6F9FEF7C3FE8020C004FEF7E8F808
S21405023801BD0000DC3700000C0002A8B83F00002E
S2140502484C3E0000D43E000020C001A801FF000077
S214050258483E000010B526480468FEF735F981497A
S2140502680968090328D40321C00601D5214001E001
S214050278A0080140012902D1FEF7BCF90BE02001D0
S21405028807D50E20FFF7F2FBA748042101600821D1
S2140502980160FEF7BCF9A54C2069A5490860FFF77B
S2140502A855FE2068002807D04000122802D2FFF71E
S2140502B891FD01E0FFF737FB80208003FEF7A0F8E5
S2140502C810BD0000402002A8100002A870012000FA
S2140502D8B46000A8773E0000C43E0000442002A88B
S2140502E8503E0000E0370000844000A87CE4035038
S2140502F8F03E0000F8B584B001266846067000276B
S2140503080297FEF7E1F80390564C2068000300D5DF
S21405031897E00320A849C86386480068FB25AD0111
S2140503280F210F220240032A03D0000B014006299D
S2140503384DD1A2480068A2498E6DE16B890701D5A3
S2140503489F49CE6DFFF755FB8619FEF77BF8002803
S2140503580ED02879C1060BD02868090D4143890BAC
S214050368761897490968002902D10002400C361804
S214050378002E01D5019700E00196606B0107C80FAE
S21405038803212A6B0A40022A1BD1039AD20618D5DE
S214050398AA68D30513D5A66B8A4B1E409E4203D181
S2140503A81021854AD1630CE092050AD4E26B28230E
S2140503B8134006D16B461F70284A116001E06A464D
S2140503C81770029068460678002E03D10FE07C4821
S2140503D8406D0190FFF7DCF9002808D0FFF7FDF916
S2140503E80298002802D0FEF797FE00E000260220B5
S2140503F871490860002E10D03020285C0C21014079
S214050408042902D0A06BC00602D5FEF7F3F801E072
S214050418FEF7FDF82020606013E0FEF708FA802056
S21405042800060E49086068486849086001A8FEF78E
S21405043823FE0400FFF78AFD002C02D10198FEF77B
S21405044891FE80200004FDF7DBFF05B0F0BD000037
S214050458CC3F0000D03E000000FFFF00441002A875
S214050468440102A80C0002A8FEB500240194FEF774
S2140504782BF8FFF76BFD564EF06E564D0007000F2E
S214050488072807D17068002804D40020FFF7A0F8CD
S214050498286841E0012103204F4A73685B070BD49F
S2140504A84E4B1B680B4007D01368DF050BD55B055D
S2140504B802D43368DB0503D40191916A890904E0FF
S2140504C81021474B1960916A0909084000900020D9
S2140504D8FFF77EF80098002805D17068C00602D494
S2140504E8FEF795F801E0FEF785F800200199002942
S2140504F803D13C480068FFF77CFA6969401801D5BE
S214050508009400E000906846FEF7F7F8002805D145
S2140505180098FEF745F9A869054908608020000592
S214050528FDF76EFFF7BD000080E200E0AC3F000077
S2140505384C3E0000AC0002A8F8B5FDF7C5FF002440
S21405054800252948066B80277F05300606D530071F
S21405055809D5FFF742F9FEF7DFFD29E001251F4813
S2140505680068284019D00020FFF732F80220064018
S21405057802D01E490C60C8611D480468002D03D0CA
S2140505882000FDF7A9FD0400FFF727F92000FEF770
S214050598E9FD3800FDF734FFF1BD16480078C0219F
S2140505A80140402902D1FEF725F801E0FEF72FF8AD
S2140505B820200D490860ECE7082002A80CC101A810
S2140505C86C3F000010000010FFFF7F7FB46000A896
S2140505D8400002A8BC3F0000C83E0000B44000A882
S2140505E8441002A81CC101A8100002A8180000AAF9
S2140505F8D83F0000F03E000000F03CF802480349EA
S214050608486000F052F800BF732A0000000000009A
S21405061880B5EFF305800B2801D23A2100E02921A1
S214050628FF221632002000F03FFAFEE710B5C2009A
S21405063818231340FF249C40E2438907090E994076
S214050648030004D470489B089B00C01806E0AD4B11
S2140506580007000F083880088000181803681A4035
S2140506681143016010BD80B573225421002000F0A7
S2140506781BFA01BD10B5FFF761FC0121634A11603D
S214050688634B644A1360644A13600323634C236010
S214050698634C2360634B1960634B19608023A44C35
S2140506A82360D160FFF74EFC10BDFFF747FC050039
S2140506B80024012160B2FFF7B9FF641C0E2CF8D39D
S2140506C801210F20FFF7B2FF01211120FFF7AEFF2A
S2140506D801211320FFF7AAFF01211720FFF7A6FF20
S2140506E803210120C043FFF7A1FF01211B20FFF7C7
S2140506F89DFF7348734908607348C16AC1620168FB
S214050708016002207149086001208A49086047048B
S2140507186F4C20693840FCD02068800101D4FDF76D
S21405072848FE2800FFF70EFC774D0AE000281BD088
S214050738FDF76EFE18E020693840FCD03000FFF75C
S21405074801FC206E0004000F022801D1FEF73AFAD4
S214050758FFF7F4FB0600FDF76BFE0028A878E5D042
S214050768002801D1FDF75DFE01206978002909D129
S2140507782978002905D170490968890601D453499D
S214050788086030BF0021697029780029D6D1022172
S2140507984E4A116067490860CDE7684801684268AF
S2140507A80A40674810401B490860800703D5A448D7
S2140507B80188491C0180704770B562480168406821
S2140507C80840000E0006604980221205104218D01F
S2140507D85E4B1C68641C1C605D4C5E4D2D682D04C4
S2140507E807D5A568002D04D007250D600125AC4E54
S2140507F83560402525601B68012B02D910238B62BE
S214050808CA67886770BD000000E400E0040002A817
S2140508180000FF3F282002A82C1002A840E002A8E6
S21405082844C002A804C001A8044001A8F8B5854C30
S214050838206B616B01400091834D0846286000983F
S2140508488249014007D0FDF7FDFD002803D0009832
S2140508589449096888478020009901401CD0F821EA
S214050868C90123680B4017D0C0221201934213D83A
S21405087880231B06EB6226680E40944F3F683F04AC
S2140508883F0F022F01D0032F03D1002E01D0964229
S214050898F1D38F490B6028608E48007806280DDA54
S2140508A80098CC218901014008D0FFF747FB0400D2
S2140508B80098FDF7B5FA2000FFF744FBF1BD0000E8
S2140508C8FFFF9B0800E100E0E04001A85C2002A8C5
S2140508D84C0002A810B58048016844680C407F485B
S2140508E8046080210C4205D041607D4801600020E7
S2140508F8FDF796FA600403D5802040057949086017
S21405090810BD00001CED00E0763E000038B57648C0
S214050918016844680C40E00707D5FFF70FFB05009C
S214050928FDF714FB2800FFF70DFB7048046031BD82
S214050938505201A85C1002A8F40302A8280002A8D1
S214050948FFFF00C0B44000A83C6000A8703E000049
S2140509582C4000A8384101A8FEB5654C206C666C8D
S214050968064001273E4216D03D06624805602068C7
S21405097861490F60002802D00021FDF7A5FC5F48F5
S2140509880068A021C90188428041C043C00F5C4960
S21405099888705C480560FDF73BFD029002210E4015
S2140509A849D06068C2B20192000A009008224B4BF3
S2140509B84C03554D0020019E012E27D0022E38D116
S2140509C8009E012E24D1EE780096504E2F780C20E6
S2140509D847430020F0512878400590277F04C7191B
S2140509E8032038434A4F38601C604A480460301D67
S2140509F82B780C246343484C2468009FE419C4509C
S214050A0828780C2358433150444811E00091DCE718
S214050A18002E0ED1424E37603C4E361D2D780C27DB
S214050A287D4370515C601C60C8043E4B18603E48A8
S214050A380260314801600298FDF7F3FCF7BD000037
S214050A48743E00001C4201A84C6201A8020006007C
S214050A5870B5FDF7DDFC0400FFF770FA2C490A6847
S214050A68D20717D5294A121D304B5D7A0C267543D1
S214050A785659294D2D681E60CE685E604968D9812D
S214050A888021C9041B4E3160197B69185B7A0C25D1
S214050A986B43D150FFF756FA2000FDF7C2FC70BD30
S214050AA83C5000A8D8370000002800D0704710B57D
S214050AB80C00FDF7ADFC1E490C6001221D4B1A60A3
S214050AC80B6C1340FCD1FDF7ACFC10BDAC0002A8BE
S214050AD8785201A8403E000090C001A890E001A801
S214050AE80CC001A804ED00E090C000A890E000A89E
S214050AF800C002A8401002A840E002A8404000A88E
S214050B08763E0000402002A88D3E0000300000A872
S214050B1860C101A894D001A8200000A8F42302A863
S214050B2860E101A880E200E0F41302A8843E000014
S214050B38008002A8409002A87C0B05000000000073
S214050B48580B0500010000000000000000F04902EF
S214050B58000000004063598F404B4C000B000B000B
S214050B681A00FF7FEC69002000000000F80E05005B
S214050B78000000000C400200018014007F400000C1
S214050B88204002000000000000000000304007007A
S214050B980000000000000000000000000000000043
S214050BA80000000000400000A007040050400100B7
S214050BB8000000005C400200000000000000000085
S214050BC8A840010007000000BC4004000000000023
S214050BD800000000000000000000000004410400BA
S214050BE800400000FF4C0000FF5D0000FF4D0000C0
S214050BF820C0011000F8070020C00130F5020800E3
S214050C0824C00110FF00000024C0013000180000B1
S214050C1828C00700EC80B38343754051A00F0048F1
S214050C283040000000000000000000002E02000012
S214050C3850C00400511130040E2D09E65406070865
S214050C48D1B6020064C00A000430001C40301809FA
S214050C580D647920EBFCFB017FF6E803BD4B7215A6
S214050C6811A3180510325476980A000000000000F3
S214050C780800010104070000180001010000000033
S214050C8820000101088400001C400801100000002F
S214050C9820F9130407C052000000000000000000F9
S214050CA80000000300000000000000005840060190
S214050CB86402FF004108000001000000B0070800B4
S214050CC8A700000000000000804011014B01A008A5
S214050CD89BC34A74F00300000000000000000000F3
S214050CE80101103050707F7F0000000000000000F2
S214050CF800000000000000000000000000000000E2
S214050D0800000000000000000000000000000000D1
S214050D18E04002013300000000000000EC4001013D
S214050D287DA8D98BF4400501640483078813C83A5F
S214050D389C200A0000612000B75635120C410301B5
S214050D48F95412002030042988BB4040244102018A
S214050D58000000000310000030410A016406660C16
S214050D680C010000E853FA0000000000000000002F
S214050D780000000000000000000000000000000061
S214050D880101000068410301640483078813820093
S214050D980000000030420401000000000000000EBC
S214050DA800000000000000004442020100000000A8
S214050DB8F4811F0054420C010000000000003C00AE
S214050DC800000000000000005555555517000000A6
S214050DD80000000000000000AAAA060000000000A7
S214050DE8000000000000000010800101030000005C
S214050DF83880020111491000010000009C8003019B
S214050E08EB40020070780300D5C00000A8800111E9
S214050E18F0010000A88001310542CB01AC80011124
S214050E28F0010000AC80013105228D00B08002017A
S214050E38000300023700000198000202000C0004B7
S214050E484C000000A400010200040000D0000202C5
S214050E58050040AA88010000E40001026C2C511127
S214050E68F4000202000000003D210811FC000112F2
S214050E783F000000FC000132005404003001010266
S214050E886000510254010102C43F000068010102D6
S214050E9800040000FC4F0103A80E0500FFFFFFFF36
S214050EA8120000006666660000000000600F050078
S214050EB8500F050000000000001A9A00005A62024A
S214050EC880841E000420F500114950020000000029
S214050ED8FA0E0500000000000000000000000000F3
S214050EE8B1841E000000000000000000000000009D
S214050EF805020200000000F049020614000000E0A2
S214050F08930405380000A0080000000058090104ED
S214050F180706100A01040707C80A00040807800B15
S214050F2800040808380C00040908610800000000D9
S214050F38680800000000C709010404032C0B010417
S214050F480404920C01040504ED170000ED170000D3
S214050F580000000000000000193F0106041001000B
S214050F680001010600102700000900000000000027
S214050F780000000059E5010009E5010015E5010036
S214050F8805E6010001BE0300A3C30300A7C30300CB
S214050F98ABC30300AFC30300B3C3030000000000E0
S214050FA8A8010000B01400200001030464EE010047
S214050FB81000000024E101001A00000079EB01008A
S214050FC81100000075E401001100000063E511003A
S214050FD80400000023E111000400000025E10100DB
S214050FE80800000026E101000A00000027E10100CC
S214050FF80200000000000000000000007411050053
S214051008631105000000000075110500FBBC04000F
S21405101800000000F5BC0400F7BC04000000000052
S214051028F9BC0400411105008A110500FCBC040042
S214051038F6BC040000000000FABC040058100500C1
S214051048F3BC0400F4BC0400F8BC0400F2BC0400BD
S214051058000203040508090A0B0001020304051D1E
S2140510682000B40108020200AA00FFFFFFFFFFFFE9
S214051078FFFFFFFFF9230300314302009D720200BC
S2140510881D570300AD75020087CC030089CC030005
S2140510988BCC03008DCC0300E5ED020055C302009A
S2140510A8FD0A0300B9500300BD62020083CC0300A5
S2140510B8E1C702006D410300D153020085CC030049
S2140510C8FDB20300C95A0200D387030000000000DA
S2140510D800130000000000000000000000000000EB
S2140510E801000000C9CB020002000000FDDD030078
S2140510F80300000021CB02000400000077DD030092
S21405110805000000C1CA020000000000000000003B
S2140511180023001B2200FF00000000000C09020245
S214051128000000001C1A0B0303FF0608040202024F
S21405113804020A0B030302030480FF0204FF0101ED
S21405114801010800000000000000005A69674265B2
S21405115865416C6C69616E636530398000001838C6
S21405116810300000000000008F8E8C8081815A693F
S21405117867426565416C6C69616E6365303906085A
S2080511880C108000BD
S20C05118C985BFB7F01000000E3
S210051194A0110500E8650020DD01000044
S2140511A00000000000000000FFFF00000100000036
S2140511B00000000000000000000000000000000025
S2140511C00000000000000000000000000000000015
S2140511D00000000000000000000000000000000005
S2140511E000000000000000000000000000000000F5
S2140511F000000000000000000000000000000000E5
S21405120000000000000000000000000000000000D4
S21405121000000000000000000000000000000000C4
S21405122000000000000000000000000000000000B4
S21405123000000000000000000000000000000000A4
S2140512400000000000000000000000000000000094
S2140512500000000000000000000000000000000084
S2140512600000000000000000000000000000000074
S2140512700000000000000000000000000000000064
S2140512800000000000000000000000000000000054
S2140512900000000000000000000000000000000044
S2140512A00000000000000000000100000000F00142
S2140512B008000000081000200100230104000000BB
S2140512C01010002006003001010000001410002058
S2140512D0FFFFFFFFC0EA2101C0EA210100800000F0
S2140512E000F049023067002000600700008000001B
S2140512F058350020C8000000FE0000000000000071
S21405130080AE040018100020FFFFFFFFE0B10400C8
S21405131033000000E911010033000000A38C030030
S214051320BF2D0400C32D0400D02D0400DD2D0400C0
S214051330EA2D0400F72D04000A2E04001C2E0400D6
S214051340292E0400362E0400432E0400582E0400D1
S2140513506B2E04007D2E0400922E0400A12E0400A0
S214051360B22E0400C12E0400D12E0400DD2E04008A
S214051370EA2E0400FA2E04000C2F04001B2F04008E
S2140513802A2F0400332F0400482F04005D2F040085
S214051390722F0400922F0400A02F0400BF2F040014
S2140513A0DA2F0400ED2F0400FA2F04000F30040096
S2140513B01E3004002D3004003F3004005130040078
S2140513C064300400773004008D300400000000000F
S2140513D00F000000FF0000000000000000000000F5
S2140513E000000000000000000000000000000000F3
S2140513F0000000000030E70400C81803FE380400AB
S21405140003390400303904005B39040089390400C7
S214051410B7390400E6390400133A0400433A0400D9
S214051420733A0400C33A0400FFFFFFFF00F8030009
S214051430FFFFFFFF0000040000000400005C260517
S2140514408C6800200600000000D4040000000000A0
S2140514500100190001000000E0400020010019000D
S21405146001000000E0400020010019000100000016
S214051470E04000200100190001000000E0400020C7
S2140514800100190001000000E040002001001900DD
S21405149001000000E04000200100190001000000E6
S2140514A0E04000200100190001000000E040002097
S2140514B00100190001000000E040002001001900AD
S2140514C001000000E04000200100190001000000B6
S2140514D0E04000200100190001000000E040002067
S2140514E05C450020000000000000000078BD0400F8
S2140514F0284C002040690020E84E002001AC04007E
S21405150006000000000000000000000000000000CB
S21405151060D4040078D404000CAC0400D064040045
S214051520FE0000007069002000000000F84E002054
S214051530604F0020C84F002000000000000000009B
S2140515400000000000000000000000000000000091
S2140515500000000000000000000000000000000081
S2140515600000000000000000000000000000000071
S21405157000000000D7BC0300D3BC0300FFFFFFFF3D
S214051580DBBC0300FFFFFFFF33C203008FC203006F
S214051590FFFFFFFFFFFFFFFFFFFFFFFFFFFFFFFF51
S2140515A02F2A0000FFFFFFFF0000000025C40300F0
S2140515B0A40F0500FFFFFFFF0000000020A10700A5
S2140515C000000000F100040000000000000000001C
S2140515D00000000000000000000000000000000001
S2140515E00000000000000000B0540020253902006D
S2140515F0B5520200D06404000000000000000000A0
S2140516000000000000000000B0540020BD3F0200AE
S21405161000000000D0640400000000000000000088
S2140516200000000000000000B0540020014A02003F
S214051630B5520200D064040000000000000000005F
S2140516400000000000000000F9AC0400B0540020C3
S2140516505957020000000000D06404000000000096
S214051660000000000000000000000000B05400204C
S214051670DD6B020000000000D064040000000000DE
S214051680000000000000000000000000B05400202C
S2140516904D71020000000000D06404000000000048
S2140516A0000000000000000000000000B05400200C
S2140516B04986020000000000D06404000000000017
S2140516C0000000000000000000000000B80B00004D
S2140516D0B0540020B98B020000000000D06404005E
S2140516E000000000000000000000000000000000F0
S2140516F0B05400201997020000000000D0640400D2
S21405170000000000000000000000000000000000CF
S214051710B0540020DD98020000000000D0640400EC
S21405172000000000000000000000000000000000AF
S214051730B05400207FD3030000000000D0640400EE
S214051740000000000000000000000000000000008F
S214051750B0540020059F020000000000D06404007D
S214051760000000000000000000000000000000006F
S214051770B054002075A5020000000000D0640400E7
S214051780000000000000000000000000000000004F
S214051790B054002001E0030000000000D0640400FF
S2140517A0000000000000000000000000000000002F
S2140517B0B0540020AD0A030000000000D064040009
S2140517C0000000000000000000000000000000000F
S2140517D0B05400201D23030000000000D064040060
S2140517E000000000000000000000000000000000EF
S2140517F009E90300B054002029510300B552020040
S214051800D064040000000000000000000000000096
S21405181000000000B0540020ED5703000000000053
S214051820D064040000000000000000000000000076
S21405183000000000FFFFD007B80B0000FFFFFFFF0A
S214051840CEFAEFBEFFFFFDFFFDFF0C002C01001ECC
S2140518502C01400680001027FFFF04F8FFFF0C0050
S2140518600000000000004000FDFF2C019C00000069
S214051870FFFFFDFFFFFFFFFF60EA8000800010C14D
S214051880CDAB0A01320101FFFFFFFFFFFFFFFFFFA0
S214051890FFFFFFFFFFFFFFFFFFFFFFFFFFFFFFFF4E
S2140518A0FFFFFFFFFFFFFF01FF05FFFFFF0101FF32
S2140518B0FF0201FFFF640250FF0F010208031E0628
S2140518C005021601010A0C052007051010010F0870
S2140518D00410010601010104FF0301FF0CFF0F7F41
S2140518E07F0150403000FFFFFF0B03FF050B010192
S2140518F0FF03010305020201FFFFFFFFFFFFFFFFD6
S214051900010102FFFFFF40FF01010000056D000019
S208051910DD6C000080
S804009A4120
