S01B00006275696C642F72656C656173652F7A69676265652E73333714
S21400400008100020D57C000069C40000D506030017
S214004010D506030071C4000079C40000D50603006D
S214004020D5060300D5060300D5060300D506030013
S2140040307DC40000204A0400D5060300D506030010
S214004040D5060300D5060300D5060300ED7700006D
S214004050D5060300D5060300D5060300D5060300E3
S214004060D5060300D50603007DC90000D50603006B
S214004070D5060300D5060300D5060300D5060300C3
S214004080D5060300D5060300D5060300D5060300B3
S214004090D5060300D5060300D5060300D5060300A3
S2140040A0D50603009D80000081800000D506030031
S2140040B0D5060300D5060300D5060300651D0200DD
S2140040C0E7610300E3610300C9140200FD61030019
S2140040D0EB610300251D0200EF6103005901020099
S2140040E0A51D0200D5060300D5060300D50603006D
S2140040F0D5060300D5060300D5060300D506030043
S214004100D5060300D5060300D5060300D506030032
S214004110D5060300D5060300D5060300D506030022
S214004120D5060300D5060300D5060300D506030012
S208004130D5060300A8
S214004134F0B5114A114C124E00F00105E3695F0711
S21400414413D40DB9334213D103EA00078F4207D1C3
S2140041540B4A1A40002A14BF6FF001000020F0BD7D
S214004164013AEBD16FF00200F9E74FF0FF30F6E7C3
S2140041746FF00100F3E700BF80969800000003503C
S214004184020001000B4B70B5D96911F480310DD1D2
S21400419401244FF48072084E084DF46020462C64C7
S2140041A41A61FFF7C5FF3464EC6070BD6FF0010060
S2140041B4FBE700BF0000035000100350002003502C
S2140041C438B541F6713301220C4C0021E569E363EE
S2140041D40B4B05F48035DA600223606121202361ED
S2140041E4FFF7A6FF10B92120FFF7A2FF0122054B17
S2140041F4DA600DB10023E36338BD00BF000003504E
S214004204001003500020035070B5134C6061E3693E
S2140042145B071ED40E4656F8043B8D18A361AE42C7
S2140042240BD10423002121202361FFF781FF58B915
S214004234BDE870402120FFF77BBF08210846FFF742
S21400424477FF10B10423236170BD56F8043BA361C5
S214004254E5E74FF0FF30F7E7000003502DE9F84399
S214004264154641F67132164B8946DF69DA63012238
S214004274064603F58053DFF8508007F48037DA608B
S21400428455B9284601220F4BDA601FB10022A3F568
S2140042940053DA63BDE8F88306F5005404EA08041C
S2140042A4A41BAC4228BF2C46494622463046FFF79C
S2140042B4ABFF0028E6D12644A1442D1BE0E700BF4F
S2100042C4000003500020035000E0FFFF45
S2140042D02DE9F04F4FF0FD0BC9B09A460DF11B09C2
S2140042E09DF8503108AFCDF80C90CDF808B0019786
S2140042F0059303890446009383790E4690464188C9
S2140043008288407812F07AFA054650B10090A38869
S214004310002062883A4912F0B5FD284649B0BDE84B
S214004320F08F99F800002FF0B0FA38B12846A3882D
S2140043306288344912F0A6FD8D25EEE75A463946C6
S21400434099F800002FF049FA8346002851D0529B76
S2140043501BB1BDF84C3198424BD8002399F8009019
S2140043600793A9F14102012A5FFA8BF123D8384658
S2140043700139254ADFF898C05FFA81FE734513DBE2
S214004380059B04210792C3B907AF18221F489FED6B
S2140043901A7B02FB060420460A460830394684ED9E
S2140043A0027B17F097FA11E010F8011F0133514015
S2140043B00CFB01F2E2E7059B33B123464A4638463A
S2140043C0009610F09DF9A8E70829DED9B8F1000F8D
S2140043D001D088F80090BAF1000F01D0AAF800B01A
S2140043E0529B002B99D05A46184608A917F072FA25
S2140043F093E7012591E700BF0000000000000000E1
S214004400F2F2030027F30300C59D1C8180100020F4
S21400441093010001000000002DE9F04F93B0CDE9B4
S2140044200A32DDE91C530E9353EC102BCDE908013C
S214004430104619468DED060B1E9E16F0D5FC80B173
S214004440DDE906014FF0FF32C54B16F0F5FC40B92A
S214004450DDE906014FF0FF326FF4801316F0CEFC54
S21400446070B1DDE908019DED060B0E9B1E96CDE9A9
S2140044701C53DDE90A3213B0BDE8F04F00F088B9EE
S2140044800022DDE90601002316F0B8FC002800F043
S2140044903381DDE906A303F1004BCBF30A5016F493
S2140044A08063A0F2FF3008BF06250F9316F0CAF906
S2140044B09BA3D3E9002316F02FFA9BA3D3E900238E
S2140044C016F074F8CBF31304894644F07F51804607
S2140044D00022A44B504641F4401116F065F894A310
S2140044E0D3E9002316F018FA02460B464046494622
S2140044F016F05CF816F0AAFC044616F0A3F98EA394
S214004500D3E900238046894616F006FA0022964B29
S21400451016F04CF816F09AFC89A3D3E90023074658
S2140045204946404616F0F8F980463846894616F061
S21400453089F985A3D3E9002316F0EEF902460B4667
S2140045404046494616F030F802460B46CDE90C23A5
S21400455016F0E2F9DDE90C23804689461046194636
S21400456016F024F80022CDE91001804B404649465B
S21400457016F0FCFA00227E4B16F018F802460B46A0
S2140045804046494616F0F2FA00227A4B16F00EF82C
S21400459002460B464046494616F0E8FADDE90C238B
S2140045A08046894600204FF0804115F0FDFF024608
S2140045B00B464046494615F0F9FF02460B46DDE934
S2140045C0100116F0D3FA07F2FF3700226A4B15F0F7
S2140045D0EDFF00223B0516F09FF952465B468046EB
S2140045E0894616F029FC002840F08980CDE90C8920
S2140045F004F16303C62B8CBF0527042731051BD5A2
S21400460053A3D3E900235046594616F00BFC002866
S2140046107FD051A3D3E900235046594616F0EEFB4F
S214004620002876D00027A542C6BF2C1B04F1FF3514
S21400463000253C4646F480660E9B9F422CBF4FF0FA
S2140046400008A3EB070816F0020903D0002F18BFD6
S2140046504FF000083CB1DDE90C235046594616F0F1
S21400466085FA82468B46DDE906010022002316F015
S214004670C5FB10B10BF100439B46DDE9080126F4AB
S2140046800063CDE90183DDE90A324BEC10AB0095FF
S21400469000F07EF802465FB3DDE9091316F0200F3E
S2140046A000F10105089E0CBF65204520B047DDE9F6
S2140046B008010523002205930A23002CCDE90232C7
S2140046C007F1FF374FEAD473B8BF64422A46019316
S2140046D004970A9B009430F0F4FE0246B9F1000FEE
S2140046E006D00B9BC41A0B9B1A190E9BA34245D8E7
S2140046F0104613B0BDE8F08FDDE906ABCDE600222C
S214004700404649461A4B16F031FA013CCDE90C01F9
S2140047106EE7002D90D00F9B002B8DD0013D8BE7D0
S214004720FB799F501344D33FB3C8608B288AC63F9B
S21400473061436F63A787D23F71A379094F930A40FD
S2140047401655B5BBB16B0240EF39FAFE422EE63F76
S2140047502D431CEBE2361A3F0000000080842E41F9
S214004760FFFFEF7F0000F83F0000E03F00002C4016
S21400477000002440000018400000F03F2020DDE943
S2140047800913089DA8470134ADE700BF00000000EC
S2140047902DE9F04F5BEC10AB97B0CDE90501DDE9F4
S2140047A02058CDE90723504652465B465946229F7D
S2140047B016F01AFB70B90323CDE902870193AA4BC2
S2140047C00093DDE90501DDE9072330F0ACFD17B005
S2140047D0BDE8F08F4FF0FF326FF480135046594615
S2140047E016F00CFB28B10423CDE9028701939F4BFA
S2140047F0E6E74FF0FF32504659469D4B16F01CFB3D
S21400480068B19C4A07F00403002B08BF03229A4BAA
S2140048101CBF13460422CDE902870192D0E750461A
S2140048208DA3D3E90023594616F006FB38B98CA3AE
S214004830D3E900235046594616F0E0FA68B1DDE9A0
S2140048400723DDE905014BEC10ABCDE92187209568
S21400485017B0BDE8F04FFFF7DFBD0022002350463B
S214004860594616F0CBFA002800F091805B46524677
S2140048700020002115F098FE012382468B460993FE
S21400488017F4806400F08580092D40F285800024AE
S21400489030210EABA5F109020134202C03F8011BD0
S2140048A0A5EB040901D09442F6D15946504616F0BD
S2140048B0CDFA724B054603EBC90393ED007B8DEDF5
S2140048C00A7B15F0BFFF02460B465046594615F0C8
S2140048D06BFEDDE90A2316F01FF802460B46CDE90B
S2140048E00C2316F0DBFA064615F09CFF02460B4634
S2140048F0DDE90C0115F058FE02460B46CDE90C2307
S21400490000225F4B16F098FA002848D00136304651
S21400491015F088FF02460B46DDE90A0116F078FA24
S21400492008B100260135B9F1000F45D1284615F02B
S21400493089FF02460B465046594615F035FE0022C2
S2140049404F4B16F05BFA10B9E90700D501350A217E
S2140049500EAB1A19202C0AD095FBF1F001FB10556E
S214004960303502F8015B013405460028F2D107F025
S2140049700302012A55D1B8F1000F52D0099A12B994
S21400498017F00C0F01D008F1FF38302240E00990F4
S21400499076E74FF0060988E7A946002485E7002257
S2140049A0DDE90C01364B16F029FA0028BBD10EB112
S2140049B0F007B8D50136B6E70A210EAB1A19202C37
S2140049C00DD0B6FBF1F001FB1063092E03F13003A6
S2140049D009F1FF3904F1010402F8013B11D8302136
S2140049E0A1440EAA202CB2D04C4504F101030AD1F2
S2140049F004F158020DEB02042E2204F8202C1C466B
S214004A00A5E70646DBE7A1541C46EBE71A5501343A
S214004A10444506D2202CF9D1CDE9028701940EAB8D
S214004A20CEE6202CF8D0099B3BB12D2204F158038A
S214004A306B4403F8202C0134EEE77A0704D504F122
S214004A4058032B226B44F4E73B07E5D504F15803E3
S214004A5020226B44EDE700BF0000000065CDCD418D
S214004A600000000065CDCDC115100400191004002B
S214004A70FFFFEF7F0C1004001110040058590400CB
S214004A800000E03F0000000070B58EB02C22002130
S214004A9003A816F08FFD64234FF002320893CDE989
S214004AA005230B2301218DF834305B4B8DF8101055
S214004AB01D880D4040F0A980084634F05DFD0A22AE
S214004AC0564B574C1A704FF42873ADF812304FF00F
S214004AD0FF332360534B54491B8820460B82534BAD
S214004AE0534A1B68CD828B61524B0D621B884B82EA
S214004AF0514B1B68CB611DF0CBF920B14FF41B71F5
S214004B004E4835F0D4FD0521206830F0CDFE20B1AA
S214004B1040F27D21494835F0CAFD206815F000FDB9
S214004B20474B2068196830F082FF0C2535F08CF969
S214004B306843099035F088F968430DEB0501079046
S214004B40206817F0F9FB20B140F295213B4835F07C
S214004B50AEFD25681FF0D4FB00220146284630F043
S214004B60DEFF20B140F29721344835F0A0FD40F238
S214004B700353344D344E2B80052396F90000AB705A
S214004B807F2801D11DF07AFA3378EB7035F05CF9A6
S214004B9000EB80008000A88035F056F90023C000A6
S214004BA04FF0FF31E880AB604FF0FF3018A3D3E939
S214004BB0002334F033FE2549206830F069FF206872
S214004BC002A931F085FB20B14FF434711B4835F053
S214004BD06EFD042220680DEB020130F0FDFE042875
S214004BE004D040F2D721154835F061FD01A9012017
S214004BF030F0FEFA07F07CFC01201DF0C3FE2CF01E
S214004C0061FB1DF0E9FE1DF0D1F90EB070BD00BFCE
S214004C100A0020FF42030000FE5900202B610020FE
S214004C202454002006730400DC6700200C73040084
S214004C30A19503000473040008730400DE48040012
S214004C402465002018540020B26A00201596030040
S214004C500348044B834202D0034B03B11847704706
S214004C60E06A0020E06A002000000000064B0749CA
S214004C70C91A891048BF0131491003D0044B0BB143
S214004C8001481847704700BFE06A0020E06A00202D
S214004C900000000010B5064C237843B9FFF7D8FF94
S214004CA0044B13B10448AFF300800123237010BDFA
S214004CB0B0150020000000008C96040008B5044BD8
S214004CC01BB104490448AFF30080BDE80840CDE7B7
S214004CD000000000B41500208C960400A3F5803A6E
S214004CE0704700BF154B002B08BF114B9D46FFF7C2
S214004CF0F5FF00218B460F461148124A121A16F08D
S214004D0059FC0C4B002B00D098470B4B002B00D0C7
S214004D1098470020002104000D000B4816F090FF75
S214004D2016F020FC200029002BF0F0F916F076FF94
S214004D30000008000000000000000000081000202E
S214004D400810002080610020A9BC010007B50121E1
S214004D5020200DF1070201F039F858B10223012195
S214004D6020200DF107028DF8073001F03FF803B060
S214004D705DF804FB9DF807100229F8D002220948C6
S214004D8015F006FB022301210DF1070220208DF805
S214004D90073001F02BF82BF013F94FF4FA6000F00F
S214004DA05FFEE4E7E8AA030038B501F0EBFF01F088
S214004DB0ABF9012805D001F0A7F9022801D001F0CF
S214004DC0C9F9064D2B783BB901F09EF90128044637
S214004DD002D12BF07EF92C7038BD00BFDC5A0020C3
S214004DE010B5044600882BF0BFF8A37884F844007A
S214004DF0834202BF0123E3702371074B04F11C00BA
S214004E00C4E9073401F038F8224620880349BDE893
S214004E10104000F075BF00BFFFFC0200C9FC020096
S214004E2070B5C37804460D461646002B34D1D1B172
S214004E30214815F0ADFA0123E370E36CA6600BB1D0
S214004E40E06D9847E368F61A63699E4221D2217E98
S214004E501A480131C9B2217615F09AFAA36D13B13A
S214004E60217EE06D9847E5702BF0BDF815B32379E9
S214004E7003BBA268238A801A83421BD801231048EA
S214004E80237115F085FA236DA3B1E06DBDE870407F
S214004E90184701232376E6E70029E4D1094815F0F0
S214004EA077FA636DE660E5702571002BDBD0E06D68
S214004EB09847D8E770BD00BF10AB030021AB0300D6
S214004EC04FAB03003CAB030070B51E468388044618
S214004ED00D46C18002810BB1868070BD8178008846
S214004EE02AF02EFF0123E370064BA680C4E90334A4
S214004EF00C34204600F0C0FF29462046BDE870402E
S214004F002BF068B84BFD020010B501790446B1FAE3
S214004F1081F1008849092AF08AFF21796088B1FA70
S214004F2081F149092AF083FF034B1A68A24204BFA5
S214004F3000221A6010BD00BFCC15002070B5437962
S214004F400446A3B100880E4E04F10805336813B179
S214004F500C4B1B786BB121792AF069FF64210A4B50
S214004F603460A3602846BDE870402BF033B8408814
S214004F70E9E7064815F00CFA054B3221A360F1E785
S214004F80CC150020DD5A0020094F000065AB030059
S214004F903D4F000010B50446E0B10F4815F0F8F993
S214004FA001236371A37953B9217920882AF03FFF42
S214004FB0236B7BB1606B0121BDE81040184720468B
S214004FC0FFF7A2FF04F108002BF009F82046FFF7D0
S214004FD0B5FFEDE710BD00BF9BAB030010B5044660
S214004FE0F8B1104815F0D4F900236371A3796BB9B2
S214004FF021792088B1FA81F149092AF018FF236B3C
S2140050007BB1606B0021BDE8104018472046FFF7D3
S2140050107BFF04F108002AF0E2FF2046FFF78EFF30
S214005020EDE710BDA6AB030010B5044668B107480F
S21400503015F0AEF9637920461BB1BDE81040FFF7C6
S214005040CDBFBDE81040FFF7A5BF10BDB2AB030053
S21400505010B50E4C0E48214615F09AF982210D48DF
S21400506015F096F982210220A21E00F0BFFE01462E
S21400507030B134F8022C0848BDE8104015F088B965
S2140050800648BDE8104015F083B900BF6A550020F9
S214005090C1AB0300DCAB0300E7AB03002BAC0300A3
S2140050A038B5124C82212246022000F08FFEA51C45
S2140050B0014698B122880E4815F06AF92A460D4B2B
S2140050C003F12C0153F8040B8B4242F8040BF9D180
S2140050D019889B78118093702E23238035F8021C44
S2140050E0054A0648BDE8384015F052B96855002014
S2140050F036AC0300B6AC03006A55002094AC03003F
S214005100034B1B781BB18B4201D82AF059BF70475E
S214005110586A002010B5044601460E4815F038F9C6
S214005120012C11D10C4B0D481A884FF6FF739A428A
S2140051301EBF0022094B5A742AF05FFE01F078FF6A
S214005140BDE8104001F04ABE0448BDE810402AF011
S21400515056BE00BFE5AC03000C6A0020B064002019
S21400516070B500241A4D1B4E3378A3421BDC002476
S214005170194D1A4E3378A3421BDC0024184D194EE5
S2140051803378A3421BDC00F0BFFF012816481CD171
S2140051902AF033FE01F04CFF01F020FEBDE870401F
S2140051A0124800F0D1BF2846FFF71AFE01346035DA
S2140051B0DAE728462AF007FE01343435DAE72846CF
S2140051C02AF03AFE01343835DAE72AF018FEE5E729
S2140051D078210020E35A002098250020E45A002079
S2140051E0481F0020E25A0020B0640020155100003D
S2140051F02DE9F04F87B0FFF753FFB94B05A805938D
S2140052002AF03EFE054616F0D1F8B64CC2B21F2A6A
S214005210627004D9B44815F0BBF800F015FC2946B6
S214005220A01C16F057FB05A82AF02AFE054616F025
S214005230BDF8C2B21F2A84F8212001D9AB48EAE79C
S214005240294604F1220016F045FB05A82AF018FEB0
S2140052503226044600272578002D40F09F80A44C77
S214005260FFF77EFF2378DFF8C8A2DFF8C882A14FD9
S21400527000939AF8003098F8002039789E4815F088
S21400528087F83A7898F800109AF800005318034404
S214005290DFF894B220782C4603445846DBB2AA4284
S2140052A000F3E482012B38BF0123944E029332466A
S2140052B0002335464FF482714FF6FF74029801338F
S2140052C0984213705180948002F10C02F6DC8C4BED
S2140052D08A498448AB6000F0F3FFE879AB68DFF8F2
S2140052E0449200EB400003EB800000F0B9FDEB7940
S2140052F0B9F800200133A242EB7103D07F49814800
S21400530001F0E2F84FF6FF73B9F800207B49D21A95
S21400531018BF01227C4801F0A1FC4FF00009784C30
S2140053203A784A4500F3CA8200264FF00C09774ABD
S214005330DFF8C8B198F800003978B04200F3D2829E
S21400534046180C21002501FB06B19AF800009423AC
S214005350A8426F4A00F3E4820C253E7898F80030A5
S21400536000274FF070081E44064405FB06B5DFF81C
S214005370C8A15F4B1B78BB4200F3E58202995F48E9
S21400538000F0FCFD059B56491A468B4240F0EE8223
S214005390604807B0BDE8F04F14F0FABF532D0FD1A8
S2140053A063784C2B40F04881A378502B40F0448122
S2140053B00122594B1A7005A82AF062FD04464AE7F6
S2140053C0442D13D16378303B092BF4D8601C2AF0A7
S2140053D064FD524B524A1978002386B2994202F174
S2140053E06002E8DD22F8466C0133F7E7422D0BD168
S2140053F06378542B54D1A01C00F0D0FC494B188085
S21400540018462AF03EFCD6E7582D33D8412DD2D97F
S214005410433D152DCFD801A353F825F0DB570000E8
S214005420B7530000B7530000B7530000B75300004F
S214005430B75300008B550000B7530000B753000069
S2140054403D55000087540000B7530000B7530000D6
S214005450B7530000B7530000BD5600003956000091
S214005460B7530000B7530000B7530000B75300000F
S21400547033570000692D9ED1601C2AF00EFD80B2C5
S2140054802AF09AFD97E71B4B012019780023264A3D
S214005490994202F1A8028EDD02F8A60C0133F7E766
S2140054A0601C00F07BFC0546E01C2AF06EFD012126
S2140054B0024628462AF025FD60211848184C037835
S2140054C05943621865524FF4FA6111824FF44871DD
S2140054D05161164956831165013303706BE700BFAF
S2140054E06A550020C463002004AD03001BAD030012
S2140054F0DE5A0020E15A00202BAD0300981600204B
S2140055001017002048160020D01500209C1B0020F5
S214005510E01900207BAD0300DD5A0020E35A00208E
S214005520782100200C6A00209C1C00206BFE0200E4
S214005530DF5A0020E05A002090180020601C00F07F
S2140055402DFC00224FF034088146CC4F11462AF03D
S214005550D8FC3878CA4D08FB00F325F80390EA1803
S214005560E3781046693B18BF012393702AF02BFCA2
S2140055700021C44A3B785160012103FB08550B44C7
S2140055803B7015600F46117415E7601C00F006FCB2
S2140055900022114681462AF0B4FC3422B74DDFF8CB
S2140055A0E082287802FB00F328F8039008EB03015A
S2140055B0E3780846693B18BF01238B702AF003FC8A
S2140055C0B14A00231046916B31BB00EB83103423A5
S2140055D02A7802FB03838363AC4A00231046D2F882
S2140055E0A410F9B9A82202FB030034232A7802FB90
S2140055F00383C0F8A4305FB9A24A3B46114652F86E
S214005600040BA8B93422287800FB028241F8232034
S2140056102B7801332B70CEE60133042B02F14002C7
S214005620D1D1D9E70133042B02F1A802D7D1E2E7A2
S2140056300133042BE3D1EBE7601C00F0AFFB8046A0
S214005640E01C2AF0A2FC0121024640462AF059FC42
S21400565060218F488F4D0278DFF854C251436B1893
S21400566025F801804FF44871198259618A495E8392
S2140056709965E178A824642904BF012199709CF8F3
S2140056800030DFF808E25C430EEB04010EF804304D
S2140056904FF400744C8003240C718C7102EB4204AE
S2140056A005EB441532240133DBB201324B718D60B9
S2140056B081F8A04002708CF800307CE6601C00F098
S2140056C06DFB00224FF0380A8146DFF8DC81114678
S2140056D02AF017FC98F80030704D0AFB03F325F803
S2140056E003904FF00109EA1882F80490E37873B14A
S2140056F0E01C00F053FB0022044611462AF001FC91
S21400570098F800300AFB03535C8083F806906448E0
S2140057105D4A03789901535498F8001002EB8314FD
S214005720C1EBC10205EBC2054A1C656388F8002080
S214005730D2E6601C00F032FB8046E01C00F02EFB38
S2140057400546601D2AF021FC04460246012140461B
S2140057502AF0D7FB2246284601212AF0D2FB6020F9
S2140057604FF4487CDFF828E14A4A9EF8003000FBF8
S21400577003F422F80480DFF820811119A1F810C084
S214005780C1F814C04E83C1F85880591CC9B24843AA
S2140057901418A4F810C0C4F814C06683C4F858805F
S2140057A0942415523F4D981C8EF800002878DFF898
S2140057B004C1444303EB430301EB41010CEB040E2D
S2140057C002EB431302EB41120CF80400CEF804304F
S2140057D0CEF8082001302870EDE5601C00F0DEFAF7
S2140057E08046E01C00F0DAFA0022054611464046E4
S2140057F02AF087FB00223824114628462AF081FB2F
S2140058002948264A03784FF0000E04FB03FC22F8D2
S2140058100C804FF0010802EB0C0181F806E081F8DD
S214005820048003EB0801C9B24C4302EB040C155389
S2140058309C1C047070241D4D8CF806E028788CF8AB
S21400584004804443DFF870C0C3EBC303C1EBC1015F
S2140058500CEB040E02EBC30302EBC1020CF80400CF
S214005860CEF80430CEF808204044B4E74679013537
S2140058708E4284BF04714471A83010E5E45A0020BB
S21400588098250020B06400209C1B00209C1C002053
S214005890E35A00207821002001510000481F002014
S2140058A0E05A0020DF5A0020E25A0020DE5A00208C
S2140058B0E15A0020E019002090180020B9F1000FEE
S2140058C006D016F8052C02EB420204EB8204B46004
S2140058D03146584601F080FD09F101090BF1A80B8D
S2140058E00C361DE571180AD0481E09FB00B0C079B9
S2140058F000EB400004EB800409FB01B08460104616
S21400590009FB0151039201F025FB39781C4831440C
S21400591009FB015101F08CF8039A0136403209E583
S214005920F54218BF11F8050C03911EBF00EB4000AE
S21400593004EB80048C6003FB052000F089FF0399CC
S21400594001350C3101E5F74218BF15F8053C29462C
S2140059501CBF03EB430304EB830408FB07A018BF3C
S214005960AC6000F04BFE01370C3502E513F8011D64
S21400597000297FF408AD3B2102F8011C03E500BFB7
S2140059803C1F002007B5012121200DF1070200F081
S2140059901DFA18B99DF80720024B1A7003B05DF87F
S2140059A004FB00BF586A002007B5064B8DF80700B9
S2140059B0187001210DF10702212000F017FA03B03C
S2140059C05DF804FB586A002007B5022101200DF19E
S2140059D0060200F0FBF938B9044814F0D9FCBDF80B
S2140059E0060003B05DF804FB0020FAE798AD03005C
S2140059F007B50221ADF806000DF10602012000F001
S214005A00F5F9014610B1034814F0C2FC03B05DF886
S214005A1004FB00BFB9AD030010B5FFF7D5FF044681
S214005A200146074814F0B4FC0121064814F0B0FC07
S214005A3024B9BDE810400120FFF7DABF10BD00BF53
S214005A40E9AD0300FBAD030008B5044814F0A0FC64
S214005A5000F0DCF92AF0B4FA2AF0AFFA11AE03002F
S214005A6038B50446084D094B28462B6000F004FA6A
S214005A70002C18BF21462846BDE8384008BF4FF422
S214005A8096712AF0A7BA00BF9C260020B9FE020035
S214005A902DE9F043384D91B008AC0746894690464C
S214005AA00FCD0FC495E80F00002684E80F000125EF
S214005AB00323324C3248CDE90366CDE905668DF8FE
S214005AC00E300796029534F09BFD2E4834F098FD74
S214005AD032462D4920468DF8176004F0A5FD334662
S214005AE032462A498DF81900009020468DF82390FA
S214005AF0CDF82C808DF8216004F0B0FD0A90204689
S214005B008DF8097004F012FD204608AA05A904F0D5
S214005B10CBFD02AA204603A92BF030FB4FF40072FF
S214005B201B4B5A62194BE560626A920510D46BB93A
S214005B304FF40072164B11485A6204F0F7FC1148F5
S214005B4034F061FD002011B0BDE8F083013BEBE7C7
S214005B50002BEDD0094908A82BF043FB4FF4007248
S214005B600B4B06485A6204F0E1FC064834F04BFD45
S214005B70BDF82000E7E700BFD84904000040005AFF
S214005B80804C04007C4C040080841E0040420F00C1
S214005B900060005A0122034B1870034B1980034B18
S214005BA01A707047E65A0020146A0020E55A002052
S214005BB0F8B5454B1B780BB90020F8BD434B1B7856
S214005BC0012B03D1BDE8F8402AF079B9404B1C8878
S214005BD04FF6FF739C42EFD03E4834F011FD002391
S214005BE0260AE4B21A462146304604F05FFC012E2F
S214005BF0354604F0010335D015D9B51E012DDBD886
S214005C00002B0BBF4FF480754FF080754FF470611A
S214005C104FF070610BBF01274FF480370F204FF411
S214005C2070202D4B11E0002B0BBF4FF480754FF00A
S214005C3080754FF470614FF070610BBF01274FF411
S214005C4080370F204FF47020244B1A6802401CD077
S214005C50BA421AD01A680A4032D11A6822EA0102F9
S214005C602A4316E0002B0BBF4FF480754FF080756B
S214005C704FF470614FF070610BBF01274FF480370F
S214005C800F204FF47020164BDFE71A6822EA000256
S214005C903A431A602AF013F9054600288CD00836D5
S214005CA044EA06102A460321C0B2FFF7F1FE40F68A
S214005CB0FF73684300F2FF70B0FBF3F080B27CE73E
S214005CC095427FF479AFC8E7E55A0020E65A0020EF
S214005CD0146A0020804C040028C3035020C30350DD
S214005CE024C3035010B5044C237823B9034834F07A
S214005CF087FC0123237010BDE85A0020804C040066
S214005D002DE9F0431F4C85B0074688469146FFF7BD
S214005D10E9FF23781BB902F079F8012323707BBAD8
S214005D20ADF80C3030220023174E02FB03F4315D31
S214005D30A51901BB012333554FF0FF3304F11000C2
S214005D4012493044AB606F80C5F80480C5F80C90EB
S214005D5009F0EEFA04F10801042231440C4B0095D8
S214005D6003A802F029F9A96802460A4814F010FBB5
S214005D7005B0BDE8F0830133102BD6D1064814F0E9
S214005D8007FBF5E7E75A0020C4260020E3FE0200E2
S214005D90F5FE02001EAE03004CAE030080B1027892
S214005DA0A2F14103032B0BD840783038C0B2082844
S214005DB006D8054B134413F8413C40EA03207047CD
S214005DC04FF6FF70704700BFF849040008B50B4651
S214005DD042B101460448006803F032FABDE80840C4
S214005DE02AF0E4B8022008BD1C65002008B50B4662
S214005DF042B101460448006803F0AAFBBDE808402B
S214005E002AF0D4B8022008BD1C650020F0B5002694
S214005E10124F8DB0FF2300930A223346386802A93A
S214005E202AF069FFC0B102AB1D4603EB800404E014
S214005E3055F8043BB34228BF5E1CAC423868E9D92B
S214005E40296803F00BFD0028F2D02D28F0D00DB005
S214005E50BDE8F0402AF0AAB80DB0F0BD1C650020E1
S214005E6028B1034B0360034B4360002383607047F5
S214005E7019000003C4640020FF2307B50021044A6C
S214005E800093083009F0D8F903B05DF804FB00BFB2
S214005E90CFFF02000B46044902460868034909780A
S214005EA008B12AF0BBB87047D0290020EA5A002073
S214005EB0F7B50C4618B12921194834F0F8FB2468C8
S214005EC023685E795F8830463946FFF7E3FFF0B116
S214005ED08568E5B1A089227D3946904291BF0020B1
S214005EE0801AA36880B294BF03469B18E27C009099
S214005EF03046A8470138032803D8DFE800F0080F2B
S214005F000B0D002420462EF028FA204600E08120C3
S214005F1003B0F0BD8024F5E79324F3E78724F1E788
S214005F2074AE0300F8B515460D4A044610680D4ACF
S214005F300B46117850B122462AF070F8034628B175
S214005F4000210C27C678B14201DB0020F8BD07FB14
S214005F5001F45A681019125BAA42F7D00131F2E731
S214005F60D0290020EA5A002008B5034B1B6803B16D
S214005F709847002008BD00BFCC2900202DE9F74F28
S214005F8004460D460026454B454F1860454B197094
S214005F9033010021F85C013610F01EFA0C2EF7D102
S214005FA00C2D28BF0C254FF0000901953C4EDFF85C
S214005FB000A13D4DDFF8FC80019B4B4502DC03B0A1
S214005FC0BDE8F08F23784FF0000B33706388738042
S214005FD0A388B380A379C6F80880B371E379C8F8BC
S214005FE0005088F804304FF00003A768A8F8063081
S214005FF0E3795B450ADC012116F8100B10F0ECF98A
S21400600008F1080809F101090C34D5E74FF0000340
S21400601038886B812880FB784FF0000C2B81BA788B
S214006020C5F804A0002A00920CBF802240222A73E2
S21400603079680AF10C02634513DC03EB43030AEBB1
S214006040830ABB6843B1009A4FF6FF71B2FA82F238
S214006050164B52092EF011F914350BF1010B0C37C3
S214006060C6E7B1F800E00CF1010C22F80CEC91F850
S21400607002E00C3202F816EC91F804E00C3102F85B
S21400608015EC11F809ECBEF1010F14BF4FF0100E1D
S2140060904FF0110E02F814ECCDE700BFD029002017
S2140060A008410020EA5A0020D42F0020B15E0000EC
S2140060B0D429002054320020014B1860704700BFDE
S2140060C0C8290020014B1860704700BFCC2900206B
S2140060D070B5128805460E46FFF724FF044670B1D9
S2140060E002790499806815F0B7FA064B1B680BB95D
S2140060F0002070BD3146284622889847F8E786205B
S214006100F7E700BFC829002008B50FF001FA0228FB
S21400611006D0012806D0044B18784000C0B208BD4F
S2140061200120FCE70220FAE7E95A0020054B10B5EB
S2140061301C682CB1FFF7E8FF2346BDE8104018475F
S21400614010BD00BFC4290020014B1860704700BF77
S214006150C4290020034B1A781AB901221A700BF0D2
S21400616037BA7047E95A00200022024B1A70FFF730
S214006170DDBF00BFE95A002037B50446002836D0F8
S2140061800FF0C6F9022834D160892EF048FCE07979
S214006190237A003818BF0120012B637A08BF40F02D
S2140061A008000BB140F0100063890BB140F004000A
S2140061B0257CA188A2790DB1E36893B90F4B10F046
S2140061C0E7FC2178084610F05FFD2DF051FF0446ED
S2140061D010F018FD7CB100280CBF0020032003B08F
S2140061E030BDCDE90035064B10F0D2FCE9E70220C1
S2140061F0F5E70120F3E72046F1E700BF3FFF030085
S21400620008CF030008B50DF041FB014630B1044845
S21400621014F0BEF8BDE808400DF0DCBE08BD00BFB7
S214006220E6AE0300034B044A5B7C01210320137097
S214006230FFF7DCBDB0640020EB5A002010B5044622
S214006240FFF7F0FFB4F57F4F0BD100240F4B1A88F1
S21400625013449C70FEF7FCFE2046BDE81040FFF796
S214006260FFBB4FF601739C4204D1BDE810400848BE
S21400627029F0ABBD4FF602739C4205D1BDE8104035
S214006280044B1878FFF790BB10BD00BF6855002080
S214006290B0640020586A002010B5074C0121224641
S2140062A00320FFF793FD28B92378044A003B18BF64
S2140062B00123537410BD00BFEB5A0020B0640020C9
S2140062C0F8B5574B574C1A884FF6FF739A4218BFCB
S2140062D003234FF0080218BF2370534B32251A7061
S2140062E030229A705A7139229A713122DA71352227
S2140062F05D70DD7036251A724FF400121D714B4D1D
S2140063004264C5644A4D012205654A4D8618856576
S214006310494DC667C565494D494E4566494D80F8A5
S21400632048208566484D80F854200567474D80F81C
S21400633060204567202580F8785080F8845000F16A
S2140063402105C0F88850424D80F86C20C0F88C506B
S214006350C0F8806080F89020C0F89440C0F8B8304C
S2140063603C4B3D4CC0F8BC300223C0F898403B4C38
S21400637080F8C030C0F8A4400F24394B80F8A840FD
S214006380C0F8C430374B384CC0F8C8308223C0F849
S214006390AC40364C80F8CC30C0F8B0400924344BC2
S2140063A0344DC0F8D030344B80F8B440C0F8D43008
S2140063B02C7C324B80F89C20C0F8A00080F8D820B7
S2140063C0C0F8DC3044B12E4B80F8E420C0F8E03052
S2140063D005F11103C0F8E8304FF0000CCA798E685A
S2140063E002EB42039F00443006EB830326F807C007
S2140063F0586001200D349870DC701318CB71FFF7CD
S214006400C1FAFFF749FFFFF77FFE012806D12B7C74
S21400641023B1BDE8F840174829F0D7BCF8BD00BF47
S2140064200C6A0020596A0020EC5A0020114A040029
S21400643001002000104A0400020020000F4A040059
S21400644005004200030020000E4A0400040042003B
S21400645007003000FDFF210012001001004042003E
S2140064600C4A040000FF4401FC49040006004200F8
S21400647068550020B064002002FF2001586A002002
S21400648001FF100113B504460D4829F005FC6422EF
S214006490C0F30F43637083B2B3FBF2F3A0782370AC
S2140064A02022012129F0DCFDA0782122012129F0FB
S2140064B0D7FD0449201D02B0BDE8104029F08ABD72
S2140064C00C6A0020E09304000B7870B583704CF6DD
S2140064D01E0303804FF02013C362012380F8303080
S2140064E080F83C30C3180364124B0446436402230E
S2140064F0114A80F84830114B8263C3644063CA79FE
S2140065008D6802EB420305EB830004F12C0646601F
S2140065100B4E45F8236000238360531CCB71094B58
S214006520201DC4E90134FFF7A7FC2046BDE87040F3
S214006530FFF7A8BFFDFF210021002000124A04003B
S2140065400100010385640000437B044A01211370A7
S21400655000781130C0B2FFF749BC00BFF65A0020E1
S21400656038B504460078054D11302A460121C0B2E0
S214006570FFF72CFC08B92B78637338BDF65A002059
S214006580024B53F8200029F046BE00BFB43200206C
S214006590012908B506D0022907D049B929F032FEEC
S2140065A0002008BD29F031FEFAE729F031FEF7E7B2
S2140065B0024813F0EDFE0120F3E700BF13AF03001F
S2140065C010B4054C114654F820001A46BDF80430A5
S2140065D05DF8044BFFF7DCBFB4320020002310B593
S2140065E0044683810364A0F844304830FFF744FC37
S2140065F0014BC4E9123410BDFD01030038B5044652
S2140066000B781A4A43700D4642F82300FFF7E6FF60
S2140066102046FFF7A5FF4FF4401323610123144AD9
S2140066202375A261134A84F82030E261124A84F886
S2140066302C306262114A84F83830A26204F10C02EF
S21400664022630F4A04F10D036263E363EA79A868E4
S21400665002EB420300EB830110344C60094C40F817
S2140066602340094B8B60531CEB7138BDB4320020BD
S214006670F55A0020080020005A6A002000FF30006B
S21400668001FF100102010104C165000010B470246E
S214006690427B0D48013A012904FB020006D002297C
S2140066A008D059B95DF8044B29F0ACBD5DF8044B31
S2140066B029F0ABBD5DF8044B29F0AABD03485DF890
S2140066C0044B13F065BE00BF901800202FAF0300E8
S2140066D0B0F85C302DE9F0418B4204460E4638D0C7
S2140066E0437B077C8BB31C4A12789A422DD37025C5
S2140066F01A4A013B05FB032390F80F801B7B42469A
S21400670029F097FDB845054601D1FF281FD13A4626
S2140067103146204694F8903029F08BFD2F460546EA
S214006720552212216078A4F85C6029F099FCFF2FAE
S21400673003D039462046FFF7A9FFFF2D09D029468A
S2140067402046BDE8F04129F0B4BDFF25DFE7074647
S214006750E6E7BDE8F08100BFDE5A00209018002072
S21400676041688268C978D27849B112B10321FFF72F
S214006770AFBF837B002B0CBF01210221F7E72AB1B4
S214006780837B002B0CBF02210121F0E7014813F0A8
S214006790FFBD00BF40AF0300037BD3B14368DA7888
S2140067A012B18268D278A2B91B7933B1837B002BF1
S2140067B00CBF04210521FFF78BBF83681B792BB123
S2140067C0837B002B0CBF05210421F4E7014813F05E
S2140067D0DFBD704772AF0300084A437B0521137084
S2140067E0837B5370C37B9370037CD370037B1371DE
S2140067F000780E30C0B2FFF7F9BA00BFF75A002093
S21400680038B5044600780C4D0E302A460521C0B235
S214006810FFF7DCFA20B1BDE83840084813F0B8BDF1
S2140068202B7863736B78A373AB78E373EB7823747E
S2140068302B79237338BD00BFF75A0020AEAF030094
S214006840024B53F8200029F07EBD00BFDC3200204A
S214006850F8B504460B78424A43700D4642F82300CA
S214006860404E29F08EFDFFF7CBFF6268A3683E48D6
S2140068703E49D6641165D4655065C3E91410DE64DC
S214006880DC654FF0987302266361012304F10C0166
S214006890E16137491032216204F10D01A1623549E8
S2140068A02376E16204F10E016163334984F82430F3
S2140068B0A16304F10F012164304984F8303061642B
S2140068C004F11001E1642E4984F83C3084F8483025
S2140068D0216584F85460A265E879A96800EB400257
S2140068E001EB820704F1140CC7F804C04FF4817C56
S2140068F0244F41F82270C218D2B202EB420241F88D
S21400690022C001EB820700227A601F4A84F87030AA
S21400691022661E4A84F88830A2661D4A1D4BE2662F
S2140069201D4AC4F88C3062671C4A8319A26704F1BA
S2140069305C02C4F88020DBB2194A03EB4303C4F8B8
S214006940842084F8646084F87C6001EB8302603401
S2140069505460144A033041F82320E871F8BD00BFA4
S214006960DC3200206167000009030300996700001D
S2140069700100200102001001030030010400300174
S2140069800500210101FC01064A002100144A04000A
S21400699051001000164A0400174A04005500210052
S2140069A06F0018001200010470B50D460646144626
S2140069B013460A4601461A4813F0EAFC25B9204653
S2140069C0BDE87040FFF73ABC072D05D1214630469A
S2140069D0BDE8704000F0C4BC4FF601439D4205D1AF
S2140069E021463046BDE87040FFF72ABF062D05D188
S2140069F021463046BDE8704000F066BAB5F5817FA6
S214006A0005D121463046BDE87040FFF7B9BD202DC0
S214006A1004D12046BDE8704000F0ECB870BD00BF61
S214006A20DDAF03000148FFF747BB00BFA9690000C0
S214006A304FF4C01330B5036001230371074B8C6815
S214006A408360CA7902EB420304EB8305686004485E
S214006A5044F82300531CCB7130BD00BF184A040015
S214006A60040001010368064A0C2113604368536062
S214006A7003891381438922205381FFF7B7B900BFEA
S214006A800433002010B50368044686B0FBB11148F5
S214006A9013F07EFCA37B104A8DF804304FF482730B
S214006AA0ADF806300123CDE90223002301A80493A4
S214006AB08DF81430FFF760FB2046618929F071FCE1
S214006AC02046FA2150F8143B594329F083FA06B0C1
S214006AD010BD00BF10B003002000000110B5064C2A
S214006AE0236843B1054813F053FC2068BDE8104006
S214006AF0418929F056BC10BD1033002031B0030088
S214006B0070B5364910460C68BDF81020002C5ED0D3
S214006B1003285CD8DFE800F0021E2745002B5AD079
S214006B20022A58D91D78B3F80160291E18BF012122
S214006B3032462B4813F02CFC2DB13146204629F066
S214006B4030FC002070BDE573FA206368584329F0D6
S214006B50C8FAF6E7234813F01BFCE37B002B38D07B
S214006B600023E373F0E7002B35D0032A33D91D68E2
S214006B701D48294613F00CFC1C4B2A1F9A4201D9CB
S214006B800220DFE723680BB19D42F9D823899D4296
S214006B90F6D3E37B6560B3B9FA20684329F0A1FA1F
S214006BA011E0002BCED0012ACCD91D8810482946EA
S214006BB013F0EEFB002DE3D063689D42E0D8E37B44
S214006BC02581002BE8D12046FFF74CFFB9E70120CE
S214006BD0B8E70420B6E70320B4E700BF1033002070
S214006BE054B003008BB00300AAB00300FCFF6D0096
S214006BF0D5B0030038B5154B1C6834B3F0B921681E
S214006C00134813F0C5FB23683BB16268934204D275
S214006C10104813F0BDFB6368236004F11405284692
S214006C2029F0DDF9236823B1FA212846594329F0D3
S214006C30D1F92046BDE83840FFF714BF032804D139
S214006C406189054813F0A4FBF3E738BD1033002034
S214006C5000B103002EB1030063B1030070B53E4BD4
S214006C600D46044609781860002A6FD101231A469B
S214006C70A1730021E1730121A1814FF46151C4E9A0
S214006C8000132823354E22810C21324622206381B0
S214006C90FFF79CF860B9D6E900230AB19A4207D3F9
S214006CA0318999429FBFC4E900237389218163819A
S214006CB02B4B2C4AE363042384F8403084F84C3092
S214006CC0E3182365284BA2646365022304F10802D7
S214006CD0E265264A84F85830226604F10A02A26663
S214006CE0234A84F8643084F8703004F10C03E266BA
S214006CF063676464EA79A86802EB420300EB8301E9
S214006D0004F13C064E601B4E40F82360FA261A4BF0
S214006D101A488B60531CEB71FFF7D4F9208904F1F5
S214006D201405704329F0DDF96189204629F039FB06
S214006D30134B2846C4E90534FFF79EF8216849B18D
S214006D4028467143BDE8704029F044B94FF4F0730B
S214006D5002228DE770BD00BF1033002004330020F0
S214006D60000023010100230002002100030021018E
S214006D70FDFF210020000105016B0000DD6A000018
S214006D80856A0000134B10B51C680CB3E37BEBB1AF
S214006D9029F029F92369C01A002809DB0E4813F0E8
S214006DA0F7FA0023FA20E3736368584329F099F949
S214006DB0E37B5BB12489FA235C4329F09DF9A0426A
S214006DC006D02046BDE8104029F08BB96468F2E78B
S214006DD010BD00BF1033002090B1030038B500246A
S214006DE0044D55F8040B08B129F0EEFA01340A2CCC
S214006DF0F7D138BD14330020042908B50AD172B182
S214006E006BB113781BB929F00AFB002008BD29F0E6
S214006E10FCFAFAE7034813F0BBFA0120F6E7032072
S214006E20F4E700BFCAB1030010B4054C114654F88D
S214006E3020001A46BDF804305DF8044BFFF7DCBFAF
S214006E40143300200229024608B50ED004D839B9FA
S214006E50104629F0E4FA06E04029F9D0412907D186
S214006E60104629F0D2FA002008BD29F0E2FAFAE727
S214006E70024813F08DFA0120F6E700BFEAB10300DE
S214006E8010B4054C114654F820001A46BDF80430DC
S214006E905DF8044BFFF7D6BF14330020426B094B56
S214006EA052791A7082785A70C2789A70826B12B1D0
S214006EB090F83C20DA70007804210930014AC0B20C
S214006EC0FEF794BFFC5A0020024B53F8200029F02E
S214006ED0CCBA00BF1433002038B504460078084DFD
S214006EE009302A460421C0B2FEF770FF30B96B782D
S214006EF0A370AB78E370EB7884F83C3038BD00BF05
S214006F00FC5A002038B504460078114D09302A4650
S214006F100421C0B2FEF75AFFC8B9A3782A78022B1C
S214006F200CD004D863B9204629F079FA01E0FF2B8B
S214006F300AD02046BDE8384029F046BA002AF2D1E9
S214006F40204629F062FAF4E7002AF9D1EBE738BDCB
S214006F50FC5A0020F8B504460B78284A0D4642F83D
S214006F6023004370FFF7B8FF636B254A5C631A6320
S214006F702046FFF7C7FF204629F026FA4FF4801375
S214006F8063600123626BA66B0532E2601D4A2372C2
S214006F902261A21C2375A26166B11B4A84F82030C8
S214006FA0E261E21C6262194A84F82C3004F13C0368
S214006FB0A26223630627EA79A96802EB4203002E41
S214006FC021F8237001EB83000CBF02230423C37057
S214006FD0012383700E4B04348360531C4460DBB281
S214006FE00C4C03EB430341F8234001EB83000023E2
S214006FF04360094B02328360EA71F8BD1433002007
S214007000470403000340300101FF300102FF100176
S214007010816E000008000100296E000028B1034BB5
S2140070201B78834234BF002001207047E05A0020BE
S21400703070B500250A4C0B4E3378AB4200DC70BDB1
S214007040D4F8A42042B123791BB16079FFF7E6FF9C
S21400705010B9104628F0AAFE0135A834ECE700BFA8
S2140070609C1C0020E15A002008B5427901461046D3
S214007070FFF7D4FFA8B1CB780A48013A042B00EBFF
S21400708082100ED8012B08D81BB9BDE8084029F09D
S214007090BCB9BDE8084029F0C2B9BDE8084029F0EF
S2140070A0C8B908BD9C1B002008B5427901461046A9
S2140070B0FFF7B4FFA8B1CB780A48013A042B00EBDF
S2140070C082100ED8012B08D81BB9BDE8084029F05D
S2140070D0A6B9BDE8084029F098B9BDE8084029F0EF
S2140070E0A8B908BD9C1B002010B586B00446FFF763
S2140070F00BF8012830D1E278042A2DD8DFE802F018
S21400710013323403030061790846FFF787FF58B34C
S2140071101648032A00EB811050F80C3C58791DD114
S214007120003818BF012063784FF480728DF8043061
S2140071304FF48273ADF806300623ADF8083001230D
S2140071408DF80B3000238DF80A0001A8CDE9032343
S2140071508DF81430FFF710F806B010BDB0FA80F0C6
S2140071604009E0E70020DEE70220DCE79C1B002069
S21400717010B586B00446FEF7C7FF012830D1E27886
S214007180042A2DD8DFE802F01313320303006179D6
S2140071900846FFF743FF48B31548032A00EB811063
S2140071A050F80C3C5B791DD11A1E18BF012263787B
S2140071B08DF80A208DF804304FF48273ADF806304F
S2140071C00623ADF8083001234FF480728DF80B309B
S2140071D0002301A8CDE903238DF81430FEF7CCFF79
S2140071E006B010BDB3FA83F25209E0E70222DEE7EA
S2140071F09C1B002010B586B00446FEF785FF0128CC
S21400720012D16378094A8DF804304FF48273ADF8D2
S21400721006304FF48073CDE90223002301A80493BF
S2140072208DF81430FEF7A8FF06B010BD0800070161
S21400723010B586B00446FEF767FF012820D16278B5
S214007240104B8DF804204FF4827294F8A01094F836
S214007250A10059701870ADF8062004934FF48072A0
S2140072600223094901A88DF81430CDE90212FEF771
S21400727083FF94F8A130013B18BF012384F8A130A6
S21400728006B010BD005B00200800050110B583782D
S214007290044603B30379022B0AD142791046FFF75E
S2140072A0BDFE28B10C48013A00EB821029F0C1F867
S2140072B0A379022B02D12046FFF716FF2046FFF7E0
S2140072C0B7FF02236078A4F86C305522BDE8104062
S2140072D0122128F0C5BE10BD9C1B00204388094A19
S2140072E0082113808388538083681B8A938090F8D4
S2140072F0A03093718379D37100780430C0B2FEF762
S21400730075BD00BFEA55002038B50D460446017825
S214007310114813F03DF84FF602739D420ED10F4B05
S2140073201B782BB963712046BDE83840FFF7D6BFFF
S21400733062790AB19342F6D20123F3E7B5F57F4F9F
S214007340F1D1204629F00EF9A378022B0CBF0122BA
S2140073500022A3689A70E6E706B20300E05A00200F
S214007360024B53F82000FFF7CFBF00BF3C3300208E
S21400737038B504460078144D04302A460821C0B2B9
S214007380FEF724FD20B1BDE83840104813F000B8E1
S2140073902B8863806B88E978A380AA88A3681A8202
S2140073A0AB7984F8A030EB79A371094B1B780BB945
S2140073B0637138BD09B19942FBD9064812F0E8FF5F
S2140073C023780133F4E700BFEA55002020B203001B
S2140073D0E05A002049B20300F8B504460B78474A45
S2140073E00D4642F823004370FFF7C2FFA268444BE5
S2140073F0D465D364434B02265365434BA11C1365E7
S2140074004FF44013E36001236161E1623F491032AB
S21400741021632265211D3E4AA1633E483E496265BE
S21400742004F1A002A061E163E265E01C611D3B4A35
S214007430206261643A483B492266A21D2374237782
S21400744084F8283084F8343084F84030A16484F816
S2140074504C6084F8583084F864306062A266E8793C
S214007460AA6800EB400102EB810704F10C0CC7F898
S21400747004C04FF0060C2C4F42F82170C118C9B258
S21400748001EB410142F821C002EB8107002179603F
S214007490264F84F880302767254F84F89830A767F2
S2140074A0244F254BE767254F84F8746084F88C607A
S2140074B0C4F89C3004F16C06831CC4F88470C4F8CD
S2140074C090601F4F1F4EDBB203EB4303C4F894607B
S2140074D0C4F8887002EB83067034746008261A4C71
S2140074E042F82340C31CDBB203EB430302EB8304E6
S2140074F0043042F823606160E871F8BD3C33002038
S214007500BB040300050503008D72000001FF300177
S21400751004FF20011000300102FF200105FF3001AA
S21400752000FF300103FF2101070001084A00210087
S2140075301A4A0400510010001C4A04001D4A0400A8
S214007540550021006F0018001200010400239B6AFA
S214007550B3F5804F03D21968064A914203D0002340
S214007560037083607047012202709A689B694260CC
S214007570F7E700BF07B0CD5E024B034A1A602AF059
S21400758015BC00BF0000002002020FF073B53F4B91
S21400759004461A781AB102221A7002B070BDCDE9FC
S2140075A000220028F9D001261E7032F08BFF384DDD
S2140075B0384B186017F0CEFC2B785BB902F0F2F966
S2140075C040B935480823354A3549006801F038FE89
S2140075D000B92E70334B5A68E260334A9A601A6ECE
S2140075E022605A6E6260D3F87021A2601B6E5C0443
S2140075F02CD52E4AD368D807FCD42D4B1A68531CBA
S21400760029D04FF4801393402A4A13660423294C4A
S2140076104FF0804223664FF4806323661023236670
S2140076204FF400536846236601A92266636628F075
S214007630B1FF009B2366019B63662B78002BACD0C2
S214007640164B1A6822665B686366A6E71A4AD36812
S214007650D907FCD4D1E7194B1B78002BD6D1184B91
S2140076605A68144B12B94FF480121A66154A5268BB
S21400767012B94FF400121A66134B5B68002BC5D183
S2140076804FF480020B4B1A66C0E700BF035B002076
S214007690045B0020743300201C6500207833002033
S2140076A0007108000080004455CEAC000000044085
S2140076B0E86400200090004400000450025B0020B4
S2140076C00080055000C005500000065038B5224D19
S2140076D004462B78012B02D001232B7038BD0028DE
S2140076E0FCD028F07CFF013009D028F078FF40F26B
S2140076F00113984203D0194AD368DB07FCD42268EA
S214007700174B1A6662685A66A268C3F87021E26868
S214007710D40744BF00229A60124B1A68013213D174
S214007720114A127882B911494968C80748BF1A60D9
S2140077300F4A5268D10744BF01221A600D4A5268A8
S214007740D20744BF02221A6017F00CFC0A4B1868D6
S21400775032F0B3FE0023C0E7035B002000000440C5
S21400776000800044E8640020025B00200080055092
S21400777000C00550000006507433002070B5002489
S214007780A36AB3F5804F23D21A68134B9A421FD1CF
S214007790124E337813F0FD0518D14FF4803410489C
S2140077A0FFF7F4FE032004F04FFC0E4B0320DC60D2
S2140077B004F02EFC0C4B1C61AB6ADB699847044650
S2140077C00748FFF783FF0CB901233370204670BDCE
S2140077D04FF48174FAE700BF07B0CD5E025B00206D
S2140077E06433002000A000440090004413B5204BF2
S2140077F01B7803B9FEE700231E4CCDE900336A462A
S21400780008231D49206801F01BFDF8B91B4AD2F871
S2140078104031D2F840211F2B4FF0010311D9203AF6
S2140078209340019A1A43019208236A461249206837
S21400783001F08EFE124B134A1A602AF0B7FA02B015
S21400784010BD9340009A1A430092EDE72D28F1D11F
S2140078500A4AD2F84031D2F840211F2B4FF00103DC
S21400786085BF203A93409340019398BF0093DBE78F
S214007870035B00201C6500200071080000800044A7
S214007880000000200B020FF038B50025AB6A044656
S214007890B3F5804F10D21B6BB3F5804F0CD2074860
S2140078A0FFF774FEAB6A20461B6B5B689847BDE823
S2140078B038400248FFF70ABF38BD00BF80330020BB
S2140078C013B50024A36A0190B3F5804F13D21B6B47
S2140078D0B3F5804F0FD20948FFF758FEA36A01217F
S2140078E01B6B01A89B69984704460448FFF7EEFE09
S2140078F0204602B010BD4FF48174F9E780330020B3
S21400790070B50026B36A0446B3F5804F0D4612D212
S2140079101B6BB3F5804F0ED20848FFF737FEB36AED
S21400792020461B6B29469B69984704460348FFF789
S214007930CDFE204670BD4FF48174FAE780330020F8
S21400794070B50026B36A0446B3F5804F0D4612D2D2
S2140079501B6BB3F5804F0ED20848FFF717FEB36ACD
S21400796020461B6B2946DB69984704460348FFF709
S214007970ADFE204670BD4FF48174FAE780330020D8
S214007980F8B50027BB6A0446B3F5804F0D46164689
S21400799011D21B6B7BB10948FFF7F8FDBB6A204686
S2140079A01B6B324629465B6A984704460348FFF736
S2140079B08DFE2046F8BD4FF40174FAE780330020B0
S2140079C070B50026B36A0446B3F5804F0D4612D252
S2140079D01B6BB3F5804F0ED20848FFF7D7FDB36A8E
S2140079E020461B6B29469B6A984704460348FFF7C8
S2140079F06DFE204670BD4FF40174FAE78033002018
S214007A00F0B50027BB6A0446B3F5804F0D46164610
S214007A10ADF5337D20D21B6BB3F5804F1CD21048DA
S214007A20FFF7B4FDBB6A20461B6B40F2C1225B6ABF
S214007A3001A99847044630B10948FFF747FE20469B
S214007A400DF5337DF0BD836A32461B6B2946DB6A33
S214007A5001A898470446EFE74FF40174EFE700BF2C
S214007A608033002010B50024A36AB3F5804F10D2EF
S214007A701B6BB3F5804F0CD20748FFF787FDA36A50
S214007A801B6B1B6B984704460348FFF71FFE2046F8
S214007A9010BD0124FBE700BF80330020F0B58FB097
S214007AA0044601A80E461546FFF7EEFE9DF80C307C
S214007AB0012B12D1B5F5402F27D8B4F5402F24D886
S214007AC06319B3F5402F20D821462A46304613F0D6
S214007AD001FF002420460FB0F0BD0027BB6AB3F5B7
S214007AE0804F15D21B6BB3F5804F11D20A48FFF7B3
S214007AF04DFDBB6A2A461B6B314620465B6B98479A
S214007B0004460548FFF7E2FDE4E740F20244E1E7F9
S214007B1040F20114DEE700BF80330020F0B58FB0DE
S214007B20044601A80E461546FFF7AEFE9DF80C303B
S214007B30012B1FD1B5F5402F06D8B4F5402F03D83A
S214007B406319B3F5402F13D940F2024420460FB014
S214007B50F0BDE258013225D104339D42F9D82A46B9
S214007B603146204628F06BFD0028EDD00024EDE7D6
S214007B700023F2E70027BB6AB3F5804F15D21B6BD4
S214007B80B3F5804F11D20A48FFF700FDBB6A2A46BC
S214007B901B6B314620469B6B984704460448FFF70C
S214007BA095FDD3E740F20344D0E740F20114CDE759
S214007BB08033002070B58EB0044601A80D46FFF74E
S214007BC063FE9DF80C30012B22D144EA0503C3F373
S214007BD00C03002B33D1B5F5402F04D940F20244F4
S214007BE020460EB070BDB4F5402FF7D82544B5F545
S214007BF0402FF3D8204604F5005428F019FDAC4277
S214007C0002D00028F6D1E9E70028E7D00024E7E70D
S214007C100026B36AB3F5804F14D21B6BB3F5804FC2
S214007C2010D20A48FFF7B2FCB36A29461B6B2046FF
S214007C30DB6B984704460548FFF748FDD0E740F25F
S214007C400444CDE740F20114CAE700BF80330020A9
S214007C50BFF34F8F0549064BCA6802F4E062134330
S214007C60CB60BFF34F8F00BFFDE700BF00ED00E025
S214007C700400FA0570B5D0B1C9B10E4E431E0139E5
S214007C8013F8014F2046325D02F00302012A11F874
S214007C90012F08BF04F12000B55C05F00305012D97
S214007CA008BF2032801A01D1002CE9D170BD012016
S214007CB0FCE700BFF57104000348044A0449121AA1
S214007CC0921028F008BD00BF34410000D0420000EA
S214007CD01C62002008B5154B83F30A8800F030F8C4
S214007CE0FFF7EAFF124B13498B4212D30020124BC8
S214007CF012498B4218D3FCF7F5FF186850F822405B
S214007D00586840F82240013298688242F5D30C3316
S214007D10EAE70022F8E71C6844F8220001325C68B3
S214007D20A242F8D30833E4E70022F8E70800002070
S214007D3094960400A0960400A0960400A096040062
S214007D40124B134A70B59A60D3F88820114D42F44E
S214007D507002C3F888206FF0010205F50054226611
S214007D6041F2FF7262660222C3F8D020BFF34F8F43
S214007D70BFF36F8F4FF44036032004F065F90320FD
S214007D80E66004F045F92E6170BD00BF00ED00E02E
S214007D900040000000800044014B1860704700BFA0
S214007DA0F0640020054B1860054B1B6F03F00703BB
S214007DB0032B01D130F0DEBC704700BFF864002012
S214007DC0008000502DE9F04104464FF001080C25D4
S214007DD00D4E0CB9BDE8F08194FAA4F0B0FA80F02C
S214007DE00F2808FA00F2C8BF103824EA0204CABFF7
S214007DF005FB006205FB0062B4325768002FE8D02E
S214007E009168C0B2B847E4E79033002008B50C4844
S214007E1032F0F6FB192004F009F928B1192004F015
S214007E2013F9192004F0F4F81A2004F0FFF828B12A
S214007E301A2004F009F91A2004F0EAF8002008BD18
S214007E40804C04002DE9F0410E461746054618B34F
S214007E500F2923D80378DBB1013BDBB2022B19D8FC
S214007E60104AD35C6A78D340DB0717D50E4BD3F89D
S214007E701043ACB932F026FB80463A4628463146D7
S214007E8002F042FE404632F018FB2046BDE8F08184
S214007E907F23E7E70023E5E72224F6E72124F4E73B
S214007EA00224F2E7704A040000C0035010B50446EE
S214007EB010B30378E3B1013BDBB2022B1AD8104AA9
S214007EC0D35C6278D340DB0718D532F0FBFA012288
S214007ED0617823788A4030214B4341F2100103F148
S214007EE0A04303F570335A5032F0E7FA002010BD75
S214007EF07F23E6E70023E4E72220F8E72120F6E7E1
S214007F00704A040010B5044610B30378E3B1013B91
S214007F10DBB2022B1AD8104AD35C6278D340DB0758
S214007F2018D532F0CFFA0122617823788A403021C2
S214007F304B4342F2100103F1A04303F570335A504D
S214007F4032F0BBFA002010BD7F23E6E70023E4E70B
S214007F502220F8E72120F6E7704A040038B50D46DF
S214007F60044618B311B30378E3B1013BDBB2022B2E
S214007F701AD8104AD35C6278D340DB0718D532F0A3
S214007F80A1FA30222378534303F1A04303F570335C
S214007F905B696278D34003F001032B7032F08DFAF0
S214007FA0002038BD7F23E6E70023E4E72220F8E739
S214007FB02120F6E7704A04002DE9F0410D461646EA
S214007FC09846044600284FD000294DD00178002955
S214007FD040D04B1EDBB2022B3ED8254AD25C6378DB
S214007FE0DA40D20701D4FF2940D1022E01D9042E4F
S214007FF03CD132F067FA23780746FF2B05D032468D
S2140080002046296802F0C6FD28602B68013309D196
S2140080102378FF2B06D1174B6078D3F8241429F069
S21400802035F9286029684B1C18D00C23124A03FB2C
S2140080300122069BC2F8048093602378FF2B04D0AD
S21400804001230E4A8B40C2F82434384632F035FA03
S214008050002007E07F22C2E70022C0E7384632F061
S2140080602CFA2D20BDE8F0812220FBE72120F9E73D
S214008070704A040000C003509033002000D0035024
S21400808008B502F037FD044B00F05530C3F8200465
S214008090BDE80840FFF796BE00E0035008B502F0C2
S2140080A029FD044B00F0AA30C3F82004BDE80840C0
S2140080B0FFF788BE00E003502DE9F04F1446054652
S2140080C00E469B46C36B87B001225B6902A96068B7
S2140080D09847EB6B01225B6903A93046984702A8D4
S2140080E028F0F8FE074648B10023A37563754FF0E5
S2140080F0FF33A360002007B0BDE8F08F03A828F088
S214008100F6FE0123A375237E04EBC303DE611F8402
S2140081106368B3420ED1206003A828F00AFF4FF030
S214008120FF332075A360237D043B022B26D8002353
S214008130A375DFE723681A1A53425341A37503A8B1
S21400814028F0F7FE237D834218BFA77503A828F002
S214008150D2FE074602A828F0CEFE874218BF0023AC
S21400816003A818BFA37528F0CEFE074602A828F07D
S214008170CAFE87421CBF0023A375D4E703A828F0D5
S214008180BAFE80B1EB6B022230465B6904A99847C1
S21400819004A828F0BFFE0346207D032839D8DFE870
S2140081A000F03838040903A8F3E7CC22237E04EB5A
S2140081B0C3031A8401F06EFC109B187003A8277E78
S2140081C028F08DFE04EBC70787F82200237E03A85D
S2140081D004EBC303B3F8209093F8227028F08BFECC
S2140081E0804603A828F08FFE8246B8F1000F15D00F
S2140081F0EB6B022230465B6904A9984704A828F076
S2140082004EFE6075637D6BB90023A3754FF00008C2
S21400821038E0227E04EBC2021384CBE703A828F0E2
S21400822029FEEEE794F81680B8F1000FEED0B9F10B
S214008230000F09D1DFB10123E375637E002B4FD118
S214008240012F42D1677614E06B6C06EB0A015A42A6
S21400825086EA010010421CBF0022A2755A1E0A4080
S2140082609B1A9945D0D8A37D002BE3D1CEE7E37DBA
S21400827043B94FF000084B4652463146284628F090
S21400828074FBA060A27D12B123694B4423611A4996
S214008290237E097899422AD901332376BBF1000F51
S2140082A027D032B3E37D23B3B8F1000F21D1032FDB
S2140082B01FD0A1684B1C1CD0109B2246009328465A
S2140082C00123FFF7F9FEA07513E095F8343063B983
S2140082D0EB6A0133CFD1032FCDD10123A376C8E7B4
S2140082E0012FCFD0032FC4D1F7E79846C3E700236A
S2140082F0A375A07DFFE600BF944A04002DE9F04F69
S2140083000E46984600238BB004464FF0FF311046C9
S21400831017468DF8133001F0A7FBB6F5801F20D264
S214008320314605AA04F1080028F026FD451C014642
S21400833003D1237CBBB92D2010E0384601F094FB16
S2140083400122394620460DF1130328F060FB002871
S214008350EFD09DF8133088F8003000200BB0BDE851
S214008360F08FB01CE5D1E56A691C36D12046616AFB
S21400837028F041FA0546B31C18BF0123DFF8CC905D
S2140083800193636A626C0293236805A902FB053AAF
S214008390E36B05225B695046984705A828F035FE32
S2140083A028F058FE504628F060FE4FF0000B82463C
S2140083B001464B1C05D0636C81EA0A025B421342FD
S2140083C011D02946204628F016FA029BAB422CD044
S2140083D0BBF1000F2CD10546D3E72368ED1A636C7A
S2140083E0B5FBF3F5C7E7484601F03EFB0DF1130376
S2140083F049462046019A28F00AFB034690B1B21C73
S21400840003D0D9F80020B2420CD19DF81320039374
S2140084100D4B88F8002049461A68384613F05AFA79
S214008420039B9B46D9F80810C3E7BBF1000F82D028
S214008430B6F5801F91D2314698F800307A6804F17C
S214008440080001F03FFA88E7904A04006C3B0020E1
S2140084502DE9F3410446174698460E46184D816AA4
S214008460E36A8B4201D04B1C02D102B0BDE8F0811A
S214008470284601F0F9FA0122294620460DF10703A5
S21400848028F0C5FA38B14346294620469DF807200D
S214008490B8470028E9D0A9684A1C04D16968204674
S2140084A028F036FA0146012EDAD16B6881EA03021B
S2140084B0636C5B421A4218BF4FF0FF31D0E700BF33
S2140084C0403B00202DE9F04F4FF0FF334FF6FF7290
S2140084D00025044600F10806C0E909238BB0C362F4
S2140084E0056205633046884628F017FC204628F0CB
S2140084F052F960BB2046414628F0CDF9204628F0C8
S2140085004AF960BB5E200BB0BDE8F08F2368E26BD3
S214008510606C576900FB0530052205A9B84705A819
S21400852028F073FD012807460CD12946204628F07E
S21400853083F9012F024600D101322946204628F051
S21400854049F903E028F08BFD0028EED10135E369F8
S2140085509D42DBD3204628F01EF90028CAD000250D
S2140085604FF0FF394FF6FF73CA46A846C4E90853D2
S214008570E36998450AD3A5EB0905012D2CD84FF6DB
S214008580FF72636A93423CD16720BCE72368E26BC4
S214008590606C576900FB0830052205A9B84705A896
S2140085A028F033FD834605A828F006FD0746584602
S2140085B028F050FD68B1574538BFC4F82480B94547
S2140085C028BFB946BD4238BF3D46BA46236A013386
S2140085D0236208F10108CBE74FF6FF7300256362BC
S2140085E0E3699D42CBD2676C2068E36B052207FBEC
S2140085F005005B6905A9984705A828F0DDFC01354C
S214008600EEE7E26B676C2068694607FB0300556976
S2140086100522A847684628F0CFFC626A2368606C8B
S2140086204B4D00FB023028F020FD4FF0FF33A062D8
S214008630E3622A466FF00101204605ABFFF75EFEB7
S214008640002846D1AD6829462046E56228F07FF826
S214008650206320B92046E16A28F05AF9E0622946EC
S214008660204628F055F90546A36A9D4233D1204698
S21400867028F040F800278046B946E36999453CD380
S214008680B84559D92046616A28F0B5F8002605464F
S21400869004F1400AB74212D8626C2368694602FBAE
S2140086A00539E36B05225B6948469847684628F01B
S2140086B083FC534602464946E06B28F0D8FC294620
S2140086C0204628F098F80136B0450546E2D16420E9
S2140086D019E7A56AB7E72946204628F038F8236B3D
S2140086E02946034407462363204628F011F9054629
S2140086F0002FB9D1C4E90B07B6E7636C25680522DD
S21400870003FB0955E36B05A95B692846984705A84E
S21400871028F07BFC28F09EFC58B1284628F0A5FCE3
S2140087200146204628F013F8636C143B984208BFB5
S214008730013709F10109A0E7304628F0EEFA0023D8
S21400874020461946034AFFF783FE0020DBE600BFFB
S214008750983B0020FD0903002DE9F041036B90468D
S214008760826B07689A4288BF8363426C436A90B004
S21400877002FB0377C36B0E46052201A95B6904461C
S2140087803846984701A828F040FC0128014630707A
S21400879057D0656CE26B2368606AD2F814C005FB9C
S2140087A00030052206A9E04706A828F02EFC01287E
S2140087B04FF0000523D0D4E90A3201219342CDE9D7
S2140087C00B458DF834800E958DF83C102AD119464D
S2140087D0204628F09DF8236B626C14339B1AE062E7
S2140087E023630C9B53B99DF83C303BB1626A616CC5
S2140087F02368E06B01FB023128F0BFFB0C9DE36BA6
S21400880005225B6901A93846984701A828F0FDFBB8
S21400881030702846236BA26B9A4288BFA36310B0C1
S214008820BDE8F081237C33B91C490BAA04F108008B
S21400883001F096F8D5E72046194A0BABFFF708FE7D
S214008840CFE7237C23BB2246164904F1080001F03B
S21400885087F8616A204627F0EFFF616A421C2046CF
S21400886027F0B8FF054620B9236B626C1344143B0F
S21400887023632046A16A28F04BF82368A062C01A3A
S214008880636CB0FBF3F06062204628F084F8B6E72D
S21400889000232046044AFFF7DBFDDAE7FD8F0000E1
S2140088A0798F0000970A0300330A030073B50D465C
S2140088B0D11E4A421C461B7E4A419A4226D129684E
S2140088C02368994222D3636899421FD8114E0DF14E
S2140088D007033246FFF712FDC0B972686B689A420A
S2140088E014D19DF80730DA1E53425341227E93423C
S2140088F00CD1636901336361D4E90323934205D243
S2140089002968A26842F8231001332361012002B0CF
S21400891070BD00BF983B00202DE9F04F9B4689B004
S2140089209DF848309046514A0193136907465B45C7
S2140089300D46C0F09580D94653680093B9F1000FF4
S2140089407BD0FB6B01225B6905A90098984705A8B8
S21400895028F0CDFA454B1B68984240F0848005A865
S21400896028F0D1FA0428064615D105A828F0D2FA30
S214008970009B04461E44019B002B3ED1804512D925
S2140089801C46A8EB00083846009927F0C1FFA9EB63
S21400899004090090D2E7FB6B02225B69009806A9E7
S2140089A0984706A8E2E7A0EB08045C4528BF5C46AB
S2140089B0032C4644ABEB040B1DD9FB6B2946304613
S2140089C05B69A208984724F0030304F0030A1E44D8
S2140089D01D44DDF80480BAF1000FD4D0FB6B0122F1
S2140089E006A930465B6998475246284606A912F003
S2140089F071FF5544C7E7A246EBE7824600F0030343
S214008A0002932B1803930644039BA6EB0A00A3EBE2
S214008A100A05029B9A4514D1BAF1000FB3D0FB6B3E
S214008A20012206A95B6998475246284606A913F014
S214008A300DF90028DDD04FF03609484609B0BDE8EC
S214008A40F08FFB6B012206A95B6998470422284633
S214008A5006A913F0FBF80028EDD1AAF1040AD3E723
S214008A604FF06309E9E74FF06F09E6E7C43B0020E3
S214008A702DE9F0410F4616469846044688B060B386
S214008A8090F83450FDB1012127F07AFE00210E9BAC
S214008A90CDE90511CDE902379DF83C30CDF80480CC
S214008AA08DF81C30237C04968BB90D4901AA04F17D
S214008AB0080000F055FFDDE90553E06B002E08BF07
S214008AC01D4627F0F6FF284608B0BDE8F081204690
S214008AD0044A01ABFFF7BCFCEDE70546F3E700BF31
S214008AE0610A0300AD8800007FB590F84260044636
S214008AF001920DF10B030A463046114927F0E1FFBB
S214008B00012E0546E36B17D132465B6903A99847E9
S214008B109DF80B10039B019A59B19BB243EA02439E
S214008B20012228460393E36B03A99B69984704B088
S214008B3070BD62F30F03F3E701229B6901A9F5E715
S214008B40C43B00202DE9F04F99B00E460D920A69FD
S214008B50416C0B931439D31DB3FBF1F3013302EBD5
S214008B60C302036B04469342C0F001820023DFF881
S214008B7004940893E36A48461946059300F074FF88
S214008B80D6E9033707930B9B022B4DD1CC2F40F031
S214008B90D7810D9B3BB13146204627F0E8FF656C38
S214008BA01490012044E00120079B656C1B68149319
S214008BB000F0010000280CBF04230823782F0E9332
S214008BC049D8059A6B1E1340ED1A3B1D9D423CD2B8
S214008BD0002F3DD0082D3ED80023042506934FF0E5
S214008BE0040A336806990B98C9F80030C9F8107063
S214008BF028F0A3F94FEA9A030F93059B89F814000F
S214008C000393002309930C9304930A93616C039BCC
S214008C104A1E1A408B1A27B35544AB4223D8236BFF
S214008C205B1A134423632FE1782F656CB9D8F07D67
S214008C300D9B002BBCD0E36B01225B69706816A904
S214008C40984716A828F057F9B4E700250695C6E712
S214008C5004250697C3E7012300254FF0080A06936C
S214008C60BFE75345DBD3A3EB0A029742039BB84604
S214008C7028BF90469742534428D90122D9F81010AD
S214008C8089F817208F4226D10399C9F80410049258
S214008C9099F817200AB399F818100398CA1C09EB1C
S214008CA0C202506004980131A2F80880907289F8D8
S214008CB01810B8F1000F07D00B9A022A40F08180F6
S214008CC0099A72B1012209929B46ABE0049A002AE7
S214008CD018BF0322DBE70222D9E7039AC9F804206B
S214008CE0E7E70C9A4244032AEED9E26B18469569E8
S214008CF014A901220993A847099B05460028E1D03C
S214008D003D2D40F01E8104F1080303932368059A65
S214008D10606CA2EB030ABAFBF0FA00FB0A3028F0FC
S214008D20A4F9E16A8046204627F0F2FDA26A824254
S214008D3000F00F81626CD9F80830511E0B40216B91
S214008D402768891A0B442363089BE062DF1BB7FB86
S214008D50F2F7BA4540F0FA80059BB3EB080A12D04A
S214008D60E36B4FEA9A0241469B6998478346E36A5B
S214008D70059A5344E362236B03989B1A4344236388
S214008D8027F0CBFFDA462368616CE06B01FB073106
S214008D9028F0E0F8204627F0FEFC204627F0FBFDF2
S214008DA02063BAF1000F00F0D4803269616CD31DE5
S214008DB01439B3FBF1F3013302EBC3029042A5D2A0
S214008DC0BFE00D9A002A77D1B8F1030F4FEA980258
S214008DD06ED9E16B18468D6907991093A847109BCA
S214008DE00546C0B918F0030515D0079A28F0030BFE
S214008DF002EB0B019B444FF0FF3215A815922A4652
S214008E00109312F067FDE26B5846956915A901228A
S214008E10A8470546109B9B46079A42440792002D9A
S214008E2040F08B80049B16A80193069B009399F84C
S214008E3014204346316800F0CDFDE36B0F9A9B6922
S214008E40039816A99847039A051E089B18BF134651
S214008E500893434652462046039927F086FD236B27
S214008E6008F10302A3EB0A0322F003029B1AC9F8D7
S214008E7008002363002D7FF443AF0C9BA7EB080785
S214008E8043440C93CDF80CB02046039927F040FDE0
S214008E9000250390002F7FF4B9AE364A31689368F8
S214008EA004F10800E36252680B9B00F00BFD49E0FA
S214008EB09B46454607999EE79B4606F12002109280
S214008EC0F27D7068A2B1002296F818C00A99D5B251
S214008ED0AC4511D9109D02F1010E35F832508D4285
S214008EE028D90E9806EBC2020144D069084403E074
S214008EF00E9A0A990A441044E26B15A95569012294
S214008F001193A847159A0A9B1392E26B043395694E
S214008F105846012213A90A93A847119B054603EB5E
S214008F200802A2EB0B02042A7FF679AF28B90BF1F0
S214008F30040BC5E77246491BC9E7CDF820B088E7A1
S214008F4070252F46384619B0BDE8F08F4FF0000A5E
S214008F5019E73269616CD31D1439B3FBF1F30133A1
S214008F6002EBC302236B9342BFF404AEE9E71C276F
S214008F70E8E700BF6C3B0020032A2DE9F3410646D4
S214008F800D4617461C4606D1237A012B23D0012016
S214008F9002B0BDE8F081DFF86080096842460DF156
S214008FA00703FFF7ABF960600028EDD19DF80720B6
S214008FB0237A032AE8D0D8F804106A689142E3D1ED
S214008FC0012B2969D4F80CC007D172690CEB010398
S214008FD0934202D92074207CDAE708316144E160CC
S214008FE03B46012229463046FFF7ACFD606000286C
S214008FF0CAD00020CCE700BF983B00202DE9F34103
S214009000089C032A1746266806D1237A012B24D00B
S214009010012002B0BDE8F081DFF89080304642467D
S2140090200DF10703FFF76AF960600028EDD12568A7
S214009030D8F80400A96AD5F844C04840CCF100032B
S2140090401840227AE1D1012A09D1E268D8F8103016
S21400905013447269934202D92074207CD9E72868A9
S214009060EB6A1B1A081AB3FBFCF3B0FBFCF0834256
S2140090700BD1706CF36A421E1340326B121A134403
S2140090802846336327F044FCE862D8F81020E368EB
S21400909008321344E36001223B4604492068FFF788
S2140090A051FD60600028B0D00020B2E7983B002059
S2140090B02DE9F0410025604B0E46D3F800800446AB
S2140090C01D6018B921252846BDE8F08190F8347057
S2140090D007B30A6803689A4240F0A3804A68436868
S2140090E09A4240F09E808A6883689A4240F099804F
S2140090F0CA68C3689A4240F094800A6943699A42F3
S21400910040F08F808A69C36B9A4240F08A804B6930
S2140091108361D8E768223946856B12F04BFAD6E9A8
S2140091200212336804F1080023607368A563636065
S214009130336963617369A36127F001FEB36904F1C3
S2140091404000E3639B68984720B9676C17B1636873
S214009150B3FBF7F794F84330E761002BB2D0002357
S214009160656C2366002D64D0002F62D02368B3FBA5
S214009170F5F205FB1233002B55D16668B6FBF5F306
S21400918005FB1363002B4ED1204627F0D0FAA369C7
S214009190043303449E4248D340F634726369CC3BA2
S2140091A0934244D8B5F5805F43D30321204627F089
S2140091B0E7FAD4E90001E36B1B6898470546E36BC2
S2140091C00220DB689847CDB941462046FFF77AF97A
S2140091D06428054604D141462046FFF773F9054644
S2140091E0666C5DB9236A2046143E5E4327F09FFAFC
S2140091F0A369043303449E4238BF5A25002D0CBF92
S2140092000123002384F8343007D1D4E900010B4A47
S21400921013680133136027F02CFEE06B27F049FC3F
S21400922051E75D254FE759254DE75A254BE75F2562
S21400923049E75B2547E700BFFC340020F8340020F0
S2140092402DE9FF410C4616461F46054680B390F8AA
S21400925034307BB3B1F5801F2ED2DFF86080012159
S21400926027F08EFA2146424628460DF10F03FFF7F7
S21400927045F8044670B99DF80F30012B11D1D8F887
S2140092801030BB4212D10246009031462846FFF706
S21400929043FB0446E86B27F00CFC204604B0BDE810
S2140092A0F081022B14BF2D246024F3E76324F1E73A
S2140092B02124F2E71124F0E72924EEE7C43B00203E
S2140092C02DE9F04385B00C4617461E460546DDF8E8
S2140092D0308098B390F8343093B3B1F5801F31D214
S2140092E0DFF86490012127F04BFA21464A462846CB
S2140092F00DF10F03FFF702F8044688B99DF80F300A
S214009300012B14D1D9F8102006EB08039A4213D388
S21400931000904346324639462846FFF7FDFA044693
S214009320E86B27F0C6FB204605B0BDE8F083022BAD
S21400933014BF2D246024F3E76324F1E72124F2E729
S2140093401124F0E72924EEE7C43B002073B50C4651
S2140093501646054630B390F834302BB3B1F5801F6F
S21400936024D2012127F00CFA21462846104A0DF196
S2140093700703FEF7C3FF044680B99DF80730032BAA
S2140093800CD0022B0CD12846094927F0F0FB3060A0
S214009390E86B27F08EFB204602B070BD2D24F7E761
S2140093A06124F5E72124F6E71124F4E72924F2E7FF
S2140093B0C43B00202DE9F3411E4600230C46174609
S2140093C00546336050B390F834304BB3B1F5801F88
S2140093D028D2DFF85480012127F0D2F921464246F0
S2140093E028460DF10703FEF789FF0446A0B99DF84D
S2140093F00730032B10D0022B03BF01233B6004234E
S214009400D8F8103018BF38603360E86B27F051FB8F
S214009410204602B0BDE8F0812D24F6E72124F7E7C8
S2140094201124F5E72924F3E7C43B002073B504466E
S214009430056B27F07CF9636E03449D422CBF002326
S2140094400123854294BF00252D1A207C84F85030D5
S214009450656584F85800A8B100230C4E1A461946D4
S2140094602046009627F047FC002305461A46194674
S2140094702046009627F048FCE3682844984294BFAC
S2140094800020C01AE06502B070BD00BFFFFF0F00ED
S2140094902DE9F3471E4643690446B34288461746FD
S2140094A09DF828904ED300258DF80750204627F0CB
S2140094B03EF9D4F830A082450AD2236AB5EB430FB2
S2140094C006D2002220460DF10701FFF745F9B8B392
S2140094D09DF80730012B05D1002220460DF107012B
S2140094E0FFF73AF9B9F1030F06D03146204627F0C8
S2140094F00EF9256B854227D3144D4FF0FF312846D1
S21400950000F0B2FA4B46294600222046C5E903760B
S214009510C5F80080FFF716FB236E054663B12046AC
S214009520FFF784FF94F8503013B994F858301BB105
S214009530236E04F150009847284602B0BDE8F08735
S2140095400135B3E76225F7E71C25F5E7983B0020D1
S2140095502DE9FF410F4690461E46054698B390F803
S214009560343093B3B1F5801F31D21A4C022127F064
S21400957007F92246394628460DF10F03FEF7BEFED0
S214009580024678B1012342460093394633462846C0
S214009590FFF77EFF0446E86B27F08BFA204604B000
S2140095A0BDE8F0819DF80F30012BEBD12169B14267
S2140095B0E8D10093414633462846FFF7ADF9044606
S2140095C00028DFD1E7E72124E8E71124E6E729248D
S2140095D0E4E700BFC43B00202DE9F04790F8423096
S2140095E086B0012B05460391A1EB020740F0AA8046
S2140095F0FF2F03D81E464FF0640807E00226012B13
S21400960014BF4FF032084FF06408013600244FF6BE
S214009610FF79DFF844A195F84230012B14BF3223BE
S21400962064239C4202D35FFA88F40DE005AB224621
S2140096305146284627F079FA95F84230012B059BCB
S21400964034D14B452DD1E4B295F84230012B14BFEE
S21400965032226422121BB24217D3012E39D10022C5
S214009660012B05978DF8132027D1082205A90DF1A7
S214009670130027F016FD9DF81330059A42EA0322E0
S21400968021462846FFF730FA40B1022332490093BC
S2140096902846CC23096803AAFFF7FAFE06B0BDE801
S2140096A0F087DBB203B902340134B4E7591CCAD0E0
S2140096B09BB2002BF8D10134F6E7102205A90DF174
S2140096C0130027F0EEFC9DF81330059A42EA034299
S2140096D0D6E7039A012B059223D10823202205A959
S2140096E00DF113008DF8133027F0DBFC9DF81320E6
S2140096F0120221462846FFF7F7F995F84230611C1A
S214009700012BC9B21AD10028BFD12846BDF81420B3
S214009710FFF7EAF90028B8D10234BDF81620E1B206
S214009720AFE71023202205A90DF113008DF81330A2
S21400973027F0B7FC9DF813201204DAE70028A4D11E
S214009740059A9EE7B7F5803F4FF00106BFF457AF86
S2140097504FF032085AE700BFC43B002070B586B011
S2140097600E4605460392A0B390F834309BB3B1F58D
S214009770801F32D2022127F003F831462846184AC5
S2140097800DF11703FEF7BAFD044618B99DF8173019
S214009790032B0ED10223314600932846CC2303AA7E
S2140097A0FFF776FE0446E86B27F083F9204606B0FE
S2140097B070BD022B0BD10A49284627F0D8F9039929
S2140097C002468142EFD02846FFF706FFEAE761240B
S2140097D0E9E72124EAE71124E8E72924E6E700BFC1
S2140097E0C43B0020F7B50C461646054668B390F80D
S2140097F0343063B3B1F5801F2BD2022126F0C0FFB0
S21400980021462846144A0DF10703FEF777FDC0B936
S2140098109DF80730032B14D0022B14D10E4928468E
S21400982027F0A5F9471C024639462846FFF7D4FE1E
S214009830044606B13760E86B27F03BF9204603B0D4
S214009840F0BD2D24F7E76124F5E72124F6E711247F
S214009850F4E72924F2E700BFC43B002030B50C46ED
S214009860054685B028B390F8343023B3B1F5801F91
S21400987023D2022126F084FF0DF10F03214628464D
S2140098800F4AFEF73BFD034688B99DF80F20032AD2
S2140098900DD003222146009202462846FFF7F8FD27
S2140098A00446E86B27F005F9204605B030BD2D24A8
S2140098B0F7E72124F8E71124F6E72924F4E700BFA8
S2140098C0C43B00202DE9F043466886B305689846F9
S2140098D04FF0000CA946AE4655F83C400CF1010C82
S2140098E0C4F31307013401D0B94217D0B4450EF1C2
S2140098F0080EF1D12F46002403E0B44207F1080712
S21400990012D055F8343001340133F6D1C1F31301C7
S21400991041EA0851C7E90012BDE8F08341EA085160
S214009920CEE90012BDE8F083B8F1030F03D101239E
S2140099300372BDE8F083002303E0B34209F108098F
S214009940F5D055F833400133C4F30754032CF4D153
S214009950C1F3130343EA0853C9E90032BDE8F083B4
S2140099602DE9F0410646406882B0B8B10F469046F1
S2140099700024336853F8345003EBC403C5F307528E
S214009980C5F31301013506D05B683046CDF800807C
S214009990B84718B1706801348442EAD302B0BDE813
S2140099A0F08100BF024B1968024B1868FFF780BBB6
S2140099B0FC6400201C65002008B530F076FD014BE5
S2140099C0186008BDF03B0020014B186830F068BDF9
S2140099D0F03B002073B504462248012A00EAC11174
S2140099E09DF8185023F07C4007D9961E012E28D9E2
S2140099F0073303F07F03194308E09DF81C300A4341
S214009A00DB0603F0C053134343F060410023C4E970
S214009A1000108DF80730B5B1202221460DF1070061
S214009A2027F03FFB1A220DF10700211D27F039FB16
S214009A30082063689DF8072043EA8263636002B0EB
S214009A4070BD1143E2E71B220DF10700214627F007
S214009A5028FB23689DF80720042043EAC26323609E
S214009A60EDE700BF80FFFF0738B5094B0D461A68C3
S214009A700021044611F09EFD00234FF0FF322383A1
S214009A80C4E900252361A260E382A37638BD00BF47
S214009A90904A04000138C0B205289ABF014B185CF2
S214009AA001207047954A04002DE9F0410746154607
S214009AB000240E46596888B0490A012922464FEA12
S214009AC0510104F10104F8D8DC78997824031B8846
S214009AD0C90201F4006104F480540C43C3F30A0382
S214009AE05203234492B24FF000089C18274B6FEAAB
S214009AF00444039325F07843ED4302A90DF10700D3
S214009B001B2202938DF8078027F0CBFA9DF80720DA
S214009B10029B02A943EAC2630DF107001B2225F04F
S214009B207845049302958DF8078027F0BAFA9DF8D9
S214009B300720029B6FEA144443EAC26305934FF082
S214009B40FF330794069307A9BB69012206F11000AC
S214009B509847BB6905A90446012206F10800984704
S214009B60BB69404518BF044604A90122301D98472A
S214009B700122404518BF0446BB69304603A99847F2
S214009B80404508BF204608B0BDE8F08101009AB203
S214009B9038B5104B0546D3F800310C4603F00303E6
S214009BA0022B0BD0032B0DD0012B0FD12EF0FCFD7A
S214009BB0032305B1286004B1236038BD2EF03EFEB5
S214009BC00723F6E730F084FC0623F2E701230020A3
S214009BD0EFE700BF0080005038B5134B0546D3F8BA
S214009BE020010C4600F0070004281AD8DFE800F031
S214009BF003090D111500012305B1286004B1236087
S214009C0038BD2EF097FD0423F6E72EF0CDFD032396
S214009C10F2E72EF0CFFD0523EEE72EF0C1FD02237E
S214009C20EAE700231846E7E70080005038B5104BF7
S214009C300546D3F840310C4603F00303022B0BD045
S214009C40032B0DD0012B0FD130F044FC082305B1B7
S214009C50286004B1236038BD2EF0F0FD0723F6E738
S214009C6030F03BFC0923F2E701230020EFE700BFBA
S214009C700080005038B5104B0546D3F860310C46CE
S214009C8003F00303022B0BD0032B0DD0012B0FD1B7
S214009C9030F020FC082305B1286004B1236038BDED
S214009CA02EF0CCFD0723F6E730F017FC0923F2E789
S214009CB001230020EFE700BF0080005041F671321C
S214009CC010B5104C104BA04294BF00240124D96953
S214009CD0DA639A6801F4803122F4401242EA0452B0
S214009CE09A600A4A90420A4AD2F818028CBF40F09C
S214009CF0020020F00200C2F8180209B10022DA635E
S214009D0010BD00BF005A62020000035080F0FA0245
S214009D1000C007502E4B98424AD022D82D4B98426E
S214009D2040D014D82C4B984239D00AD82B4B9842A6
S214009D3032D02B4B98422FD02A4B98422CD0002062
S214009D407047294B9842FAD1284B186F7047284B1A
S214009D5098422AD0274B9842F1D1244BD3F8800062
S214009D607047254B98422BD009D8244B984223D0D5
S214009D70234B9842E3D11D4BD3F88C007047214B00
S214009D80984221D003F5740303F510539842D6D1B8
S214009D90164BD3F898007047144B986D7047134BCA
S214009DA0586E7047114B586F7047104B986F70473E
S214009DB00E4BD3F8840070470C4BD3F888007047DE
S214009DC00A4BD3F890007047084BD3F894007047BE
S214009DD00048E8010024F400C0CF6A0080841E001A
S214009DE000093D0040420F00405DC6000080E00FC5
S214009DF0C0EA210180BA8C01007E560380D543025A
S214009E00006CDC020090D00337B50C460021114BE5
S214009E100191D3F88031054603F00303022B0ED0E0
S214009E20032B11D0012B03D101A8FFF7D5FE0D217E
S214009E300DB1019B2B6004B1216003B030BD2EF044
S214009E40B9FC05210190F3E72EF0AAFC022101904F
S214009E50EEE700BF0080005038B5104B0546D3F83B
S214009E6040320C4603F00303022B0BD0032B0DD01D
S214009E70012B0FD130F02EFB082305B1286004B16A
S214009E80236038BD2EF0DAFC0723F6E730F025FB1A
S214009E900923F2E700231846EFE700BF00800050D2
S214009EA038B5144B0546D3F800020C4600F0070000
S214009EB004281BD8DFE800F003090D111500012364
S214009EC005B1286004B1236038BD30F003FB0823D9
S214009ED0F6E72EF0B3FC0723F2E730F0FEFA09238C
S214009EE0EEE72EF047FC0C23800AE9E7002318462D
S214009EF0E6E700BF0080005038B5144B0546D3F89F
S214009F0008020C4600F0070004281BD8DFE800F023
S214009F1003090D111500012305B1286004B1236063
S214009F2038BD30F0D7FA0823F6E72EF087FC072373
S214009F30F2E730F0D2FA0923EEE72EF01BFC0C23F2
S214009F40800AE9E700231846E6E700BF00800050D5
S214009F50032814D005D8012805D0022809D00020EF
S214009F6005E00F28FBD1084B186FC0F30130013015
S214009F707047054BD3F89000C0F30460F7E7024B38
S214009F80186FC0F38020F2E7008000501FB5002352
S214009F900193252817D8DFE800F0131A1D272C3662
S214009FA03B51565B60656A78161A401616561A2795
S214009FB02C27361A5127783B3B3B3B2727275B60ED
S214009FC02EF0BEFB0190019805B05DF804FB2EF064
S214009FD0D1FBF7E72EF0B4FB02460220FFF7B8FFEE
S214009FE0B2FBF0F20192EEE72EF0C4FB024603202D
S214009FF0F4E72EF0BFFB02460320FFF7A9FFB2FBF3
S21400A000F0F25208EEE7002101A8FFF7FDFEDAE7BE
S21400A010002101A8FFF7E0FDD5E702934FF0E0230B
S21400A0201B695B0705D52EF0A5FB0290029B0193EA
S21400A030C9E703A902A8FFF7F9FDF7E7002101A881
S21400A040FFF7F4FDBFE7002101A8FFF713FEBAE70C
S21400A050002101A8FFF724FFB5E7002101A8FFF7BC
S21400A0604BFFB0E7002101A8FFF792FDABE7094BD5
S21400A070D3F8803003F00303022BA8D0032B01D0C3
S21400A08000209FE72EF096FB9CE7002101A8FFF733
S21400A090E3FE98E70080005008B50120FFF776FF42
S21400A0A0BDE808400349884294BF012102210320ED
S21400A0B000F002B880F0FA02032810B50C4627D04C
S21400A0C004D8012804D0022817D010BD0F28FCD1D0
S21400A0D027F005F827F00BF8124A013C136F23F41B
S21400A0E0405343EA043313672EF044FB0021FFF786
S21400A0F0E5FDBDE81040FFF7CFBF0A4A4C1ED2F878
S21400A100903023F0F85343EA0463C2F89030DCE75B
S21400A110044A4C1E136F23F4806343EA84231367B8
S21400A120D3E700BF008000501FB500230193252809
S21400A13021D8DFE800F013202020202A2F454A4FA0
S21400A14054595E7120203420204A202020202A20C6
S21400A1504520712F2F2F2F2020204F54314B1B6F5F
S21400A16003F00703013B032B05D8DFE803F00C02DE
S21400A170080A04230193019805B05DF804FB032345
S21400A180F8E70623F6E70223F4E7002001A9FFF725
S21400A1903BFEF0E7002001A9FFF71EFDEBE7029368
S21400A1A04FF0E0231B695B0705D52EF0E3FA0B237F
S21400A1B00393039BDEE703A902A8FFF737FDF8E742
S21400A1C0002001A9FFF732FDD5E7002001A9FFF71F
S21400A1D051FDD0E7002001A9FFF762FECBE7002083
S21400A1E001A9FFF789FEC6E7002001A9FFF7D0FC0A
S21400A1F0C1E70C4BD3F8803003F00303022B03D0E7
S21400A200032B05D00023B5E72EF0B4FA0B23B1E7F5
S21400A2102EF0D0FA0523ADE7002001A9FFF71CFEBB
S21400A220A9E700BF0080005008B50320FFF790FEA6
S21400A230034B187026F053FFBDE8084026F057BFC2
S21400A240055B002010B504462EF094FA0021FFF7B7
S21400A25035FD1CB1BDE81040FFF71EBF034B0320C1
S21400A260BDE810401978FFF727BF00BF055B002048
S21400A27038B50546FFF74EFD204B04465A68012ABE
S21400A28004D11F494A609A699207FCD10020FFF763
S21400A2904BFF042803D126F022FF26F028FF194A98
S21400A2A024F0407395421FD0174A95421FD0174A94
S21400A2B0D16811F0060FFBD19068936091684B400F
S21400A2C013F4F81F16D12846FDF766FD0020FFF7A9
S21400A2D02BFF042810D12EF04DFA0021FFF7EEFCDC
S21400A2E0BDE83840FFF7D8BE43F00073DFE743F021
S21400A2F08073DCE79060E9E738BD00BF00C001501E
S21400A30000E0015040420F0080841E000000015013
S21400A31070B504460020FFF707FF03287CD045F6FB
S21400A3200E030221414AC2F88030414B9962012156
S21400A33003F580539962936DD903FCD4D4E90013D6
S21400A3401B0543EA0163E17B94F823500B43217B12
S21400A35043EA0143617B43EA0133A17B43EA81136D
S21400A36013619169D4E904031B0643EA806301F094
S21400A37000410B43A17EE07E0B43217E43EA01436E
S21400A380617E43EA01239361E169136A002923F0A1
S21400A3900D0343EA010314BF0121002143EA8003B1
S21400A3A043EAC103136294F8203094F82200916ABD
S21400A3B04FEA431331D194F8216021F0330143EA88
S21400A3C006130B4343F0010393621A49174A936D31
S21400A3D031EA0303FBD10221154B9962936D5B00B2
S21400A3E0FCD41369A16823F4700343EA0153136194
S21400A3F04FF000420E4B9A6118B9022203F58053C3
S21400A4009A6215B901220C4B9A6294F824301BB15B
S21400A410064B0A4AC3F8802070BD21F03301294359
S21400A4200B4343EA40039362EFE700BF00C00050CF
S21400A43000D000500300014000E00050F1A7FFFFED
S21400A440014B93F900007047065B0020014B188013
S21400A450704700BF166A00200C4A10B51369044600
S21400A46043F0040313612EF0F5FC26F044FE084B7F
S21400A470084AC3F8202430BF26F03EFE02F066F9F4
S21400A4801CB9BDE810402EF075B910BD00ED00E017
S21400A49000E003500000FFFF034A0179D36E23F06B
S21400A4A030030B43D366704700400050F8B50446AF
S21400A4B00D461F4616464AB101238B403021184AE6
S21400A4C001FB0022F7B141F21001535004EB4403A4
S21400A4D0072D4FF00F014FEA031316D8A80006FA0F
S21400A4E000F281400F48184426F009FE4EB90123B9
S21400A4F030210B4AAB4001FB042277B141F2100138
S21400A5005350F8BD42F21001DFE7A5F108008000C5
S21400A51006FA00F281400448E5E742F21001EFE750
S21400A52000C0035004C003500CC00350012200F5C5
S21400A530805310B55A60244B244AC36043691340C5
S21400A540FCD18361C0F89830436913F4401FFBD1F7
S21400A5504369DA052CD4836F53BB43699B0529D422
S21400A560D0F8883033BB0121C26FD0F88C2000F5BC
S21400A57000525160302183600361C3620362016749
S21400A580C0F880101249884208D142F2600411498E
S21400A5908464016543658465016643660C498842A8
S21400A5A002D10020102B08D10B4B5362936210BDD2
S21400A5B0436FCDE7D0F88430CFE703F1280441F8A5
S21400A5C024000133EEE700BF120002005200010033
S21400A5D00040005A00C002808F330F80084608B53E
S21400A5E069B91820FFF7D2FCB0B10C4B984206D9D7
S21400A5F00B4B9B68C3F302730133B0FBF3F0094BBC
S21400A60000F5742000F23F20B0FBF3F001387F28FD
S21400A61028BF7F20C0B208BD0120F0E7005A6202C2
S21400A6200040005A40420F000B4B10B5994228BF1D
S21400A63019460C461AB91820FFF7A8FC0246631EF6
S21400A6401344B3FBF4F0A34228BF00F1FF30032805
S21400A65028BF0320C0B210BD005A620210B51048D1
S21400A660104C002B08BF04468C4228BF0C461AB973
S21400A6701820FFF78BFC02469DF8083040F2FF30AA
S21400A6800133B2FBF3F2631E1A44B2FBF4F3A242A8
S21400A69028BF03F1FF33984228BF184610BD00BFFD
S21400A6A080969800404B4C002DE9F04F2DED068B20
S21400A6B0B64D0C4616462946002285B00746FFF7DB
S21400A6C0B3FF94F805800122804538BF804607F521
S21400A6D000535A6020795FFA88F850B91820FFF7BF
S21400A6E055FCA842014628BFB0FBF8F13846FFF7F4
S21400A6F075FF4FF00009E37822781B01524202F002
S21400A700020203F03003134362780004524202F060
S21400A71004021343A27800F4FE00524202F008023C
S21400A72013434FEA087202F0E04213431843E388EB
S21400A7302289B8603B616389DFF85CA243EA024382
S21400A7403B62574502D1B9F1020F08D1012307F544
S21400A75080577B6005B0BDEC068BBDE8F08F00220D
S21400A76035788B488B49B468954218BF01462B460E
S21400A7708948CDF80080FFF771FF07EB09118B6C55
S21400A780A2B223F0405323F4EE2323F01F0305F078
S21400A79003041C43737882424FEA830303F01C03CE
S21400A7A044EA0304B37838BF02461B03F07803F488
S21400A7B0E0432343040404F4E024234334794FEABB
S21400A7C0091C240704F0405423438B648C6C09F165
S21400A7D0050BC4F30234013C7049042C26D8DFE88C
S21400A7E004F0252503101A00D1F88041240C2DB35F
S21400A7F0C2F309020AEB0B135A6009F1010910367D
S21400A8009FE7D1F88441002DF2D1D1F88C11A4B283
S21400A8100914490015E0D1F88441002DE8D1D1F89B
S21400A8208C11240C091401EB41010AE0D1F8804197
S21400A830A4B2002DDCD1DFED5A7A06E0D1F88C11F7
S21400A840091407EE901AF8EEE77A01210CF1B44CE1
S21400A8500CF5804C2304DCF8483024F4C045C3F3E0
S21400A860820C0CF1010C01FA0CF107EE101A4FEAFB
S21400A870854548BF45F0004513F01C0FB8EEC79A53
S21400A880F6EE008A454B55D1D3F88C110BB208EE84
S21400A890103AB8EEC88A38EE278A9FED42AAF7EE3D
S21400A8A0049A00285DD1039226F0A3FC07EE900AD6
S21400A8B0F8EE677A87EE8A7AC9EE877A27EE888A74
S21400A8C0039A9FED397AC7EE097A9FED387A67EEDC
S21400A8D0877AB1EE007AB5F1004F48EE077A0BD0D2
S21400A8E09FED337A06EE104A77EE876ABAEEE86A8C
S21400A8F0F0EE477A56EE267AF5EEC07AF1EE10FACA
S21400A900CBBFF1EE677A78EEE78A77EEE87AFDEE6F
S21400A910E87AC8BFFDEEE77A17EE901AB1F5003F69
S21400A9202ADB6FEA55456FEA45451B484FEA0B118F
S21400A93045505DE7D3F8901169EE286A09B207EE34
S21400A940101AB8EEC77AD3F8881177EE677A0BB28A
S21400A95008EE103A87EEA67AB8EEC88A38EE078A6E
S21400A9609BE7D6ED037AF8EE677A87EE8A7AC9EE29
S21400A970877A27EE888AA4E711F5003FAABFC1F3BD
S21400A980110145F400350D43CFE700BF005A6202BF
S21400A990404B4C00809698000040005A0080E00F24
S21400A9A00000000000007A440000804300002044BD
S21400A9B00000004941F67132034BDA63012203F5C9
S21400A9C00053DA60704700BF0000035041F6713252
S21400A9D00121044BDA6303F50052D1600022DA63EA
S21400A9E0704700BF00000350044B1868421C02BFAB
S21400A9F0034AD2F894001860704700BF2065002014
S21400AA0000400050CB784A7810B55B010C7843EADA
S21400AA1082030A79234343EA02130C22424302F1DB
S21400AA20B0421363012C02BF8A78024B43F8202001
S21400AA3010BD00BFD080035008B54FF0B0435A6831
S21400AA4002B960B15B680BB126F0FBFB4FF0B0417A
S21400AA5030B10120074B586026F0F3FBC86008BDF4
S21400AA6026F0EFFB0223CB6026F0EBFB0122024B25
S21400AA705A60F4E700100058002000584FF0B0412C
S21400AA804B6810B50BB126F0DCFB01220B4BC478EB
S21400AA905A608378934043EA8403447823430479D6
S21400AAA043EA0413447943EAC4038B60044B5A60B8
S21400AAB00378C3F10203CB6010BD00BF002000582E
S21400AAC000100058054B5B69C3F38512827003F0D3
S21400AAD03F021B0B42700370704700BF00C0075058
S21400AAE00120034B9B680A3303F01F03984070470E
S21400AAF00080E00F034BD3F82424D3F82004104042
S21400AB00704700BF00C003502DE9F8431E4B0546B2
S21400AB10D3F810334B1E0E2B0E46174690F80090B7
S21400AB2044781DD909B34FF000082846D7B12FF056
S21400AB30D7FC09EB4903072C4FF00F014FEA03132C
S21400AB4015D8A400114808FA04F2A140184426F0CB
S21400AB5080FBBEB928468FB1BDE8F8432FF0C0BCD5
S21400AB608846E2E726F084FBE3E78846E1E7083C10
S21400AB70A400074808FA04F2A140E7E7BDE8F84356
S21400AB8026F076BBBDE8F88300C0035004C003502F
S21400AB900CC003502DE9F041204B1646D3F8102385
S21400ABA04A1C05460C46407804D1D3F8241426F0F7
S21400ABB06DFB0446002C2EDB072C14DC03274FEA23
S21400ABC084082A7807FA08F73946154802FA08F280
S21400ABD026F03FFB6A78394602F00302114802FA73
S21400ABE008F226F036FB012316F0050F0E4A18BFB2
S21400ABF00E4903FA04F30CBFC2F81034C1F810343F
S21400AC0016F0060F18BF094AC2F814340123064A84
S21400AC10A340C2F820342046BDE8F08100C00350AF
S21400AC2000C4035008C4035000E0035000D0035093
S21400AC3070B504462AF00CFF064630B90FCC044D1A
S21400AC400FC594E80F0085E80F00304670BD00BFC2
S21400AC50F43B002047F6FF739A42F0B570D0022905
S21400AC6070D8394B5B5C022B6CD8384DDE0005EB98
S21400AC70C304A77815F83330012F394638BF0121B1
S21400AC80012B16D1E078401A0021884205D8012F02
S21400AC902CBFC0190130C0B2F0BD431A6568A0EBE6
S21400ACA0530335F913509542D4BF194603F1FF30CC
S21400ACB0EBE760680028EFD0B0F90040944204DB70
S21400ACC0B0F902409442B8BF144683883544FF2B3F
S21400ACD019BFC8232827B0F90630B0F90870A3EBCF
S21400ACE004030CBF0122002293FBF7F36E78134493
S21400ACF01BB29E4201DD002B01DA731E1BB24FF41D
S21400AD007A7C00EBC305EA88AD685F1C14FB025230
S21400AD101D4622EAE2723BB25C329E42B2FBFCF275
S21400AD2004DD00EBC307BF889742EAD200EBC503F9
S21400AD309888904228BF1046884238BF0846AAE73F
S21400AD40FF20A9E70020A7E79B4A0400F43B002069
S21400AD500229F0B560D8314B595C02295CD8304BDB
S21400AD6013F83100012816D103EBC1039C78D8787C
S21400AD70012C214638BF0121904294BFC1EB00014F
S21400AD80C1EB0201001BCAB28242C8BF00225B6848
S21400AD9033F91200F0BD002A3CD003EBC10359681A
S21400ADA0002939D09878904202D3B1F90200F1E731
S21400ADB0DC78B1F900009442ECD95C788B88013CD1
S21400ADC0A3F1FF06734201F10405E4B2734101F1F9
S21400ADD00C07DEB2B44216D805EBC3034FF47A75FF
S21400ADE06A43B3F902405B68D21A04EBD47302EBF1
S21400ADF0630292FBF4F29042CCDBB1F9020090427F
S21400AE00C8DC10B2C6E737F833C05E1C9445E3D3FF
S21400AE103346DEE70348BDE70348BBE79B4A04002A
S21400AE20F43B00200CFEFFFF0080FFFF08B504483F
S21400AE30FFF7FEFEBDE8084001202AF00FBE00BF67
S21400AE40A04A04007FB51422002101A810F0B2FB2E
S21400AE50044B01A94FF0FF3002932AF045FE07B0DD
S21400AE605DF804FB006A18002DE9F0418CB08846B6
S21400AE70DDE912761D460446002847D0002945D055
S21400AE80002F43D0002E41D013F00F033ED12048B0
S21400AE902049A360002A08BF01462362C4E90013C4
S21400AEA0404609A926F084FA68BB204609992FF087
S21400AEB072FB294620462FF06EFB6946404626F078
S21400AEC006FB00BB6946204626F031FB404603A938
S21400AED026F008FBB8B9204603A926F028FB0697FB
S21400AEE00127204645F0005506A90797089526F045
S21400AEF01EFB204609A909960A970B952FF071FBB1
S21400AF0020462FF02BFB0CB0BDE8F0812120FAE79D
S21400AF1000010004000101042DE9F04F97B08946B6
S21400AF2090461F460546DDF880A0002800F0BB804E
S21400AF30002900F0B8803AB1229B002B00F0B380C5
S21400AF40239B002B00F0AF80BAF1000F00F0AB801F
S21400AF50219B002B00F0A78067B13C680026229B4F
S21400AF6043440293464507D307B13C60002017B020
S21400AF70BDE8F08F3C46F1E75CB1229B219A9B5DD1
S21400AF80125D01345340239A04F00F0493550136A2
S21400AF90E8E7A8EB060BBBF10F0F58D9434B484622
S21400AFA0C5E90034AC602C6213A926F001FA00282B
S21400AFB0DDD1284613992BF00F0B2FF0ECFA5946EB
S21400AFC028462FF0E8FA484604A926F080FA00281A
S21400AFD0CDD1284604A926F0AAFA484607A926F0A5
S21400AFE081FA0028C3D1284607A926F0A0FA012333
S21400AFF022992F4ACDF828A00B930C928A190D920D
S21400B00028464BF000520AA90E9303920F9226F0A0
S21400B0108EFA28460DA926F08AFA239B039A9919D8
S21400B0200123109111931292214A284610A9CDF8B7
S21400B0304CA0149315922FF0D4FA284613A92FF09B
S21400B040D0FA28462FF08AFA5E4400288FD1229B39
S21400B05003EB060B239B1E44029B9B4501D14646F1
S21400B06080E7ACB9219B2246CDE900A349461023D0
S21400B0702846FFF7F9FE00287FF479AF0AF11002A0
S21400B08012F8013D0133DBB213700BB95245F7D10C
S21400B090219A1BF8013B125D0134534006F8013B30
S21400B0A004F00F04D8E7212061E700BF0303000483
S21400B0B0100000207FB50E461D460446F0B102B9CA
S21400B0C0E3B901230192029345F000530393002352
S21400B0D00B4AA360C4E900232362204601A926F098
S21400B0E026FA314620462FF056FA204629462FF0FB
S21400B0F052FA20462FF032FA04B070BD2120FBE74A
S21400B10000000943084B984202D0084B984207D1EA
S21400B1100B88B3F5105F14BF6FF0850000207047F2
S21400B1206FF08500704700BF004440040013C00461
S21400B1301038102808D8064BC34013F0010F0CBF78
S21400B1406FF08600002070476FF08600704700BFE3
S21400B150010101002DE9F04FA7B008AFCDE90501C8
S21400B160DDE93295DDE9346A00210792384610227F
S21400B1709846DDF8D8B010F01DFA102200210CA871
S21400B18010F018FA069B2BB96FF08604204627B0FD
S21400B190BDE8F08F079B002BF6D0B9F1000F01D168
S21400B1A0002DF1D1309B13B9319B002BECD116B991
S21400B1B0BAF1000FE8D1BBF1000FE5D04046059983
S21400B1C0FFF7A0FF04460028E0D1014628221CA86D
S21400B1D010F0F0F92022214614A810F0EBF91CA874
S21400B1E02FF0CFF9002840F0AF80DDE90612059871
S21400B1F014AB26F0E8F904460028C7D11498FFF7E8
S21400B20097FF04460028C1D115B9CBF80000BDE76A
S21400B210B14518D209EB05039E4214D25545B3D862
S21400B2202A464946304610F017FA554B984526D020
S21400B23006D3544B984524D003F54073984520D048
S21400B2406FF08504A2E74F4B98451BD003F540737B
S21400B250984517D04A4B9845F2D1554594D815F0E5
S21400B2600F0291D12B46CDE9009614A91CA8FFF732
S21400B270FBFD814600285CD1CBF8005086E7B1463E
S21400B280EDE7B1461022002110A810F093F95545BD
S21400B2903FF67AAF3C4B9845319B39D10D2B7FF466
S21400B2A073AF01238DF84030309B0DF1410203F15E
S21400B2B00C0153F8040B8B4242F8040BF9D11B78AF
S21400B2C0137001238DF84F3015F00F0842D025F08B
S21400B2D00F034B440DF1300C03F1100E6246186854
S21400B2E05968083303C273459446F7D10F2D33D8F7
S21400B2F025F00F03334403930CABCDE9017310AB79
S21400B30000934246002314A91CA8FFF705FEB0E7E9
S21400B310102B7FF439AF309B10AA03F1100E944621
S21400B320186859680833ACE8030073456246F6D1DE
S21400B330CAE752460021304610F03CF90023B9F126
S21400B340010FCBF8003002D06FF092041EE76FF0CA
S21400B3508B041BE70F2D8FD910ABCDE90296009317
S21400B3600197002325F00F0214A91CA8FFF7D4FDAF
S21400B37081460028DDD1B8F1000F3FF47DAFB7E776
S21400B380004440040010C0040013C0042DE9F04F30
S21400B3908A46A1B00021DDE92A56DDE92C79059020
S21400B3A0934606A81022984610F004F910220021B1
S21400B3B00AA810F0FFF8BAF1000F05D16FF0860466
S21400B3C0204621B0BDE8F08FBBF1000FF6D00DB9D6
S21400B3D0002EF3D117B9B9F1000FEFD12E9B002B39
S21400B3E0ECD040460599FFF78DFE04460028E7D1CD
S21400B3F00146282216A810F0DDF8202221460EA8C5
S21400B40010F0D8F816A82FF0BCF8002854D15A46E9
S21400B410514605980EAB26F0D6F804460028CFD144
S21400B4200E98FFF785FE04460028C9D116B92E9B54
S21400B4301860C5E7BD4216D2AB199F4213D24E45DF
S21400B440BCD832462946384610F006F93A4B98459D
S21400B4505BD003F54073984531D0384B984511D0F2
S21400B4606FF08504ACE7344B98454FD003F5407336
S21400B470984525D0314B9845F2D14E4503D96FF00B
S21400B48089049DE73D46330798D133460122CDE92E
S21400B49000570EA916A8FFF7E7FC2E9B05461E6070
S21400B4A000288DD04A460021384610F083F8002345
S21400B4B02E9A012D13603BD06FF0920480E73D4634
S21400B4C00D3E4E45DBD801238DF828302B460DF176
S21400B4D0290205F10C0153F8040B8B4242F8040BC9
S21400B4E0F9D11B780D3513704FF48073ADF83630F4
S21400B4F006AB01930AAB009332460023CDE9025710
S21400B5000EA916A8FFF708FDC7E73D46103E4E45B4
S21400B510B5D82B460DF1280C05F1100E62461868BA
S21400B5205968083303C273459446F7D11035DFE7F0
S21400B5306FF08B0444E700BF0010C00400444004D2
S21400B54010B54FF42F720021044610F033F8802314
S21400B550C4F88C30054B04F19C00C4F884300123F9
S21400B56084F88830BDE8104025F079B87EB2030034
S21400B57010B5D0F8A0400A468CB926F03AFA044630
S21400B58010B90024204610BD2D2896BF064B07494B
S21400B59053F82010064A074826F071FBF2E7D0F869
S21400B5A0A4101046A047ECE78C4B040081B20300C1
S21400B5B01CAE0300B1B30300F8B590F880600446F3
S21400B5C016B100263046F8BD26F046F80028F8D119
S21400B5D0012384F8803094F8883033B1D4F884108E
S21400B5E01F4884F8886026F04AFB4FF0FF37D4F8EF
S21400B5F0B402421C1FD0C4F8B47210F0FF052CD061
S21400B600204626F026F82946204600F0A7FB00280C
S21400B610EDD0204626F02BF894F888303BB1D4F8CD
S21400B62084100F4826F02BFB002384F88830002374
S21400B63084F88030C6E726F007FB431CDDD1D4F83B
S21400B6408C30D4F89420013B9A4204DB054A064924
S21400B650064826F014FB0126E9E70126C7E700BFE7
S21400B66053C503001CAE03008FB20300B1B3030042
S21400B670F8B50B780446302B0D46164604D14B78A9
S21400B68003F0DF03582B11D0284F6A1E12F8011F53
S21400B690002934D128460A220FF07CFE202C0346CF
S21400B6A00D4631D1B1FA81F040091AE04A1C1F4913
S21400B6B012F8013F8BB928460FF078FE1C4B023873
S21400B6C02340032B12D10134A41084420AD1A87857
S21400B6D037288CBF0020012003E0CB5C13F0440029
S21400B6E0E6D1F8BDCCBF01200020FAE7002CB8BF99
S21400B6F00334B0EBA40FD4BF01200020F1E77B5C3D
S21400B70013F00400C2D1ECE726B1084302D0013B97
S21400B71061F100050122A240013A1A40002D08BF3F
S21400B7209A420CBF01200020DBE700BFF571040041
S21400B73003000080F0B5037801467B2B17D1064640
S21400B740022400220B4F16F8015F7D2D05D10B5DFC
S21400B7506BB9D24302F0010008E07B5D13F04400B1
S21400B76002D001320134EEE7202DFBD0F0BD0020E0
S21400B770FCE700BFF571040070B506460D460FF0F5
S21400B78015FE0446304626F07AFA044EAC4200D344
S21400B79070BD304626F073FA0134F7E72BBC030081
S21400B7A02DE9F84F044602215148FFF7E5FF1E2118
S21400B7B02068FFF7E1FF6368586826F060FA4D4896
S21400B7C026F05DFA67683B7BFD2B12D8D7F8088019
S21400B7D04FF0FF3640460FF0E9FD0546DFF81091C2
S21400B7E0DFF870A1DFF84CB10C3717F8013BFF2BE0
S21400B7F001D1BDE8F88F212B18D8212B36D8DFE8E9
S21400B80003F0377274111B1D1F213535353535355C
S21400B8103535232527292B2D2F313535353535352B
S21400B82035353D33344C002D2BD12EE0334C344A85
S21400B830FE2B08BF1446F6E7324CF4E7324CF2E72C
S21400B840324CF0E7324CEEE7324CECE7324CEAE7AB
S21400B850324CE8E7324CE6E7324CE4E7324CE2E7BB
S21400B860324CE0E7324CDEE7324CDCE7234CDAE7DA
S21400B870314CD8E726F0F7F901362AE0002DB4D08F
S21400B8802E4C202B06F10106AFD002214846FFF7CA
S21400B89073FF1E214846FFF76FFF504626F0EFF96C
S21400B8A05946204610F0DCF82549002818BF2146E6
S21400B8B0244826F0E4F93B78202B02D12B2026F0F2
S21400B8C0D2F9214826F0DBF94DB118F806301F2BC7
S21400B8D005D018F806001F2801D0AE42CADB05487E
S21400B8E026F0CDF981E7194C9DE7194C9BE700BF80
S21400B8F03FFF03001CAE030039B303004BB3030045
S21400B90071CF030096B303009DB303008EB303000C
S21400B9108AB3030081B3030077B303006DB303005B
S21400B92082B3030078B303006EB3030063B303006F
S21400B9305CB3030053B3030038B303003EB3030005
S21400B94049B3030053C50300C2B6030095B3030012
S21400B9509CB3030059D003002DE9F04F9BB0054679
S21400B9608B460024009203930FF020FD249F039B38
S21400B97004901C6028463C600AAA09A926F0A1F992
S21400B980064658B90A980FF011FD3446B046039B98
S21400B9901860D5F89C300293029B1BB920461BB05A
S21400B9A0BDE8F08F029BD3F80890B9F1000F6CD079
S21400B9B02E4416F8013B202B11D000260C2373438F
S21400B9C009EB030A59F803300193002B58D0099B62
S21400B9D0434555DB9AF808202AB1721C39E03B68CB
S21400B9E001333B60E5E73968D5F894200793039B5D
S21400B9F0521A1A601AAB03EB880151F8403C0199C1
S21400BA00184605930FF0ECFF06900028E5D1019844
S21400BA100FF0CCFCDDE906230146DAF80400D7F87F
S21400BA2000A090F80CC0BCF1FE0F16D103F1FF3E4B
S21400BA30C64512D0D0F80090059801920FF0B6FCDB
S21400BA400AF1010A019A50442B5C23B1386008F1D0
S21400BA5001081646B2E70130F6E7D5F894200591BE
S21400BA60A2EB0A028A4220DC58460FF09FFC05999A
S21400BA7001447B290DD958461F4A009924F016FE2A
S21400BA802B46049A2A4493422CD1029B1B680293AD
S21400BA9082E7DDE90012584624F008FE5846174AA9
S21400BAA00099013424F002FE97E7BCF1FE0F94D112
S21400BAB0013B434591D1D0F800A0DFF840905AF8FA
S21400BAC00C2B22B9049B3B60039B1A60D8E75846B0
S21400BAD0009924F0EBFD4A465846009924F0E6FD0E
S21400BAE00134ECE713F8011B0029CCD14FF02001FC
S21400BAF003F8011CC7E700BFA3B303002BBC030079
S21400BB002DE9F047002486B01C60DDE90EA8064645
S21400BB1089468AF800401168154888F8004017469C
S21400BB201D468DF81740FCF7A5F818B901242B68B8
S21400BB3001332B600020D6F89C6036B914B101237F
S21400BB4088F8003006B0BDE8F087B06868B14B46AC
S21400BB500021CDE902A8CDE900750DF1170225F008
S21400BB60E7FE9DF81730002BE8D13668E5E700BF02
S21400BB70A8B303002DE9F0470446ADF5447D8022C6
S21400BB80002104A802AF0FF015FD80222046009782
S21400BB9003AB04A9FFF7E0FE01283DD104A80FF08F
S21400BBA005FC03993B68461A0B4426EAE6762344CE
S21400BBB0054604A83246014418460FF08BFE0022C4
S21400BBC08255D4F89060039B3968D4F890201944C5
S21400BBD0B14212DCD4F89410E81A0244C4F890205B
S21400BBE0014404AAC4F89410D41825182B1B002B63
S21400BBF00DDC0DF5447DBDE8F087A05C26F033F83B
S21400BC00D4F8903001360133C4F89030DBE714F8EE
S21400BC10010B26F028F8E9E7EBDD24AD80220021B1
S21400BC2028460DF5887A0FF0C5FC0DF110094FF483
S21400BC300072002150460FF0BDFC4FF001084A4646
S21400BC40002312F8016BA6B904A84AF828300FF0B2
S21400BC50ADFB2946334698451CDB19F8016B0DF5FC
S21400BC60887C5CF8042B82420CD101F8016B01330E
S21400BC70F1E7202E03F1010304BF4AF8283008F14B
S21400BC800108DEE70DF1100E7244D25CB242E8D035
S21400BC900022EA54D4F89060039BB3422FDC23467C
S21400BCA02C4A04A92C4825F0EAFF28460FF07EFB14
S21400BCB00646039B3F68F61A1F4426EAE672E0191A
S21400BCC017441D44E11904F1900399423CD904F14C
S21400BCD09803984238D26A1E81190B1A002B27DD6A
S21400BCE012F8013F00F8013BD4F890300133C4F855
S21400BCF09030D4F894300133C4F89430EDE7D4F89B
S21400BD0090300136E05C25F0AEFFD4F89030013379
S21400BD10C4F89030C0E7D4F89020013B0132C4F854
S21400BD209020D4F894200132C4F89420002BF2DC42
S21400BD3000232E44E355731B002B7FF75AAF15F8EC
S21400BD40010B25F090FFF6E729460FF0C3FD3346BA
S21400BD50ECE700BF7EB20300ADB303002DE9F84365
S21400BD60D0E9245604460F46002294F89830012B5A
S21400BD7007D10A2F07D1002384F898300020BDE8A9
S21400BD80F88300F29F801B2F01D10223F4E70D2FCA
S21400BD900DD1012384F898300D2025F064FF0A2089
S21400BDA025F061FF00230120C4E92433E7E74FF0C4
S21400BDB00008082F84F8988034D1454530DDB54218
S21400BDC00FD1384625F04FFF202025F04CFF013DCF
S21400BDD0384625F048FF013E04F80580C4E924569D
S21400BDE0CCE7FBDA05F1FF39384625F03CFF04EBDB
S21400BDF00903A6EB0902611918460FF02DFC04F89A
S21400BE0006800146013E484825F039FF35464D4537
S21400BE1001DC4D46E2E7082025F025FF013DF6E768
S21400BE20ACD0DBE77F2F1CD1002EA7DDB542A5DA0C
S21400BE306319691C21441846721B0FF00DFC04F8A8
S21400BE4006800146394825F01AFF0820013E25F0F5
S21400BE500AFFB542F9D1D4F89430013BC4F89430C7
S21400BE608CE70A2F98D0092F03D12046FFF782FED1
S21400BE7084E7D4F88C30013BB3427FF77FAFB542FE
S21400BE8004EB050805F101090CDB384688F800705C
S21400BE90D4F89430C4F890900133C4F8943025F068
S21400BEA0E2FE6BE74146721B04EB09000FF0D4FB81
S21400BEB0404625F0E4FE0820013E25F0D4FEB542BB
S21400BEC0F9DDE2E7022B06D15B2F01D1032353E70E
S21400BED084F8982049E7032B7FF450AF413F84F85D
S21400BEE09820032F3FF64AAFDFE807F002070A164E
S21400BEF00121204625F068FE40E74FF0FF31F8E7C5
S21400BF00B542BFF63BAF605D25F0ADFED4F890308D
S21400BF100133C4F8903031E7002D7FF72FAF013D95
S21400BF200820C4F89050BAE7B6B30300B0B70300D1
S21400BF3008B50248FEF79CF9002008BD00B4C4040A
S21400BF4030B58BB06C46174D0FCD0FC40FCD0FC458
S21400BF5095E8030084E80300134BD3F84C21120342
S21400BF601CD5A3F5FE431C884FF6FF739C4208BF02
S21400BF708C248DF81940FEF763FA204480F30800FD
S21400BF808DF818000948FBF70DFF6846FEF7C0F964
S21400BF903220FEF75BFA00200BB030BDD3F85041DC
S21400BFA0E4B2E6E7444C04000080E00F00F04902EB
S21400BFB00028ACBF00F16040064B4FEA0111C9B241
S21400BFC0ABBF00F5614000F00F0080F80013195475
S21400BFD0704700BF14ED00E008B52EF073FA0B4B67
S21400BFE01A7872B901221A702EF067FA6FF00402FE
S21400BFF010460132052152B2FFF7DAFF3D2AF7D18B
S21400C00008BDBDE808402EF058BA00BF075B002008
S21400C010002807DB01234109034A00F01F00834084
S21400C02042F82130704700BF00E100E0054B4211A6
S21400C03053F8223000F01F0023FA00F0C04300F04F
S21400C0400100704700E100E0002808DB01224309F8
S21400C050034900F01F008240603341F823207047F8
S21400C06000E100E010B504462EF01FFA024B1C60FB
S21400C0702EF016FA002010BD1C3C002010B52EF045
S21400C08014FA034B1C682EF00BFA204610BD00BFB6
S21400C0901C3C002038B50C461546014610B9FFF783
S21400C0A0EDFF01462B46224603480EF093F9002882
S21400C0B0D4BF3720002038BD191E030008B500F095
S21400C0C0E3FB18B16A2102482EF0F1FA002008BD01
S21400C0D0BBB3030008B500F049F80C4A536A43F4B2
S21400C0E070235362EFF308834FF0CD31084A043BC8
S21400C0F0934208D200F070FAFFF7E0FFBDE8084070
S21400C1000448FEF795BD43F80419F1E700ED00E09A
S21400C11008000020A04A040007B5042200200DEB0A
S21400C120020129F059FC042803D0D72104482EF038
S21400C130BEFA019800F0DCF903B05DF804FB00BF1E
S21400C140BBB30300082310B50C0A41400648C9B229
S21400C15041F30002013B024013F0FF0382EA510163
S21400C160F6D184EA010010BD2083B8ED38B5FEF79D
S21400C1703BFC044625F05FF8E3072AD4012210466C
S21400C180114600FA01F3234002F1010223D01D4BB1
S21400C19033F811301C48062B028844881B4920D1EE
S21400C1A04FF20F039C4219D1B2F5406F28BF4FF4EF
S21400C1B0C0624CF23C330A80438040F201730A8826
S21400C1C09A4201BF124B134AD2E90001C3E90001AB
S21400C1D015E00021DBE7102AD2D1DBE74FF4C0627E
S21400C1E0E7E740F20725AB420AD14FF20F05AC4213
S21400C1F006D19A4204D14CF23C320B80428038BDC4
S21400C2000B80DAE7084E040018620020F255002082
S21400C210203C002010620020014B1888704700BFA9
S21400C220F2550020014B1888000A7047F25500208E
S21400C230044B05481B881A0AB3F5406F38BF00EB5D
S21400C24082007047F2550020D84D0400044B188831
S21400C250044B020A53F82230C0B203EB800070474A
S21400C260F2550020A84D040010B504462EF021F922
S21400C2704FF20F02044B1C805A80BFF35F8FBDE85D
S21400C280104025F093BD00BF186200206D4A2DE9CE
S21400C290F0416D4B55686D4C5D65516A99656C490A
S21400C2A0D1F80002D865D1F80412586B1966916A65
S21400C2B010F0040F5966D16A4FF000009966116BB2
S21400C2C0D966516B1967D26BD8645A67D3E90E12D8
S21400C2D018BF11465F4A91421A655DD301F12000EE
S21400C2E0A04259D88869C5F308051864CE69062D9A
S21400C2F05E6455D1584DA84252D3584DA8424FD2ED
S21400C30005884DF6426085424AD11868C3F8900009
S21400C3105868C3F8940040F20170A242154604D251
S21400C3202E680432B6F1CD3FF7D00022C3E91E22B4
S21400C330C3E92022C3E92222641BDFF81CC1434D57
S21400C340DFF818E19C648D422DD8D3E91EC7D3E9E7
S21400C3502065D3E922414FF0000E013AD2B2FF2AFF
S21400C3603CD1BEF1000F05D0C3E91EC7C3E9206566
S21400C370C3E92241B3F85430C3F308030C2B3BD86F
S21400C380022B54D9DA1E092A51D8DFE802F03157B9
S21400C390404350505050504D0021C3E910112D49D4
S21400C3A04FF42060B9E755F8044D6445CBD3744587
S21400C3B0C9D2E607C7D50026294F57F8048FA045EF
S21400C3C0C1D00136062EF8D132B1013AD2B202F10E
S21400C3D01E0643F82640B6E70522F8E7E0464FF08B
S21400C3E0010EBC4637462E4625460C464146B4E767
S21400C3F040F60120BDE8F0813B2B18D1194B9B6914
S21400C40013F0020F40F2025318BF1846F2E740F648
S21400C4100320EFE740F6042240F20173B0F5206FE8
S21400C4200CBF10461846E5E740F60520E2E740F662
S21400C4300722013B4B2B98BF1046DBE740F6022055
S21400C440D8E700BF00ED00E0806100200810002063
S21400C45000E100E008000020D0420000C0AA03006F
S21400C460F46100200080015A00F00CB800F00AB811
S21400C47000F008B800F006B800F004B800F002B803
S21400C48000F000B872B61EF0080F09D01EF0040FB8
S21400C4900DD0DFF850E0AEE8FF1F6FF002000CE0B2
S21400C4A0DFF840E0AEE8FF1F6FF00E0005E0DFF8B3
S21400C4B034E0AEE8FF1F6FF006006946EFF309822E
S21400C4C08EE8070086460848084C854501D3A545F2
S21400C4D001D384F30888FFF7D9FE84F30888FFF7B2
S21400C4E0C3FE0000806100204800002008100020E5
S21400C4F04BF6EF6283B2002B08BF1346044A000CCB
S21400C50013804FF6CE2308BF1846024B188070479C
S21400C5101A6A0020186A00200B4BB3F9002018880E
S21400C520002AB8BF80F0620042001A80074AB2F9BB
S21400C530001013880029BCBF83F4805383F00B03DC
S21400C54059001180584070471A6A0020186A002067
S21400C55007B5684600F01AF8DDE900010022034B33
S21400C56003B05DF804EB25F01DBF00BF283C00209B
S21400C57007B5009313460A460146034825F0C6FC55
S21400C58003B05DF804FB00BF283C00200249034AC4
S21400C5900160521A42607047E06A002000000120E5
S21400C5A000487047283C002038B5416004462DF00E
S21400C5B07CFF05462146044824F054F82846BDE88A
S21400C5C038402DF06DBF00BF503C0020014824F0DD
S21400C5D046B800BF503C00200222014B1A67704745
S21400C5E00040005070B52DF060FF174E0546174806
S21400C5F02EF006F83378CBB900F046F9044620B1A1
S21400C60028462DF04DFF204670BDFFF7DFFF2EF0C9
S21400C610C1F80F4B1C602CF099FD0E4B0E4A1860AB
S21400C620536F43F00103536725F0D8FE00F028F857
S21400C63025F0EBFE094B00241860012328463370D2
S21400C6402DF02EFFDFE700BF135B0020804C0400B8
S21400C650543C00207C3C002000400050583C002009
S21400C660054B1B685843054B00F5742000F23F202D
S21400C670B0FBF3F0704700BF7C3C002040420F0048
S21400C680294B2A4AD3F8003170B503F00303136030
S21400C6902CF0F2FA4FF4C870FFF7E2FF0022244BAA
S21400C6A024491860244C0B680132D2B20A2A44F896
S21400C6B0040BF9D1034400EBC00003440B601F4B8E
S21400C6C01F4D1B7813B3184BD3F8003103F0030348
S21400C6D0022B22D0032B23D0012B17D12CF064F889
S21400C6E0024698B1174B184EDC6800231946C4F36F
S21400C6F00B04013404EB84040138E4FB06010EF05D
S21400C700EDFBFFF7ADFF2B6803442B601F20FFF700
S21400C710A7FF2B6803442B6070BD2CF08FF8DFE773
S21400C7202DF0D6FEDCE700BF00800050BC3C0020A9
S21400C730803C0020843C0020883C0020175B0020C2
S21400C740B43C002000C0015040420F000122154BAF
S21400C75010B55A67144B154C1B7813B302202EF0F5
S21400C7600AF8F0B12CF078FDD8B1A36DD90302D544
S21400C770E36D9A0715D40D4B9B6DDB0711D4012290
S21400C7800B4B1A702DF0EBFFBDE81040094B0A4A20
S21400C7901860136F23F0070343F0030313672BF0AF
S21400C7A0E9BF10BD00D00050185B002000C000504C
S21400C7B0155B0020B03C0020008000500122014B99
S21400C7C01A707047185B002007B5FFF7C1FE01A876
S21400C7D0FEF778F99DF80530012B25D1234B9A6D8D
S21400C7E0D20311D45A6B6FF3162242F4BC1242F4F1
S21400C7F0A0625A631A6B22F4704242F440421A63F3
S21400C8001A6B42F4E0621A639DF8043063B94FF085
S21400C81000531B68164B1B68164B1B68164B1B6891
S21400C820164B1B68164B1B68164AD2F8803043F02E
S21400C8300303C2F8803025F0F0FDFFF7CDFBFFF7CD
S21400C84077FBFFF77DFB0DF00FFEFFF7CBFE00F04A
S21400C8501BF825F0E3FDFFF73DFC25F0EEFD28F084
S21400C860EBFE03B05DF804EB25F0D9BD00C0005028
S21400C870004000200080002000C0002000000120B2
S21400C880004001200080005070B52DF01BFE144EB5
S21400C89005463478FCB9134B1C60134B1C60134BD5
S21400C8A01C6000F031F801202CF0C4FD2CF0B6FD21
S21400C8B00F4B0246186020B928462DF0FEFD2320B7
S21400C8C070BD234640F2E7310A480EF007FB0A4BDC
S21400C8D018600123337028462DF0EFFD0020EFE7A7
S21400C8E01B5B0020CC3C0020C83C0020D43C002031
S21400C8F0D03C002018FCFFFFC43C0020014B186809
S21400C900704700BFC43C00201FB50024184B1868B1
S21400C9109A880290D3F806009B7A00901548ADF8E6
S21400C9200C208DF804302DF06BFE02A88DF8084020
S21400C9308DF80C40FEF7A2F8694601208DF80040FD
S21400C940FEF760F81F220C4B9A615A614FF0B04216
S21400C950936A13F00803FBD113620120FEF76CF80C
S21400C9600A20FFF771FB0A20FFF752FB04B010BD48
S21400C970314E0400784C04000020005810B52DF00D
S21400C980A1FD4FF0B04304465B691A07074A03F05F
S21400C990010003F00D0348BF40F0020053612CF085
S21400C9A071FC2046BDE810402DF087BD00200058E1
S21400C9B021282DE9F341054604D82C46204602B02E
S21400C9C0BDE8F08100240B4E0B4FDFF830800023CB
S21400C9D0CDF800801A461946386824F08CF984424F
S21400C9E0EBD2222CE9D056F8043BAB42E6D0013419
S21400C9F0EDE700BF505104001C650020FFFF0F004C
S21400CA002DE9F04F644E654D89B025F062FD316822
S21400CA102868FCF74DFB0446002827D0336800241E
S21400CA20D3E900019A6912689047336804A89B69A5
S21400CA309B689847336802209B69DB689847326892
S21400CA4005985368E7B2B3FBF0F3BB42916904F173
S21400CA5001044ED8CB680020984733689B695B6812
S21400CA60984731682868FCF723FB04460027DFF860
S21400CA7044A1DFF84481DFF84491F4B9484B2868B4
S21400CA80DB5D002B00F08380D8F8006002AB3146F7
S21400CA9003AAFCF78FFC2D2807D070B9039B012B47
S21400CAA00BD031462868FCF7D9FEDAF8003031465C
S21400CAB01A682868FCF752FE04460137222F0AF14E
S21400CAC0040A08F1040809F10109D6D1B4FA84F37E
S21400CAD0344A5B0913702B681B7C33B125F0C5FC08
S21400CAE018B1DB2130482DF0E2FD204609B0BDE844
S21400CAF0F08F12680B6907FB002098479FE7D8F86D
S21400CB00003003AA194402AB0191FCF753FC2D2810
S21400CB10034601992BD0286813B30BF1010B5FFA7B
S21400CB208BF18E422868EAD8204BDB5D002BC4D000
S21400CB30F3B27E2B2868C0D8D8F8003003AA06EBDC
S21400CB40030B594602ABFCF735FC2D28B5D05946E9
S21400CB502868FCF783FE013604460028E8D0ACE7D8
S21400CB60039B7BB999F80020029B9A42D5D099F88E
S21400CB700030DAF800202868FCF7EAFC0028CCD061
S21400CB800446D1E70191FCF769FE0199EFE7084BEF
S21400CB90A346DE5DC3E700BFFC6400201C650020E2
S21400CBA02C5104001D5B002042B403000A5104000F
S21400CBB0C65004003C4E040050510400E8500400E7
S21400CBC0F8B51F46214B04461B780D46164623B182
S21400CBD000F47E23B3F50E2F2BD02046FFF7E8FE99
S21400CBE02128044614D81A4B53F82010194B1B78EA
S21400CBF0ABB1194B212C18681DD8184B1B5DD3B14F
S21400CC003268FCF7ABFD044650B125F02DFC07E07A
S21400CC10FF2807D93A46314680B225F039F9002474
S21400CC202046F8BD4FF4A9710D482DF040FD0021B7
S21400CC30DCE70146DAE77F2D08BF00253B46324693
S21400CC4051FA85F1FCF784FCDDE700BF1C5B002091
S21400CC50505104001D5B00201C6500202C51040070
S21400CC6042B4030030B5134600F07E62B2F17E6F28
S21400CC708BB00DD10A46C0F30B016846FEF71AFAD0
S21400CC8020B140F2931109482DF011FD0BB030BDD4
S21400CC905A0825F0ECFB0028F8D04FF49C710348A6
S21400CCA00BB0BDE830402DF002BD00BFD3B403008A
S21400CCB02DE9F743C70705460E46144604D540F24D
S21400CCC0E31149482DF0F3FCE10704D54FF4F27167
S21400CCD045482DF0ECFC454B93F80080B8F1000F6A
S21400CCE020D043F260239D4208D122463146404878
S21400CCF00EF0F0FD002003B0BDE8F083C5F30B078F
S21400CD0005F44055B5F5805F14BF4FF40F204FF47F
S21400CD100E20234632467F21384303B0BDE8F04359
S21400CD20FFF74EBF05F47043B3F5805F3FD1C5F300
S21400CD300B05304A05F17E65631E2B44934230D8BE
S21400CD402F46DFF8A49007EB0408474542D1AA0710
S21400CD500ED04FF6FF7336F8022BA81E43EA0243A6
S21400CD6004220DEB02010193FFF77CFF0235023C23
S21400CD70A3070ED0023C24F00103F35A04226FEA04
S21400CD8003436FEA13430DEB020128190193FFF7E3
S21400CD9069FF002CAED0224631462846FFF762FFD8
S21400CDA0A8E740F2FD1110482DF081FCC8E705F415
S21400CDB06043B3F5005F04D1C5F30B0505F53E25CA
S21400CDC0BEE740F2052108482DF071FC6FF00F0712
S21400CDD04546B6E717F8013BFF2BB6D04FF4047173
S21400CDE048462DF064FCB0E7D3B403001C5B00207B
S21400CDF01C6A0020FF03E00F10B500F077F825F05E
S21400CE0082FB044618B100F079F8204610BD00F009
S21400CE107BF804460028F6D10122014B1A70F2E78F
S21400CE201E5B0020054B1B7833B1054BC0F3130186
S21400CE3000221868FCF7D6BC112070471E5B002045
S21400CE401C650020144B2DE9F0411B7805460E4664
S21400CE501746FBB125F03EFB012805D9841EE4B237
S21400CE60012C09D9212412E03B4631462846BDE86C
S21400CE70F041002200F052B800F038F83B4600229D
S21400CE803146284600F076F8044600F037F820468B
S21400CE90BDE8F0811124FAE71E5B0020124B70B546
S21400CEA01B7804460D461646E3B125F013FB012811
S21400CEB005D9831EDBB2012B08D9212410E03246A7
S21400CEC029462046BDE8704000F040B800F00EF855
S21400CED020463246294625F018FB044600F00EF898
S21400CEE0204670BD1124FBE71E5B002008B52DF020
S21400CEF0DCFA014B186008BDD83C0020014B1868CE
S21400CF002DF0CEBAD83C0020024B1968024B1868A8
S21400CF10FCF7CEB8FC6400201C65002037B505463B
S21400CF200C46C0F313010848ED02006805D52246FA
S21400CF3003B0BDE83040FCF709BA0093134622461A
S21400CF40FCF7BEF903B030BD1C65002030B40546C2
S21400CF501346074A0C46C0F313011068EA0203D5CD
S21400CF60226830BCFCF7FABB224630BCFCF7F0BAAD
S21400CF701C650020F7B505460F4614461E461BB92D
S21400CF802125284603B0F0BD0029F9D025F0A2FAE5
S21400CF904BF23462ABB2934220D14FF0FF332246BD
S21400CFA06946CDE9003325483346FFF7E3FF0822FC
S21400CFB00546234968460EF049FE38B933462246F0
S21400CFC0694641F2F010FFF7D5FF0546002DD8D18F
S21400CFD03246694638460EF07DFCD2E741F2F01242
S21400CFE093420FD1174B311908299A6CDB6CC7D8BE
S21400CFF0CDE9002332460DEB040138460EF06AFCFC
S21400D0000025BEE702280BD1C5F30C433219934224
S21400D010B6D3C5F30B0104F17E6432462144ECE737
S21400D020032809D1C5F30C4332199342A8D3C5F39C
S21400D0300B0104F53E24F0E70125A2E7021008C024
S21400D040DC5104000080E00F10B527F0BEFC28F08D
S21400D05055FDBDE81040034601210220014A02F0BA
S21400D0600BBC00BF6AB5030013B5D0E9023253F813
S21400D07022301C78204627F0BAFC23460090012177
S21400D0800220024A02F0F8FB02B010BD7EB5030093
S21400D090014B187827F093B81F5B0020FF232DE97B
S21400D0A0F04F8FB01122002108A88DF813300EF033
S21400D0B081FA08A826F043FA01210220B04A08ABFC
S21400D0C002F0DAFB41F24903AE4A0121022002F0E7
S21400D0D0D3FB06A826F062FB08A90DF1130026F084
S21400D0E068FB02200021A84A02F0C6FB002027F0B9
S21400D0F097F810B106A809F047FE9DF92A300121DD
S21400D1000220A24A00939DF82B3002F0B5FB27F0D0
S21400D11058FC831EDBB2FC2B054631D801210220C9
S21400D1209B4A02F0A9FB01249A4E9B4FDFF8D0825F
S21400D130234632460021022002F09EFB05A9E0B2FB
S21400D14027F041FC034650B1A0F11602012A40F236
S21400D150AA8042460121022002F08EFB0CE09DF9D7
S21400D16014303A4601939DF81630012100930220B0
S21400D1709DF8153002F080FB0134E3B29D42D7D80B
S21400D180BDF8284008F0ECF923460021834A0090B9
S21400D190022002F071FB02200021814A02F06CFBA3
S21400D1A0002027F03DF810B108A809F0EDFD012198
S21400D1B07C4A022002F060FB27F05FFB044627F063
S21400D1C05AFB23460121784A0090022002F054FBC5
S21400D1D008F09EFE00210220744A02F04DFB9DF8E6
S21400D1E01330FF2B65D000210220714A02F044FB69
S21400D1F001216C4A022002F03FFB26F0DFFA0121F3
S21400D20003466C4A022002F037FB08F081F9002141
S21400D2100346694A022002F02FFB26F0D5FA0446A0
S21400D22026F0D4FA23460121644A0090022002F038
S21400D23023FB2DF049FA08F013FF01210346604A4C
S21400D240022002F019FB0025DFF8B88108F008FF7D
S21400D250ECB2A04233D82DF037FA0123594A1946CA
S21400D260022002F009FB002026F0A9FF564B574C7F
S21400D2700093012100230220554A02F0FDFA23689C
S21400D28063B1012102201B78524A02F0F5FA2368A6
S21400D290012102205B78504A02F0EEFA26F094FF55
S21400D2A00FB0BDE8F08F012102204C4A02F0E4FAEC
S21400D2B062E7002102204A4A02F0DEFA98E7494B6C
S21400D2C0204603EB0416D6F8089008F083FF824643
S21400D2D0204608F0CBFE444F00280CBFC346BB4692
S21400D2E0204608F077FF0AF031FD002808BF4746C1
S21400D2F0534600210220CDE900B73C4A02F0BCFAB2
S21400D300B37901210293B388022001937388384AC7
S21400D3100093337B02F0B0FA0026DFF8ECB099F801
S21400D3200430F4B2A34203D82DF0CEF901358DE7D0
S21400D33014235C43D9F8007002203A5B07EB040A1A
S21400D3409AF90C3000922B4A002132EA230228BFB9
S21400D3505A461346284A02F08FFA002026F060FF4D
S21400D36038B150463C5B26F098FA014620460AF053
S21400D3703BFD01210220214A02F07EFA0136CEE76B
S21400D380BFB50300CEB50300EAB5030016B603002A
S21400D390F1B5030007B603000EB6030043B603005C
S21400D3A063B60300ADB603006CB603008EB603008A
S21400D3B0F0D6030099B60300AFB60300C5B6030067
S21400D3C0DBB6030054B703006CB70300D44100205B
S21400D3D060B703007AB703008EB703002BB60300CE
S21400D3E04BB303000841002096B50300E6B60300E1
S21400D3F006B70300B3B503003CB703003FFF0300C6
S21400D40036B603009EB50300A7B503002DE9F74323
S21400D4100025134EDFF8588008F022FEECB2A0423A
S21400D42002D803B0BDE8F0832701204616F807901F
S21400D43008F01CFE0B4A4B46002808BF4246002157
S21400D44002200092084A02F017FAF05D26F0C2F9B0
S21400D45001210220054A02F00FFA0135DCE700BF81
S21400D46008410020D8050400A9B703003FFF0300C9
S21400D470E205040008B583685A681178C26853F854
S21400D4802230A1F1650251425141187808F0A4FFFC
S21400D49030B9BDE8084001210220024A02F0ECB98A
S21400D4A008BD00BFB4B7030000210220014A02F005
S21400D4B0E3B900BFCEB7030000210220014A02F004
S21400D4C0DBB900BFFCB7030010B5044686B01822CF
S21400D4D0002168460EF06EF8684626F0F0FDD4E9A6
S21400D4E0022052F8203002EB80021B788DF80B30B9
S21400D4F0516891F900108DF80A1091680988ADF806
S21400D50008106168091A032907DDD26803F01F03B3
S21400D510127843EA42138DF80B30684608F0CEF8CE
S21400D52000210346024A022002F0A6F906B010BD0A
S21400D53018B8030007B5002027F007FA002100906E
S21400D540034B0220034A02F097F903B05DF804FB90
S21400D55025B803002BB8030013B5D0E9023253F800
S21400D560221003EB82035B68087819680023094CD5
S21400D570A222994208BF2146C01A18BF012027F0F0
S21400D580D8F901210090044B0420044A02F074F9F3
S21400D59002B010BD00F8FF0736B8030044B9030018
S21400D5A013B5D0E9023203EB820153F82230D1E9F9
S21400D5B001141878FF22003818BF01202378096864
S21400D5C027F0B7F901210090034B0420034A02F02C
S21400D5D053F902B010BD00BF3DB8030044B90300C4
S21400D5E008B5002101230C4A27F028F80A4826F03F
S21400D5F088FD0020094909F05FFC002026F010FE97
S21400D60010B1054809F0C0FBBDE808400121042020
S21400D610034A02F031B900BF5160002052B803003F
S21400D6203FFF030010B526F0D3F8034630B1BDE83F
S21400D630104001210420054A02F01EB90121BDE870
S21400D64010400420024A02F017B900BF60B8030079
S21400D65071B8030010B526F056FDBDE8104003462D
S21400D66001210220014A02F007B900BF7CB803007E
S21400D67010B526F01AFDBDE8104003460121022031
S21400D680014A02F0F9B800BF92B8030037B5D0E9F6
S21400D6900232012453F822304FF6FF701D78FE2226
S21400D6A004FA05F1002327F0B0F92B460090214636
S21400D6B00420024A02F0E0F803B030BDA6B803002A
S21400D6C0D0E9023253F822301B7823B10121022020
S21400D6D0024A02F0D1B8024A13707047C5B8030078
S21400D6E01F5B002007B5684626F058F807F038FF9D
S21400D6F001210346084A022002F0BEF8684609F0F7
S21400D70043FB08F0A1F901210346044A022002F077
S21400D710B3F803B05DF804FBDBB80300F5B803000C
S21400D72037B5D0E90245406854F82530401B032839
S21400D730D8BF002004EB8504C8BFE068197863688A
S21400D740C8BF00781A78A36893F9003000900120CB
S21400D75027F0DFF838B901210220084A03B0BDE8F7
S21400D760304002F089B8064B019000930121022058
S21400D770044B054A02F080F803B030BD06B903003A
S21400D7800EB90300E2E7030022B9030007B5012043
S21400D79027F0C7F848B9009001210220084B094A33
S21400D7A002F06AF803B05DF804FB054B01900093A5
S21400D7B001210220044B054A02F05EF8F2E700BFA2
S21400D7C00EB9030039B90300C713040022B90300D9
S21400D7D008B5D0E9023253F82230187827F053F80B
S21400D7E030B9044A0121BDE80840042002F044B8DC
S21400D7F0014AF7E74EB903006AB9030008B5D0E955
S21400D800023253F82230188827F03BF830B9044A21
S21400D8100121BDE80840042002F02EB8014AF7E7CF
S21400D82089B90300B9B9030073B50378044613F049
S21400D830050F0ED04588062D17D1836801215B6839
S21400D840174A1B780193838804200093154B02F037
S21400D85013F82378012B20D001210420114B124A03
S21400D86002B0BDE8704002F007B835B983880121E0
S21400D87004200E4A02F000F8EBE7012DE9D1866895
S21400D8800B49002009F018FB304609F07DFA2946BE
S21400D8900420084A01F0F0FFDBE702B070BD00BFCD
S21400D8A0EFB90300E6B9030041BA03000CBA03005F
S21400D8B029BA03003FFF03002DE9F04F00268FB082
S21400D8C0364D09AC0FCD0FC42B6801210220344A17
S21400D8D0236001F0D1FF3446DFF8DC9025F072FFBC
S21400D8E0F5B2A8420BD825F06DFF23460090012123
S21400D8F002202C4A01F0C0FF0FB0BDE8F08F28468A
S21400D90005A926F0AAFF0346002841D19DF8143049
S21400D910032B39D904238DF814302B46002102201E
S21400D920214A01F0A9FF9DF814300EAA02EB8303EA
S21400D93000214A4653F8143C022001F09DFF284679
S21400D9409DF821A09DF815B09DF81870BDF81680BA
S21400D95026F085FF5346CDE9028000210220CDE95E
S21400D96000B7124A01F088FF01340020E4B226F026
S21400D97057FC18B10DF1190009F006FA0021022033
S21400D9800B4A01F079FF01E0002BC6D10136A5E76E
S21400D99000210220074A01F06FFFF7E7E451040078
S21400D9A053BA0300CCBA030009B6030080BA0300DA
S21400D9B01CAE0300A7BA030053C50300C368826801
S21400D9C0013BDBB252F8233002201B78652B14BFD4
S21400D9D000220121044B1BBF01211A70034A044A8E
S21400D9E008BF197001F048BF836A0020E3BA03003D
S21400D9F0F1BA0300D0E9023253F822301A88014BFC
S21400DA001A8070471E6A002007B5D0E9023103EB82
S21400DA10810253F8213052681988054B0548128850
S21400DA2000930088012309F0A3FE03B05DF804FB11
S21400DA3029D800001E6A0020C3688268013BDBB25A
S21400DA4052F823305B78A3F1660253425341014AF1
S21400DA5013707047866A002030B5D0E9023253F85A
S21400DA60223089B01D78012302AA1946044626F002
S21400DA70E5FD01230093102302210DEB030220464F
S21400DA8026F0BDFD284604AA02A926F0D8FF0446C3
S21400DA90002026F0C5FB18B12146044807F0F0FD2B
S21400DAA00020034909F0EEF909B030BD00BB0300C1
S21400DAB03FFF0300002330B58FB00221009309AA70
S21400DAC01223054626F09BFD05AA014609A807F085
S21400DAD0B5FB044698B1232805D1134A012104203A
S21400DAE001F0CAFE09E0212801D1104AF6E70346F4
S21400DAF0012104200E4A01F0BFFE0FB030BD012305
S21400DB002846194603AA26F099FD05A903A826F07B
S21400DB1098FF0546204626F083FB18B1294605489F
S21400DB2007F0AEFD044AD9E70DBB030030BB030087
S21400DB306BBB03008CBB03003FFF0300F0B5D0E9CE
S21400DB40023253F8221003EB82039B6805461F78C7
S21400DB5087B038460E7826F043FB044608BBD5E966
S21400DB60022101238DF80830194452F8210002EBF7
S21400DB70810200888DF809709268ADF80A00127864
S21400DB8004218DF80C2028460DF10D0226F056FDD6
S21400DB90304602A98DF8154026F063FE044626F0AE
S21400DBA013FB334601210420024A009401F064FE70
S21400DBB007B0F0BDA1BB03002DE9F04101218EB0F6
S21400DBC00220274A01F058FE002005AB01AA09A949
S21400DBD026F02FFF00250446224E234FDFF89880BC
S21400DBE01CB128460EB0BDE8F08102202B46324616
S21400DBF0214601F041FE204626F012FB10B10AA88D
S21400DC0009F0C2F83A46002102209DF8303001F0B3
S21400DC1033FE424600210220079B01F02DFE002124
S21400DC200220BDF82030114A01F026FEBDF814305F
S21400DC3000210F4A022001F01FFE013501A826F040
S21400DC40EAFAEDB2012102200A4A01F015FE284642
S21400DC5005AB01AA09A926F0ECFE0446C0E700BF02
S21400DC60D3BB030019BC030021BC03000FD703007D
S21400DC7036BC03003FFF03002DBC03002DE9F04730
S21400DC80064698B0C0B925F09BFD074600250EA8AD
S21400DC9026F0D9FE01210220384A01F0EDFD2C467F
S21400DCA0DFF8E080DFF8E090DFF8E0A0BC4205D3C4
S21400DCB0284618B0BDE8F0870127E7E713A826F046
S21400DCC0C2FE002E4CD0022306A913A88DF84C30B5
S21400DCD0FE2426F0AAFE00283FD102A913A826F0AB
S21400DCE0AAFE9DF8593043F001038DF85930002EF6
S21400DCF03DD1234631460220214A01F0BDFD9DF864
S21400DD0059300AA943F0010313A88DF8593026F0BC
S21400DD1092FE002026F084FA10B114A809F034F818
S21400DD200C9B42460021022001F0A6FDBDF82820EB
S21400DD30002112F4007F0CBF4C23412312F0100F79
S21400DD400CBF6E227922022000924A4601F094FD12
S21400DD5006A826F060FA0135EDB20134E4B2A5E774
S21400DD6020460AAB06AA13A926F061FEB3E7524680
S21400DD700021022001F080FDC1E700BF40BC030087
S21400DD8019BC03002DBC03007CBC030075BC03005B
S21400DD9030B5012499B00EA826F055FE13A88DF8CC
S21400DDA0384026F0EEFDC0B9BDF84C1011EA040567
S21400DDB013D121460220444A01F05EFD2946022086
S21400DDC0424A01F059FD214602203F4A01F054FD27
S21400DDD0214602203C4A01F04FFD06A90EA826F077
S21400DDE024FE20B11022FF2106A80DF0E3FB04A8B4
S21400DDF026F023FE059B01210220354A0093354B71
S21400DE0001F03AFD9DF8123001210220324A0093BB
S21400DE10304B01F031FD00212E4B304A022001F03C
S21400DE202BFD06A826F0F7F913A826F00CFE022311
S21400DE300AA913A88DF84C3026F0FDFD00283FD126
S21400DE400B9B009301210220254B264A01F014FD6E
S21400DE500121234B244A022001F00EFD0120FFF78A
S21400DE600DFF01211E4B214A022001F005FD002076
S21400DE70FFF704FF044625F0A3FC2346009001218B
S21400DE8002201B4A01F0F8FC01211A4B174A022017
S21400DE9001F0F2FCFFF790FE1749022803461748E8
S21400DEA0174A28BF0A46084928BF01460092CDE90E
S21400DEB0013102200121134A01F0DEFC19B030BD09
S21400DEC04FF0FF33BDE700BF3FFF03008FBC0300EA
S21400DED0CDBC0300C5BC0300DDBC03006CE603003C
S21400DEE099F40300F0BC030000BD030007BD030067
S21400DEF010BD030024BD03008BBC0300D6DB03006B
S21400DF0028DC030032BD030010B5D0E9023253F816
S21400DF1022301C78201E18BF012026F01EFD054A60
S21400DF20054B0020002C18BF1A46BDE810400349D8
S21400DF3008F0A8BF5FBD03005ABD030068BD03001C
S21400DF40D0E9023210B553F822301C88204626F05D
S21400DF5006FD2246BDE810400020014908F092BFA9
S21400DF60A9BD030037B5044607F0D2FA014638B11A
S21400DF7000200D4A0D4903B0BDE8304008F082BFCE
S21400DF80E368A268013BDBB252F8233008481D78EC
S21400DF900123084A00936C2D08BF02461023204632
S21400DFA026F02DFB03B030BDF7BD0300FFBD030018
S21400DFB06C6A00205C6A002013B583689A68127841
S21400DFC0672A22D101A826F0DCFC0446A8B9BDF8D1
S21400DFD00420174908F056FFBDF80430DA070AD4C3
S21400DFE013F0020F134B144A18BF1A4613490020A9
S21400DFF008F048FF19E0124AF8E7024611490020E7
S21400E00008F040FF22461049F1E7C26801A953F81C
S21400E010220003EB82035B6800681B68ADF80430DF
S21400E02026F0B5FC04460028ECD102B010BD00BFB7
S21400E03032BE030025BE0300C9E7030053BE03003B
S21400E04015BE030065BE030091BE0300034A0449E3
S21400E0501388C85401331380704700BF025600204F
S21400E060255B002073B5154D01242B78144E13F054
S21400E070040F0CBF02230423124A21461470328870
S21400E08002200192EB5C104A0093104B5B8801F073
S21400E090F3FB002102200E4A01F0EEFB0D4B294651
S21400E0A0009332882346022001F02CFC21460220F1
S21400E0B0094A02B0BDE8704001F0DEBB255B0020D7
S21400E0C002560020245B0020A0BE0300F45500206A
S21400E0D0C5BE0300E7BE03003FFF030070B516464B
S21400E0E04FF48A52114B124DDA805980114B1B881F
S21400E0F01A1E18BF012240EA82000F4A1278003A20
S21400E10018BF012240EA0210287063B103246B7026
S21400E1101B0AAB7009F088FE631C2855EE54074BAB
S21400E12002341C8070BD0124F4E700BFF4550020C3
S21400E130255B002000560020235B002002560020AE
S21400E14038B5D1E902320C46054653F8223002466D
S21400E15019880C4B1878FFF7C1FFE368A2680133F3
S21400E16052F82330188824F012FA4DB1E368A268FA
S21400E170023352F823301878BDE83840FFF766BF00
S21400E18038BD00BF205B0020F0B50546EB68AA68E6
S21400E190023352F8233008461C78294685B0FFF72C
S21400E1A0CFFF204625F065FB204E214F78B3204652
S21400E1B025F06BFB0321441C03AA284623F04EFAE5
S21400E1C03288E4B2C2F1FF0303991B1B9BB28B4259
S21400E1D022443CBFC2F1FF030393012303210093B3
S21400E1E03A449DF80C30284626F009FA039A022C89
S21400E1F0338804BF0F48110AFA5408BFC1541344A9
S21400E2001C44348005B0BDE8F040FFF72BBF204625
S21400E21007F086FE01233288044600930321034656
S21400E2203A44284626F0EBF93388E9E70256002000
S21400E230255B0020265B0020052307B501210093FF
S21400E2400220044B044A01F017FB03B05DF804EB10
S21400E250FFF79EBDCEBE0300D5BE030013B5044631
S21400E26026F08BFB38B1CDE9004001210220034B9C
S21400E270034A01F001FB02B010BD00BFF7BD03006A
S21400E280ECBE0300194B37B51B783BB901210220C1
S21400E290174A03B0BDE8304001F0EEBAD0E90232CA
S21400E2A0144C53F8223001211D7863880220009315
S21400E2B0114A2B4601F0E0FA104B25711B78104DE1
S21400E2C063B1012102200F4A01F0D6FA20460E4A19
S21400E2D0298803B0BDE8304025F06CB820460A4ACD
S21400E2E0298803B0BDE8304025F026B9245B00201D
S21400E2F003BF0300F455002011BF0300215B00207C
S21400E3000256002028BF0300255B00202DE9F041BF
S21400E310D0E9023253F8221003EB82035A680C78D5
S21400E32017889A68DB68B2F80080C6B01D780021AE
S21400E330304B0220304A0094CDE9017801F09CFA77
S21400E340002D0CBF6E237923012102202B4A01F0F9
S21400E35093FAFF23002D0DF1170606AD0193204614
S21400E3600CBF80234023424639460296009525F08E
S21400E370C6FD0446002835D1307825F080FA0746D9
S21400E380B0B1284625F00BFF1D4BFD28A8BFFD2089
S21400E3900093234682B20DF11901022001F0B2FA71
S21400E3A001210220174A01F067FA46B0BDE8F08165
S21400E3B0307825F06AFA60B1284625F0F5FEFD288B
S21400E3C0A8BFFD200E4B82B200930DF11A013B460A
S21400E3D0E3E7307807F0A4FD0B4B0246009329468E
S21400E3E00123DAE7009001210220084B084A01F0D9
S21400E3F043FADAE735F5030042BF030067BF0300C0
S21400E400ED0804003FFF0300E7BE0300EFC703006C
S21400E41071BF0300D0E9023253F8221003EB8203E7
S21400E4202DE9F04F5A680F78B2F800809A68C7B0A6
S21400E430B2F80090DA681B6992F800A01E780021F6
S21400E4402F4B304A0446CDE901890220009701F09F
S21400E45013FABAF1000F0CBF6E23792301210220B4
S21400E460294A009606AD01F007FAFF220021284649
S21400E4700DF0A0F8304625F002FA834608B30023D4
S21400E480052100932046FD230DF1190226F0B7F86A
S21400E4902870BAF1000F0CBF802340234A4641463D
S21400E4A03846CDE9005625F0F5FC0146144807F03D
S21400E4B0E7F801210220154A01F0DEF947B0BDE871
S21400E4C0F08F304625F0E1F960B1FD2305212046A6
S21400E4D0CDF800B00DF11A0226F091F885F801B0DB
S21400E4E02870D6E70590304607F01AFD059A0346D1
S21400E4F0009205212A46204626F081F8C9E700BF8B
S21400E50028F5030042BF030082BF03003FFF03005D
S21400E5102DE9FF471C465B68E5685B1B00255FFA34
S21400E52083F803952E46FFF7D9FDEBB298450BD935
S21400E5300C9B9B5D282B39D8202B00F2CB80013614
S21400E540F6B2002B40F0C980FFF78CFD04B0BDE8A2
S21400E550F087132A2FD801A151F822F023E60000F5
S21400E56035E6000047E600007BE6000049E50000CF
S21400E57049E5000049E5000049E50000B7E5000070
S21400E580B7E50000B7E50000B7E50000B7E5000016
S21400E590B7E50000B7E50000B7E50000B7E5000006
S21400E5A0B7E50000C7E50000A1E60000A3F13102D0
S21400E5B0D1B21329CDD90136F6B2A3F14102032A0E
S21400E5C0C2D8422B6CD06C4F00213A88DFF8B0A13D
S21400E5D0C2F1FE039BB2FF2B28BFFF23013200913E
S21400E5E0DBB22046524469B225F0E5FF3B880AF8C4
S21400E5F0030001331844388011E04FF00409E36843
S21400E600A2682B4452F823301F68F8B209F1FF398C
S21400E610FFF71CFD19F0FF094FEA1727F5D1013562
S21400E62083E7E368A2682B4452F823301878FFF794
S21400E6300DFDF4E7E368A2682B4452F823301888EF
S21400E64023F0A5FFEBE7E368A2682B4452F82330DB
S21400E6501F68B7F1807F09D2F8B2FFF7F7FCC7F35F
S21400E6600720FFF7F3FCC7F30740E0E72B4601213E
S21400E6700820424A01F000F966E74FF00409E36813
S21400E680A2682B4452F823301F68F8B209F1FF390C
S21400E690FFF7DCFC19F0FF094FEA1727F5D1BEE7B4
S21400E6A0294603AA204622F0D9FF0021324F344AD9
S21400E6B03B88DDF80C9002EB030CCAB2914501F1E1
S21400E6C0010102D84B443B80A9E710F802A00CF8E1
S21400E6D002A0F2E7242B3FF670AF013B232B3FF658
S21400E6E033AF01A252F823F023E6000035E600001F
S21400E6F047E60000FBE5000049E5000049E50000AC
S21400E70049E5000049E5000049E5000049E500004C
S21400E71049E5000049E5000049E5000049E500003C
S21400E72049E5000049E5000023E6000035E6000064
S21400E73047E600007BE6000049E5000049E50000EA
S21400E74049E5000049E5000049E5000049E500000C
S21400E75049E5000049E5000049E5000049E50000FC
S21400E76049E5000049E5000023E6000035E6000024
S21400E77047E60000FBE50000025600209BBF0300B2
S21400E780255B0020094B1B7823B101210820084A8D
S21400E79001F072B8D0E9023253F82230054A1B88DD
S21400E7A0012113800820044A01F066B8245B00208B
S21400E7B0C1BF03000056002003C00300D0E90232A8
S21400E7C053F82230054A1B780121003B18BF01236D
S21400E7D008201370024A01F04FB800BF225B0020E9
S21400E7E029C00300D0E9023253F82230034A1B78CE
S21400E7F0012113700820024A01F03EB8235B002076
S21400E80058C0030010B5D0E90232044653F822304F
S21400E810132219880B4B1878FFF760FCE368A26890
S21400E820013352F823301878FFF710FCE368A2682B
S21400E830023352F823301878FFF708FCBDE8104082
S21400E840FFF710BC205B002010B5D0E9023204466A
S21400E85053F82230112219880B4B1878FFF73EFC2C
S21400E860E368A268013352F823301878FFF7EEFB0E
S21400E870E368A268023352F823301878FFF7E6FB05
S21400E880BDE81040FFF7EEBB205B0020D0E9023267
S21400E89053F82230034A1B78003B18BF0123DB00E5
S21400E8A013707047205B002010B5D0E9023253F891
S21400E8B02230044619880E4B06221878FFF70EFC05
S21400E8C00120FFF7C3FBE368A268034452F8233035
S21400E8D0188823F05CFEE368A268023352F82330FF
S21400E8E0188823F054FEBDE81040FFF7BBBB00BFFE
S21400E8F0205B00202DE9F043D0E902324FF0FD09FD
S21400E900013253F8221003EB82035A68C7B0178807
S21400E9109A68B1F80080147853F8043C002C0DF186
S21400E920170506AE18783A4614BF402380234146A2
S21400E9300295CDF80490009625F0E1FA034638B12A
S21400E940184A0121082000F097FF47B0BDE8F08381
S21400E950201E18BF01200A224146C000FFF7BEFB5A
S21400E960384623F014FE2878FFF770FB4A463146F7
S21400E970287824F032FF044628B10B4F3D88C5F1B5
S21400E980FF03984202DD2346084ADAE702460848B3
S21400E9903146284425440CF09DFF3D80FFF762FB7E
S21400E9A0D3E700BF8EC0030002560020AAC00300B3
S21400E9B0255B002010B5D0E90232044653F8223019
S21400E9C0082219880B4B1878FFF788FBE368A268C3
S21400E9D0023352F823301878FFF738FBE368A26852
S21400E9E0013352F82330188823F0D1FDBDE81040DB
S21400E9F0FFF738BB205B002073B5D0E9023205462E
S21400EA00023253F8221003EB820353F8042C53F817
S21400EA10083C0C781988234B168818780622FFF7CE
S21400EA205DFB0020FFF712FB304623F0B0FD2046CA
S21400EA30FFF70CFBEB68AA68033352F823301888FC
S21400EA4023F0A5FDEB68AA68043352F82330188833
S21400EA5023F09DFD204609F0E7FBE8B9204607F0C5
S21400EA605FFA05210446019001AA284622F0F6FD29
S21400EA70019B01469C4206D0224631460A480BF0CE
S21400EA8087FC02B070BD094D09482E8822463044E6
S21400EA9034440CF0E1FD2C8002B0BDE87040FFF776
S21400EAA0E1BA00BF205B0020D6C00300025600205B
S21400EAB0255B002073B5D0E902324FF48A5153F833
S21400EAC02230104D1A88104BD9805A8000232A46CF
S21400EAD000930121FF2325F092FD2B78044613F0C6
S21400EAE0040F0A4B08BF01261B7818BF032613B174
S21400EAF009F09AF9A855064B1C8002B0BDE8704094
S21400EB00FFF7B0BA255B0020F4550020225B0020FA
S21400EB1002560020D0E9023253F82230034A1B780E
S21400EB20003B18BF01231370704700BF215B002015
S21400EB3010B50C4608B908F003F9024B18715C7161
S21400EB4010BD00BFF455002002462DE9F341D0E980
S21400EB500253526855F82310D21A0C8805EB83012D
S21400EB60013BDBB255F82380294D022A4868C8BF0E
S21400EB708A682B78D8BFFF210078C8BF11783BB9C8
S21400EB8001210220234A02B0BDE8F04100F074BE25
S21400EB90FFF7CEFF06F0E4FC1F4F204E3B880146F1
S21400EBA0224600931E48334625F096FA0246C8B918
S21400EBB098F804103B885F2917D1CDE900364FF648
S21400EBC0FF712046164B24F0E9FB28B103460121CD
S21400EBD00220144A00F050FE0023134A2B701380C4
S21400EBE0124A137002B0BDE8F0814FF6FB718C42FA
S21400EBF008D9CDE900362146094B4FF6FF7024F0C0
S21400EC002BFCE2E72146064A009624F057FCDCE798
S21400EC10245B002021C1030002560020255B002053
S21400EC20F455002028C1030000560020235B002076
S21400EC30002210B50A2104461046FFF74FFA0020BE
S21400EC4023F0A5FC0122044B1A70FFF70BFA2046AE
S21400EC50BDE81040FFF778BF4E60002038B51C4670
S21400EC6015460123224625F0E9FC60B921462846D0
S21400EC7025F0ADFE044620B101210420034A00F031
S21400EC80FBFD204638BD0024FBE700BF4FC1030054
S21400EC902DE9F0430C4615461F46D0E9022352F8EC
S21400ECA0231002EB830293680E8893F80080D368E3
S21400ECB08BB0B3F800903246012106ABFFF7CEFFCB
S21400ECC0F0B90DF1200CF4B101232A884021CDE9DA
S21400ECD002C2CDE90471CDE900932221434606AA7B
S21400ECE0304625F0E2FC0B4B0B4A00930B4B019091
S21400ECF0002C08BF134601210420094A00F0BCFD81
S21400ED000BB0BDE8F083624628686968032303C237
S21400ED102246DBE7AEC1030093C103008DC10300AA
S21400ED209BC1030007B501236A46002125F086FC37
S21400ED306846034908F0C8FD03B05DF804FB00BF51
S21400ED4029D80000D0E9023253F822300149188849
S21400ED5008F08CBD29D8000010B5D0E9023203EBCC
S21400ED608201496853F8223009784FF48A5218888D
S21400ED7025F08BFCBDE81040034601210420014A23
S21400ED8000F07ABDB8C10300D0E9023253F8223051
S21400ED9002214FF48A5210B5188825F068FCBDE8A9
S21400EDA01040034601210420014A00F065BD00BF63
S21400EDB0D1C103001FB5D0E9023203EB820153F83C
S21400EDC02230496818884FF48A5309880293094B01
S21400EDD0094A0193094B1B7800931278084B25F0DB
S21400EDE0BCFC012103460420064A05B05DF804EB8E
S21400EDF000F042BD04560020255C0020245C002064
S21400EE000E560020E8C103002DE9F043D0E9023297
S21400EE1053F8221003EB82035A680E8817789A6814
S21400EE20DB688BB092F80090B3F80080324604217D
S21400EE3006AB0446FFF712FF28BB08AD01232A469F
S21400EE400521204625F0FAFB38B9042001210F4A97
S21400EE5000F012FD284624F0A1FC4FF48A53CDE9B9
S21400EE6004930023CDE9025303232121CDE9008337
S21400EE7006AA3B46304625F018FC01210346044A04
S21400EE80042000F0F9FC0BB0BDE8F08300C20300DC
S21400EE902FC2030038B5D0E9024303F18043023B9A
S21400EEA002220F4954F823009D000CF0CFFE60B9F3
S21400EEB00C4B0D491A78042A0BD82C44A0680088FD
S21400EEC021F8120001321A7038BD084B08491A782A
S21400EED0F1E70121BDE838400420064A00F0CCBC2A
S21400EEE05DED0300255C00200E560020245C00200B
S21400EEF00456002041C2030008B5C368806803F1C9
S21400EF008043023B0222064950F823000CF09EFE86
S21400EF1010B9044B187008BD0022034B1A70FAE7AC
S21400EF205DED0300255C0020245C002037B5D0E9A9
S21400EF30023153F821208C0015784268521A012AB3
S21400EF40C5BF1B195B686C091C78DCBF44F018044D
S21400EF5005F01F052946204625F0C3FA034640B1B2
S21400EF602346012104200E4A009500F085FC03B0DC
S21400EF7030BD0121A94074B92346FE224FF6FF702A
S21400EF8025F043FD012103460420064A03B0BDE8F0
S21400EF90304000F071BCFE2241EAC461EEE700BFDB
S21400EFA057C2030077C2030070B5D0E9021551F8C6
S21400EFB0253001EB8501044618884B681A788B6863
S21400EFC0052A1B8802D85E1E072E0BD901210420B5
S21400EFD00C4A00F051FCBDE87040012104200A4AAA
S21400EFE000F04ABC6468641B032CCABFC9680749A2
S21400EFF0096825F00AFDBDE8704002460449002075
S21400F00007F05ABF95C20300B5C2030000F8FF0719
S21400F010D2C2030008B5D0E9023253F8220003EB4F
S21400F02082035968FF22038809684FF6FF7025F0AF
S21400F030ECFCBDE8084002460149002007F03CBF52
S21400F040E5C2030008B5D0E9023253F822300521A4
S21400F0504022188825F00BFBBDE80840024602490E
S21400F060002007F029BF00BF06C3030008B5D0E99B
S21400F070023203EB8201486853F8221002784023DC
S21400F0800988312025F046FBBDE8084002460249C3
S21400F090002007F011BF00BF27C3030008B5D0E962
S21400F0A0023203EB8201486853F8221002784023AC
S21400F0B00988332025F02EFBBDE8084002460249A9
S21400F0C0002007F0F9BE00BF41C303001FB5D0E91A
S21400F0D0023253F8221003EB82039B6808881A78E2
S21400F0E00023D21A18BF0122CDE9023302A9402319
S21400F0F0D20125F01EFB01210090044B0420044A97
S21400F10000F0BAFB05B05DF804FB00BFAEC103001B
S21400F1105FC3030007B5D0E9023253F8223003215B
S21400F1204022188825F0A3FA01210090034B042002
S21400F130034A00F0A1FB03B05DF804FBAEC1030078
S21400F1406EC3030037B5C3688268053352F82330B0
S21400F15004211D786A460123044625F06FFA38B963
S21400F16004200121064A00F087FB684624F016FBBF
S21400F1702B466A4600212046FFF78AFD03B030BDC5
S21400F18088C3030007B5D0E9023203EB8201486862
S21400F19053F82210027840230988322025F0BAFA64
S21400F1A001210090034B0420034A00F065FB03B0E6
S21400F1B05DF804FBAEC10300B9C3030070B58569F2
S21400F1C00446EA0705F0020605D476B1C5F3072023
S21400F1D025F006F809E01EB1B2210F482BF067FAB9
S21400F1E0A069C0F3810024F0EAFFE3691BB9BA21E5
S21400F1F009482BF05CFA204614F00EFCE3693EB199
S21400F200607E9847AB0706D0BDE8704024F0DCBFB0
S21400F21020469847F6E770BDCEC3030008B514F045
S21400F220EFFE28B1BDE80840472102482BF03FBA60
S21400F23008BD00BFCEC303002DE9F041FF2B0446F6
S21400F2400F4690461D469DF8186005D0FF2E03D049
S21400F250D52111482BF02BFA0023FF2D18BFAD0047
S21400F2600E4A1CBF45F00105EDB222600C4AC4E907
S21400F270063818BFA561FF2EC4E901232361E760A5
S21400F28007D0A36943F0020323F47F4343EA06232F
S21400F290A361BDE8F08100BFCEC30300DC3C0020C4
S21400F2A0BDF10000002310B5054C03610460054C59
S21400F2B0C261C0E901430123C160836110BD00BF84
S21400F2C0DC3C0020BDF1000070B58669044606F0FF
S21400F2D00303032B0D4603D1FC2114482BF0E7F95A
S21400F2E0FF2D16D0B20704D440F201110F482BF0C0
S21400F2F0DEF9284624F012FCFF28054604D14FF418
S21400F30082710A482BF0D3F92DB204EB451420463F
S21400F31070BDF307FBD5A36913F00C0FF7D040F2CE
S21400F3200B1102482BF0C3F9F1E700BFCEC3030070
S21400F3300023054AC0E9063103610260C360034A40
S21400F340034B426083607047DC3C0020BDF1000048
S21400F350E5390200014827F01CBA00BFDC3C00205B
S21400F360014827F022BA00BFDC3C002013B50E4847
S21400F37027F0E9F923F08EF926F0B2F926F0D4F951
S21400F38026F0DEF9FCF748FF0446FCF75FFF23464D
S21400F390009001210420054A00F06EFA02B0BDE894
S21400F3A01040FCF73FBF00BFDC3C002061C40300F8
S21400F3B0022808B503D12BF073F9014B186008BD7D
S21400F3C00C3D002008B50DF05BF90122044B1A70C5
S21400F3D02BF0EFF9BDE8084002490348FDF7E4B812
S21400F3E0275C002028650020103D0020014B187087
S21400F3F0704700BF265C0020024B187808B106F064
S21400F40093B870477C6A002008B5074B1B780BB191
S21400F410002008BDFFF7F0FF0028F9D106F05EFCDB
S21400F420023818BF0120F4E7265C002070B5FFF70D
S21400F430EBFF174D20B1FFF78DFF0428044613D8C5
S21400F4402B781BB92BF0B5F901232B7023F030F97C
S21400F4500446D8B12B781BB9F7210E482BF027F9B4
S21400F460BDE87040FFF776BF23F024F90028E7D008
S21400F4702B785BB12BF019F806460021012029F005
S21400F4807FFA30462BF00CF800232B70204670BD18
S21400F490275C002082C403001FB5FFF7C7FF0446A1
S21400F4A0FDF72CFAA04228BF204688B103A929F010
S21400F4B053FE034638B9CDE90000064A03990648CC
S21400F4C02BF00AF918B18E2104482BF0F0F8012031
S21400F4D004B010BDAF260300EC3C002082C403003D
S21400F4E00D4B70B51B780D4D0D4C0121002B0CBF3C
S21400F4F02B46234602200B4A00F0BEF90A4B012198
S21400F5001B780220002B0CBF2B462346BDE870401C
S21400F510064A00F0B1B900BF7C6A00207CED03000B
S21400F5209BED030018C50300265C002037C50300CA
S21400F53010B5D0E9023253F8223002201B780121A0
S21400F540002B15BF01240024044A054A00F094F954
S21400F5502046BDE81040FFF749BF00BF56C5030070
S21400F56073C50300D0E9023253F82230034A1B78F1
S21400F570003B18BF01231370704700BF7C6A002051
S21400F58038B50125084B1D702AF08FFF0446294622
S21400F590284629F0F5F920462AF082FFBDE83840D3
S21400F5A002490348FDF700B8285C002030650020BB
S21400F5B0383D002070B514F0A9FD10F0070F1D4D62
S21400F5C011D02B785BB901262E702AF06EFF044608
S21400F5D03146304629F0D4F920462AF061FFBDE8CE
S21400F5E0704014F063BB25F0F4F9022803D1124BE7
S21400F5F01B78032BE5D914F089FD18B90E4B1B7840
S21400F600032B14D814F052FB04460028D9D02B78CC
S21400F6105BB100262E702AF048FF054631460120D1
S21400F62029F0AEF928462AF03BFF204670BD4FF081
S21400F630FF34ECE7285C0020AF6000201FB5FFF722
S21400F640B9FF0446FDF75AF9A04228BF204688B104
S21400F65003A929F081FD034638B9CDE90000064A22
S21400F660039906482BF038F818B18C2104482BF083
S21400F6701EF8012004B010BD892B0300183D0020A1
S21400F68092C5030010B5094C0949002007F0FAFBA3
S21400F69023681B68587924F077FA23681B68587922
S21400F6A023F07BFA05F066F9002010BD9842002092
S21400F6B020C6030008B525F07CF9024628B1BDE84F
S21400F6C008400020014907F0DDBB08BD43C6030023
S21400F6D008B525F084F9024628B1BDE808400020A8
S21400F6E0044907F0CFBB5422BDE80840FF2102487A
S21400F6F00BF060BF5BC603001856002038B5044602
S21400F7000D4625F070F9024628B1BDE838400020C5
S21400F710034907F0B7BB034B23F8145038BD00BFAE
S21400F72079C60300185600202DE9F34100240C4E3C
S21400F7300C4DDFF838800C4F56F8043B0BB9D8F860
S21400F740003035F8022B394600920020224601345C
S21400F75007F098FB2A2CEFD102B0BDE8F08100BF7D
S21400F7603C6500206C56002095C6030038650020D6
S21400F77008B52A21034825F02EF9BDE80840FFF712
S21400F780D3BF00BF6C56002007B5D0E9023253F84D
S21400F79022301A78292A0DD8084B53F822300BB994
S21400F7A0074B1B680749002031F8121000910649E4
S21400F7B007F068FB03B05DF804FB00BF3C65002063
S21400F7C0386500206C56002095C6030008B52A212F
S21400F7D0034825F002F9BDE80840FFF7A5BF00BFC3
S21400F7E06C56002038B5D0E9023253F8221003EBED
S21400F7F082035B680C781D880020044907F042FBF2
S21400F80029462046BDE83840FFF778BFA0C603006B
S21400F8102DE9F34100240C4E0C4DDFF838800C4FD8
S21400F82056F8043B0BB9D8F8003035F8022B3946A9
S21400F830009200202246013407F024FB2A2CEFD148
S21400F84002B0BDE8F08100BF3C65002018560020DD
S21400F85095C603003865002010B5024623F0B3F9BC
S21400F86020B9044C236811B11343236010BD23EA6A
S21400F8700203FAE7E86500200CB413B502460C460E
S21400F88023F0A1F960B9094B1B681A4208D005A9F4
S21400F890049801910AF090FD14B1054825F0ACFEDD
S21400F8A002B0BDE8104002B0704700BFE865002017
S21400F8B09FC90300034610B5D3E9023253F822303D
S21400F8C008461C78211E18BF0121FFF7C5FF014618
S21400F8D048B9084A084B0220002C08BF1346074ABE
S21400F8E0FFF7CAFF10BD00210220054AFFF7C4FF3C
S21400F8F0F8E700BF9EB5030096B50300A1C9030054
S21400F900B7C903002DE9F04105461F460C46DFF84F
S21400F9102C808E18B44201D1BDE8F0810021284623
S21400F92014F8013B069AFFF7A7FF002FF2D04246D5
S21400F93000212846FFF7A0FFECE700BF2BBC030022
S21400F9400021024A0248FFF7ADBC00BFD5F900000F
S21400F950403D0020FF21014822F08EBE403D0020A1
S21400F9600022034BFF2103481A7022F07EBE00BF20
S21400F970295C0020403D002013B5114C2378032B52
S21400F98013D8009300230F4A18460F4907F07AFA57
S21400F990237842F21072002B08BF0022FF210B488A
S21400F9A002B0BDE8104022F04FBE002208491046C3
S21400F9B007F068FA02B0BDE81040FFF7D1BF00BFFD
S21400F9C0295C0020C8C90300DAC90300403D0020B6
S21400F9D0E4C90300F0B52B4D8FB02B7823B309A8EC
S21400F9E025F031F8022309A88DF8243025F019F8FF
S21400F9F001AA06469446244B03F1100714461868DD
S21400FA005968083303C4BB422246F7D105AA1746F5
S21400FA101E4B03F1100E144618685968083303C4C9
S21400FA2073452246F7D1E6B1012409A824F0A7FFC2
S21400FA3028B9BDF8243013F0020F18BF01242B7824
S21400FA401349002B4FF000034FF0A00208BF1946E1
S21400FA50204624F06EFF90B92B7801332B700FB040
S21400FA60F0BD614609A824F0DEFF0028DCD1394647
S21400FA7009A824F0D8FF04460028D6D0D4E7FFF71C
S21400FA807BFFECE7295C0020F851040008520400D4
S21400FA9000F8FF0710B50020324907F0F3F90822F6
S21400FAA00020314907F0EEF9304B314A1978314BD6
S21400FAB00020002918BF1A462F4C304907F0E2F9FB
S21400FAC0002024F07CFB2368002B47D01B78022BF9
S21400FAD044D900222A4B10462A4907F0D3F923F0CE
S21400FAE0B9F829490246002007F0CCF900F0D0F812
S21400FAF026490246002007F0C5F923681B78032B29
S21400FB002CD900F0D5F822490246002007F0BAF9B1
S21400FB1000F0DEF81F490246002007F0B3F900F0B7
S21400FB20DFF81D490246002007F0ACF900F0A4F803
S21400FB301A490246002007F0A5F900F0D7F8184C3D
S21400FB40184954F82020002007F09CF900F024F90A
S21400FB50154954F82020002007F094F9BDE810401D
S21400FB6024F032BB06CA030022CA03002A5C002027
S21400FB707CED03009BED0300D441002045CA030042
S21400FB806CB7030060B7030061CA030085CA0300B0
S21400FB90A9CA0300CDCA0300F1CA030018CB0300AC
S21400FBA0EC6500203FCB030062CB030008B5D0E92C
S21400FBB0023253F82230187840B10020074907F087
S21400FBC061F9BDE80840802000F034B8044907F029
S21400FBD059F9BDE80840802000F046B885CB030000
S21400FBE0A2CB0300D0E9023253F82230034A1B7836
S21400FBF0003B18BF01231370704700BF2A5C00202B
S21400FC0018220021094BC3E900121A7B0AB9084AD8
S21400FC109A601A7C12B94FF47A72DA8140F6B832DA
S21400FC205A8200229A829A75704700BF603D002073
S21400FC30E09304000A4B10B51B687BB11B78032BBE
S21400FC4002D8B0F5007F09D1064C23680343236031
S21400FC506368184202D02AF01EFDA08210BD00BFC5
S21400FC60D4410020603D0020024A136823EA0003C6
S21400FC7013607047603D0020014B1868704700BF56
S21400FC80603D0020014B9868704700BF603D002033
S21400FC90024B9868FA23B0FBF3F07047603D0020F3
S21400FCA00122024B98601A73704700BF603D002027
S21400FCB0024BD889FA23B0FBF3F07047603D002072
S21400FCC00122024BD8811A74704700BF603D0020A5
S21400FCD0024B588AFA23B0FBF3F07047603D0020D1
S21400FCE0014B5868704700BF603D00202DE9F8437F
S21400FCF000244FF00C08104B104F9D7D104E398895
S21400FD00E3B28B4202D32846BDE8F88308FB03F330
S21400FD10F05C06EB030924F059FA50B9FF21D9F834
S21400FD20080022F0A9FC20B199F805309D4238BFA2
S21400FD301D460134E3E700BF603D0020226A002034
S21400FD4070660020124B10B51B68124CEBB11B7886
S21400FD50032B02D823689B0517D52AF09CFCA38AA0
S21400FD60C01A638A80B283423EBFD4E9003293430E
S21400FD70236024F0A8FD08B1E08910BD2368002B9D
S21400FD80FAD1FFF7B3FF0128F6D0A068F5E700BF69
S21400FD90D4410020603D0020014B987D704700BF95
S21400FDA0603D002038B504460D462AF025FD244B5C
S21400FDB01B7813B1204622F048FF402C27D006D8E7
S21400FDC084B13F2C18D0BDE8384024F0FDB94C3C37
S21400FDD00C2CF8D81B4B2341DB07F4D40220FFF78A
S21400FDE043FFF0E74FF40070FFF73EFF0220FFF7F7
S21400FDF021FF154B1C71E6E74FF40070FFF734FF48
S21400FE000220FFF731FF00220F4B1A71DBE724F0C8
S21400FE105EF90028D7D10C4C0220237901332371D8
S21400FE20FFF722FF4FF40070FFF704FF2379AB4281
S21400FE30C9D322F00BFF0028C5D122F0E0FEC2E7AE
S21400FE402A5C0020FEEEFFFF783D002010B505F08E
S21400FE505FFB02280AD124F012FD034630B1BDE84C
S21400FE60104000220249104607F00CB810BD00BF33
S21400FE70EECB03000021024A0248FFF713BA00BF88
S21400FE804DFE0000803D002038B5002024F097F994
S21400FE90124B1B6893B11B78022B0FD905F038FB69
S21400FEA0022816D10E4C2568FFF74CFFA8422060AA
S21400FEB008D0FF2122680B4822F0C6FBBDE8384078
S21400FEC024F082B9FF21074822F0D6FB0028F5D19E
S21400FED0EFE7FF21034822F0C8FBEFE7D4410020FC
S21400FEE0783D0020803D002002460249002006F0B2
S21400FEF0C9BF00BF02CC030010B5234C2348FF2126
S21400FF0022F0B3FB207802281ED003282ED001282A
S21400FF1004D02120BDE81040FFF7E6BF1C4B19783F
S21400FF200029F7D002231B4A23701378052B0EBF37
S21400FF3000230133DBB29942137003D105231370FB
S21400FF400020E7E7052BFBD0124B1B78052B02D1D0
S21400FF5003232370DDE7104A104932F8230007F028
S21400FF6085FC032323700028D4D110BD094B0C4A0E
S21400FF701878094B03EB8001897833F8200007F0E6
S21400FF8045FC0123EEE700BF2B5C0020A03D0020CF
S21400FF90345C00207E6A0020C056002081010100EB
S21400FFA02D0101002DE9F04F0D46144695B0049042
S21400FFB0112200210FA89946DFF86C810BF0FAFA9F
S21400FFC004EB45030393D9F800301C2B02D0039BA7
S21400FFD09C4202D115B0BDE8F08F0123DFF844A1A2
S21400FFE08DF81C3023884C4AADF81E309AF8003045
S21400FFF04A4D08EB83039B7828788DF820301368E9
S2140100008DF81D00CDF821305368CDF8253024F049
S214010010DDF8049B8DF8290021882878002B4AD129
S21401002023F0A3FD002844D09AF800300FAA38F830
S214010030230007A922F018FE00283AD023F0C2FBBD
S2140100404FF0000B074606461C255FFA8BF29742D7
S21401005034D8B7422BD99DF81C30032B1AD10FABDD
S2140100600193BDF8213000220421009301202C4B7E
S21401007006F08EFD9AF8003008EB83039978274B3B
S214010080187806F001FE9AF80030002038F82310A0
S21401009023F0F1FF5DB107A9304624F0E2FB214BC6
S2140100A005461B78304638F8231024F0DCFBC9F8E7
S2140100B00050023487E723F04FFDB3E710460BA943
S2140100C0059224F0CAFB30B99DF82C1031B9059A77
S2140100D0B74208BF16460BF1010BB6E7BDF82E0076
S2140100E0BDF81E209042F6D19DF830009DF82020E4
S2140100F09042F0D19DF81C208A42ECD1032A14BF0D
S214010100082202220DF121010DF131000BF09EFDB6
S214010110002808BF0025DEE72C5C00207D6A002051
S2140101207FCE03007E6A0020C056002013B503462A
S2140101300020114A9C6812780190052A03D01B788A
S214010140032B00D12CB9012002B0BDE81040FFF707
S214010150CBBE6268217801ABFFF724FF217A01202C
S214010160E26801ABFFF71EFFFF21044802B0BDE8BD
S214010170104022F072BA00BF7E6A0020A03D002027
S214010180094B1B78052B02D00378032B02D00120E4
S214010190FFF7AABE8168054A0B68054813604B68DD
S2140101A0FF21536022F059BA7E6A00202C5C0020A1
S2140101B0A03D002038B50024114B124D1870124B8B
S2140101C0FF211C702C7006F05FFD012203211046F2
S2140101D00E4B06F0DDFC4FF6FF712246084623F073
S2140101E04DFF044648B940F6B832FF21084822F0D0
S2140101F02BFA01232B70204638BDFFF775FEFAE770
S2140102007D6A00202B5C0020345C00203FFF030049
S214010210A03D0020144BF0B51A68144913680978FC
S214010220587988420BD11249D78808460022114DC9
S2140102301E792B78D4B2A34203D8052C0AD100200C
S214010240F0BD0C88BC4202D18C78B442F7D00132A2
S2140102500431EFE7A342F2D120F82270013300EB1C
S214010260820086702B70EAE7984200207D6A0020A3
S214010270C0560020345C0020FF2307B50021044A45
S21401028004480093FEF7D8FF03B05DF804FB00BFF7
S214010290F9FE0000A03D00201FB5B423032104464B
S2140102A0ADF80E3023F058FC98B121232046009378
S2140102B0002203210DF10E0323F0FDFD044600206C
S2140102C0054B064A0649009406F0DCFD204604B0BC
S2140102D010BD8624F3E700BF2CCC030039CC030005
S2140102E04ECC0300D0E9023253F82230034A1B7881
S2140102F0012113700220024AFFF7BEBA966A002057
S2140103005DCC03000122014B1A707047966A0020EB
S2140103100A4B90F805111B7890F8082119448A4277
S214010320BCBFB2FBF3F103FB11234FF0FF32B8BFA2
S214010330DBB202FA03F380F80A317047966A0020AE
S2140103402DE9FF410446057F867EDFF870806E4307
S214010350237F98F8002013449D4212DB607F60B92A
S214010360238B029363690193237C00936288A31D08
S214010370217805F095FDFF232370002004B0BDE829
S214010380F081E37EAB42E9D9A77E228BF119914237
S214010390A4BF921BD7B205EB0323E3813A4633464B
S2140103A02946204622F07AFC0028E7D1637F3744AD
S2140103B0013301356377BEB2EDB2C9E7966A002014
S2140103C037B5054624F07BFA0D4B04461B68694693
S2140103D01B78032B82BF0B4B1B881B18284688BF34
S2140103E09CB224F0F4FA38B9684624F06AFA18B9CF
S2140103F0044B1B8823449CB2204603B030BD00BF8B
S214010400D4410020266A0020084B1B78FF2B0BD115
S214010410074B1B78FF2B07D1064B1B78022B03D00B
S2140104204FF48070FFF720BC704700BFF4650020D2
S214010430F03E0020C03D002010B50446FF2122F00A
S21401044014F9054B9C4202BF0023A4F5887423705F
S214010450BDE81040FFF7D8BFD03E00202DE9F04799
S2140104609A462A4B81461B7888461646BDF8205088
S214010470002B49D0FF2D3ED938252846BDE8F08708
S214010480234B0C223146A01D636184F80090A4F82A
S21401049002800BF0E1F8A289414642F4004242F0A4
S2140104A040022046A28122F00BFC2A465146606992
S2140104B00BF0D2F841464846A21D258323F053FF90
S2140104C0A0760028D8D00544013DB5FBF0F0FF2802
S2140104D0D2DC0023E0762046A383FFF731FF0546F2
S2140104E080B923794FF48070B372FFF7A3FB227CA7
S2140104F0099B1A80C1E7074C2778FF2FC0D040F62A
S2140105000345BAE72770F2E70225B6E7966A0020A8
S214010510365C0020F03E0020B0F9063010B5002B06
S21401052025DA144C2278237CFF2A02D0827A9A425A
S21401053007D0114C2378FF2B17D0827A237C9A425E
S21401054013D169B9637F013BDBB263775BB90B4AB1
S214010550237F1278204613442377FFF7F1FE0146E6
S214010560204622F0BCFBFFF74FFF012010BD002004
S214010570FCE700BFF03E0020F4650020966A0020EC
S2140105802DE9F04F9A46B1F9063091B0002B0D4691
S2140105901746DDF86880049080F22981B8F80030AB
S2140105A0FF2B04D94FF4B871A6482AF080F8A64B61
S2140105B000241A7893F80401B3F80211002A40F0D7
S2140105C0A5802E7AA14A1278B24240F2AF8002226A
S2140105D0A3F802711A70AA7AFF2483F80421002274
S2140105E0A3F8084183F80521A3F80621B8F80020EE
S2140105F0954883F80C21FFF78BFE3846FFF7E0FE9F
S214010600214600EB4002924822F01EF84FF480701B
S214010610FFF710FB8C4C94F80A91B9F1FF0F20D12B
S2140106208A4A94F8053112781344B34219DC94F8D7
S2140106300C1184F80531B4F80631204601FB02336B
S214010640A4F80631FFF764FE0122824B38461A7081
S214010650FFF7B6FE494600EB400204F5887021F02C
S214010660F3FF94F80531B34260D8DFF8E0B19BF8A8
S21401067000C00CEB0302964258DA764994F808213A
S2140106800878013A002853D0964205DAB8F80020D7
S21401069084F80C2100220A70B6FBFCF901220CFB3F
S2140106A0196994F80A015FFA89F902FA09F2D1B2D6
S2140106B0024076B92889000A844584F8080108D9D9
S2140106C02046CDE906210593FFF722FEDDE9062146
S2140106D0059B94F80A01014384F80A1182B994F83B
S2140106E00921B4F806C1013284F80921B8F80020BE
S2140106F0DAF800100CEB0200FF2826DD0323237036
S21401070094F80831013B9E4230D138E0AE7A8642F9
S21401071002D18F4200D11C462E7A002C7FF47BAF8B
S214010720002A3FF44FAF012A3FF44CAF01205FE0AF
S2140107309642B1DA94F80C1198F800209142ABD0A9
S21401074004F58870FFF778FEF0E794F80CE1F31AE9
S2140107500EFB03C3A01C10FA83F005920AF07CFF7F
S21401076094F80831059A013B9E4244D0012394F83F
S2140107700A2103FA09F3013B1343FF2B04D1224656
S2140107802946384622F09DFA94F8083194F8092152
S2140107909A42CBD19BF80030B2FBF3F103FB112256
S2140107A012F0FF0218BF13462278022A26D1264AE3
S2140107B0023410785178012804BF013151700122AA
S2140107C024F8022CEA88B4F8041122F04002EA80E8
S2140107D094F809210A44591E94F80A3113FB01F3CF
S2140107E01344A8F80030CAF80040FFF70DFE0020B9
S2140107F011B0BDE8F08F84F80B21C0E769790029B4
S21401080094D0032A92D1B4F8062194F80B1108AEBD
S21401081011445A1E94F80C31284613FB02F30B447C
S21401082000219BB2A21CA8F80030CAF80020CDE92E
S21401083000710296049907F005FD8921304623F0E0
S2140108408FFD7DE784CC0300C03D0020966A002022
S214010850D03E0020355C002013B5044618B10128AF
S2140108600BD002B010BDFF2301460093064A07488D
S214010870FEF7E2FC064B1C70F3E7FFF743FDFF2291
S214010880044B1A70EDE700BF39040100D03E00208A
S214010890C03D0020F03E002013B501A909F04AFE34
S2140108A0044648B9BDF806309DF80420034906F011
S2140108B0E9FA204602B010BD8120FBE71BCD0300FC
S2140108C013B5694609F042FE044688B9BDF8023000
S2140108D09DF80020074906F0EFFA2046019906F038
S2140108E043FA2046044906F0CDFA204602B010BD70
S2140108F08120FBE73FCD030065CD030037B5694690
S21401090009F048FE044618BB9DF801309DF800200A
S214010910104906F0D1FA104D9DF80120E3B29A4233
S21401092006D800200D4906F0ADFA002003B030BD10
S2140109300198630003F4FF7302220021184423F098
S21401094028FC29460246002006F0B6FA0134E3E701
S2140109508120EBE767CD030096CD03003FFF030040
S21401096013B501A909F0ECFD044648B9BDF80630F7
S2140109709DF80420034906F085FA204602B010BD12
S2140109808120FBE7A0CD030030B500240B4D85B0D8
S2140109906946E0B223F061FF50B99DF80030032BA1
S2140109A006D12946BDF805309DF8012006F06AFA01
S2140109B00134202CECD105B030BD00BFC7CD0300FB
S2140109C008B50020034906F05DFABDE80840FF209F
S2140109D000F0DEBAD9CD03002DE9F04F85B006460A
S2140109E00D46174622F0BBF9044640B130463A465A
S2140109F0294622F09EF9002005B0BDE8F08F4FF0A1
S214010A0003094FEA15285FFA84FA6946504623F02F
S214010A1024FFB8B99DF800B0BBF1000F12D16946AA
S214010A2050468DF800908DF805508DF806808DF8AB
S214010A30016023F016FF02460028D7D05846064923
S214010A4006F020FA0134202CDDD10020034906F0FF
S214010A5019FA8920D0E700BFEECD030015CE0300BA
S214010A601FB5002304468DF80F3022F063F928B134
S214010A709DF80F3063F07F038DF80F301823019334
S214010A800DF10F030022009304214023204623F09A
S214010A9001FA024618B10020024906F0F3F904B043
S214010AA010BD00BF30CE03001FB502A909F060FDDE
S214010AB0044688BBBDF80820184906F0FDF9204613
S214010AC0039906F051F92046154906F0DBF94FF671
S214010AD0F672BDF80810134C4B1E9BB2934219D800
S214010AE02368039A1B685879FFF776FF23681B79FA
S214010AF0012B0BD8BDF808300022CDE900030421F4
S214010B00094B092006F044F823F024FC6FF0FF009F
S214010B1004B010BD8720E9E78120F9E74FCE030036
S214010B2065CD03009842002066CE030070B50446EA
S214010B308AB005AD1122002128460AF03BFD204669
S214010B4004A909F009FD044600283AD11E4EBDF855
S214010B5010201E4906F096F932681379012B28D821
S214010B604FF6F670BDF810104B1E9BB2834224D888
S214010B701368587922F0F3F808B333682A461B68DD
S214010B80BDF81010587922F0D3F8BDF810300122C4
S214010B900421CDE9004309200D4B029505F0F8FF2D
S214010BA023F0D8FB034620B100200A4A0A4906F082
S214010BB069F96FF0FF000AB070BD8724E5E78B2462
S214010BC0E3E78120F7E700BF9842002069CE0300E3
S214010BD07ECE030082CE03008DCE03002DE9F047C2
S214010BE09AB004A909F0D0FC0446002840F0B5806C
S214010BF09DF810205B4906F05FF925465A4E9DF890
S214010C001020EBB29A4254D80020584906F03AF91F
S214010C109DF81050002D40F099802C462E46544FDA
S214010C2006A9F0B223F019FEC8B99DF81830032BB7
S214010C3015D13B689DF819201B685B799A420ED145
S214010C409DF81D2005F168036B4403F8402C9DF8C0
S214010C501E200235013403F83F2CEDB2E4B2013612
S214010C60202EDDD19DF810300BB1002C77D00AABC9
S214010C70CDE90143FF2302220421009309203D4BC5
S214010C80039505F085FF23F065FB034660B19DF8EB
S214010C901020002A5FD0384A3849002C08BF0A467F
S214010CA00020374906F0EEF86FF0FF001AB0BDE8F5
S214010CB0F08705986B0003F4FF73022200211844A5
S214010CC023F067FA31460246002006F0F5F80135B2
S214010CD095E70598730003F4FF7302220021184478
S214010CE023F057FA002780465FFA80FA06A9F8B281
S214010CF023F0B3FD00BB9DF81830032B1CD1D9F8A7
S214010D0000309DF819201B685B799A4214D19DF832
S214010D101D30534510D19DF81E30C8F307229A4264
S214010D200AD105F168036B440235013403F840AC7F
S214010D3003F83F2CEDB2E4B20137202FD6D10136AD
S214010D409DF81020F3B29A42C3D88BE70025DFF84E
S214010D5020902E46F4E7084AA2E78120A6E78B20DA
S214010D60A4E700BFE7CE030096CD03003FFF0300D4
S214010D709842002006CF0300B8CE0300D6CE03006B
S214010D800ACF03002DE9F04389B002A909F0EAFB76
S214010D900446002867D1BDF80820344906F072F8E9
S214010DA04FF6F672BDF80850DFF8D4906B1E9BB272
S214010DB0934254D8D9F8003029461B685F793846E3
S214010DC021F0CDFF00284CD026465FFA86F8404633
S214010DD003A923F042FD28B92946384603AA21F083
S214010DE0ABFF20B90136202EEFD14FF0FF08404669
S214010DF023F031FD014658BB112203A80AF0DAFBA5
S214010E002946384603AA21F094FFD9F800301A790A
S214010E10012A18D81B68BDF80810587923F07AF90A
S214010E20BDF8083003220421CDE900430920104B08
S214010E3005F0AEFE23F08EFA034620B100200D4ADF
S214010E400D4906F01FF86FF0FF0009B0BDE8F0830A
S214010E5002460A49002006F015F80124D5E7872442
S214010E60D3E78B24D1E78120EFE700BF2CCF030027
S214010E7066CE03006ACF03008DCE030043CF030086
S214010E80984200202DE9F043DFF894800020D8F83E
S214010E90003021491B688BB05E79002505F0F2FF12
S214010EA001275FFA85F9484601A923F0D6FC0446D6
S214010EB090B99DF80430032B0ED19DF80530B3424E
S214010EC00AD1484623F0C7FC0146A0B102461349A1
S214010ED0204605F0D7FF27460135202DE1D1D8F869
S214010EE0003000211B68587923F014F987F00100BF
S214010EF00BB0BDE8F083112205A80AF05BFBBDF834
S214010F0009403046214605AA21F013FF2146304606
S214010F1023F000F9E0E700BF77CF030043CF0300DB
S214010F209842002037B5694609F028FB044638BBCD
S214010F30BDF80020134905F0BFFF134D2046019967
S214010F4005F012FF2046114905F09CFF2B681B682F
S214010F50587923F0EEF970B14FF6F672BDF800102D
S214010F604B1E9BB2934209D82B68019A1B6858798D
S214010F70FFF732FD0446204603B030BD8724FAE76A
S214010F808120F9E78BCF03009842002065CD03004E
S214010F907FB505460024E6B26946304623F05DFC7F
S214010FA0A8B99DF80030032B11D19DF80130AB4252
S214010FB004D0FF2D0BD19DF80D3043B9304623F0F8
S214010FC04AFC024618B10020034905F05BFF0134D4
S214010FD0202CE0D104B070BD43CF0300034B1B6847
S214010FE01878012808BF0220704700BFD4410020AE
S214010FF0D0E9023253F822301A78024B1A7000F008
S214011000E7BA00BF355D002070B5D0E902456B1E1A
S214011010DBB254F8230003221B490AF017FE54F8EA
S214011020253004EB8504197863681A78A2F10B035E
S2140110300F2B05D915490020BDE8704005F022BFE9
S21401104001290FD1124C9140236840B90B43114A34
S21401105023600020BDE870400F4905F013BF23EA66
S2140110600103F4E702290CD101230C4903FA02F229
S2140110700B6818B913430A4A0B60EAE723EA02032E
S214011080F9E70A460749D6E7AFCF0300B3CF030017
S21401109018660020C9CF0300D1CF030014660020D4
S2140110A0E4CF0300EECF030007B5D0E9023103EB2E
S2140110B0810253F821300B491B785268012B0A4BE9
S2140110C008BF0B4612684FF000001A600092074AEC
S2140110D0074B084918BF1346074A05F0D3FE03B06D
S2140110E05DF804FB186600201466002009D0030092
S2140110F001D0030013D003002852040038B5254A56
S214011100254B264C0020264905F0BCFE002025492B
S21401111005F0B8FE22682449002005F0CDFE2068BF
S214011120224C234D05F088FE2146002005F0AAFE3C
S2140111302A682049002005F0BFFE286805F07CFEDD
S2140111402146002005F09EFE1B4B1C491A781C4BBD
S214011150002053F8223005F095FE00F00DF91949EC
S2140111600246002005F08EFE174B00201A7817491C
S21401117005F088FE164B17491A78002005F082FE06
S21401118004F0C6F9BDE8384002461349002005F0D0
S21401119079BE00BF285204002DD003001866002037
S2140111A034D003003CD003004AD00300ADB60300A0
S2140111B0146600205BD00300635D00206CD0030042
S2140111C01C6600207FD00300485D002093D00300FA
S2140111D0475D0020A5D00300B7D0030007B500F097
S2140111E071F8054B0090054A0020054905F04AFEB6
S2140111F003B05DF804FB00BFCDD003002852040005
S2140112004ECC0300F8B504460B4F0C4E0C4D002097
S2140112100C4A0D4905F036FE20463B78297832788F
S214011220F4F7A2FF00233B7033702B70FF21BDE85B
S214011230F840064821F019BA635D0020475D00209A
S214011240485D002028520400D2D00300103F002041
S21401125037B51248FF2121F008FA114B187810F023
S214011260100505D0002003B0BDE8304003F01CBFD8
S2140112700121B42004F0C6FA04460A4B0A4A0B4977
S2140112800090284605F0FEFD2046FFF7BBFF4FF411
S214011290806003B0BDE83040FEF7E6BC103F00209A
S2140112A0635D0020E9D00300285204004ECC030001
S2140112B00021024A0248FDF7F5BF00BF51120100A6
S2140112C0103F002008B5054B1B7823B11720FFF708
S2140112D099FF002008BD0220FCE700BF635D0020E7
S2140112E010B550B1054B00F1100250F8044B904276
S2140112F043F8044BF9D1024B197010BD495D00202B
S214011300595D002037B5174D04462B78DB0626D5E8
S2140113100090154B0020154A154905F0B3FD1E2C0B
S2140113200BD0652C09D0032C19D0002023F00DFB1F
S21401133040F61C40FFF766FF0DE023F02EFB4FF44E
S214011340FA63B0FBF3F202FB1300C218FF2109484F
S21401135092B221F079F92B7823F010032B7003B0A9
S21401136030BD00BF635D002002D103002852040097
S2140113704ECC0300103F0020014B1879704700BF88
S214011380D456002070B54C4E8EB0337803F0FB0275
S214011390A3F10905022AEDB258D0042B41F6041236
S2140113A057D0A3F108014B424B415B00134343481E
S2140113B0ADF80C3021F003FD48B9414B3F4A03F12B
S2140113C0100153F8040B8B4242F8040BF9D13D4B44
S2140113D01B78002B3FD03C4B0DF10E0203F11001A0
S2140113E053F8040B8B4242F8040BF9D103A823F0FF
S2140113F0CCFA2328044610D1012D49D80020334ABF
S214011400334905F03FFDBDF80C3003A823F4005323
S214011410ADF80C3023F0B9FA0446002C41D14FF454
S2140114200C7023F0B0FA044600283AD103F0FAFE15
S214011430012D36D8274A01AB1068516803C32649E7
S21401144001A823F0FEFA78B319242AE043F6041221
S214011450A7E70223AAE73378042B0DD0082B0BD07D
S2140114601E4B0DF10E0203F1100153F8040B8B42D3
S21401147042F8040BF9D1B9E7104A0DF10E0302F157
S214011480100152F8040B8A4243F8040BF9D1ADE778
S214011490337803F0FB03022B03D10020104905F03B
S2140114A0F1FC20460EB070BD044901A823F0C9FA2C
S2140114B004460028C8D1F4E7635D0020375D0020AC
S2140114C0CFD10300595D0020495D00202852040059
S2140114D026D10300E0D1030018520400E9D103002D
S2140114E081D1030070B5002686B00446252023F07E
S2140114F032FA1622002116480AF05CF8154B1E60D7
S214011500154B1878FFF76AFD022814BF0123042340
S21401151003208DF8083023F06CFA04238DF8103080
S2140115200E4B02A80593039403F030FD05460C4BC1
S2140115300C4A19680C4B3046A14208BF134600946A
S2140115400A4A0B4905F09EFC284606B070BD00BF4E
S214011550D4560020303F0020635D0020451801006E
S2140115601866002001D0030009D0030028520400A9
S214011570FAD1030008B5134A1378042B09BF124B9E
S21401158001331B78C3F10603DBB2137003F0FD02CF
S214011590092A04D11720FFF735FE172008BD0A4A8D
S2140115A01278002A14BF052206229A4207D1074B59
S2140115B018680028EED0FFF795FF4D20EEE70020D3
S2140115C0ECE700BF635D0020595D00201466002033
S2140115D073B51E4C1E4E23683268134334D01D4B20
S2140115E01B6853B31C4D2B783BBB03F091FFF8B936
S2140115F04FF48060FEF71EFB184B24681B7894B1ED
S214011600C3F102032B7003F047FD2046FFF76AFF84
S21401161004460020124B134A1349009405F032FC8D
S214011620204602B070BDC3F1060334682B70EAE7AA
S2140116300121B42004F0E6F8EAE70020094A0B4944
S21401164005F020FC0224E4E70224E9E718660020FE
S21401165014660020D4410020635D0020595D0020FF
S21401166042D20300285204004ECC030028D20300C5
S2140116702DE9F347384D394E00202A792B88384911
S21401168005F000FC3268287922FA00F010F001001B
S21401169002D1344905F0F6FB334F3C783CB10822C1
S2140116A0324933480AF0D2FA041E18BF0124DFF883
S2140116B0DC80DFF8A490DFF8B4A014E098F800000E
S2140116C049460130C0B288F8000023F036F90028F8
S2140116D035D13C783CB10822514625480AF0B6FA85
S2140116E0041E18BF01242A793368D340DB07E5D5E9
S2140116F0002CE3D100922B881E4A1F49204605F094
S214011700C1FB1E4B1878FFF769FC0123032212491F
S21401171023F019F91A4A054613780133137010B9E4
S21401172002B0BDE8F08720462B46124A154905F05F
S214011730A9FB284602B0BDE8F047FFF763BD0020CD
S214011740114905F09FFBFFF715FF0028E8D102B00D
S214011750BDE8F04700F01CB8D4560020303F00200A
S21401176048D2030079D20300625D00205A5D002052
S214011770E25600202852040048D30300635D00208F
S214011780475D0020E9D2030012D30300365D002036
S2140117902DE9F041214C224D2378002055F82330C5
S2140117A0204A214905F06EFBFFF7ECFD03461D4E6E
S2140117B01E4FDFF874802BB92378042B15D8B3B9E4
S2140117C01B4B15E032463946002005F05BFBFFF760
S2140117D0D1FE00BB2378324655F82330414605F04A
S2140117E051FBFFF7CFFD0346E5E7092BE8D1114B87
S2140117F000201B68104A11491360114B187023F022
S2140118009CF820B1BDE8F0410120FFF7FBBCBDE824
S214011810F041FFF72DBFBDE8F08100BF635D0020FA
S2140118201C6600202852040068D3030075D3030009
S2140118301466002018660020303F0020D456002091
S214011840365D002070B51C4C23789BB3838913F456
S214011850407F2FD0056835B12A46BDE8704000208C
S214011860164905F00FBB23F066F8154E0346307097
S214011870144A2846144905F005FB33781BB1BDE828
S2140118807040FFF785BF2378082B0CD8042B0CD8A3
S2140118900E4B1B78C3F1060323700D4BBDE8704059
S2140118A01868FFF71FBE0A2BF2D1BDE8704018205A
S2140118B0FFF7A8BC70BD00BF635D0020A0D3030086
S2140118C0485D002028520400CDD30300595D002056
S2140118D01466002030B5464D03460446454A0020AE
S2140118E0454987B005F0CEFA2B782BBB01A823F02B
S2140118F0AAF8022301A88DF8043023F092F8B0B9B3
S2140119003E4901A823F08FF888B1152C0FD123F09A
S21401191044F847F23153B0FBF3F202FB130000F533
S2140119201C50103080B203F0BFFB07B030BD162C40
S214011930FBD103F0F3FBF8E7152C2AD100202D4A42
S2140119402F4905F09FFA2B78042B11D0082B0FD0C6
S2140119502C4B1B78DA070BD401A823F010F818B922
S214011960BDF804309B0703D42B7843F010032B708B
S21401197023F013F84FF4FA63B0FBF3F2FF2102FBF6
S2140119801300C218204892B207B0BDE8304020F0DC
S2140119905BBE23F034F804460028C6D12B78013B01
S2140119A0092B1ED8134A194905F06CFA184A194929
S2140119B013780133D8B2107022F0BFFF60B1204611
S2140119C0154905F05FFAFFF7D5FD0028ADD107B040
S2140119D0BDE83040FFF7DCBE07B0BDE83040FFF79A
S2140119E047BE40F61C4007B0BDE83040FFF70ABCD2
S2140119F0635D002028520400F1D30300185204004E
S214011A0008D40300355D0020103F00201BD40300DE
S214011A10365D0020D456002012D303002DE9F04194
S214011A200B4686B004460E4617463A490246002043
S214011A3005F028FA4FF000080123CDE901380DF131
S214011A4016030093424640230621204622F057FA09
S214011A50054640B102463049404605F013FA28468D
S214011A6006B0BDE8F0819DF816202AB936B90020E7
S214011A702A4905F007FAF2E7012EF8D082F00103B1
S214011A80002027498DF8173005F0FCF99DF817302E
S214011A900DF1170633B310230022CDE900630621AA
S214011AA04023204622F0F6F9064630B132460020A1
S214011AB01C4905F0E7F93546D1E74FB9082120461C
S214011AC022F04AF820B120469DF8171022F023FB99
S214011AD00521204622F040F80028C0D0204622F0FA
S214011AE017FBBCE74FB90821204622F035F820B194
S214011AF020469DF8171022F00EFB10230022CDE998
S214011B00006306214023204622F0C4F90646002839
S214011B10DED0CBE74AD6030066D603007FD60300A5
S214011B209FD60300BFD60300002208B5034B11461B
S214011B301B681B685879FFF771FF08BD98420020A3
S214011B4008B5044B00221B6801211B685879FFF772
S214011B5065FF08BD9842002008B5044B00221B68AB
S214011B6002211B685879FFF759FF08BD98420020EB
S214011B7010B50123002488B001A88DF80430CDE902
S214011B800244F5F7E3FC20469DF80420124905F0CF
S214011B9079F92046039A114905F074F92046029A0C
S214011BA00F4905F06FF910220E4B0DEB0201188854
S214011BB040F0604040F48010FBF744F920460A49A3
S214011BC005F07AF904A822F026FB2046074905F01D
S214011BD059F908B010BD00BFD8D60300F7D60300E8
S214011BE016D70300D851040035D703003FFF030082
S214011BF008B521F015F90020024905F043F9012046
S214011C0008BD00BF52D703000023054A8360C360A6
S214011C10044BC0E9002311B14FF6FF730B807047E8
S214011C20491043B20730021110B5044660B10020D6
S214011C30064905F027F9052C06D002F0CBF9044930
S214011C400246002005F01EF9012010BD66D70300EC
S214011C5077D7030037B500216A4601AB054621F068
S214011C60A0F9044668B100220F49104605F00AF9AA
S214011C7002F0B0F90D490246002005F003F903B061
S214011C8030BD0B4905F0FEF8012020F0DFF801F029
S214011C9099FF431C02D007F09DFFF0E72146284636
S214011CA0FFF7A6FFEBE700BFA0D7030077D7030037
S214011CB0E8D7030038B5054601F084FF044622F054
S214011CC0F3F94DB100200E4905F0DCF8631C14BF92
S214011CD02046002007F040FF21F0B0F80228044615
S214011CE005D0012805D10020064905F0CBF820468D
S214011CF038BD0020044905F0C5F80024F7E700BF09
S214011D0005D803001FD8030038D8030008B5002003
S214011D10034A044905F0B6F8BDE8084000F050BD96
S214011D20E2E7030051D8030008B50020034A04493E
S214011D3005F0A8F8BDE8084001F0CAB970D803005C
S214011D4051D803001FB5D0E9023253F82230684655
S214011D501C78214601F0D0FB684601F073FC28B9D7
S214011D602246044905F08EF804B010BD6846FFF718
S214011D7071FFF9E776D803000020014905F082B823
S214011D8092D803007FB50DF1060102A8FFF73CFFCC
S214011D900020264905F076F80020BDF808202449E1
S214011DA005F070F80020BDF80A20224905F06AF80F
S214011DB0039A0020204905F065F800201F4905F028
S214011DC07BF84FF6FF73BDF806209A4229D0002013
S214011DD01B4905F057F800201A4A1B4905F052F82E
S214011DE000201A4A1A4905F04DF8002219491046F2
S214011DF005F048F80020154A174905F043F80A226D
S214011E000020164905F03EF80A220020144905F084
S214011E1039F80A220020134905F034F807B05DF8B6
S214011E2004FB0020104905F02DF8D4E7A1D80300E3
S214011E30B9D80300D2D80300EBD8030004D90300B5
S214011E400FD70300E09304001AD90300C027090046
S214011E5039D9030058D9030077D9030096D903006E
S214011E60B5D90300D3D9030017D9030008B500205C
S214011E70034905F007F8BDE80840012001F0FAB96A
S214011E80F1D9030008B50020034904F0FBFFBDE8C3
S214011E900840002001F0EEB90ADA030030B5104B15
S214011EA0104D1B5C85B08DF80F302B7804468342AD
S214011EB006D00D4B0D4953F82020002004F0E2FF18
S214011EC030232C700A4801930DF10F03009306226C
S214011ED080231921007821F0DDFF05B030BD00BF59
S214011EE03F5204006B5D00204C52040022DA0300CE
S214011EF0806A00201FB5232303900193064803AB95
S214011F000093012280231921007821F0C3FF039852
S214011F1005B05DF804FB00BF806A002073B5164D5E
S214011F2004462B78154ECBB120F0A9FF012815D019
S214011F30346040F6B244124B1B78072B17D02D782D
S214011F40C5B920F09CFF031E18BF01230D4800955C
S214011F5022461921007821F021FB03E0002333609B
S214011F60002CE8D1201E18BF012002B070BD02254A
S214011F700123EBE70025FBE7685D0020343F0020E6
S214011F806B5D0020806A002008B50448FFF7C6FF95
S214011F90BDE808400220FFF781BF00BFC027090047
S214011FA010B5064C208822F0B7F8608822F0B4F805
S214011FB06068BDE8104022F0BEB800BF383F002080
S214011FC07FB523238DF813300DF1130302930423F9
S214011FD00648019305AB009301228023192100785E
S214011FE021F08DFF059807B05DF804FB806A00209C
S214011FF02DE9F047DFF84C91044699F80000904629
S2140120000F4621F08BFD0B2899F8002005D9BDE875
S214012010F04700203F4904F035BF00263E4B3F4DB8
S2140120201E803F4BDFF820A103EB00135B880120E5
S2140120302B802A7104F04EFE05F0F6FE04F04AFEEF
S214012040204604F047FE0123042C8AF800300BD802
S214012050022C45D89C4216D02346BDE8F047002006
S214012060304A314904F00EBF062CF5D130462F49CF
S21401207004F008FF384604F02DFEFFF791FF97B1F4
S2140120808AF800600FE04FF6FF76294F3888801BEC
S21401209018BF012004F01EFEFFF782FF3888B04209
S2140120A001D022F039F819236B8099F8003000200E
S2140120B02B71204B1B786B71EB8843F04003EB8050
S2140120C01D4B198821F0D7FF034620B12246002078
S2140120D01A4904F0D7FE4046BDE8F047FFF71EBF99
S2140120E0304604F0F7FDFFF75BFFFFF769FF22F0CC
S2140120F022F8134B1B78002B0CBF3F20202004F046
S214012100E9FD042CCFD14FF4806022F005F832208F
S214012110C7E700BF35DA0300F8560020FC5600205A
S21401212008410020EFC7030081DA030064DA0300E8
S214012130EC5600207F6A0020206A00209ADA03000D
S214012140675D0020806A0020685D002038B504467F
S21401215005200D46FFF7A2FE184B1A884FF6FD73B1
S2140121609A4207D10020164904F08CFEBDE838409B
S214012170FFF70ABF65B1134A13780133DBB2092BA7
S214012180137014D90A2200200F4904F07BFEEDE7F4
S214012190012C0ED10B4B1D700C490D48FFF734FD79
S2140121A0BDE83840002101200A4AFFF721BF012C73
S2140121B0F2D0BDE838400748FFF7B0BE206A0020DD
S2140121C0D4DA03006A5D0020FFDA0300EC56002033
S2140121D0383F0020E093040008B50649002004F0CB
S2140121E051FE0548FFF736FDBDE8084000210846C8
S2140121F0FFF7ACBF43DB0300383F0020814237B511
S2140122000346154608D2002000910F4A0F4904F0F4
S21401221039FE002003B030BD0C1A224600200C49BE
S21401222004F030FE40F6BB5322460020094904F074
S21401223029FE4FF47A735C43074B01209C4294BFFE
S2140122402C602B60E6E700BFEFC7030054DB0300FA
S21401225091DB0300ACDB030080EE360010B50446CC
S2140122600820FFF71BFE0D4B3CB91C700021BDE892
S214012270104006200A4AFFF7BBBE1B78092BF5D98A
S2140122800A220020074904F0FDFD0020064904F05B
S214012290F9FDBDE81040FFF79FBF00BF6A5D002053
S2140122A0C0270900D8DB030019DC030073B51F4DF6
S2140122B02C7834B100201E4902B0BDE8704004F00D
S2140122C0E1BD0220FFF7EAFDFF221A4E1A4B3078D5
S2140122D01A7021F023FC0B2807D9204632781749BB
S2140122E002B0BDE8704004F0CDBD154B1549009312
S2140122F001EB0011012319224FF6FD70498805F004
S21401230037FA70B12046104904F0BCFD00220F4B8D
S2140123100F481C700F4B1A7002B0BDE87040FFF7F3
S214012320FDBD01240C492C70EEE700BF695D00205D
S2140123302ADC0300806A00207F6A002035DA030069
S2140123403D260100084100206BDC0300685D00208B
S214012350C02709006A5D002091DC030038B5144DE2
S21401236004462B78052B21D91249FFF75DFC24B9C9
S21401237018B9114904F086FD0424104B195D21B9E2
S214012380BDE838400846FFF769BF032C06D02B7816
S214012390052B03D006200A4AFFF72AFE0021094B27
S2140123A008461970BDE83840FFF7D0BE38BD00BFFB
S2140123B06B5D0020383F0020B3DC0300355204007B
S2140123C0C0270900685D002030B5044689B00720A3
S2140123D0FFF764FD052C0AD100222A4B03A91A70C7
S2140123E002A804AA01F0FEFD30B1022045E09CB926
S2140123F00122244B1A700224224D287878B1421EFD
S214012400504221495041FFF755FC022304462B70E8
S214012410022C0ED10A200FE0022CE6D1EBE7631F57
S2140124205A424FF0050018495A4120F02FFD044644
S214012430EEE7032C04D10020FFF770FD09B030BD94
S214012440062C06D10020114904F01CFD01232B7037
S214012450E0E70F4A0F4B2878002C18BF13460E49A9
S2140124600E4A0094002808BF0A4600200C4904F0D2
S21401247009FD201E18BF0120400009B0BDE830400C
S214012480FFF76CBF665D0020383F0020EEDC0300DE
S214012490E7DC0300E0DC0300CFDC0300D9DC03004B
S2140124A029DD030013B51F4C0620FFF7F7FC227841
S2140124B0092A09D900201C4904F0E4FC042002B0D2
S2140124C0BDE81040FFF74ABF184B1B782BB300201E
S2140124D01FF0E0FC20F0D3FC68B9FFF771FD144B48
S2140124E0196820F0C3FC02460420002102B0BDE8B2
S2140124F01040FFF77DBD01A820F0BFFCFF2809D1E1
S2140125004FF4FA6023780133237002B0BDE810401F
S214012510FFF704BD0198FFF7EDFC4FF4FA620320C4
S214012520E3E700BF6A5D002044DD0300675D00202D
S214012530483F0020F023F0B589B0CDE900033448C8
S2140125408023002219210078324E334F21F0A2FC5D
S2140125500020324904F096FC3246394603A801F0C1
S21401256041FD032804462E4D1CD10626039A2D490B
S214012570002004F087FC0398FFF7BCFC00203968B4
S21401258000F0ACFE2E7001F09FF900220446264BA7
S21401259030461A70FFF782FC84BB09B0BDE8F040F4
S2140125A0FFF780BF28BB7268204904F06BFC214608
S2140125B004A8FFF729FB059B726893420BD02046BF
S2140125C01B4904F05FFC072305202B7009B0BDE80A
S2140125D0F040FFF7F9BE1A462046164904F052FCB1
S2140125E00523002101202B7009B0BDE8F040FFF75C
S2140125F0ADBD0020104904F045FCF1E7042C05D0E0
S214012600042009B0BDE8F040FFF7A8BE09B0F0BD50
S214012610806A0020383F0020483F00207CDD030010
S2140126206B5D0020ADDD03006A5D0020E8DD030080
S21401263021DE030075DE0300B1DE0300F7B50446B4
S214012640876800202378364D012B287004D0354B3F
S2140126503549187004F016FC26785EBB334B1B78A0
S214012660FF2B04D103B0BDE8F040FFF78DBC304B23
S2140126701B78032B11D82F4C0320FFF70FFC69465C
S214012680208822F0A4F9002843D02B49208805F0A1
S214012690EDF820B12E70FFF777FC03B0F0BD0124F2
S2140126A0204B26491C7004F0EDFB0320FFF7F6FBD8
S2140126B02C70F2E7012E25D13B78002BEDD01B4D77
S2140126C02B78FF2BE9D1A68802F04AFF864206D175
S2140126D000201B4903B0BDE8F04004F0D3BB194B02
S2140126E0A2881B783BB132B11749002003B0BDE880
S2140126F0F04004F0C7BB7B6814491B782B700D4B68
S2140127001A80F2E7032E08D108226846A16808F06D
S214012710A3FF6846FFF70EFFBFE700232B70A1E774
S214012720685D0020695D0020CCDE03007F6A002022
S2140127306B5D0020206A00203D26010091DC03002D
S214012740ECDE0300655D002012DF03003DDF0300C1
S2140127507FB5094B1A78FF2A0AD1187001F088FB59
S2140127600022064B0DF1060102A81A80FFF74CFA6B
S21401277007B05DF804FB00BF806A0020EA5600201F
S214012780152838B517D10C4B1D78A5B922F005F9D7
S214012790C4B2012C38BF01240120FFF77FFB284675
S2140127A02246064904F06EFB4FF47A706043BDE89A
S2140127B03840FFF7B3BB38BD6B5D00205ADF03001E
S2140127C0034B1B78022B01D8FFF770BD704700BF83
S2140127D06B5D002070B5284C20F04CFB2578274E09
S2140127E0BDB10020264904F04DFB264A137801337B
S2140127F01370002323703378062B0AD1BDE870408E
S214012800214B1868B0F5FA6F38BF4FF4FA60FFF73E
S21401281085BB3378013B082B2CD8DFE803F005098C
S2140128200D2B13191D222700BDE87040FFF7C8BF06
S214012830BDE87040FFF73ABD00232370BDE8704045
S214012840FFF7A2BB2946BDE870400120FFF77EBC1A
S214012850BDE87040FFF726BE0220BDE87040FFF7D6
S214012860B3BD0120BDE87040FFF7F8BCBDE870407D
S214012870FFF7B2BC70BD00BF685D00206B5D002035
S21401288089DF03006A5D0020343F002010B905206F
S214012890FFF764BD034B1B78062B01D1FFF79ABFE8
S2140128A0704700BF6B5D00202DE9F0478E68054636
S2140128B033189A780C46092A8EB008D90020A34905
S2140128C004F0E0FA852420460EB0BDE8F08750B942
S2140128D08B899F49895C8B4205D200919D4904F002
S2140128E0D1FA8024EFE79C4BE7881B889F4236D0BD
S2140128F09A490978012932D932B13A4600209849D5
S21401290004F0C0FA7E24DEE7964B1A70934B2679C4
S2140129101B78052B03D0012B3AD8FFF751FF5EB980
S2140129203146204621F01CFD0346002851D0304692
S2140129308D4A8E4904F0A6FAD4F80880A48998F83E
S214012940037098F80450002E4CD13046884A8949C5
S21401295004F098FA00210120FFF7F8FB4FE0002170
S214012960804B1970072A00F28A8301A353F822F0DC
S2140129700D290100BB2A0100BB2A0100CD2C010054
S214012980CD2C0100CD2C0100632F0100632F010027
S214012990022B17D102F0E4FD8742B3D00020764A1D
S2140129A0764904F06FFAFFF781FC46BB31462046B4
S2140129B021F0D6FC034610B36B4A6C49002004F0A4
S2140129C061FA1CE06E4A00206E4904F05BFA0124AD
S2140129D079E7A3681B78DA06AED432466A4904F072
S2140129E051FAA9E700210AA8FFF70EF9032F08D923
S2140129F05F4B664A66490097002004F043FA0024BC
S214012A0061E76B1E632B04D9594B604A61490095F7
S214012A10F2E7614BE4B2DB5D9C4209D0CDE90143AC
S214012A200020534B594A5D49009704F02BFAE6E71C
S214012A3057B3A4B222460521404621F0AAFBBDF8B1
S214012A402830834203D04A4B554A5649B6E7012FF0
S214012A501AD022460721404621F09BFBBDF82A30BA
S214012A60834203D0424B4E4A4F49A7E7032F0BD16F
S214012A7022460921404621F089FB0B9B984203D14F
S214012A803B4B474A494999E7642D3FF463AF21F030
S214012A9084FF6423C0B2B0FBF3F203FB12030133DD
S214012AA0DBB29D42BFF456AFCDE900530020304B58
S214012AB03B4A3F4904F0E6F9A1E7284B1B78052B72
S214012AC001D03C4A7FE7EB1CDBB2277BF45C44B1C8
S214012AD023460020374A384904F0D4F900210C4631
S214012AE00BE00F2F0DD81023204634490093314AAE
S214012AF03B4604F0C7F9802401210020FFF726FB9E
S214012B00E1E60435EDB220462A4A2D4904F0BAF929
S214012B107A1B7119D2B206A820F0BFF905443A46CD
S214012B20E9B2304621F032FB264D069A2B68264F35
S214012B309A42386001D100284AD1244900201D4A12
S214012B4004F0A0F985240121D7E700BFA6DF030022
S214012B5078520400BEDF0300206A00206B5D00206F
S214012B60EDDF0300685D002063E003006BE0030017
S214012B70F3E0030008E1030031E003003EE0030058
S214012B8093E00300A0E00300BDE003001DE10300A5
S214012B9025E103003FE103003B5204005DE1030031
S214012BA0B2E5030097E10300C1E10300E9E1030098
S214012BB010E2030044E203005EE203008DE203003C
S214012BC0A4E20300383F0020483F0020CDE2030086
S214012BD000F08EFF3E68B0420AD200F089FF9D49A0
S214012BE003463246204604F04DF98924012184E744
S214012BF0079A6B689A4205D12046974A974904F08E
S214012C0041F96BE79649097859B19A4209D22046AB
S214012C10944904F037F996210620934AFFF7E8F91C
S214012C205CE7924A924905A801F0DCF9079E48B98B
S214012C306A68964206D88F4904F024F90520FFF702
S214012C40C3FB40E6324600208B4904F01BF9396885
S214012C500027002000F042FB00206E60FFF74AF9D3
S214012C60864B06201F80FFF719F9854B1F7001F070
S214012C70B1F90646F8B94FF6FF73824A0AA81188D9
S214012C80994214BF13463B466A88298801F012F917
S214012C900AA800F0D7FC58B10AA801F0DDF938B14E
S214012CA03046794904F0EEF80420FFF757FB0AE6B0
S214012CB0FFF7F8FB07E6042805D1744B19211878AD
S214012CC020F083FCFFE538467149EBE7714B1B7832
S214012CD0062B01D0704A76E6DFF8A0A1EB1C94F82B
S214012CE00C90BAF80080DBB22EB930466B4904F07E
S214012CF0C9F88724E7E5F75C2C1D972FE4B22FD09F
S214012D0025D8812F71D0952F67D017BBB9F1100F39
S214012D107FF6E7AD31194A460AA820F0BEF804440A
S214012D20E4B221464A46304621F030FA231DDBB292
S214012D30053416F803A0E4B2A9EB0403534505468F
S214012D4066DA009338465346534A5549C7E5982FE5
S214012D5043D03B460020504A524904F093F8C8E756
S214012D60B9F10A0F7FF6BDAD1FFA89F721463A463B
S214012D70304621F00BFA05F1080104463A46C9B27D
S214012D80304621F003FA0AAA01462046FFF736FA32
S214012D9008B9454B0A93B9F10C0F12D905F10C018C
S214012DA03A46C9B23046DDF8288021F0F2F90446E9
S214012DB002463E49002004F065F8AAF80040444463
S214012DC00A940A9C3A492246002004F05BF8204601
S214012DD0FFF7A4F820F059F811E63649002004F070
S214012DE051F80320FFF7BAFA09E6334C23786BB1A2
S214012DF020F03EF850B10020304904F043F800239B
S214012E00237020F042F8FFF74DFBF8E52C49E5E783
S214012E10DFF8A49099F8003043B9FFF7D1F885425E
S214012E20034607D01C4A27490095E5E520F027F818
S214012E300128F2D110220D480AA908F007FF10B99F
S214012E40BAF13F0F42D9144A1F49002004F01AF87C
S214012E504FE700BFECE2030044E2030024E3030073
S214012E60645D002059E30300C0270900383F0020B5
S214012E70483F0020E8DD03009AE30300EA560020FD
S214012E806A5D0020EC560020BCE30300806A002047
S214012E90DBE303006B5D002001E4030016E403009E
S214012EA043E5030025E50300E093040051E4030035
S214012EB07CE403009BE40300675D0020B7E40300A5
S214012EC0F6E403007FE50300BBE503006D4B1870D5
S214012ED099F800304BB11FF0CBFF30B128461FF0F8
S214012EE0CAFF042807463FF48AAD514628463219E0
S214012EF020F004F928B10020634903F0C3FF042041
S214012F0070E799F80030554463B11FF0B1FF48B13E
S214012F10FF2FF4D0012F3FF472AD032F16D11FF00F
S214012F20B2FF05462846FEF7E5FF044602460521A0
S214012F3056481FF0D9FF564B1B689C420AD32046C1
S214012F4020F0D7F80520FFF73FFA58E51FF099FF64
S214012F508046E7E74046FEF7E1FF00287FF44FADE5
S214012F6051E74C4B1B7803F0FD03082B01D04A4A6E
S214012F7029E5A48935B1F27822B10020474903F04A
S214012F8081FF2EE7E4B22246F11C0AA81FF085FF56
S214012F90434BBDF828201988054691420DD04FF6BF
S214012FA0FF718A4209D03C4A00203E4B3E4903F05D
S214012FB083FFBDF828203D4947E7BDF82A205988F8
S214012FC091420CD04FF6FF718A4208D0324A002057
S214012FD0374B354903F070FFBDF82A20EBE70B9A13
S214012FE05B689A420AD0013208D02B4A2E4900204B
S214012FF0304B03F061FF0B9A2F4926E7A4B2E91C78
S2140130002246C9B2304621F0C1F8E91DC9B20746C9
S2140130102246304621F0BAF8431C014606D1082064
S214013020FEF73CFF2548FEF779FFE8E4384606AA96
S214013030FFF7E4F8A8B9214B0693214B0022197833
S214013040204B18781FF005FF069C2046FEF766FF0A
S214013050224600201C4903F015FF0920FEF71EFF3B
S214013060CDE440F6B733069A9A42E6D840F6B8322F
S2140130700020164903F006FF40F6B833DCE781244A
S21401308021E400BF6A5D0020EEE5030011E60300BF
S214013090483F00206B5D00201AE603002FE6030080
S2140130A0383F0020B1E1030056E603000FD70300C6
S2140130B0DBE1030071E603006EEE030080EE3600EE
S2140130C07F6A0020806A0020A9E603007EE60300EE
S2140130D008B50420FFF742F90020FEF7DFFE0023C3
S2140130E0054A19211370054A1370054B1878BDE877
S2140130F0084020F06ABA00BF685D0020695D0020C4
S214013100806A002010B5164B164C1A78164B002014
S21401311053F82220154903F0B5FE2178144B154AC1
S2140131200020002918BF1A46134903F0ABFE237886
S2140131302BB1124B00201A68114903F0A3FEFEF7CB
S2140131403FFF0446FEF73CFF0E4B19681FF0BFFE1B
S2140131502246BDE8104003460B49002003F092BE0C
S2140131606B5D0020685D00204C520400C5E603003C
S2140131709BED03007CED0300D2E60300343F002004
S214013180ECE60300483F002005E7030038B501469A
S21401319004460020FFF788FB054698B1E37C002033
S2140131A00A4A0B4903F06EFE2379042B0AD02946FE
S2140131B0204621F0D5F8034620B10020054A0649ED
S2140131C003F060FE6FF0FF0038BD00BFEFC70300DD
S2140131D02DE7030063E003006BE0030010B5134620
S2140131E0094A127882420DD163B1084A0020146858
S2140131F00A46074903F046FE2146BDE81040012075
S214013200FFF752BB10BD00BF806A00209842002025
S2140132104FE7030010B50D4B1C782CB1BDE81040EC
S21401322000200B4903F02EBE6420FEF763FE4FF626
S214013230F0716FF00F02074B0320C3E9001222461C
S2140132402146BDE81040FEF7D3BE00BF6B5D0020EF
S21401325088E70300383F0020014B1870704700BF15
S214013260675D002000210620014AFEF7C1BE00BFAF
S214013270C0270900014B1870704700BF645D00202D
S214013280114B2DE9F04107460D4618680F49101AF3
S21401329009681FF01CFEDFF840800D4E98F80040CC
S2140132A00346FF2C307004D0A8420AD32C44A04217
S2140132B007DB3A460020074903F0E4FD337888F837
S2140132C000303078BDE8F081503F00204C3F0020B0
S2140132D06C5D0020B6E80300816A002050EA010216
S2140132E008D0FF22054B091A1A70054B1860054BCA
S2140132F01960704711461046FFF7C2BF816A002069
S214013300503F00204C3F00202DE9F04FAFB006ADF6
S214013310284600F0FDFD0026624FDFF8D0912846D2
S21401332000F090F9044648B900F0BEFD5E49024639
S214013330204603F0A7FD2FB0BDE8F08F39460020E8
S214013340F2B203F09FFD284616A900F0FFFD0446E1
S21401335020B15649002003F095FD8FE0BDF85820B6
S214013360534903F08FFD49462046BDF85A2003F025
S21401337089FD2046BDF85C204E4903F083FD2046BA
S214013380BDF85E204C4903F07DFD2046BDF8602067
S2140133904A4903F077FD2046199A494903F072FD20
S2140133A02046BDF86820474903F06CFD2046464993
S2140133B00DF16A0203F066FD44492046239A03F0A4
S2140133C061FDBDF85C30D90705D520469DF89020F3
S2140133D03F4903F057FDBDF85C309A0714D500202D
S2140133E03C4903F069FDBDF85830B3F5807F4FD1F5
S2140133F0002020F015FF18B10DF1910003F0C4FC78
S2140134000020354903F03EFDBDF85C305B070BD567
S2140134100020BDF8B220314903F034FD0020BDF88C
S214013420B4202F4903F02EFD062228460DF116037F
S2140134300AA91FF07BFD044690BBBDF8162029495A
S21401344003F020FDDFF8A8A0DFF8A8B00DF12808EA
S214013450BDF81610A2B2914210D9B8F80020514614
S214013460002003F00FFD0134D8F80420594600204F
S21401347003F008FD062C08F10808E9D16C46204641
S21401348000F05AFD94E80F00013685E80F0046E784
S2140134900123202200200DF1910103F057FCAFE734
S2140134A0114957E7C8E8030095EA0300D1E803008D
S2140134B0F5E8030029E9030042E903005BE903009C
S2140134C074E903008DE90300A6E90300BBE90300E4
S2140134D0D7E90300F0E903003FFF030003EA030016
S2140134E01CEA030035EA030068EA03000EE903005C
S2140134F046EA030056EA03002DE9F04188B004AD20
S214013500044628468846002700F002FD6E464745D9
S21401351007D195E80F0084E80F00204608B0BDE803
S214013520F081304600F008FD96E80F0085E80F00B0
S214013530284600F087F801370028E8D1014B0FCB69
S214013540E9E700BFCC5404001FB5D0E9023253F8B6
S214013550223068461978FFF7CFFF684600F07CFDF9
S21401356048B1042809D1074A0020074903F08AFC1C
S21401357005B05DF804FB054AF6E70020044903F0B0
S21401358081FCF5E737F40300B0EA0300E7ED03003A
S214013590BCE3030010B5D0E9023203EB82014968AF
S2140135A053F8223098B00C6804A81978FFF7A4FFE6
S2140135B003AB40220093214608AB04A800F0E2FCCE
S2140135C0024628B100200E4903F05CFC18B010BD7D
S2140135D0039808A900F007040122C0F3C70003F00E
S2140135E0FBFB039908A8091B014406480123224650
S2140135F0008803F0ABFB044803F0E4FBE6E700BFFA
S214013600C0EA0300085700203FFF0300F0B5044658
S2140136100D460B4BEF880FCB84E80F00AB882E8945
S2140136209B0741BFD5F83900D5F83D1004F10803D2
S21401363003C3EA682046278066806260F0BD00BF4B
S21401364084520400102208B5034908F0FFFA003836
S21401365018BF012008BD00BFCC54040008B521F0F6
S214013660FAFDC288FF219208012A38BF01220248CA
S2140136701EF0EAFF012008BD603F002038B5134662
S21401368090B10120274A1070274A00201160274A6E
S21401369013600A46264903F0F5FB02F043FB254B6F
S2140136A01870022002F044FB21F0F0FDE8B91D4D30
S2140136B01D4C2B782BB921F0CEFD2268C36813442C
S2140136C023601A4B24681B689C4229D221F0C3FD53
S2140136D0C168204606F022F8002402462C7050B934
S2140136E021F0D4FDFFF7BAFF03E0FFF7B7FF00288C
S2140136F0DDD0012038BD20460F4903F0C3FB0D4B3A
S214013700187802F015FB00200C4903F0BBFB00F013
S21401371091F908B900F0AEF92046FFF7B7F8E8E7E7
S2140137200124ECE76E5D0020583F0020543F002046
S214013730E7EA03006D5D002013EB030033EB0300A3
S21401374038B500F04BFA044600F042FA241A21F08C
S21401375082FD054618B9B1211B4826F0A8FFAB88A3
S21401376003F00303032B03D0B221174826F09FFF73
S21401377000F02EFA05461FF04CFC01238340013B66
S2140137802B4203D0B421104826F091FF1FF041FCD4
S21401379001238340013B234203D0B5210A4826F08A
S2140137A086FF05F091FD05461FF033FC4FF480635C
S2140137B0B3FBF5F3C440A34205D2BDE83840BA21B5
S2140137C0014826F074BF38BD49EB0300FF2108B558
S2140137D004481EF04AFFBDE8084000221146104684
S2140137E0FFF74CBF603F0020F7B504460E4600F0D9
S2140137F089F8054621F02FFDC3682B449C4220D34F
S2140138001FF007FC2C44C440013C114F3B68DEB15D
S214013810A34219D101340023ADF8043000F0E4F9D5
S214013820054605F051FD103504FB005405F04CFD2E
S21401383001A90246204605F099FD1FF0FAFB386003
S21401384004E04FF0FF34E0E7A342E4DB03B0F0BD51
S214013850486600204FF0FF320A4B10B51A6000226E
S214013860094B1A7000F0B4F9044600F0B7F9214686
S21401387002460120FFF702FF00280CBF01200420AA
S21401388010BD00BF486600206F5D002038B500F00F
S214013890D1F808B9002038BD094D0A4C2B7823B958
S2140138A01FF0C7FB012320602B7024681FF0B1FBBB
S2140138B001348440EED000F025F82044EBE700BF49
S2140138C06F5D00204866002070B50D4C2368002B04
S2140138D001DA012070BD00F07BF9054621F0BBFC42
S2140138E02468C6681FF095FB013404FA00F12944E8
S2140138F001208A19FFF7C2FE0028EAD00420E9E772
S21401390048660020024B18680C301FF0C2BB00BF8F
S2140139104C660020FF2307B50021044A04480093A3
S214013920FBF78AFC03B05DF804FB00BFCD3701004E
S214013930603F00200E4B70B51C680546036804F511
S21401394082641C440E46FFF7DDFF2B68834208D2D3
S21401395032681A44824208D9C31A012033602C60A7
S21401396070BD044A126813441C1A0020F7E700BF12
S2140139704C6600205C3F00202DE9F04FB3F5803FF8
S21401398087B00F469846019003D3002007B0BDE8E4
S214013990F08F03A904A8CDE90332FFF7CBFF00247B
S2140139A0824600F10109DFF888B05FFA89F9019BC8
S2140139B0DDE90356AAB27BB13046109921F052FCDC
S2140139C00028E2D1B9F1020F2BD1DBF800300493C5
S2140139D0019B03BB2F4421E03946304605F0C6FC67
S2140139E00028D2D1BAF1000FECD0002CEDD105F0B1
S2140139F06BFC2E44B6FBF0F303FB10600028E4D00A
S214013A0005F062FC05A902463046059405F0AEFCB9
S214013A100028DAD0B9E7109B2B441093A8EB0505D4
S214013A200395631C4B454FF00104C0D32046ADE718
S214013A305C3F00207FB56B460C4A1068516803C393
S214013A4090680C2218600A4B0DEB0201186821F0F1
S214013A5009FC0C2268460DEB020108F0F7F8B0FAF3
S214013A6080F0400907B05DF804FB00BF94520400E3
S214013A704C6600201FB5084A01AB1068516803C3A5
S214013A80906801A91860054B0C22186805F06EFCB9
S214013A9005B05DF804FB00BF945204004C6600209C
S214013AA0F7B5044615460E4681B9072A03D8002401
S214013AB0204603B0F0BD0D4B80791968E3790630D6
S214013AC000EB03200C3180B21FF0EDFA00272146EF
S214013AD02B46324638460097FFF74EFF044600282D
S214013AE0E5D039467019FFF77FFEE1E74C66002006
S214013AF0024B1868A0F50060704700BF58660020AA
S214013B0010B58AB0684606F015F810F0FF0027D108
S214013B10009BFBB1174C01A9206005F083FF10F054
S214013B20FF001DD12268009B9A4204D34FF4DD7139
S214013B30114826F0BCFD019B104A11491360029AF8
S214013B4013440B600F49A3F500630A600E4A136025
S214013B50009B63B940F2CF11074826F0A8FD06E0A6
S214013B60044A034612680020084903F08BF90AB09C
S214013B7010BD00BF50660020FCEB03005C3F002038
S214013B8054660020586600204C660020A4EC030012
S214013B9008B5FFF7B5FF21F05EFB50B121F05BFBE6
S214013BA0064B02691B689A4203D2B321044826F0E9
S214013BB07EFDFFF7C5FD012008BD00BF5866002049
S214013BC0FCEB0300014B1868704700BF50660020ED
S214013BD0014B1868704700BF5C3F0020014B186816
S214013BE0704700BF54660020014B1868704700BF3D
S214013BF04C66002010B5FFF749FE04462849002010
S214013C0003F040F90020274903F03CF9002026493B
S214013C1003F038F90020254903F034F9244B00203D
S214013C201A68244903F02EF922462349002003F09E
S214013C3029F9FFF767FE21490246002003F022F921
S214013C401F4B00201A681F4903F01CF91E4B1F4C1E
S214013C501A6800201E4903F015F9226800201D4944
S214013C6003F010F94FF4806200201B4903F00AF9B3
S214013C70226800201949103203F004F92268002056
S214013C8017490C3203F0FEF822680020154902F5A8
S214013C90826203F0F7F8BDE8104005F049BA00BFAC
S214013CA023ED030060ED03007FED03009FED0300AD
S214013CB050660020CAED0300E9ED03000CEE030098
S214013CC05C3F00202FEE0300546600204C66002067
S214013CD052EE030075EE030098EE0300BBEE030000
S214013CE0DEEE030001EF03002DE9F04194B0044637
S214013CF00D460020482102AA1FF0E6F918B95349DB
S214013D0003F0C0F819E060220021204607F052FCBB
S214013D1004224F4902A807F099FF90B16DB19DF8B2
S214013D200B30002001939DF80A309DF8082000937F
S214013D3048499DF8093003F0A5F8012014B0BDE804
S214013D40F081BDF80C20B2F5807F228003D0424975
S214013D5003F098F8F1E7BDF81420BDF80E102281A3
S214013D60DDF816206180E2600499BDF81A206160D2
S214013D70228284F8320007AD04F112020FAE2B4600
S214013D8003CBB342106051601D4602F10802F6D122
S214013D900F9B324A63631360314B10221846002191
S214013DA007F008FCE288A388028022894280E26844
S214013DB042600BB90020C1E700263546A388D90723
S214013DC009D536B105F150026A4412F8482C84F838
S214013DD038200135EDB29A0714D520881FF08AF8ED
S214013DE007466EB102AB03EB05080246414604F1F5
S214013DF0390007F06FFD3A4641461A4807F06AFD5A
S214013E002F44FDB2A3885B070DD556B105F15003CB
S214013E106B4433F8482C33F8463CA4F85A20A4F8EF
S214013E205C300435EDB2002EC4D1482D02D930469F
S214013E300D4965E72946382002AA1FF045F908B959
S214013E400A495DE738250126B8E700BF24EF0300DD
S214013E50A052040056EF03008CEF0300803F0020C1
S214013E60843F00208C3F0020A7EF0300F7EF0300FC
S214013E7030B50B4C99B025786DB9FFF789FE68B15E
S214013E8029466846FFF730FFB0FA80F0054B400937
S214013E90187001232370002019B030BD0120FBE704
S214013EA0705D0020715D0020014B1878704700BFDF
S214013EB0715D002070B51E46134B044618881D46DA
S214013EC0884298B002D15B88934206D00F4B0FCB45
S214013ED084E80F00204618B070BD96B100216846F0
S214013EE0FFF702FF0028F1D1BDF804305B0708D5C3
S214013EF03388BDF85A209A42E8D8BDF85C209A4229
S214013F00E4D395E80F00E3E7843F0020CC54040097
S214013F10064B10B51B7804462BB9054B0FCB84E82E
S214013F200F00204610BD034BF8E700BF715D00206F
S214013F30CC540400843F002010B50446024B0FCB3E
S214013F4084E80F00204610BDCC5404000B4B10B57E
S214013F501B78044608467BB10021FFF7C5FE48B929
S214013F6010222146064807F071FE003818BF0120CE
S214013F70C0B210BD0120FBE70120FAE7715D002009
S214013F80843F00202DE9F0410E4690460E4910224E
S214013F901F4607F05BFE044670B90C4B3A461D6897
S214013FA03046AD1B454528BF454629461FF08CF8CF
S214013FB028B9074902F066FF0120BDE8F081069B9B
S214013FC020461D60F9E700BF843F0020803F0020A7
S214013FD0F7EF03000022024B1A70FFF73BBC00BF4D
S214013FE0715D00202DE9F0419CB00F4616468046D3
S214013FF0FFF74CFC054602461549002002F042FF39
S214014000382D20D9012104A8FFF76EFE0446D0B949
S214014010119B04A93B606F463846FFF7F7FA97E80D
S2140140200F0086E80F00119BAB4297BF01210324C6
S214014030084AC8F8003094BF1170C8F800502046EE
S2140140401CB0BDE8F0810022024B01241A70F6E78D
S21401405029F00300715D002070B5084D00262B780D
S21401406053B1FFF7F7FB04461022002104482E70D7
S21401407007F0A0FA204670BD3446F5E7715D0020D2
S214014080843F002008B50020064902F0FBFE064BDF
S21401409000201A78054902F0F5FEBDE80840FFF752
S2140140A0A9BD00BF48F00300715D002072F0030057
S2140140B003460120024AC3E9032000221A70704712
S2140140C00100FEFF2DE9F0410024264E264FDFF8C1
S2140140D0A88088B000F0D4F9A5B2854202D308B012
S2140140E0BDE8F081284603A91FF024F8A2B23146A4
S2140140F0002002F0E1FE9DF80D2012B39DF812108B
S214014100BDF81030402914BF6E2179210020CDE979
S21401411000313946BDF80E3002F0CEFEBDF814204F
S2140141201AB10020114902F0C7FE9DF80C00BDF837
S214014130182070B9079B0E490093BDF81A3002F09B
S214014140BBFE00200B4902F09DFE013426F0BCFAAE
S214014150C0E7BDF81C304146009300209DF81A3098
S214014160EDE700BF8BF0030091F00300B4F003000D
S214014170BEF003003FFF0300E5F0030010B500F0BA
S214014180ABFABDE810400346024A0020024902F09D
S21401419079BE00BF0DF1030044B90300D0E9023235
S2140141A053F8223010B5188800F086FABDE81040A2
S2140141B00346024A0020024902F064BE13F10300DE
S2140141C044B9030010B5D0E90232002486B08DF858
S2140141D0044053F8221003EB8203097801A88DF8F6
S2140141E005105A681288ADF806209A681288ADF84C
S2140141F00820DA681278ADF80C40A24214BF4022BB
S21401420080228DF80A201A691288ADF810205A69A2
S2140142109B691288ADF812201B68059300F0D0FB4D
S214014220034A03460349204602F02CFE06B010BDA1
S214014230AFCF030044B9030038B50024064D26F07D
S2140142402FFA45F824000634C02CF8D10020BDE82A
S2140142503840024902F016BE801000201AF1030011
S21401426030B5002087B0204902F00CFE00201F491F
S21401427002F008FE00201E4902F004FE26F010FAA5
S21401428000240546A0B201A901341EF053FF202CDC
S214014290F8D126F005FA1749421B002002F0F2FD7C
S2140142A01549002002F0EEFD26F0FAF90446012039
S2140142B000F09EF826F0F4F90E49021B002002F0E9
S2140142C0E1FD0E49002002F0DDFD26F0E9F9044685
S2140142D01EF021FF26F0E4F9021B0020054907B075
S2140142E0BDE8304002F0CEBD46F1030075F1030093
S2140142F0A5F10300C2F10300D1F10300EBF10300C5
S21401430010B50C4603F022FD08B9032C12D101F0BA
S214014310FFF804280ED001F0FBF805280AD006485D
S21401432002F060FC1C2801D11FF0A2FEBDE810407F
S21401433002F068BC10BD00BF213103002DE9F04F2B
S21401434000274FF0FF36DFF8A4B0264C87B0BBF845
S2140143500030B8B2834209D8731C3BD03246FF21E5
S214014360214807B0BDE8F04F1EF06EB901A91EF056
S214014370E1FE9DF8050001F001FFF8B19DF804800B
S214014380B8F1000F1AD1BDF810A0BDF8129026F0B2
S21401439087F918210246BBB24B43E018E158007C6E
S2140143A04FF47A73A2EB010C50B103FB0AF3634599
S2140143B00ED30B44981A864228BF06460137C6E735
S2140143C04D466B43FAD06345F5D31944881AF2E794
S2140143D04046F0E7FF21044807B0BDE8F04F1EF065
S2140143E044B900BF80100020943F0020EE56002004
S2140143F02DE9F041014688B058B1022810D01EF0D0
S214014400B3FE78B3D221194808B0BDE8F04126F0D2
S2140144104EB9FF23164A17480093FAF70DFFEEE749
S21401442000244FF001082746134EA5B2284603A9DB
S2140144308DF80D701EF07EFE9DF80D0068B101F03E
S2140144409DFE20B19DF80C300BB986F81080013422
S214014450202C06F11806E8D12546084B1D80FFF7EB
S2140144606DFFCCE708B0BDE8F08100BF0BF203009A
S214014470A5470100943F002080100020EE56002042
S214014480014B1888704700BFEE5600202DE9F04F0B
S214014490634A077D89B004466249002002F00CFD9C
S2140144A000201FF0BDFE20B12368218A588803F042
S2140144B09BFC00205C4902F0E5FC637DDFF874910B
S2140144C0002B236808BF08205988574B18BF0020C7
S2140144D00093228A4FF0090314BF4FF080084FF073
S2140144E0400802F02FFBA289BB1C93420CDB1FF095
S2140144F031FF034620B100204C4A4D4902F0C2FC70
S214014500012009B0BDE8F08FA068791C89B2C55DAD
S2140145101FF03FFE0337012D0646BFB213D82368AE
S214014520324659885879238A009343461FF07BFA0E
S214014530824600283ED1862002F0CCFB284602F0B7
S214014540C9FB304668E08520F6E703A91EF0F2FDB8
S2140145509DF80C30AB4223D123689DF80D105A7993
S21401456091421DD1BDF80E105A88914218D1BDF85E
S2140145701020B24214D19DF81220424510D1BDF848
S2140145801410228A91420BD1002D38D0BDF8181094
S214014590E288914204D19DF81A201B799A422ED0C6
S2140145A00BF1010BB9F800305FFA8BF08342CCD8DF
S2140145B08B20C1E74FF0000BF4E79AF8020002F0F7
S2140145C089FBBDF818001FF0A7FDBDF81A001FF003
S2140145D0A3FD9AF8020003F027FE002883D19AF87B
S2140145E0020001F09DFC0546079E002D3FF47BAFBF
S2140145F0F0B2013D02F06EFB360AEDB2F5E700209F
S21401460002F068FB284602F065FB30461FF084FD89
S214014610012DD2D1BDF81C001FF07EFD63E700BF5F
S2140146209AF203006CE603003FFF0300A7F20300C3
S214014630C4F20300EE5600202DE9F04391B069461E
S21401464080461EF077FD0023194F8DF8013038881B
S214014650431E98B28045388009D1694640461EF00F
S21401466071FD68461EF055FD11B0BDE8F0834FF0B0
S214014670180905A91EF05EFD0E4C3E880AAD09FB21
S21401468006460FCE0FC596E8030009FB084485E8E9
S21401469003000AAE404605A91EF054FD0FCE0FC416
S2140146A095E8030084E8030069463888D7E700BF29
S2140146B0EE5600208010002008B5064B1B8883426A
S2140146C005D9FFF7B9FFFFF739FE002008BD2720FF
S2140146D0FCE700BFEE56002038B5074D2C882CB9F4
S2140146E0FF2106481DF0C1FF204638BD601E80B27E
S2140146F0FFF7A2FFF2E700BFEE560020943F00202E
S2140147002DE9F3479A4618239DF82890244FCDE9C2
S214014710001203FB09731446D3E902231FF0F9FEC6
S214014720064620460D4603F07FFD04F0FD03382BB8
S21401473080460FD1009432462B460021DAF810004D
S2140147401EF023FDB8F1010F1BD135431ED102B077
S214014750BDE8F087392CDAF810300BD107EE906AF5
S21401476007EE103AF4EEC77AF1EE10FAACBF01206C
S2140147700020E7E79E4275F100032CBF01200020D0
S214014780E0E7B8F1000FE2D10028E0D0182303FBE0
S214014790097701233B7402B0BDE8F047FFF7CEBDB1
S2140147A0801000202DE9F04F00252E46A846AA4687
S2140147B02C46DFF8BC91D1B0694BA8B21B88834266
S2140147C009D81CB161882079FFF79AFDFFF7B6FD7D
S2140147D051B0BDE8F08F0BA91EF0ACFC25F060FFD0
S2140147E01823AFB27B4309EB030B59F8033005904E
S2140147F09DF82D00049301F0C1FC002800F0AE8066
S2140148009DF82C10002940F0A980DDE90432D01A69
S2140148104FF47A72BDF838305343834200F29E80DB
S2140148209BF8103043B9BDF83A30002B00F0968063
S2140148305343834200F29280FD230022CDE90132E8
S21401484010AB00930DF119020DF11A03E9B20BA892
S214014850EFF73EFD002877D1BDF81A30DA1C049335
S214014860D2B214B33F4B9DF82D101B881344227906
S214014870914214D1BDF82E10628891420FD19DF855
S2140148803220B8EBD21F0AD1BDF83420524506D1EA
S214014890B3424DDD0020344902F0F4FA01E0B342A0
S2140148A0F8DC61882079FFF72BFD02F0E7F9044672
S2140148B09DF932002D4BC043C00F0093BDF8342044
S2140148C00A23BDF82E10C0009DF8328002F03AF996
S2140148D09DF82D304FF0000B23714FF48A53FF26BD
S2140148E0BDF834A04FEAD818E38007A95FFA8BF029
S2140148F01FF0B3FFC0B2B0B99DF81D109DF82D2072
S214014900914210D1BDF81E10BDF82E2091420AD159
S21401491022469DF829109DF81C001FF024FDB04288
S21401492028BF3046C6B20BF1010BBBF1200FDCD11C
S214014930BDF830001FF0F0FB9DF8190002F0CAF92F
S214014940049910A802F0DAF9182300225F4309EB54
S21401495007031A7425F0A4FE49F8070001352BE772
S214014960EE560020F856002083F303003FFF0300B5
S2140149708010002070B500240126104D8AB02B88C7
S214014980A0B2834204D80AB0BDE87040FFF7D6BC97
S21401499005A91EF0CFFB9DF8150001F0EFFB50B105
S2140149A09DF814303BB91A46CDE901360093E1B2C1
S2140149B005A8EFF78DFC0134E1E700BFEE560020B5
S2140149C02DE9F0430389DFF858818BB0B8F80090E1
S2140149D00093044683798288418840781FF023F843
S2140149E0002800F09580E78927B1A389BB4200F231
S2140149F091800027B8F80030BDB2AB4214D84D46BE
S214014A0001264FF6FF73E2899A4226D146B9B8F8D5
S214014A100030AB4202D92846FFF70EFEFFF78EFCA8
S214014A2000200BB0BDE8F083284605A91EF082FBE6
S214014A309DF814307BB92268059B5340FF2B0AD89A
S214014A406368069E5E4036F07F4604D1BDF81C20A2
S214014A5023899A42D5D00137CCE7E2689A422BD017
S214014A60002E53D1D4E90323CDE9082305A81EF06F
S214014A7050FB0028D5D1B8F80030AB4204BF6B1C00
S214014A80A8F8003025F00CFE18236B43234AE9B240
S214014A90D050D418002305A81A46CDE90133009357
S214014AA0EFF716FC18B100220023C4E902232846BA
S214014AB005A91EF047FBB1E7234605AA04F1100C31
S214014AC0174618685968083303C763453A46F7D14D
S214014AD01868386005A81EF01FFB0028C0D01F2DDF
S214014AE01AD800238DF8143063788DF81530638852
S214014AF0ADF81630A388ADF81830A3798DF81A30C2
S214014B002389ADF81C300028B0D1ABE70020E6E7DA
S214014B10862086E7872084E7892082E780100020A8
S214014B20EE5600202DE9F04FB04A90F814908DB063
S214014B300446AF49002002F0BFF900201FF070FBC9
S214014B4020B12368218A588803F04EF90020A9492C
S214014B5002F098F9637DDFF8B8A2002B14BF80231A
S214014B6040230293236808BF08205988A14B18BF29
S214014B7000200093228A072301F0E4FF0023039319
S214014B80A28909F10305954211DB039B13B9184667
S214014B9002F0A0F81FF0DEFB034620B10020964A83
S214014BA0964902F06FF901200DB0BDE8F08FA068BC
S214014BB009F1010189B210F809601FF0EAFA3246DC
S214014BC0804603468E490020ADB202F05BF98EB1F5
S214014BD0012E00F08A808527384602F07BF83046A1
S214014BE002F078F840461FF097FA852FD2D00123BD
S214014BF0039376E0A06809F10401A28989B2475DB2
S214014C001FF0C7FA09F10601A289049089B2A068CB
S214014C101FF0BFFA3A4605900090049B304679494A
S214014C2002F030F909F1080938461FFA89F503F050
S214014C30FBFA002857D1384601F072F92946034697
S214014C408146A289A0681FF095FA6F4983463046CF
S214014C5002F032F9A1684A4629443346304602F04A
S214014C6075F83046634902F00DF9A9441FFA89F533
S214014C702368424659885879238A0093029B1EF07E
S214014C80D2FE18B18378BB4240F0AC80483FFFB2F9
S214014C90092F05D840F21133FB40DB0700F1A48051
S214014CA000238DF81C30236807A85A798DF81D203B
S214014CB05B88ADF82080ADF81E30029BCDF82CB095
S214014CC08DF82230238AADF82430049BADF82830C5
S214014CD0059BADF82A30FFF773FE074600287FF4E0
S214014CE07BAFA9464CE7B346C2E72946A289A0682E
S214014CF01FF04FFA4FF0000B0246074643490020CB
S214014D0002F0C0F809F10509BAF800301FFA89F572
S214014D10BAF800201FFA8BF94A4503D81F2B31D960
S214014D20892759E7484607A904931EF003FA9DF818
S214014D301C20049B012A22D122689DF81D0051796E
S214014D4088421CD1BDF81E005188884217D1BDF893
S214014D502010414513D19DF82210029881420ED1B0
S214014D60BDF82400218A884209D1BDF82800E188CF
S214014D70884204D19DF82A10127991421BD00BF17A
S214014D80010BC5E7012299468DF81C20226851794E
S214014D908DF81D105188ADF82080ADF81E100299CF
S214014DA08DF82210218AADF82410E188ADF828107C
S214014DB012798DF82A2007A8ADF82C701EF0A9F9F3
S214014DC0074600287FF408AFBAF8003048469945F0
S214014DD008BF09F1010307A908BFAAF800301EF0B1
S214014DE0B1F97EE78D27F7E68C27F5E6AEF30300EB
S214014DF06CE603003FFF03000FF40300C4F2030058
S214014E00B6F30300D3F30300F4F30300FFF3030048
S214014E10EE5600202DE9F04F0746884691460025BC
S214014E2089B09A46BDF848B09DF84C60149C224B58
S214014E301A88A8B2824235D903A91EF07BF99DF8DB
S214014E400C201D4BB2BB9DF80D10B94232D1BDF8F6
S214014E500E1041452ED1BDF8101049452AD19DF8B6
S214014E601210514526D1BDF81410594522D13046AD
S214014E70029201F055F8A6F14103012B01460AD82A
S214014E8020461FF08CF90D4B0D4A204484420CD16C
S214014E900421029302ACEDB232462046009503ABE4
S214014EA0FFF72EFC09B0BDE8F08F14F8011F4B4048
S214014EB05343EBE70135BBE7EE560020C59D1C8149
S214014EC0930100011FB50F4C2478C4B142EA0322B6
S214014ED09DF818308DF8051042EA43220A4BADF8CA
S214014EE00C201A78094B8DF80610079903EB02136C
S214014EF000908DF80400DB6868460291984704B07C
S214014F0010BD00BF725D0020745D0020B43F00201C
S214014F1073B51A4DFF211A481DF0A7FB2B7853B322
S214014F20184C194E2378180106EB03131A7A5968A0
S214014F30305C1FF016FD4D281DD0E0B10123002185
S214014F402278CDE900311201B25CC0B2FFF7BAFF98
S214014F500A2223780A480133DBB2B3FBF2F102FBE3
S214014F601133FF2123702B78013B2B7002B0BDE873
S214014F7070401DF072BB02B070BD00BF725D0020B4
S214014F8054400020745D0020B43F0020F8B5104F57
S214014F903E780A2E1AD00FC8DFF840C00D4D9CF897
S214014FA00040013605EB041585E80F000A2301349D
S214014FB0E4B2B4FBF3F203FB12440748FF218CF87A
S214014FC000403E701DF049FB0020F8BD0120FCE7C3
S214014FD0725D0020B43F002054400020735D002025
S214014FE00021024A0248FAF75DB900BF114F0100DD
S214014FF054400020002337B50C46124D12492A783A
S214015000CDE9003312018A5C01230146E0B2FFF7C5
S21401501059FFA4B90D490A788AB10A202B78013ABA
S2140150200133DBB2B3FBF0F40A70FF2100FB14334B
S21401503007482B7003B0BDE830401DF00EBB03B02F
S21401504030BD00BF745D0020B43F0020725D0020BB
S2140150505440002008B500F0BDF850B1054B064A93
S2140150600649052808BF1A46BDE80840002001F099
S21401507009BF08BD23F403003FFF030044F4030007
S21401508008B503201FF087FC10B90122014B1A70E6
S21401509008BD00BF755D00200022024B18781A700B
S2140150A0704700BF755D00200246FF2101481DF0D4
S2140150B0CBBA00BF74400020114B37B51D78C5B977
S2140150C0FF2110481DF0D1FAFFF7DAFF04460090E1
S2140150D00D4B28460D4A0E4901F0D4FE4CB10D4B3E
S2140150E01B78DB0605D528461FF02FFC20461DF051
S2140150F081FE094B186803B0BDE83040FFF7D4BF06
S214015100755D00207440002061F403008FF40300F5
S2140151104ECC0300635D00205C660020FF21014841
S2140151201DF0A3BA7440002070B51A4E05463378B8
S2140151300C466BB30020184A184901F0BDFE032C3B
S21401514001D0652C20D11649002001F0B5FE22467B
S2140151500020144901F096FE0020134901F0ACFE30
S214015160012329460822002001F0F0FD00200F4906
S21401517001F088FE032C88BF0023204688BF3370C9
S214015180BDE87040FCF7BEB8012CE0D00849DBE76B
S21401519070BD00BF755D00208FF4030038D003009A
S2140151A0A2F40300EFD60300C0F403003FFF0300A0
S2140151B0B8F40300014B1860704700BF5C6600201E
S2140151C00021024A0248FAF76DB800BFB950010043
S2140151D074400020054B10B51C782CB90448FF21FB
S2140151E01DF03BFA204610BD0520FCE7755D00204A
S2140151F074400020F8B50024074B084E1D68084F80
S214015200E3B29D4204F1010400D8F8BD394656F8D0
S21401521023001CF0E1FBF3E7A4700400A87004006F
S2140152202867002010B5044C23780BB11FF0A3FBB0
S2140152300123237010BD00BF826A00202DE9F743C9
S214015240254B0D4616460446019350B14AB1042338
S21401525001AA12F8011BA94235D0013B13F0FF0346
S214015260F7D1212003B0BDE8F08317F8010F90FABB
S214015270A0F0000E1CF0ECFD014608EB0703994573
S214015280F3DCCAB2C1F30F2392FAA2F293FAA3F3A4
S214015290120E1B0E03EB0223DB43621912F8020CFB
S2140152A099B2DBB298420CD112F8013CB3EB112F44
S2140152B007D132462146284603B0BDE8F0431FF029
S2140152C0C2BA2320CEE74FF6FF71671EA5F1020989
S2140152D0C4F10108D1E700BF080A0E12014B18708D
S2140152E0704700BF765D0020024B1A681860826026
S2140152F0704700BF60660020024B186800B1406826
S214015300704700BF6066002070B5044600250A4B52
S2140153101B687BB100211E8807E05A6802EB01106A
S214015320013145B9021B554255418AB29642F4D81D
S2140153309B68EEE7184670BD606600202DE9F04FC9
S2140153401E46002393B0022E074688461446DDF813
S21401535070909DF874A0ADF81A3040F2C08099F8AC
S21401536000305A0729D5042E40F2B98099F804B0C6
S21401537000255F4B33F83520002A00F0B680013552
S2140153800A2DF7D1209B002B40F0AD80FF2500238E
S214015390207908AA0DF119018DF819301EF08DFE3D
S2140153A070B1BDF82C309DF8190023801EF007FF60
S2140153B00790C0B113B0BDE8F08F99F802B0D7E7F7
S2140153C020791EF0ABFB0B28059000F28A8020792D
S2140153D01EF006FF07900028ECD1464A059B02EB1B
S2140153E003135B8823804FF6FF73002F08BF4346E5
S2140153F062880021CDE9002358465246238802F0F0
S214015400FDFD18B1E38843F02003E380209B07A944
S2140154100DA8CDE90D34CDF83C90ADF84080ADF83F
S21401542042608DF844708DF845A01EF059FE08B113
S2140154300798BFE7484602F025FDA01D02F010FDC3
S2140154402246414638461EF08EFFB04227D3E388F7
S2140154502246C3F30E03E3809DF87C304146039356
S214015460BDF87830384602930DF11A03CDE9009362
S214015470F3B21EF0C6F8209B079003B3F8B9BDF847
S2140154801A2042B1092D06D81B4B03EBC5018A80B1
S214015490209A43F835201120FAF7CCFB1CE0BAF12C
S2140154A0000F0AD10DF11A03CDE9006322464B46DF
S2140154B041463846FAF7D2FFDDE73820DBE7052814
S2140154C007D1E388DB0607D5002301200793FFF702
S2140154D005FF079B002BDED01EF076FEA8E7012015
S2140154E068E7212066E71C2064E7EDB24FE700BFBE
S2140154F09C40002008410020984000204FF6FF7293
S214015500024B1A805A809A80704700BFF0560020DE
S21401551010B5044C2379FF2B02D11FF05AFA2071E3
S214015520207910BDF056002010B50C4C2379FF2BC6
S21401553008D100201EF043FE20B91FF04AFA207160
S2140155401EF042FE2079022805D00438012894BFB7
S2140155500020012010BD0020FCE700BFF05600200F
S2140155604FF6FF7310B5044C22889A4202D11FF001
S21401557026FA2080208810BDF056002010B5FFF7CF
S214015580BDFF40F61D439842044607D8B0F5416F6B
S21401559005D2182826D8152848D829D010BDA0F538
S2140155A041630D2BFAD801A252F823F0F155010000
S2140155B0F15501009D5501009D5501009D550100C5
S2140155C09D5501009D5501009D5501004156010064
S2140155D053560100ED550100ED550100ED55010052
S2140155E0ED55010040F606439842D7D11C4920E00C
S2140155F0FFF7B6FF1B490246002001F043FC152CBD
S21401560005D11FF0C6F9BDE810401EF072BD164B5D
S214015610164A1749B4F5416F08BF1A46002001F033
S21401562031FC1EF065FD1EF064FDECE71628DDD1A9
S2140156301049002001F026FCBDE810401EF07BBE9C
S2140156401EF0C6F8BDE8104002460B49002001F0E6
S21401565019BC0020BDE81040084901F013BC00BF8A
S2140156601FFC0300CCFB03003FFF0300C7FB030046
S214015670E8FB030008FC030034FC03005CFC0300A9
S21401568007B5094A0346108831B9084A084903B0E4
S2140156905DF804EB01F010BC0091064A064901F0E2
S2140156A00BFC03B05DF804FB085700204BC7030052
S2140156B07CFC0300EFC703004ECC03000D4B37B54F
S2140156C01B68044693B11D780389012D08BF022586
S2140156D00093C37A084A0020084901F0D3FB21460B
S2140156E0284603B0BDE830401FF02BB9022003B0B6
S2140156F030BD00BFD4410020F1FC0300A0FC030034
S214015700002010B51EF05BFD0D4B1B6863B15A7887
S214015710052A03D862B1052402220AE0FF2AFAD03C
S2140157200020084901F0AEFBBDE810401EF04CBD5C
S214015730144610461FF061F920461FF05CF9F3E7A6
S214015740D4410020F6FC030013B5134C00201EF0D4
S21401575036FDFFF7D3FE23689BB101A81EF02BF898
S21401576078B923681A789DF804309A4209D0D91E70
S214015770032906D9D11E012903D9012A07D1022BF3
S21401578005D1032301A8ADF804301FF0E0F802B0FC
S214015790BDE810401EF018BDD44100200023194674
S2140157A0034A01330A2B918042F8081BF9D170474E
S2140157B0984000207FB50E4605461FF0CAF82A46D7
S2140157C0044603460D49002001F05CFB96B10C4BE4
S2140157D036211A889B78ADF80C208DF80E300323FD
S2140157E0002200934FF6FC7003AB8DF80D501FF0AE
S2140157F004F80446204604B070BD00BF17FD030040
S214015800DC540400FF2810B50C4604D100200449DE
S21401581001F038FBFE202146BDE81040FFF7CABF65
S21401582030FD0300F8B51E460B8807460C461546A4
S214015830002B64D14A88B1F9021000200029B8BFB4
S2140158406B78304901F01EFB6288132A1DD002F5E1
S214015850FF437F339BB2052B23D8A2F50042013AC2
S214015860052A1ED8DFE802F0193F1D033C09264A27
S2140158702649002001F006FB13E0254A23490020B3
S21401588001F01AFB2A792349F3E7022E94BF4FF65B
S214015890FF72B5F801202049EBE700201F4901F00F
S2140158A0F1FA33462A46214638461FF09CFF70B966
S2140158B033462A46214638461FF097FF48F2210311
S2140158C062889A4203D1384669781EF0FFFB6388E6
S2140158D0B3F5004F02D90820FAF7C6F90120F8BD42
S2140158E02A790F49C5E70F4A0849002001F0E4FA72
S2140158F0032E94BF4FF6FF726A880B49B9E7002062
S214015900EDE700BF6BFD030093FD03009AFD030066
S214015910ABFD0300B1FD0300BFFD0300D7FD03008F
S214015920F1FD030013FE030018FE03002DE9F0410C
S21401593016888AB0DFF88C80ADF80E300DF10E03B4
S214015940C8F8002015460093324610AB07460C46B1
S214015950FAF716FE90BB109B8DF824000693BDF84F
S2140159600E3004A8ADF81C30AB898DF81070ADF878
S21401597020306B890594ADF81E60ADF822301EF01C
S214015980ADFBD8B921463046BDF80E30109A01F06D
S214015990C9FF98B921463046BDF80E30109AFFF778
S2140159A041FF58B9CDE9006039462046BDF80E30B2
S2140159B0109A02F049FB08B9C8F800000AB0BDE821
S2140159C0F08100BF94400020F0B585B004AB03E938
S2140159D0030000231C469DF80D609DF80E70154AC5
S2140159E0D9B202EBC1004568EDB99DF80C302846E6
S2140159F000939DF80A209DF80B300F4901F05CFAE0
S214015A0026B1324628460D4901F056FA0C4A0020C6
S214015A10002C18BF2246BDF808300A4905B0BDE87B
S214015A20F04001F02FBA12F831100133B94208BF25
S214015A302C46D5E7845404002AFE03003BFE0300EF
S214015A40BAC603003FFE03004FF6FF7310B5084CBD
S214015A5088B062889A4207D102A90DF107001DF0AD
S214015A60A8FEBDF810306380608808B010BD00BF86
S214015A70F05600202DE9F04F85B0894692461C4627
S214015A800746BDF83850BDF83C80109E002833D03C
S214015A900346464A0020464901F00EFA2388002BA9
S214015AA076D040F20912934274D0424A4249B3F585
S214015AB0827F08BF0A46CDF80480618800200091E5
S214015AC03E4901F0F9F9238893B1B8F1020F0FD9D5
S214015AD033783B4913F0010F3A4A18BF0A46590773
S214015AE04FF000004CBF3379B378374901F0E4F941
S214015AF00020364901F0C6F90023354931F8332034
S214015B00AA4249D1334A52F833B0002331F8330060
S214015B10DA00A84246D100202E490A44908041F876
S214015B20330047B9238833B9B4F90230002B02DBBE
S214015B300820FAF77FF80120FAF796F89EB1357833
S214015B40EB0710D515F0040004D04246012130467B
S214015B501EF01FFBCDE901704346224651464846DA
S214015B6000961EF038F8BBF1000F06D043462246D9
S214015B7051464846CDE90067D84743462246514636
S214015B804846CDE900671DF0ECFC05B0BDE8F08F96
S214015B90114A90E7114A8EE701330A2BAED14FF036
S214015BA0000BB2E701330A2BB0D1BAE7F7BD030009
S214015BB066FE0300BBC6030054FE030074FE03002A
S214015BC057FE03005FFE0300A5FE03003FFF030030
S214015BD09C400020984000204DFE030051FE03002B
S214015BE00D4BF0B54FF00C0C1F88054600230B4EED
S214015BF0DCB2BC4201D30020F0BD0CFB04F430192A
S214015C00345DAC4205D144888C4202D10479944279
S214015C10F2D00133ECE700BF226A00207066002054
S214015C2073B501262B4D2C4C2A462046FF23002116
S214015C300096F9F701FB2A462046FF23002100962D
S214015C40F9F7FAFA2A462046FF2300210096F9F7CB
S214015C50F3FA2A462046FF2300210096F9F7ECFACC
S214015C602A462046FF2300210096F9F7E5FA2A4640
S214015C702046FF2300210096F9F7DEFA2A46204641
S214015C80FF2300210096F9F7D7FA2A462046FF237C
S214015C9000210096F9F7D0FA2A462046FF23002174
S214015CA00096F9F7C9FA2A462046FF2300210096F6
S214015CB0F9F7C2FA2A462046FF2300210096F9F793
S214015CC0BBFAFF232A46002120460096F9F7B4FACC
S214015CD002B070BD912E0300E84000202DE9F84384
S214015CE000244FF00C090C4B0C4F1E78DFF8308067
S214015CF03A88E5B2954202D33046BDE8F88309FBFF
S214015D000585FF21A8681CF0BEFC18B9AB799E4238
S214015D1038BF1E460134EBE7775D0020226A00207B
S214015D2070660020014B1878704700BF775D002031
S214015D30014B1870704700BF775D0020F8B5064626
S214015D400C461EF0B8F90546C8B930461DF0E6FE09
S214015D500B2815D80B4B03EB00131F7B87B95A880A
S214015D60012122809A88304662809B79237100F057
S214015D7037FA39466071304600F032FAA0710125D3
S214015D802846F8BD0841002070B504460E46154663
S214015D901DF0C4FE0B2802D94FF6FF7070BD094BEB
S214015DA003EB00131A7B002AF6D146B901222946D5
S214015DB0204600F03DFA0028EED00088EEE7012EDE
S214015DC0EAD1F4E708410020FF2313B50DF10701DE
S214015DD004468DF807301EF06CF918B19DF80700DF
S214015DE002B010BD074B03EB04131B7B0BB1FF2066
S214015DF0F6E7204600F03AF90028F8D0204600F0F1
S214015E00E9F9EDE70841002013B5F6F70BFA044669
S214015E10F6F70EFA224603461249002001F032F840
S214015E2000F084FFFFF7BAFC00F0A6F8022108464E
S214015E3002F046FDFFF764FC41F249001EF0EFFD5B
S214015E404FF0FF130093FF2368468DF804301EF0D1
S214015E50CCFD4FF400401EF0AAFD00201EF0C7FD49
S214015E6002B010BDF4FE030038B505461EF043F936
S214015E7090B928461EF0EFFC044628B140F60443CC
S214015E80984214BF88248D2423462A4600200349BD
S214015E9000F0F8FF204638BD8D24FBE70CFF030019
S214015EA02DE9FF4705460E4617469846BDF8309041
S214015EB0DDF834A0BDF83840CDF80090CDE9014AB0
S214015EC0E4B2FFF7D7FD43463A4631462846CDE9C8
S214015ED00094CDF808A01FF04FFCFF21034B044AA5
S214015EE0044804B0BDE8F04700F01ABEFC56002096
S214015EF0F85600204F5F0020044B014618881022F8
S214015F0040F0404040F48010F6F79CBFDA510400A0
S214015F10024B18685968FFF757BD00BF8A95040001
S214015F200123064AD15C814202D1054AD05C704702
S214015F3002335F2BF6D10020704700BFDE54040009
S214015F40DF54040070B500220446094B1D78094B46
S214015F50D0B2854201D8FF2070BD1E78A64204D17A
S214015F600029F9D05E7BF607F6D401321033EFE74D
S214015F70785D0020084100202DE9F04198B06B467D
S214015F80304A1068516803C390680CAA18602E4BFB
S214015F9014469C4603F118061546186859680833D6
S214015FA003C5B3422A46F7D112AA1746274B03F177
S214015FB01806154618685968083303C5B3422A46B9
S214015FC0F7D1234A03AB106851684FF0010E03C3A3
S214015FD0906871681860DCF83000002206AB03C3D5
S214015FE00C21EC46B068CDE909221860194BDFF8A0
S214015FF06C801970184B0DEB01060B9206AD09A9C2
S2140160001CF8010B0132187034F8020B0C2A588068
S21401601037F8020B83F80DE0988016F8010B03F1B0
S214016020100303F80A0C15F8010B08EBC00043F83F
S214016030080C11F8010B03F8040CE1D118B0BDE807
S214016040F08100BF26FF03004E5804006658040086
S21401605033FF0300785D0020084100204855040006
S214016060014B1878704700BF785D0020034B03EBA7
S2140160700013587B00F00100704700BF0841002064
S214016080F0B504460846D9B100220E4B11461F78DA
S2140160900D4B1D46D6B2B74201D8002010E01E783F
S2140160A0A64206D09E68F688314489B20132103382
S2140160B0F0E75E7BF607F9D505EB02150180A868C7
S2140160C0F0BD00BF785D0020084100202DE9F347B0
S2140160D0894690461D46074618B9002002B0BDE81D
S2140160E0F0870029F9D0002AF7D0002BF5D000243C
S2140160F000780DF10601ADF80640FFF7C1FF002854
S214016100EBD039460DF10602BDF806601DF0FBFB2B
S21401611007460028E1D00DF10602BDF806A01DF0E5
S21401612019FC0028D9D0C9F80070C8F80000037916
S21401613013F0200219D1DB0614D4BDF806300C4A40
S214016140564413FA86F612FA86F20BE01A790C33E5
S214016150920642BF13F8092C891889B29842F5D8DD
S214016160044A0A4401202A60B8E72146024BF5E7B3
S2140161709B5E0020795D00208857040008B5002149
S214016180FFF7E0FEFF2817BF044B084603EB00139A
S214016190587B18BF00F0010008BD00BF0841002071
S2140161A02DE9F0410D4616461F461DF0B7FC0B289B
S2140161B00AD8074C3B4604EB001032462946BDE898
S2140161C0F04180681DF077BC0020BDE8F08100BF7B
S2140161D008410020014B0001185C7047084100206F
S2140161E070B50C461DF09AFC0B281BD80F4B03EB21
S2140161F000139A68C2B10023142618461579D9B23D
S2140162008D4200D870BD116806FB0311097B34B9B5
S21401621011F0800F1CBF0130C0B20133EFE711F05F
S214016220400FF7E70020EDE71046EBE708410020B6
S214016230F8B50D4616461DF071FC0B280BD80F4B12
S2140162404FF0140C03EB00139A6800231C461779D1
S214016250D9B28F4201D80020F8BD10680CFB0300AC
S214016260017B46B911F0800F03D0AC42F4D0013463
S214016270E4B20133ECE711F0400FF5E708410020E6
S2140162802DE9F04F064600243A4B87B01B783A4F6B
S2140162900093009B9C4207D2FF2E08D030461DF08B
S2140162A03DFC0B28044606D907B0BDE8F08F07EB86
S2140162B004131B7B2BBB23014FF00008019307EB54
S2140162C0041A14E014221B6802FB05352B89B3F56A
S2140162D0967F01D924F0F8F94FF000094FF00C0B26
S2140162E029891FFA89F291420ED808F10108019B0B
S2140162F05FFA88F5FB189B681A79AA42E2D8FF2E46
S214016300D2D10134E4B2C4E71FFA89F00BFB00F0E6
S2140163106B6819180A7912F0100F23D19AF800E069
S21401632012F0400F8DF80CE0B5F800E0185AADF801
S2140163300EE00CBF4FF0400E4FF0800EADF812008D
S21401634028468DF810E01DF0AAFA5307ADF81400A0
S214016350C8780AD50228896800D90968002203A8E6
S2140163601DF079FB09F10109BAE702288CBF89689B
S2140163700831F3E7785D002008410020052370B559
S214016380094A06881488B44208D19578047B2C40C3
S2140163903F2C03D90D4201D0506870BD013B02F17C
S2140163A00802EFD11846F8E7F857040070B5002444
S2140163B0074D084E2B78E0B2834200D870BD06EB3D
S2140163C00010437BDB0701D51DF087FC0134F1E7A4
S2140163D0785D002008410020F8B50C4600210546EE
S2140163E0FFF7B0FDFF2829D0154A060102EB00137E
S2140163F05B7B03F001016CB143F001031644A1423B
S214016400737305D0C4B100B202EB00101DF065FC39
S2140164100120F8BD2346F1E77B4311682846CA18D8
S214016420127BC95AD2091DF0C4F80134B268E3B22E
S21401643011799942F0D8EBE71427F7E70846E8E721
S21401644008410020F0B59446497D20B339B30129AF
S21401645018BF042100254FF6FF702F462A46144E1A
S2140164603488644511D196F803E01EEA010F0CD07A
S214016470B4789C4209D30AB1BC4206D81EF0100F6C
S21401648003D08AB1BC420CD370B90135072D06F191
S2140164900406E5D1F0BD002908BF0821D8E702218E
S2140164A0D8E727460020F0E727460122FAE700BF93
S2140164B0DC5704002DE9F04F0A9FBDF824E09DF853
S2140164C02C809DF830904C7D78B394B3012C18BF86
S2140164D004240025194800F11C0C068896421ED19A
S2140164E090F803B01BEA040F19D08678464516D3F8
S2140164F01BF0100F91F80FA004D0BAF1000F0ED0C8
S214016500B1F810A0BAF1000F09D1A94513D0AE45D4
S21401651011D95E553E88013501363E80ADB2043054
S2140165206045DAD10120BDE8F08F002C08BF0824B1
S214016530CDE70224CDE70020F5E700BFDC570400D5
S2140165402DE9F04F0024B1F57C4F0E4638BF4FF0D1
S214016550010BA246A1464FF6FF781F4628BF274BE0
S21401656085B028BFB3F800B0009001925C4503D314
S214016570404605B0BDE8F08FB6F57C4F0CD3204BF6
S2140165803A4603EB840331465B880098FFF708FE22
S214016590054680B300232AE03A46314600981DF0AE
S2140165A0EDFAF5E70C229CB254436A680199105B38
S2140165B002EB040C884219D3B9F1000F01D0504503
S2140165C014D861462846CDE902321DF068F9029BCF
S2140165D060B1039A125BB9F1000F03D0524501D3A3
S2140165E0804503D9924680464FF0010901332A8936
S2140165F09CB2A242D6D80134A4B2B7E73E550400F5
S214016600405504002DE9F04F91461A4600238BB001
S2140166108DF82020BDF850208DF81C00ADF81E1016
S214016620ADF8242005460F461A4604A907A8159C6E
S2140166309DF858609DF85CA09DF860B09DF8648058
S2140166400493ADF822901DF0B2F9049850B92B4688
S214016650CDE90079644A654900F014FC86200BB048
S214016660BDE8F08FBAF1000F14D18378B34206D09B
S21401667050465D4A5E4900F005FC8D20EFE7037940
S21401668013F0010306D11846574A5A4900F0FAFB9F
S2140166908820E4E703795B072CD583685A689B68F2
S2140166A00592069380781DF016FF049B0546DF7859
S2140166B02146022F03463A4610D805A81DF0C7FE0C
S2140166C081462B463A46214606A81DF0C0FEB9F182
S2140166D0010F01D001300DD18720C0E705981DF0CC
S2140166E0B6FE0128F8D02B463A46214606981DF0FC
S2140166F0AEFEEFE7BBF1000F6FD1049F4FF6FF72BE
S2140167002146B8781DF069F800286BD0BDF8243012
S214016710C5B20093CDE902549DF82030BDF8222081
S214016720BDF81E109DF81C0001961DF0D3FC002834
S21401673095D1BDF82430CDE902540093BDF822204E
S2140167409DF82030BDF81E109DF81C0001961DF026
S2140167509EFA002883D121469DF8682007A81DF0DF
S2140167607AF900287FF47BAFB8F1000F07D03B46DB
S2140167702046BDF81E209DF81C101DF00FFABDF82E
S2140167802430BDF82220BDF81E109DF81C00009391
S214016790CDE901649DF82030FEF73CFBBDF82430BE
S2140167A0BDF82220BDF81E109DF81C000093CDE90F
S2140167B002549DF8203001961DF08BFCBDF8243064
S2140167C0BDF822200093BDF81E109DF820309DF8DC
S2140167D01C001DF034FA002041E70020064900F0B5
S2140167E051FBF8E701203AE740FF03004CFF0300A6
S2140167F078FF03008CFF0300A0FF03007FB5002590
S2140168008DF80830BDF820308DF80400ADF806107C
S214016810ADF80A20ADF80C306946BDF82830099A63
S21401682001A80B9E00951DF0C2F8044630B916B1BA
S214016830009B9B783370204604B070BD8928FAD13E
S2140168402846024900F01EFBF5E700BFBDFF030026
S2140168502DE9F04F4FF0000AC7B0FFF701FC5FFAD1
S2140168608AF6B04202D847B0BDE8F08F5B4B3601DE
S2140168709A5D00205A4900F005FB0020594900F0B6
S21401688001FB00230593554B9DF8144033449B6848
S2140168901A79A24202D80AF1010ADEE714224FF061
S2140168A000091B6802FB043422891FFA89F39A4205
S2140168B002D8059B0133E5E70C231FFA89F803FB91
S2140168C008F8D4F804B023F0FFFE0BEB08052B798B
S2140168D0454913F0400F3BF8083022884FF000007E
S2140168E00093424B18BF0B46414900F0E5FA294692
S2140168F020461CF0D4FF074600283CD13D4900F055
S214016900DBFA2979DFF814C111F0010F3A4818BFF4
S214016910604611F0020FAA78EB7832D1DFF800C199
S21401692011F0100F354918BF6146CDE9000100206E
S214016930334900F0C1FA2B793BF8082013F0400FD9
S2140169404FF0000B4FF0FD030DF118082188CDE93B
S214016950023BCDE9007821480CBF40238023805DAF
S214016960FFF74CFF86280ED12649002000F08AFA50
S21401697009F1010998E702462349002000F09CFA34
S214016980BFE72249D1E7A8781CF079FFD8B1404685
S2140169901DF005FC421C92B201234146002000F086
S2140169A0D5F93946208801F001FA4FF6FF7398426F
S2140169B007D0174B174903EBC0035A68002000F0B5
S2140169C061FA1549D1E7A8781CF05FFF20B140466F
S2140169D01DF0EAFB821CDEE7EA78DDE708410020CD
S2140169E00F0004001D000400E7FF0300ECFF030096
S2140169F05D000400A0F10300F4FF0300F7FF0300AD
S214016A00710004008D0004002E050400FFFF030042
S214016A10C85804007AD003003FFF0300F1FF0300CB
S214016A20070004002DE9F04FC7B0BDF844A10646A3
S214016A30BAF1040F0D4614461F46BDF840B163D99E
S214016A40CDE9013B00920B4602463049002000F09A
S214016A5019FAFD230DF117090DF1180830460293B6
S214016A6022463B462946CDE900B8CDF80C90FFF703
S214016A70C5FE0646B8B9FD22414699F800001CF04D
S214016A80ACFE0746C0B1AAF10403834238BF89268B
S214016A9020461DF041FB8EB1304600F01BF9304612
S214016AA047B0BDE8F08F009023462A4600201849DB
S214016AB000F0E8F90027EBE78926E9E7DFF85CA0B4
S214016AC0BA1CBAF80030C3F1FF039A4219DA30460D
S214016AD000F000F999F8000000F0FCF8BAF8009010
S214016AE00C483A4641464844B94404F0F3FEAAF835
S214016AF0009023462A4630460749009700F0C2F91F
S214016B00CDE7892000F0E6F88926C8E79900040059
S214016B10D40004004F5F0020FB000400F85600205C
S214016B2010B5044C20600448018004490A60044AF8
S214016B30136010BDD0410020F6560020CC41002045
S214016B40C841002030B587B00AAC0D4654F8041B86
S214016B500093CDE9011413460949024609480988FC
S214016B60006805941DF0DAF94FF48A52064B1B684B
S214016B701880064B1B685D80DA8007B030BD00BF09
S214016B80F6560020D0410020CC410020C84100200C
S214016B9008B410B587B009AB0C4653F8041B009235
S214016BA0CDE9011302460B490B48059309880023DA
S214016BB000681DF0B3F94FF48A52084B1B68188021
S214016BC0074B1B685C80DA8007B0BDE8104001B057
S214016BD0704700BFF6560020D0410020CC4100206F
S214016BE0C8410020044A034611680448044A09883B
S214016BF0126800681CF06BBCCC410020C841002024
S214016C00D0410020044B054A1B6812681988044BC2
S214016C1018681CF0CFBB00BFCC410020D04100203B
S214016C20C841002007B5074B1B681B880192064A1E
S214016C3012680092054A12681CF01DFC03B05DF84C
S214016C4004FB00BFCC410020D0410020C8410020F9
S214016C501FB51446064A12681288CDE90143009111
S214016C60044B05491B6809681CF0E1FB04B010BD24
S214016C70CC410020D0410020C8410020014B1868BB
S214016C80704700BFC8410020024B1B68187159713C
S214016C90704700BFC841002010B50024084B1C7087
S214016CA0FEF75EFC074BFF2218802146064804F0DB
S214016CB081FC064B1C80064B1C605C609C6010BD12
S214016CC059600020FA5600204F5F0020F856002039
S214016CD0FC56002007490B88FE2B9FBF064AD0545E
S214016CE0581C80B29DBF088000F1FF30801800203C
S214016CF0704700BFF85600204F5F0020F8B5094FD7
S214016D000D463B885C18FE2C0ADC074E0A46A4B2E8
S214016D100146F01804F0A0FC3C80641BA019F8BDE5
S214016D200020FCE7F85600204F5F0020024B034A84
S214016D3000201A60704700BFD4410020445504006B
S214016D40014B1878704700BF0841002030B4044D4D
S214016D50044C002B0CBF2B46234630BC1DF048BA12
S214016D60E7BE0300CE01040070B5054608460C4692
S214016D701DF015FA611C0246024B2846BDE870401C
S214016D801DF036BAED08040000B5037889B0069305
S214016D9043783E220593837808490493C378039386
S214016DA0037902934379019383790093C379044865
S214016DB0008800F081F809B05DF804FB29010400A1
S214016DC008570020024B02460249188800F05AB8BC
S214016DD00857002053C503002DE9F04705460E4627
S214016DE017460024DFF84480DFF844A0DFF844901B
S214016DF0AC4201D1BDE8F087B8F8000006EBC4014B
S214016E00534608221DF0F4F90134B8F800003FB9E2
S214016E10044AA54208BF4A46034900F04DF8E7E791
S214016E204A46F9E73FFF030052C503000857002012
S214016E30CE0104001BAE03002DE9F0410E4E0446C0
S214016E4030881DF0EDF9A8B100250C4FDFF8308031
S214016E50E3070AD518B94146308800F02DF8308886
S214016E602A46394600F028F8002001351B2D4FEA46
S214016E705404EDD1BDE8F08108570020E6ED03008B
S214016E8071FE03000EB417B505A9044651F8040BAC
S214016E90019103F091FA01210220054AF8F7ECFC72
S214016EA0044B1C8003B0BDE8104003B0704700BF20
S214016EB03FFF0300085700200EB417B505A9044686
S214016EC051F8040B019103F077FA034B1C8003B0D1
S214016ED0BDE8104003B070470857002013B503689B
S214016EE00446587900F032FF90B923685A88032A7D
S214016EF00ED0E17C5B79CDE900211649164AFFF7F1
S214016F00C1FF012120461DF02BFA012002B010BD61
S214016F10637D012B0AD0637D33B92368228A5988A1
S214016F2058791CF007FE48B9C3200AE02368228A74
S214016F30598858791CF007FE0028ECD020461DF031
S214016F4071F9064B1B78002BDFD110F5807FDCD062
S214016F50C1B2D7E7560104004E010400506000207C
S214016F60002970B50F491D460F4B14460CBF6E2203
S214016F707922002808BF0B4600200C49FFF79CFF2A
S214016F800B4E2544AC4205D1BDE8704000200949AE
S214016F90FFF778BF3146002014F8012BFFF78CFF6E
S214016FA0F0E700BF8F01040085010400980104008A
S214016FB0CC01040023E503002DE9F04FC27C8BB021
S214016FC00592427D0368002A14BF80224022077D75
S214016FD00446856886895879B846B3F802900692C1
S214016FE000F0B4FEA0B9059B052B05D86FF02D0364
S214016FF0059A1341DB070BD5B9F1030F08D0AB494E
S2140170000020FFF73FFF012120461DF0A9F976E099
S214017010E37B1BB1228A002A00F0B781607D002243
S214017020B0FA80F05B4203F00403DFF88CB240094B
S21401703043EAC000ABF80020FFF74CFEE37B1BB32E
S214017040208A1DF069F88246A07CFFF743FE059A68
S214017050162A00F29A81DFE812F019009E016C00F0
S2140170605600D2016C009201D9019A01E001E701B4
S214017070EE013901020298019801980114025802A2
S21401708014027002390102029A46DDE700204B46DF
S214017090874A8849FFF7F6FE0120FFF71BFE08F135
S2140170A00207B74229D84146324628461DF071F8F4
S2140170B08046236842465879BBF800304946C3F1FA
S2140170C0FF039BB20193238A0093069B1EF08EFB5F
S2140170D010B11FFA87F8E2E7236842465879BBF8F1
S2140170E000304946C3F1FF039BB20193238A009304
S2140170F0069BFFF797FC8928EBD11DF02BF90120A1
S2140171000BB0BDE8F08F4FF0000B0420FFF7E2FD57
S214017110F31E0893089B984552D3BBF1000FECD1A0
S214017120E37B94F81480002B0CBF02220422624BEE
S2140171301A804FF0000B0420FFF7CCFD5F4608F1E4
S214017140030A564540F29D803246414628461DF0C8
S21401715020F805EB08039B78F21EAA44A2EB08026E
S21401716007905146184692B209931CF036FB0890D8
S214017170002879D02268099B5079CDE901A3238A9A
S21401718049460093DDE906321CF056FE82464A4621
S2140171900020079B4949FFF78FFEBAF1000F55D132
S2140171A00BF10103504646495FFA83FBFFF76AFE7F
S2140171B0089B08F1030813FA88F81FFA88F8BEE757
S2140171C03246414628461CF0E4FF05EB08039F784B
S2140171D0089B08F10301A3EB08022944824692B2F8
S2140171E0384609911CF0F9FA079068B323680999A3
S2140171F0587902970191238A524600934946069B85
S2140172001CF06AFE0746B8B10BF1010338465FFA77
S21401721083FBFFF75FFD50461CF07EFF53464A4650
S21401722000202649FFF72EFE3A4600202549FFF7A3
S21401723029FE802F3FF471AF079B08F1030813FA6C
S21401724088F81FFA88F865E78027DDE75046FFF7DC
S21401725041FD07981CF060FF01375246002019498E
S214017260FFB2FFF70FFEA3E78720FFF733FD07986E
S2140172701CF052FF0137872212490898FFB2FFF728
S21401728001FE059B052B3FF43AAF002F7FF435AF87
S214017290BBF1000F05D10C495846FFF7F3FD8021DD
S2140172A0B2E63846FFF716FD27E700BF9EB5030096
S2140172B0D901040026020400F8560020E301040068
S2140172C026010400FF010400090204000599A84AEA
S2140172D0A84B0020152918BF1346CDF80090A64AE2
S2140172E0A649FFF7CFFD059B0C2B14BF16200D20DA
S2140172F0FFF7F0FC3246284639461CF04AFF059B4C
S2140173003D440C2B0646AD7835D1192D28BF1925DD
S214017310E37BB3B14FF6FF73278A9F4211D12068F2
S21401732032464946069B4079FFF70AF9B84208D02B
S214017330BAF1000F05D020828AF80000000A8AF808
S21401734001000020BBF80070FFF7C4FC236832463A
S2140173505879059B4946A3F1150CDCF1000343EB74
S2140173600C03CDE90153238A0093069B1CF0D8FC3D
S214017370834BD855C1E6132D28BF1325C8E72046F1
S214017380FDF7D0FB00287FF4BAAE81213CE620460B
S214017390FDF77CF8F6E7B9F10A0F05EB0708A6EB4F
S2140173A0070A21D1DFF8DCB19BF80030E3B1E37BBB
S2140173B0D3B9BAF1080F17D13246394628461CF020
S2140173C0E8FE88B998F8023073B998F80320E22AE3
S2140173D00AD13246391D284605931CF0D7FE1CF00B
S2140173E0A4FF059B8BF80030414648461FFA8AF2F7
S2140173F01EF0FEF900287FF482AE002104E6F21B9F
S214017400484692B2E9191CF081FEF3E7F21B4846A2
S21401741092B2E9191CF03EFEECE7F21B484692B226
S214017420E9191CF063FEE5E7F21B484692B2E9193A
S2140174301EF0E0F9DEE72368EE5D5879238A01370E
S214017440ED5D0193069B3246494600932B461CF0A0
S214017450A6FB2A46314648461CF01EFE4FE6059816
S2140174607A1CE95DB31AA0F1160670427041003924
S214017470009018BF012148469BB22A441CF00EFE1C
S214017480B8E7059BEE5D112B3D446F7838D112208D
S214017490FFF720FC0025E37BB3B14FF6FF73B4F88A
S2140174A01080984510D133464A4621462846FEF7B5
S2140174B0C9FF404508D0BAF1000F05D020828AF8EE
S2140174C00000000A8AF80100BBF80080DFF8B0A0CF
S2140174D0C8F1FE0292B208F10103009253444A46F3
S2140174E021462846CDE90267CDF804B0FEF7E2FF53
S2140174F0BBF800300AF808000133ABF80030FCE5B1
S2140175001420FFF7E7FB0125C5E77B1C9E422CD321
S214017510EF5D1D44003F18BF0127F31A9EB23346A4
S2140175202A4639460020FFF71BFD00962B463A46B1
S2140175304846218A1CF0B6FD5CE77B1C9E4214D3AC
S214017540EF5DF61A003F18BF01271D44B6B2334659
S2140175502A4639460120FFF703FD00962B463A4698
S2140175604846218A1CF09CFD44E70020C8E500BF80
S2140175703FFF0300D40104001A02040024020400A1
S2140175804F5F00204E60002038B54FF6FB7504466D
S214017590A9424FF001019DF8100098BF43F4004343
S2140175A0217023816260A07202230020084A0949E3
S2140175B0FFF768FCE07A084B40F6CA0203EB40107E
S2140175C0FF211BF041F8BDE838400420F8F732BB34
S2140175D0340204003F0204001842002030B505467C
S2140175E085B028B91D4905B0BDE83040FFF74ABC53
S2140175F00024007B1CF0E3FD2046194A19492C7033
S214017600FFF740FC184BE87AFF2103EB40101BF014
S2140176102CF82046154B02019A5C22B90130042849
S214017620F9D1F8F721FB696899B1B5F908302A89CB
S2140176309B1303F002038DF80430C2F30E03ADF87A
S21401764006304FF6FF73ADF80830002301A8039308
S214017650884705B0BDE830401CF0B6BD6A0204009C
S214017660340204009C02040018420020D841002085
S2140176700948037873B91946084AD3720133042BB3
S2140176801173117051601181917202F11002F4D1DF
S21401769001230370704700BF4F600020D8410020CF
S2140176A008B5FFF7E5FF002305491A018A5C01EBDF
S2140176B003101AB10133042BF7D1002008BD00BF17
S2140176C0D841002070B50D460646FFF7D1FF0023CE
S2140176D0094800EB0514A17AB14205D1217819B108
S2140176E02B4400EB031070BD0133042B04F110048E
S2140176F0F1D10020F7E700BFD841002010B50446BD
S214017700FFF7B6FF0E4B9C4212D003F120029442C3
S21401771010D003F1400294420ED060339C420DD14A
S2140177200323084800EB0310BDE81040FFF756BFDF
S2140177300023F6E70123F4E70223F2E70020F3E74C
S21401774018420020D841002070B50024064D074E8F
S2140177502846324600210134F7F7A4FD042C05F132
S2140177602005F5D170BD00BF18420020FD7601004E
S2140177702DE9F34105460C4617469846FFF790FF5C
S214017780064640B91C4A1D49FFF77CFB02242046E9
S21401779002B0BDE8F0814FF6FB739D420AD94FF661
S2140177A0FD739D4204D00020134A1549FFF76AFB7A
S2140177B04FF6FD75434621463A4628461CF09DFD88
S2140177C0044600F02FFE804634B1234600200A4AC4
S2140177D00C49FFF757FBDAE73B462046064A0A49BB
S2140177E0FFF750FB062329463046089ACDF800805D
S2140177F0FFF7CAFECBE700BF34020400A90204006B
S214017800D30204000803040031030400F7B506465A
S2140178100C461746FFF744FF054638B9104A11498A
S214017820FFF730FB0224204603B0F0BD21464FF49B
S2140178308A5230461CF029FF044600F0F3FD34B1AD
S21401784023460020064A0849FFF71CFBEBE7009099
S21401785004233A4631462846FFF796FEE3E700BF83
S21401786034020400A902040059030400F7B50646D1
S2140178700F46FFF715FF054638B9104A1049FFF7BE
S21401788001FB0224204603B0F0BD0022402311462E
S21401789030461DF0BEF804461DF0B9F834B1234653
S2140178A00020064A0749FFF7EDFAEBE700900123AF
S2140178B03A4631462846FFF767FEE3E734020400FE
S2140178C0A90204008C03040073B504460E46FFF7B4
S2140178D0E7FE054638B9104A1049FFF7D3FA0224E5
S2140178E0204602B070BD0022204611461DF093F8D6
S2140178F004461DF08CF834B123460020064A084998
S214017900FFF7C0FAECE70090234632464FF6FC71CB
S2140179102846FFF739FEE3E734020400A902040013
S214017920BA0304002DE9F0418846107800219EB084
S21401793014461D46FFF7C6FE0646002800F0FD80E9
S2140179400778002F7BD0B8F80010002940F0F580AA
S2140179500389B8F8022043F40040824240F0ED80EB
S214017960617800296BD1A2F50042062A00F2E58073
S214017970DFE812F0A100A100E300E3000700B80071
S2140179806900E3880D3DADF82430238915F0010523
S214017990ADF8263063798DF82830E37A03F10602D4
S2140179A014F812208DF814308DF81C2042D10BA942
S2140179B08E46069104F10C005FFA85FC9C4500F1A9
S2140179C0020009D210F8018C10F802CC01350CEB3C
S2140179D0082C2EF802CBEFE701EB43011A4408917D
S2140179E0D2B2590001F10D009A42C0B20BD025184F
S2140179F06D78205C7831694400EB0520013321F86D
S214017A004C0CDBB2EDE7B6F908203389002AACBF8F
S214017A1001220322C3F30E038DF808206288ADF815
S214017A200A3005ABADF80C20049302A930461CF0D1
S214017A304FFC04E0424A43490020FFF723FA384648
S214017A401EB0BDE8F081042D02D83D4A3E49F3E759
S214017A502379053DADB29D42B4F8028002D0384A82
S214017A603A49E9E73A4A3B4B0020002D08BF134646
S214017A703949334ACDF80080FFF704FA05348DF80A
S214017A801450B6F90830069485B1002BACBF01231B
S214017A9003238DF82C303389ADF83080C3F30E0301
S214017AA0ADF82E3005AB0D930BA9BFE7002BACBF8D
S214017AB006230523EDE70B2DC7D9D4F80200D4F829
S214017AC0061013F4004F05AA03C20CBF04220322BA
S214017AD08DF82C206289C3F30E03ADF83020ADF883
S214017AE02E30DFE7042DB0D96388ADF83030237926
S214017AF00533DBB29D4206D00020114A1749009596
S214017B00FFF7C0F99BE70E4A00201549FFF7BAF9BF
S214017B10B6F908203389002AACBF01220322C3F339
S214017B200E03ADF82E3005AB0D93631D0693237936
S214017B308DF82C208DF81430B6E700277FE700BFBC
S214017B4034020400E70304000F04040023040400C5
S214017B5063BD03003FFF03004A04040067040400FA
S214017B60A8040400304BF0B5B0FBF3F24FF46165A6
S214017B7003FB1200B0FBF5F3DCB205FB13033C2557
S214017B80B3FBF5F3DBB2A0EB04104B71C3EB0313AD
S214017B90A0EB83004FF4FA630B8040F201134B8095
S214017BA001230C711F4600246425204E88719442DF
S214017BB000D1F0BD91F802C013B1BCF1020F2BD079
S214017BC006EB0C0010F801ECC87870450BBF0120DD
S214017BD001300CF1010CC0B208BF81F802C0C870B8
S214017BE088780D2816D10B888F7001339BB29807C1
S214017BF00B8014D1B3FBF5F005FB103080B280B9D1
S214017C004FF4C870B3FBF0FC00FB1C339BB2B3FA15
S214017C1083F35B090134CAE74FF01D0ED4E7002356
S214017C20F8E70123F6E700BF805101008A580400F7
S214017C3010B5044688B006A9FFF794FF9DF81E30DC
S214017C400A4803939DF81D30049402939DF81C3056
S214017C509DF81A200193BDF8183005490093008855
S214017C609DF81B30FFF70EF908B010BD085700202D
S214017C70C1040400026808B51188154B19805188A3
S214017C80598051791971117959714FF48A51D980F6
S214017C90D28812F0200F0CBF0A464FF48B5281692E
S214017CA0DA800C4A137831B9C0880B4923F00203F5
S214017CB00880137008BD43F002031370074B1522AA
S214017CC01846013103F0C8FC002200F8012CF1E748
S214017CD0FC56002059600020FA5600200B57002061
S214017CE010B5184C236858791BF018FF0B2822D8BA
S214017CF0154B03EB0010027B237F9A421BD12368AE
S214017D00428819888A4205D04FF6FF70814212D107
S214017D10120410D42279023A012A06D9A37B63B948
S214017D20BDE810400748FFF747B9198958791BF095
S214017D302BF80028F2D1002010BD0248BDE8104003
S214017D40FFF7CCB89C4200200841002008B51BF084
S214017D50E5FE0B2896BF024B0020185C08BD00BF4D
S214017D605E60002008B500201CF029FAFF201BF0F9
S214017D7008FF1CF029FA1CF0D0F8FEF771F9012172
S214017D800246064803F016FC054BFF21054A064845
S214017D90FEF7C6FEBDE80840FEF708BB5E600020A1
S214017DA0FC560020F85600204F5F0020F0B5002258
S214017DB004464FF6FF750B4F90B237F83060034616
S214017DC0AE4201D12846F0BDA64209D1B4F57C4F9A
S214017DD0F9D307EBC3035B888B42F4D00029F2D0BA
S214017DE00132E9E7C858040010B50446FFF7DEFF84
S214017DF0094A034610884FF6FF72934214BF074A9A
S214017E002246BDE8104017BF02EBC30304495A6877
S214017E100449FFF751B800BF08570020C8580400AE
S214017E20E40404007AD00300034B18780130C0B292
S214017E30187000F07F007047846A0020044A1378A7
S214017E4018B143F001031370704703F0FE03FAE71D
S214017E5059600020014B1870704700BF5C6000201D
S214017E6038B1074B1B78012B04D1038843F040033C
S214017E7003807047022BFCD1038823F04003F7E709
S214017E805C60002068B1074A1378012B07D1064BC6
S214017E901B781370037843F01003037001E0022B84
S214017EA0F8D070475B6000205A6000207FB5012142
S214017EB0264B274E197033780246D90744D42549F4
S214017EC0096881B10868C1888D0641BF224CE188E6
S214017ED041F02001E180C1884C0641BF1E48C1889F
S214017EE041F04001C1801D4D1D49287809784007A1
S214017EF04CBFE97069701B4913F00204098809D068
S214017F00164A19481CF0DEF8337823F00203337062
S214017F1004B070BD154B18884FF6FB73984208D80D
S214017F200B46CDE9005201460B4A20461BF0A3FA48
S214017F30EEE74FF6FF73CDE9014200930A46074B81
S214017F4005491BF074FAE3E70020E1E750600020E2
S214017F505960002098420020FC5600204F5F002008
S214017F60856A0020F85600200A570020FA5600209D
S214017F7070B503790446012B0D46164631D8836841
S214017F801B78DB0600D561B3A37B13B9E37C0B2B0F
S214017F9027D00022144B1A80637DB3FA83F35B0962
S214017FA0D800E37BABB9FEF795FEA07CFEF792FE08
S214017FB00B20FEF78FFEE07CFEF78CFE2846FEF7D0
S214017FC089FE2046FFF756FE3046BDE87040FFF7B3
S214017FD06DBF40F00400FEF77DFE208A1CF09CF881
S214017FE0E3E7002070BD00BFF8560020024B0A46AA
S214017FF001461868FFF7BCBF98420020F0B405465A
S21401800018460F4B0C461B78BDF81010012B0D4E71
S21401801001D0377827B1002333700020F0BC7047B9
S2140180200CB9002AF9D143B14FF65743994204D00F
S2140180302B462246F0BC1CF02BB80120EEE700BF11
S214018040866A00205D6000202DE9F04F684C4FF0F5
S214018050000A25468446964698460F46654B664E68
S21401806083F800A00FCE0FC596E80F0085B085E80F
S2140180700F00DDF83C90BDF8383072460093394663
S21401808043466046CDE9019400F0DCF8DFF89081C4
S214018090064670B90025FEF7FFFD16220021574857
S2140180A003F088FA00232846C8F8003005B0BDE87A
S2140180B0F08F534BA27CC8F800401A70514B1B78C6
S2140180C0002B36D01CF033F94F4902465046FEF7D6
S2140180D0F3FE22685046537952884C490092A28991
S2140180E0FEF7EAFE50461CF09BF820B12368218A71
S2140180F05888FFF779FEE37B23B10020228A4449A2
S214018100FEF7DAFEA36800201A78E37C4149009363
S214018110A37CFEF7D1FE207DA289A168121A014434
S2140181200123002092B2FEF711FE00203A49FEF725
S214018130A9FE2F48FFF79EFD2D481DF052FB054670
S21401814030BBB9F1000F25D12168E0880B8801907A
S2140181504988BA1E032A00918CBF00220122012100
S214018160E07CFFF74BFF38B923685B79FF2B3AD0E9
S214018170FFF7B6FD05468EE72368DB889A06F3D43B
S2140181800121264C1A4821701CF0EAF884F8009068
S214018190354680E7B9F814309B07E5D47AE75846A8
S2140181A0FEF718F882465846FDF760FF88B1236847
S2140181B05046228A59881BF0B4FC50B13846FFF766
S2140181C059FD236889F804A083F805A0FFF788FD08
S2140181D000B9284605460136FDF742FF5FFA86FBE1
S2140181E05845DCD857E70026014FDFF83890F3E70B
S2140181F09C42002050600020A85804000A57002026
S214018200856A0020836A0020FD0404000605040038
S2140182102705040033050400ADB603005D600020A9
S21401822098420020FC5600200023054AD15C81427A
S21401823002D31A44507870470233DBB2F6E700BF28
S2140182409658040073B515462E781A4616F0040F94
S2140182500CBF032605269E42089C08D9224A2349BC
S21401826000960020FEF70EFE002002B070BDBDF89D
S214018270183021712060E380A560A2812B7803F07D
S2140182800103A3732B7803F00403002B14BF012111
S2140182900021E1732978C1F3C00161754FF0010136
S2140182A0217518D028461BF074FF237D20820233E7
S2140182B02375227D531CDBB22375A95C0232D2B230
S2140182C0A1742275EB5CE374A3899A4205D90092E6
S2140182D00749054AC5E72382EBE7079B0120A3610F
S2140182E000232377C1E700BFF7BD0300760504002E
S2140182F0920504002DE9F7430024204FDFF89C8007
S214018300DFF89C90E0B21CF0C0FAFF2805460FD1BA
S2140183102346012102201A4AF7F7AEFA194B013417
S214018320187819F093FD152CECD103B0BDE8F08355
S21401833046B238EA260328BF4B46012100930220A5
S21401834057F82430104AF7F797FA002EE6DA092391
S214018350E340DB070AD50D4A0D4B15F0010F18BF98
S2140183601A4601210220F7F787FAD7E70A2CD5D15A
S214018370084A094B15F0010FF1E700BFE058040069
S214018380EB050400876A002013060400C4050400F8
S214018390AE050400E0050400D605040063BD030035
S2140183A03FFF030008B554220021024803F002F9FA
S2140183B0002008BDF857002008B55422FF210248C6
S2140183C003F0F8F8002008BDA4570020024B23F85C
S2140183D010100020704700BFA4570020002310B4DF
S2140183E0074ADCB2A14203D85DF8044BFFF7DABFB7
S2140183F02A2BF9D032F8024B20F813400133F0E76C
S214018400F8570020002310B5054A994201DD2A2BB2
S21401841000D110BD32F8024B20F813400133F4E7C7
S214018420F8570020024B187800F07F00704700BF15
S2140184306A600020034B18780130C0B2187000F053
S2140184407F0070476A60002030B51C4600238BB061
S214018450ADF82220021D92B2012A0E9DADF8203001
S214018460ADF81E10ADF81C3003D94FF6FF729042DE
S2140184700FD10022CDE90352CDE90124094B014673
S2140184801B784FF6FF70009307AB1CF01EFA0BB07B
S21401849030BD0146CDE901531846009407AA1CF0E9
S2140184A030FAF4E7886A002038B505464FF4805064
S2140184B00C4603F085FA4FF480532860236030B9E8
S2140184C040F2A511BDE83840014822F0F0B838BDA9
S2140184D00207040000487047B6590020014B18787F
S2140184E0704700BFA16A0020014B1888704700BF83
S2140184F02A6A0020014B1878704700BF9A6A00204C
S214018500014B1878704700BF6E600020014B187849
S214018510704700BF956A0020014B1870704700BF76
S21401852071600020014B1870704700BF706000201A
S214018530014B1888704700BF286A00202DE9F74FC5
S2140185404FF00008394B3A4F93F80090394B3A4EAA
S2140185503A4D3B4C3B483C49DFF8F4C0DFF8FCE0C1
S214018560DFF810A1DFF810B10193019B203720330B
S21401857001935FFA88F3994506F1200605F1200577
S21401858004F1200400F1200001F120010FD800229F
S21401859011462E4B2E4D1C782E4E2F4B2F4FD0B200
S2140185A0844203F1200338D803B0BDE8F08F2C4B8A
S2140185B02C4A47F81C3C002346E907232A4A47E988
S2140185C0063E45E90723294A46E905E344E9072328
S2140185D0274A45E905E340E90723019A44E905E30B
S2140185E040E905E341E908CA41E9063E47F820CCDF
S2140185F047F8103C46F820CC45F820CC44F820CC6F
S21401860040F820CC41F8103C08F1010842E908CBBB
S21401861042E9063E42F8103CA7E743E9085643E91B
S214018620061743F8101C0132B9E700BFA56A0020FF
S214018630744600207445002054460020344600202D
S214018640D4450020B4450020944500209F6A0020B0
S214018650F054002051B10200F44500203FFF030012
S214018660056F0300DD6D03008D7902002D93020076
S2140186704548030001F7020091680200002208B590
S214018680074B1A605A601CF0CFF8064B18701CF0A6
S214018690CBF8054B1870054B1A78054B1A7008BDB8
S2140186A092540020AC600020AB600020936A00204A
S2140186B0AA600020002100B593B008466A460AF079
S2140186C0E7F90146C8B90E4B0E4A09930E4B0D92B7
S2140186D00A930E4A0E4B0E920B930E4A0E4BCDE9A1
S2140186E00F230C930D4B6A4611930AF087FC003852
S2140186F018BF012013B05DF804FB0120FAE700BFA4
S2140187006F69030029750200736B0300E9490200D3
S2140187107348030055840200D36B030059710200AD
S214018720084B1878112806D8012809D9064BC340EA
S21401873003F001007047A0F14303584258417047C7
S21401874000207047AE6000203400020008B5064BDA
S2140187501B78013B022B05D80020FFF7E1FF01380B
S214018760C0B208BDFF20FCE7AF600020044B00F15B
S214018770100250F8041B904243F8041BF9D17047CD
S214018780B0600020044B03F1100253F8041B93421F
S21401879040F8041BF9D17047B060002030B50024C2
S2140187A091B0114B0546214614220BA8CDE9094389
S2140187B002F000FF102209ABCDE900440693CDE993
S2140187C00452CDE90252094B09490AA818F03DFFA7
S2140187D004460AA81CF0A2FD1CB1A021054821F000
S2140187E066FF11B030BD00BF002480000044400485
S2140187F0B06000208D07040070B5002490B0154BC2
S21401880005460E46142221460BA8CDE9094302F07F
S214018810D1FE102209ABCDE9004406933146CDE9DD
S2140188200452CDE902520C4B0AA818F00EFF04467A
S2140188300AA81CF073FD1CB1BA21084821F037FFC5
S214018840099B102B03D0BB21044821F030FF10B048
S21401885070BD00BF00248000004440048D07040062
S21401886030B50D4600218FB0124B0446142209A8DC
S214018870CDE9071302F09EFE102207ABCDE90242B6
S214018880CDE90042049329460B4B08A818F0DFFEF9
S214018890044608A81CF042FD1CB1D121074821F06E
S2140188A006FF079B102B03D0D221044821F0FFFEC0
S2140188B00FB030BD00248000004440048D07040042
S2140188C00022034B1870034B1970034B1A70704744
S2140188D0C1600020C2600020C06000202DE9F04F7A
S2140188E0DFF89080064698F800300D4685B0002BDC
S2140188F03AD04FF6FB73984236D84FF0000B1C4F18
S214018900DFF874A03C7898F800305FFA8BF94B4595
S2140189109AF8000011D9484402AA0DF10601C0B226
S21401892014F00CFB082229460DEB020003F08EF929
S2140189300BF1010B0028E6D14C463B78A34208D147
S21401894098F80020631CDBB29A423B7004BF0023F8
S2140189503B70324629469AF800301C44E0B205B016
S214018960BDE8F04F14F0D8BB05B0BDE8F08F00BFEE
S214018970C0600020C2600020C16000202DE9F74FD2
S21401898006460D4614461F464FF0010BDFF8789059
S21401899003F10C0A15B903B0BDE8F08F102DA846F7
S2140189A028BF4FF010083A46164B5FFA88F152F886
S2140189B0040B524543F8040BF9D101919AF80020B3
S2140189C011481A70002389F80F4089F800B089F819
S2140189D00E30FFF7E3FE324601340B480199E4B24C
S2140189E012F801CB10F8013B83EA0C0302F8013CB4
S2140189F0931BDBB28B42F3D3A5EB080816461FFA8E
S214018A0088F5C7E7C4600020C36000202DE9F04F59
S214018A109046914685B00090981A029383B20193CE
S214018A20009B0F46354903F10C0453F8045BA3423F
S214018A3041F8045BF9D11B78314E0B704923337032
S214018A40019BF0731B0A3046B373FFF7A7FE0221A2
S214018A50BB460D46737888EA030373704FF0000A2D
S214018A601DE0C5F11004A9EB0A039BB2A4B29C4217
S214018A7028BF1C4600231FFA83FCE8186445C0B2D1
S214018A801FD82544EDB2A344102D54441FFA84FA8E
S214018A9005D1002530460391FFF780FE0399D145A5
S214018AA0DFD807EB080B25B115480391FFF776FED3
S214018AB0039901294FF000050DD00121DDF804903E
S214018AC0CCE71BF803C016F800E001338CEA0E0C65
S214018AD006F800C0CFE7029B09491F44094B3846F8
S214018AE01C78224602F0F6FE2A4621463846009BAE
S214018AF005B0BDE8F04FFFF741BF00BFC4600020DE
S214018B00C3600020A66A002030B540780C460128D4
S214018B104FF0110387B001F1100516D1144A01A9CF
S214018B200AF0F4FF234601AC224618685968083358
S214018B3003C2AB421446F7D111230D4A002001A906
S214018B400AF0E4FF002007B030BD0120094A01A960
S214018B500AF0DCFF234601AC224618685968083340
S214018B6003C2AB421446F7D11123024AE6E700BF1F
S214018B7075E4010079EB010030B50C46407887B00A
S214018B8001284FF011030DBF0B4A0C4A012001A921
S214018B9018BF01A90AF0BAFF234601AA05AD14467B
S214018BA003CCAC4218605960224603F10803F6D1A3
S214018BB0002007B030BD00BF75E4010079EB01006D
S214018BC010B50C4688B01A230C4A01A901200AF0F8
S214018BD09DFF21460DF10E0304F1100251F8040B1E
S214018BE0914243F8040BF9D11A230020034A01A944
S214018BF00AF08CFF002008B010BD00BF24E1010080
S214018C00F0B58BB004460D461DF076FEA8B101A85E
S214018C1012F044F988B1667B271D16F0020F05D0C5
S214018C200822384601A903F011F8D0B901AB46F085
S214018C30020603CB6060796066731A230A4A03A9A9
S214018C4001200AF063FF29460DF116030DF12602F5
S214018C5053F8040B934241F8040BF9D100200BB0F2
S214018C60F0BD2D20FBE700BF24E10100F0B505466D
S214018C70071D00220C463846082193B01DF0CAFD98
S214018C806A7B0646D0070BD5687808A91CF077FAE8
S214018C90DDF83D306B60DDF841307B6080B10BE084
S214018CA0910709D5D2000121384602F080021CF056
S214018CB071FAFF28687002D12D2013B0F0BDD6B12D
S214018CC0687801A91CF0F8F99DF81C305B0604D5FC
S214018CD04FF4C6710A4821F0EAFC234603AD07ACFF
S214018CE02A4603CAA24218605960154603F10803D2
S214018CF0F6D10020E1E708A91CF041FACEE700BF53
S214018D000B0804002DE9F04106468AB01F480F46BD
S214018D1015460024FFF736FD002C01A914BF4FF0BD
S214018D205C0C4FF0360C10238846184A12F8010BDB
S214018D30013B8CEA000013F0FF0301F8010BF5D1AB
S214018D4005A81EF0A2FB4246102105A81EF0A1FBB5
S214018D50C4B93946324605A81EF003FC2A460DF171
S214018D60140C0DF1240E634603CB7345106051605D
S214018D709C4602F10802F6D114B10AB0BDE8F081B2
S214018D800124C9E72A461021E5E700BFF360002069
S214018D902DE9F04791460D46C0B09DF82041DDF81B
S214018DA028811E46DFF87CA09DF82431074622461E
S214018DB0494640468AF8003002F08CFD9DB12346B4
S214018DC0324641463846FFF721FEB44207D9A11B79
S214018DD03B46012289B208EB0600FFF7CFFD0020D3
S214018DE040B0BDE8F087A11B3B46012289B208EBE3
S214018DF00600FFF7C3FD22464146684602F06AFDBB
S214018E003246694638462346FFF700FE9AF80020A8
S214018E100DEB040109EB040002F018FF0028DED078
S214018E202C20DDE7A66A002038B50346104601F17E
S214018E30100451F8045BA14242F8045BF9D10449DD
S214018E401BB1FFF7D9FC002038BDFFF709FDFAE793
S214018E50F360002030B5054689B069461BF0B0FFC7
S214018E606B8804ACABB12246294668461BF048FF26
S214018E700E4A08AD234603CBAB42106051601C4638
S214018E8002F10802F6D10948FFF770FC002009B08C
S214018E9030BD6B46054D1A4603CAA242286069607A
S214018EA0134605F10805F6D1EDE700BFF360002093
S214018EB050B10B4B0B4A03F1100153F8040B8B42D4
S214018EC042F8040BF9D17047064B054A03F110012D
S214018ED053F8040B8B4242F8040BF9D1704700BFDC
S214018EE0F3600020D360002008B51022024802F08B
S214018EF0B3FB002008BD00BFE360002008B50846AC
S214018F001022024902F0A8FB002008BDE360002001
S214018F1010B5044686B001A9114A112301200AF0B2
S214018F20F5FD9DF8143001A8E3701EF075FE80F083
S214018F3001000C4A01A96070112301200AF0E6FD28
S214018F409DF8143001A8A3701EF066FE80F00100A3
S214018F50207010F03DFB6060002006B010BD00BF21
S214018F6075E4010079EB010010B5044686B01123C3
S214018F70134A012001A90AF0C9FDA3789DF814201F
S214018F809A4207D08DF81430002011230C4A01A90B
S214018F900AF0BCFD11230B4A012001A90AF0B6FD17
S214018FA0E3789DF814209A4207D08DF814300020FB
S214018FB01123044A01A90AF0A9FD06B010BD00BF9D
S214018FC079EB010075E401002DE9F04186B0064613
S214018FD003A80C4612F000FF054600284AD1BDF84A
S214018FE00C30980646D510222946204602F0E2FAB1
S214018FF001A811F053FFC0B1777B06F1040817F002
S214019000020F06D00822404601A902F01FFE0028E2
S2140190102ED101AB47F0020703CB7060C8F80410ED
S2140190207773238843F008032380238843F00203E1
S214019030238011F00DFB60601DF05EFC30B10E4B1D
S2140190401B68A360238843F0040323800B4B1A6834
S214019050D1035EBF238843F010032380130203D598
S214019060238843F400632380284606B0BDE8F081D8
S2140190702D25F9E72425F7E7A4460020A846002079
S21401908010B5D0E9023253F8223090B01C68402265
S214019090694620461CF0E6F8034630B12246002019
S2140190A00549FDF7EFFE10B010BD01226946082004
S2140190B0FDF792FEF7E700BFA108040070B500F0C7
S2140190C0B1F800280CBF6E22792200201349FDF763
S2140190D0D9FE00F0A7F8F0B11CF0D8F800280CBFB4
S2140190E06E22792200200E49FDF7CCFE08220020D0
S2140190F00C49FDF7C7FE00250B4C0C4E234654F8D1
S214019100042C314600200335FDF7BCFE182D04F172
S2140191100C04F3D170BD3F22E4E700BFD908040078
S214019120F008040000090400CC4700201F090400D1
S21401913070B51CF090F8044621490020FDF7A2FE08
S2140191402CB92046BDE870401E49FDF79BBE00F0D5
S214019150BBF805461C4B62690020002A08BF1A4668
S2140191601A492668FDF78EFEA28800201849FDF7E9
S21401917089FE1849E2880020FDF784FEA38822892B
S21401918013F010001ABF002013491449FDF77AFEA8
S214019190E26800201249FDF775FE22690020114998
S2140191A0FDF770FE104A114B0020B6F5817F38BFDF
S2140191B013460F492A46BDE87040FDF763BE00BF5F
S2140191C0540904006109040017D903008209040048
S2140191D0A0090400C1090400DE090400FB0904001B
S2140191E0190A0400370A04004C0904004209040065
S2140191F0550A040038B5014600230C25084A05FB2C
S21401920003F4A0181459013404D10C2202F024FAF4
S214019210002038BD0133082BF1D10120F9E700BF4A
S214019220C8470020034B1878012894BF002001206E
S214019230704700BF0561002038B50446044D287804
S214019240A04203D021461BF0E6FF2C7038BD00BFBC
S2140192500561002000B58FB03422002101A802F07C
S214019260A9F901A8EEF710FB0598D0B182680E4B5C
S214019270B2F5803F34BF92B2C2F38F2241881A8181
S214019280028828BF41F010011A6042689980DA808E
S214019290C268DA6002691A6142695A61027E18463A
S2140192A01A760FB05DF804FB4C470020054B1B787F
S2140192B020B1012B04D80220FFF7BEBF012BFBD83B
S2140192C0704700BF0561002010B5084C237853B9DC
S2140192D01BF0C1FF0123237028B10368B3F5817F1A
S2140192E024BF037E2370207810BD00BF04610020D8
S2140192F070B5184B1B78012B2BD81BF08FFF164D22
S214019300024616490020FDF7BDFD0120FFF7CEFFFE
S2140193102E78FF2E1DD1FFF79DFFC8B184886022ED
S2140193203146C4F340040E482C7002F043F9602223
S21401933031460C4802F03EF95CB1FFF7C5FF042840
S21401934007D9BDE8704040F22B11074821F0AFB9AC
S214019350287070BD05610020A76A0020780A040005
S214019360C8470020684700208A0A04002DE9F04F0C
S214019370DFF884928DB003AB07468846144699E819
S214019380070083E80700FFF7B3FFFFF79DFF944B45
S21401939006461D784B46012D40F07081012840F2AB
S2140193A07281B7FBF0F200FB1272002A00F06B81AB
S2140193B08C4900228B46D1F800C0BCF1FF3F04D097
S2140193C0087A6044874200F019810132082A01F1C7
S2140193D00C01F0D193E8070006AE0DF1240A86E8E9
S2140193E007008AE80700FFF76FFFB7FBF0FB00FBFB
S2140193F01B7BA0EB0B094A46414606460AA809977D
S2140194008DF82C9002F066FA00224FF00C0E764989
S21401941002E00132082A0ED00EFB02F000EB010C2E
S21401942008580130F5D19AE807008CE807006F4923
S2140194300A7801320A70A14504DD4FF4E2716C48E6
S21401944021F035F9A41B5C444F44A1B217FA84F409
S214019450B4FBF6F206FB1242C8448E1A91B1A41A66
S21401946008EB060107A88DF82020069402F032FAD0
S21401947006A8FFF7BFFEFF2804D140F2D9115C48C9
S21401948021F015F9B6B2B6B10320FFF7D5FE802E4E
S2140194900AD832464146574802F01CFA3246384648
S2140194A054491BF0C3FE05460220FFF7C5FE2846B9
S2140194B00DB0BDE8F08F0025F9E74FF40E714C486A
S2140194C021F0F5F8464B1B78012B00F0E380002CC9
S2140194D036D00320FFF7B0FE802C2FD82246414617
S2140194E0444802F0F7F92246384642491BF09EFEF0
S2140194F005460220FFF7A0FEDFF8F09099F800304D
S21401950093B1039CFFF7E0FE374B002798461A6895
S214019510511C04D0197A411A521A944224D00137A8
S214019520082F03F10C03F2D1002DC0D1039B0133A8
S214019530C1D003A8FFF75EFE0546B8E70125D8E7C8
S2140195402546D9E740F26D21294821F0B0F80125DA
S21401955024E0012D30D0802E2FD83246254903989D
S2140195601BF064FE054628E0002DA0D10C247C43A8
S21401957008EB04039DF814A093F808B00AEB0B035C
S214019580802BDFDC1B4B524604A9184602F0A2F9D9
S214019590211D5A464144504402F09CF90C2303FB1A
S2140195A007839DF814201B7A13449E42D1D040F2C3
S2140195B073210F4821F07BF801250220FFF73CFEBE
S2140195C099F8003013B1013B89F800304FF0FF33B2
S2140195D008EB040248F80430C2E9013367E700BF2C
S2140195E0A76A0020C84700206847002003610020C2
S2140195F08A0A0400CC460020445904004FF00C0AA5
S2140196000AFB02B3187AA6EB00095FFA89F9A145AD
S21401961001D35FFA84F90AFB02FA0AF10405284429
S2140196204A464146584402F055F90BEB0A031A7AAA
S214019630A4EB09044A44D2B2B242A4B21A7219D1B6
S21401964003200193FFF7F8FD32460BEB05015BF8AB
S2140196500A001BF0EBFD05460220FFF7EDFD4FF07B
S214019660FF32019B4BF80A20C3E90122002D7FF44B
S2140196701EAFC844002C3FF41EAF4F44104B1B785E
S214019680012B7FF424AFB7FBF6F306FB1373002B15
S2140196907FF413AFE319B3FBF6F506FB1535002D82
S2140196A03FF415AF641B5B1B08EB04012A4604A8B4
S2140196B00393A4B202F00EF98DF8145007E700BF29
S2140196C0A76A002070B5134B1B78012B0CD1FFF74E
S2140196D00FFE0026104D55F8043C013306D1033623
S2140196E0182E05F10C05F6D1002411E00320FFF732
S2140196F0A3FD55F8044CFFF7E7FD29460246204630
S2140197001BF094FD04460220FFF796FD002CE6D0E0
S214019710204670BDA76A0020CC47002070B50546DC
S2140197200C46FFF7E5FD0520FFF786FD2146284696
S2140197301BF08AFD06460220FFF77EFD00220A4B3B
S2140197402C441968481C08D0A94206D3A1423EBF42
S2140197504FF0FF31C3E9001199600332182A03F173
S2140197600C03EED1304670BDC8470020D0E9023266
S21401977053F8223010B51C68204600F095FA28B13F
S2140197802146BDE81040024800F002BE10BD00BFF1
S214019790080B040008B5D0E9023253F822301868E5
S2140197A000F06CF920B1BDE80840024800F0F0BDB9
S2140197B008BD00BF2A0B04002DE9F041D0E90232B2
S2140197C053F8221003EB82035B680F681D789AB08A
S2140197D0642D04D96421114800F0DAFD64252A4677
S2140197E0384601A900F002F9044698B90C4800F081
S2140197F0CFFDDFF8348001AE013DA54202DC1AB090
S214019800BDE8F0813919404616F8012B00F0C0FD7D
S2140198100134F2E7034800F0BBFDF0E74D0B04000E
S2140198206D0B0400970B0400840B04002DE9F04730
S21401983000252D4FDFF8E080DFF8E0908CB0284659
S21401984003A900F0EFF810B10CB0BDE8F087049B57
S2140198502946039A0093384600F09AFD404600F0E8
S21401986097FD059910290CD810290CD8DFE801F0CE
S2140198700F14320B340B0B0B360B0B0B0B0B0B0BAA
S2140198803A0020292CD0194800F082FD07E018483C
S21401989000F07EFD0135D2E7164800F079FD069905
S2140198A0484600F075FD0799134800F071FD13480E
S2140198B000F06EFD1024DFF868A00DF11F0650467B
S2140198C016F8011F013C00F063FD14F0FF04F6D109
S2140198D00B48DDE70B48E0E70B48DEE70B48DCE723
S2140198E00B48DAE70B48D8E7B20B0400570C040024
S2140198F0070C0400170C04007D0C0400950C0400F2
S2140199001CAE03001F0C0400270C0400300C0400DE
S2140199103B0C0400520C0400F60B0400660C040019
S214019920A60C040010B50B4C8EB023785BB9EDF78E
S21401993025FF014650B9012301A82370EDF7A4FFC6
S214019940054B049A1A6020780EB010BD034800F04B
S2140199501FFDF8E7066100200C4B0020AC0C04004C
S21401996000B58FB0FFF7DEFF002829D001A8EDF77C
S2140199708BFF059B1448198800F00AFD059B1348C8
S2140199805969134B002908BF194600F001FD059BD4
S2140199901048598800F0FCFC059B0F48196900F037
S2140199A0F7FC059B0D48D96800F0F2FC059B0C48B6
S2140199B0197E00F0EDFC0B4B0B48196800F0E8FC33
S2140199C00FB05DF804FB00BFE90C0400FB0C0400BB
S2140199D017D903000D0D0400210D0400350D0400F8
S2140199E0490D04000C4B00205D0D040070B50646C1
S2140199F015460C4679B172B1FFF794FF68B121465E
S214019A002A463046EEF74AF8014618B1044800F0F7
S214019A10BFFC012070BD2120FCE71120FAE700BF42
S214019A206F0D040037B505460C46FFF77BFFE0B126
S214019A30114B1B68AB421AD9CCB100212422204617
S214019A4001F0B8FD2146284616F0BBFD88B9284628
S214019A5001AA04F10801EDF7D3FF20B140F2064355
S214019A60C01A18BF012003B030BD1120FBE721202A
S214019A70F9E70120F7E700BF0C4B0020F0B593B0E3
S214019A800546FFF74FFF002845D0254B1A68AA4226
S214019A9007D829462348013A00F07AFC212013B062
S214019AA0F0BD05A8EDF7F0FE284603A916F089FDDE
S214019AB098BB049A22F4FF57C2F30C0327F01F0742
S214019AC02BB14FF400532946174800F061FC039E62
S214019AD07FB120F0F9FD30464FF40051EEF76AF8F9
S214019AE03346044606F5005650B9039BF31ABB42AB
S214019AF0EFD32A4639460D4800F04AFC002406E01A
S214019B0000902A464FF40051094800F041FC201EFF
S214019B1018BF0120C3E71120C1E70120BFE700BF3E
S214019B200C4B00209D0D04004B0E04000A0F040090
S214019B30B90E040010B5044638B1FFF7F3FE30B194
S214019B400020044B1B68236010BD2120FCE7112078
S214019B50FAE700BF0C4B002010B50446FFF7E2FE03
S214019B60B0B10C4B1A68A24206D821460A48013AFF
S214019B7000F00EFC212010BD20F0A6FD40F2C1220F
S214019B8020460649EDF7FCFE003818BF0120F2E733
S214019B901120F0E70C4B00209D0D040048480020E2
S214019BA010B50446FFF7BEFE70B121460848EDF732
S214019BB007FF40F20323984208D040F2012398425F
S214019BC00CBF0520012010BD1120FCE70020FAE79C
S214019BD0484800202DE9F0412D4D04462F68FFF737
S214019BE0A1FE002851D02968A14207D84A1E29485B
S214019BF0214600F0CDFB2120BDE8F0812648EDF797
S214019C009FFEDFF894800246B0B943462E6896421E
S214019C1022D1BE4214BF3A4606F1FF3212BB31468C
S214019C201D48C8F80040EDF76BFE014600B31B481F
S214019C3000F0AEFB0120DFE72046EDF741FE0446CB
S214019C4038B10146164800F0A3FB201E18BF0120BC
S214019C50D2E7EDF791FCF8E753F8041B8C42DDD010
S214019C600132D4E70C499200081D01F0F5FCD6E755
S214019C7029680948EDF764FE044610B10146094813
S214019C80D6E7EDF779FC2046B6E71120B4E700BF2A
S214019C900C4B00209D0D040028480020500F0400A6
S214019CA0260F0400830F0400F8B50446FFF73AFEBA
S214019CB0002845D0234B1A68A24207D821462248DD
S214019CC0013A00F065FB21242046F8BD1F4800F04C
S214019CD05FFB20F0F9FC40F2C1221D492046EDF75A
S214019CE04FFE40F20327054620F0EEFC184E65B104
S214019CF040F203239D421AD02946164800F048FB3D
S214019D000124154800F044FBDEE720F0DDFC29467F
S214019D103046EDF755FEB84209D040F2012398428D
S214019D2003D10E4800F034FBE1E70546DFE72146A4
S214019D300B4800F02DFB2046FFF74CFF0446E0E7FA
S214019D401124C1E70C4B00209D0D0400BA0F04003E
S214019D5048480020DA0F04001CAE030023E5030088
S214019D60F20F040010B50A46044619B1024B002151
S214019D701B68984710BD00BF5059040010B5114C20
S214019D802378580744BF23F00403237023789907E8
S214019D9005D500F05DF8237823F00203237063787D
S214019DA01BB10023084A636053600023082106485C
S214019DB06370FFF7D7FF2378DA0744BF23F0010368
S214019DC0237010BD104B0020144B002038B51A4CE0
S214019DD062782378022A01D1072B11D0DD0712D52C
S214019DE02378980707D400F02BF82378054643F02C
S214019DF00203237080B96278237882B15A0716D598
S214019E000025284638BD17F09EFB2378054643F00B
S214019E10010323700028E3D0FFF7B0FFF1E7D9076D
S214019E20ECD5064962604A6002226270E6E743F0BA
S214019E3004032370E4E700BF104B0020144B0020FE
S214019E400122024B002083F8F02070471C4B0020B3
S214019E502DE9F0410A4C002526464FF0010803275C
S214019E602046C4F81C80277601351BF03AFA062DE9
S214019E7004F12804F4D1002386F8F030BDE8F0811F
S214019E801C4B00202DE9F04F984691B00B1E0A930B
S214019E90B44B914614BF83469B4600251A9E98F8FC
S214019EA0000070B94D4538BF2A464B464FF00000BA
S214019EB00A9928BF09F1FF32D847284611B0BDE8F4
S214019EC0F08F252808F1010806D02A464B460A9944
S214019ED06C1CD8472546E2E70023414611F8012BC2
S214019EE02B2A16D00AD8202A16D0232A17D0A2F158
S214019EF03000092834D800270A2418E02D2A05D076
S214019F00302AF4D143F001038846E6E743F0020322
S214019F10FAE743F00403F7E743F00803F4E743F0F6
S214019F201003F1E7884604FB0722A2F130074146F9
S214019F3011F8012BA2F130000928F3D998F8002076
S214019F402E2A52D198F8011008F10102A1F1300031
S214019F50092843F480633ED800244FF00A0E11E02E
S214019F602A2A08D156F8047B8846002FBCBF43F046
S214019F7002037F42E2E70027E0E702460EFB0411F8
S214019F80A1F13004104610F8011BA1F1300CBCF110
S214019F90090FF2D99046424612F8011B6C292DD0C2
S214019FA025D8682933D06A293BD04246904618F80E
S214019FB0010B672860D8572836D8452808D084D999
S214019FC0462800F0188147287FF47FAF43F40063EA
S214019FD043F0200327E12A2906D156F8044B08F15D
S214019FE0020824EAE474D6E790460024D3E77429ED
S214019FF001D07A29D9D143F48073D7E798F80110B4
S21401A0006C29F8D143F4407308F10202CEE798F8C0
S21401A0100110682902D043F08003C7E743F0C0036C
S21401A020F2E743F40073C1E7A0F158020F2A3FF6A6
S21401A0304CAF01A151F822F0D9A00100CB9E01003E
S21401A040CB9E0100CB9E0100CB9E0100CB9E010062
S21401A050CB9E0100CB9E0100CB9E0100CB9E010052
S21401A060D9A0010045A20100D9A001001BA2010050
S21401A070FBA101001BA20100A0F16901C9B20F29D1
S21401A0803FF623AF012249F2410C8A4012EA0C0244
S21401A09018D10A2900F0158107297FF416AF43F07D
S21401A0A0210305930823CDE903431023CDE90123BA
S21401A0B056F8043B2A46009358464B460A991BF02D
S21401A0C000FAA8E06F2800F05E8110D9782808D140
S21401A0D0102223F00C0310E0582839D0622800F033
S21401A0E054810A2223F01003642806D0F1E7692878
S21401A0F04FF00A0223F01003F6D1590548BF23F0AA
S21401A1000103692803F4007101D0642840D111B31A
S21401A110073626F00706B24670685AF8081BCDE9DE
S21401A120077300230593C30F0028029306940B467A
S21401A130049202DA4B4260EB4000CDE900304B4618
S21401A1402A4658460A991BF0FEF905465646A6E6E3
S21401A15043F02003BCE7D90506F1040A04D53168AB
S21401A16005E000BF2553030058060CD53178CDE92C
S21401A1700224CDE9047300294FEAD1730193B8BFD5
S21401A1804942009120E01906E9D5B6F90010EEE73C
S21401A19079B1CDE907730023CDE9042306F1070A57
S21401A1A02AF0070A06940293FAE80223CDE900236F
S21401A1B0C5E7D80506F1040A0DD5CDE90473CDE946
S21401A1C002240191336800934B462A4658460A9961
S21401A1D01BF077F9B9E7590607D53178CDE904734D
S21401A1E00023CDE902240193CBE7316813F0800FF9
S21401A1F018BF89B2F2E743F02003CDE901730736B1
S21401A20026F007060094B6EC020B4B462A46584643
S21401A2100A99EAF7BDFA054641E600F0DF0047284D
S21401A22001D143F40063CDE90173073626F0070632
S21401A2300094B6EC020B4B462A4658460A99EAF7B2
S21401A240EBF8E8E713F0020426D04FF0010A6B1C86
S21401A2500B932A464B460A9916F8040BD84774B353
S21401A26054460B9A21E04B4620200A99D8470AEB20
S21401A27005020AF1010A5745F5D83A1E18BF012210
S21401A280002A07F1FF3308BF002307F1010A1D4426
S21401A29008BF4FF0020ADAE7A246E8E7551C4B462C
S21401A2A020200A99D8472A460134BC42F6D3A7EBA8
S21401A2B00A03574538BF00230B9A1A440B920B9D8D
S21401A2C0EDE53246002C52F8046B14BF21464FF0E0
S21401A2D0FF310B9232463144107808B1914211D1C8
S21401A2E0A2EB060A13F480620C9202D0A24528BFA4
S21401A2F0A24613F002030D931BD1AAEB05032A46CF
S21401A3000F9308E00132E7E7531C0E9320204B46DB
S21401A3100A99D8470E9A0F9BD318BB42F4D3A7EBE2
S21401A3200A03574538BF00230AF101021D4403EB17
S21401A330020AAB1B0E9304E01C464B462A460A99BA
S21401A340D8470E9BF51816F8010B28B10C9B002B6D
S21401A350F3D0631E002CEFD10D9B93B12A46AAEBD6
S21401A360050405E0561C4B4620200A99D84732467C
S21401A3701319BB42F6D3A7EB0A03574538BF002390
S21401A3801D440B9E8BE50822A3E60222A1E600BF30
S21401A3900FB41FB506AA52F8043B02A90392009215
S21401A3A004484FF0FF32FFF76DFD05B05DF804EB92
S21401A3B004B07047E75503001FB5034600914FF000
S21401A3C0FF3203A90248FFF75DFD05B05DF804FB07
S21401A3D0E75503001FB5CDE90201009302A9134614
S21401A3E003484FF0FF32FFF74DFD05B05DF804FB63
S21401A3F0EF5503001FB5094B094A1868094B01A917
S21401A4001860094B1360094A0192094A1268CDE99E
S21401A410022317F03FF905B05DF804FB1067002032
S21401A420143C0020183C002004670020F547040077
S21401A430CC4E0020014B186817F040B91067002079
S21401A44038B5F1F71BFE0446064D2B68D3F8B0026B
S21401A450F1F708FE286817F044F92046BDE83840B1
S21401A460F1F700BE1067002010B51F4CEFF7DCFEB9
S21401A470236F012023F0070343F002032367EFF75E
S21401A480E1FED4F82031002023F0070343F0010356
S21401A490C4F82031D4F8403123F0030343F001031C
S21401A4A0C4F84031D4F8603123F0030343F00103CC
S21401A4B0C4F86031D4F8403223F0030343F00103BB
S21401A4C0C4F84032D4F8003223F0070343F0010306
S21401A4D0C4F80032D4F8083223F0070343F001032E
S21401A4E0C4F8083210BD00BF00800050064B1B6840
S21401A4F01A7A022A01D81AB97047032A00D070477F
S21401A5001B68024A1360704714670020CC4E002077
S21401A5100022024B5A60DA601A607047D04E002063
S21401A52008B501F037FF0022014B1A7008BD00BFC5
S21401A530076100200A4601491BF0C3B8ED7104000B
S21401A5400A4601491BF0BDB8E87104000A460149F4
S21401A5501BF0B7B8E17104000A4601491BF0B1B817
S21401A560DE7104000A4601491BF0ABB8DB7104003A
S21401A5700A4601491BF0A5B8D67104000A460149EE
S21401A5801BF09FB8D17104000A4601491BF099B827
S21401A590CC7104000A4601491BF093B8C57104004A
S21401A5A081F0004102E000BF83F0004330B54FEA7E
S21401A5B041044FEA430594EA050F08BF90EA020FEB
S21401A5C01FBF54EA000C55EA020C7FEA645C7FEA7E
S21401A5D0655C00F0E2804FEA5454D4EB5555B8BFA1
S21401A5E06D420CDD2C4480EA020281EA030382EA12
S21401A5F0000083EA010180EA020281EA0303362DA4
S21401A60088BF30BD11F0004F4FEA01314FF4801C76
S21401A6104CEA113102D0404261EB410113F0004F88
S21401A6204FEA03334CEA133302D0524263EB43033F
S21401A63094EA050F00F0A780A4F10104D5F1200EDD
S21401A6400DDB02FA0EFC22FA05F2801841F1000138
S21401A65003FA0EF2801843FA05F359410EE0A5F10C
S21401A66020050EF1200E012A03FA0EFC28BF4CF03D
S21401A670020C43FA05F3C01851EBE37101F00045F3
S21401A68007D54FF0000EDCF1000C7EEB00006EEB00
S21401A6900101B1F5801F1BD3B1F5001F0CD349088A
S21401A6A05FEA30004FEA3C0C04F101044FEA4452E1
S21401A6B012F5800F80F09A80BCF1004F08BF5FEA68
S21401A6C0500C50F1000041EB045141EA050130BD48
S21401A6D05FEA4C0C404141EB0101013C28BFB1F55A
S21401A6E0801FE9D291F0000F04BF01460020B1FAA5
S21401A6F081F308BF2033A3F10B03B3F120020CDA78
S21401A7000C3208DD02F1140CC2F10C0201FA0CF055
S21401A71021FA02F10CE002F11402D8BFC2F1200CBA
S21401A72001FA02F120FA0CFCDCBF41EA0C01904070
S21401A730E41AA2BF01EB0451294330BD6FEA0404B9
S21401A7401F3C1CDA0C340EDC04F11404C4F12002A4
S21401A75020FA04F001FA02F340EA030021FA04F3B6
S21401A76045EA030130BDC4F10C04C4F1200220FA0D
S21401A77002F001FA04F340EA0300294630BD21FA4B
S21401A78004F0294630BD94F0000F83F4801306BF11
S21401A79081F480110134013D4EE77FEA645C18BF05
S21401A7A07FEA655C29D094EA050F08BF90EA020F9C
S21401A7B005D054EA000C04BF1946104630BD91EA94
S21401A7C0030F1EBF0021002030BD5FEA545C05D197
S21401A7D04000494128BF41F0004130BD14F58004D6
S21401A7E03CBF01F5801130BD01F0004545F0FE414A
S21401A7F041F470014FF0000030BD7FEA645C1ABF7F
S21401A800194610467FEA655C1CBF0B46024650EAB5
S21401A810013406BF52EA033591EA030F41F40021E1
S21401A82030BD00BF90F0000F04BF0021704730B567
S21401A8304FF4806404F132044FF000054FF000013C
S21401A84050E700BF90F0000F04BF0021704730B5FD
S21401A8504FF4806404F1320410F0004548BF4042D2
S21401A8604FF000013EE700BF42004FEAE2014FEA27
S21401A87031014FEA02701FBF12F07F4393F07F4F02
S21401A88081F06051704732F07F4208BF704793F005
S21401A8907F4F04BF41F40021704730B54FF4607418
S21401A8A001F0004521F000411CE700BF50EA01021B
S21401A8B008BF704730B54FF000050AE050EA0102C4
S21401A8C008BF704730B511F0004502D5404261EB34
S21401A8D041014FF4806404F132045FEA915C3FF475
S21401A8E0D8AE4FF003025FEADC0C18BF03325FEA12
S21401A8F0DC0C18BF033202EBDC02C2F1200300FAC3
S21401A90003FC20FA02F001FA03FE40EA0E0021FAE7
S21401A91002F11444BDE600BF70B54FF0FF0C4CF4D5
S21401A920E06C1CEA11541DBF1CEA135594EA0C0F87
S21401A93095EA0C0F00F0DEF82C4481EA030621EAC2
S21401A9404C5123EA4C5350EA013518BF52EA0335FD
S21401A95041F4801143F4801338D0A0FB02CE4FF0AF
S21401A9600005E1FB02E506F00042E0FB03E54FF0DF
S21401A9700006E1FB03569CF0000F18BF4EF0010ED7
S21401A980A4F1FF04B6F5007F64F5407404D25FEAD3
S21401A9904E0E6D4146EB060642EAC62141EA555186
S21401A9A04FEAC52040EA5E504FEACE2EB4F1FD0CC8
S21401A9B088BFBCF5E06F1ED8BEF1004F08BF5FEA46
S21401A9C0500E50F1000041EB045170BD06F00046F8
S21401A9D046EA010140EA020081EA0301B4EB5C04A5
S21401A9E0C2BFD4EB0C0541EA045170BD41F480119D
S21401A9F04FF0000E013C00F3AB8014F1360FDEBFC2
S21401AA00002001F0004170BDC4F10004203C35DA9D
S21401AA100C341BDC04F11404C4F1200500FA05F320
S21401AA2020FA04F001FA05F240EA020001F00042C1
S21401AA3021F0004110EBD37021FA04F642EB060137
S21401AA405EEA430E08BF20EAD37070BDC4F10C0461
S21401AA50C4F1200500FA04F320FA05F001FA04F225
S21401AA6040EA020001F0004110EBD37041F1000111
S21401AA705EEA430E08BF20EAD37070BDC4F120051C
S21401AA8000FA05F24EEA020E20FA04F301FA05F284
S21401AA9043EA020321FA04F001F0004121FA04F22C
S21401AAA020EA020000EBD3705EEA430E08BF20EAFC
S21401AAB0D37070BD94F0000F0FD101F00046400036
S21401AAC041EB010111F4801F08BF013CF7D041EAB8
S21401AAD0060195F0000F18BF704703F000465200BC
S21401AAE043EB030313F4801F08BF013DF7D043EA8D
S21401AAF00603704794EA0C0F0CEA135518BF95EA43
S21401AB000C0F0CD050EA410618BF52EA4306D1D1C9
S21401AB1081EA030101F000414FF0000070BD50EAE8
S21401AB20410606BF1046194652EA430619D094EA72
S21401AB300C0F02D150EA013613D195EA0C0F05D15C
S21401AB4052EA03361CBF104619460AD181EA0301B0
S21401AB5001F0004141F0FE4141F470014FF0000068
S21401AB6070BD41F0FE4141F4780170BD70B54FF003
S21401AB70FF0C4CF4E06C1CEA11541DBF1CEA135583
S21401AB8094EA0C0F95EA0C0F00F0A7F8A4EB050465
S21401AB9081EA030E52EA03354FEA013100F088805C
S21401ABA04FEA03334FF0805545EA131343EA126325
S21401ABB04FEA022245EA111545EA10654FEA0026DA
S21401ABC00EF000419D4208BF964244F1FD0404F593
S21401ABD0407402D25B084FEA3202B61A65EB0305EF
S21401ABE05B084FEA32024FF480104FF4002CB6EBAC
S21401ABF0020E75EB030E22BFB61A754640EA0C002C
S21401AC005B084FEA3202B6EB020E75EB030E22BF6B
S21401AC10B61A754640EA5C005B084FEA3202B6EBAC
S21401AC20020E75EB030E22BFB61A754640EA9C006B
S21401AC305B084FEA3202B6EB020E75EB030E22BF3B
S21401AC40B61A754640EADC0055EA060E18D04FEAF9
S21401AC50051545EA16754FEA06164FEAC30343EA99
S21401AC6052734FEAC2025FEA1C1CC0D111F4801F66
S21401AC700BD141EA00014FF000004FF0004CB6E75F
S21401AC8011F4801F04BF01430020B4F1FD0C88BFFE
S21401AC90BCF5E06F3FF6AFAEB5EB030C04BFB6EB09
S21401ACA0020C5FEA500C50F1000041EB045170BDFC
S21401ACB00EF0004E4EEA113114EB5C04C2BFD4EB29
S21401ACC00C0541EA045170BD41F480114FF0000EAD
S21401ACD0013C90E645EA060E8DE60CEA135594EA29
S21401ACE00C0F08BF95EA0C0F3FF43BAF94EA0C0F2C
S21401ACF00AD150EA01347FF434AF95EA0C0F7FF4A1
S21401AD0025AF104619462CE795EA0C0F06D152EAF4
S21401AD1003353FF4FDAE1046194622E750EA4106D8
S21401AD2018BF52EA43067FF4C5AE50EA41047FF4E9
S21401AD300DAF52EA43057FF4EBAE12E74FF0FF3C4E
S21401AD4006E000BF4FF0010C02E000BF4FF0010C1F
S21401AD504DF804CD4FEA410C7FEA6C5C4FEA430C98
S21401AD6018BF7FEA6C5C1BD001B050EA410C0CBFE7
S21401AD7052EA430C91EA030F02BF90EA020F002049
S21401AD80704710F1000F91EA030F58BF994208BFB0
S21401AD9090422CBFD8176FEAE37040F0010070476D
S21401ADA04FEA410C7FEA6C5C02D150EA013C07D1C4
S21401ADB04FEA430C7FEA6C5CD6D152EA033CD3D00F
S21401ADC05DF8040B704700BF8446104662468C4609
S21401ADD01946634600E000BF01B5FFF7B7FF00283C
S21401ADE048BF10F1000F01BD4DF808EDFFF7F4FF65
S21401ADF00CBF012000205DF808FB00BF4DF808EDF0
S21401AE00FFF7EAFF34BF012000205DF808FB00BF12
S21401AE104DF808EDFFF7E0FF94BF012000205DF834
S21401AE2008FB00BF4DF808EDFFF7CEFF94BF0120E9
S21401AE3000205DF808FB00BF4DF808EDFFF7C4FFE2
S21401AE4034BF012000205DF808FB00BF4FEA410235
S21401AE5012F5001215D211D56FF47873B3EB625266
S21401AE6012D94FEAC12343F0004343EA505311F08D
S21401AE70004F23FA02F018BF404270474FF000001F
S21401AE80704750EA013005D111F0004008BF6FF05D
S21401AE90004070474FF00000704700BF4A0011D2D3
S21401AEA012F5001211D20DD56FF47873B3EB62521E
S21401AEB00ED44FEAC12343F0004343EA505323FA2A
S21401AEC002F070474FF00000704750EA013002D19F
S21401AED04FF0FF3070474FF00000704753B94AB942
S21401AEE0002908BF00281CBF4FF0FF314FF0FF308C
S21401AEF000F08CB9ADF1080C6DE904CE00F006F84F
S21401AF00DDF804E0DDE9022304B070472DE9F04FD7
S21401AF10099D0E4604460F46002B47D18A429446A9
S21401AF20B2FA82F35AD943B102FA03FCC3F1200202
S21401AF309F409C4020FA02F217434FEA1C461FFA34
S21401AF408CFE220CB7FBF6F106FB117701FB0EF027
S21401AF5042EA0742904208D91CEB020201F1FF3790
S21401AF6002D2904200F23C813946121AA4B2B2FBD8
S21401AF70F6F006FB102200FB0EFE44EA0244A6454C
S21401AF8008D91CEB040400F1FF3202D2A64500F2F8
S21401AF902A81104640EA0140A4EB0E0400211DB1AF
S21401AFA0DC400023C5E90043BDE8F08F8B4205D99C
S21401AFB00DB1C5E9000100210846F5E7B3FA83F1B2
S21401AFC000294FD1B342C0F00281824240F2FF8095
S21401AFD00846002DE8D0C5E90047E5E7002B40F01C
S21401AFE0AF808A1A4FEA1C4E1FFA8CF70121B2FB7A
S21401AFF0FEF60EFB1620220C42EA004207FB06F084
S21401B00090420FD91CEB020206F1FF382CBF4FF01D
S21401B01001094FF00009904203D9B9F1000F00F081
S21401B020DC804646121AA4B2B2FBFEF00EFB1022DA
S21401B03000FB07F744EA0244A7420FD91CEB0404BD
S21401B04000F1FF322CBF4FF0010E4FF0000EA74269
S21401B05003D9BEF1000F00F0C9801046E41B40EA98
S21401B06006409CE7C1F120048B4006FA01FC00FA79
S21401B07001FE22FA04F7E6408A401F4320FA04F351
S21401B0804FEA174843EA0C031FFA87FC4FEA1349B5
S21401B090B6FBF8F008FB106649EA064600FB0CF919
S21401B0A0B1450ED9BE1900F1FF3A2CBF4FF0010B86
S21401B0B04FF0000BB14503D9BBF1000F00F0A280A1
S21401B0C05046A6EB09061FFA83F9B6FBF8F308FB10
S21401B0D0136603FB0CFC49EA0646B4450ED9BE19B5
S21401B0E003F1FF382CBF4FF001094FF00009B445BA
S21401B0F003D9B9F1000F00F08280434643EA0040CD
S21401B100A6EB0C06A0FB028C66454346E14602D33D
S21401B11007D1C64505D2B8EB02036CEB070C013824
S21401B120E1465DB1BEEB030266EB090606FA04F4DE
S21401B13022FA01F3CE401C43C5E90046002133E75D
S21401B14002FA03FCC3F1200299409C40D6404FEA24
S21401B1501C4E20FA02F21FFA8CF7B6FBFEF00A43E9
S21401B1600EFB1066110C41EA064100FB07F68E4203
S21401B1700ED91CEB010100F1FF382CBF4FF001097D
S21401B1804FF000098E4202D9B9F1000F34D0404683
S21401B190891B92B2B1FBFEF60EFB161142EA014282
S21401B1A006FB07F191420ED91CEB020206F1FF38AD
S21401B1B02CBF4FF001094FF00009914202D9B9F1B5
S21401B1C0000F16D04646521A46EA00410FE7841A87
S21401B1D066EB030201201746FBE6023E624421E7C6
S21401B1E002396244C1E664440238D3E66444023854
S21401B1F034E7023E6244E6E702386144C8E7023BB0
S21401B2003E447BE702383E445BE700BF704700BF21
S21401B2102DE9F04F924685B089461E460D46554AA1
S21401B2200390294615F8014B135D13F00803F8D176
S21401B2302D2C7CD02B2C4ED04FF0FF3102936FF08B
S21401B2400043CDE9001336F0100851D037464FEAD7
S21401B250E6783A464346DDE90001FFF73FFE002364
S21401B26083468E4618461946A44613E0ACF13704C9
S21401B270A6421FDD002B09DB83457EEB010305D3C8
S21401B2808E4508BF83453BD1A24239DA4FF0FF33E2
S21401B29015F801CBACF13004092CE9D9ACF1410425
S21401B2A0192CE3D9ACF16104192C03D8ACF157047D
S21401B2B0A642DFDC5A1C2FD0029A12B1404261EB43
S21401B2C04101BAF1000F03D0002B48D1CAF8009013
S21401B2D005B0BDE8F08F4FF0FF30029336F010084E
S21401B2E06FF000432C7801F10205CDE90003ADD1E2
S21401B2F0302C25D0002E3AD10A27B0463E46A8E784
S21401B30000FB08F307FB0133A0FB07010B442018E1
S21401B31043EBE4710123BBE72223039A1360BAF1DE
S21401B320000F17D005F1FF39DDE90001CEE74FF038
S21401B3300047009301232C788D1CCDE9017382E729
S21401B3402B7803F0DF03582B0CD086B90827B046BC
S21401B3503E467EE7DDE9000105B0BDE8F08FCDE9A8
S21401B3600001DFE710276C7802353E4671E71027AB
S21401B3703E466EE7F57104004AE700BF10B4044C80
S21401B38013460A46014620685DF8044B40E700BFB5
S21401B3904467002010B4044C13460A460146206850
S21401B3A05DF8044B34E700BF4467002020F003013A
S21401B3B010F00300C0F1000051F8043B00F1040C4A
S21401B3C04FEACC0C6FF000021CBF22FA0CF21343BA
S21401B3D04FF0010C4CEA0C2C4CEA0C4CA3EB0C0283
S21401B3E022EA030212EACC1204BF51F8043B0430ED
S21401B3F0F4D0C2F1000102EA0102B2FA82F2C2F10D
S21401B4001F0200EBD20070472DE9F04780460C463C
S21401B4104548264614F801EB10F80EC01CF0080C3F
S21401B420F7D1BEF12D0F5BD0BEF12B0F3AD065469A
S21401B43033F010003ED04FF0FF379A46B7FBF3F7D4
S21401B44003FB07F96FEA0909002630460EE0AEF164
S21401B450370C63451DDD002E04DBB84202D833D11C
S21401B460CC4531DD4FF0FF3614F801EBAEF1300C70
S21401B470BCF1090FEDD9AEF1410CBCF1190FE6D9BB
S21401B480AEF1610CBCF1190F03D8AEF1570C634550
S21401B490E1DC731C1CD005B140420AB1F6B911605B
S21401B4A0BDE8F08733F0100094F800E0654606F139
S21401B4B00204C0D1BEF1300F17D06BBB0A234FF088
S21401B4C005091A4F9A46BFE700FB0AC00126CBE7DB
S21401B4D022233046C8F80030002AE1D0611EDEE79C
S21401B4E094F800E00125B41CA2E7207800F0DF0004
S21401B4F0582807D083B908234FF007096FF0604733
S21401B5009A46A1E7102394F801E04FF00F090234A0
S21401B5106FF070479A4697E710234FF00F096FF0C8
S21401B52070479A4690E700BFF571040099999919FA
S21401B5306AE700BF10B4044C13460A460146206869
S21401B5405DF8044B60E700BF4467002010B4044C6C
S21401B55013460A46014620685DF8044B54E700BFCF
S21401B560446700200F4B70B50F4DAB42A3EB0506A9
S21401B57007D0B6100024013455F8043B9847A6427C
S21401B580F9D80A4D1FF09CFA094B5E1BAB424FEAF5
S21401B590A60606D00024013455F8043B9847A64277
S21401B5A0F9D870BDD86A0020D86A0020D86A002071
S21401B5B0DC6A002070B5860747D0541E002A3ED0AC
S21401B5C0CAB2034601E0013C39D303F8012B9D07BB
S21401B5D0F9D1032C2CD9CDB20F2C05EB052505EBA3
S21401B5E0054535D9A4F1100C03F1100E1A462CF0BE
S21401B5F00F064FEA1C1CB644C2E90055C2E90255C3
S21401B60010327245F8D10CF1010214F00C0F04F05F
S21401B6100F0C03EB021213D0ACF1040323F0030367
S21401B6200433134442F8045B9342FBD10CF0030449
S21401B6302CB1C9B21C4403F8011BA342FBD170BD57
S21401B64064461346002CF4D1F9E703461446C0E7D6
S21401B6501A46A446E0E700BF88420ED98B188342FB
S21401B6600BD900EB020C002A6ED0624613F801CD0E
S21401B670994202F801CDF9D170470F2A0FD8034637
S21401B68002F1FF3C002A5FD00CF1010C013B8C4417
S21401B69011F8012B614503F8012FF9D1704740EAF3
S21401B6A001039B0751D1A2F1100301F1200C70B5E3
S21401B6B023F00F0501F1100E00F110041B09AC4434
S21401B6C05EF8105C0EF1100E103444F8205C5EF843
S21401B6D01C5C44F81C5C5EF8185C44F8185C5EF868
S21401B6E0145CE64544F8145CEAD1013312F00C0F01
S21401B6F002F00F0C01EB031100EB031329D0ACF1A0
S21401B700040C1C1F8E462CF003064FEA9C0C1E44AC
S21401B7105EF8045B44F8045FB442F9D10CF101040D
S21401B72002F0030203EB840301EB840102F1FF3C08
S21401B7304AB10CF1010C013B8C4411F8012B614517
S21401B74003F8012FF9D170BD704702F1FF3C0346A3
S21401B7509AE76246EAE700BF2DE9F04F82468E4639
S21401B7603F4875461EF801BB10F80B4014F008045C
S21401B770F7D1BBF12D0F5BD0BBF12B0F6FF000495A
S21401B78004BF9EF800B005F1020E33F0100010D190
S21401B790BBF1300F04D0002B5ED10A231F4609E00F
S21401B7A09EF8000000F0DF0058284ED0002B53D141
S21401B7B008231F460025B9FBF7F6284607FB16980F
S21401B7C00EE0ABF1370C63451DDD002D04DB864230
S21401B7D002D321D1E0451FDA4FF0FF351EF801BB39
S21401B7E0ABF1300CBCF1090FEDD9ABF1410CBCF15A
S21401B7F0190FE6D9ABF1610CBCF1190F03D8ABF107
S21401B800570C6345E1DC6B1C0AD004B140420AB117
S21401B810CDB91160BDE8F08F07FB00C00125DDE75B
S21401B8202223CAF800305AB10EF1FF314846F0E73C
S21401B8309EF800B04FF0004905F1020E0124A4E77E
S21401B8404846BDE8F08F8146EEE710239EF801B02A
S21401B8500EF1020E1F46ADE710231F46AAE700BFF2
S21401B860F5710400242B02D8012B00D074E710B523
S21401B87000F02EFA16230360002010BD10B5242A0E
S21401B880084C1346246807D8012A05D00A46014603
S21401B8902046BDE810405FE700F01AFA1623036061
S21401B8A0002010BD4467002010B5242A084C13461A
S21401B8B0246807D8012A05D00A4601462046BDE875
S21401B8C0104049E700F004FA16230360002010BD7B
S21401B8D044670020844641EA000313F0030349D17C
S21401B8E0403A23D30B6803604B6843608B688360E0
S21401B8F0CB68C3600B6903614B6943618B698361E4
S21401B900CB69C3610B6A03624B6A43628B6A8362CB
S21401B910CB6AC3620B6B03634B6B43638B6B8363B3
S21401B920CB6BC36340304031403ADBD230320BD36D
S21401B9300B6803604B6843608B688360CB68C360A9
S21401B94010301031103AF3D20C3205D351F8043BC3
S21401B95040F8043B043AF9D2043208D0D2071CBF9F
S21401B96011F8013B00F8013B01D30B8803806046C8
S21401B970704700BF082A13D38B07B1D010F003031A
S21401B980AED0C3F10403D21ADB071CBF11F8013B8A
S21401B99000F8013BA4D331F8023B20F8023B9FE7B5
S21401B9A0043AD9D3013A11F8013B00F8013BF9D228
S21401B9B00B7803704B7843708B78837060467047C2
S21401B9C0024B0146186816F04BBC00BF44670020C6
S21401B9D0024B0146186816F046BC00BF44670020BB
S21401B9E0CAB384460B4630B504460843800719D0CF
S21401B9F09CF800000C78A04212D150B3012A28D03E
S21401BA00E64603E01CEB030F23D010B31EF8010F2C
S21401BA1011F8014FA2EB0E03A04203F1FF33F1D060
S21401BA20001B30BD032A07D8E2E7043A11D01EF006
S21401BA30803F0ED1032A10D92068194653F8045BBB
S21401BA40A446A0F1013E0434A8422EEA000EECD032
S21401BA50CEE7002030BD10467047A4461946C7E71A
S21401BA6080EA010C1CF0030F37D110F0030C20F014
S21401BA70030021F0030150F8042B08BF51F8043BE2
S21401BA800ED08CF0030C6FF07F434FEACC0C23FAF8
S21401BA900CFC51F8043B42EA0C0243EA0C0300BFDB
S21401BAA0A2F1013C9A4201BF2CEA020C1CF0803F35
S21401BAB050F8042B51F8043BF2D04FEA02604FEAEB
S21401BAC01222012828BFB0EB036F08BF1B0AF4D06F
S21401BAD003F0FF03000EC01A704710F0030F0AD0E0
S21401BAE010F8012B11F8013B012A28BF9A42F4D025
S21401BAF0A2EB030070474DF8045D50F8042B01F0EB
S21401BB00030521F0030151F8043B022D26D04DD840
S21401BB1022F07F45B5EB132FA2F1013C2CEA020C73
S21401BB200DD11CF0803C08BF51F8043B0AD185EAD0
S21401BB300205B5EB036F0CD150F8042BE8E74FEA8A
S21401BB4013235BE03CF07F4C54D10B784FEA12652F
S21401BB5054E04FEA126503F0FF034FE04FEA024557
S21401BB60A2F1013C4FEA15452CEA020CB5EB134F46
S21401BB7018D11CF0803C08BF51F8043B07D185EA78
S21401BB800205B5EB034F09D150F8042BE6E75FEA4F
S21401BB900C4C2FD10B884FEA12452FE04FEA034396
S21401BBA04FEA12454FEA134328E000BF02F0FF05B3
S21401BBB0B5EB136FA2F1013C2CEA020C0DD11CF07F
S21401BBC0803C08BF51F8043B0AD185EA0205B5EB73
S21401BBD0032F0AD150F8042BE8E74FEA13630DE070
S21401BBE012F0FF0F06D051F8043B4FEA122523F05E
S21401BBF07F4303E04FF0000020BC704705F0FF02D2
S21401BC0003F0FF00012828BF904204BF2D0A1B0A3B
S21401BC10F4D0A2EB000020BC704700BF08B5064B6D
S21401BC20044613B1002100F0AFF8044B1B6803B1C2
S21401BC309847204614F04DFD89BD0100185000209C
S21401BC40002301461A46184600F048B8032A30B4C5
S21401BC5015D941EA000484460B46A40704D0541EB5
S21401BC600FE0043A032A08D91946604653F8044BF4
S21401BC705CF8045BA542F4D0F1E760461946541E11
S21401BC807AB1431E0139021901E09A4209D013F82C
S21401BC90010F11F801CF6045F7D0A0EB0C0030BCC6
S21401BCA07047002030BC704738B5074D074C2C1B39
S21401BCB0A41005D0013C55F8043D9847002CF9D155
S21401BCC0BDE838401EF002BFE06A0020DC6A0020B2
S21401BCD0014B1868704700BF44670020F0B5264C3A
S21401BCE083B006460F46256805B36C681F2C3FDCFB
S21401BCF0A6B1D5F8880048B3D0F800114FF0010C72
S21401BD0040F82420022E00EB84020CFA04FC4CEAD4
S21401BD100101C0F80011C2F8803010D0631C002069
S21401BD2002346B6045F8247003B0F0BD1349144823
S21401BD30216010B10068C1F88800104DD5E7D0F831
S21401BD40043143EA0C03C0F80431E7E70D49CDE9B5
S21401BD50002369B14FF48470FFF732FE40B1002131
S21401BD606C68C0E94011DDE90023C5F88800C5E725
S21401BD704FF0FF30D8E700BFA85000201C5000202D
S21401BD8000000000C1B901002DE9F04FDFF8B490C2
S21401BD9083B0D9F8006096B3884601907568D6F8E6
S21401BDA088706C1E2BD4013507F1800B06EB8505D8
S21401BDB0B8F1000F26D173682A68013BA3423BD035
S21401BDC000232B60BAB1D6F804A05FB30123D7F8DD
S21401BDD00011A3400B4225D0D7F8040157F82410D0
S21401BDE003422BD1019890477368D9F80020534538
S21401BDF01ED1B2421CD1013C043D631CD8D103B014
S21401BE00BDE8F08F4FB15BF824304345D3D0013CF9
S21401BE10043D621CF3D0002FF5D1013CEFD3013C69
S21401BE20FBD2ECE790477368D9F800205345E0D081
S21401BE30002AE4D01646B1E77460C3E70846904787
S21401BE40D2E700BFA8500020431E033306D8044B98
S21401BE50984228BF1846642838BF6420704700BF40
S21401BE6040420F0038B5194B05461B680C4603B116
S21401BE70984744B1236833B11B68013303D0E368A4
S21401BE800BB1A3684BB91AF0E2F800204FF4C17267
S21401BE90412100F0FFF9212038BD204602F04AFC7E
S21401BEA000230B4A85F83C31C5E93743C2E9003324
S21401BEB063694BB1074A422110684FF4D272C31A24
S21401BEC05842584100F0E6F90020E5E718530020F3
S21401BED0B86300207C530020F8B504461EF0E5FA4E
S21401BEE0002607460E4B1B6893B19E68AEB196F8C6
S21401BEF02420D20711D435460FCC0FC50FCC0FC561
S21401BF0023682B6096F8243043F0010386F824302A
S21401BF1038461EF0C5FA3046F8BD1B68E4E700BF98
S21401BF209867002010B5044618B9054B054A1360FA
S21401BF3010BD00F0D9FCD4F8E830002BF6D1F4E7B8
S21401BF40F957030094670020014B1868704700BF3B
S21401BF50B863002008B502460868FFF775FF086059
S21401BF604868FFF771FF48608868FFF76DFF8860D3
S21401BF70C868FFF769FF0B69C860581C03D00B48F7
S21401BF80834228BF03460B614B69581C03D0074800
S21401BF90834228BF034688694B61FFF755FFBDE81A
S21401BFA008408861104601F07BBC00BF40420F008C
S21401BFB0D0F8E0302DE9F04105460C4613B1C38DAB
S21401BFC08B424CD0D5F8DC30002B4BD09E68002E2F
S21401BFD048D0D868002845D0013800B200281ADBBE
S21401BFE0002106E0128A591CA24217D209B28842E1
S21401BFF011DB0B1803EBD3735B1003EBC30206EBE9
S21401C0008202B2F80EC003F1FF3EA445EAD90FFA48
S21401C0108EF08842EDDA2120BDE8F0814FF6FF72FE
S21401C02099B29142F7D09BB203EBC30306EB8306AA
S21401C0302846B6F9122095F83011D5F8F080EEF7BB
S21401C04009FE0746B8F1000F04D000233246284601
S21401C0501946C047EC85C5F8E06085F839710020BF
S21401C060BDE8F0810E20BDE8F08100BF2DE9F04764
S21401C07082B004460F46164601F086FE002863D1BC
S21401C0804F4D2B68D4F8DCA0D4F8E0800BB15345B3
S21401C09076D04FF00009AF6001F09EFE01280746FA
S21401C0A065D1204619F012FF002851D12B68DAF825
S21401C0B00010D8F8002013B1186888426BD02046CB
S21401C0C019F0B6FEC5E900A8D4F8F0508DF807605F
S21401C0D0002D67D00022204611460DF10703A84720
S21401C0E0204600F0EDFF0546B9F1000F0FD076B9F6
S21401C0F0D4F88C300BBB012F05D025B1314B002174
S21401C10003205B689847284602B0BDE8F087B5FA79
S21401C11085F040F207523321400900F0BBF8314662
S21401C120204601F00BFA284B05461B68414620467F
S21401C1309847D4F88C30002BDDD000224FF40073E2
S21401C140204600F0E1FBD6E700231D4D6B6098E723
S21401C15094F82530DA07A9D5D4F894305B05A5D52F
S21401C1601A4B0122002120461B6898479EE70021B2
S21401C170012000F001FC01F02FFE0128FBD190E721
S21401C1806B68002B85D0434583D1AB689F4215D0A1
S21401C1904FF001097FE7696811B10968914291D0B2
S21401C1A059688CE794F82A1094F839313246994246
S21401C1B028BF1946204600F0D1FE91E70025A2E7E8
S21401C1C0B8630020A0670020946700201C5300205D
S21401C1D0F8B50F4605461EF068F939460646284664
S21401C1E0FFF7E6FE044620B130461EF059F9204618
S21401C1F0F8BD01F0A7FD224639462846FFF736FF6F
S21401C20004460028F0D1284619F060FE0028EBD03D
S21401C21095F8253013F001030DD0D5F8942052057A
S21401C2200DD5B5F82A21BA4205D0B5F82C31DB1B5D
S21401C230B3FA83F35B09034A82F8C430D4E7234692
S21401C240F9E700BF001E00B013B50446694619F0B1
S21401C25001FC204619F045FDFF28024606D020467F
S21401C2609DF80010EEF774FD02B010BD0048FBE724
S21401C2700080FFFF38B5044D044C054B2860216053
S21401C2801A601DF00DFE38BDAC5200209C670020E0
S21401C290B052002010B550B90548064B016006485B
S21401C2A002601868054B18601868FFF7E3FF10BDB9
S21401C2B09C67002008540020B0520020AC52002099
S21401C2C02DE9F0418AB001AC05460B462746194ACE
S21401C2D002F1200C264610685168083203C66245F2
S21401C2E03446F7D1002B08BF3B46002710681C4692
S21401C2F03060384603F10C0690B95FFA87F842467B
S21401C3002846218819F0E5FD50B942462846E188BD
S21401C31019F0F0FD20B942463146284619F0FCFDD9
S21401C3200137032F06F1080604F10204E4D10AB02E
S21401C330BDE8F08118730400F0B589B005460E46D5
S21401C34019F0F9FD044600BB01AC06F10C070FCF4E
S21401C3500FC497E8070084E8070001A92846FFF7FD
S21401C360F9FD2846311D19F0C0FF044648B9284694
S21401C370074901F057FA044618B9284601F0C6FDE8
S21401C380044628463168FFF79BFF204609B0F0BDFA
S21401C39010730400014919F0B0BB00BFDDDE0100D7
S21401C3A070B5164E032804460D4633781ED023FA80
S21401C3B004F202F00102AA421DD053B10122A240AA
S21401C3C0A54023EA02032B43DBB233704BB10120B5
S21401C3D070BD2DB10A4B01201B6898473378EDE7F5
S21401C3E03570074B00201B689847F0E79A07DED0A8
S21401C3F003F0FC03E9E7002070BD00BF08610020E0
S21401C400F052002038B504460D4605F077FD60B1C0
S21401C41001F0C6FC48B9012D07D8012019F036FDF8
S21401C4200D4B1B6823B15B6898470C4B1C7038BDDD
S21401C4301EF095F90A4B1A68801A18601CF0AAFEBD
S21401C4404FF47A72074B1B6802FB003019F053FB5E
S21401C450012001F0ADFCE8E714530020A96A002092
S21401C460E8520020EC520020F8B505460C461EF0B6
S21401C4701CF8104F06463B7833B1012D04D01CB989
S21401C4800D481CF0D9FD3C7021462846FFF788FF71
S21401C4900A4B04461B783BB93B782BB919F0EAFCEA
S21401C4A010B1074B1B68984730461DF0F9FF204630
S21401C4B0F8BD00BF09610020C452002008610020B9
S21401C4C0A0670020054A0B46117831B10021117092
S21401C4D0034A012152681878104770470961002005
S21401C4E0A0670020124B0239012910B518701ED81A
S21401C4F005F004FDD8B101F053FCC0B101F034FAE7
S21401C500A8B90C4B1C6834B123689847BDE81040A5
S21401C510002019F0BBBC19F0ECFA074B18601EF0AE
S21401C5201EF9064B1860204601F042FCEEE710BDEE
S21401C530A96A002014530020EC520020E852002083
S21401C54038B5044680B11DF0B0FF01210446084607
S21401C5501CF016FA01210B4A084615F055FF204635
S21401C560BDE838401DF09CBF1DF09FFF05462146E3
S21401C57001201CF005FA01202146024A15F044FF6D
S21401C5802846EDE7D9480400F0B585B01DF08DFFCB
S21401C590344D04462B7823B133481CF04DFD00285A
S21401C5A052D11CF0D3FD02AA03A919F04DFC034693
S21401C5B0002838D019F05CFC029B98421CD1002060
S21401C5C02A4B03991B682A4E9942307020D90027BE
S21401C5D0C91A012324482B70264A3346CDE9007731
S21401C5E01EF099F8002837D1234A1378D90701D5C8
S21401C5F03178F9B1204611E019F038FC029B9842D7
S21401C60028D0002318461949194A0968137003915E
S21401C6100121FFF7C5FE002320462B701DF040FFC9
S21401C620002005B0F0BD20462B701DF039FF2120FB
S21401C63005B0F0BD03F0FE031370002BDAD10F4BEB
S21401C6401B6898472046E9E720461DF029FF0E2083
S21401C65005B0F0BD0220B3E7032320462F703370E8
S21401C660F3E700BF09610020C4520020E452002015
S21401C670A86A0020C5C4010008610020F05200200D
S21401C68038B51DF012FF0F4D04462B789BB90E4AA4
S21401C6900E4913700E4B0F4A0F481A600F4A5A6024
S21401C6A0EFF782FF0E490F48EFF77EFF0E4B0F4A5A
S21401C6B01A6001232B70F0F781F820461DF0F0FE7A
S21401C6C0002038BD0A610020096100203C73040087
S21401C6D0A067002089C50100B452002069C401008A
S21401C6E044730400BC520020F052002041C50100F2
S21401C6F02DE9F0438F7880460F2F0C4685B003D97D
S21401C700212005B0BDE8F08327B90123374A002070
S21401C7101370F6E70D784E78EDB9002EF0D194F946
S21401C7200310E08803F00AF82128E9D055EA060349
S21401C730A088DFF8C89013D003F064F84FF604031E
S21401C740B9F8002001469A424BD1AE42334638BF73
S21401C7502B4600262DE0082DD2D8082ED0D8DEE7AD
S21401C76003F050F84FF6040501464FF60500204A3F
S21401C770136E9BB2AB4208BF0346B1F5803FA9F8E2
S21401C78000300FD902230825136680230126C2F83C
S21401C79080302B4649084FF6FF720139914228BF77
S21401C7A0114608E08023012608251666C2F8803067
S21401C7B02B460029EFD1002202920122013FFFB24F
S21401C7C0009201972A4608F1F80002F0B7FE1EB162
S21401C7D04FF48012074B5A65074BA2681A60022372
S21401C7E094E703480266A9F80030AEE70B61002023
S21401C7F000C001B800D001B8FC520020306A002009
S21401C80010B50446D0F818210B4B4FF40061C3F85D
S21401C810A82090F82420D20102F4006205F0D2FA92
S21401C82094F8243013F0100F4FF4007314BF034A2A
S21401C830034A136710BD00BF001E00B0001002B807
S21401C840002002B8431C07D06FF0FF02034B1040D4
S21401C8501A62A3F580531862704700BF00E000B863
S21401C860F8B504460F4616461DF01FFE0546A047BE
S21401C870044620B128461DF013FE2046F8BD04F0FC
S21401C8807FFC04220549D1F8D83E23EA0703334347
S21401C890C1F8D83E024B1A67ECE700BF001000B0A3
S21401C8A0002002B800F01803182B0AD003070AD498
S21401C8B040F2011310F0100018BF1846034B18651C
S21401C8C070470020FAE70120F8E700BF001F00B01C
S21401C8D0044B1868830654BFC0F30F204FF6FF7051
S21401C8E0704700BFE453002038B10368044A002BA8
S21401C8F008BF1346034A13607047014BFAE700BFAF
S21401C900415B0300AC67002010B4D0E954412240DB
S21401C9100B4052EA030104D003495DF8044B096851
S21401C92008475DF8044B7047AC6700200F2938B5FF
S21401C93005460C460ED801F04FFA01280CD1074ADD
S21401C9402846D36B23F00F032343D36319F002FB6E
S21401C950002038BD2120FCE70220FAE7001F00B0C6
S21401C960014B186C704700BF001F00B0014B002040
S21401C97019647047001F00B003282DE9F347884665
S21401C98055D82C4B13F800902B4B1E5C2B4B13F8F1
S21401C99000A01DF08AFD074604F03EFB054640B1A7
S21401C9A000230022CDE9003301200023002104F0FA
S21401C9B079F904F039FB48B100230022CDE90033B0
S21401C9C0002000234FF4004104F06CF96EB31C4BB9
S21401C9D0DC6C04F008041B4B3146DC64484604F06A
S21401C9E02DFC52463146484604F092FC164BDC6458
S21401C9F06DB1164B1868D0F89410F83003F06EFA43
S21401CA0013490868FFF71EFF4FF0FF330B60B8F1BC
S21401CA10000F04D00F4B002103205B68984738466F
S21401CA2002B0BDE8F0471DF03BBD3446D3E702B087
S21401CA30BDE8F08754730400507304004C7304007F
S21401CA40004000B8006000B8005000B8085400204C
S21401CA50A8670020A06700200F4A136F13F0A00FED
S21401CA6015D1506F10F0040013D10C4BD3F8D83EFB
S21401CA7023F07F4323F0FF035BB1D368C3F3036264
S21401CA80092A07D0B2F10C0018BF01207047002018
S21401CA9070470120704700BF000002B8001000B0C8
S21401CAA070B50D46064620B91A4B1B68A3B10E2079
S21401CAB011E001F091F9012829D1174B93F90040B3
S21401CAC0C4F11C04641BC4F11C03002BB8BF5B42F9
S21401CAD0232B0CDD212070BD81EAE173A3EBE1730A
S21401CAE0DBB2232BF6D80C4B19700020F3E786F83F
S21401CAF028501DF0DAFC094AE402D36904F4FF2445
S21401CB0023F4FF231C43D4611DF0CAFCEDE7022089
S21401CB10E1E700BF085400200C61002000C000B807
S21401CB2018B9034B93F90000704790F92800704735
S21401CB300C61002010B5044619F0C8F910B10120A7
S21401CB4001F0D4F92046FFF75BFE1DF0AEFC0A4A61
S21401CB500121D2F8A030044623F02003C2F8A03009
S21401CB600222064B08469A60054B5B6898472046AA
S21401CB701DF096FC002010BD001E00B0001002B88B
S21401CB80A0670020064B5A6A920207D4D3F8803079
S21401CB9013F4706F14BF0120002070470120704706
S21401CBA0004001B8F8B50E46D0F8943002EA010408
S21401CBB023EA01032343C0F89430464A01F00B03ED
S21401CBC023EA0401D1642340A2F58052D36472079C
S21401CBD0054610D50121FFF7D5FF60B104F0D0FA64
S21401CBE04FF4007314F0040F14BF3B4A3B4A5362E0
S21401CBF004223B4B1A67F30606D514F0100F14BF38
S21401CC0000221B22374B5A6537061DD5200616D53E
S21401CC104FF40012304B1A62012203F58053C3F819
S21401CC2000211DF042FC0E210746032003F09EF86A
S21401CC3040F201222B4B3846DA621DF031FC2146C8
S21401CC4005F1F80003F04AF9F10503D5E2052AD506
S21401CC5003F05CF8B30503D5A70527D503F062F802
S21401CC6016F48C6F1DD014F4806224D095F825300C
S21401CC70DC070CD5EA8DB5F82A31934219D0B5F800
S21401CC802C31981A43424341174A82F8C430D5F8EA
S21401CC90E410284618F055FF8022144BD864144B34
S21401CCA01A610020F8BD03F02BF8D3E703F034F83F
S21401CCB0D6E70123E8E77105E9D595F82530DB07C6
S21401CCC0E5D5094B114683F8C4200A4B28461B6854
S21401CCD09847DCE7006000B8005001B8006001B872
S21401CCE0002002B8004000B8001E00B0001F00B0CF
S21401CCF0000002B81C530020014B1868704700BFA3
S21401CD000853002037B51DF0D0FB00240123002274
S21401CD10CDE90034002305461946104603F0C2FF4C
S21401CD20022002F0E7FA064B21461C60054B022062
S21401CD305B68984728461DF0B3FB204603B030BD1C
S21401CD4010530020A06700202DE9FF4102290D465F
S21401CD5016469846039004D1FFF7D4FF04B0BDE809
S21401CD60F0811DF0A2FB1E4F04463B683BB1B34267
S21401CD7005D01DF095FB002321203B60EEE7194B03
S21401CD800022C3F800803E60002301264FF0000811
S21401CD9010461946CDE9006603F084FF124B0220C7
S21401CDA083F8008002F0A6FA43462A46022003A929
S21401CDB002F0BEFA0D4B039A1A6008B92046D8E76E
S21401CDC00B4D2B689847212804D020461DF068FBA0
S21401CDD00020C3E731466B6802209847F5E700BF9D
S21401CDE0105300200C5300200E6100200853002031
S21401CDF0A0670020044B5B6E5B054EBF0120034B12
S21401CE00187800F00100704700C001B80E610020DC
S21401CE100A78022A11D0101F4242424152004B7832
S21401CE201201022B0BD0191F4B424B415B000549E7
S21401CE30054842EA8312FFF713BD0122EFE70123FB
S21401CE40F5E700BFF0FFFF0021DE01000B78022BA3
S21401CE5010D0181F434243415B004A78022A0BD088
S21401CE60111F4A424A4152000F21044843EA8202F6
S21401CE70FFF7F6BC0123F0E70122F5E74DDE0100DE
S21401CE802DE9F8430E780446042E0D4690F83081BD
S21401CE900BD100275FFA87F9484601F07DFD08B1FE
S21401CEA04E4602E00137042FF4D1304601F074FDFE
S21401CEB0002849D094F83031B34209D1AA88D4F871
S21401CEC0A8309A4204D16A88B4F832319A4238D0EE
S21401CED084F83061AB883046A4F834316B88A4F806
S21401CEE03231AB8804F59875C4F8A830FF2384F86E
S21401CEF02B3019F0E0F884F82A00284601F078FC77
S21401CF0018BB284601F03EFDF8B9D4F8E03053B11D
S21401CF1094F83011414506D02046B3F91220EDF7BA
S21401CF2099FE84F83901204601F09AFE0949A4F8D1
S21401CF3034010123084AD1F8FC1004F1F80003F08B
S21401CF40AFFC0020BDE8F88321200C2384F83031A3
S21401CF50F8E700BF001F00B0581F00B0F8B505463F
S21401CF6090F830010C460C28164623D0FF2923D012
S21401CF701AB14FF0FF32114B1A6019F09CF80746B0
S21401CF8095F8300101F068FD844228BF0446E4B2FA
S21401CF90BC4238BF3C46E0B285F82B0001F002FEE9
S21401CFA0FF280CBF2124002416B9284601F068FD8D
S21401CFB02046F8BD0224FBE72124F9E7B0670020EC
S21401CFC010B590F8303104460C2B43D0D0F8E03041
S21401CFD080F82A10D3B3D0F8F020CAB990F83931C6
S21401CFE08B421BD300222046FFF7B8FF40BB1A4BEB
S21401CFF01B78022B23D8204601F032FE1749012365
S21401D000174AD1F8FC1004F1F80003F049FC16E0C9
S21401D010B0F94220B3F912309A42E3DD00222046ED
S21401D02094F83911FFF79AFF50B9C4F8E00020468A
S21401D03018F08AFC4FF6FF739842014601D1002092
S21401D04010BD2046BDE81040FFF7C2B8FF2380F8A8
S21401D0502B30F4E70220F3E7346A0020001F00B00B
S21401D060581F00B0F0B51D46144B04461B780F46FA
S21401D070164685B05BB1D0F8E030E3B102AAB3F949
S21401D08012300092002214F021F905B0F0BD02A979
S21401D09018F0E0FC9DF808103A462046EDF7DAFD58
S21401D0A0014626B92A462046FFF758FFEDE72046F7
S21401D0B0FFF786FFE9E71846E7E700BF9E4A040048
S21401D0C0D0F89C30012B01D10020704770B5044682
S21401D0D065498CB019F024F8D4F8E0600146E58D76
S21401D0E0C4F8E40026B1336813B15B68002B71D134
S21401D0F01DF0DBF91DF0D4F90123D4F8E4108DF806
S21401D1000630B389D6E90120EB1A9BB200FB032255
S21401D1105648ADF80430036800928B4207D020468B
S21401D12018F00FFD80225249524BC8641A61514DC6
S21401D13000F052FE0128FBD1AB689E06F8D42046CB
S21401D1409DF80620009906AB03F0E6F800283ED1CC
S21401D15000F042FE0128FBD1464A136FD801FCD4E9
S21401D16093689906F9D4684606A903F08DFA054630
S21401D17068BBE28D404B5A6494F8243060F3410357
S21401D18084F8243000F0EEFFD4F8E0305969431EED
S21401D1900E68DBB2FD2B029622D9F31C34D84B68FD
S21401D1A0FF2803935ED10126DA1C25D8024602A980
S21401D1B0204618F0DEFEE6B9D4F8543199053FD47E
S21401D1C094F8243043F0020384F8243011E002205E
S21401D1D00CB070BD1A68032A8AD99B6A5B0E8EE76B
S21401D1E04B6801280393DED00246204602A918F0B8
S21401D1F0C0FE00200CB070BD0133204B5B6816D01A
S21401D200DA1C23D80393D1E71C4B01361B6818BFE1
S21401D2100126DD1C06D802934B68FF280393C3D072
S21401D2200020C3E7FF284B6819D00393C3E7DD1C32
S21401D2300FD80246204602A9039318F09AFEBBE7D0
S21401D24020464FF4803119F01CF8D2E7FF28B2D1FE
S21401D250E6E7FF28B0D10022204602A9EDE701202B
S21401D2600393A1E72A46C0E7FC1F00B0F85200204E
S21401D270001F00B0000002B8008001B8B8670020A7
S21401D28010B50C4619B118F021FE00B10434204641
S21401D29002F0B8FA024B4042C3F8C80E002010BD97
S21401D2A0001000B0838E70B593420C4615461CD311
S21401D2B0836C8B4208BF00241DF0F7F84FF49C5393
S21401D2C00B490646CA68C2F30362D340DA0702D5A1
S21401D2D00B6F9B0304D401222946204601F016F861
S21401D2E030461DF0DDF8002070BD2120FCE700BFB0
S21401D2F0000002B82DE9F84F064615460B4611B94F
S21401D3002120BDE8F88F002AFAD0032905D800228B
S21401D31001F05EF903460028F2D01C889978B4F52E
S21401D320804F01F0070080F0C580A0F1070C1A7944
S21401D33093F805A0DF88DCF1000343EB0C03052816
S21401D3402B7394BF0023C1F30013C1F3801C6B73CE
S21401D3508B0985F810C003F00203C1F3C00C43EA41
S21401D3600C03C1F340116B74A974AF82002A40F01C
S21401D370828096F81E31013BDBB2EB74D6F894300E
S21401D380DF0600F18380063801287FD8B6F81280C0
S21401D390F76908F1FF38484B083C04EA08045B6D5E
S21401D3A03B5D0134802B0EBF6FF07F03323B5BB2D7
S21401D3B0AB730023AB6096F8279004EA0804B9F132
S21401D3C0000F61D1631D03EA08035A1C02EA080232
S21401D3D0BA5CFB5C43EA0223D9040FFA83FB4CD503
S21401D3E0D6F8E43013B11B68022B05D841F24D7212
S21401D3F04C210020FEF74EFFD6F8E420CBF30B03BA
S21401D40092F82420DB000AB1B3FBF2F39A4508D860
S21401D4103BB1CAEB0A2ABAFBF3FA6FEA0A0A5FFAC9
S21401D4208AF9D6F8EC3023B1484695F90E1098479C
S21401D4308146631C85F80F9003EA0803F95C013303
S21401D44003EA0803FA5C013303EA080341EA02210E
S21401D450FA5C013303EA0803F85C41EA024100235F
S21401D46041EA00616A7C304603F0D8FA0623286058
S21401D470AB71002045E7531E7EE717F804904FEA8C
S21401D48049095FFA89F9CCE79946D2E700230020DB
S21401D490EB730A4B5A69C2F30723120448BF63F0C1
S21401D4A0FF035AB212F1800F1CBF323B5AB2AA7365
S21401D4B00346DCE7022024E7004000B800C000B8BD
S21401D4C038B5148811F003054FEAC40422D13F2C65
S21401D4D020D9B4FA84F4C4F11903DBB2052B01D8C0
S21401D4E0192C15D0052B28BF052301240633DBB2E2
S21401D4F09C40C4F3CF03138003828161448700F00C
S21401D5002DFF054A631E2343C2F8A430284638BDC2
S21401D5102B46EAE72125F9E7001E00B011F5004F7A
S21401D5201FBF01F30E01044BC1F30E01002014BF0F
S21401D53099642120704700BF008001B8F8B5044601
S21401D5400E4619B990F824305A063FD44FF6FF73A9
S21401D550618ED4F8E470994204D0314B1B680BB14C
S21401D560204698472F4D2B68BB424DD02E4B1B684B
S21401D5703BB11FB13A68002A48D0BF6839462046F9
S21401D58098470727204601F06BFB002E32D006276E
S21401D5900126264B94F9282093F900302449C3F13B
S21401D5A01C039B1ACA69DB0222F4FF2203F4FF2341
S21401D5B01343CB61D4F8E4301E4A2B601E4B9767A9
S21401D5C020461E7018F0C6FC0020F8BD4FF6FF710D
S21401D5D0144DD0F8E4702A6866F3861397424186A4
S21401D5E080F8243017D0104B1B68002BC1D101F0F6
S21401D5F037FB072711493B46114AD1F8FC1004F1C5
S21401D600F80003F04DF9C2E70127BBE717462046AD
S21401D61039469847B5E701F023FB0127EAE700BF43
S21401D62004530020F8520020005300200C61002013
S21401D63000C000B8006000B80D610020001F00B0F7
S21401D640581F00B0054A12681AB190F81E1119B990
S21401D6501047084602F0AABB01487047F452002062
S21401D66000FEFFFF344B2DE9F7431C6801F40079F7
S21401D67000F00103174653EA090206460D4635D067
S21401D6804FF000083BB30023002200210120CDE922
S21401D690008803F007FB042001F02CFE41462046DB
S21401D6A0FFF7D0FF012241462086104618F0FEF80B
S21401D6B0D4F8941004F1F80002F010FC1F49086831
S21401D6C0FFF7C0F84FF0FF330B6094F8243043F0B7
S21401D6D0040384F82430B9F1000F07D00121204655
S21401D6E018F0CFFD25F4007506430D432B46324650
S21401D6F02046FFF709F9FB070FD51149114A0868BB
S21401D70000211368116001210F4A117003B1984777
S21401D7100E4B002102205B68984717F00E0F08D0C9
S21401D7204FF409723B21002003B0BDE8F043FEF739
S21401D730B1BD03B0BDE8F08308540020A8670020FF
S21401D7400C530020105300200E610020A06700201B
S21401D75008B5482200210248FDF72CFF002008BD2D
S21401D760DC1E00B073B578216422A0F81411822162
S21401D7700C23C0E94112C0E94322C0F80021072268
S21401D7804FF0FF35002680F830314FF6FF73044620
S21401D790C28700F14C0282641E4AC385A0F840305D
S21401D7A080F82C3043864263038780F82860C0F8EF
S21401D7B0A850458580F8265003F03EFC2046FFF72A
S21401D7C0C7FF94F928102046FFF76AF9602340F650
S21401D7D0FF71114A2046D36402F11C42D162D16521
S21401D7E00E4A2946D36440220D4B1A67D4F894207A
S21401D7F0FFF7D8F90E230022CDE9003340F20223C9
S21401D8001046194603F04EFA01F0E2F8304602B02F
S21401D81070BD00BF4000FFFF004000B8005000B8D8
S21401D820002002B810B50C46FFF792FFBCB1A378F2
S21401D830082B16D8E278082A13D843EA021313F005
S21401D840FF030CBF19466168074AC2F8DC1021784D
S21401D85082F82011617882F8233182F821110020A4
S21401D86010BD2120FCE700BF001E00B0012A10B544
S21401D87012D8032B10D803EB82020123074C9340E6
S21401D88094F82201DBB221B10343002084F822314F
S21401D89010BD20EA0303F8E72120F9E7001E00B0D7
S21401D8A0034670B50C68B0F83421013408BFD3F8CC
S21401D8B000418D6808BF0C604C68F830013404BF25
S21401D8C0D3F80C414C606E1C3CD1D3F80841CE68AD
S21401D8D08C60751C3CD1D3F804510E69CD600136BD
S21401D8E004BFD3F8F8600E614E69013604BFD3F861
S21401D8F0FC604E618E69013604BFD3F810618E61FB
S21401D9008E695EB35A32B24238BF32460E688A61B9
S21401D91016B15A2E38BF5A26C3F808414C68C3E9D7
S21401D9204065C3E943420A69C3F8F8204A690C49CD
S21401D930C3F8FC20D1F8FC1007230A4A02F0B0FF16
S21401D940002070BD02F15A04AC4238BF2C46BEE737
S21401D95002F17805B54238BF3546BEE76422D5E701
S21401D960001F00B0581F00B070B51CF09EFD0446A5
S21401D9700B4E00F031FA012805D020461CF090FD30
S21401D9800225284670BDF36813F0706FC3F3036574
S21401D990EFD1B36ADB06ECD520461CF081FDF0E73B
S21401D9A0000002B838B51CF080FD4FF6FF710A4A38
S21401D9B013888B4203D11CF073FD0E2038BD074C33
S21401D9C0074D1B046566A4F58054636611801CF040
S21401D9D067FD0020F2E700BF326A0020006001B850
S21401D9E00000FFFF2DE9F74304460F4615461E4685
S21401D9F0FFF732F830B3A38A23B3204618F06CF849
S21401DA0078B9002E40F0F280794BD3F8D83E03F077
S21401DA103002102A00F0EA8003F0C003402B00F029
S21401DA20E580DFF80082D8F81430D90740F1DE80AF
S21401DA301CF03BFD0646032001F058FD30B1304690
S21401DA401CF02EFD022003B0BDE8F083D8F81420A8
S21401DA5012F00608F3D130461CF022FD644B4FF459
S21401DA6000612046D3F8D89ED3F8AC6E04F0BEF918
S21401DA7040B14FF4007201215E4B08461A674246D8
S21401DA8017F014FF94F82530DA0707D5D4F8943048
S21401DA905B0542BF4FF40022574B1A6739462046B2
S21401DAA0FEF796FB524BC3F8D89EC3F8AC6E00281F
S21401DAB0C9D194F82430980601D4002D57D0C5F367
S21401DAC0400003F023FB022315F4807F1BBF0021D7
S21401DAD0494A484A136717BF484A13675161136397
S21401DAE003F04EFB4FF4806315F0040F14BF444A55
S21401DAF0444A15F0400F53624FF004023D4B28464E
S21401DB001A674FF0400314BF3F4A404AC2F88830B4
S21401DB10FEF7C8FE204618F009F938B14FF48073B5
S21401DB2015F0010F14BF344A324A1367A90647D5C8
S21401DB304FF6FF72B4F8403093420FD0344A35495D
S21401DB40526E100CC2F301120132B3FBF2F30880DD
S21401DB502B4A2C4930481B0448665366003D18BFC3
S21401DB60012594F8243065F3451384F824302046C3
S21401DB7018F0ACF9F0B1204618F0D8F8D0B14FF44F
S21401DB800031204604F032F9431C03229BB223489D
S21401DB9001A918F053FA9DF8042002F00703052B9B
S21401DBA09DF8053015D112070DD443F480731C4A35
S21401DBB0C2F8B830002003B0BDE8F04318F04BBA05
S21401DBC0FFF7F0FECAE713F0040F09D19DF80630FF
S21401DBD0EBE703F03002202A05D113F0010FF4E73A
S21401DBE04FF48073E3E79DF80630E0E70E202AE75E
S21401DBF0001000B0002002B8001002B80040005427
S21401DC00005001B8006001B800D000B800E000B8CC
S21401DC10004001B8326A00200000FFFF08400054AF
S21401DC20001E00B000C001B82DE9F3410646884643
S21401DC3015461F461CF039FC0446032001F056FC2D
S21401DC4038B120461CF02CFC0E24204602B0BDE85C
S21401DC50F081042001F04AFC0028F2D120461CF095
S21401DC601FFC01232A4641463046FFF7BBFE044609
S21401DC700028EAD1DFF8C8805FB388F8000039468B
S21401DC803046FEF735FD00284CD198F80030012BC0
S21401DC901CD02022244B1A67244BDB6CB3F5817F02
S21401DCA01FD2012018F018FA1CF0FFFB204B064685
S21401DCB01B680193CBB901F093FC15F0800526D1C2
S21401DCC001F0E0FC284603F0F5F925E003F008FA38
S21401DCD0BBE798F80030012BF8D0002BD9D12124CE
S21401DCE0B3E78022134B1A61DBE7042001F002FB45
S21401DCF000230122042001A901F01AFB0028DAD131
S21401DD0003F056FA212430461CF0CAFB9DE7002298
S21401DD10094B9A6701F0B6FC084B01215B680020AD
S21401DD209847F0E7044690E7001002B8001F00B0DD
S21401DD30FC520020000002B800C001B8A067002015
S21401DD400B61002008B50C4BD3F84C114B1C12D0BC
S21401DD5011F080410FD1094B1B6813B10320FEF768
S21401DD600BFE4FF080624FF40071054BDA67054AEF
S21401DD70D16201225A6108BD0080E00F08540020DC
S21401DD80001002B8004000B84FF40022034B186F91
S21401DD9003F500531A67C0F3C0407047000002B88D
S21401DDA0024B586900F00100704700BF00C001B87F
S21401DDB0084B5A69D10707D508B901F077BA5B69EC
S21401DDC0DA0706D401F064BA5B69DB0701D40028E0
S21401DDD0F8D1704700C001B80F4BDB68C3F303638B
S21401DDE0013B0B2B0FD8DFE803F006060C060606F0
S21401DDF006080A0808080220704704207047052014
S21401DE00704703207047054B5B6913F0060F0CBF84
S21401DE1001200420704700BF000002B800C001B80E
S21401DE20094AD368C3F303630B2B08D06FF49050F1
S21401DE30184100F0010080F0010040007047106FAB
S21401DE4010F48030EDD17047000002B80C4AD36858
S21401DE50C3F30363062B07D8042BD8B20BD8C31E13
S21401DE605842584140007047072B06D1D2F830017E
S21401DE700028ECD17047022070470020704700BF91
S21401DE80000002B8094BDB68C3F303639A1E012A3C
S21401DE908CBF00220122012B02701EBF4FF40262CA
S21401DEA022FA03F303F001030B707047000002B877
S21401DEB0094AD368C3F30363032B01D0072B08D1A8
S21401DEC0536FDB0605D4906F80F00800C0F3C000E6
S21401DED070470020704700BF000002B8024B0022C6
S21401DEE0196817F0D4BF00BFB8730400024B1B6853
S21401DEF003B11847704700BF28530020024B1B6828
S21401DF0003B11847704700BF2453002010B5FF2205
S21401DF104FF6FF71044617F0DCFF68B9FF224FF693
S21401DF20FF71204617F0E6FF30B92046BDE81040E5
S21401DF30FF22024917F0F0BF10BD00BF5C7304005A
S21401DF402DE9F0411C46184B05461E680F469046C3
S21401DF5046B1306801F01CFEF3681BB1B36818685F
S21401DF6001F016FE114B1B682BB1DA681AB19B68DB
S21401DF70186801F00DFE9DF81830640744EA08425F
S21401DF805B0503F0BC6342EAC7621A4328460849A8
S21401DF9042F4C87203F016FF002228461146FFF726
S21401DFA081F90020BDE8F081B4730400B873040061
S21401DFB09007E12D08B5FFF77BFF88B1094BDA69B9
S21401DFC012030DD5186F10F4003009D19B6F13F0B2
S21401DFD0100F4FF010030CBF034A044A936708BDA5
S21401DFE00220FCE7000002B8001002B8002002B8C8
S21401DFF038B50446F8B1124AD3691B031DD5556FCF
S21401E000104BC5F38115032DB3F8B4300DD108229A
S21401E010083B9BB221460C4818F010F80020084B2C
S21401E02025729B6F1B0A637238BD022D05D1023B18
S21401E0302A469BB2EEE72120F6E70220F4E700BF6E
S21401E040000002B8001E00B038400054431EDBB288
S21401E050FD2B14D9FF280B6801D14A68134313F02E
S21401E060802F1EBF42F20102074BC3F8282251F847
S21401E0702020054BC3F85022C3F8542270470128CC
S21401E080F5D10023E9E700BF004001B8F0B585B03F
S21401E0906D460E460F4B074614460FCB85E80F001C
S21401E0A00D4BD3F848020090D3F84C2201923EB1B2
S21401E0B0631EDBB2FD2B0AD93060FF2C00D17260E3
S21401E0C022462946384617F054FF05B0F0BD012C0C
S21401E0D0F4E700BF647304000080E00FF0B585B07C
S21401E0E06E460D4B07460D460FCB86E80F0000F037
S21401E0F039F8314604460246384618F0B3F84DB1B1
S21401E10040B9FF2C1BBF04AB03EB8404009B54F8FF
S21401E110103C2B6005B0F0BD6473040030B50C4BA9
S21401E1200546187085B0082380B90A4AC2F8FC3340
S21401E13051B96C46084B0FCB84E80F00074B2A46B3
S21401E14021461868FFF7A2FF05B030BD044AEDE787
S21401E150AA6A0020001002B8747304000854002054
S21401E160002002B8014B1878704700BFAA6A002049
S21401E170124BD3F8E020D2031ED54FF4803210495B
S21401E180C1F8E020A1F58051C1F8EC201A6CD1B29B
S21401E190C2F30722C3F88010C3F880200422C3F814
S21401E1A080200022C3F88020C3F88020C3F8802096
S21401E1B0C3F88020C3F88020704700BF0040005499
S21401E1C000600054F0220A4B01219A64A022A3F5B4
S21401E1D080539A64074B826CC3F8C010FC21C3F8C5
S21401E1E09810C3F89C204FF40052C3F8BC20704727
S21401E1F0006000B800400054F8B50D4617460646C4
S21401E2001CF053F901230421084C094A2363A76033
S21401E210E6602561C2F8E010064AC2F884311CF0B7
S21401E2203FF90DB102232363F8BD00BF004000543F
S21401E2300060005400E100E00222024B58611A63BC
S21401E240704700BF004000540122044B1A6640F696
S21401E250FF729963D863DA65704700BF00400054C7
S21401E2602DE9F04F042A05460B4683B039D901261D
S21401E2700978141F81615A7803F1040982619A783A
S21401E2808261DB7883610368D0F808B003F0070386
S21401E29006339E4006F1FF3A0AEA0B084768A6EBEA
S21401E2A00802944247F000570ED84946224607EB2B
S21401E2B00800FDF70FFB46EA0A0604EB0B023240A4
S21401E2C0AA6003B0BDE8F08F494607EB080001924B
S21401E2D0FDF700FB019A384609EB0201A21B4244F6
S21401E2E0E7E7013A032AECD8DFE802F00B0805025B
S21401E2F013F8012B826113F8012BAA6113F8012B85
S21401E300AA611B78AB6103B0BDE8F08F38B50C4647
S21401E310154601460F4B60B101220F48C3F8C020D5
S21401E3202246FFF79DFF1DB104220A4BC3F8C02009
S21401E33038BD64B1D3F8A420A24284BF0122C3F839
S21401E340C0200222C3F8A040C3F8C020EBE7012298
S21401E350FAE700BF004000549840005438B5044620
S21401E3601CF0A3F801211A4A638F054611663BB3D8
S21401E370B3FA83F3C3F11903DBB2A069C2F89010B4
S21401E38093660723D066C2F88C304FF4A02302F5BB
S21401E3900052C2F8E030A2F58052C2F8EC300022FA
S21401E3A00C4B1A600C4B1B6F5B0209D54FF48002B5
S21401E3B00A4B04F1F8001A67D4F8941001F08EFDA8
S21401E3C04FF4E0232846E363BDE838401CF068B804
S21401E3D0004000542C530020000002B8002002B870
S21401E3E02DE9F84305460C46B1B1D0F81880478FA1
S21401E3F01CF05BF8B5F83CC0791E01EA0C0323F06B
S21401E4000702032C0646DFF8F8E042445CD1DEF84A
S21401E410004024B91CF044F80E20BDE8F88324F02F
S21401E4200104DEF8000020F00100A04251D10023D3
S21401E430CEF80030238894426FEA43436FEA534391
S21401E44023803CD1EB8F08EB07091846083880B2C9
S21401E45002F108044C4528BF4446082804D9B4F8FC
S21401E46000E0BEF5804F3ED263440F431B1A3B408B
S21401E4709BB2AB87E887118894781C4AC1F30C01DC
S21401E48051645367C2F88C004FF48022184B04F095
S21401E4900704C3F8E0200122164BC3F88421FFF7D6
S21401E4A067FE042C0BD14FF48002134B05F1F800E4
S21401E4B01B6F124B1A67D5F8941001F00FFD30460A
S21401E4C01BF0EEFF0020A8E7601E012898BF144647
S21401E4D0A7E7E88F4344E31A48BFDB190838984298
S21401E4E0A8DC304696E72246B0E700BF004000545D
S21401E4F00060005400E100E0000002B8002002B80D
S21401E5002C530020144B10B51968CA8F8B8F488F77
S21401E51013440138073B8C69034023F007031C446E
S21401E52002F108030D4A9BB2CB87C2F88C304FF438
S21401E53080220B4BC3F8E02001220A4BC3F884214A
S21401E540A07800F00700042803D1074AD3681B030C
S21401E550FCD4064B1C6010BD08540020004000543B
S21401E5600060005400E100E0000002B82C530020D7
S21401E57010B5064C216839B1CB0703D4044B186893
S21401E580FFF72EFF0023236010BD00BF2C53002091
S21401E590085400204FF480320B4B0C49C3F8EC2092
S21401E5A0A3F50053C1F8E020D3F888109A6E012332
S21401E5B002F0070206329340C1F30C01083B994270
S21401E5C001D8FFF7D5BD70470060005400500054D5
S21401E5D02DE9F04780460C4616468769458F1BF0A5
S21401E5E064FFB8F83C2005F1FF3C02EA0C0323F077
S21401E5F00701032C82463944B8F83E0019D1494C2C
S21401E60024689CB90244073A02EA0C0222F0070287
S21401E610BC183B44E31A48BF5B19834210DB5046E3
S21401E6201BF03EFF00242046BDE8F08724F00104DD
S21401E630EFE7012C02D0022CEBD108380C46E8E7B4
S21401E640002E3DD08C423FD1374AD2F8449036490D
S21401E650B8F81270D1F88820C2F30C02934247DA58
S21401E6602588B5F5804FDAD2A378C5F30C0503F0FB
S21401E67007037A1EA5EB09053A43052B337005EA15
S21401E68002052DD82DB2E84340F241420421C00FC5
S21401E690FDF700FE7580E3783374D8F81C207B1EE6
S21401E6A003EA0903D118B160A9B213FA85F5AF429E
S21401E6B02FBF0023FF1AB780F26024BFB180F3603A
S21401E6C050461BF0EDFEAEE7A4F10802974284BF68
S21401E6D0ED0802EBC502B2F80090C9F30C09B6E7E3
S21401E6E0124B5B6D003B18BF0123A5EBC305C9E7C1
S21401E6F00B6C7A1EA3EB09033A431A400C4915B278
S21401E700002DCB680BDCC3F30363D81E43424341A1
S21401E710DB0033708B6F72801B0A3374BDE70823EE
S21401E720F7E700BF2C53002000400054004000B81B
S21401E730000002B8054BA822D3F84C013121431C36
S21401E7400CBF0120C0F38070FDF7A4BD0080E00F70
S21401E75038B5094D0446286840F69702003818BFB8
S21401E76001202B21FDF796FDFA235C432B680A2036
S21401E770B4FBF3F4604338BD60530020174B30B54B
S21401E7801A68431C164B22D0B2F1407F1FD3154D99
S21401E79000F03F04D5F8002122F03F021443C3F8ED
S21401E7A0C84001F03F042243C3F8D020D5F8043115
S21401E7B00D4A1A400D4B03EA500003EA510110437B
S21401E7C01143074BC3F8CC00C3F8D41030BD00206A
S21401E7D00146C3F8C800C3F8D000F2E70080E00F96
S21401E7E0001F00B0000002B81FF087E1E0FFFF7FC6
S21401E7F073B5574E0446317819B91C225548FCF7B3
S21401E800D9FE2378544A6188137051804FF0FC6218
S21401E810524CFF21C4F8FC204FF47F02C4F80821B3
S21401E8204F4A022B4F4D117033D1042307224E4914
S21401E830C4F8FC23C5F8FC33C4F800114FF4C071CA
S21401E840C5F80011C4F8FC234FF48052C5F8FC3318
S21401E850C5F870214FF40052C4F87021C4F808318D
S21401E8604FF4FF13C4F8FC304FF4BB13C5F8FC306B
S21401E8708023C4F8703148F2C8023C4BC3F8D82054
S21401E8803B4B3C4A0020C3F8C02F0123337002B033
S21401E89070BD394A012BC4F80021384B27D14FF4FB
S21401E8A0C072C5F80021D3F83802D3F83C12FFF73E
S21401E8B065FF0723C4F8FC330223C5F8FC334FF485
S21401E8C08053C5F870314FF40053C4F870310423F7
S21401E8D0C4F808310DEB0300ECF7F4F89DF80530A9
S21401E8E0023B012B9CBF8023C5F87031C3E7244A45
S21401E8F0C5F80021D3F83002D3F83412FFF73EFFF3
S21401E9000723C4F8FC330123C5F8FC338023C4F87D
S21401E91070314FF4805301A8C4F87031ECF7D2F887
S21401E9209DF80530012B05D19DF8043053B948F206
S21401E9305D1309E0FBD9023B012B9CBF4FF400534A
S21401E940C5F8703148F25813084AC2F8D83097E72C
S21401E9500F610020C41F00B0346A0020002002B8F6
S21401E960AE6A0020001002B8C0F10F00001F00B010
S21401E970001000B034530020C0F70F000080E00FF5
S21401E980C0F60F00034B1A6802609B888380002044
S21401E990704700BF346A002010B5044601F026F81F
S21401E9A00A4BD3F8F83724B983F40023C3F3C040E5
S21401E9B010BD012C05D113F4C02F0CBF012000207F
S21401E9C0F6E7A31E58425841F2E700BF000002B81E
S21401E9D06FF07F42154BD3F8FC37934208D0144AA8
S21401E9E003F03F031370F123124A1370124A137097
S21401E9F01249134B09781A68A9B1B2F1A06F12D364
S21401EA00D3F850120F4A104BB1F1FF3F18BF13460F
S21401EA100E4A136041F66A020D4B1B68B3FBF2F314
S21401EA200C4A13607047084BF2E700BF000002B8BB
S21401EA30AF6A0020B06A0020B16A0020AD6A0020EB
S21401EA400080E00F5082E00F9873040030530020DE
S21401EA507C53002060530020012807D0022802D0F2
S21401EA6030B100207047034B18787047024BFBE724
S21401EA70024BF9E7AF6A0020B06A0020B16A0020B5
S21401EA800023F0B590F8304185B002462046CDE926
S21401EA900133CDF80B30FFF7DFFF92F82B30411E24
S21401EAA0C9B28B4228BF0B46002C3CD0012C38D172
S21401EAB0042418464FF00F0C384E0DEB0405B0FB3E
S21401EAC0FCF7F75D013CC01BC0B2814238BF002095
S21401EAD06055002CF3D105240F278DF80830B3FBC1
S21401EAE0F7F0305C0344DBB28B4228BF0B462B5554
S21401EAF001340B2CF3D10F2602F1A800D43215F8FD
S21401EB00013BB3FBF6F14C1CC1EB01115B1A01335F
S21401EB10DBB2E4B21B0443EA045340F8043F8242EA
S21401EB20EDD105B0F0BD042418464FF00F0C1C4F74
S21401EB300DEB0406B0FBFCF5EDB27D5D013C401B20
S21401EB40C0B2814238BF0020A055002CF2D1052466
S21401EB500F258DF80830B3FBF5F0385C0344DBB2C3
S21401EB608B4228BF0B46335501340B2CF3D10F25AE
S21401EB7002F1A804D43216F8013BB3FBF5F1481CA8
S21401EB80C1EB01115B1A0133DBB2C0B21B0443EACD
S21401EB90005344F8043FA242EDD1C2E7917304004A
S21401EBA08473040038B5284B05461A7827490C2A81
S21401EBB002D1FF20087038BD104617F07CFA0446D3
S21401EBC01046FFF749FFA84228BF2846C0B2A04218
S21401EBD038BF20460B78C0B28342ECD0087088B1AB
S21401EBE0431EDBB2022A1A490ED14FF0FC62C1F86D
S21401EBF0FC20A1F50051D1F8FC2042EA4353C1F8AC
S21401EC00FC30D8E70346EDE7124A134C1268AC32E3
S21401EC10C4F8C02F4FF47F02C1F808210F49CA6F0C
S21401EC20D202C8D40F22B3FBF2F2551CC2EB021279
S21401EC309B1A0133D1F808411B0443EA05532343C9
S21401EC40C1F80831B7E700BF346A0020AE6A002079
S21401EC50002002B808540020001000B0000002B8DE
S21401EC602DE9F04F90F830510646D0F8A82087B02D
S21401EC7035BB1F2A38BF1F22093A4C24844B8548CE
S21401EC801B6A96F82B10C3F38213DC400368DFF887
S21401EC902CA29342DFF828827F4B04F0010414D1A2
S21401ECA01F78A74211D19AF80070AF420DD17B4F61
S21401ECB03F788F4209D1B8F8040007B0BDE8F08F5D
S21401ECC0032A38BF0322023AD7E7026098F8000009
S21401ECD01C70FFF7C1FEFF2924D1284617F0EBF977
S21401ECE007466F493CB3D6F8E4702FB13B68082B52
S21401ECF040F2CB8097F838701DBB0B6840F271214B
S21401ED00B3FBF1F353431922B3FBF2F339462A4618
S21401ED1005A8059317F0A5F902023C04059842F0F0
S21401ED20110988E0471E8F4228BF0F46012F38BFC2
S21401ED300127FFB2D5E7012D29D0022D01D0B5B3A9
S21401ED4027460B6840F27121B3FBF1F353431922B6
S21401ED50B3FBF2F33946012207EB072405A8059316
S21401ED6007EB042417F07DF97F00032F38BF032734
S21401ED70020242EA001242EA0009033F00F01F00C5
S21401ED8007FA00F0FFF7E4FC00F5FA6758E00F23F6
S21401ED90B7FBF3F3581CC3EB0313FB1A0133DBB2C7
S21401EDA0C0B21B0443EA0053C3F30747C9E70C6824
S21401EDB040F27121B4FBF1F40F2354431922B7FB3F
S21401EDC0F3F3B4FBF2F43748374A0068A2FB0412A7
S21401EDD0013350FA83F313F8013C0392A3F1400187
S21401EDE02A4603A8019317F03CF9039F2F4AE41B18
S21401EDF0A2FB041200903021049204A82A4617F0C0
S21401EE0030F9DDF810B08146A4EB0B04012205941D
S21401EE10102144F2100405A817F023F9009B1A02EA
S21401EE20019B42EA091244EA0344059B42EA0009AF
S21401EE3007EB0B001844FFF78BFC00F50C5728373F
S21401EE4040F6FF711A4B3846C3F8C010A3F580533D
S21401EE50C3F8C090A3F58053C3F8C440154C27608F
S21401EE6001F0B0FC4FF47A72134B40429865236868
S21401EE700A49B3FBF2F3A8F8043096F82B30B7FB37
S21401EE80F2F08AF800500B7017E7002734E700BF4E
S21401EE90004001B8B067002010610020AB6A002076
S21401EEA07C5300203053002069C2F568911E856BA3
S21401EEB0006001B864530020001F00B0AC6A002057
S21401EEC0346A0020014B1870704700BFAD6A0020FD
S21401EED010B5044603F012F878B1174B1B786BB9DE
S21401EEE064B1164B1B784BB1154B1B78013B012BBC
S21401EEF004D84FF40042134BDA6710BD124BDB6F98
S21401EF001B04FAD41BF0D1FA4FF400420F4B04460F
S21401EF10DA67A3F5A0435B682BB1FEF741FF10B19A
S21401EF20022017F0D9F80222094B2046BDE810400E
S21401EF30C3F884241BF0B4BA1161002012610020CA
S21401EF4068530020002002B8000002B8001002B882
S21401EF5000D003500122024B00201A70FFF7B8BF01
S21401EF60116100200022024B01201A70FFF7B0BF8A
S21401EF7011610020F7B50646504C00F037FD504BA6
S21401EF802578504F1E7085BB2846FFF7A1FF2378D2
S21401EF90013B012B19D8E37B01A88DF80430237CB3
S21401EFA08DF80530E8F7AEFFC7F884544FF6FF72C8
S21401EFB0454BC3F88420F822A3F58053C3F8842078
S21401EFC00022404BC3F884240DE04FF6FF723E4BFF
S21401EFD0C7F88454C3F88420F822A3F58053C3F8F5
S21401EFE08420C7F88454394B5BE00020FFF770FF9C
S21401EFF02378013B012B08D8E37B01A88DF8043068
S21401F000237C8DF80530E8F77DFF0023C7F88434AC
S21401F010002ECBD062685AB32D4B1B6803EB52030C
S21401F020B3FBF2F3013B1B0243F0F80326782649B3
S21401F030022E284A1ED0032E4FF6FF75214826D0F1
S21401F040012E34D143F00203C1F88450C2F8843053
S21401F0500723C0F88434E37B01A88DF80430237CB1
S21401F0608DF80530E8F722FF0120FFF731FF17E0A2
S21401F070F823DBE74FF6FF7043F00103C1F8840085
S21401F080C2F8843006220F4BC3F88424E3E743F02A
S21401F0900503C1F88450C2F884300423C0F88434D0
S21401F0A00D4B4FF080420020DA6703B0F0BDC1F887
S21401F0B08450C2F884300023F0E700BF6853002074
S21401F0C01261002000C00350006000B8002002B8A2
S21401F0D07C530020005000B8001002B8F0B5294F4C
S21401F0E006463D4604460FCE0FC5336885B02B60F5
S21401F0F000F07CFC0022244BC3F88424A17A627AB7
S21401F10042EA0142C3F89024217CE27B42EA0142B2
S21401F110C3F88C24217B627B41EA0240C3F8880451
S21401F1203B78032B2AD8DFE803F022020C178DF870
S21401F130041004218DF805200DEB01000022E8F7EC
S21401F14081FEE37B00228DF80830237C042102A88F
S21401F1508DF80930E8F776FE637A01228DF80C30D7
S21401F160A37A042103A88DF80D30E8F76BFE074B50
S21401F170187805B0BDE8F040FFF7FCBE212005B0C9
S21401F180F0BD00BF6853002000C00350126100208C
S21401F190034BDB6F002BBCBF024BC3F888007047E4
S21401F1A0000002B8004000B82DE9F04716F0F8FF5D
S21401F1B04FF47A762D4BB0FBF6F618604FF4FA73DF
S21401F1C0734307462A48190E1B021818294A4FF09E
S21401F1D0000341F10001FBF781FE274BA0F5807289
S21401F1E005461A6320B948222B21FDF753F801255D
S21401F1F04FF47A724FF0000A6A43534650083102C0
S21401F200FBF76CFE1C4B1D4AB7F57A7F9A601C4BC8
S21401F2104FEA056819601B4B8946044618604FEA99
S21401F220152505D29B222B215046FDF733F80126E2
S21401F2304FF47A73A8FB030103FB05117308C0188A
S21401F24041F1000100233246FBF748FE0E4B023423
S21401F25019600E4B49F10009A408186044EA897444
S21401F260054B013C9C63BDE8F08700BF7C53002042
S21401F27020A1070040420F0000C001B802110100A2
S21401F2808C53002088530020845300208053002094
S21401F2901022044BC3F884215A600122024BDA6023
S21401F2A0704700BF00E100E000C001B81022064B25
S21401F2B0C3F88421C3F88420BFF34F8FBFF36F8F49
S21401F2C00422024BDA60704700E100E000C001B89A
S21401F2D010B50446A242A2EB0000A3EB010104D242
S21401F2E0034B01399B6B0133184401F0030110BD38
S21401F2F000C001B838B501250A4B02019D504FF4F4
S21401F30080730446084A834053661BF0CEF8074ACA
S21401F310A540137823EA05031370BDE838401BF0B7
S21401F320BFB800BF00E101B800E001B81B610020D2
S21401F3302DE9F84F164605468A461F461BF0B5F8D6
S21401F340022E00F0908080461BF0BCF8594B5A4ABA
S21401F350D3F82090147D5A6EE4B2520744BFD3F816
S21401F3602090013404F003041BF0A7F84846214618
S21401F37000F036FA8446DAF80000012E04BF0130A8
S21401F3806044ACEB000C08BFCAF80000BCF1804F2B
S21401F3907DD300F037FA8145A1EB040188BF454BC8
S21401F3A0DFF834C188BF01F1FF3101F0030188BFE6
S21401F3B09B6BA0EB090E0CF80510A1B1F90742BF33
S21401F3C041F61F723D4B5A67BA0742BF3B4B3C4A58
S21401F3D05A677B0742BF0022364B9A673C0742BFFB
S21401F3E00022344B9A6511244FF0010A314B05F186
S21401F3F01002120103EB051BCBF80C0131499C509E
S21401F4001A6A0AFA05F4586E0B78A2EB0902E4B2FE
S21401F410234372450B7025D34FF48073AB400342F0
S21401F42020D11CF80520002A40D10EB3264AF80741
S21401F430536607D541F61F7140F201101F4B5967FD
S21401F44050675967B90706D51C4B1D4A1E491F4808
S21401F4505A6748675A677A0742BF01221C4B1A61EE
S21401F4603B071AD440461BF01BF80120BDE8F88F75
S21401F470184A2D0142F805A042F89C3C1BF015F8ED
S21401F48010490B7823EA04030B701BF009F8404679
S21401F4901BF006F80020BDE8F88F2120FFF778FE64
S21401F4A04FF48032034B4046DA60DCE7064A4046BA
S21401F4B05366D8E700C001B8EC53002000E001B85D
S21401F4C000001F1F1B61002000D001B800000101D1
S21401F4D0000002B800E101B813610020024B187861
S21401F4E0003818BF012070471B610020034B103005
S21401F4F00001185800F00100704700BF00C001B8B5
S21401F50070B50646FEF74CFC044608B1FFF7CEFE82
S21401F5100023084D3046AB61EB612B6200F072F9B7
S21401F520054BC9B2197528620CB1FFF7B1FE002070
S21401F53070BD00BF00C001B8EC5300202DE9F041BA
S21401F5409DF818800D46B8F1000F08BF0022214E25
S21401F550B5F5803FB168074621F4700141F4A0017A
S21401F560B1609DF820409DF81C104FEA042444EA3F
S21401F570016444EA031444EA084444EA02044FF0EE
S21401F580180140F2E9222CBF002001207465FCF727
S21401F59081FE3564B8F1000F1AD00F4BBC68D3F862
S21401F5A088305A2C38BF5A245B0606D500F0F0FB8B
S21401F5B018B10A4BB3FBF0F31C44204600F022F9C5
S21401F5C00130854238BF0022024B34BF5A6458646A
S21401F5D0BDE8F08100C001B800C000B800093D00D8
S21401F5E0214B10B51A6E1A66596C59B11F49C96874
S21401F5F000292EDB596D4FF0FF3301F00F018B40D0
S21401F6009A4326D110242020FFF7C2FD184B9C6098
S21401F61002F088FB2022174BC3F8842101F0F4FC8A
S21401F62048B1002200200821FEF71CF8124B5C6648
S21401F630A3F580531C670D4AD36803F07063B3F1DA
S21401F640807FF9D9084B0D4A5A6741F201429A6701
S21401F65010BD01F0D9FC0028F4D0094B064A5366C8
S21401F660A2F580521367EDE700C001B8000002B8AA
S21401F670001002B800E100E000E001B8011B01182B
S21401F6801000002008B52120FFF782FD4FF48032DC
S21401F690014BDA6008BD00BF00C001B8F8B5184DCF
S21401F6A004462B6A1B0426D500F0E6FB2B6AA0FB5A
S21401F6B0044613F0787F4FEA9367C3F34450C3F3CD
S21401F6C0044505D140F25A422B21FCF7E3FD012007
S21401F6D0AD01B5FBF0F010EB871005D140F25F42AB
S21401F6E02B21FCF7D7FD0120024600232046314698
S21401F6F0FBF7F4FBF8BD00F04BFBA0FB0401F9E7B8
S21401F70000C000B80246012030B50B4CA0F1200322
S21401F710C0F1200524FA05F504FA03F32B4304FA95
S21401F72000F595428B4100D330BD0F2801D0013042
S21401F730ECE7FF20F8E700BF40420F0010B50C468B
S21401F740FFF7ACFFC30943EA4163C01A61EBD1116D
S21401F750FFF7D8FFFF2814D00F220C4B40F0100003
S21401F760C3F88820A3F58053C3F88800A3F5805317
S21401F7701B6ADBB2802B06D02046BDE8104000F0A5
S21401F78067BB212010BD0220FCE700BF00E000B8E7
S21401F79038B51AF097FE084B084A1D6A147D5A6E52
S21401F7A0E4B2520744BF1D6A01341AF086FE2846A9
S21401F7B004F0030138BD00BF00C001B8EC530020BF
S21401F7C00346064A103302EB00111B01D1F80C0167
S21401F7D0D158C1F3400116F08ABC00BF00C001B881
S21401F7E0064B1B68434303EB8171054B1B68A3FB68
S21401F7F0003013F1004341EB0000704784530020B2
S21401F800805300200C4A20F04043014610B50020EA
S21401F81014684FF00042E4FB0320084A890F12687F
S21401F82002FB0300064B9B6B984204D9013301315E
S21401F830C01A01F0030110BD885300208C5300202C
S21401F84000C001B8044B01F0F071103041F0030123
S21401F85000011950704700BF00C001B808B522204A
S21401F860FFF796FC4FF48022014BDA6008BD00BF1B
S21401F87000C001B808B5064B4FF030401A6805497C
S21401F8809200FCF727F8BDE8084001F0E3B800BF96
S21401F890D4730400D873040070B50C68651C15D0C9
S21401F8A0C4F302669E42C4F3074530D1A4B2944223
S21401F8B02DD804EB8506B24229D2141BA50824F0E4
S21401F8C003040E59340F04D0012C08D00022212441
S21401F8D002E06B1C51F82320C0E9002470BD0E4CD9
S21401F8E034F8133042EA03431A686B1C51F823407C
S21401F8F001EB83014B6822405E4036F0704404D130
S21401F9001B0F032B04BF8B681A430024E4E7013561
S21401F91001EB8501C1E700BFAC73040007B501A880
S21401F920EBF7D0F84822164B5A65164AD2F8D4306F
S21401F93023F4FC33C2F8D430134B1B689DF8053012
S21401F940023B012B19D84022104BC3F8FC23104B65
S21401F950D3F85C32DBB2FF2B00D10623094A1B0326
S21401F960D2F8FC139BB20B43C2F8FC33D2F8302119
S21401F970084B1A6003B05DF804FB00F0E7FEECE705
S21401F980008001B8000002B8002000B0001002B8E4
S21401F9900080E00F2053002000224FF400710F4B2F
S21401F9A010B51A675A679A670D4AD162012102F5A6
S21401F9B0E8325161DA6812F0706FFBD14FF03042D5
S21401F9C001245A6602F5FC5208329C66DA64054B3D
S21401F9D01B689847044B5C6110BD00BF000002B86D
S21401F9E0004000B8B4670020002002B801230F4A87
S21401F9F00F49C2F880328A6A22F002028A620D4AF0
S21401FA0053600D4A53600D4A5360A2F5804253601D
S21401FA10A2F54042536002F5C032536002F58042BF
S21401FA205360A2F500425360704700BF008000504B
S21401FA3000C0005000D000B800500054005001B87B
S21401FA4008B5FFF7D3FF0E4B0E4ADA6700F076FED5
S21401FA50FFF764FF03220C4BC3F8E020012203F5F5
S21401FA604043DA674FF460725A614FF40072DA6706
S21401FA70FEF778FBBDE808400021FEF74FBB00BF4C
S21401FA80000002B80048F000005001B82DE9F04F20
S21401FA90054687B002900F4657F8044B631C06D103
S21401FAA0029B2C60E81A801007B0BDE8F08F5FEA71
S21401FAB0147B18BF0123344AC4F3016108BFC4F3A1
S21401FAC0074332F81120A4B24FEAC30A2F4844EA8A
S21401FAD002440AF104022A4482421BD20722CA4087
S21401FAE002F0010201929A0004EB830303930123BF
S21401FAF0B94603FA0BF808F0940305F108060492D8
S21401FB000593039B09F10409A34208D104995544BE
S21401FB103944C0E71D4A9542E0D80020C4E7059B5A
S21401FB2053B918F0420F19D118F0280F0BD146F827
S21401FB30084C59F8042C21E04FF4206232210020B1
S21401FB40FCF7A8FBF3E740F6042232210198FCF704
S21401FB50A1FB04F5805246F8082CEAE740F60D2290
S21401FB6032210198FCF796FB04F50052BBF1010F18
S21401FB7046F8082CDDD159F8042CD24346F8042C5B
S21401FB8004340836BDE700BFAC730400003000B093
S21401FB90F8B50546F0B10026154B34461F46154903
S21401FBA053F8042BBAB9A00000F13040294600F5FD
S21401FBB00150FFF76BFF30B940F6AE323621BDE893
S21401FBC0F840FCF767BB0C4B0134044447F8265059
S21401FBD023F81640F8BDAA42FCD001360C2E02D0FE
S21401FBE031F81640DCE740F6C83236210020E6E759
S21401FBF090530020E2590020E459002070B50446D5
S21401FC00A8B1C1B1384A52F8043B984215D1002335
S21401FC1036498A689206FCD49B00354A03F1304384
S21401FC2003F50153C2F8B0302022324B9A6070BD02
S21401FC3001330C2B02D1304D12E0012352F8041B84
S21401FC40A142F5D12D4A32F81330E1E704D16268BA
S21401FC50C3E90012083403E0012A01D10434196013
S21401FC602268531CE3D0C2F3016335F81300110C6C
S21401FC7093B211F0FE0F43EA004360680DD00434DE
S21401FC80CAB2022A2168E1D9D4E90160033AC3E97C
S21401FC90001698600C340C33F3E7120F072AD9D8F4
S21401FCA0DFE802F00704090D1013181DC04303F521
S21401FCB000531860CEE71A6842401A60CAE703F597
S21401FCC08053F6E716F008FAC4E7012203F58053DD
S21401FCD08240F2E7012203F500538240EDE71A68FD
S21401FCE030EA0202FBD1B5E790530020000002B8CB
S21401FCF0001E00B0001002B8AC730400E2590020E8
S21401FD000122014BDA677047001002B80122014B4D
S21401FD10DA677047002002B84022014BDA67704765
S21401FD20002002B84022014BDA677047001002B883
S21401FD300B4B1B68D3F8E43023B11A68022A01D9A9
S21401FD40186A7047074B9A6D90B238B1064BC2F3EA
S21401FD5007421B68DB085343B3FBF0F0704700BF54
S21401FD6008540020004001B87C530020064BDB6895
S21401FD70C3F30363984206D1044AD36B23F0F0031E
S21401FD8043EA0111D1637047000002B8001F00B0BA
S21401FD90054B1B68D3F8E43013B11A680A2A01D858
S21401FDA0FFF7C6BF186C7047085400202DE9F743CB
S21401FDB0064616F08AF900248046DFF890901AF07D
S21401FDC074FB0DF1070105460DF10600FEF75AF822
S21401FDD09DF806308BB9721C29D016F076F9A0EB87
S21401FDE0080428461AF05CFB9DF8063013B99DF806
S21401FDF007303BB3A642E2D824E0D9F80C3013F41E
S21401FE00603FE8D0D9F8100016F0CCF9731C07460D
S21401FE1003D016F05AF9A0EB080428461AF040FB66
S21401FE2017F5007FE0D0384603B0BDE8F0832846DA
S21401FE301AF036FB9DF80630002BC0D19DF807302E
S21401FE40002BBCD1004FEEE700FEFFFF00C000B85C
S21401FE5010F1800F04D04D28CEBF7F20323040B243
S21401FE60FF22044BC0B21A62A3F580531862002029
S21401FE70704700BF00E000B80B4A10B5136E0B4C7C
S21401FE80116E03F00703E35CC1F3CD0101FB0333FD
S21401FE90126E0748C2F3454202FB03330068800135
S21401FEA0B0FBF3F010BD00BF004001B8A47304001E
S21401FEB07C530020084910B5D1F89C3040B11C464F
S21401FEC0CA68D1F89C309C42F9D1C2F30362027031
S21401FED003F00F0010BD00BF000002B8094B01F08F
S21401FEE080011B6F03F480030B4309D14FF400120A
S21401FEF0054B1A62837F1BB10122044BC3F8002114
S21401FF00704700BF000002B8006001B8005001B899
S21401FF102DE9F04F404F804685B038680C4615F005
S21401FF20DBFD20B90024204605B0BDE8F08F22464F
S21401FF3000214046FBF73EFB384B5D6915F0010595
S21401FF40F0D1FCF701F806460028EBD03F683846AA
S21401FF5015F0FAFC4FF6FF73984234D04FF060511B
S21401FF602F4E304B304AD3F82090D6F88C301162A1
S21401FF704FF00061A2F58052116224220421C6F8D6
S21401FF808C202A4A4FF4804B91604FF48052002710
S21401FF90DFF8A4A0CAF868B0F262A7421ED3042113
S21401FFA0234A9160A2F5F032C2F88C304FF06052CD
S21401FFB01D4B1A6209EA02031E4A13624FF480427D
S21401FFC01D4B9A66AFE73146384615F061FC01468F
S21401FFD03846FCF7FDF80028C0D0A3E7B26E5104FE
S21401FFE0FCD5B268D205F9D5CAF868B0D6F8902023
S21401FFF00135012D0392D0D9E21B042AA8BF0422A1
S21402000008EB070003A901930092FBF763FC009A32
S214020010019B3A4497B2C0E708540020000002B899
S214020020004000B8004001B8006001B8001002B8F5
S214020030002002B8005001B8006000B84FF6040174
S2140200404FF60502044B01201B6C9BB28B4208BF85
S2140200501346024A136670470080E00F00C001B8DC
S2140200602DE9F74F81460F464FF0FF35FFF790FB1D
S214020070002601908A462C463046DFF8D8B006F1B4
S21402008010031B015BF8033003F00308B8F1010FFD
S21402009015D13046FFF794FB02460B4601985146AF
S2140200A0FFF716F9DBF8643006F10802D340DB07E7
S2140200B039D5002F40D000252C463E6040460136FA
S2140200C0082EDCD160B3234A0027D2F808C0916B11
S2140200D00CF440330131A4FB0141641941F10001E3
S2140200E0B3F5003F30D1536B0CF4405C013347F15B
S2140200F00006BCF5805F22D1156B15F5807505FBF1
S21402010006F647F1000203FB0266A5FB0332324401
S214020110594304FB0212A3FB04341444C9E9003415
S21402012003B0BDE8F08FA84271EB0403C6D207B154
S2140201303E6005460C46C1E73D463C46BEE73202F7
S21402014042EA13621B02E3E7136B13F5807347F16F
S2140201500002DDE700C001B808B516F037F8044B18
S2140201605A7C012302329340024A536108BD00BF03
S214020170EC530020002000582DE9F34105460F46B7
S21402018068461146FFF76CFF0646B0B1AFB1DDE92F
S21402019000321B0A43EA0263A5FB0384094B120AD8
S2140201A005FB02441A6812B915F0FAFF024600234C
S2140201B040462146FAF792FE3860304602B0BDE865
S2140201C0F08100BF7C53002037B50446FFF70EFCD3
S2140201D0E17822791B4841EA0243C0F8CC34E5793B
S2140201E0A37943EA0543C0F8D03423784BB18DF89F
S2140201F0041004218DF805200DEB01000022E7F71C
S21402020021FE63785BB10421A37900228DF80430C5
S214020210E3790DEB01008DF80530E7F713FE22783F
S21402022001235AB1084AC2F8C834627802233AB1A6
S214020230054A0020C2F8C83403B030BD034AF2E7CC
S214020240024AF6E700C0035000D0035000E0035015
S21402025070B52C4B0C461A7812B92B4A926D1A704E
S2140202602A4AD26F52054AD51D78294B05F00F0649
S214020270B0FBF3F040434FEA151505D140F27C621D
S2140202802B21FCF707F80120224A0A217243B2FB0F
S214020290F0F34843B3FBF1F602EB5002B2FBF0F286
S2140202A001FB1633042BD2B207D8C3EB8310C3EB81
S2140202B080035BB283B96DB217E0C3F10B0303EBA5
S2140202C08303DBB2B3FBF1F32B44DDB20F2DF2D97D
S2140202D0013AD2B2053DEEE7053B5BB293FBF1F382
S2140202E01D44EBB26DB2002D04DB002042EA05127B
S2140202F0226070BD01320533D2B25DB2F5E702204C
S214020300F7E700BF1C610020008001B8000002B8B9
S214020310403B2500809698004FF0000C2DE9F84FE0
S214020320A2FB017BC84EDFF85CE3BE1999466BF16F
S2140203300003B6457CEB030308D240F23E220E21B0
S2140203406046FBF7A7FF0220BDE8F88FD0F8E4A0CE
S2140203500C461546BAF1000F04D0DAF80030032B2B
S21402036000F21B81B94BBA4A9B6BD2F8FCA0C3F3CE
S2140203701408B84BD3F8EC305E00B64B48BF48F4CE
S21402038000181B6E48EA456858074EBF4FF44003F4
S2140203909B0503F0E07348EA030818F005FA012DFE
S2140203A00646D0D10028CED0AB4B984200F004814E
S2140203B003F5122303F5F863984200F00381A74B76
S2140203C0984200F02F81002502462B4600204FF06F
S2140203D00071FAF783FD2B46013007FB03F3C8F3DF
S2140203E0130100FB0B33A1FB0662A7FB007001FBA7
S2140203F00522034420339B09C9F80030F60C984BBB
S21402040046EA423618F4801F1C6008BF7642954BB7
S214020410954DC9F8144034441E602C60BAF1000FA2
S21402042000F0B98000239149C8F381528A5C1946CC
S21402043018F0807F18BF6408002EB8BF7642920676
S2140204406008C2FB06012246FAF748FDDAF80030D9
S2140204500E2B08D97F4B7D4A926BD969D3F80C31A3
S214020460C90600F1D68018F4001814BFC42240F260
S21402047007127F49C0F31300A1FB04614FEA511132
S21402048002FB01F1C9F80400DAF818004FF4FA7317
S214020490B1FBF0F118BF4FF0000801FB03F3A4FB19
S2140204A00262FA33A3FB003004FB0822B3429041F7
S2140204B038BF0131C9B241F4006CC9F808C000293E
S2140204C07ED0DAF81C00A1FB003624B1B4FA84F21E
S2140204D00E2A40F38880E203002E77D1B2FBF3F2B5
S2140204E0530003FB0113A3FB00764FEA044EBE45FE
S2140204F04FEA144474EB060609D34E003344A0FBBD
S2140205000371BE4574EB010102F10102F6D2C2F399
S2140205100E024CEA023C4CF00063C9F8083018F0B0
S21402052043F92B68002B00F08880B3FA83F4D4F1E9
S21402053002044CBF1C4623FA04F44E4B9C4288BF6E
S2140205406408002846D0B4FBF0F3642100FB134293
S21402055001FB02F2904244D85A1E52085B08013B45
S214020560120242EA0313C9F80C3018F0E9F8002820
S2140205705CD0B4FBF0F2642100FB124401FB04F4ED
S214020580A0425ED8531E5B085208013A1B0243EA99
S2140205900213C9F810300020D6E6042BDAF82880B9
S2140205A07FF4FBAE18F0807F0CBF08F0E0734FF4C8
S2140205B0400328F0E078EEE600232F481D460CE7BD
S2140205C02120C1E600232D481D4606E70B460022E1
S2140205D089E7044640F2C2422B210020FBF75AFE6E
S2140205E02346013BB8E7C2F10F0702F1110E06FAE5
S2140205F00EFEFB4043EA0E03A7F1200E26FA0EFE7D
S21402060043EA0E03FE40013304FA02F246F1000604
S21402061062E702F4801203F400131A4308BFC0F51F
S214020620801020E7002316481D46D6E640F2E54233
S2140206302B21FBF72FFE621EA4E70028C9D01C461A
S214020640CFE71446F7E700BF006CCA88008001B8FF
S214020650001F00B0004001B800F04902005A6202D2
S214020660C8530020C4530020C0530020BC730400AB
S214020670D34D62103FBE40250A3BB2DF313641DC25
S214020680D694BFD6807C814A10B50B46044686B007
S21402069039B98279016821486B460068FFF73CFE4B
S2140206A06B461F4A196851631E4AD2F8FC2062B391
S2140206B05A6842B11C4A1D49C2F80C115968A2F583
S2140206C08052C2F80C119A6842B1174A1849C2F809
S2140206D0EC109968A2F58052C2F8EC101549D86859
S2140206E0D1F8642122F4EE620243C1F86421D1F803
S2140206F05C21186922F4EE620243C1F85C21A1F57E
S214020700FF4158692839FFF7A3FD0020A2880A4B4B
S2140207109A6203F5A033186406B010BD0854002090
S214020720008001B8001F00B0006001B8FFFF0F0094
S214020730FFF8FF0F000002B8004000B84FF48062D6
S214020740014BDA67704700BF001002B84FF48062B0
S214020750034BDA67034B1B780BB1034A936570476A
S214020760002002B81C610020008001B840B1036876
S214020770012B05D90069034B002808BF18467047AD
S21402078000487047C473040010B590B10468012C89
S2140207900FD902696AB11168094B102C19605168A9
S2140207A05960916888BFD268996094BFD960DA6050
S2140207B010BD102200210248FAF7FCFEF8E700BF3F
S2140207C0D0530020084BC1171A68A2FB000302FB95
S2140207D0013310F1807043F10003400E40EAC3106B
S2140207E0803820EAE0707047E05300200722164B5C
S2140207F070B5DA66154B164A1D68164BEC08E0050E
S214020800C0184FEA153141F100010023FAF766FBE2
S214020810114B124E18604EF66020FFF7D3FF40428F
S214020820C6F884000E48FEF7EDFF024658B1E30113
S214020830500818184FEA15714FF0000341F10001F5
S214020840FAF74CFBF06570BD000002B87C5300203E
S21402085065CD1D00B2E60E00E0530020001F00B07A
S21402086040420F0010B5044698B10B4BD3F8FC007B
S214020870FFF78AFF4FF47A7303FB04F0074BA0F6E8
S214020880AC50DA689B681044C01ABDE81040FFF707
S21402089099BF4EF66020F8E7001F00B0D053002044
S2140208A02DE9F8430546084614461E46FFF76CFF38
S2140208B00DB306F0020716F004061ED1DFB14FF4A0
S2140208C07A706B685843002B40F08C80FFF77AFFF3
S2140208D060626B69002B00F08C804B4AD0684FF444
S2140208E07A7202FB0300A0F503501038FFF76AFF86
S2140208F02062002E57D1BDE8F8832869002868D008
S2140209004FF47A735843404BA0F6AC509B68C01A1B
S214020910FFF758FFE061A88B00285DD04FF47A738A
S2140209205843394BA0F6AC509B68C01AFFF74AFFF3
S2140209302061364BE968D3F8008000294FD04FF487
S2140209407A735943304BA1F6AC519A685B68891AA0
S214020950C91A2F4BC8171A68DFF8BC90A2FB0113FE
S21402096002FB003311F1807143F10003490E41EAA4
S214020970C3118039274B6161DB6EA361D9F8003061
S21402098053B1404615F0A2FA30B12246D9F80030EB
S2140209901D49D8F8D80098470021A869FFF762FFDA
S2140209A0A062002F8BD1A86830BB47F23050FFF709
S2140209B009FFA0604FF47A702B6858432BB1124B94
S2140209C01B6803F51C5310331844FFF7FBFEE06068
S2140209D091E74EF660209BE74EF66020A6E74EF6BD
S2140209E06021B6E7084B1B6803F51C531033184406
S2140209F06CE747F2305079E74FF47A735843A0F524
S214020A0003501038D3E700BFD0530020085400200C
S214020A10E0530020001F00B0CC53002038B5054636
S214020A2008461C4615F074FB0246D5F8E400FFF7AC
S214020A309DFE4368A018002B044AA8BF4FF4FA7222
S214020A401A44034B92FBF3F2104438BD0CFEFFFF30
S214020A5018FCFFFF70B5124C88B001AD0FCC0FC565
S214020A6094E8070085E807008C2200210D48FAF773
S214020A70A1FDD42200210C48FAF79CFD0B4B0C4A30
S214020A805A6301F04DFA0B4B1B783BB1044E01AD95
S214020A900FCD0FC695E8070084E8070008B070BDC2
S214020AA0C41F00B0A01E00B02C1F00B0001F00B074
S214020AB0101111110F61002008B519F0F6FC0E4B4B
S214020AC01A78A2B90D4A126812F4843F0FD10C4A62
S214020AD01021D1671B7863B9084B1B68DB0508D465
S214020AE0074B2022DA67BDE8084019F0D9BC054A50
S214020AF0EEE7044BF5E700BF22610020A0150020B8
S214020B00002002B8001002B80A4B197801F0FF0262
S214020B1029B10021197008499202C1F8B420597807
S214020B2001F0FF0229B1002159709302024AC2F86D
S214020B30B83070471D610020005000B8064BD3F84D
S214020B40D80E064B5B6F1A0103D4054B9B6E1B0433
S214020B5001D500F580707047001000B0000002B8A2
S214020B60004000B810B519F0A0FC0E210446032080
S214020B70FFF7FCF840F20122034B2046BDE8104086
S214020B80DA6219F08DBC00BF004000B808B519F053
S214020B908CFC4FF00042224BC3F88020BFF34F8FED
S214020BA0BFF36F8F0122C3F88420BFF34F8FBFF3CA
S214020BB06F8F0222C3F88420BFF34F8FBFF36F8F6D
S214020BC00422C3F88420BFF34F8FBFF36F8F08222F
S214020BD0C3F88420BFF34F8FBFF36F8F1022C3F882
S214020BE08420BFF34F8FBFF36F8F2022C3F8842079
S214020BF0BFF34F8FBFF36F8F4022C3F88420BFF33B
S214020C004F8FBFF36F8F4FF48072C3F88420BFF309
S214020C104F8FBFF36F8FBDE8084019F041BC00BF8D
S214020C2000E100E008B519F040FC4FF00042094B25
S214020C301A6001225A6004225A6008225A60102260
S214020C405A6020225A6040225A60BDE8084019F0D5
S214020C5027BC00BF00E100E0012370B5074C2370FB
S214020C60074B1E68074B3240D3E900531940284011
S214020C70FCF7F8FC0023237070BD00BF2061002043
S214020C80E8530020A01500200022044B1A70044BE3
S214020C90197811B11A70FFF70FBF70472161002053
S214020CA0226100202DE9F047DDF820A003EA0108C2
S214020CB0099B06460C4602EA000703EA0A09BAF14D
S214020CC0000F40F04E81031F0B4300F00E810528F3
S214020CD071F1000380F0E48050EA010300F06081C5
S214020CE0431E0B4300F02481FFF750FFAD4AD2E9C2
S214020CF0005323EA040325EA06053D4343EA0807B0
S214020D00A94BC2E900571E68DFF8F48226EA0A06F3
S214020D1046EA09061E60FFF7CFFE15F02A4F14BFFB
S214020D2048F202034FF40043A04AB007D26EA0482E
S214020D3048BF43F4005383EA020122EA0302C26672
S214020D409C4A0B408166D366C5F380421203290390
S214020D5048BF42F48072EB0648BF42F40052964BFC
S214020D60AC0648BF42F400726806D3F80C3248BF9D
S214020D7042F48062290648BF42F400628F4882EA43
S214020D80030123EA0203C0F80C328D4B0A40C7F374
S214020D904024A404C0F80812C3F80C22EA0448BF90
S214020DA044F48034AB0348BF44F48014A80748BF19
S214020DB044F4800415F4001F06D0D8F8000015F09D
S214020DC0DBFA08B944F40024E90248BF44F40034CC
S214020DD0FA0648BF44F4000473077A4B48BF44F04F
S214020DE004041A6A44F4001484EA020323F001039A
S214020DF075491A400A621C40CB61744B16F0010F0B
S214020E001C62734B734A18BF1A46734B7C071B6FE0
S214020E1048BF42F00062714882EA030123EA0203F5
S214020E2003676F4B0A4041661A676E4A05F0010374
S214020E30516CA0F5803081EA030221EA0301416485
S214020E4082631A40684B28025A64D8F8002048BFCA
S214020E50664B92F8F62058BF654B690748BF43F4C5
S214020E60806322B115F4C06F18BF43F48073320753
S214020E70604A48BF43F00043D2F8EC105E4883EA6B
S214020E80010222F4A0221140C0F8EC101340C0F870
S214020E90E0205A4ABDE8F047C2F8EC30FFF7C2BE7F
S214020EA0A0F580630B4306D020F48063A3F500739D
S214020EB00B437FF419AF19F0F8FA3A49D1E9003238
S214020EC023EA060322EA040242EA08023B43C1E995
S214020ED000324B4A126892F8F610474A09B313F4E6
S214020EE0C06F1ED04FF4807311E019F0DEFA2D4A5F
S214020EF0D2E9003123F004033B4341EA080157EAF2
S214020F000807C2E900314FF480633B4A0BD0C2F8AF
S214020F10E030A2F58052C2F8EC30BDE8F04719F096
S214020F20BFBA4FF48073C2F8EC30C2F8E030F4E790
S214020F3019F0BBFA1B4AD2E9003123F001033B4306
S214020F4041EA0801C2E9003101232E4A57EA08079E
S214020F501BBF9363A2F580525364536408BF936326
S214020F60DBE750EA01037FF4BFAEBAF1010F7FF46C
S214020F70BBAE19F09AFA0C4A136823F0010343EA4F
S214020F80090313604FF48063144AB9F1000F04D0CA
S214020F905366A2F580521367BFE713675366BCE732
S214020FA0BDE8F087A0150020E8530020004000B8F6
S214020FB0006000B8005000B8004001B8006001B8F8
S214020FC0005001B8000002B8002002B8001002B8B3
S214020FD0041C00030418000300C001B800E001B8B6
S214020FE000D001B800C000B800D000B80D0A0A0947
S214020FF0090A0A09004000540060005400500054D8
S2140210000854002000E000B8024B5868C0F3C00045
S214021010704700BFA0150020024B186800F00100C0
S214021020704700BFA0150020024B5868C0F3C030BE
S214021030704700BFA015002010B50446FEF700FD5D
S214021040FFF7A4FD2046FDF7BDF8FEF7A5FCFEF768
S214021050ABF8FEF71DF9FFF7C9FB13490723134A3E
S214021060D1F8FC1004F1F800FFF71AFC4FF080717B
S2140210700020FEF7E7FB4FF000720D4B4FF4001115
S2140210800120C3F80021FEF7DDFBFEF7D7FF20B9EB
S21402109040F292321421FBF7FDF815F0A0F8BDE8F5
S2140210A010400120FDF766BF001F00B0581F00B0B9
S2140210B000D001B88023074A1367082340B113679C
S2140210C0054AD2F8A03023F02003C2F8A0307047B9
S2140210D0024AF4E7001002B8001E00B0002002B870
S2140210E010B519F0E2F9012104460020FFF7E2FFED
S2140210F0044B1961044B5B6898472046BDE81040D4
S21402110019F0CEB9000002B8A0670020F8B5194C55
S2140211100546207840F2E442B0FA80F03E214009CB
S214021120FBF7B8F855B9607840F2E442BDE8F840FB
S214021130B0FA80F03E214009FBF7ACB84FF44066A7
S2140211400D4F0E4DD7F8B43040F2E442C3F381237C
S2140211502370C5F8B46060783E21B0FA80F040098A
S214021160FBF798F8D7F8B830C3F381236370C5F855
S214021170B860F8BD1D610020004000B8006000B8ED
S214021180F8B5084C084D236F0423084F2B67236FCE
S2140211905B0300D4F8BD042602203E6714F09CFFD1
S2140211A02E67F4E7000002B8001002B8002002B86A
S2140211B0A82238B51A4B1D6F03F500531A67102282
S2140211C09A60A3F5804302F100521A675A66FFF747
S2140211D09BFC144B1B7813B90320FEF78BF80024F4
S2140211E0114B9C67FFF7CCFF104A114BD2F8D81E62
S2140211F00B40C2F8D83E04220E4B1A670E4BAA06C4
S214021200C3F8AC4008D503F58073DB6CB3F5817F79
S21402121022BF8022024B1A61BDE83840FCF7C2BBEF
S214021220000002B81F61002000C001B8001000B024
S214021230DF0000FF002002B8001E00B010B549B95A
S21402124030B3164AD3681B0E13F00E0F20D19368E4
S2140212509A061DD4FFF786FC104C0020FEF72AFEE5
S214021260032801D0092805D1636FDB03F5D4E36DAB
S2140212700C2BF2D9FFF784FF4FF40072084BDA62A8
S214021280012203F5E8335A61042203F580531A67F4
S2140212904FF4C062034BDA6210BD00BF000002B812
S2140212A0004000B8006001B808B503210920FEF727
S2140212B05DFD2022014B1A6108BD00BF000002B886
S2140212C038B5054619F0F1F80E4B04461868FDF7D6
S2140212D045F835B1FFF7D8FC2046BDE8384019F08E
S2140212E0DFB8094B1B78002BF6D0084B1D78002D73
S2140212F0F2D1FFF7C9FC2A464FF480400021FFF7DF
S214021300ABFCE9E7085400202161002020610020A0
S2140213102DE9F84F5C4B06460D4614461B6F002A15
S21402132040F0AE8013F0A00F14BF4FF001094FF04B
S2140213300009FCF737FBA0234FF0000ADFF86881AC
S2140213400320C8F87030FDF7D5FF0420FDF7D2FF62
S2140213504E4FFFF799FC4E4B4FF0040B7B67C7F8D6
S21402136078A0FFF70DFF4B4B4FF48071D3F8A02007
S214021370494842F02002C3F8A020FF22C8F80820FD
S214021380414A1161D0F8D82E44491140C0F8D81EFF
S214021390C8F870B0C3F8ACA07B6913F0060F04D08F
S2140213A0FEF75CFA5846FDF7A5FFB9F1000F08D024
S2140213B04FF400623A4B1A674FF40042A3F5E0334B
S2140213C09A6666B1374BDB6C180701D4FFF7CAFB87
S2140213D0FFF76AFF0420FDF78DFFFFF795FB2A4B08
S2140213E05A69D10747D5DA6812F0706FFBD12E4BD7
S2140213F02E4A1A672E4AD36B23F0F003D36315B135
S2140214002046FFF75DFF2B4BD3F84C315A1C01D018
S2140214105B0002D50122244B5A6164B3214BDA6E7B
S21402142003F500539A6603F5D0331B6A1E4A23F06F
S2140214300103D361204BD3F80C1203F50053C3F813
S214021440081203F50053D3F8841003F50053996786
S2140214501A4BD3F8EC1003F50053C3F8E010184B00
S214021460596C03F500539963164903F580335966A0
S2140214704FF6084313670020BDE8F84FFCF736BD69
S2140214804FF0000955E700BF000002B800C001B8DF
S21402149000000101001E00B0001000B0DF0000FFD7
S2140214A0001002B8004000B8002002B81000300059
S2140214B0001F00B00080E00F004001B8004000545A
S2140214C000C000B85000002F9B4B2DE9F04F9F6ED6
S2140214D0DB6E85B01F40994B9F66994BD3F8E05060
S2140214E0D3F8EC301D40974BC3F8E050964BD3F838
S2140214F00822D3F80C3202EA0309944BC3F8089286
S21402150003F52043DA691B6A02EA0308904B08F4E3
S2140215107702DA618F4BD3F80422D20605D4D3F8C9
S2140215200431C3F30016DB0651D518F0BEFF8A4B12
S2140215305A695E6E1B6F12F0060F06EA0306874AAA
S21402154026F0007314BF4FF0010A4FF0000A23F48E
S21402155000637407536604D5814A137D0133DBB2F8
S214021560137518F09DFF002F00F0E28017F4004379
S21402157000F0D38018F099FF0146FFF7DFFA044621
S214021580784BD3F800B0DBF80020DBF800309A4244
S214021590FBD0DBF800209A42FBD0FFF7CFFAA0423E
S2140215A017D1084618F07CFF6F4B1C606F4BD3F8C0
S2140215B070B01BF4E0520ED124F07F4424F0DF0416
S2140215C00CB9FFF7F5FD4FF0807B002414E0B2461D
S2140215D0C9E70446D7E70192FFF7EAFD5C4B019A9A
S2140215E01BF480541A6740F09A801BF4806F0CBF7D
S2140215F04FF0805B4FF0806BB80715D55B4A5448B6
S214021600126F02F460410167002900F08B8011041A
S21402161000F18B8012F4005F0CBF4FF000524FF0C7
S214021620006200244BEA020BC7F340377F00504AA1
S2140216302A40002A4AD015F4206F0AD040F6A31298
S21402164006210020FAF726FE0020FFF739FE25F4D1
S2140216508025EB0506D5FF213D4A4BF4C06B916011
S214021660FFF780FA15F0090F0AD040F6B8120821E3
S2140216700020FAF70FFEFFF717FE0121304A11632A
S21402168015F0106F0CD040F6C11209210020FAF7AF
S21402169001FEFFF709FE002211461046FCF736FE51
S2140216A015F4202F0AD040F6C91207210020FAF7B7
S2140216B0F1FD0020FFF704FE25F48025E80301D59E
S2140216C0FCF768FF002DB8BF47F0080769070DD57D
S2140216D01B4AD26A12F4005F4FF4005217BF194930
S2140216E02449CA624BF4000B08BFCA626A0548BFA7
S2140216F04BF0040B15F48023019300F0A480FCF752
S21402170001FF0138062837D8DFE810F028012B0140
S21402171028012E013101340134019B4655E74FF072
S214021720804B52E74FF000727BE74FF0004278E7BB
S214021730BB463C467BE700BF004000B8006000B8EE
S2140217400040005400600054004001B8006001B838
S214021750002002B800E100E000C001B800E001B8D5
S214021760EC53002058730400E4530020000002B833
S214021770090B0B890050005440F6FA120321002090
S214021780FAF788FD01218548826ED0F8883002F08B
S2140217900702063201FA02F2C3F30C0CA2EB0C02A9
S2140217A092B2072A12D97E4A126F53020ED47D4B8A
S2140217B0826B806D5B6D5BB102F007020632914070
S2140217C0C0F30C00091A89B2072901D84BF4007B32
S2140217D0754A1278002A36D0704AD2F8E02012F4FF
S2140217E0A02F30D1714A724912789AB9F20411D4F4
S2140217F00A787AB14FEADB026E4842EA447282F015
S2140218000102D0F8D80E02F00102520020FA02F2CB
S214021810930718D10420FDF76DFD674A67485067A5
S214021820FFF732FA62490A784AB9654A127832B143
S214021830644A654912680BEA02020A4201D14BF475
S214021840804B26F48056B9F1000F1DD019F4805F44
S21402185018BF4BF4802B19F4807F18BF4BF4002B73
S21402186019F4005F18BF4BF0100B19F4007F18BF75
S2140218704BF0200B19F4806F18BF4BF0400B19F495
S214021880006F18BF4BF0800BB8F1000F48D018F469
S214021890001F0AD04D4A13683BB1414A4C48116FAB
S2140218A000680022C1F3C061984718F4802F18BF61
S2140218B044F4007418F4803F18BF4BF4805B18F4AD
S2140218C0801F18BF4BF4003B18F4800F18BF4BF074
S2140218D0020B18F4003F18BF4BF4801B18F4000FDD
S2140218E018BF44F0100418F4002F19D0394AD2F861
S2140218F0A02012F0C00F13D02949CA68C2F30362AF
S214021900032A01D0072A05D14A6FD00602D48A6F6D
S214021910120732D54FF400212F4A28F40028D1614D
S214021920002E00F01B81330540F18F802B48DFF834
S2140219308890C2782A49002A58D04FF40063013AA8
S214021940D2B24B66C27032B9264A1278C2B140F69B
S2140219500141254A51670022002173E04BF4803B87
S21402196010E74BF4006B0DE74BF4806B0AE74BF481
S214021970807B07E74BF0080B04E74BF4001BCFE72E
S214021980D9F8782012F4A05F15BF4FF4807240F6A3
S2140219900142C9F85820C9F87820DCE70040005414
S2140219A0000002B8004000B8226100202161002039
S2140219B024610020001000B000C001B80000010140
S2140219C023610020A0150020088D01001C53002072
S2140219D008540020001E00B0002002B81361002048
S2140219E000E001B81F61002000D001B80320FDF717
S2140219F081FCD9F81420A84B12F0060F04BF41F65A
S214021A001F72A649A64808BF4A674FF40061A34A58
S214021A105166D9F8142012F0060208BFC9F87820D9
S214021A205A8A12F4006162D022F400625A82027864
S214021A3002F0FF09002A5ED1FDF710FFFFF7B8FBA0
S214021A404A4620214BEA020B0C43B00009D52E2051
S214021A50FDF79EFB4FF00051904A44F008041167D0
S214021A605166F10606D52B20FDF792FB10218B4A14
S214021A701167516616F0306F05D1F20463D5BAF1DC
S214021A80000F00F0C080330117D52920FDF780FB38
S214021A90844A526C12B11021834A9160FFF7B4FA5D
S214021AA048B1824A82487D494A66026700F540503C
S214021AB0C068400422D444F0040416F0007A28D009
S214021AC00420FDF717FC2720FDF762FBFFF770FBEB
S214021AD04FF00071714A5166764AD2F8D82E5206F5
S214021AE079D40221704A916044F0020428E0027818
S214021AF04FF40052A6E74FF400422DE70A67202073
S214021B004A66FDF745FB2D2044F00C04FDF740FB2A
S214021B10D3E716F0807FDFF88C9147D00420FDF7DC
S214021B20E9FB2820FDF734FBD9F87820002A3AD1C1
S214021B30FFF73EFB594A5D4944F0010411675166BE
S214021B400021584A9165720508D55B498A78002AB1
S214021B5000F0D880013A8A7000221743574AD2F81A
S214021B60A020130603D558462146FCF7C7F93A4685
S214021B7058462146FFF770F8019B0BB1FCF7F8FCBC
S214021B8001224F4B05F00435C3F8E0504D4B18F4D4
S214021B90002FC3F884211EBF4FF40022424BDA61A5
S214021BA005B0BDE8F08FC9F878A0C3E7F104C7D541
S214021BB00420FDF79FFB444AC9F87420FDF74EFE49
S214021BC0D9F8642012F0407FBAD12A20FDF7E0FA55
S214021BD0FFF7EEFA80E7394AD2F8A0108B0683D4D4
S214021BE002203A4988603A49096891F82510C807E0
S214021BF07FF57AAF92F8C420002A3FF475AF8021B1
S214021C00344A116170E7344A1268013202D04BF04E
S214021C10010B98E728490A7952B1013AD2B20A7101
S214021C2012B9234A2D49516700224BEA020B8AE772
S214021C300420FDF75FFB0320FDF75CFB194A2249EF
S214021C40516718F032FC81460DF10F00FEF732F9AB
S214021C50234A824612780AB1FEF784FFBAF1030FCE
S214021C600ED1DFF870A00020FEF724F9032807D172
S214021C70DAF87420D103F6D4DAF85C200C2AF2D90A
S214021C809DF80F20032A2FD10121164A48461170CB
S214021C9018F006FCC8E700BFEC53002000E001B8CD
S214021CA01F61002000C001B8002002B8100000200A
S214021CB000D001B8001000B013610020001E00B072
S214021CC00060005400E100E000000101001002B8CC
S214021CD008540020000002B8A86700200000010D8A
S214021CE02561002021610020094AD2F8E02012F482
S214021CF0A02FC9D1FEF7C8FF484618F0D1FB4FF413
S214021D00804292E70220FDF7F5FA012225E700BF9E
S214021D10004000540122024B1A62DA61704700BF8B
S214021D20002002B80D4B10B5DC691A6A14400C4A42
S214021D3024F47F01D161E20706D5D9684FF0FF305F
S214021D40C1F3036114F055FA630706D5BDE81040E7
S214021D50042200200021FEF77FBF10BD000002B85B
S214021D60002002B80C4A08B5936B526C13400B4A1B
S214021D709363DB070FD50A4B40F6634218781221AD
S214021D8000F00100FAF786FABDE8084000220120BA
S214021D900021FEF761BF08BD00C000B800E000B831
S214021DA0A0150020054AD2F88430DB07FBD4936FD7
S214021DB0D2F884201340024A93677047008001B825
S214021DC000A001B870B514460D4618F06EFB064B1F
S214021DD0D3F8A06074402C407440C3F8A04018F0BA
S214021DE05FFB06EA050070BD001E00B0034BD3F889
S214021DF0A03099430CBF012000207047001E00B09F
S214021E002DE9F04117460A43012A1D469DF818405F
S214021E109DF81C60DDF8208029D8B44227D2082E0F
S214021E2025D8032B23D8B8F1000F20D00A4600216C
S214021E30FBF71CFDFF21EB009940C943DFF834C0D5
S214021E4008F1FF38FF00E2B2964202D80020BDE851
S214021E50F0813D190CEB8505D5F8E02018F8010F46
S214021E600A4098401043C5F8E0000134EBE7212011
S214021E70EDE700BF001E00B0034B1868034B0028B6
S214021E8008BF1846704700BF04540020A8940400F8
S214021E902DE9F843DFF860900646D9F80080084638
S214021EA01746B8F1000F03D00E242046BDE8F8838B
S214021EB006B3336801331DD1E1B1FAF70DF80546D2
S214021EC00028F1D0C9F80000FAF72CF8284613F0DB
S214021ED0A4FC044640B14046C9F80080FAF722F84E
S214021EE0284613F095FCE0E73560002FDDD0284643
S214021EF0B847DAE72124D8E708540020024B1868CE
S214021F00003818BF0120704708540020002108B589
S214021F10024B08465B689847002008BDA067002071
S214021F200523064AA2F84A3092F8493003F0010324
S214021F3063F0730382F84930704700BF001F00B099
S214021F400023F0B585B0CDE901330393124B134D50
S214021F501B78134E8DF8043018F0B4FA2A783378CA
S214021F6004469A420F4F0CD03178386801AA29707D
S214021F7014F074F950B140F608210B4818F097FB9C
S214021F8004E0386814F04AF90128EDD0204618F02B
S214021F9094FA05B0F0BD00BF896A0020BA6A002034
S214021FA0BB6A002024540020DE480400F8B52B4B00
S214021FB01B7823B140F6FC31294818F078FB18F05C
S214021FC081FA284B07461C8814F0060409D0012122
S214021FD04FF4807017F0D0FA3846BDE8F84018F093
S214021FE06CBA21464FF4807017F0C6FA204600F00D
S214021FF09DFF022808D180221B4B8021186813F00F
S214022000D6FCFFF79DFFE7E7204600F08FFF054668
S21402201038B1012807D040F63141114818F047FB85
S214022020DAE70246E8E7FF220F4E104B30681A70D6
S214022030FFF76CFF306814F0F1F80128CCD02A467E
S2140220402946306814F0ECF821462C2017F0C0FA26
S21402205021460A2017F0BCFABEE700BF2B6100201B
S214022060DE480400FE59002024540020BA6A0020EC
S2140220700021014818F0C6B8206800207F2837B52E
S214022080044610D14FF6FF73022217480DF10601DF
S214022090ADF80630EAF7D6FEBDF80640E2054CBFBC
S2140220A06FF04A0464B218F00DFA104B05461C7025
S2140220B00F4B1B88DB0710D50E4B1B78002B0E4BE5
S2140220C00CBF21466FF07F01186813F095FC20B113
S2140220D040F67861094818F0EAFA284603B0BDE8E7
S2140220E0304018F0EAB900BF641002C0B26A00209D
S2140220F0FE5900202C61002024540020DE480400F3
S21402210010B50FF0DFF860B10FF0DEF80B4A80B1C1
S21402211041F20D03BDE8104041F20D01074817F0E9
S2140221207DBB074B1A781B799A4204D10022002302
S214022130F0E70D23EEE7034AF9E700BF400D030080
S214022140896A0020488D0100F8B5164E0D46337890
S21402215002F0010423B140F2C531134818F0A7FA81
S214022160124B134F1D60134DA4B1134B997801B156
S2140221700121202017F000FA2B783B700F4B1C78B9
S2140221800F4B00211C70042333700E48BDE8F84044
S21402219018F038B82146202017F0EEF92B783B705D
S2140221A0EEE700BF2B610020DE4804001454002036
S2140221B028610020BC6A00201854002029610020F3
S2140221C02A610020206800202DE9F84318F07AF9E9
S2140221D0DFF8A0810546B8F80030614C13F4807F22
S2140221E003D0237873BBFFF7E1FE0021084617F001
S2140221F0EFF95C4B1A78FF2A13D01A7802F0FF0622
S21402220032BBFF221A702378052B0AD100232846F8
S214022210237018F052F9304614F0B0F818F052F95C
S21402222005462378504E062B09D13378FF2B06D06D
S2140222303378022B15D100214C4817F0E3FFFF2319
S21402224033702BE000214FF4807017F095F9CCE73D
S2140222501A78012A4FF0FF0214BF33264C261A7052
S214022260D4E7337813B13378012B22D117F024FA4E
S21402227007463E4896F8009001F0CEFBFF235FFA31
S21402228089F9337077B1B9F1010F44D16421374827
S21402229084F8009017F0B6FFFFF752FE284618F0B3
S2140222A00CF906E02846277018F007F9384614F0AD
S2140222B065F8B8F800301B0605D50021802017F017
S2140222C05BF912F06EFB01F0E3FA294E308000B3A0
S2140222D02778012F42D117F0A9FE054610B3013028
S2140222E018F0C3FA00F44060B0F5006F1AD1042269
S2140222F03946284617F0DAFD284418F0B6FA4FF6A3
S214022300FF7398420ED10020318800F0F1FC0023C2
S2140223103380BDE8F88300232846237018F0CDF8F2
S2140223203F20C4E7114801F077FB002108462170E0
S214022330012500F08FFC23780BB9FFF737FE00204B
S214022340318800F0D5FC00233380002DE1D02078C0
S2140223500028DED1BDE8F84314F048B90025EAE7C4
S2140223602B610020B96A0020B86A0020206800208D
S214022370FC590020FE59002008B513460A461946A5
S214022380064B186813F0C5FB30B1BDE8084040F2B2
S214022390F441034818F08BB908BD00BF245400204E
S2140223A0DE48040008B513460A461946064B186866
S2140223B013F0A9FB30B1BDE8084040F2FB410348E8
S2140223C018F075B908BD00BF24540020DE4804008A
S2140223D0024B1878431E5842584170472B61002022
S2140223E008B5064B1B7823B140F22551044818F075
S2140223F05EF9FFF7DBFD002008BD00BF2B61002061
S214022400DE48040008B5054B01EB81011868490057
S21402241013F0F4FA002818BF212008BD2454002027
S21402242008B5044B1868F9F70FFF0A2390FBF3F080
S21402243040B208BD24540020014B1878704700BFF4
S214022440BB6A002008B5044B186813F042FAB0FACB
S21402245080F0400908BD00BF2454002038B5124D54
S2140224600C462B78012B04D940F246510F4818F03F
S2140224701EF921460020FFF7E5FF90B10C4B1C70B9
S2140224802B785BB9FFF792FD0A4B93F900100A4BC3
S214022490C901186813F086FA002038BDFFF750FD10
S2140224A0F2E72120F9E700BF2B610020DE48040096
S2140224B0BB6A00202D6100202454002008B5074B7B
S2140224C0186813F004FA30B1054BB3FBF0F083B290
S2140224D00BB1184608BD0120FCE700BF24540020BB
S2140224E040420F002DE9F3475C4E012018F0DCF85D
S2140224F03388990704D440F63F41594818F0D7F874
S214022500DFF8808198F80030053B012B04D940F6AD
S2140225104141534818F0CBF8524F3B6823B940F676
S21402252044414F4818F0C3F8348814F0200478D099
S2140225300121222017F04CF84FF47A74FFF7BEFF01
S2140225403B681B780933434304EBC30498F8003016
S214022550A5B2062B0BD117F077FC0446FFF7AEFFA9
S214022560602358430C2303FB0400284485B2D7F8A3
S21402257000903D4B99F800801C7808F1FF381FFA4E
S21402258088F8002C52D133885A0505D409F1010087
S21402259018F06BF9C0F340143449354A887812783B
S2140225A04B7812FB00F2334F93423B70A4BF9B1A48
S2140225B03B703B78CA78BD60934238BF13463B7087
S2140225C00EF088FE002833D00EF082FE012814BFDB
S2140225D01025082525430023DFF8ACA000938022AF
S2140225E043464946DAF8000013F03AFA20B14FF4AF
S2140225F03B611B4818F05BF81F4BDAF800001978AD
S2140226001E4B197033889B0614D52A461C4B00971E
S21402261013F022FEC0B9002002B0BDE8F04718F061
S21402262043B82146222016F0D3FF87E70024B3E7FB
S2140226302546D0E72A460F4B13F00CFE014618B982
S214022640252016F0C5FFE6E72146262016F0C0FF35
S21402265040F6F431024818F02AF8DCE7FE5900206A
S214022660DE480400145400202E610020896A0020EF
S21402267028610020D0670020BB6A0020BA6A0020CA
S214022680185400202B61002024540020184B10B54B
S2140226901B889B0704D440F6A661164818F007F874
S2140226A0154B1B78053B012B04D940F6A761114850
S2140226B017F0FDFF114B1B6823B940F6A9610D48C0
S2140226C017F0F5FF00240E4B0E4921201C7016F061
S2140226D07FFF014618B9BDE81040FFF703BF022886
S2140226E004D12046BDE8104017F008B810BD00BF60
S2140226F0FE590020DE4804002B61002014540020FE
S21402270026610020A5280200F8B55A4C23889A07AD
S21402271004D54FF43E71584817F0C9FF574801F0E8
S2140227207BF917F0CFFE238805465B070DD54FF0E1
S214022730FF3013F0DCF9524B1B68C01AB0F5717FFC
S21402274003D90021042016F017FF28464D4D17F036
S214022750B4FE2B78042B32D117F0B4FE238806463B
S2140227605F0708D54548002117F04CFD3046BDE806
S214022770F84017F0A2BE17F0A0FE17F0A3FE424BD9
S21402278006461B78414F13B9238859050FD50523F2
S214022790012102202B7016F0EFFEFFF777FF30467E
S2140227A017F08BFE3B68DA78394B1A70F8BD38683A
S2140227B0013018F05AF88206E9D50623E8E7062B18
S2140227C04DD1344B1B78FF2BF0D1334E0EF084FDE7
S2140227D03378002B3DD017F075FE238805465B073D
S2140227E005D52648002117F00DFD2846BFE717F04D
S2140227F064FE3378013B337017F064FE0446012111
S214022800022016F0B9FEFFF741FF20461F4C17F0D4
S21402281054FE2068013018F028F800F44060B0F545
S214022820006F13D1246801210422204617F03EFBD4
S214022830204418F01AF80146184B04201A78337808
S214022840D21AD2B2BDE8F84017F0D8BF4FF6FF71E1
S214022850F2E740202B70BDE8F84013F08FBD012B45
S214022860A4D100232B700E4B1868FFF74FFB3F20B6
S214022870F1E700BFFE590020DE4804002068002071
S214022880105400202B6100202E61002014540020DA
S21402289027610020B86A002028610020BC6A002058
S2140228A02454002008B50A4B1A7882B9012210284F
S2140228B01A7004D040F69D61064817F0F8FE002113
S2140228C0202016F059FEBDE80840FFF70BBE08BDF3
S2140228D026610020DE48040008B5094B1B88DB068B
S2140228E004D440F2C351074817F0E1FE102000213D
S2140228F016F042FE044B1868BDE8084013F0A3BC6D
S214022900FE590020DE48040024540020012208B5A7
S214022910074B1146186813F083FC00212C2016F092
S21402292057FEBDE8084000210A2016F051BE00BF3F
S21402293024540020014B4008185C7047B46A0020FB
S21402294008B513460A461946064B186813F0E7F808
S21402295030B1BDE8084040F6E941034817F0A7BE8B
S21402296008BD00BF24540020DE48040008B5044B0E
S214022970186813F053FC013818BF012008BD00BFC9
S2140229802454002070B5054617F09CFD0E4B0F4EE2
S2140229901B880446DA07357008D50D4B0D4D1B789B
S2140229A0012B08D90121286813F0E2FC2046BDE875
S2140229B0704017F082BD1BB10EF082FCC305F1D445
S2140229C0317881F00101EEE7FE590020B36A00205B
S2140229D02C610020245400200C4B10B51B880446A2
S2140229E0DB0711D5FFF78CFB094B84F001020821A7
S2140229F01868D20012F0DBFF30B1BDE8104040F696
S214022A003671044817F053BE10BD00BFFE590020B1
S214022A1024540020DE48040008B5044B014618681A
S214022A2013F088F8003818BF012008BD245400208F
S214022A3010B50A4C23787BB1FFF768FF002104200B
S214022A4016F09AFD0021022016F096FD0023237050
S214022A50BDE81040FFF7AABA10BD00BF2B610020E8
S214022A6038B5094800F0E8FC0024084D95F84430D3
S214022A70E0B2834200D838BD05EBC000043000F057
S214022A80DBFC0134F2E700BFC854002028540020C3
S214022A9008B5104602494822F8F71CFF002008BD78
S214022AA08054002008B5054817F071FF014620B98A
S214022AB0BDE80840014817F0A5BB08BD40680020E5
S214022AC0002238B51C4B15461C461A700132082ADD
S214022AD05D609D8043F8085FF8D1482200211748C0
S214022AE0F8F768FD4FF6FE73A4F868306FF480338B
S214022AF0E365134B00211A88124B1868F8F75AFD43
S214022B00114BC4E91255C4E9283584F8445084F8B8
S214022B105050656584F8A850E9F7FEFCFF220B4B7F
S214022B20012118700A4B00201A70E1F7ADFF002051
S214022B30FFF7B8FF002038BD28540020805400203C
S214022B402C6A0020006700200000FFFF2F61002093
S214022B507561002010B5AC24084B04FB0030836C72
S214022B6053B990F850403CB931B1C0E91212204630
S214022B70FFF798FF204610BD2120FCE728540020CE
S214022B80AC2370B503FB00F5094E731993F8504059
S214022B905CB920460BF022FF735D204643F0020329
S214022BA07355FFF77FFF204670BD0120FCE700BF8C
S214022BB028540020AC235843024A135C23F0030334
S214022BC0135470472854002070B516461F4A044610
S214022BD01278C2BBAC211E4D01FB00518A6C92BB1F
S214022BE091F850203AB1022B2DD191F844100729C2
S214022BF007D91C2026E091F844100729F9D8012BA2
S214022C0008D0AC2000FB0450CA00011D0C30F8F7B7
S214022C1023FD0021AC2303FB04F000249DF81430AE
S214022C2000EBC1012944CB71049B8E808B602B186C
S214022C3093F84420204601328C7183F84420FFF733
S214022C4031FF204670BD0120FCE700BF2E61002048
S214022C5028540020F8B5234B04461B780F46002B59
S214022C603ED1AC23204D03FB0053B3F8A03023B96A
S214022C7040F245311D4817F01AFDAC2202FB045201
S214022C80D2F8A46036B192F8A33039460020B2F8E2
S214022C90A020B047AC2300216343EA18A2F8A01094
S214022CA0C2F8A410482192F8A82001FB02322A4456
S214022CB0D2F89820964213D0EB5C9B070CD5AC2238
S214022CC06243AB5C204623F0020343F00103AB549D
S214022CD0BDE8F840FFF7E6BE0BF0A2FE0028EED1F4
S214022CE0F8BD00BF2E61002028540020354904009C
S214022CF02DE9F04F89B0059008460D4617F096F973
S214022D00044618B9212009B0BDE8F08F284617F00E
S214022D10A9F9C0B20838215C221892F802A00491E0
S214022D20D1785268277803920022B4F80130ADF8C1
S214022D301E20434A029192F800B0BBF1000F08D061
S214022D40404B1B681BB120464FFA8AF29847002078
S214022D50D9E703F00703022B70D001340922594643
S214022D60204617F0A3F8023F3F1A3B0606465FFAD4
S214022D7087F8C7D4344FD7F89090B9F1000F27D10F
S214022D8000210DF11E0B434622460846CDF800B040
S214022D900BF05CFDC3B20546002B4BD1BDF81E00FE
S214022DA013F030FBE0B9BDF81E0013F014FC8146A8
S214022DB0BDF81E0013F026FBF0B906EB080201234D
S214022DC02146584692B200F07BFDD0B119209AE710
S214022DD05B465A4601212846C8470028D0D191E7CB
S214022DE0D7F89430BDF81E00002BDCD0A119984706
S214022DF00028D8D1022086E742464846A119F8F7AD
S214022E0069FDBDF81E0017F011F9029B059A0372C0
S214022E10049B80F809A08372039B1BBAC360AC2391
S214022E2003FB027393F85020BDF81E0022B1DB6C40
S214022E3003B19847E8B266E7BB6FF9E7012062E79D
S214022E402E6100200C540020285400202DE9F8435F
S214022E5008460F46164602F1010913F0C1FB8046EA
S214022E60384613F0C8FA042856D1384613F0E7FA63
S214022E7048F661054FF6FF7248F64103294C904228
S214022E8008BF1D46B4F85C10301D17F0F0FC38463B
S214022E9013F0D5FA0146B01D17F0E9FCB4F85E103F
S214022EA006F1080017F0E3FC06F10A04384615F0AE
S214022EB05AF810B145F01005ADB22946484617F04B
S214022EC0D6FC384613F087FB424601462046F8F702
S214022ED001FD3846012117F0E1F84444074660B187
S214022EE017F0C0F80546384617F0A0F8EDB20146CE
S214022EF02A462046F8F7EEFC2C440B4AA41B13780D
S214022F000134591C1170F37034703046BDE8F84332
S214022F100922012116F0CABF484617F0A6FC4C4605
S214022F200546C3E7285400202F610020AC2210B5C6
S214022F3048245043094B1A1892F8A81004FB0100C3
S214022F40034493F87700022806D092F850301BB953
S214022F50032818BF012010BD0020FCE728540020DB
S214022F6070B508B1012070BD234C94F8A850002D0E
S214022F70F8D12946B4F85C20FFF714FA2946284609
S214022F80B4F85E20FFF7F8F92946284604F16002F5
S214022F90FFF7D6FC94F87730002BE3D0284694F857
S214022FA05860FFF749FA864215D1002094F95A5024
S214022FB0FFF736FA854216D10020FFF7B7FF044620
S214022FC0002016F029FF0028CDD02146BDE870402B
S214022FD00020FFF705BA284694F85810FFF73EFA85
S214022FE00028E2D0BFE7002094F95A10FFF70AFA49
S214022FF00028E1D0B7E700BF285400200346AC20E3
S21402300010B51446164A00FB032292F877000228EF
S2140230100CD1E07F022809D141B112490978012971
S21402302013D992F85810227891420ED11846217878
S214023030FFF708FA90B1482221460B48F8F74AFCF7
S214023040002016F0E9FE08B9002010BD044B93F8E4
S214023050A8000028F8D1FFF783FFF5E72120F4E760
S214023060285400206C6000208054002038B5AC2321
S2140230700D4C054603FB004300205A6DD86483F8C6
S214023080500012B15865FFF727FCF5F75FFBFF28E3
S2140230901EBFAC2303FB054484F8A8000020FFF7FC
S2140230A05FFF002038BD00BF285400207FB51D4CAE
S2140230B094F8A83023B1002084F8A800FFF750FF48
S2140230C094F85A30B4F8A0608DF80F3026B940F262
S2140230D0FD21154817F0EBFA144B31461D68002007
S2140230E02A46FFF7B3FEE46F02469CB10DF10F03CA
S2140230F001930023294630460093A04702462C78C7
S21402310054B920462146FFF7A5FD2046FFF7CAFC24
S21402311004B070BD0122F2E729460020FFF714F83A
S214023120F6E700BF28540020354904000067002057
S21402313038B5494B1C78002C58D1484800F06CFC36
S214023140204616F069FE002850D0454C2378D90751
S21402315033D594F850201AB123F00303237045E0C8
S21402316023F0010323700BF043FC237805469A07ED
S21402317001D50BF033FC294600200BF049FA40B982
S2140231802378284643F001032370BDE838400BF04D
S21402319025BC0023482284F8A33094F8A83084F88B
S2140231A0A25002FB0343D3F89830A4F8A000C4F858
S2140231B0A430BDE83840FFF779BF94F84400B0B1B8
S2140231C004F1A003251D95E8030083E80300FFF73A
S2140231D06DFF94F844202846D20004F10C01F8F75B
S2140231E03BFA94F84430013B84F8443038BDA26C74
S2140231F062B99B0711D52378002023F0020343F01F
S21402320001032370BDE83840FFF74CBC0123A064DD
S21402321084F85030904723789EE70BF001FC002894
S214023220E9D194F8A83073B1F5F790FA94F85030D3
S214023230002BDBD1FF2818BF84F8A800BDE8384071
S2140232400020FFF78DBED4F88C30002BECD09847C8
S2140232500028CBD1E8E700BF2E610020406800209E
S2140232602854002070B50446002016F0D5FDAC2385
S2140232705C430B4E351995F850300BB1002070BDEB
S2140232800028FBD0074817F082FB0028F6D1335DF2
S214023290002BF3D195F84400B0FA80F04009EEE72F
S2140232A0285400204068002010B5084A034613F050
S2140232B0A5F914684FF6FF7203EB40039C421846CA
S2140232C003D9018802339142F8D010BDE45400209D
S2140232D02DE9F047204F05463B88A3B3B0F90230EC
S2140232E0002B30DBDFF87C801C49D8F80000F8F7AA
S2140232F0B7FB20B94FF4EA71194817F0D8F900263F
S214023300DFF85CA0DFF860903A88B3B29A4204D83D
S2140233104FF4EB71504617F0CAF9D9F80030B2B242
S21402332053F83200D8F8001003EBC20468B943F829
S2140233303210A38828460133A38013F05FF9E3888E
S21402334003EB4003E380BDE8F087F8F789FB01361C
S2140233500028D9D1EDE700BF005A00200249040038
S2140233600C49040060680020D854002038B5094C87
S214023370094D22682B689A4204D94FF48771074890
S21402338017F095F928682368C01A20F0010080B269
S21402339038BD00BFE4540020EC5400200C49040061
S2140233A038B5124C124D21462846F5F77DF82368AB
S2140233B00BB12B681BB9DE210E4817F078F92A6884
S2140233C00D4B0E491A60236823F0010313440B6069
S2140233D00B4B1A602AB9BDE83840F821054817F0A9
S2140233E066B9FFF7C3FF6428F5D938BDDC54002060
S2140233F0E05400200C490400E8540020EC5400205D
S214023400E454002038B5094C094D22682B689A42CC
S21402341004D34FF48A71074817F049F928682368DD
S214023420C01A20F0010080B238BD00BFE854002068
S214023430EC5400200C4904002DE9F0411D4B0446D3
S2140234401B78012B24D1008816F0D2FD0546D8B190
S2140234500426DFF864802C4617F034F80746204628
S214023460FFF736FF638843EA08036380A05B16F023
S214023470BFFD0446384617F020F81CB1B4F90230F6
S214023480002BE9DA062E01D1BDE8F0810626E2E736
S214023490022BF9D117F016F80246208816F0A8FD7E
S2140234A018B10388C3F30E0323801046BDE8F0412B
S2140234B017F003B8306100200080FFFF2DE9F04FBF
S2140234C00024BA4B97B006461C8016F0FBFF012379
S2140234D0DFF8EC82B64F3B70B8F80030A8F8004030
S2140234E0ADF81630B34B1B68019316F0E6FFB24BED
S2140234F021461A88B14BD2001868F8F75BF80DF12E
S2140235001600FFF799FF002E3CD1DFF8B8924FF075
S214023510000B0125D9F80040019B9C4239D3BBF130
S214023520000F39D1002DF2D0D9F80040DFF898A26A
S21402353025462246019B9A4273D302230DF11600BA
S2140235403B70FFF779FF002E40F08F80D9F80060BD
S2140235503246AA4280F0A280908816F049FD18B141
S2140235600388C3F30E039380D08816F041FD18B18A
S2140235700388C3F30E03D3801046FFF795FE024678
S214023580E7E79847E3B256F823300134002BF8D128
S214023590BBE7BBF1000F3ED00BF1FF335FFA83FBB4
S2140235A016AB03EB8B0252F8402CB2F9020051889C
S2140235B00028B1DA4B04AFD4924641F48040931D02
S2140235C02AF8020F02933AF8020F16F011FDF0B134
S2140235D0B0F902E0B0F802C0BEF1000F17DB6FEAE6
S2140235E04C4C6FEA5C4CA0F802C00390FFF770FEEA
S2140235F0BBF10F0F8FBF002516AB039A03EB8B00B0
S2140236009EBF0BF1010340F8402C5FFA83FB029B3E
S2140236109A45D8D180E72046FFF746FE2246044662
S214023620C3E7104612F0EAFF8346B2F90200118899
S21402363000280AEA010108DA204616F0CFFC084301
S21402364081B204EB4B0402EB4B0510461180FFF7E8
S2140236502BFE02466EE798475FFA8AF356F8233047
S2140236600AF1010A002BF6D170E74FF0000AF3E7E1
S2140236703046FFF719FE82467EB1B6F902307188EF
S214023680002B0ADA3088C0F30E0016F0B1FC864230
S21402369003462DD1C1F30D0171805646AE42E7D3E3
S2140236A0DFF81CA116F00EFF00210646504612F067
S2140236B0F6FF16F09DFC0546002800F0878030468F
S2140236C016F0FBFE284612F099FF0646204616F034
S2140236D085FC81467600324629462046F7F7BCFF2F
S2140236E0002249460DF1160017F029F93444D9E7AD
S2140236F01BD9304612F082FFC1F30D0142007180E1
S2140237001846314692B2F7F7A7FFC6E75046FFF7CC
S214023710CBFDD146854203D9B0F90230002B01DA3F
S214023720824603E0FFF7C0FDF4E7B146554507D9E8
S214023730BAF80000C0F30E0016F05AFC8245E5D334
S214023740B9F1000F30D0B9F80000C0F30E0016F041
S2140237504FFC034638B93346CB46994513D8B14594
S2140237609BD0D946ECE7484612F048FFB9F802204B
S2140237704946C2F30D02A9F80220420092B2184648
S214023780F7F76AFFE7E718460193FFF78DFD019BFF
S2140237909B46854203D9B0F90230002B01DA034674
S2140237A0DBE7FFF781FDF4E7CB46DAE7025A0020B3
S2140237B030610020E4540020005A0020D854002033
S2140237C0045A0020E85400200080FFFFBDF816309F
S2140237D03870A8F80030044B30461C6016F06DFEB8
S2140237E017B0BDE8F08F00BFE45400202DE9F04189
S2140237F0054616F0FDFB0F460446D8B117F089F8C9
S21402380020B940F2FB41204816F051FF284616F038
S21402381029FC05462046FFF747FDBD42064609D06D
S21402382004D840F20351184816F041FF2588ED0BE4
S21402383002D02781BDE8F0816780204612F0DEFEC6
S214023840074604EB400816F03DFE104B1A68B242DB
S2140238500AD1C3F8008016F030FE2A464046BDE87C
S214023860F041FF21F7F7A6BEA6EB0806B5B216F0A2
S21402387024FE072DF1D90023083D44F81730C8F876
S2140238800430A8F80250D5E70C490400E45400209E
S21402389038B516F017FE00210546044812F0FFFE62
S2140238A00446284616F009FE204638BD045A002073
S2140238B0024B1888B0FA80F040097047045A00207C
S2140238C02DE9F74F044600881F4616F091FB8846FE
S2140238D01546064617F01DF820B940F2FE613F482D
S2140238E016F0E5FE3388DB0B009306D033892B44B3
S2140238F03381002003B0BDE8F08F208816F0B2FBBB
S21402390082463046FFF7D0FC019016F0DBFDDFF86A
S214023910D0B0019BDBF8002081469A421DD1FFF70A
S21402392025FDA84204D2484616F0C7FD1A20E1E754
S2140239300AEB050373803FB1208816F077FB2A4610
S21402394041465044F7F7C6FF3046FFF7ADFCCBF8CA
S2140239500000484616F0B1FDCBE716F0AEFD208813
S21402396016F080FB2844009980B216F0D3FB064678
S2140239700028DBD016F05AFB8146208816F056FB4C
S2140239808246208816F06EFB514602464846F7F7F6
S214023990A1FF3046AFB116F049FB0746208816F065
S2140239A061FB2A4641463844F7F794FF01212088F6
S2140239B016F074FB01210246304616F083FB268081
S2140239C097E716F033FB8046208816F04BFB2A4614
S2140239D039464044F7F7EEFDE8E700BF0C4904001D
S2140239E0E45400203421014816F061BE2049040048
S2140239F0036910B55BB18268064B9A4201D100207A
S214023A0010BD446916F04CFE201AF9D5F7E74FF0C0
S214023A10FF30F5E7E539020082681C4B70B59A4222
S214023A200446056819D116F04DFD236923B1A34259
S214023A3006D100222A601A61BDE8704016F03DBD2C
S214023A401A4611461269A242FBD12A68A24208BF50
S214023A5029600B6100232361EEE7036993B1984264
S214023A606E6803D19D210A4816F021FE2B46B44209
S214023A7009D122699D4218BF1A614FF0000308BFA0
S214023A806A60236170BD33463669F0E7E5390200A5
S214023A90204904002DE9F047074600254FF0010AA9
S214023AA0154EDFF858808AB0347914B90AB0BDE8EA
S214023AB0F087D6F8009087B900972A46B8F8001023
S214023AC0234603A816F0CAFF2246484603A9E9F78A
S214023AD0E5F92544EDB20836E6E7224603A948464C
S214023AE0E9F7B0F9CDF800A023462A46B8F8001048
S214023AF003A816F0B3FFECE7D4940400065A00209D
S214023B000148FFF799BC00BF065A00209C46174B97
S214023B10F7B5054608461988164611B1144B1C78A7
S214023B20CCB1014662463046BDB103B0BDE8F040B6
S214023B30E9F788B91C44E4B208373B79002BF0D089
S214023B403A689642F6D185F001052246009516F0AF
S214023B5085FF03B0F0BD074FEFE7E9F79FF9B0B274
S214023B6003B0BDE8F04010F020BF00BF065A0020A8
S214023B70BD6A0020D494040010B5074C238843B1D4
S214023B800020FFF787FF0020FF22044B20801A70D8
S214023B9010BD0220FCE700BF065A0020BD6A0020C6
S214023BA0142810B518D8082805D110F067FFC401EC
S214023BB0E4B2204610BD0E2802D110F062FFF6E7EE
S214023BC0064B53F82040002CF3D00A282478F0D174
S214023BD005F0A0FE0443EBE7FF24EAE72495040081
S214023BE0014BB3F86800704728540020004870471D
S214023BF092540020014B1878704700BFAA6000203C
S214023C00014B1870704700BFAA600020194B0228AB
S214023C1010B5187002D0043801281BD8164B1B7832
S214023C20042B03D00021154816F0ECFA144B1B683F
S214023C309A001BD513F0805F40F6114418BF4FF46C
S214023C404164204611F0B4FA90B92046BDE810400F
S214023C5010F0A9BE0948FFF7DFFE0A48FFF7DCFEB0
S214023C60162412F048FF11F09DFAEAE71524E8E759
S214023C7010BD00BFAE600020AF6000206468002068
S214023C80A846002014460020024B187800F00F00C9
S214023C90704700BFAE600020034B187800F00F009C
S214023CA0831E584258417047AE60002008B512F095
S214023CB00DFFC0B112F023FFA8B10AF0A7FF90B91A
S214023CC00A4812F0B5FC70B1094812F0B1FC50B1C6
S214023CD010F0DCFE38B111F06DFA20B9BDE80840EC
S214023CE0044812F056BD002008BD00BF085A002046
S214023CF03A5A0020F054002030B505460C4693B0E0
S214023D0081B910B9002013B030BD1023214A69468C
S214023D100120FFF7FBFE9DF805305A1E052A28D91A
S214023D201720F0E7182200212046F7F743FC002D63
S214023D30EBD1FFF7B1FF30B310F073FD6A460146D0
S214023D400020FEF7A5FEBDF80430204623819DF82C
S214023D500230A3729DF80030E37213F056F8002387
S214023D6004F11401237304F1100003F0CBFDE0818B
S214023D70C8E7094A9DF8041012789142D0D12B70F8
S214023D80002CD6D1BEE7054B1B78033B022BD3D9BA
S214023D90C6E700BF64EE0100946A0020AE60002011
S214023DA030B593B005460C46FFF776FF20B90C4BAC
S214023DB01B78033B022B10D810F033FD6A460146EF
S214023DC02846FEF765FE00209DF8023060702370DC
S214023DD09DF80030A37013B030BD1720FBE700BF7C
S214023DE0AE600020054B1878012805D000F0FD00D3
S214023DF0A0F1310358425841704700BFAE60002020
S214023E001FB50146002201A816F0CCFA064801A901
S214023E1016F0F2FD20B116F009F94089C0F3400011
S214023E2005B05DF804FB00BF3A6A002030B585B0E5
S214023E300D460022014601A816F0B4FA084801A968
S214023E4016F0DAFD50B116F0F1F8044601460822E3
S214023E502846F7F701FC6089C0F3400005B030BD84
S214023E603A6A0020F8B50546F8B100210F4816F068
S214023E7060FD0446A8B10D4F204616F0D7F8064658
S214023E8016F07CFA830705D4082229463046F7F74F
S214023E90DDFE38B12146384616F06FFD044600288E
S214023EA0EAD10024201E18BF0120F8BD3A6A00207D
S214023EB010B50C460146064816F09EFD30B116F0C7
S214023EC0B5F843891C4214BF0120002010BD00BF74
S214023ED03A6A00201FB51446024601A816F062FA96
S214023EE0074801A916F088FD40B134B116F09EF8D5
S214023EF0142201462046F7F7AFFB012004B010BD9E
S214023F003A6A00201FB50146002201A816F04AFAB6
S214023F10094801A916F070FD58B116F087F84389D2
S214023F20024613F0020004D0507B80F00800C0F373
S214023F30C00005B05DF804FB3A6A0020F7B59DF8AC
S214023F4024400D4601949DF82040064600941F46E4
S214023F5013F0F8FF4FF6FF718842044610D0BB07F5
S214023F6011D4284600F056FF204616F06CFDFF28B6
S214023F701FBF084A32F8103023F4804322F810306C
S214023F80204603B0F0BD02462946304612F097FCA2
S214023F90EAE700BFD859002073B50E46014614481A
S214023FA016F02AFD0546D8B116F040F843890446B5
S214023FB0334012D09B0736B20BD5002E09DAA17B0E
S214023FC0437B0289007B0191012100912146FFF784
S214023FD0B5FF638923EA06036381628912B1012071
S214023FE002B070BD2946024812F078FBF7E700BF20
S214023FF03A6A00200148FFF71FBA00BF3A6A00205B
S21402400013B53E4C0DF020FFD4F8FC311020C3F35C
S21402401007430193FFF7C4FD000650D50020FFF7C3
S214024020BFFD01064BD5019B802B3ED1236A9A0722
S21402403004D440F61544204602B010BDE3699B073F
S214024040F7D52F4811F0E2FB012012F0B2F90DF07D
S2140240500EFF04460028EED100F042F9294812F07D
S21402406072FB00F099F9E8F757F80DF0ECFE08F04D
S21402407003FF08F055FFF4F761FAF4F7FFFAF4F7D6
S21402408019FB03F0DBFD10F0FBFC10F0FCFC11F05A
S21402409094F81D4813F05FFF06F08CFA11F050F802
S2140240A00028C8D011F04EF8C5E7019B812BC0D17D
S2140240B0D4F80C315B00BCD5D4F80C31BFE7102025
S2140240C0FFF76EFD0006BCD40020FFF769FD01066F
S2140240D0B7D5019B802B05D1084B1A6AD207A8D503
S2140240E0DB69ACE7019B812BA3D1044BD3F80C21EF
S2140240F0002A9EDAD3F80C31A1E700BF0080E00F59
S214024100690345ECF0540020013E020010B512F09F
S214024110EFFC70B301F0E0FA80F00104E4B2002094
S214024120FEF724FC44EA800424B212F0CFFC10BB53
S21402413002200443164816F02AFC44EA40141548A6
S21402414016F025FC24B244EA0014134816F01FFCAD
S21402415024B244EA8014114816F019FC24B244EA48
S21402416040240F4816F013FC24B244EAC02080B262
S21402417010BD0124D3E70B4812F05AFA0028D7D014
S214024180094812F055FA80F00100C0B24000D0E7AC
S214024190A468002088690020AC4600200869002038
S2140241A068690020085A00203A5A002008B501F033
S2140241B07FF8FEF709F8144812F03AFA08B904F044
S2140241C025FF124812F034FA08B906F0DDF902F0BB
S2140241D095FF0F4812F0E9FA0E4B1B78043B022BB0
S2140241E009D80D4816F0D3FB28B1FFF78FFF102829
S2140241F001D107F0E1FC10F04BFC12F06FFBBDE8BA
S21402420008400648FFF75AB9085A00203A5A0020D2
S214024210F0540020AF600020886900209C950400BE
S214024220014B1868704700BF245400204FF6F773FE
S21402423070B5984204460D4686B043D812F05CFB31
S214024240A04207D1082220492846F7F705FA00209F
S21402425006B070BD1D4EB6F86830A3420AD10022E1
S214024260082106F16A0012F0D5FA18B9082206F1FA
S2140242706A01E9E784B10023012219462046009329
S21402428008F05CFDFF2811D12946204608F000FF01
S21402429080F00100C0B2DBE70D4B1B689B07EAD437
S2140242A0284606F0FBFD0028E5D0D0E702A913F069
S2140242B0F4FC0028E8D1DDF80D302B60DDF8113073
S2140242C06B60C4E70120C3E7316100202854002058
S2140242D0A8460020014B1870704700BF946A002061
S2140242E010B5054C082221460448E8F7ABFD2046E7
S2140242F012F03CFB10BD00BF3161002034B608C08E
S2140243000048704731610020082208B50349F7F7D4
S2140243109DFCB0FA80F0400908BD00BF3161002064
S214024320014B1870704700BFA2600020F7B50D461B
S214024330044616461F460021284601F061FD0B4B37
S214024340002183F859402A463346204600970AF051
S2140243503FF9014630B10222204603B0BDE8F040E4
S21402436000F006B8012003B0F0BD00BF28540020BC
S21402437013B513460C461AB1022A0CBF1346012384
S2140243800021044A019100922246FEF71DFC02B06B
S21402439010BD00BFD36B030000B5002093B0FEF73C
S2140243A08FFB1E4B188813F0D7FD1D4B1D491A783C
S2140243B000200AF091F9342200216846F7F7FAF84D
S2140243C00B238DF800306FF4803301934FF6FE73A3
S2140243D0ADF8103003238DF81D30134B134A0893A3
S2140243E0134B10680993134B51680D93124B6A4690
S2140243F00E93124B0F93124B1093124B119302AB68
S21402440003C300210846FEF7F9FD6A460121002093
S214024410FEF7F4FD13B05DF804FB00BF266A002029
S214024420A36A00203459040041480200316100208A
S2140244306F69030029750200E949020055840200EB
S214024440D36B030059710200014B1878704700BF06
S21402445039610020014B1888704700BF3E6A002071
S2140244602DE9F74F814610460E46904616F0FDF9A6
S214024470DFF840B105469BF8003033B94A4B1B685B
S2140244801BB94A4B1B68002B7FD015F4406A05F017
S21402449040071BD19FBBB5F5804F61D24FF48074A5
S2140244A0B9F1400F73D0B9F1800F63D0B9F1100F94
S2140244B06BD100239BF800003D4AD9B2884264D9EA
S2140244C032F8021B0133A142F7D166E008F103007D
S2140244D016F0CBF94FF6FF73984214BF012402245C
S2140244E087B1052705F44043B3F5004F44F00804AE
S2140244F025D0B5F5804F24D244F4807421E054468A
S2140245000327EFE7B5F5804F4FF00507F4D3BAF56A
S214024510406F14BF022008203844404416F0A5F924
S214024520019012F006FA019B05F4404598420CBF32
S21402453044F0080444F00404B5F5004F01D144F0F9
S2140245408004BAF5006F0FD108EB070016F08DF95C
S214024550054612F0D1F9A842A2D144F010049FE712
S214024560544603270220D7E7BAF5406F08BF44F047
S214024570200495E70C4B1B683BB10022D1B233F8FE
S214024580110033F91110002903DA002008E0074B66
S214024590F1E7A04202F10102F0D106B13480012017
S2140245A003B0BDE8F08F00BF005500200455002080
S2140245B0585A002072610020034B1A78022A04BF60
S2140245C009221A70704700BF3A6100200C22034B82
S2140245D01A211A700320002201F090BD3A610020D1
S2140245E00C2208B5054B1A211A700022104601F05B
S2140245F085FD0022024B1A6008BD00BF3A6100200A
S2140246000C5500200C2270B50D4B05461E781A700C
S21402461030B93046BDE8704000221A2101F06EBD66
S214024620084B1C78E1B21A29F3D825FA04F3DB0703
S21402463003D54422304601F061FD0134F2E700BFA3
S2140246403A610020BF6A00200C22024B1A7010F05A
S214024650AABD00BF3A610020F0B50C8805460E469A
S2140246608BB0E4B94FF6FF77ADF8247010F0B0FDCA
S21402467010B902200BB0F0BDCDE90340CDE90544E8
S214024680134A0294B2F85C306032019300923B46C1
S2140246904CF60101FF2009AA13F079FC3080284667
S2140246A012F070FA0B4C70B1237863B1013BDBB2A7
S2140246B02846237012F066FA38B12078B0FA80F0F5
S2140246C04009C0B2D6E70523F2E70120F9E700BFAA
S2140246D028540020BE6A0020034B11461B6803B113
S2140246E0184710F020B900BF0C5500200C22024BD0
S2140246F01A7008F039BF00BF3A6100200148FEF781
S2140247009BBE00BF0A5A00207FB505460C461646D9
S21402471015F0B6FE00286BD1062D03D85223EB40C7
S214024720DB071AD4B4F1006F05D3E30E1C3B032B50
S21402473018D94F202EE000222F4B1A602F4B1D70E7
S21402474012F08EF803460A2D54D8DFE805F02D182D
S2140247503E49182518535341360002F0A3F8B4F127
S214024760006FE2D20022244B042D1A60234B1D70E8
S214024770E6D1022001F0B6F912F072F803460122E1
S21402478002921F4A01921F4A00921F4A3146204651
S2140247900AF078FA04B070BD314620461B4A04B0CF
S2140247A0BDE870400AF056BA31462046184B194A00
S2140247B004B0BDE870400AF031BA00220292164AEE
S2140247C00192104A0092154AE0E702220B4B1A7039
S2140247D000221046124904B0BDE87040FEF7BAB98E
S2140247E0002202920F4A0192064A00920E4ACDE732
S2140247F04D20CFE70120CDE70C5500203A6100207E
S2140248000546020041480200BF6B0300ED46020067
S214024810E1450200D9460200494602005946020016
S214024820B9450200CD450200816B030008B50AF0C7
S21402483059FA0C22014B00201A7008BD3A6100207A
S214024840F0B585B0ADF8060018B97621644815F0C3
S2140248502EFFBDF8060011F0CEFD0446BDF8060098
S21402486011F0C9FD082846D00C2CBDF8060042D12E
S21402487011F0B1FE074615F0F8FF0DF10F010646DE
S214024880BDF8060010F0EDF8002879D009220021C4
S214024890384615F00BFB9DF80F301033C518BDF8DF
S2140248A0060015F0DFFBEDB2854269D22946BDF857
S2140248B006000AF025FB06F44C4416F4406605464C
S2140248C014D0F81C15F0D1FF4FF6FF73984208BFBC
S2140248D044F04004B6F5006F08D1781D15F0C5FF08
S2140248E04FF6FF73984208BF44F010049DF80F304D
S2140248F05BB3072D44D1BDF8060011F072FD0446E5
S214024900BDF8060011F077FD082817D0A30615D5C6
S21402491024F0200189B2BDF8060011F04DFDBDF865
S214024920060011F058FE0021092215F0BFFA00F128
S214024930100189B20DF1060013F052FC0022BDF8F8
S2140249400610284815F0FBFF1AE0082D16D8BDB150
S214024950013D072D14D801A353F825F0B9490200EA
S214024960C5490200814902008549020081490200C8
S214024970D1490200F7480200D74902007C2D24D014
S21402498005B0F0BD24F48844A4B2B4F5084FF7D1BC
S214024990BDF8060011F02AFDBDF8061013F0E1FA84
S2140249A00028A8D0BDF8060011F078FD00220146C6
S2140249B0022015F023FFE3E724F48064A4B2B4F5E2
S2140249C0484F97E7B4F54C4F94E7B4F54C4F92D066
S2140249D04CF6500301E04CF640439C428AE700BF87
S2140249E02E490400085A00202DE9F7430F46904648
S2140249F09946064615F01AFB0446304615F032FB79
S214024A00C5B2083D2C44E178094BA2781970094BCF
S214024A1031461A70002043463A46CDF800900DF013
S214024A209EFE003818BF012003B0BDE8F08300BF29
S214024A3054610020536100202DE9F04FDFF84081D9
S214024A40DFF8409198F8002099F8003006469A421E
S214024A5085B004D340F21911424815F028FE3046BC
S214024A600DF10F0115F0B6FC20B14FF48E713D48E2
S214024A7015F01DFE98F800709DF80F403D1B15F0CE
S214024A80FF0530D04FF0FF3C374B01211B78A14089
S214024A90184699F800304FF6FF790CFA03FC00230B
S214024AA0324A01F1FF3E0193C1F1000A9DF804303B
S214024AB0984243D8122004FB00002D4BA0F11201AD
S214024AC005EBC5025200194404F101091844F6F731
S214024AD0C3FD4FEA89092748A9F104010144AA0047
S214024AE04844F6F7B9FD224904EBC40201EB42033F
S214024AF021F81260204A013712784FF6FF71DA73F6
S214024B001A745A7412025A801C4A0D2012781A71AC
S214024B1010225A7100229A73C3F80620C3F80A209C
S214024B20144B43F8242088F8007015F067FE0EB97F
S214024B3013F076F8204605B0BDE8F08F13884B4593
S214024B400AD053680AEA030B03EA0E030B4403EB8C
S214024B504B0343EA0C035360019B08320133019373
S214024B60A4E700BF41490400A06A00207844002060
S214024B70A459002074440020546100203B610020A8
S214024B80A86000209E6A002010B5074C2046FEF75B
S214024B9043FF04F06BFB02F0DDFE2046BDE810404A
S214024BA04FF47A5115F02EBB646800202DE9F041CF
S214024BB0074600250A4B0B4E93F80080ECB2A04540
S214024BC003D8FF242046BDE8F08108223846B11DEE
S214024BD0F7F73CF801350028F4D01236EEE700BFAE
S214024BE0A8600020A459002007B50DF1070115F0B2
S214024BF0F1FB30B19DF80730034803EBC30300EB2B
S214024C00430003B05DF804FBA45900202DE9F843E5
S214024C10294E044633785D1E2D1A8342EDB204D81F
S214024C204FF4A171254815F042FD0123A3404FF031
S214024C30FF305F1E3B4400214FF6FF7E6FEA0308FB
S214024C401F4A92F800C01F4A127890401E4ACBB202
S214024C509C4523D8BDB127B204EBC4041B486400AC
S214024C6005EBC50204F11201014452002044F6F796
S214024C70F3FCBF001648AA00391D014402F0FC02EC
S214024C803844F6F7E9FC33780022013B33704FF6DE
S214024C90FF71BDE8F8430E2015F0B0BD13887345CA
S214024CA007D0536808EA03093B4003EB5903034362
S214024CB0536008320131CAE7A86000204149040067
S214024CC0A06A00209E6A002078440020A459002092
S214024CD07444002010B50A4C207858B9094B1B784A
S214024CE01A2B03D99921084815F0E1FC0322074B39
S214024CF01A7010BD0138C0B2FFF788FFECE700BF9C
S214024D00A86000209E6A002041490400A46000209A
S214024D102DE9F047054615F085FEFF28044624D106
S214024D20DFF884901E4B99F800201B789A422BD20B
S214024D302846BDE8F047FFF77FBE38883B795045E6
S214024D4018D86F2B4FEA131214D85B0710D01237FD
S214024D5008F1010899F800105FFA88F6B142ECD81B
S214024D600023104ADEB28E4214D32046BDE8F087F6
S214024D70022AECD913F0C5F80028E8D129463046B5
S214024D80BDE8F04711F03FBF4FF000084FF6F77A44
S214024D90044FDFE7107901338F28EFD81232E1E7AC
S214024DA09E6A0020A4590020A86000204FF6F773E0
S214024DB0984210B514D8FFF7ABFFFF2810D0134C5B
S214024DC000B200EBC00004EB40040DF0DAFE10491E
S214024DD038B962880B7802EB0313A3EB12136380D5
S214024DE010BD227C637C09789A42E2732374617454
S214024DF007D98B4203D213468B4228BF0B461B02AF
S214024E00EDE78A42F8D31346F9E700BFA45900201B
S214024E10546100202DE9F04106460F4600240E4D4F
S214024E20DFF8388098F80030A34201D8BDE8F08158
S214024E30082229463046F6F709FF40B935F8063CFF
S214024E40BB4204D02046FFF7E1FE013CE4B2013447
S214024E50E4B21235E6E700BFAA590020A860002097
S214024E60F8B5054608460E46FFF7A0FEFF2830D0E6
S214024E701D4B294653F820703046FFF7CBFF2846D5
S214024E80FFF746FFFF28044625D113F055F8FF2802
S214024E900AD1164C207838B10FF0C6FC2378B0FB46
S214024EA0F3F202FB1300C0B2294611F0ACFE044630
S214024EB023B20F4D03EBC30305EB4305082231462D
S214024EC0A81DF6F7C9FB2B79204603F00F032B71BA
S214024ED0F8BD0027D3E7074B1B78002B18BF002727
S214024EE0014B43F82070E3E7744400209E6A0020DA
S214024EF0A4590020C06A002038B50B4B04461B7824
S214024F000D46834204D840F25A21084815F0CFFBDA
S214024F10074804EBC40400EB44002946BDE83840C9
S214024F2008220630F6F798BB9E6A00204149040024
S214024F30A459002070B5044608460E4615F072FDC8
S214024F40FF28054610D02046FFF730FEFF2807D080
S214024F50084B1B7823B9084B53F8202043F825202A
S214024F6021462846FFF7C8FF31462046BDE8704076
S214024F70FFF750BFC06A0020744400202DE9F843B2
S214024F800024804601272646114DDFF84C9099F8FA
S214024F900030A34210D83E430134E4B21A2C4FEA42
S214024FA0470705F11205F2D14FF0FF30094B1B7887
S214024FB098403043BDE8F8832B884345EBD028461B
S214024FC011F06AFE0328E6D82B796F2BE3D8E3E7C5
S214024FD0A45900209E6A0020A860002010B5084C44
S214024FE000EBC00004EB400423795B0707D12046A0
S214024FF011F052FE237923F007031843207110BDE7
S214025000A45900200022084B1878084BD1B28842D7
S21402501003F1120300D8704713F80D1C013221F079
S214025020100103F80D1CF1E7A8600020A459002027
S2140250302DE9F04702261227DFF85C90DFF85C8045
S21402504099F8004000250CE007FB05F338F803A0AA
S2140250500021504611F035FE10B15CB1013CE4B2BD
S214025060013599F80030EAB29342EDD8A34204D152
S2140250704FF6FF7A5046BDE8F0870FF0D5FB99F859
S2140250800030012EA3EB040390FBF3F202FB1300A5
S214025090C4B2EDD00126D5E7A8600020A4590020AE
S2140250A0034B00211A7803489200F6F783BA00BF32
S2140250B09E6A00207444002010B5134B0C461B78E1
S2140250C086B0834212D9114900EBC00001EB4001C1
S2140250D0082220460631F6F7BFFA002208212046AB
S2140250E011F098FB80F00100C0B206E0C01A01A9D8
S2140250F0C0B212F02AFF10B1002006B010BD01ABFC
S21402510003CB20606160E8E79E6A0020A459002075
S21402511008B5074B024653F820308B4206D91520B5
S2140251204FF6FF7115F06AFB002008BD0120FCE770
S21402513074440020024B013143F82010704700BF30
S214025140744400202DE9F34781460C4600272A4E78
S214025150DFF8ACA09AF80030FDB2AB4210D8694630
S214025160204612F00BFFC0B3082269464846F6F7FF
S2140251706DFD90B34946204612F049F8FE2537E009
S21402518006F10608082241464846F6F75FFD90B942
S2140251904FF6FF739C422BD03388A34228D020467A
S2140251A015F051FCFF2814D14946204602B0BDE84E
S2140251B0F047FFF755BE14B912360137CAE73388EF
S2140251C0A342F9D100220821404611F023FB002811
S2140251D0F2D12846FFF71AFDCCE74946002015F023
S2140251E030FCFF28054603D0044B1B780344DDB28F
S2140251F0284602B0BDE8F087A45900209E6A002027
S214025200A86000200F4B1B7883420CD8C01A0E4AA7
S214025210C0B232F81030D90411D443F4805322F8C5
S214025220103001207047094B00EBC00003EB40032F
S2140252305A79D10603D442F010025A71F1E70020DF
S214025240704700BF9E6A0020D8590020A45900204B
S214025250F0B5134B06461B78FBB100251148DFF864
S2140252604CC090F800E0104807781F44E8B2864524
S21402527001D80020F0BD7C1B94FBF3F003FB104426
S2140252800CEBC4003CF83440B44204D1002AF1D1FD
S21402529084788C42EED00135E8E71846EAE700BF8C
S2140252A0A06A002094460020A660002078440020D1
S2140252B070B50CF0BAFD14250F49104E0B783288E3
S2140252C030809B1A03449BB2B3FBF5F405FB143300
S2140252D00B700B49E2B20B78934292BF00239B1AE3
S2140252E0DBB2032A0B7088BF002306499EBFD2009A
S2140252F00B68D3400B6070BD3D6100200C5A002045
S214025300A560002094460020084B1868084BC2B2DD
S2140253101B789A4208D2074BC0F307201B789842A4
S21402532034BF0020012070470120704794460020B9
S214025330A06A00203C610020F8B505461746FFF734
S214025340E3FF064610B9184B1A783AB92120012213
S2140253504FF6FF7115F052FA0020F8BD1348DFF839
S21402536054C003780133B3FBF2F402FB1433037028
S2140253700F48DCF8002000EBC30420F8335002F19B
S2140253800132A1703846CCF80020FFF7F7FDE67030
S214025390606011F0B1FAA84201D10120DDE7E3789E
S2140253A00133E370F9E700BFA06A0020A660002080
S2140253B0784400209446002010B50B4C0B4A237804
S2140253C0063B13700CF031FD0022094BFF211880BA
S2140253D0084B09481A602278D200F6F7EBF8042246
S2140253E0064B1A7010BD00BFA06A00203C61002068
S2140253F00C5A00209446002078440020A560002025
S2140254002DE9F843074615F04BF905461A4815F0FC
S214025410BEFA1A4B48B31C683C1B2C44A4B20022AA
S214025420174BDFF864901B78164D99F8006005EB71
S21402543003155FFA82F8464509D9AB8805F11000D4
S214025440A34215D9B21A29461201F6F705F9013612
S21402545089F80060AC80B8F1000F03D139460648DF
S21402546014F0D0FE2846BDE8F8833C461D60D6E719
S21402547005460132DDE700BF846800201055002093
S2140254803F61002074430020406100202DE9F74F61
S21402549015F006F94FF0000E284D294F2978294CB1
S2140254A097F800A004EB011303EB0A120092F346EE
S2140254B05246DFF898801FFA80FC0646B8F80000CD
S2140254C0ACEB0009A0EB0C001FFA89F901900098DA
S2140254D0984217D1BEF1000F00D02970524503D270
S2140254E000203A70FDF7DEFA3B7823B32B78164895
S2140254F004EB0314A188C8F8006003B0BDE8F04FBF
S21402550014F080BEB3F804C0CC450FD84FF0010E9D
S21402551093F802C001310CF1FF3C013AA3F804B043
S21402552083F802C0C9B2D2B21033D0E701988444DD
S214025530A3F804C0F8E703B0BDE8F08F3F6100208F
S214025540406100207443002084680020105500202B
S2140255507FB56C461E4B1F4D1E78013EF6B21E707E
S21402556095E80F0084E80F001B4B28461A7805F1D1
S214025570100132441201F6F76FF89DF8026016F039
S2140255800F0511D1BDF8080009F02CFE360918BF28
S21402559029464FF00002BDF8000008BF039904B088
S2140255A0BDE8704002F022BDBDF80400FFF728FFF8
S2140255B00346828804ADADF80420224603CAAA42F6
S2140255C018605960144603F10803F6D104B070BDA2
S2140255D03F6100207443002040610020F8B500249B
S2140255E0084D094F094E3B783178E2B20B449A4295
S2140255F004F1010400DBF8BD2846FDF71DFF103557
S214025600F1E700BF74430020406100203F610020A4
S21402561070B5134B06460D46104612491A78124BC1
S21402562009781B780B44934206DB1F204FF6FF7166
S21402563015F0E4F8002070BDFFF7E2FE01350680A3
S2140256408570044615F027F8E08009F0D1FD40F693
S21402565002432081E3600020FDF724FA0120EAE7F6
S2140256609D6A0020406100203F6100202DE9F8433A
S21402567086460023144FDFF85C803E7898F8005088
S21402568012497219DCB294421CDA4FEA041C31F851
S2140256900C900133F14501EB0410F3D1631CD21ACE
S2140256A00CF1100C12016144F5F7D6FFA5428BBF30
S2140256B005F1FF3506F1FF3688F800503E700CB94A
S2140256C0034B1C70BDE8F883406100207443002041
S2140256D03E6100203F610020044B054A1B78127889
S2140256E0D3420CBF01200020704700BF3F6100205C
S2140256F040610020024B1878003818BF012070471E
S2140257003F610020002108B5084B09481970094B73
S2140257101970094B1970094B1A781201F5F74AFFEE
S214025720BDE808400648FEF777B900BF4061002092
S214025730744300203F6100203E6100209D6A0020E5
S2140257408468002010B50B4C23784BB10A4802F04F
S2140257503BFD58B1084B0121188811F0BFF908B972
S214025760002010BD0122054B1A70FAE7FFF7F0FE83
S214025770EAE700BF3F610020744300203E6100203C
S21402578010B50E4B1B78BBB10D4C238883424FF0ED
S214025790000311D10B4AE160137049B9A3781033A4
S2140257A0A37011F065FC18B9A37823F00F03A37059
S2140257B0FFF7CEFE012010BD1846FCE73F61002031
S2140257C0744300203E61002070B592B00C46064637
S2140257D00FF027F8E17A05460020FCF733FE28B3DF
S2140257E094F90A0011F021F810BB134BE27A29460D
S2140257F083F85820A27A83F85A206A46FDF748F9B9
S2140258004FF6FE739E420CBF4FF6FF7323896A461D
S21402581029460020ADF80660ADF80430FDF7EEFB31
S21402582040B92289054B5A8012B070BD5520FBE75D
S2140258305620F9E72120F7E72854002014550020C7
S21402584010B50446014608220948F5F705FF237BF2
S214025850022B0AD8002B14BF3122012205490B70F5
S21402586017234B61044B1A7010BD00230122F5E783
S2140258701855002014550020AE6000200146102363
S2140258800120014AFEF742B964EE0100014B58615D
S214025890704700BF14550020014B1878704700BFB0
S2140258A01455002010B5054C2378112B03D0E221A5
S2140258B0034814F0FCFE4123237010BDAE600020A6
S2140258C04C490400064B01461B78042B04D1054ABA
S2140258D0137E053313767047034814F093BC00BF5B
S2140258E0AF60002014550020A468002008B50648C2
S2140258F0FDF7A2FD0548FDF79FFD0FF0BEF8BDE8D7
S214025900084000F0EBBF00BF085A00203A5A0020B9
S214025910064B1878332806D000F0EF00A0F14303B8
S2140259205842584170470120704700BFAE600020C1
S214025930002208B5074B4FF6FE701A7010F0E8FF0B
S2140259404FF6FF7011F001F8034B5869BDE80840A6
S2140259500FF029B8AE6000201455002008B5064B9B
S214025960187838B10548FEF743F84FF47A73B0FB5F
S214025970F3F0C0B208BD00BFA3600020544600206A
S2140259802DE9F0438BB00746154698460E469DF81D
S214025990489049B9104605AC15F055F8214612F064
S2140259A0D4FA172818BF2646B9F1000F0AD1124BAF
S2140259B01B781BB9284612F0E5FAD0B92846FEF73E
S2140259C0A1FA02E0284612F0DDFA80F00104E4B201
S2140259D09DF850302A4602939DF84C303146CDE968
S2140259E0009338464346039411F0BCF90BB0BDE869
S2140259F0F0834C46ECE700BFAA6000200022014B71
S214025A001A7670471455002008B50020FEF788FC69
S214025A100023024AC2E90133538008BD1455002010
S214025A2010B5144B1B78033B012B16D8124BB3F858
S214025A3068204FF6FF739A420FD10320FEF7E6F86E
S214025A4001F052FFFFF7E0FF002014F0E5F978B10D
S214025A50BDE81040002010F0CCBDFEF7C7F80446A3
S214025A60FEF7BEF80146204607F01AF80220E5E7E0
S214025A7010BD00BFAF6000202854002008B5114AB0
S214025A80114B58611378032B1BD0D3B1332B01D0A3
S214025A90432B10D10D4B1B78033B012B05D8032358
S214025AA01370BDE808400EF07EBF0EF07CFFBDE826
S214025AB00840FFF7B5BF21231370BDE8084001F088
S214025AC07DBD08BDAE60002014550020AF600020EA
S214025AD008B50348FDF7A0FFFFF796FF022008BDB2
S214025AE05446002038B5114D04462B78834218BF21
S214025AF028700FF065FB80B124B920460FF062FBD8
S214025B0002220DE001200FF05DFB2B781A1F012AFE
S214025B1005D9062BF4D1032202E0002CF5D101228E
S214025B20BDE838400021084611F05CB8AF6000209E
S214025B3030B5044685B068460D46FFF79FFE94B121
S214025B4000212846144A01F0F3FE144B20681B7805
S214025B5061688DF80430124B1B788DF8053002AB65
S214025B6003C305F071F90F4B93F8582093F85A3097
S214025B708DF803208DF8023010F0DBFEADF8000041
S214025B8010F0BAFE1023ADF8060069460020064A59
S214025B90FDF7BCFF05B030BD00F8FF07946A002091
S214025BA0AF6000202854002064EE010010B5104BB0
S214025BB004461A780F4B002083F8582014F02CF96C
S214025BC010B1002010F015FD00210846FFF7B0FFC7
S214025BD00FF0E8FA2046FDF749FA40F617400EF0B5
S214025BE0E2FE0023044A1380044A138010BD00BF5D
S214025BF04161002028540020E2590020E05900208C
S214025C001FB504466846FFF739FE54B100238DF8E7
S214025C100530102369460020064AFDF777FF04B0D8
S214025C2010BD10F069FEADF8060010F082FEADF869
S214025C300000EEE764EE010010B5014604460020BF
S214025C40FCF700FC90B10C4B1B78023B032B0FD8E1
S214025C500A4B1C7014F014FC60B9094A0949FCF797
S214025C6079FF003818BF0120800010BD5520FCE7E0
S214025C700220FAE74D20F8E7AE60002041610020DE
S214025C80FD840200AD5B0200F8B5064614F0F8FB90
S214025C90044668B914F0C0F850B1064D204695F88F
S214025CA0587085F8586010F0A4FC10B185F858704A
S214025CB04D20F8BD285400202DE9F04180461846B4
S214025CC0033B012B0E46174602D918B1212438E0B1
S214025CD0FFF708FF274B1D78022D08D0032D46D16B
S214025CE0B8F1000F03D1244B1B689B073FD4332027
S214025CF0FDF78CFF01F096FAB6F1006F34BF1F4B2A
S214025D00052231464FF0060038BF1A78FEF7FCFC33
S214025D10044628BB1A4D2873012000F017FE10F027
S214025D2008FE68802846B8F1000F0DD0022300F85E
S214025D30043B11F06AF86C732F61394630460EF058
S214025D4076FD2046BDE8F081012300F8043B11F001
S214025D505CF86C732F61394630460EF067FDF0E74B
S214025D602846FDF753FFB8F1000FF4D0E5E702240A
S214025D70E7E700BFAE600020A8460020C16A002008
S214025D8014550020034B187818B9034B034A1B78A6
S214025D90D05C7047AD600020AF60002080960400A3
S214025DA038B5437B0446DB0703D590F909000FF0AC
S214025DB0F8F900250F4B83F859502079FFF764FF56
S214025DC0FFF7E0FF61882488034622462846FEF74E
S214025DD0ADFA044620B11720FFF750FE204638BD24
S214025DE01723054DC82105486B6114F00BFA0323EF
S214025DF02B76F3E72854002014550020A4680020D0
S214025E00F0B51A4D06460C4693B0A5F8680005F1A3
S214025E106A0729BBC5F86A1079600EF002FD6A4669
S214025E2001460020FCF734FED5F86A30ADF8106063
S214025E30CDF812307B68CDF816300EF0F2FC6A46CA
S214025E4001460020FDF7DAF84FF6FF73B5F8680052
S214025E50984203D014B106490EF0ECFC13B0F0BD24
S214025E6008223846F5F7F8FBD7E700BF285400208B
S214025E70925400202DE9F041DFF8B8801F4698F8CA
S214025E80003005460C4616461BB102252846BDE8DC
S214025E90F081531E052BF8D814F0F2FA0028F4D13C
S214025EA03B7B032B14D14FF6FE739C4212D1012E7C
S214025EB009D0022EE9D110F01FFD4FF6FB7398426F
S214025EC003D810F019FD044604E011F070F9FAE761
S214025ED0012EDAD0EDB939462046FFF775FC0546A5
S214025EE00028D3D198F80030332B03D0532B1CBF95
S214025EF00E4B18613046FFF7F5FD00214FF6FF7096
S214025F00FFF77EFF0A4B1B78002BBFD012F020F85B
S214025F10BCE7397B721ECB1E594259415042504152
S214025F2005F07CFF05460028D5D0AFE714550020C3
S214025F30C26A0020AE6000202DE9F04105460F46F9
S214025F40904610F0D9FC6B7B0446DB0703D595F927
S214025F5009000FF026F910F0CFFC384B384E1880A7
S214025F6010F0E7FC374B1880FDF73AFE364B1880E8
S214025F70FDF73CFE082201463448F5F76DFB10F0AB
S214025F807DFC334B18702879FFF77EFE0021688867
S214025F90FFF736FFFDF726FF60B14FF6F672631E77
S214025FA09BB2934206D911F002F9B6F8683004465D
S214025FB08342F8D0204610F0ABFC288810F0C5FCCF
S214025FC04146B6F86800B847044628B91920FFF7D4
S214025FD055FD1920BDE8F081B6F8681010F045FAB4
S214025FE000231C4D86F859302B7803F0FB03022B56
S214025FF002D0204610F0A6FE002220461146FFF7E9
S21402600007FB0446B0B117236B61134B1B78042BB6
S21402601009D1C821114814F0F5F803232B7684F031
S2140260200100C0B2D6E74FF416710C4814F0EAF835
S2140260300023F3E71720FFF721FDF0E7125A0020AE
S21402604028540020105A00200E5A002042610020D8
S2140260504A61002014550020AF600020A46800208A
S214026060F0B50C461E460B462049074689B004F199
S214026070140053F8045B834241F8045BF9D11B8891
S21402608002AD0B80D4F80E00D4F81210238803C594
S214026090ADF8103023798DF812208DF813300023D6
S2140260A03A468DF814304FF6FE71012002ABFFF728
S2140260B0E1FEC8B902A8FFF7C3FB237B4BB10C4D28
S2140260C00C4B01AA2946012001930FF048F82A78C2
S2140260D01AB92046FFF764FE03E020460199FFF74F
S2140260E02BFF08B9044B1E7009B0F0BD145A0020ED
S2140260F014550020216E03004B61002001232DE978
S214026100F341304E05460F4600202F49144673735E
S21402611000F0EAFB0FF047F8DFF8AC8038B9012D43
S21402612001D9042D0FD1214638460EF000FC10206E
S214026130002111F025FF00283CD0002002B0BDE867
S214026140F041FCF7AFBC002CF1D1204B1B78212B81
S21402615003D0062B01D0532B02D101F02FFAE6E72B
S214026160FDF740FE0028E2D000F0EAFB28B9307BBB
S214026170C0F11800FFF782FCD9E7154B41462046CE
S214026180019300F0B1FB20B140F61901114814F05A
S2140261908EFA01AA0B4998F80C000EF0E0FF32784E
S2140261A01AB90948FFF7FCFDC1E701990648FFF74F
S2140261B0C3FEBCE7FFF79EFA0028BED102B0BDE8D8
S2140261C0F08100BF14550020145A0020AE60002053
S2140261D0216E03004C4904001FB5144B04461B886D
S2140261E0DB0707D44FF6FF700021FFF709FE0020F9
S2140261F004B010BD0A230E4A012001A9FDF786FC51
S2140262004FF6FF73BDF80C209A42EBD00822FF210E
S21402621001A810F0FFFA0028E4D10CB90120E7E744
S214026220BDF80C0001A9FFF7EBFDF7E72C5A00209A
S21402623026E1010038B50C46154610F069FB02F05F
S21402624053FF29462046FFF7DBFD00F079FB48B1F5
S214026250054BDB790E2B28BF0E230133DBB2034A34
S214026260137038BD0123FAE7145A00205761002044
S21402627038B51D46FFF7FEFD0446C8B92B7B2846F7
S214026280032B03D1BDE8384010F0DEBDFFF7D8FA85
S214026290084B25469C8110F0F1FA0121064B8140FD
S2140262A01A780620FEF730FA044608B1034B1D7032
S2140262B0204638BD14550020C16A0020AE6000207A
S2140262C030B5012087B0FFF787FF6B460446144AB5
S2140262D01068516803C384B904F0C4FD02A8FFF72E
S2140262E0CDFA4FF6FF752246BDF80E002946FFF797
S2140262F0A1FF0EF0A3FA07B030BD6B46094AD2F8EA
S2140263006A00D2F86E10B2F8685003C304F0AAFD11
S21402631002A8FFF7B3FA6A46BDF80E00E6E700BF2A
S214026320E0D103002854002037B5324B04461B78D0
S2140263301BB10224204603B030BD14F0A1F8002899
S214026340F7D100F00DFB14B122882B4B1A800021E6
S2140263500DF10700FDF7D0FC002848D110F046FDED
S21402636004460028E6D1254D9DF80700FFF7BAFB44
S2140263702B78033B012B27D82046FFF72DFF18B3B7
S214026380FFF79EFF00F0FCFEFFF74AFB012010F02D
S2140263903FFA48B9184B1B889A0707D523460522A9
S2140263A001201749FFF788FC0446C3E7154D022370
S2140263B029460120144AFDF7A9FB2B885B07B9D5AD
S2140263C0204600F0F1FEB5E72B78053B012BB1D84D
S2140263D0FFF776FFFFF724FB2B78052B0CBF042074
S2140263E00520FDF713FC012010F012FADCE7172453
S2140263F0A0E700BFAE6000202C5A0020AF6000204D
S21402640000F8FF07DE59002027E101007FB50024CF
S214026410184E194D3278E3B29A4201D804B070BDD4
S2140264204FF6FF73B5F868209A421AD0134B1B88B2
S214026430DB0714D5124AB5F8683010685168ADF813
S2140264400C3001AB03C30F4A0A23002001A9FDF753
S2140264505DFB022300200C4A0C49FDF757FB013472
S214026460D8E700220821064810F0D4F90028F6D111
S214026470DCE700BF9F6A0020285400202C5A002028
S2140264809254002026E1010027E10100DE59002097
S21402649010B500F0C7FE01F013FCD8B10E48FDF7A8
S2140264A0BBFA0E480E4C017A0E30FFF741FB2378FA
S2140264B01BB100F0F7F9002323700022094B1A7370
S2140264C0FFF7AEFA07F0B8F900F012FFBDE8104089
S2140264D0FFF79CBF10BD00BFA4680020145A00201E
S2140264E04B6100201455002010B52548FDF794FA9C
S2140264F001F0E6FB30B1234B1B781BB9BDE8104018
S214026500FFF7C6BF01F0DCFB78B11F4C237E83B1D8
S214026510C8211B4813F076FE0021237E0846013B65
S2140265202376BDE81040FCF72BBBFDF75BFC00288A
S214026530EBD1FDF757FC154B1B7858B9112B03D03E
S21402654003F0FD03412B19D1BDE810400E4B5869EC
S214026550FFF794BA332BF7D10D4B188810F0D8F901
S2140265600C4B188810F0F1F90B4B0C491888FFF702
S21402657047FC0B4B1878FFF787FBE5E710BD00BF1B
S214026580A4680020AA60002014550020AE600020F7
S214026590125A0020105A00200E5A00204261002093
S2140265A04A6100202DE9F04F0F4685B002AD044641
S2140265B029463846914611F075FF4FF0000B824689
S2140265C03846CDF804B010F006F84678022C80461D
S2140265D006F0020609D85CB1FDF704FC0446002862
S2140265E048D1754B01241B7865E0043C022C3AD94D
S2140265F0FDF7F8FB38460FF067FF00240546A04675
S214026600DFF8D8A138460FF0E6FF50F809300DF152
S2140266100500019314F029F99DF807B00746B8F172
S214026620000F4DD1BBF1000F5BD0DFF88C9199F8CB
S21402663000300BB1002E63D0002C61D05F4B1B786C
S214026640022B5DD1BBF1000F53D1384610F060F932
S21402665058465946FFF76CFA07F0EEF840F6074040
S2140266600EF0A1F934E010F0B5FBFDF7BBFB0446D3
S214026670F8B15C464EB1524B1B78012B02D0043B5C
S214026680012B0BD805B0BDE8F08F4B4B1B782BB116
S2140266904B4B1B7803F0FB03022BF3D0BAF1000F2F
S2140266A0404608BF002511F0F0FE4FF00108824672
S2140266B0A8E7414B1B78002BF0D0002EEED1E1E785
S2140266C0BAF1000FAED05046FDF71EFE0028A9D143
S2140266D0002013F0A1FB0028D4D000200FF089FF81
S2140266E0D0E74FF6F7739F429FD91720FFF7C6F9F8
S2140266F0EEE7FDF777FB48B13248FDF78DF9F4E790
S214026700FDF770FB10B1BBF1000FF5D1FDF76AFB88
S2140267100028DDD02846FEF749FAFF28DFF89CA0BD
S214026720294C03D09AF80030012B04D12946B4F83C
S2140267306800FEF795FBFEF751FC2A463846B4F889
S2140267406810FFF777FD214B214A93F906301B02AA
S21402675013809AF80030012B19D0312B14BF432333
S21402676011238AF800301B4B1648196813F04AFDAD
S21402677000F006FD0023124C99F80010237641B96A
S214026780104813F03FFD40F61B436361A0E7112358
S214026790E7E7B8F1000F03D016B1FFF779FEF2E78C
S2140267A00D4B1B78042BEED10521064813F02AFD6B
S2140267B009232376E7E700BFAA600020AE60002028
S2140267C014550020A468002028540020145A0020E3
S2140267D02A5A0020C4680020AF60002031610020E1
S2140267E070B508468CB00D460FF0F5FE0922002162
S2140267F0064613F05BFB044628460FF065FE0522AC
S21402680028460DF10F0304A90EF01FF902281BD02B
S2140268109DF80F3029461C440023E4B204F110020E
S214026820365D01200093D2B20BF099FF60B1022EC2
S2140268300AD1064B1B78012B06D1054B187818B9DE
S21402684022462946FFF7AEFE0CB070BDAE600020B1
S2140268501455002008B5084B187050B1074B1B881A
S2140268603BB14FF47A710648594313F0CBFC002033
S21402687008BD0120FCE700BFA1600020406A00209E
S21402688074450020014B188000207047406A0020A3
S21402689008B5FDF7C1F80022014B1A7008BD00BF0B
S2140268A0A160002010B50024044B05481C80054B4F
S2140268B01C70FDF7B1F8204610BD00BF2E5A00200E
S2140268C0C86800204C61002008B50348FDF7A4F80C
S2140268D0BDE80840FFF7E6BFC86800200148FCF79D
S2140268E0ABBD00BF2E5A0020F7B5134B04461B78EB
S2140268F00E46EBB183421DD90021104814F019F858
S214026900002501460D4F09B9012009E0AC4209D124
S2140269100024162322463046009414F09FF82046A0
S21402692003B0F0BD384614F028F801350146EAE710
S2140269301820F5E72720F3E74C6100202E5A0020A6
S214026940014B1878704700BF4C61002025289DBF78
S214026950024B187000202120704700BFC36A002037
S214026960012307B51846064A0DF10701FDF7CEF8D2
S2140269709DF80720034B1A7003B05DF804FB00BFB6
S21402698029E10100426A002084B010B502AC84E816
S2140269900F00082224480DF11601089CF5F756F957
S2140269A038BB9DF815309B0705D4204B1B7803F0A7
S2140269B0FD03312B23D11E496378097803F00F02B9
S2140269C08A4203D0012928D1022A18D12278B2B9E4
S2140269D01B09022B13D194F90230002B21DB154B35
S2140269E0B3F86820BDF80A309A4208D1FEF790FF45
S2140269F006E0002208210C480FF00CFF20B9002008
S214026A00BDE8104004B070470B4BBDF808205B8809
S214026A109A42C6D0002BC4D0F1E70229EFD1012A50
S214026A20D3E70120ECE700BF18550020AE60002037
S214026A30946A0020285400201455002084B02DE9C2
S214026A40F0478EB016AC84E80F00DFF868C1564BEC
S214026A50BCF802009DF85D9010F001049DF96220DA
S214026A60BDF870E09DF875A09DF976709DF8785097
S214026A709DF97A109DF95E809DF860601B782FD094
S214026A809DF87D00C0F34004C0F38000002B44D084
S214026A90464B1B78012B02D1002C00F08280C0B13D
S214026AA09CF800301E335BB2BB42ACBF0027012706
S214026AB09845D4BF00230123BB4209D18A4208DB92
S214026AC00CD1A81BC0B280288CBF0020012000E099
S214026AD038460EB0BDE8F04704B070470020F8E72D
S214026AE010F0020F18D0C3B1490814BF01200020CD
S214026AF0520814BF012300238342EAD1AB1BDBB248
S214026B00802B0AD9AE42E9D1B84506DB49D1CA453F
S214026B1094BF00200120DCE70BB90120D9E7AE4282
S214026B2016D002AC1CAF0FCF0FC497E8030044F890
S214026B30040B2180DDE91A0116AB0090ADF80410B3
S214026B400FCB0EF005FB0028E7D1AE42B9D1C0E765
S214026B50BDF8583073451ED008AC0DF1700CBCE879
S214026B600F000FC49CE8030044F8040B2180104C6D
S214026B70638873450FD10822211D0DF12E00F5F70B
S214026B8065F8024638B90821201D0FF043FE10B9F9
S214026B906388002BC1D1B845BFDBC2D1CA45BCD879
S214026BA0BFE7204695E700BF4C610020AE6000209C
S214026BB014550020426A002084B02DE9F04F8FB0B1
S214026BC06A4E18AC08AD84E80F001622002128464B
S214026BD0F4F7F0FC33783BB90024654B32781B7827
S214026BE09A4239D2002726E00021624813F0A1FE1D
S214026BF000270446B846DFF87C91002C45D13FB109
S214026C00224639465B480FF069FD3378013B337004
S214026C103378002BE0D0002156484FF0000913F0DD
S214026C2088FE4F468046CA46DFF848B1B8F1000FE4
S214026C306CD1002FD1D01621002218A80FF0E6FC46
S214026C40014648B1002F00F08B80224649480FF0DB
S214026C50FDFC337801333370454B32781B789A4209
S214026C6007D94448002201880FF038FD3378013BEB
S214026C7033703378012B03D13F49404813F0C2FAF0
S214026C800FB0BDE8F04F04B070470022214616232D
S214026C902846CDF8008013F0E1FE1622294618A8F1
S214026CA0F4F7D4FF0028EBD09DF864209DF824303A
S214026CB09A4225D1BDF86020BDF820309A421FD1F5
S214026CC008220DF12E010DF16E00F4F7BFFFB8B9E0
S214026CD002AF0DF1600CBCE80F000FC79CE8030082
S214026CE047F8040B39800EAB13E903000090ADF8A9
S214026CF0041095E80F00FFF7A1FE0028C0D0274633
S214026D002146484613F039FE044676E7162300224B
S214026D1041462846CDF800A013F0A0FE02AF0DF1C2
S214026D20600CBCE80F000FC79CE8030047F8040B92
S214026D3039800EAB13E903000090ADF8041095E815
S214026D400F00FFF77BFE074620B1B9F1000F04BF24
S214026D50444681464146584613F00FFE804665E794
S214026D603A46044813F0EBFD73E700BF4C6100207F
S214026D70C36A00202E5A002020BF0200C8680020E6
S214026D802DE9F04F002104469FB00DF1400816226F
S214026D9040460E91CDE90C11CDF83B10F4F70AFCF3
S214026DA0052220460DF11F0316A90DF04EFE0228FD
S214026DB0074600F0F28020460FF00DFC064613F060
S214026DC054FD8146F01C13F050FDADF84000701DD6
S214026DD013F04BFD012FADF84200204640F0E08054
S214026DE00FF0F9FB0546204613F020F90D35022375
S214026DF02D1A0093214643460820EAB20BF0AFFC58
S214026E00002800F0CA8020460FF0EAFB012F8346D6
S214026E109DF84D3040F0DC8000252F4643F00103FC
S214026E208DF84D3016AE3388022B4DD1F1782046C0
S214026E30023108F065F81B2846D1F1782046033166
S214026E4008F05EF819283FD1F1782046043108F0A0
S214026E5057F84A2838D14FF0050AF1782046013112
S214026E60514408F04DF8F17805905144204608F058
S214026E7047F8059B00EB032083B200F03F02932BFA
S214026E80059240F095800023F77821460237574452
S214026E90FFB23A4600930CA80F2313F0DFFD07F16A
S214026EA00F01204611F0D7F907F1110105462046D9
S214026EB011F0D1F9ADF84200059B023353445FFA54
S214026EC083FA33795345C8D806360DF17603B342B2
S214026ED0A9D19DF84D20C5F3C03363F34102204685
S214026EE08DF84D200FF00EFB8DF8440020460FF073
S214026EF0FEFA8DF8450020460FF0FEFA9DF8323075
S214026F00BBF1190FC3F3C3028DF84720DDF8332017
S214026F108DF84600CDF84E20DDF83720CDF8522009
S214026F2094BF00229DF83E208DF8482003F003020D
S214026F308DF84A209DF84D20DB0963F38202694BE7
S214026F408DF84D201B78022B56D1BDF840600FF00D
S214026F50F0FC864250D108A80FF057FFBBF1190F7C
S214026F6047D908220DF14E0108A8F4F76FFE002853
S214026F703CD1B9F5004F02D0B9F5624F0DD140F6BB
S214026F80FF7325F440459D4207D1002208210DF1EA
S214026F904E000FF03FFC00283ED01FB0BDE8F08F39
S214026FA00FF019FB0546204613F040F807351EE79A
S214026FB0412B81D1F17820460231514407F0A0FFDF
S214026FC0494B1B78C3F1B30318448DF8490073E7A5
S214026FD06FF30003F01D8DF84D3013F046FC0CA93C
S214026FE0054620460FF063FF0B2772E700F058FDB8
S214026FF0BFE700F055FDD0E7B9F5004F02D0B9F56E
S214027000624FCAD140F6FF7325F440459D42C4D173
S214027010BBF1190FC1D9B8E7BBF11A0F06D007F1B9
S2140270201F0142462046C9B20EF098F82F4C304D4A
S214027030637BDBB12B78012B1DD1012323730CABB1
S214027040029314AC94E803000090ADF8041098E89C
S2140270500F00FFF799FC90B194E803000090ADF89A
S214027060041098E80F00FFF7A7FD08E0FCF7BAFE49
S2140270700028DFD0E1E703F0FD03042BDDD02B78F8
S214027080012B01D0042B88D11A4BDDF84E001B7859
S214027090DDF852108DF82230BDF84030ADF82030C1
S2140270A09DF84D30C3F340038DF823309DF8313000
S2140270B003F00F038DF82C309DF848308DF82D30F4
S2140270C009AB03C30C4B1B681BB1414608A8984783
S2140270D063E79DF946209DF8451008A80DF025FCAB
S2140270E05BE700BFAE60002053610020145500200D
S2140270F03A610020526100200855002010B513F0B6
S214027100CFFA114B1B78022B1CD1104A1468A042EE
S21402711018D00F4910600A68121B10440D4A086006
S21402712012786AB1013A93403C2253434FF47A7282
S2140271305343984206D9BDE810400320FCF766BDCB
S2140271400A23F3E710BD00BFAE600020A046002071
S2140271509C460020906A0020064B1B88DB0708D559
S2140271600022054B43F82020044A135C63F00F0309
S21402717013547047305A0020F044002073600020F9
S21402718008B513F08DFA0022024B1860024B1A6003
S21402719008BD00BFA04600209C460020014B186890
S2140271A0704700BF9C46002008B50C48FCF734FC2C
S2140271B0FCF772FD80B10A4B0322B3F86810012077
S2140271C00DF0ECFF4FF47A71064B04481B885943C6
S2140271D0BDE8084013F016B808BD00BFE8680020F6
S2140271E028540020246A0020014B18800020704793
S2140271F0466A0020044A054B1870138823F00303DE
S2140272001843108000207047305A0020916A0020F0
S214027210034B1888C0F30E00003818BF01207047D1
S214027220DE59002008B5FFF7F3FF30B1002004490D
S2140272300223044A0880FCF769FC002008BD00BF50
S214027240DE59002027E10100024B1888C0F30E0029
S214027250704700BFDE5900200023084A0120137041
S214027260074A08491370084B084A1B7843F0040380
S21402727013800223064AFCF749BC00BF4F61002078
S2140272804E610020DE590020916A0020305A00200C
S21402729027E1010030B5012100240B2385B0104DF3
S2140272A0019400918DF80C308DF80D000323B5F88B
S2140272B0680003AA8DF80E4011F086F868B1B5F89A
S2140272C068100FF0B1FE40B10522064B64211A7019
S2140272D0054B06481C7012F095FF05B030BD00BF86
S2140272E0285400204E6100204F61002008690020CB
S2140272F0064B1B78033B012B06D8054B1B781BB9A4
S214027300044B1878FFF7C6BF704700BFAF60002077
S2140273104D610020906A002010B51548FCF77CFBF2
S214027320144B1978F9B9144A13787BB1013B1370E0
S214027330124B1B78042B02D10846FBF721FCBDE852
S21402734010404FF496710A4812F05CBF0C4A12883D
S21402735002F00302022A0AD1BDE8104003220120ED
S2140273600849FEF7A9BCBDE81040FFF7C1BF10BD33
S214027370086900204F6100204E610020AF600020A7
S214027380DE59002000F8FF07084B1A785AB102238C
S214027390013A93404EF66022534303210448B3FB5E
S2140273A0F1F112F02FBF42F21073F6E7906A002056
S2140273B00869002070B505461748FCF72DFB012228
S2140273C0164B28461A7011F023F8411C044689B25F
S2140273D0284607F095FDA11C064689B2284607F006
S2140273E08FFD0F4C02232080214600200D4AFCF719
S2140273F08DFB86B9238803F00303022B03D1FFF724
S214027400BFFEFFF7C1FF23885B0704D5BDE87040C7
S2140274100548FFF7C9BE70BD086900204F6100200D
S214027420DE59002027E10100E86800202DE9F0433C
S2140274301F4C0546238889B0002B33D01D4E0021F1
S2140274404FF4807010F07CFD3378DB0728D50121DD
S214027450208812F023FE074620880FF0BCF8023080
S21402746013F003FA05A98046208811F0B8F833789D
S214027470384613F0020F104B18BF0025B3F80090E1
S21402748012F0F0FD0646384612F0D0FDF6B2029033
S214027490424606212846CDE9009605AB0DF001FAD4
S2140274A000232380054809B0BDE8F043FCF7B4BAD0
S2140274B0365A002050610020345A002028690020E5
S2140274C010B5044640F62140FFF7B0FF01214FF405
S2140274D0807010F035FD78B10022084B1C80084BF6
S2140274E01A7007F085FEBDE81040064B1880064B62
S2140274F00648198812F086BE10BD00BF365A002014
S21402750050610020345A0020266A00202869002094
S214027510044A137818B943F001031370704743F016
S2140275200303FAE750610020044B1B781BB9044A98
S2140275301380FEF707B90020704700BF3E610020A7
S214027540325A0020042230B501F0400387B0002BE7
S214027550054614BF012400248DF80C208DF80D106A
S21402756004D004A910F00AFD10B304ABCDE9004321
S21402757001210223284603AA10F026FF0446C8B1BA
S2140275800D4BB3F868100EF070FF4FF6F7739D427E
S21402759009D9322202212046FEF73AF880F001008D
S2140275A0C0B207B030BD294620460FF03DFDF5E7D4
S2140275B00120F6E71920F4E72854002010B5FFF75B
S2140275C031FE04F031FA0FF0BBFB002010F0CEFCC7
S2140275D012F056FF08B1FDF729F9204C2378532BF9
S2140275E012D1032323700023FF2219460120FEF73F
S2140275F063FB002012F010FC10B100200EF0F9FF21
S214027600BDE810400DF0CEBD062B01D0212BF0D1E7
S2140276100120FEF7F5FA4FF6FE700FF079F94FF6F5
S214027620FF700FF092F90020FEF752FA0020FEF7E4
S21402763059FAFEF7E9F900F029FB0DF0B6FD2378BA
S214027640212B02D1FEF774F9D3E70020FCF7DEFA0D
S21402765000214FF4004010F063FACAE7AE60002043
S21402766010B50A4C0A48FCF7D7F92378062B02D144
S2140276700120FEF7C5FA2378062B01D0532B03D13F
S214027680BDE81040FFF79ABF10BD00BFAE600020F5
S214027690486900202DE9F047DFF8C08004460E4610
S2140276A01746FFF7BFFD98F8005015B90220BDE84F
S2140276B0F087212DFAD0284813F069F90028F5D171
S2140276C014F0200439463046DFF894A0DFF8949090
S2140276D005F00F051BD00DF0ACF8012D8AF80070EE
S2140276E0A9F8006029D1212388F80030FFF766FF49
S2140276F00020DCE7212388F80030FFF75FFF002137
S2140277004FF6FE70FEF77CFBFEF780FEF0E70DF00C
S2140277108FF8012D8AF80070A9F80060EAD00623D7
S21402772021464FF6FD7088F80030FFF70BFF40F257
S2140277302621094812F066FDE1E7532321464FF65B
S214027740FD7088F80030FFF7FDFE40F22621024861
S21402775012F058FDCCE700BF48690020AE6000205A
S21402776051610020486A0020F8B50D460646511CB5
S214027770284607F0C5FB044628460EF02CFF0546B1
S214027780023013F072F8154B07461B78022B02D014
S214027790043B012B21D8124B1B68580201D5A106C7
S2140277A01BD5620619D50F4BB3F86830B34214D115
S2140277B06B781B070DD5284610F067FEFCF7A4FD74
S2140277C058B1314604F020000122BDE8F840FFF728
S2140277D061BF0FF091F8B842F3D0F8BDAE6000205A
S2140277E0A84600202854002073B504460D4613F020
S2140277F02AF9FF28034625D0134A12784AB1134ABB
S21402780032F81020520404D510F0A1FB002002B07A
S21402781070BD184610F0ACFB6946064610F0AEFB8B
S21402782040B1FCF7E7F928B1002302226946304648
S21402783005F0DCF8204645F0400102B0BDE8704095
S214027840FFF780BE0120E2E7AA600020D859002098
S21402785038B505460EF0BFFE0446284610F0D8FDA1
S214027860411C89B2284607F04BFB42060DD56378C9
S2140278701B070FD5204610F008FE0146002013F025
S214027880E0F8BDE8384010F062BB0348BDE8384077
S214027890FFF7E6BE38BD00BF4869002038B54FF690
S2140278A0FF75A842044617D00FF043F8A04213D043
S2140278B04FF6FD72094B198891420DD9084A128873
S2140278C0AA4201D0A24207D11C804FF47A71BDE8C9
S2140278D03840044812F096BC38BD00BF2E6A00201D
S2140278E04A6A00203446002008B50448FCF794F89B
S2140278F04FF6FF72024B1A8008BD00BF34460020C6
S2140279002E6A002037B505460C4608236946012034
S214027910064AFCF7FBF815B19DF806302B700CB141
S214027920009B2360BDF8040003B030BD25E10100D2
S21402793007B508238DF80600ADF8041000926946D4
S2140279400020034AFCF7E2F803B05DF804FB00BF30
S21402795025E10100024A13780BB1013B1370704710
S2140279609F60002008B50EF0F0FF00214FF6FF7270
S214027970054B08461A80FEF7DBF8BDE8084040F6DD
S21402798016400DF010B800BF2E6A002008B5FCF7AE
S21402799043F80A4B1B78023B032B08D84FF6FE73BC
S2140279A0074A108898424FF6FF7301D1138008BD2C
S2140279B09842FCD0BDE80840FFF7D4BFAE60002076
S2140279C02E6A002010B5084B1B78042B0AD00EF046
S2140279D093FF002104460846FFF794FF231A5842F5
S2140279E0584110BD0020FCE7AF600020F0B500262D
S2140279F089B00546CDE90566ADF81C6010F008FDB5
S214027A000A23024604462946009605A813F026F8DD
S214027A109DF815309DF814701F2B27D803A80FF079
S214027A20F4F908220DF1160103A8F4F70FF9064639
S214027A30E0B9092F1CD1FFF7C5FFB8B1144B1B786C
S214027A40A3B1144B1A884FF6FD739A420ED9124C04
S214027A50124A23780433DBB223701278013AB3EB6E
S214027A60820F03DD58B20BF058F8267009B0F0BD4D
S214027A700A34E4B22146284607F042FA0FF058FAD2
S214027A80611C284610F0E7FBFFF708FFEEE700BF91
S214027A90A46A00202E6A00209F6000208F6A0020C1
S214027AA038B5134B1B78033B012B20D9114B4FF6ED
S214027AB0FF711B78ABB1104D2B888B4217D10EF09D
S214027AC038FF4EF6602104460C4812F09BFB4FF638
S214027AD0FE7322462B800021BDE8384009200FF0B5
S214027AE035BA074A13888B421CBF0133138038BD50
S214027AF0AF600020A46A00202E6A002034460020D0
S214027B00DA59002008B50448FBF786FFBDE80840AE
S214027B1000210846FBF734B86869002010B5044611
S214027B2061B1FF210EF0F8FC002120460EF0FAFCAF
S214027B300EF03BFC014620460EF0FAFC2146BDE85C
S214027B4010400022014812F0FABE00BF3A5A002046
S214027B502DE9F0410D46174604460EF03CFD067828
S214027B602846FCF74DF92946804620460EF07DFC55
S214027B700EF0C2FEA84206D120460121FFF7CEFF34
S214027B800120BDE8F0812846B8F1000F0AD0FCF7C4
S214027B90B9F950B9144B3A462046BDE8F041197877
S214027BA0FDF736BD10F0EEF9F3E706F00306012EF8
S214027BB008D00EF0A1FE00232246294602F042FA21
S214027BC00028D9D120460EF00CFC430505D52046E8
S214027BD0BDE8F04100210EF081BF204610F0BDF94D
S214027BE0B0FA80F04009CCE78E6A002010B586B065
S214027BF0044610F00DFC104B0246186819790290E4
S214027C00D3F805005B7A01328DF8143000238DF824
S214027C100C1004902146009392B2052304A812F099
S214027C201DFF052204A902A8F4F710F8B0FA80F0A6
S214027C30400906B010BD00BFF895040008B511480B
S214027C400EF086FD104B1B78012B06D8FF2010F095
S214027C5057F9FDF7B1FB10F072F9FDF73BF801F0AA
S214027C6091FCFFF7F9FA10F04BFD07F0F1FDFDF776
S214027C7049FD07F03DFB0CF0DEFDBDE8084002F0D2
S214027C80D3BC00BFF05400206C60002008B5F0F7AB
S214027C905DFDFF2803D0094B1B78012B06D9002077
S214027CA010F02EF9FDF788FB10F049F9FDF712F8EF
S214027CB001F068FCBDE8084002F0B6BC6C6000202B
S214027CC0064B1878112806D000F0FD00A0F14103FB
S214027CD05842584170470120704700BFAE600020EE
S214027CE02DE9F8430446FDF70FFB18B1002630468F
S214027CF0BDE8F8834FF6FF78184BB3F86810414595
S214027D00F4D020460EF0B1FB154B022120461A880D
S214027D10FDF77EFC06460028E8D020460EF05BFC07
S214027D2090F807900546043012F09FFD07460EF0C5
S214027D30E3FD494602463846FDF7FEFAA81C12F055
S214027D4094FD404502D12046FFF7BAFB2B789B07ED
S214027D50CDD101212046FFF7E1FEC8E728540020D6
S214027D60385A0020F8B507460EF035FC05460430B2
S214027D7012F07BFD0646A81C12F077FD044630463C
S214027D8012F061FE3046FCF73BF82B789B0701D1D8
S214027D900EF0B2FDAB790BB90320F8BD0EF0ACFDC8
S214027DA0A0420CD10EF0A8FD0446094B21463846E7
S214027DB01A78FFF7CDFE0028EED00020EDE7054B3F
S214027DC01B78052B1CBF044BB3F86840EDE700BFD9
S214027DD0385A0020AF600020285400202DE9F041D8
S214027DE0064610460D4610F013FBA0F11004E7B24B
S214027DF056FA84F42146EA1B04F10E00F3F72CFC33
S214027E002823DFF84480F35598F80030637301F0B6
S214027E10CDFB611C024601200DF0DCF9082209495F
S214027E20601DF3F719FC98F800000FF0D5FE05F177
S214027E300E0130463B460022C9B201F069FC122010
S214027E40BDE8F08131610020A96000202DE9F04FE5
S214027E5087B004460EF0BFFB064620460EF01EFB19
S214027E600746301D12F001FD8146B01C12F0FDFCE3
S214027E70384696F807A012F0EFFD33789A075FD1DE
S214027E802146042001F04CFD002859D0204610F06F
S214027E90BFFA0146204607F033F8830750D1204642
S214027EA010F0B6FA0146204607F02AF810F003034F
S214027EB0039345D12046FFF799FE002840D020467E
S214027EC010F07CFB451C204612F0CCF8EDB205F112
S214027ED00A0B83455DDA304A04AB1068516803C367
S214027EE0691C204607F00CF829468046204607F013
S214027EF007F800EB082059461FFA80F8204606F0DD
S214027F00FFFF8346039B2146AA1C009304A808236E
S214027F1012F0A4FD20460EF0C1FA5A4641460DF074
S214027F204BF90122404604A90FF08CF988BB0220C7
S214027F3007F032FC013003D1404604A9F0F7CEFC2C
S214027F400EF0DAFC48453A46514607D10EF0DCFE02
S214027F50F8B907B0BDE8F04F0FF028B948460EF062
S214027F60D3FEB0B90D4B1B781BB9394648460FF005
S214027F7033F83A4651464846FDF7DEF948B13178BD
S214027F8011F0030105D1204607B0BDE8F04FFFF718
S214027F90C5BD07B0BDE8F08FE0D10300A5600020A4
S214027FA038B5114D2B78023B012B18D80DF006F987
S214027FB00446B0B9FFF7A2F82B78032B07D1234665
S214027FC0FF2221460120FDF777FE012038BD21461B
S214027FD02046FAF7D5FD003818BF0120F6E717202D
S214027FE0F4E70220F2E700BFAE6000202DE9F74377
S214027FF005460E4614460EF0FEF90C2828464AD1CF
S2140280000EF0E9FA0922002111F050FF00F11001EA
S214028010C9B2284606F074FF042813D07C282BD059
S214028020012840F0AC8046B91321284610F013F917
S21402803003B0BDE8F0430EF088BC03B0BDE8F043E1
S214028040FDF7DCBC5B4B1B78022B40F0988046B9F0
S214028050FFF7FAF8C3070AD5FFF792F8002C08BF15
S2140280603F26304603B0BDE8F0430CF000BCFFF7F5
S214028070CFF80028F0D0F1E7284611F0F3FF0446C7
S214028080284611F0D3FF02463046E1B203B0BDE8FF
S214028090F0430CF0EABB0EF09EFA8046043012F073
S2140280A0E4FB074608F1020012F0DFFB4FF6F77317
S2140280B0984204460CD8404A138801339BB2138078
S2140280C00BB93E4A13801EB13C4A13880133138013
S2140280D098F8009009F00309B9F1010F1DD128465E
S2140280E010F096F90146284606F00AFF0B2809D03A
S2140280F00D2807D0042842D1284603B0BDE8F04335
S214028100FFF7A6BB2E4B1B78042B38D1002108465E
S21402811003B0BDE8F043FAF733BDB9F1000F2ED134
S2140281203146284603F05EFD4EB34FF6F7739C4287
S21402813025D898F80160204616F0040622D10FF0E2
S214028140EFFE054620467DB10FF01CFF034600BB3E
S2140281500C220090214638460FF00CF90C22002320
S21402816039462046009308E00FF00CFF0346C8B9D4
S214028170144A00901278214638460FF0FBF803B0F6
S214028180BDE8F0830FF0FEFE034678B90B2200909E
S214028190F1E7062233462146384600960FF0EAF803
S2140281A00622DCE72B4600950622E4E74B46CDF88E
S2140281B00090F9E7AE600020E2590020E059002066
S2140281C0AF600020C56A00202DE9F04F05888BB00D
S2140281D0044628460EF0FFF90746043012F045FB27
S2140281E08146B81C12F041FB05A98046284610F0CD
S2140281F059F9284610F00CF901460646284606F0BC
S2140282007FFE3B78824603F00303012B0CBF8346B6
S2140282104FF0FF0B12F03FFAE388019002930EF044
S2140282206BFBFB7900904846039300F081FF002821
S21402823076D1404600F07CFF002840F08880FDF7AB
S2140282402BFB8046FBF7CEFD10B9FFF739FD30B1A8
S214028250A8F104085FFA88F8B8F1020F1BD90BF0F0
S214028260FD03042B00F0B380FFF72AFD20B10AF0CD
S214028270030ABAF1010F0ED0FBF70EFD28B9714BB7
S2140282801B7803F00F03062B68D16F4B2846B3F812
S21402829068100EF0EAF8BBF1010F63D128460EF023
S2140282A0CEF84FF6FF73984240F091800023314695
S2140282B0284607AA0FF03CFE0746002842D042791D
S2140282C09DF82530934209D9711D284689B206F0D9
S2140282D02BFEA37823F00F030233A3700CF0A4FA4C
S2140282E07E23B0FBF3F202FB130303F58073A38035
S2140282F09DF8263013F0180F0AD0A3781B0707D173
S214028300009B4B4504D048467A7905A90CF0C1FA81
S2140283109DF82700003818BF01200BB0BDE8F08F8B
S21402832028460EF058F9023012F09FFA4FF6F7730D
S214028330984207D9039B2BB92846FFF757FC00281B
S2140283407FF477AFA37823F00F03A37008E04046CC
S21402835012F082FB00287FF472AFF3E72823A38093
S2140283600020DAE7BBF1020F54D10123314607AAF7
S21402837028460FF0DDFD80460EF0BEFABDF822302C
S21402838098421FD1B8F1000FDCD00122B8F80230B3
S214028390314628460FF0CAFD2C4A13780133DBB269
S2140283A0FB711370B8F80230BDF81E209A421FBF48
S2140283B0A37823F00F030233A3704FF4C873A3808D
S2140283C00120AAE7184612F047FB0028DAD1284611
S2140283D00EF035F812F0E0FA012808BF1C4BA2781E
S2140283E009BF1B78FA2303EB830303EB830302BF65
S2140283F09B00FA339BB21209A4D1DDE90121521A7D
S21402840092B293429ED30CF00FFA00F01F00103087
S214028410A080D5E7BBF1030FD9D1009B4B45D6D13F
S214028420711C284689B206F06BFD0C28CFD1FCF7EA
S214028430FFFD4FF6FF7398420146C8D028460EF05D
S21402844014F8C4E7AE60002028540020AC60002078
S2140284509D6A00202DE9F04105460C460DF0CBFF43
S214028460082802D10120BDE8F081201D12F0FDF996
S2140284700646284694F807800EF010F80746284667
S2140284800DF0AFFF010612D5184B1B78042B0ED148
S214028490174B1B78022B0AD1164BB3F868204FF6FF
S2140284A0FF739A4203D000210846FAF769FB124B83
S2140284B01B78002BD6D1A01C12F0D7F94FF6F77313
S2140284C0984202D86378DA070DD523789B070AD13B
S2140284D03A46414630460EF017FC80F00100C0B224
S2140284E000F00100BFE70120FAE700BFAF600020FE
S2140284F0AE60002028540020566100202DE9F04F7F
S2140285009DB004460DF077FF054620460DF073FF3A
S214028510082869D14FF400432046ADF85030ADF834
S2140285205C4011F09FFDBDF85C20A0F11005EDB295
S21402853010461023002100950FF07AFE294617A850
S2140285400FF04EFE204611F071FD0AF0FCFA0023F1
S21402855021461A460C2000930AF001F998B32046E9
S21402856011F064FD14A902461020FBF779FF0501FD
S214028570204611F05BFD14A902464020EDB2FBF73F
S2140285806FFF10B120460CF058F9204611F04EFD50
S21402859014A902468020FBF763FFB8B99DB11025E7
S2140285A017A805F067FF2046BDF8507011F05AFD77
S2140285B00646204611F03AFD29460090F3B23846A8
S2140285C017AA0CF0D0F91DB0BDE8F08FBDF85030F8
S2140285D017A8ADF85E40ADF85C300CF0E7FD002859
S2140285E0DCD145F08005DBE720460DF044FFB0F510
S2140285F0006F40F0058120460DF050FF0646042D20
S21402860040F0018120460DF0ECFE80F40060C0F3DD
S214028610C02000223146400012F0F0F8944B1A783F
S214028620022A0DD0FFF74CFB50B902F0FD03312BA6
S21402863006D0043A012A03D98E4B1B78002BC2D0EF
S2140286402146022001F06CF905900028BBD0204696
S214028650ADF846400DF0BFFF0446BDF846000DF0EB
S2140286601DFF0646201D12F000F9A31C834618467D
S214028670039312F0FAF812A90746BDF846000FF067
S21402868011FF63780690BDF8460094F800800893C0
S2140286900FF0BEFE6378054608F0030830460C93DA
S2140286A0FBF7AEFBB8F1010F0CBF032302230E93B8
S2140286B0714B08BF4FF00B091E80237818BF4FF08E
S2140286C00A0903F03C03082B0D907FF47CAFBDF83B
S2140286D0460011F0C7FCA8427FF675AFB8F1010F4D
S2140286E003D023789B077FF46EAF644BB3F86830F1
S2140286F0B3420DD1624A634BB2F9001093F90030CF
S214028700002900F0A58001EB0313A3EB21131380CD
S2140287104FF0010AA5F11003DBB20A938DF845303B
S21402872010224846BDF84610CDF800A00DF14503CC
S2140287300AF015F800283FF446AF089B13F0020330
S214028740099300F00981504B1B78002B3FF43BAF96
S214028750BDF8469048460FF05BFE00230790484659
S214028760CDE917331993ADF868300DF097FE079BE5
S214028770039003F10E01484689B20FF01CFE002852
S21402878070D000234946079A009317A80E2312F0CA
S21402879065F950460DF15D010CF02AFD9DF8693031
S2140287A00B9004939DF85C30282B5BD10DF1610091
S2140287B0FBF7AAFD0F90002854D104980FF00CFA8C
S2140287C00F9B002866D1314B049A1B78D31A1C06DD
S2140287D048D404F059F950453CD111F061FF2C4EB3
S2140287E00546346824B104F055F92C1B844239D36B
S2140287F00023FF2219461846FDF75EFA356031E07F
S2140288004FF6FD76FBE64FF6FF70301A18BF0120D2
S21402881000223146400011F0F1FF0C2D0DD1214609
S214028820012001F07DF800283FF4CDAE214600205D
S2140288301DB0BDE8F04FFDF7D3BF2DB920461DB0E1
S214028840BDE8F04FFEF79CBA042D7FF4BCAEE5E619
S2140288501B025CE704F018F9022803D104F0F6F8CC
S2140288600028BAD000221920039911F0C7FFAAE601
S214028870AE60002056610020565A00202854002080
S2140288802A5A002053610020AA600020A960002016
S2140288903855002010214846079ACDF800A00EF061
S2140288A0EBFF0028DED0BB4B049A1B78934240F0C5
S2140288B0AA8003990DF1610214A811F073FD01213B
S2140288C014A8FBF7F5FA824648F2030114A8FBF750
S2140288D063FBBAF1000F03D0082114A80CF02BFC9E
S2140288E048460FF0B3FD03990DF16100FCF72AFC30
S2140288F0FE288246B6D0FF280AD1039812F092F8D4
S214028900FF28824600F087800DF16101FCF7F4FA39
S214028910A04B049A1B78934200F0A38050460B9912
S214028920FCF7F6FB00283FF44EAE50460B99FCF7D8
S21402893001FC237898070FD148460FF069FD0146DF
S214028940484606F0DDFA00F00300012804D1039839
S2140289500DF16101EFF7C2FFBDF846000DF041FDD3
S214028960010440F18580204611F07FFF40F400713B
S21402897089B2204611F07BFF00224FF40041BDF879
S21402898046000DF01FFDDDF814900123102200931F
S214028990BDF846100E980DF1450309F0E0FE0028DA
S2140289A03FF411AE032866D1204611F05EFF40F474
S2140289B0007189B2204611F05AFF304612F04CF888
S2140289C0002840F0B680DDF81490B8F1010F40F0B0
S2140289D0B6800320BDF8461000F0A2FF002840F043
S2140289E0AE802946BDF8460006F08AFA0F280146F0
S2140289F07FF6E9AD4FF6F7739F423FF6E4AD304699
S214028A000EF057FBDFE55046049903F085FA00287E
S214028A107FF44FAF26E7237803F00303012B08D138
S214028A2048460FF0F5FC0146484606F069FA082863
S214028A3092D0594B1A78594B1B789A4209D20DF1AB
S214028A4061010398FCF70CFA039811F0EBFF8246DB
S214028A505EE7A01C11F009FF4FF6F7739842EED9B5
S214028A6000E75046FCF7CEFB00283FF457AF5CE722
S214028A704FF0000989E7304611F0EEFF0028A4D037
S214028A80099B002B57D1B9F1000F52D1B8F1010F53
S214028A90BDF846009DD0294606F032FA8246DFF837
S214028AA0089199F80030002B54D00DF025FF87422C
S214028AB07FF489ADB8F1010F7ED1BAF1070F75D8F0
S214028AC0BAF1050F7FF67FAD354B1B78022B02D02D
S214028AD0043B012B03D899F80030002B41D00C9BA5
S214028AE09A0640F1B4800D9B002B40F0AC803046D5
S214028AF011F0A9FFFF2840F0A6805E457FF463AD23
S214028B00069B002B00F09D8012AB46F20402012465
S214028B10ADF85C200193214602233046009417AA42
S214028B200FF052FC00283FF44EAD21460DF0D6FF62
S214028B3049E5DDF8149030460FF00CFA45E7294671
S214028B40BDF8460006F0DCF9099B824613B9B9F176
S214028B50000FA4D0124B1B78022B02D0043B012B31
S214028B60BDD8304600F0E4FA814600287FF42BADEB
S214028B700DF0C2FE864225D10A4BB3F868400DF0CE
S214028B80BBFE4B4601460D222046CDF800900EF065
S214028B90F1FB18E5A9600020A86000209E6A00206C
S214028BA0AE60002028540020AA600020AAF10E031E
S214028BB0DBB2012B88D906E50AF00303012B7FF40A
S214028BC002AD81E7304611F047FF58B90DF0B1FE0D
S214028BD04FF6FF73984205D011F052FC10B930469A
S214028BE0FCF7E4F8304611F037FF88B10DF0A1FE2D
S214028BF04FF6FF7398420BD011F042FC40B9B8F121
S214028C00010F02D1BAF1060F02D030460FF0A1F9D9
S214028C10069BA3B91946012258460EF013FB81465D
S214028C2000287FF4D0AC20460FF02FFC4A460146BF
S214028C3038460EF007FB00283FF451AFC3E412A9F2
S214028C40E9E7069B61E7637823F0200363704FF63B
S214028C50FC739F423FF4B7AC4FF6FD739F4204D1BC
S214028C60B34B1B78042B3FF4AEACA3790BB1013B9C
S214028C70A37163785B0727D50023584617AA14A961
S214028C8017930FF047F91798F0B10FF03CF98146A9
S214028C90384611F0D8FE179A0146137903F03000D1
S214028CA0102806D003F00C0008281CBF23F00C0383
S214028CB01371137903F03303202B05D1FF2903D058
S214028CC0012248460FF02EF9304611F0BCFEFF286E
S214028CD01EBF0022974B43F82020089B03F0010991
S214028CE04FF6F7739F4200F2F980B9F1000F40F099
S214028CF00181314658460EF06FF90DF0FDFD8742B0
S214028D0000F0C680384611F0A7FE002841D0B8F120
S214028D10010F27D1BAF1010F17D14A462946BDF8ED
S214028D2046000FF002F9384611F096FE824B1B7889
S214028D30002B72D1584611F08FFE002866D13846B5
S214028D4011F08AFE002861D13DE4384611F084FE17
S214028D5050B3BAF1030F27D12946BDF846000EF0EC
S214028D6041FB30E4384611F077FE38460FF00AF938
S214028D70002847D0002339465846BDF8462001F061
S214028D8061F900283ED00021BDF84600FEF7C6FE77
S214028D9019E4384611F060FE18B1B8F1010FD8D0C8
S214028DA0E3E7B8F1010FE0D1634B1B78002BC1D08B
S214028DB0BAF1050F31D10DF09FFD8DF85C000DF074
S214028DC09BFD000A8DF85D000123022217A90DF112
S214028DD04600FAF775FD00287FF4F5AB691C89B2E8
S214028DE0BDF8460006F07AF803780133037063781C
S214028DF0590715D40DF080FD834522D0002239464E
S214028E001C2032E54C4B1B78002B93D0B8F1010F97
S214028E10CED063785A0714D502E06378580718D57F
S214028E20BDF8464020460FF0B5FA411C89B22046EE
S214028E3006F054F80378B8F1010F03F1FF3303701C
S214028E4004D0BDF84600FEF78DFF09E0BAF1050F23
S214028E50D0D0BDF84600FEF785FFBAF1030FCDD09D
S214028E600228CBD10021584617AA0FF056F830B187
S214028E700379468003F03C0343F04003037100236A
S214028E802E4A00933946584612780EF073FAB5E722
S214028E90B8F1010F7FF477AF0AF1FF330C2B00F223
S214028EA0868001A252F823F0098F0200098F020081
S214028EB0598D02001F8F0200418F0200C7850200F3
S214028EC0658F0200758F0200818F0200818F02007B
S214028ED0C7850200978F0200A38F0200B8F1010F28
S214028EE071D0B9F1000F08D1BDF84600FEF7AEFF0B
S214028EF0FFF769BBB8F1010FCED0237A03F0030364
S214028F00012B7FF460ABEFE7AAF102035A4229462F
S214028F10BDF846005A410FF008F8FFF754BB2A4640
S214028F205846BDF84610FEF71FFCFFF74CBB00BFC5
S214028F30AF600020F0440020A26A0020C56A00202C
S214028F40691CBDF8460089B205F0DAFF0235EDB2BB
S214028F500246BDF846305846009512A906F0D4FDE2
S214028F60FFF731BB01200A9ABDF84610FDF71AFB3F
S214028F70FFF729BBBDF846000EF0DDFFFFF723BB67
S214028F80BDF84600FEF732FDFFF71DBBBDF84600F2
S214028F90FEF72CFDA8E7BDF84600FEF70BFAFFF732
S214028FA012BBBDF846000CF0FBF8FFF70CBB2B46D5
S214028FB022465046BDF846100CF0C8F800287FF44A
S214028FC002AB51461BE50AF1FF330C2B3FF6FBAA18
S214028FD001A252F823F000BF098F0200098F020097
S214028FE0598D02001F8F0200418F0200C7850200C2
S214028FF0658F0200758F02008D8F02008D8F020032
S214029000C7850200978F0200A38F020010B50021C9
S21402901011480DF044FB0446E8B10DF068FA0F4B18
S214029020187020460DF068FA0D4B187020460DF0A9
S21402903069FA0C4B187020460DF069FA0A4B186054
S214029040012011F031FB2046FFF758FABDE8104028
S214029050002011F029BB10BD085A002054610020E0
S21402906053610020526100203055002070B5144E26
S214029070044633680D46BBB10DF0BDF90C2813D17A
S21402908020460DF0A8FA09220021044610F00EFF31
S214029090235C042B08D10B4C25B10B4B22781B7892
S2140290A09A4203D300232370002070BD074831681C
S2140290B011F0A8F82378012001332370F5E700BFEA
S2140290C03455002055610020C46A002068690020DB
S2140290D0014B93F9010070472A5A0020014BB3F85E
S2140290E0680070472854002070B500240D4D2C707F
S2140290F0EFF706FAE6B2B04208D800220A4B1A7018
S2140291000A4B198801B11A80012070BD304611F051
S214029110A0FCC30748BF2B7804F1010444BF013307
S2140291202B70E5E7A7600020A0600020DC59002035
S21402913038B50B4B05461B7873B101335C08094BF7
S214029140188810F073FF002330F81320AA4205D0C7
S2140291500133DAB2A242F7D3002038BD0120FCE781
S214029160A0600020DC59002030B5054685B00846D0
S2140291700C4611F06AFCFF280CD00EF018F80122FB
S21402918000210346CDE90112009221462A46072015
S214029190FCF7F6FB284611F056FCFF2804460FD0D3
S2140291A011F057FCC2070DD5204611F052FC83077A
S2140291B008D40B4A32F8143043F4806322F8143091
S2140291C005B030BD0DF0F3FF012200210346CDE9C4
S2140291D00112009207202A46FCF7D2FBF0E700BFF6
S2140291E0D85900204FF6FA72431E9BB2934270B5CE
S2140291F004462AD8FFF79CFF38BB194B1B78042B72
S21402920023D0204611F00EFCFF2801D0FBF7FEFC0F
S21402921020460EF07AFE08B10EF071FE2046114E80
S21402922003F0ACFE20460BF032FB31780E4D69B1EE
S214029230288810F0FBFE054601461E220230F2F791
S2140292400BFA2C8033781E2B07D970BD202010F025
S21402925061FF28800028EBD1F7E702333370F4E78A
S214029260AF600020A0600020DC590020044A13787A
S2140292702BB1013BDBB213700BB9024A1380704765
S214029280A0600020DC5900200148FAF7D5B800BFDC
S214029290DC5900202DE9F047804617460D468CB073
S2140292A061B903AE00211B4811F043FB4FF00009E1
S2140292B00446DFF860A01CB920461DE00E46F1E722
S2140292C00022214624233046CDF8009011F0C6FB3A
S2140292D0082241463046F2F7B9FCA8B9337C9BB95E
S2140292E06FB945B92A4621460A480DF0F7F90A4AE7
S2140292F01388013B138001200CB0BDE8F0873B8841
S214029300B28953405B06ECD52146504611F035FB38
S2140293100446D0E73E5A00203C5A0020024B1888EA
S214029320003818BF012070473C5A00202DE9F04350
S21402933030488DB0FAF770FB11F0B2F92E4D2B685B
S214029340C41A4FF47A73B4FBF3F4A4B214B111F056
S214029350A7F92860294F4FF6FF763B88DFF8A080F2
S214029360ADF80A3000233B8000210DF10A000DF013
S21402937096F9054658B9224B1B882BB14FF47A71E1
S2140293801C48714310F03EFF0DB0BDE8F0834FF06D
S214029390000924234A462946CDF8009003A811F076
S2140293A05DFBBDF81A30A34294BFDB1A1B1B9BB2AF
S2140293B0ADF81A3063B9BDF818301B0602D5089806
S2140293C00BF0D2FCB8F80030013BA8F80030CBE72F
S2140293D09E4228BF1E4601234A462946009303A8FA
S2140293E0242311F03BFB4A462946384611F0A7FAD9
S2140293F0BAE700BFD44500203C5500203E5A002064
S2140294003C5A0020F0B504462E4A8DB010685168CA
S21402941001AB03C3A378012B4FD1162200210DF115
S2140294201A00F2F7C7F8D4F82110D4F81D0003ABDF
S21402943003C32388190644BF62680892DA050BD56F
S214029440221D08AE04F1140735461068516808322A
S21402945003C5BA422E46F7D1ADF8183013F004030E
S21402946018BFA3690593EFF763F80023ADF81A0057
S214029470082201A903A88DF81C30F2F7E7FB18B101
S21402948006A903A80EF02EF90022242103A80DF047
S214029490BDF8044698B10020FFF748FF0022214697
S2140294A0094811F04CFA094A002013880133138048
S2140294B0FFF73CFF00200DB0F0BD0220FBE71920AD
S2140294C0F9E700BFE0D103003E5A00203C5A0020D4
S2140294D0F7B5044600200E46FFF728FF104B1B8800
S2140294E0A34202D8212003B0F0BD00210D4811F09E
S2140294F020FA002501460B4F0029F3D0A54208D1D9
S2140295000024242322463046009411F0A7FA20466F
S214029510E9E7384611F031FA01350146ECE700BFBB
S2140295203C5A00203E5A00200148F9F785BF00BF8A
S2140295303E5A0020014B1888704700BF3C5A002054
S21402954070B50C4611460E4A23781278064613F07A
S214029550200542EA0302227018BF611D0822F2F7B4
S2140295607BF8002D0CBF05200D20D4F80130B36027
S2140295702378337303F01803082B08BF013070BD3D
S214029580AA600020042307B501200DEB0301054A5B
S214029590FAF7BCFA019B044A1B03136003B05DF89A
S2140295A004FB00BF63E511009846002010B5064C88
S2140295B02368C3F30B0313B90448E3F733FC2068AC
S2140295C0431C236010BD00BF9846002063E51100CF
S2140295D0014B1868704700BF9846002007B5002068
S2140295E0054B064A186004230DEB03010190FAF7B7
S2140295F08DFA03B05DF804FB9846002063E511007F
S2140296007FB511230A4A012001A9FAF77FFA094B0E
S2140296109DF814201A70084B1B780BB1052B05D148
S2140296200BF001F9012007B05DF804FB0020FAE711
S21402963079EB0100A9600020AA6000202DE9F04F16
S2140296400646CBB0884600880121174610F026FD54
S2140296502E4B3A463188ADF8160006A80EF0E1F811
S2140296600DF1280B5A464146C41930880EF063F8AD
S214029670E4B208EB0003A34208BF044605464FF0D7
S21402968004091CBFA4EB0804E4B223465A4601218F
S214029690CDE900090BEB050ACDF808B02D1B06A88C
S2140296A0EFF776FBEDB20BEB04030093019523462E
S2140296B05A46414630880EF06CF8348839462046C1
S2140296C005F01EFC394600F0F802204605F02CFC98
S2140296D00121308810F0E2FC01234A46514680B14F
S2140296E00DF11600FAF7ECF801210446BDF8162033
S2140296F0308810F0E7FCB4FA84F040094BB0BDE8BD
S214029700F08F3046FAF7DCF80446F4E731610020C1
S2140297102DE9F04FC9B0044688469246C118224A3F
S21402972004A81F46FFF70CFF4FF00409C519EDB257
S21402973008AB0293A5EB0A0BA8EB0A035FFA8BFBB6
S214029740A8EB0506DBB2F6B204EB0A02009301218F
S2140297505B46CDF8049004A8EFF71AFB06F5907363
S2140297600DEB03025A44A2F58072136808A844F867
S2140297700830E35D324623F00703E3552C442146C6
S214029780F2F7A8F808ABCDE9019308AA0023012155
S214029790009604A8EFF7FCFA3246204608A9F2F72C
S2140297A099F849B0BDE8F08F31610020F8B5064659
S2140297B00EF004FF811C054689B230460EF0FBFD12
S2140297C0F0B1EDB12946304605F09AFB122807465D
S2140297D016D80C4B691C1C5C89B2304605F090FB0F
S2140297E02C44052FE4B205D1052809D8064B1B5C8C
S2140297F01C44E4B221463046BDE8F8400EF0DBBD1C
S2140298000020F8BD3A96040034960400F8B50546E2
S2140298100EF0FEFD044628460CF0DDFEA11C0746AF
S21402982089B228460EF0C7FD00283ED0002C3CD058
S2140298302146284605F064FB0646611C284689B286
S21402984005F05EFB0F2E30D8194B9B5DE118731E98
S21402985089B2092B0ED8DFE803F009050D0D120DAB
S2140298600D181E1EC40644BF083189B2820601D5F1
S214029870083189B22846BDE8F8400EF09CBD7B78D8
S214029880DB0612D501EB4001F3E700F01F0000EB08
S21402989040000144EDE71F2805D8092E0ABF400004
S2140298A0022080B2F5E7C828E4D00020F8BD00BF49
S2140298B04D960400F8B506460CF08DFE09220021EE
S2140298C0054610F0F3FA00F11004284610F0CDFF1A
S2140298D0E4B207462146304605F012FB05463046FE
S2140298E010F0C0FBBA05A0EB0403DBB20AD47C2D51
S2140298F00AD0082D0AD8064A505D98428CBF00202E
S2140299000120F8BD1220F8E70320F6E7FF20F4E76F
S2140299105E960400014B1878704700BFC66A0020A6
S21402992038B5114B04461B7808469BB9012038BD52
S214029930A24205F101050FD103EBC1035B6898470C
S2140299400028F3D11E2022464FF6FF7110F056FF74
S2140299500020ECE70025054BE9B213F83120002A77
S214029960E6D11446EEE700BFC66A0020049604005D
S2140299704FF6FF7307B502220DF106010348ADF854
S2140299800630E3F78BFA03B05DF804FB603202E0C0
S214029990002307B5ADF80430134B984221D10B884B
S2140299A0DA0703D5232003B05DF804FB9B0748BF04
S2140299B04FF47F434FF002020C480DF1060148BFF8
S2140299C0ADF80430E3F73EFA4FF6FF73BDF8062013
S2140299D09A42E7D10222054801A9E3F75FFA00207E
S2140299E0E1E72120DFE700BF1FD1BACA603202E0FA
S2140299F0002313B50222038004460DF106010F4828
S214029A00E3F720FA2D2801D0112805D14FF6FF736F
S214029A10ADF80630FFF7ACFF9DF80630BDF806201D
S214029A201BB1238843F0010323800020FF2A82BF54
S214029A30238843F00203238002B010BD603202E0A6
S214029A40034B1B78002B14BF442056200E30704761
S214029A50AA6000202DE9F04F8DB0179C0646894675
S214029A60CDE90223BDF85870D588ADF816103CB97A
S214029A70EC0605D500970BF007F80DB0BDE8F08FA1
S214029A80C5F380242B054FEA043448BF44F400642F
S214029A90A80511D544F080040A2E00F26981DFE899
S214029AA016F09A002F00170037006701670137008B
S214029AB010009A0037009E00E90548BF44F04004B3
S214029AC0EAE74FF001084FF0020B4FF0000A14E0ED
S214029AD008A95FFA89F00EF0E0F8DDF82500DDF857
S214029AE0291006AB03C3A44B33F81930ADF8163071
S214029AF04FF00008C3460DF1180A002F5DD125E08D
S214029B0006AA0DF116015FFA89F003F017FAEFE7DD
S214029B104FF6F773994540F22B8115F4026F40F029
S214029B202781964B1B78022B03D0043B012B00F2B5
S214029B30218147BB032E4FF001080CBF4FF00C0BE0
S214029B404FF0080BBA4624F4C074A4B28C4B1888A3
S214029B504FF6FF73984206D08A49FAF767FB10B1B0
S214029B6024F48054A4B2039B38460093BDF8162012
S214029B70534644F4027105F0EBF9ADF820000028D4
S214029B8038D1192079E7384610F06CFA0246FFF70A
S214029B9057FF032E08BF0138824201DD38206CE7EA
S214029BA0032E4FF001080CBF4FF00C0B4FF0080BC2
S214029BB04FF0000A24F4C074A4B2029B1B889BB91F
S214029BC01A4639460620009308F0ECFD0028BDD15F
S214029BD040F6014051E74FF00008C34675E74FF0E4
S214029BE001084FF0030B70E7002339461A46072098
S214029BF00093E9E74FF6FF73614A118899421CD039
S214029C000CF0E9FC03465E4A04301188039310F018
S214029C102EFE5D49039B097814F4805FD971594979
S214029C20574A1FBF086898604868D8604FF6FF73A7
S214029C3013804FF0FF330B604B605946029A08A818
S214029C4005F03AFA00289CD0504C2378002B3CD1E1
S214029C50A7B1384610F006FA0746BDF8200010F005
S214029C6001FA23780744002B14BF12220022EB10BD
S214029C7003F0040317443B44842B8FDC15F400578F
S214029C800AD0BDF8204020460CF0ABFB40F48061C1
S214029C9089B220460CF090FBA6F10803012B05D8EA
S214029CA001221021BDF820000CF08CFB179BBDF89A
S214029CB0204043B32046BDF816100CF0D6FBBDF884
S214029CC02030179A00201380D7E6AA06C0D56B016B
S214029CD003F020030A2E14BF43F0010363F07E0351
S214029CE0DBB2B8F1000F08D000215246009108A856
S214029CF000F082FE0028ABD0BFE61A46514608A8FE
S214029D000DF0BAFEF6E720460EF082FB179B0246DF
S214029D1021460420009308F045FD00283FF458AF82
S214029D200A2E18D84FF4D963F340DB0713D5072E53
S214029D300AD00A2E08D0BDF820000DF05DF980F09A
S214029D400100C0B2800098E608A80BF00CFA0028C2
S214029D50F1D0042091E617B125F04005ADB22B46AE
S214029D603146BDF820005FFA89F201F07DFE84E6F6
S214029D70012082E6162080E60C590020AE60002004
S214029D804C6A0020C76A002061610020AA60002099
S214029D90F7B50F469DF828100446DDE90B061D466A
S214029DA0F1B94FF6FF739C421CBF174B1C804FF055
S214029DB000041CBF154B1A70BDF8240005F012FAF9
S214029DC000232A46CDE90043394606209DF8203076
S214029DD0FFF740FE10B90EB1AB7A337003B0F0BD98
S214029DE078B14FF6FF739C421FBF074B1C80074B90
S214029DF01A7000220CF00AFC04460028DCD1192056
S214029E00ECE72120EAE700BF4C6A002061610020EF
S214029E102DE9F04788469DF82810074616461D4647
S214029E209DF820A0BDF824900B9839B158B30022B3
S214029E300CF0ECFB044610B9192025E00C464FF650
S214029E40FF739D421FBF114B1D80114B83F800A06C
S214029E504FF6F7739E4208D80E4B4FF6FD761A78E9
S214029E604FF6FF73002A18BF1E46484605F0BAF999
S214029E7000233A46CDE9084331464346BDE8F0475B
S214029E800320FFF7E7BD2120BDE8F0874C6A0020DB
S214029E90616100206B6000202DE9F04786B09DF8D6
S214029EA038600546DDE90FA80C4617469946B6BB4C
S214029EB0374B1B78022B1DD125BB4FF6F7739C42FE
S214029EC014D80026484605F08DF900233A46CDE917
S214029ED000632146FF232846FFF7BCFD38B9B8F1D8
S214029EE0000F04D0BB7A88F8003000E0012006B0EC
S214029EF0BDE8F087043B012BDED908460BF030F9AB
S214029F0010B31DB3022D31D1EEF7F4FAA042EDD90B
S214029F10204B33F814204FF6FD739A4219E0BAF13B
S214029F20000F32D01A4B1B78022B05D1FFF788FDA3
S214029F30B042E6D23820DAE7043B012BF6D90846CF
S214029F400BF00EF90028F1D11620D0E74FF6F77382
S214029F509C42CBD8002EB4D03146002250460CF09C
S214029F6055FB06460028ADD11920C0E7012DBDD10C
S214029F7004AA0DF10E01E0B202F0E0FF064B1B78D8
S214029F80A342B3D9BDF80E20C5E72120AFE700BF34
S214029F90AE6000200C590020986A002030B5104BA5
S214029FA087B005460C461868596803AA03C2986823
S214029FB00C4910609A88DB8852BA23F04003ADF849
S214029FC012300023CDE90043ADF81020FF230988A4
S214029FD003AA0720ADF80E50FFF73CFD07B030BDD0
S214029FE04A5A0020565A002038B50C461146124AE4
S214029FF0124D108022682A6062686A60A268AA60AF
S21402A000E288500616D5EA88520613D561B10022B8
S21402A01018460CF0FBFA014650B16088FFF7BEFF07
S21402A0200522074B1A7038BD08460EF032F9F2E7E1
S21402A0301920F5E70220F6E7565A00204A5A002071
S21402A040716100202DE9F04F074689B0104615468B
S21402A0501C468A460EF0DCF90146284604F050FFFC
S21402A060064628460CF0B7FA043010F0FEFB80468F
S21402A0700CF042FC804550D0B2074ED1DFF8AC80DF
S21402A080284605A9B8F800B00EF0A9FA9DF81930CE
S21402A090A8F8007003BBBDF81430EBB928460CF0E4
S21402A0A09AFA023010F0E1FB4FF6F773984294BF2B
S21402A0B04FF000094FF0010901230134E4B22A46A9
S21402A0C03846CDF8009005A9039303F001FC039BE4
S21402A0D040B901339C421ED20020A8F800B009B055
S21402A0E0BDE8F08F022CF8D1012BF6D10C4A0D4BAD
S21402A0F0A3F800A01378591C11700B4A7F3B16F088
S21402A1000C01137007D1BDF81A305B0603D5BDF8F3
S21402A1101600FFF743FF0223D1E70020DFE700BF68
S21402A120AC6000204C6A002061610020565A002074
S21402A1302DE9F04FABB00F46ADF81E000CF04BFA0F
S21402A14000F1020A0646504610F08FFBBDF81E408C
S21402A150054620460EF05CF90146204604F0D0FE85
S21402A160814600F00308301D10F07FFB414C208032
S21402A1700CF0C2FBA8422DD04FF6F7739D4229D8A9
S21402A1807378DA0726D428460DF0FCFE30B1012398
S21402A1902946BDF81E202088FFF754FF0CF0ACFBC2
S21402A1A0344B1B8883420FD1BDF81E4020460EF06A
S21402A1B02FF90146204604F0A3FE10F00C0103D14D
S21402A1C0BDF81E0001F00EFD00222B4B1A602BB0CC
S21402A1D0BDE8F08F2949BDF81E000EF000FA2849A6
S21402A1E0BDF81E000EF05EF90028254B08BF0023BE
S21402A1F0214ABDF81E0013600CF079F9214B187045
S21402A200BDF81E000CF078F91F4B1870BDF81E0042
S21402A2100CF07DF91D4B186000238DF82230002FBC
S21402A2203AD0164BDB889B0636D5194B1B689D0722
S21402A2301ED4B8F1010F14BF082318230DF1220211
S21402A240009200220DF11E00114600F0D5FB18B355
S21402A250B8F1010FA2D10F4B1B78112B9ED10DF036
S21402A260AAFC00289AD140F61D40FBF70FFB95E7A3
S21402A2700823E3E7565A0020445500204A5A002095
S21402A280596100205461002053610020305500209F
S21402A290A8460020AE600020504610F0E6FA82463D
S21402A2A0BDF81E000FF0DEFEA0F11005EDB22A4644
S21402A2B031460AA8F1F70EFBFF238DF82F304FF632
S21402A2C0F7739A4540F2DF80B8F1010F00F0E7809D
S21402A2D0B8F1020F00F04681B8F1000F7FF45EAFCE
S21402A2E0A44DBDF81E00EB88ADF8240004930CF0D4
S21402A2F072F9BDF82460074630460EF089F801462A
S21402A300304604F0FDFD8DF82300B81C7E7810F070
S21402A310ACFA07460CF0F0FA06F00106B4F8009024
S21402A32003906C88002E7FF439AF4FF6F77A4246D8
S21402A330494657458CBF0620082010F05FFABDF844
S21402A34024B058460EF064F85946024643460420A6
S21402A350CDF8008008F003FA574583460AD8B5F9C7
S21402A3600620EB88002A05DB580603D54146204620
S21402A370FFF714FEBBF1000F3FF410AF2B88002B43
S21402A3805AD16B79002B57D14FF6F7730DF1260190
S21402A3909F42BDF8240094BF4FF0000B4FF0010B14
S21402A3A00DF0DAFCDFF8D8A100F1FF38BAF8003079
S21402A3B01FFA88F10593EB88BDF82600069304F091
S21402A3C09FFD069B04990190009322465B460598E2
S21402A3D0C1F340110AF0D1FE00283FF4DFAE042399
S21402A3E006200093BDF82610624B5FFA88F208F04A
S21402A3F0B6F900283FF4D2AE48F202036A889A42BF
S21402A40005D1BDF82410BAF8000000F025FF594D1A
S21402A41009AA29460DF123000AF0ADFE03460028DC
S21402A4207FF4BCAE2104BAF80000BDF8242060D543
S21402A430234629460DF0A5FC9DF823304D4D03F02A
S21402A4400C030C2B75D128890DF066FC00283FF40E
S21402A450A5AE039B002029894B4514BF022603267E
S21402A46002F044FC444B18704FF6F7739F42BDF857
S21402A470240075D8A4F138025342534132463D496E
S21402A48004F036F88AE6B8F1020F6BD0394BB3F90E
S21402A4900630002B26DAB8F1010F7FF41DAF0CF060
S21402A4A02BFA238883423FF479AE0520BDF81E10AE
S21402A4B0FFF736FA00283FF471AE2E4AD3885B06C1
S21402A4C007D50023CDE900330A20FF232188FFF7B2
S21402A4D0C1FA3A469DF822302188BDF81E0002F0E5
S21402A4E01DF85BE629460AA800F070F80028D2D0CC
S21402A4F054E60221DFF88C8088F800102946CDF851
S21402A50000B003F0E5F9132C96D0EB885D0493D4E3
S21402A5101A4B1B78D80703D598F80020022A8BD04E
S21402A52099077FF53BAE98F80030012B7FF436AEE4
S21402A53082E700222B79124800936B791146008835
S21402A54002F0FCFB0C4B18709DF8233003F00C0352
S21402A550082B89D1039B4B4514BF0426052683E7A7
S21402A56001238BE74846BDF81E20024901F0AEFAE9
S21402A57014E600BF4A5A0020706100206F60002077
S21402A580565A00206261002010B5002108480CF0DF
S21402A59086F8044650B101460420FFF7C1F928B1F7
S21402A5A02046BDE810400121FFF7C2BD10BD00BF26
S21402A5B03A5A0020034BFF211A7803489200F0F71C
S21402A5C0F9BF00BF996A00206043002070B54518A5
S21402A5D004464FF0FF31AC4212D1104B10481A78A5
S21402A5E005460023934211DB0E4C2078431CB3FB36
S21402A5F0F2F602FB163345F82010237000200CE01A
S21402A60014F8010BE1F79EFD0146E4E750F8044B0F
S21402A610A14201D00133E5E7012070BD996A00200E
S21402A6206043002063610020042307B501200DEB80
S21402A6300301054AF9F76AFA019B044A1B031360F1
S21402A64003B05DF804FB00BF23E111004055002073
S21402A650014B1868704700BF40550020014B186830
S21402A660704700BF4055002010B5064C2368C3F360
S21402A6700B0313B90448E2F7D5FB2068431C23609A
S21402A68010BD00BF4055002023E111002DE9F04F18
S21402A69093B003930023DDE91C79069399F8003002
S21402A6A083460DA804930E4615460AF0F4F999F867
S21402A6B0003013F003043ED0039B0DF1250A8DF8FB
S21402A6C024300022082138460CF0A4F8002870D066
S21402A6D028880BF080FF99F800301C074CBF043026
S21402A6E0023010F0C2F807A98046F9F79FFB9DF8E2
S21402A6F024300446980633D5288806F10D010DF05D
S21402A7005AFEA8B100230093384608232988721DF2
S21402A71010F0A4F999F8003003F01803182B4AD168
S21402A720B8F1000F47D0A94BB3F86830434542D082
S21402A73040F60A4327E02888711D0DF03CFE0028EB
S21402A740F6D0009405233246298809A810F086F927
S21402A7509DF824300DF1240A03F018030393B0E7A2
S21402A76014BB39464046F9F761FD0028D2D099F865
S21402A77000309907DCD040232246214640460DF0A1
S21402A780A7FB40F6094399F8002012F0030440F0B4
S21402A790F780288803930BF081FE224601461A2092
S21402A7A010F02CF8039BEBE007AB03CB3860796024
S21402A7B0B0E74FF6FF780AF0C3FC044620B1042146
S21402A7C03846F9F74FFB04461E9B002B5AD0092346
S21402A7D01E990DA88DF834300AF0D7FA209B0BB1DB
S21402A7E0209B0693039B002B40F08E800DA8EEF76D
S21402A7F031FB99F800309A0700F09880FFF734FF93
S21402A8005146024601200AF0E5FC99F800309B0703
S21402A81010D5594628880DF0A8FE0BF1090350FA08
S21402A82083F35FFA83FB594628880DF075FE00EB2A
S21402A8300B06F6B299F8003013F0C20F0AF10403C1
S21402A8400DD09DF82420624942F020028DF8242083
S21402A8500A68CAF804204A685A600AF10C03012200
S21402A86009A800921B1A324629889BB210F0F6F805
S21402A870324659462846FEF7E1FE002800F0A4803C
S21402A88000237DE01F9B5BB19E460DF1340CBEE8B3
S21402A8900F00ACE80F00DEF80030CCF800309DE781
S21402A8A0049B594603F020032888049304F028FBEF
S21402A8B010F0030F0CBF012300230593049B059A97
S21402A8C0003B18BF012342EA430300930DAA06ABDE
S21402A8D038461F9900F0FEFA049A034682B1002811
S21402A8E080D0059B0DAA0093384606AB1F9900F050
S21402A8F0F1FA034699F8002022F0200289F8002097
S21402A900002B3FF46FAF3EE7039B102B06D1BDF83A
S21402A910363043F00103ADF8363067E7039B182B59
S21402A9204FD1BDF8363043F00203F4E701200DF1B3
S21402A93025010AF05DFC99F80030824613F0040FF8
S21402A940288821D1069B1BB3002C35D00BF0A6FD20
S21402A9500022014616200FF051FF84B17FB14FF658
S21402A960FF7398450BD000230DA91A4638460AF005
S21402A9701DFB394640469DF835200AF0F7FB0123B9
S21402A980184613B0BDE8F08F002CDFD1104F01E05F
S21402A990002CDBD100233246009359463B460CF08E
S21402A9A06BFF00283FF4C4AE002C3FF469AF069A52
S21402A9B00AF10103136063E71B685345C6D80124F6
S21402A9C0E8E740F60A43DBE71923D9E728540020D4
S21402A9D031610020002307B5054A064813600422A9
S21402A9E00DEB02010193E2F759FA03B05DF804FB9E
S21402A9F04055002023E111002DE9F04F0446B1B086
S21402AA0000888DF82F3016468A460DF001FD014665
S21402AA10814620880DF080FD00EB090820880DF0A5
S21402AA20CDFD00239DF82F505FFA88F815F0010738
S21402AA300790ADF8363008D101460DF1360220886F
S21402AA400DF073FC08B1ADF8367016B9CDE90E6696
S21402AA500EAEFEF763FC18B145F020058DF82F50B8
S21402AA600023CDE9033302930DF12F03CDE90063F2
S21402AA702246534641464846FFF708FE054600284A
S21402AA8000F043819DF82F3013F0010746D1B44AF7
S21402AA9023F02003106851688DF82F3010AB03C3E3
S21402AAA0184600F0FBF90546FEF744FDBBB2984295
S21402AAB000F2B7803A9B13B100233A9A1370BDF89E
S21402AAC03630CBB1012120880FF0E8FA27880546F8
S21402AAD0002800F04F81012138460FF0DFFABDF85A
S21402AAE03670054638460FF0BDFA002300903A4607
S21402AAF0194628460DF09CFB0023CDE9033302934A
S21402AB000DF12F03CDE900632246534641464846DF
S21402AB10FFF7BCFD0546002800F0F7809DF82F30B1
S21402AB2003F01103102B40F003818E4B1B78432B4E
S21402AB3040F0FE808C4B1B685B0640F1F980208853
S21402AB4008F105010DF037FC8346002800F0F0807E
S21402AB504146208804F0D4F9844B10F0200F08BF39
S21402AB601E4612A800F09AF90822314612A8F1F7FA
S21402AB706DF8002800F00E81314612A80AF0BFFADE
S21402AB80012326AE00933246002314A912A800F031
S21402AB90A1F9002840F0CC8012AB0DF12F07CDE9C9
S21402ABA00360029000932246534641464846019768
S21402ABB0FFF76CFD002800F0EF80BDF89A301020F9
S21402ABC043F0080318AA14A9ADF89A300CF02BFD2E
S21402ABD0002840F0AD8012ABCDE90360CDE90170EC
S21402ABE000932246534641464846FFF74FFD054628
S21402ABF0002840F09D8018AB4FF49071002012AAF6
S21402AC0000F0D4F84FF0005100200CF089FFBBF1A1
S21402AC10000F00F08C804FF0805100200CF080FF77
S21402AC2085E018AB14AA26A9F8B20AF014FA00288E
S21402AC3040F09480082210A927A8F1F707F8834667
S21402AC40ADB19DF8A53013F0020F08930FD008227D
S21402AC5012A927A8F0F7FAFF48B9089B590706D5A4
S21402AC603A9B13B101233A9A1370089507E03A9B70
S21402AC70002B61D1BBF1000F70D1002308930DF1B8
S21402AC80740C14AB0FCB8CE80F00BDF83630CBB18A
S21402AC90012120880FF002FAB4F800B000284FD045
S21402ACA0012158460FF0FAF9BDF8362083461046C1
S21402ACB009920FF0D7F900231946099A00905846D0
S21402ACC00DF0B6FA2A4B0DF1740B0493002303938E
S21402ACD00DF12F03CDE9006322465346414648460E
S21402ACE0CDF808B0FFF7D2FC002837D1002D33D0BC
S21402ACF012AA5B464FF482714FF4005000F056F8E9
S21402AD00089B13B126A809F0C1FF174B1B689A07C8
S21402AD100DD4FEF703FB50B1114A18AB1068516808
S21402AD2003C3002226A918A80CF0A0FC68BB0025C5
S21402AD30284631B0BDE8F08F00233A9A137099E79F
S21402AD40BDF836200A90104609920FF08BF9DDE91D
S21402AD50092307990090B2E72A46CAE70137A3E615
S21402AD60E0D10300AE600020A846002092540020E6
S21402AD70A4460020BDF836B058460FF073F92B46AD
S21402AD8000905A4638460799B4E626A918A80CF049
S21402AD90A9FCC6E78346F3E614AB2DE701461A2361
S21402ADA00120014AF8F7B2BE24E10100F0B51646CA
S21402ADB091B0074609A80D461C46FFF7EFFF3EB1C5
S21402ADC0336845F04005CDF826307368CDF82A3052
S21402ADD01B4B1A6822EA070242EA050119604B0475
S21402ADE00DD5BDF824200B0A03F4E243C9B222F4BF
S21402ADF0E3420B4322F07F021343ADF824301A23BA
S21402AE000020104A09A9F8F781FEB4B104A809F097
S21402AE1042FE02236A468DF810301546234604F198
S21402AE201006144618685968083303C4B34222460B
S21402AE30F7D1294604A809F0A8FF11B0F0BD00BF5B
S21402AE40A846002024E1010047F2FF10044B1968CF
S21402AE5041F48042014041F480411A600CF060BE29
S21402AE60A846002000B589B0FEF7CAFB01A8FFF786
S21402AE7095FF0948BDF804200168130221F0FF017E
S21402AE8003F4E2030B43D2B2134343F4804303605A
S21402AE9009B05DF804FB00BFA846002010B50C4BB5
S21402AEA00446186888B0830706D54FF0FF33236040
S21402AEB00120636008B010BD10F04000FAD001A86F
S21402AEC0FFF76CFFDDF806302360DDF80A30EFE7A7
S21402AED0A84600202DE9F04F99B081460C461E4642
S21402AEE017469DF88880A2B11546284609F0D3FD7C
S21402AEF018F0020B0FD004B911AC6B462246294655
S21402AF0048460AF086F80EB10023336019B0BDE851
S21402AF10F08F0CADE9E76B462946484604AA0AF0CC
S21402AF2045F86B7808F00108FF2B25D000287AD167
S21402AF3054B104AB08AF1A4603CABA422060616035
S21402AF40134604F10804F6D126B16A78374B03EBB0
S21402AF5082033360B8F1000F01D10020D6E7BDF8B6
S21402AF600030D906F9D418204FF6FF716A780FF030
S21402AF7045FC40F60E40C9E7DFF8B8A0DAF8003024
S21402AF802EB19A0756BF2A4AC6F800B0326003F0BE
S21402AF903003102B01D0202B1ED111A8FFF7FEFE86
S21402AFA0082248460DF14601F0F750FE28B1DAF8BD
S21402AFB0003003F04403402B0ED0B8F1000F0ED140
S21402AFC008A80CF0B1FD02232B70C4B9002FC4D020
S21402AFD0281DFFF763FFC0E740F60A4096E7DAF857
S21402AFE00030DB03ECD508A80CF09EFD02232B7084
S21402AFF0BCB9002FB7D0281DFFF750FFB3E70026D5
S21402B00008AB0CAF1A4603CABA4220606160134608
S21402B01004F10804F6D1281DFFF740FF002E9CD04D
S21402B020A1E70126ECE72D2070E700BFBC42002016
S21402B030A4460020A846002049B9084B197849B111
S21402B0404EF66023594328B105480FF0DBB841F2AB
S21402B0508831F8E70248F8F7DFBC00BF6D600020D1
S21402B060F445002070B586B00546F8F7C3FD10B962
S21402B070022006B070BD01A8FFF710FF06460028A2
S21402B080F6D08DB92E4B1C6814F0020406D02D4B58
S21402B0901B78112BECD12C4BB3F868404FF481632C
S21402B0A00221ADF80C3023E02846F9F72DF90028E6
S21402B0B0DED1234B1C6814F0020406D0214B1B7809
S21402B0C0112BD5D1204BB3F868400822294601A897
S21402B0D0F0F7BCFD0028E1D04FF4027300260A21E7
S21402B0E0ADF80C302B68CDF80E306B68CDF8123008
S21402B0F0002203A80BF08AFA024608B91920B8E71C
S21402B1000F4B196801F03003102B17D0202B14BFF9
S21402B11001230323490001F004010B4320460021CA
S21402B12000F0F4FF0028E9D000210120FFF784FF99
S21402B13016B10122054B1A7000209AE70323E9E7AD
S21402B140A8460020AE600020285400205861002047
S21402B15030B500251D4C85B0CDE90055F8F75CFCEE
S21402B16023784BB31A491B480A780078904223D9B1
S21402B1700132012B0A700ED12A464FF4A0712846DE
S21402B18002F0BEFAC0B2B8B941F2883112480FF0E6
S21402B19039F805B030BD022B09D1284602A9F9F7C5
S21402B1A045F80028EED102A8FFF75CFFEAE7032B7A
S21402B1B002D101F065F9E5E7002108462170FFF7A4
S21402B1C03BFF0421684609F0D4FBE2E764610020F5
S21402B1D065610020CF6A0020F445002070B5194A48
S21402B1E0194D04465168106886B02E7801AB03C329
S21402B1F01EB10224204606B070BDF8F745FD0228AF
S21402B200F7D103A800F0E8FD082201A90DF10E000F
S21402B210F0F71CFDA0B10D4B32464FF4A07130463C
S21402B2201C7002F06DFA04460028E3D10123084A96
S21402B23041F2883107482B7013700EF0E3FFD9E70E
S21402B2402324D7E76796040064610020CF6A0020B3
S21402B25065610020F4450020F0B50C4600219BB045
S21402B2602B4F0646492207A80691F0F7A3F93B782A
S21402B270012B34D19EBB0DF10E0120460CF06CFD65
S21402B2800546BDF80E000EF0EDFE441BE4B2BDF816
S21402B2900E1023462A46009606A80FF0DFFB30461D
S21402B2A004A9F8F7C3FFD0B9CCB19DF81920B2B9FA
S21402B2B0BDF8233003F47E43B3F5285F1ED3B3F5FF
S21402B2C0385F0ED31349BDF80E000B6843F4000333
S21402B2D00B60294609F02DFF18B104233B701BB002
S21402B2E0F0BD01220C4B04A81A70FFF7BBFE41F218
S21402B2F088310A480EF086FF0223EFE711463A70BD
S21402B300FFF79AFE1E2104A809F033FBE7E700BF09
S21402B31064610020A846002065610020F4450020F4
S21402B320014B1870704700BF65610020014B18780A
S21402B330704700BF64610020014B1870704700BF61
S21402B340646100202DE9F04F0446408891B00E2932
S21402B3508846ADF81A0074D094F80890A7790BF0D6
S21402B3603AF909A90546BDF81A00E6790DF037F94B
S21402B370BDF81A000BF035F8430542BFBDF82A3077
S21402B38043F40053ADF82A30E379D80642BFBDF83D
S21402B3902A3043F48053ADF82A30BDF82A30990695
S21402B3A013D5022F52D10CA9207A0CF076FCDDF8C8
S21402B3B03500DDF8391007AB03C307AA00210423C2
S21402B3C000910DF11A00FFF717FB0121BDF81A00D4
S21402B3D00EF064FE022F824644D1454B33F81950D4
S21402B3E0B8F1000F79D0BDF82A305A0675D54FF657
S21402B3F0FB72954271D83F4AB2F86820AA426CD0D6
S21402B400DB0502D528460CF08EFDBDF82A30D8049E
S21402B41063D5002F33D1BDF81A000AF0E2FFC10649
S21402B42063D548F23403BDF826209A4209D1324E3B
S21402B4303078FF2805D003222946FCF72BF9FF2394
S21402B44033700023236011B0BDE8F08F012F01BFD7
S21402B450237A2A4A03EB430302EB830314BF002238
S21402B4609A1CABE7012F05D10C2303FB09F3234AF1
S21402B470D55AB5E7A81C0FF0F8F90546B0E72846F6
S21402B48001F07CFDBDF81A000AF0ABFFC206C8D474
S21402B4906389504605930EF0E5FD834650460EF04E
S21402B4A0C5FD059B02905FFA8BF04A46394601902D
S21402B4B00093404609AB09F0F4F9B8F1000F14BF47
S21402B4C00B20092016F0030218BF02F1FF322946AC
S21402B4D018BFD2B20FF092F9A3E7BDF81A000AF02D
S21402B4E080FFC3069DD4002FD2D1A946D0E700BF65
S21402B4F00C59002028540020D36A00204C58002003
S21402B50038B500240F4B104D2A78A24205D8C2B98E
S21402B510BDE838400D48F8F77FBA598869B9013A4C
S21402B520D2B2A2422A70EFD0121B184603F11001C3
S21402B5301201F0F791F80346E6E701341033E4B25D
S21402B540E2E738BDC042002068610020886900201A
S21402B55070B51A4B1A4A1D780023DCB2A54200D8F1
S21402B56070BD144666880133864202F11002F4D199
S21402B570E379A588E16003F040028DB9CAB123F0F1
S21402B5800403E3710BF027F8037803F07F030370DC
S21402B59021880029E4D1BDE870400A480EF032BE88
S21402B5A000216580A180002AE9D1BDE87040FFF73E
S21402B5B0A7BF2046FFF7C6FEF7E700BF6861002078
S21402B5C0C0420020886900202DE9F047044686B074
S21402B5D040880F4615460AF0FEFFA3798046082BE0
S21402B5E052D8DFE803F0052E18515151515105008B
S21402B5F002300FF03AF9002D4ED06946F8F716FEE3
S21402B600002841D1684601F063FDB0FA80F0400997
S21402B61006B0BDE8F08702A9207A0CF03EFB6B4626
S21402B6206E46DDF80D00DDF81110334A03C3237AA7
S21402B63032F81390314AD05C75B131460CF051FBAA
S21402B640E6E7237A2E4903EB430301EB830231F844
S21402B6502390907A961CEFE74FF6FB7AD14515D9E0
S21402B66030460CF088FC4FF6FF739842054615D01C
S21402B6700146304601F09EFC554508D9E379DA06C4
S21402B6800ED440F62243E3600020C1E74D46294629
S21402B69008F102000FF0EBF80120B9E74D46EDE79E
S21402B6A04FF6FC78454512D103F00C030C2B1CD147
S21402B6B0DFB130464FF6FD7101F07CFC40F61F41CB
S21402B6C02046E160FFF73EFEFFF71AFFDCE74FF683
S21402B6D0FD739D4209D10023304619461A4602F0F0
S21402B6E0DBF84146304601F065FCE37943F00C0393
S21402B6F0E37140F62343C6E70C590020746000202D
S21402B7004C58002073B5044640880E460AF063FF84
S21402B71002300FF0AAF809F023FD18B1A11C201D73
S21402B72009F023FDE6B1E5790135EDB2E57115F0D4
S21402B730400514D0ECF7D8FE01220546002120462B
S21402B740FFF742FF18B1394B1B882B449DB2384B8A
S21402B7501B78042B01BF354B1B885B199DB22580D5
S21402B760002231462046FFF72FFF20B360880AF0FA
S21402B77032FFE2792F4922F00C03E3710B7805467B
S21402B7800133DBB20B70C3712B4BA61C1B780BB3B9
S21402B790E37998061ED52949097871B159060CD560
S21402B7A092070AD500220423114630460092FFF77C
S21402B7B023F910B1E06002B070BD002201231146E9
S21402B7C030460092FFF718F920B1E37943F00303FD
S21402B7D0E371EFE7304609F0C6FC0028EAD160883C
S21402B7E0FCF7C0FA0328E6D8DFE800F0020D1D19C0
S21402B7F0E37943F00403E3711B06DCD5104B1A7899
S21402B800104B1A70D7E740F62443E360E37943F01F
S21402B8100803E3712B7803F07F032B70CBE740F627
S21402B8202543E360C7E740F62643FAE7266A002088
S21402B830AF600020AC600020AA600020D06A002022
S21402B84072600020676100202DE9F74F06460EF071
S21402B85022FF5F4B0546B3F8009018805D4BA0EBC5
S21402B86009041B78A4B2A34298BF00234FF0000835
S21402B8704FF6FF7788BF1B1B564A88BFDBB2137092
S21402B880DFF864B1A9EB00030093534B5FFA88F22A
S21402B890197891420ED80EB1FFF732FE4FF6FF73BB
S21402B8A09F4200F08E8039464C4803B0BDE8F04F08
S21402B8B00EF0A8BCBBF80220002A3CD0484B9BF8EE
S21402B8C007201878BBF800A0042818D00020BAF188
S21402B8D0000F08BFA2462044504523D2BBF80010F2
S21402B8E0009B1944ABF80010002E4ED002F048021E
S21402B8F0482A4AD100215846FFF704FF45E0019244
S21402B900F8F704FC30F01003019ADFD1FBF746FC8F
S21402B910344B019AB3F800C08445D7D9ACEB00008B
S21402B92080B2D4E702F00C00042807D10022ABF85C
S21402B93000200BF1100B08F10108A6E7510602F0F1
S21402B940030C02F008000ED528B3BCF1030F25D174
S21402B950DEB1DBF80C105846002908BF4FF44261EE
S21402B960FFF7F0FC11E040B3BCF1010F25D112063F
S21402B970EED44FF4C862ABF800209BF8072022F002
S21402B980030242F002028BF80720BBF8002097421F
S21402B99028BF1746CDE703208445D9D213060ED515
S21402B9A00C4B1A780AEB0200844208DA4A44521B0D
S21402B9B00AEB0201ABF80010E7E70120ECE70121F1
S21402B9C099E7064803B0BDE8F04FF8F725B800BF80
S21402B9D0405A0020676100206861002088690020C4
S21402B9E0AF600020266A0020C0420020F8B500257D
S21402B9F00A4E0B4F3378ECB2A34204D8BDE8F840A7
S21402BA000848F7F719BD07EB0414A01CF7F714FD56
S21402BA10201DF7F711FD0135ECE700BF6861002035
S21402BA20C0420020365A002070B500240B4D0C4E42
S21402BA302B78A34208D81B1BDBB22B706BB9BDE870
S21402BA4070400848F7F7E8BF06EB041040F62141BD
S21402BA500134FFF777FCE4B2EAE770BD68610020C4
S21402BA60C042002088690020F8B5154EDFF858E07D
S21402BA7035789EF800E0134FAE454FEA051C07EBFB
S21402BA80051419D0002503F4835343EA1323A17146
S21402BA902272E371608027F80C50A58003F0A8FBA1
S21402BAA040F60243E3603378608101332846337000
S21402BAB0FFF7CAFE2846F8BD40F60340FBE700BF84
S21402BAC068610020C0420020976A00202DE9F04FEE
S21402BAD0344B0D461C78174685B05CB9B1F9068022
S21402BAE0DFF8C890DFF8C8A0DFF8C8B099F80030D1
S21402BAF0A34202D805B0BDE8F08F0AEB0416B08860
S21402BB0000B9708801A90CF06AFDAA7A9DF80E3079
S21402BB109A4244D1B8F1000F0FDA297A9DF80C2028
S21402BB202B89914209D8204800780844824236DAA6
S21402BB30521A1B0A1341D90731D538460CF03EFD7E
S21402BB40BDF80A3004469A0602D5EB889B06D1D584
S21402BB50F37903F00C03042B08D17088F9F786FDFD
S21402BB6000237288194618460CF0FFF90021304669
S21402BB70FFF7E8FBFFF7C4FC38460EF073FA844280
S21402BB8008D2337A01228BF8003029460023384641
S21402BB9002F0AEFCB8F1000FACDA0024A6E70134DE
S21402BBA0E4B2A3E766610020966A0020686100207E
S21402BBB0C04200207061002008B50EF06CFD074BF5
S21402BBC01B88C01A80B2B0F5807F05D9BDE8084050
S21402BBD0002103480EF016BB08BD00BF405A0020E5
S21402BBE0886900202DE9F04788B004460D460CF01F
S21402BBF00FFC0146204603F083F910F003035FD1E1
S21402BC0010F00C0F06D12946204608B0BDE8F047D2
S21402BC10FFF79EBC20460AF0E4FBC30638D4204653
S21402BC200CF0F6FB0146204603F06AF9064620466B
S21402BC300AF0D1FC804602300EF017FE05A9074630
S21402BC4020460CF0CCFC06F00C0698F801300C2EC0
S21402BC500CBF4FF003094FF00609012113F0010F44
S21402BC60204618BF4FF003090EF018FA174B80460D
S21402BC701B88A3420FD1B5FA85F04009FBF748FCB2
S21402BC8020460AF0DCFB0022014607200EF0B6FD35
S21402BC9008B0BDE8F08703F0ABFA824640460EF0E5
S21402BCA0E1F9064640460EF0C1F9F6B202903A466F
S21402BCB049462846CDE900A605AB08F0F2FDDFE7C7
S21402BCC0012BE5D110F00C0FE2D19CE7365A00208A
S21402BCD0002210B5094B1C78094BD1B28C4201D810
S21402BCE0002010BD197A814202D19979022902D028
S21402BCF010330132F1E70120F3E700BF686100204C
S21402BD00C04200200146002210B5084B1C78084BA2
S21402BD10D0B2844201D8002010BD187A884202D1DF
S21402BD2098790128F8D010330132F1E768610020D3
S21402BD30C0420020002210B40A4B1C780A4BD1B233
S21402BD408C4203D85DF8044BFFF7DABB197A8142BE
S21402BD5005D19979012902BF002119805980103333
S21402BD600132ECE768610020C0420020024B1878DE
S21402BD70003818BF0120704768610020044B1B681A
S21402BD8013F0300F03D0202130200BF0C9BE7047CD
S21402BD90A8460020002310B5044608491A4601EAC0
S21402BDA000414FF07F60FFF701F8E30703D500215B
S21402BDB030200BF0B5FE002010BD00BF0000720759
S21402BDC0044B5B8823F4784323F08D030380002022
S21402BDD0704700BFA846002008B500220346C3F8F5
S21402BDE00220C3F806200B4A02301268D1B212F0C3
S21402BDF0200F18BF41F010011980930701D4FFF7F6
S21402BE004DF8054B1B78023B032B8CBF17200020F6
S21402BE1008BD00BFA8460020AE60002038B5054623
S21402BE200C46FDF7EDFB98B10E4B187878B10E4B29
S21402BE301B681A040FD58CB113F0420F00D17DB1E6
S21402BE4003F44073B3F5407F0CBF0020232038BDB7
S21402BE5040F60840FBE740F60B40F8E72046F6E7D8
S21402BE602320F4E7AA600020A8460020F0B5044686
S21402BE708DB007A80D46164608F00DFE10220021CA
S21402BE8003A8EFF797FB5CB1234603AC03F1100758
S21402BE90224618685968083303C2BB421446F7D1D3
S21402BEA0012703A986EA070307A88DF81C708DF8F8
S21402BEB01D3008F05BFF80EA070401A8E4B2EDF744
S21402BEC027F8B6B101A88DF80650EDF74DF864B123
S21402BED0002303A907A88DF81D3008F056FF0C4B67
S21402BEE01B78432B01D1F9F7DBF80A4B1D700DB016
S21402BEF0F0BD01A88DF80750EDF736F8002CF6D005
S21402BF0003A907A88DF81D7008F03FFFEFE700BFF2
S21402BF10AE600020A9600020F0B5012593B0074668
S21402BF200DA80C4608F0B7FD05A90DA8ADF83450CB
S21402BF3008F046FF01A8ECF7EBFF09A90DA88DF85B
S21402BF4035509DF8066008F03BFF0DA89DF8075097
S21402BF5008F0CCFE70BB731BDBB2802B28D91FB156
S21402BF60A64225D0A54223D105A90DA808F00DFFAB
S21402BF7003A8ECF7CDFF03A88DF80F60ECF7F4FFEB
S21402BF800122294609A8FFF771FF0AF0AFFE012138
S21402BF904FF400700BF0D4FFFDF71AFBB0F1004F20
S21402BFA001D9FDF71BFB044B187808F0E0FC0120D2
S21402BFB013B0F0BD0020FBE7A960002070B50E4666
S21402BFC0144605460320FFF7B7F946F00402294651
S21402BFD0204608F034FF0022014B1A6070BD00BFF5
S21402BFE0A4460020F0B587B0078805461022002137
S21402BFF002A8EFF7DFFA3E4B1B78002B76D1BC0582
S21402C0005ED407F08403842B63D00022394C114699
S21402C0101046FFF72BFF17F4045F276005F10206B0
S21402C0201CD0B9040AD5304602F09CFA00284ED13C
S21402C030236823F4005343F48073236030460BF0E6
S21402C040EBFD002842D108F024FD18B9236843F41A
S21402C05080332360236843F02003236022680DF1B7
S21402C060060042F400432360FFF7AAFE12F4805F44
S21402C070BDF8063031D043F02003ADF80630216813
S21402C080334611F0400218BF05F123024FF07F60DD
S21402C090FEF78CFEBDF80630DA0703D50021302005
S21402C0A00BF03EFD23689B0506D5012295F822106B
S21402C0B005F11200FFF7DAFE00200F4B186006E0CB
S21402C0C005F112000BF0A8FD00289AD0292007B02F
S21402C0D0F0BDB80799D52320F9E723F02003ADF881
S21402C0E00630FDF77BFAFEF775FCC8E70220EEE79E
S21402C0F0AE600020A8460020A4460020024B186826
S21402C100C0F30050704700BFA84600202DE9F04F4C
S21402C110064689461046002189B01546984602F022
S21402C120EFFE102807460AD86A4B0341DB0706D4FF
S21402C130C8F340049DB9002009B0BDE8F08F664BF5
S21402C1401C78002CF6D0FFF7D9FF00280CBF4FF45E
S21402C150F0744FF4D074FC4004F00104EAE74FF0A8
S21402C160000A18F0010F5346524629464FF00500C2
S21402C170CDF800A00CBF4FF0080B4FF4027B06F080
S21402C18011FB0028D7D0C82332460093594653469F
S21402C190284602F0DDFEADF80E000028CBD018F0DF
S21402C1A0080A4AD14FF6F773A7F10F02D2B29E429F
S21402C1B08CBF09230123012A01D843F04003474AD2
S21402C1C08DF810301378591C11708DF81130002C30
S21402C1D04FD09DF81030052F43F020038DF8103015
S21402C1E033D03F4B1D78002D5AD04FF6F7730025FB
S21402C1F09E424FF00F0248D9012304A90DF10E000A
S21402C200F7F75EFB002896D1002C4DD1BAF100015B
S21402C21033463A4618BF0121BDF80E00CDF800900D
S21402C22008F0A8FFADF80E00002884D018F0040F1E
S21402C2304DD031460AF0F8FE7EE749460DF10E0073
S21402C2400BF0A3FE0028ADD175E70121BDF80E0064
S21402C2500DF024FF012102F053FE0123834013F068
S21402C260620F1CD11E4B1B78E3B14FF6F7731825ED
S21402C270BEE71B4B25461B780222002BBCD04FF68E
S21402C280F7739E42B8D8052FB6D0BAF1000FB3D1D5
S21402C2909DF8103043F040038DF81030ACE71025BF
S21402C2A00F22A9E71825FBE7BAF1000F0AD00223EE
S21402C2B04A46009029460DF10E00FEF79DFB002827
S21402C2C0A4D038E741235246CDF800A0F2E70AF0A0
S21402C2D093FE31E79FFEFEFFAA600020AB600020BF
S21402C2E09E6000202DE9DF431E46144B80461B68E5
S21402C2F00F469B0791460A9C1BD4204614B108F0B1
S21402C30023FFC0B20622CDE902403B460020CDE91B
S21402C31000890B490BF0FCFF024650B10021002EAB
S21402C3200CBF01230323084604B0BDE8D043FFF741
S21402C330EDBE002004B0BDE8D08300BFA8460020B2
S21402C3405A4904002DE9F04F8DB081468A461F46B1
S21402C35093469DF85C803AB903A8FEF79FFDB0BBF2
S21402C36000200DB0BDE8F08F1546002223211046AE
S21402C3700AF04CF9ADF80A000028F1D00DF056FE8E
S21402C3800523044618F0100F00F8023B677020D011
S21402C39011220021EFF70EF904F11306032F4FF0D6
S21402C3A0080237D159463046EFF756F9C8F38013DC
S21402C3B006F10905337208F0C3FE00283ED00023BA
S21402C3C02B706B700123033505F8013C36E003AD94
S21402C3D0CBE7012610221699EFF73EF906FA07F385
S21402C3E013F0620F02D104F11206D7E707A808F08D
S21402C3F052FB05A88DF81C60ECF78AFD9DF8162006
S21402C40018F0200F9DF8173008BF134604F11306E4
S21402C410A374C3E751463046EFF71EF9012306F12F
S21402C4200802121B28460093BDF80A10082392B28F
S21402C4300EF014FB042F06F11005BCD02D1BA9B27A
S21402C4400DF10A000BF0CCFE002889D118F0040F7B
S21402C4500BD048460EF0F7FAFF281FBF074A32F8FD
S21402C460103023F4804322F81030434651464846A3
S21402C470BDF80A20FFF74AFE73E700BFD85900202E
S21402C48070B5032690B08DF80760F7F7B3FB18B9BE
S21402C4900224204610B070BD02AD2846FEF7FEFC10
S21402C4A00028F5D01B4B1C6814F00204F0D140F2B1
S21402C4B00F43194AADF82430136804A8CDF8263085
S21402C4C05368CDF82A3008F0E6FA95E8030005AB83
S21402C4D083E80300062304A88DF81D308DF810604B
S21402C4E0ECF7B8FC01210DF12E020DF10700ECF776
S21402C4F009FC22461A2109A80AF088F8024608B959
S21402C5001924C6E7012329462046FFF7FFFD002827
S21402C510BFD1F5E7A8460020316100202DE9F04F93
S21402C52004460D46002191B01F2208A89B4607919B
S21402C530EFF740F820460BF06BFF0146204602F06C
S21402C540DFFC8DF8110020460AF045F89DF8113000
S21402C550467899068146C6F34006204648BF46F00E
S21402C56002060CF02BF8804620460DF07BFD0022DA
S21402C570A0EB0803DBB2232B28BF2323009221461D
S21402C580424607A80EF06AFA00283AD1A24B9DF856
S21402C5901C701B789DF81DA0B3B3FFF7AFFD0028F3
S21402C5A00CBF4FF4F0734FF4D073FB40DA072BD571
S21402C5B0B30729D4082F22D1BAF1040F21D1FBF7F1
S21402C5C07FFBF0B9012342460093214605200DF178
S21402C5D0110306F0C4F8A0B1053F0D2F11D8DFE80D
S21402C5E017F024001000AF01BC01C50110001000B6
S21402C5F01000100010001000CB01F901F901052F00
S21402C60007D011B0BDE8F08F102F05D1BBF1000F97
S21402C610F7D0FBF755FBD5E7FBF752FB0028D1D046
S21402C620052FCFD0112FCDD0EBE7BAF1050FE8D802
S21402C630204609F033FF029009F102000EF015F9C8
S21402C64082460DF11200FFF7BBFB01239DF81D8009
S21402C65003FA08F313F0620303932DD0BDF81230E9
S21402C6609D0722D5B407CCD5FBF72AFB0DF11E0099
S21402C6700BF0D2FAB8F1030F04469DF82EB02FD174
S21402C6800DF12F050AF038F9824540F03181032E6C
S21402C690B7D19DF836100DF11E02003918BF0121E0
S21402C6A00DF12E0008F071FDABE7FBF709FB002841
S21402C6B0DCD1002EA5D0D9E7FBF702FB68B10DF15D
S21402C6C01E000BF0A9FAB8F1030F04464FF0000B58
S21402C6D040F082800DF12E05D4E7002E91D0EEE7D1
S21402C6E04E4B1B6898072AD5FF2208210DF137000A
S21402C6F00AF090F8814610BB034601460DF1370258
S21402C7000220FEF753FB0AF0F7F882450DF13707D1
S21402C7100DF12F0523D04FF6F7739A4540F2ED80C0
S21402C7200022082128460AF075F8002800F0E58065
S21402C730002259460DF11E00FFF798FB61E70DF146
S21402C74037070DF12F0538460BF012FA002848D0AD
S21402C7500AF0D2F8824540F0CC804FF00009284615
S21402C760F7F7D2FD002800F0C480B8F1010F5BD0C5
S21402C770B8F1040F7FF445AF0BF01DFA10B1032E8B
S21402C7807FF43FAF002C7FF43CAF3A4602210DF116
S21402C7901E00FFF713FC224B1B7863B1FFF770FEF7
S21402C7A0FEF7C4FD022806D10120FEF7B9FD0121DD
S21402C7B00846FEF741FC1B4B1B78022B20D10321B7
S21402C7C0384608F0D6F8FEF7B1FD014600287FF499
S21402C7D018AFFEF731FC14E70DF136070DF12E0502
S21402C7E0B1E7104B1B78432B7FF40BAFB8F1010F68
S21402C7F07FF407AF0AF080F882457AD1C146AEE7E9
S21402C800412B7FF4FEAE054B1B6859057FF5F9AE4A
S21402C810F9F73EFEF5E600BFAA600020A846002013
S21402C82058610020AE6000206C4D2B78022B22D07F
S21402C8302B78412B3FF4E5AE3CB9FBF741FA59465B
S21402C84002460DF11E00FFF711FBFBF739FA00282E
S21402C8503FF4D7AE0BF0AFF9614C98B123681B05D5
S21402C86002D42B78432B0DD1B0070BD440F61A40D6
S21402C870F9F70CF8C5E60BF09EF90028D8D0B207F7
S21402C880D6D4BEE6206810F0020002D102990BF060
S21402C89051FB2B78112B16D12368590513D500208E
S21402C8A0FEF7E0FB044600287FF4ABAE0AF092FAED
S21402C8B040F61C40F8F7EAFF21462046FEF7BCFB8E
S21402C8C0F8F7F0FF9DE6B20701D5FFF757FAB9F180
S21402C8D0000F9DD008F0DDF818B94FF480310BF048
S21402C8E01FF900223F4B38461A600BF038F98FE7E3
S21402C8F00027039B002B7FF40EAF4FF6FF732846EC
S21402C90005A9ADF8143009F0EAFF20B1284609F06F
S21402C910C7FFADF814004FF6FF73BDF81400984237
S21402C9203FF46FAE002C0CBF0423152301930DF1C8
S21402C9301E0300933A4643462946FFF703FD60E688
S21402C9400DF11D00F7F7E0FC00283FF45AAE022274
S21402C95029460020FAF79EFE53E6F3077FF551AE0E
S21402C9603246284607A90BF00FFB4AE69DF81D1033
S21402C9700120FFF7D1FA44E6184B1B78022B20D190
S21402C980002D7FF43EAE05A8FEF788FA00283FF495
S21402C99038AE154B1D709DF81D30002B14BF642455
S21402C9A06524FEF7C3FC032806D128462946FEF76F
S21402C9B043FB2846FEF7C0FC214605A807F0D9FF30
S21402C9C01FE6043B012BDBD9284608F0C9FB0028EA
S21402C9D0D6D116E6204608F0C5FB12E6AE60002069
S21402C9E0A8460020A4460020586100202DE9F34105
S21402C9F005460E46174698460BF0DDF8044640B14B
S21402CA0001233A4631462846CDF80080FFF76AFCF5
S21402CA1004460BF0D0F830B1FFF770FB78B10A4B42
S21402CA201B689B010BD400233A4631462846CDF8B4
S21402CA300080FFF757FC002C0CBF0446012404F0CC
S21402CA40010002B0BDE8F081A846002070B58AB0A9
S21402CA5005A808F020F8022301AA15468DF814301E
S21402CA60084B03F11006144618685968083303C4C5
S21402CA70B3422246F7D1294605A808F077F90AB04C
S21402CA8070BD00BF6F960400014B1878704700BF58
S21402CA90D16A0020014B1888704700BF4E6A0020FA
S21402CAA04FF6FF732DE9F043994280460D4685B056
S21402CAB00BD000274FF6FD791C4EEBF71BFDFCB2A0
S21402CAC0A0420BD84FF6FF701DE0F7F71DFC0028BA
S21402CAD0EFD005B0BDE8F04309F00EBF36F81430CB
S21402CAE04B4517D8694620460BF09BF8082241466C
S21402CAF00DF10500EFF7AAF84FF6FF7360B99D42F5
S21402CB0004D136F8140005B0BDE8F08326F81450B8
S21402CB100BF061F80137D0E79D42FBD036F81430AF
S21402CB20AB4208BF26F81490F4E700BF0C59002069
S21402CB302DE9FF4706460F4600254FF6FD79DFF83A
S21402CB403C80DFF83CA0EBF7D5FCECB2A04202D862
S21402CB5004B0BDE8F08738F814304B450CD8694667
S21402CB6020460BF05EF8082231460DF10500EFF77D
S21402CB706DF808B90AF804700135E4E70C5900208C
S21402CB8074600020014B33F8100070470C590020E7
S21402CB90F0B5064600250D4F85B0EBF7ABFCECB2C0
S21402CBA0A04201D805B0F0BD37F81430B3420BD11D
S21402CBB0694620460BF071F89DF80030022B1CBF28
S21402CBC04FF6FD7327F814300135E6E70C590020BE
S21402CBD030B585B004460D46EBF78CFCA0420FD963
S21402CBE0084B33F814204FF6FD739A4208D869466C
S21402CBF020460BF052F829460DF10500FFF750FFCC
S21402CC0005B030BD0C59002030B585B00446EBF7B0
S21402CC1071FCA04219D92046FFF75AF80546B0B96A
S21402CC20694620460AF0FDFF9DF800302BB16946A2
S21402CC3020468DF800500BF012F84FF6FF720020D7
S21402CC40044B23F8142005B030BD2820FBE740F63D
S21402CC500440F8E70C5900202DE9F0410B78054610
S21402CC600E461BB9BDE8F041FFF7CEBFEBF742FC1C
S21402CC70A84231D92846FFF72BF878BB374617F873
S21402CC80058B4FF6FF713846FFF70AFF0446384613
S21402CC9000F01EFAB0FA80F04009B8F1000F15D085
S21402CCA0B8F1030F15D04FF6FF724FF6FD7394429C
S21402CCB008BF1C460B4B314623F815400A4B585505
S21402CCC028460AF0CCFF0020BDE8F0814FF6FF743C
S21402CCD0F0E74FF6FE74EDE72820F5E740F604404D
S21402CCE0F2E700BF0C590020746000202DE9FF41D6
S21402CCF00D4604464FF6FE780F4F0E0AEBF7FAFB88
S21402CD00A04204D8FF24204604B0BDE8F08137F8DC
S21402CD10143043450CD1694620460AF082FF9DF83E
S21402CD200520EBB29A4203D19DF80630B342EAD010
S21402CD300134E4B2E2E700BF0C5900202DE9F04FBF
S21402CD400C461746984600254FF6FD7B87B09DF8A1
S21402CD5040A0DFF85C900190EBF7CCFBEEB2B0425D
S21402CD6001D8FF2616E039F816205A451ED8304656
S21402CD7002A90AF056FF3FB99DF80920424515D18F
S21402CD809DF80C20524511D144B939F81620019B62
S21402CD909A420BD1304607B0BDE8F08F08222046F3
S21402CDA00DF10D01EEF752FF0028F3D00135D3E75F
S21402CDB00C59002010B514460AF033FF2046BDE891
S21402CDC0104008220149EEF747BC00BF316100203F
S21402CDD02DE9FF47074615460846082224491E46FF
S21402CDE0EEF734FF044600283FD14FF6FF7ADFF80D
S21402CDF08490EBF77FFB5FFA84F880450BD385B30C
S21402CE00384605F06DFD01250C9B18700120357023
S21402CE1004B0BDE8F08739F8183053451FD069468C
S21402CE2040460AF0FEFE7A789DF801309A4216D104
S21402CE307A88BDF802309A4211D13A799DF80430C8
S21402CE409A420CD108220DF10501781DEEF7FEFE7E
S21402CE5028B9002DD7D1404605F05DFDD3E7013451
S21402CE60C7E7FF2005F057FDCEE70020D0E700BF5A
S21402CE70316100200C590020F0B50025154E164FE2
S21402CE8085B0EBF737FBECB2A04201D805B0F0BD97
S21402CE90694620460AF0C5FE9DF80030032B06D9E7
S21402CEA00023694620468DF800300AF0D8FE9DF829
S21402CEB0002062B14FF6FD734FF6FE71032A08BFDB
S21402CEC00B4626F81430002301353B55D9E74FF6BA
S21402CED0FF73F6E70C59002074600020F8B50E4682
S21402CEE004464FF6FF770C4B0C4D1B7803EB4303BF
S21402CEF005EB8305A54202D800242046F8BD238808
S21402CF00BB4206D008223146A01CEEF79FFE002840
S21402CF10F3D00C34EEE700BF986A00204C5800208D
S21402CF20044BFF211A78044802EB42029200EEF705
S21402CF3041BB00BF986A00204C580020F8B5044652
S21402CF400C4B0D461B781046A3420DD90C27022126
S21402CF5017FB04117C43084E08223144EEF77CFB93
S21402CF60335B00202B80F8BD0023136053604FF61E
S21402CF70FF73F6E7986A00204C58002038B504463E
S21402CF804FF6FD75FFF704FE0022084B1878084B93
S21402CF90D1B2884200D838BD33F80C1C0132A14207
S21402CFA008BF23F80C5C0C33F2E700BF986A002037
S21402CFB05858002070B505460E460846FFF7DEFFB5
S21402CFC031462846FFF76CFD29460648FFF786FFDE
S21402CFD000B970BD044624F80C6B0AF0FCFD294625
S21402CFE02046F3E74C58002010B5082286B02349A5
S21402CFF00446EEF72BFE20B906B0BDE8104009F055
S21402D0007BBC082220461E49EEF720FE20B91D4BA7
S21402D010B3F8680006B010BD0023012221464FF681
S21402D020FF700093FFF78AFEFF2806D0164B33F8F0
S21402D03010004FF6FB739842ECD903A8FEF7CCFE1D
S21402D04058B9BDF80C305B0607D5082221460DF10B
S21402D0500E00EEF7FBFD0028DCD021460B48FFF75A
S21402D0603DFF40B14FF6FB724FF6FF7300889042C9
S21402D07088BF1846CEE74FF6FF70CBE73161002037
S21402D08092540020285400200C5900204C580020AE
S21402D09070B5002204464FF6FB7608460A4B1D780A
S21402D0A00A4BD1B28D4201D8002009E01988B1425C
S21402D0B007D8A14205D10822991CEEF7CDFA012025
S21402D0C070BD0C330132ECE7986A00204C58002001
S21402D0D037B5014605460E48FFF700FF044640B145
S21402D0E0807A29460AF0FDFD80F00100C0B203B046
S21402D0F030BD03460090012229464FF6FF70FFF727
S21402D1001DFEFF2816BF034B2046185CE9E700BF4A
S21402D1104C580020746000202DE9F341224B04464F
S21402D1201B780F468342154638D9FEF7EBFDB8BB8F
S21402D1304FF6FD739D421D4E0ED004EB440326F8B7
S21402D14023504FF6FF739D421FD12046FEF7F2FD95
S21402D150002002B0BDE8F0810DF10601384609F064
S21402D160BEFB4FF6FF72BDF806303846934218BF34
S21402D1701D460C236343F55206EB0308FFF7A8FF90
S21402D180B0FA80F0400988F80A000C2303FB04601A
S21402D190082239460230EEF75FFAD9E72820D8E7A8
S21402D1A040F60540D5E700BF986A00204C5800209C
S21402D1B038B504460D46FFF7BBFC21460448FFF788
S21402D1C08DFE00B938BD857221460C30F7E700BFE8
S21402D1D04C5800200023074A1370074A1370074A68
S21402D1E0118801B11380064B1A880AB100221A80F0
S21402D1F0704700BF6A61002069610020465A00201D
S21402D200445A00202DE9F04F3C4C1D46238887B037
S21402D2100746884610469DF840605BB952B10AF050
S21402D220F8FF20804FF4FA61354807B0BDE8F04FAA
S21402D2300CF0E8BFDFF8D890B9F80040002C49D0CF
S21402D24020460CF00FFFC0F3470620460CF0EEFE19
S21402D250DFF8C0A00296BAF80030DFF8BCB001933F
S21402D260BBF800300446009300222B4601202549D5
S21402D2700BF04EF8ADF81600E8B1012504EB4606B1
S21402D280B4420DD1BDB9BDF81630A3B12A46414607
S21402D290384600F06FF9ABF80050AAF800500AE0E2
S21402D2A0012321461A460DF11600F6F709FB023451
S21402D2B005460028E4D00023134AA9F80030137864
S21402D2C0013BDBB21370002BACD107B0BDE8F04FC8
S21402D2D0FFF780BF0D4C237823B90DF0D1F808B9BB
S21402D2E001232370324629460520F7F70DFA002857
S21402D2F0EBD1207007B0BDE8F08F00BF465A002081
S21402D300A8690020604904006A6100206961002063
S21402D310445A0020E0590020E259002030B5154D4D
S21402D32087B02C889CB923464FF4A07248F2380185
S21402D33003A80AF0B2FD21462046FAF7E3FA22468F
S21402D3400D4B009403A9FFF75DFF07B030BD2046E2
S21402D35009F041F904300DF088FA03A9044628883A
S21402D3600BF03DF90023009320462A8803A900F01B
S21402D370AFFAEAE7465A002000F8FF0737B5002062
S21402D38001A9FAF7BFFA0D4C014623780C4D7BB182
S21402D3900C4B019A1878FAF7CBFA2078F8F74CFC7F
S21402D3A0002323702B700848F6F736FB03B030BD17
S21402D3B02B78002BF7D0FFF7B1FFF4E76C61002063
S21402D3C06A6100206B610020A869002008B5054844
S21402D3D0F6F732F80448F6F72FF8BDE80840034897
S21402D3E0F6F72AB8465A0020445A0020425A00202D
S21402D3F02DE9F04F89B089460446CDE905239DF80C
S21402D4004870139E30B316F801ABBAF1000F23D062
S21402D4100AF1FF34A400E4B23146012007F0E8FE28
S21402D420C00E1BD1DFF838B13146012007F0E0FE0E
S21402D4309BF8005034442279BDB1002F47D1802397
S21402D4404846CDE90277CDE900773E4A059900F0D5
S21402D45091F83CE08246DFE75446DDE71B28ECD92C
S21402D4603146012007F0C4FEE7E7DFF8F880FF2A1E
S21402D47000EA08080BD14246E379A179607901EB0C
S21402D480032189B209B0BDE8F04FFAF751BA2E4926
S21402D49009688B070AD5FE2A35D101230135EDB27C
S21402D4A0202D4FEA43030AD1FF250AE029462846E3
S21402D4B00792FAF727FA4845BFD1079AEBE798454D
S21402D4C0ECD1224B1B78FF2B04D0AB4204D009B020
S21402D4D0BDE8F08FFF2DFAD029460020F4F7B2FF00
S21402D4E00028F4D09BF800306479002BEFD1FFF7C8
S21402D4F071FE17484FF410510CF084FE154B8BF852
S21402D50000501C70E3E7052A97D8BAF1010F94D8A9
S21402D510B8F1000F91D0002FD9D17379002BD6D055
S21402D5200D49098821B9082B28BF08230B490B701F
S21402D530434648461292DDE9051209B0BDE8F04FAF
S21402D540FFF760BE60490400A8460020D26A0020A9
S21402D550A86900206B610020465A00206A610020FC
S21402D5606C61002000F8FF07014B1880FFF7D6BE5B
S21402D570445A00200CB42DE9F04F8BB014AA0E4684
S21402D58052F8041B07460992002940F08F80BDF826
S21402D5905400ADF82200002800F0A18033794FF63F
S21402D5A0F778002B40F0868047458CBF4FF009087D
S21402D5B04FF008084C4B1C78FF2C40F08380B6F9DD
S21402D5C00230002BA9BF494B347A1C780134A2BF23
S21402D5D0E4B21C7044F08004DFF81CB1224600213D
S21402D5E001F0A2FC9BF80030BDF82200002B6CD0A4
S21402D5F0DFF808A14FF00009BAF8003007930CF0E4
S21402D60031FD0546BDF822000CF010FDEBB2CDE967
S21402D6100193FF23CDE90309009322463346394698
S21402D6200798FCF7B5FB4FF6FF7305468BF800909C
S21402D630AAF80030382D33D13246394640460DF12D
S21402D640220307F095FD00284BD04FF6F7739F4252
S21402D65026D8B6F902307088002B21DA48F2040286
S21402D6602349244B4FF00008904214BF894699463E
S21402D67009F042F9494603468A220120CDF8008085
S21402D6800AF046FE814658B12246414601F04CFC5D
S21402D690FF23324639464046CDE90098FCF7DAF9D0
S21402D6A028460BB0BDE8F04F02B0704701200AF0E2
S21402D6B00CFE6EE7002347458CBF4FF006089846DF
S21402D6C0337177E7FF221A7086E7CDE90003324608
S21402D6D0FF2339464046FCF7BDF90546AAE7192559
S21402D6E0DEE70546DCE700BFD46A00206E61002054
S21402D6F071490400664904006D610020485A002002
S21402D70070B54FF4003300240546164688B0ADF8CF
S21402D7101A100DF10F0204A90593ADF81840ADF8E2
S21402D7201C4004948DF80F4007F001FD9DF80F3061
S21402D73028460193049B044A009305A93346FFF743
S21402D74019FF08B070BD00BF6A49040030B54FF437
S21402D7508035002487B00395BDF82850CDE9001225
S21402D7608DF81030074A034603A9BDF82C008DF841
S21402D7701140ADF81250ADF81440FFF7FBFE07B0AB
S21402D78030BD00BF76490400B1F1006F2DE9F043C9
S21402D79014462CBF392238228BB01D464FF00003A8
S21402D7A0ADF81E204FF480022CBF4FF001099946B7
S21402D7B0FF2C0646ADF81C300892ADF824304FEA2E
S21402D7C011471FFA81F80FD109F0A7FBB9F1000F34
S21402D7D019D1154ACDE9020543463046CDE9007413
S21402D7E007A9FFF7C7FE1AE0FE2C0AD109F095FB3F
S21402D7F00130C0B209F09CFBB9F1000F12D00B4AFF
S21402D80002E0E8B2F8E70A4ACDE90305012330460A
S21402D810CDE90174CDF8008007A9FFF7ABFE0BB087
S21402D820BDE8F083034AD5E76E4904007449040054
S21402D8306D490400754904004FF498124FF0806356
S21402D84010B586B0CDE903230023ADF8143009F0F5
S21402D85053F80446F8F796FA054B01900093054AEA
S21402D860234603A94FF6FD70FFF784FE06B010BDEF
S21402D870316100207A49040008B5064B1B78022B5A
S21402D88002D0043B012B03D8FFF7D6FF002008BDC9
S21402D8900220FCE7AE60002030B500244FF480651D
S21402D8A087B0CDE900128DF81030084A034603A966
S21402D8B04FF6FD708DF811400394ADF81250ADF896
S21402D8C01440FFF757FE07B030BD00BF7E49040084
S21402D8D02DE9F04F99B00E4605460CA91046CDE943
S21402D8E00A329DF888700AF037FABDF83090804602
S21402D8F048460CF0B7FBB6F902300446002BB6F8E1
S21402D90006A0B6F802B004DA00228D4B1A70002088
S21402D91049E048460CF0A6FB4045F5D3A4EB0804C4
S21402D920E3B2002F18BF4FF4A07A152B099328BF35
S21402D93015230024013308F1FF324946DBB292B2C6
S21402D940009412A80DF08AF86FEA4B436FEA53432D
S21402D9507C499DF8482008684968ADF83E300DAB12
S21402D96003C3ADF84040ADF83C40ADF842A0ADF878
S21402D9704420BBF1000F24D10DF14900F6F7C4FC98
S21402D980A0B108F0B9FF5C4680460DF151060DF1D4
S21402D99049030A9A96F80090012A2CD14FB384F0D4
S21402D9A0010404F0010019B0BDE8F08F0DF1490042
S21402D9B00AF0E1FA4FF6FF74011B4C4280464C41D6
S21402D9C0E3E7BBF1010F57D1BDF8498008F094FF99
S21402D9D080450AD040460DA90AF0D0FA80F001042C
S21402D9E0E4B20DF14B060DABD3E7574B0DF14B06E8
S21402D9F0CFE70A9CD5E75FB344BBB9F1010F25D840
S21402DA0030D108F079FF08F077FF22468046717819
S21402DA104D4B029100210120CDE900814B490AF0CD
S21402DA2077FCADF8320088B124BBB9F1010F0CBF08
S21402DA300D210C210DF132000AF0D2FB024628B964
S21402DA402846BDF832300FA9FFF794FD0120AAE759
S21402DA50B9F1010F04D1002CD3D081227178D8E716
S21402DA60002CFAD1B9F1010F94BF0022012271787D
S21402DA70D201CEE70C21DDE70A9B002B7FF447AFED
S21402DA807388342B4BD1099B092B7FF440AF002FB0
S21402DA907FF43DAF9DF951603A46B41008210DF16E
S21402DAA0490004F0200408F0B5FEA0B1284B1B780C
S21402DAB0012B3FF42CAF274A274BB2F868201B688D
S21402DAC0AA421DD0DA001BD5C8232846234A0FA92E
S21402DAD0FFF750FD1BE70DF14900F6F715FC00288D
S21402DAE0E4D10DF149000AF046FA4FF6FF73984268
S21402DAF0EAD02146F9F778FE03460028E4D1E4E7A7
S21402DB005B0201D5002E08DA00232846134A0FA925
S21402DB10FFF730FD124B1C70F9E68D23D5E7099B03
S21402DB20CDE905A204930DF14903CDE902833146FE
S21402DB302846CDE900790B9B0FAA00F03DF8E6E6F1
S21402DB4062610020E0D103003161002082490400B6
S21402DB50AF60002028540020A8460020CAFE03001A
S21402DB60D36A0020024B187840F08000704700BF4E
S21402DB706E610020014B188000207047566A002014
S21402DB804FF6FF71034602881B798A4217BF074980
S21402DB9001200A8041881EBF054A00201180FF2B03
S21402DBA01EBF044A00201370704700BF526A00204E
S21402DBB0506A00206F6100202DE9F04FA1B099460F
S21402DBC0BDF8AC302D9F0D939DF8B03004460E93F1
S21402DBD0BDF8BC3038460F939DF8C0304E88884654
S21402DBE015469DF8A8B010930CF03FFE112E824603
S21402DBF071D808F081FE504576D0062E10D14FF629
S21402DC00FD72924526D0BBF1000F10D10022802370
S21402DC10CDE900A229462046BC4AFFF7ABFC06E047
S21402DC20BBF1000F03D1032E07D8012E09D800221C
S21402DC30B74B1A7021B0BDE8F08F043E022EF6D81C
S21402DC40E4E7802329462046B24ACDF800A0FFF733
S21402DC5091FCECE7B04B1B785E074CD408F04CFE08
S21402DC600026034632460120A84900960AF050FBD9
S21402DC703B79ADF866000F930028DBD0DDE90E3263
S21402DC800D9803EB42090CF0EDF95FFA89F909F1F8
S21402DC9005085FFA88F88045CCD241460D9801F017
S21402DCA02FF9109008EB40080D980CF0DBF9804530
S21402DCB0C0DADDE90F321343DBB2002B40F03482C8
S21402DCC0BBF1000FB6D1D84642460421BDF8660025
S21402DCD001F02AF974E1904A3A2E127812D948F2E3
S21402DCE03B039E4207D013E08B4A127850070BD5AF
S21402DCF0321F022A08D8B8F8063043F48043A8F840
S21402DD00063097E71B2E1DD8B21E91B213295FD993
S21402DD10109B494602930F9B3046CDE900B30E9AFC
S21402DD20234607F00BFA0F2884D10122784B1A708B
S21402DD30794B1B789B0740F12783BBF1000F7FF4DA
S21402DD4079AFD8E7A6F11C011E29E1D801A050F848
S21402DD5021F000BF9FE3020011DD020011DD020088
S21402DD6035DC020011DD02008DE102008DE10200C9
S21402DD7011DD020011DD020011DD020011DD0200DC
S21402DD8011DD020011DD020011DD020011DD0200CC
S21402DD9011DD020011DD020011DD020011DD0200BC
S21402DDA011DD020011DD0200BFE10200BFE1020048
S21402DDB071E3020011DD020011DD020093E30200AE
S21402DDC011DD0200EFE3020005E4020013E40200A4
S21402DDD0132A9DD801A151F822F000BF2DDE0200C1
S21402DDE0BDDE0200DBDE0200F3DF02005DDC0200C5
S21402DDF011DD020011DD020011DD020011DD02005C
S21402DE0011DD020011DD020011DD020011DD02004B
S21402DE1011DD020011DD020011DD020011DD02003B
S21402DE2037E1020011DD0200CBE3020000231A9361
S21402DE308DF866300DF1660322460E994846009329
S21402DE401AAB07F075F908F057FD0646EAF75EFBCF
S21402DE50162894BF4FF002094FF02209F7F792FFF7
S21402DE602E4B0746B3F800A0FBF7EAFD2C4B804684
S21402DE704FF6FF70B3F800B00AF035F8294B9DF85C
S21402DE8066201988244B1B7813F002031CBF264B0E
S21402DE901B780B921A9ACDE90701CDE90932402385
S21402DEA02946CDE9019320460023CDE9058BCDE92D
S21402DEB0037A1E4A0096FFF75DFBBBE608F01CFDE0
S21402DEC01B4B1C4A1B88CDE92A0300232946204601
S21402DED021B0BDE8F04FFFF74DBBBE781AA9731EFE
S21402DEE0DBB2EF2B304627D9F22E25D005F052FCB6
S21402DEF0822608F001FD00232946CDE90003034AE5
S21402DF0033462046FFF736FB94E600BF6649040018
S21402DF1062610020714904006F600020566A00208A
S21402DF20526A0020506A00206F610020884904006F
S21402DF30546A00209549040005F02CFC002856D0AF
S21402DF4008F0DAFC9DF86C209DF86E100492BDF87D
S21402DF506A2049000392BDF86820C9B2CDE9016281
S21402DF609DF86D2003465200D2B208320A4400924F
S21402DF7001200022C6490AF0CBF99DF86D30ADF8B3
S21402DF8066008DF8633000283FF454AE4FF0000868
S21402DF9001230DF163011A460DF16600F5F790FCB8
S21402DFA0074600287FF446AE9DF86330FAB29342E5
S21402DFB00CD89DF86E308DF86330B8F1000F02D0A1
S21402DFC0BDF8663036E04FF00108E1E741463046DC
S21402DFD005F0E2FB0123ADF86400022219A90DF157
S21402DFE06600F5F76DFC01370028DDD022E68326B1
S21402DFF07FE708F081FC064605F0EDFB334600900D
S21402E00000220120A3490AF083F900283FF412AE49
S21402E01000273E46ADF8680005F0DDFB5FFA87F89C
S21402E02040450DD832460421BDF8680000F07CFF5A
S21402E030BDF86830002229462046FFF79BFAF9E52C
S21402E040404605F0A5FBFF288DF866000BD001239D
S21402E05001361A460DF166011AA8F6B2F5F730FC3B
S21402E06000287FF4E7AD0137D6E75046B7F80290AE
S21402E07005F08EFBFF288DF8640000F0E2811AA9F5
S21402E08005F088FBBDF868304B4507D04FF6FF72A7
S21402E090914540F0D681190400F1D3819DF86D3088
S21402E0A012930E9B0533DBB213930F9B149300233C
S21402E0B04FF0000911934B4613E017934900139B48
S21402E0C0C9B219440D9889B20AF0C5F84FF0000A91
S21402E0D0179B159012995FFA8AF28A4216D309F1B3
S21402E0E00109149A5FFA89F19142E6D39DF86E20EF
S21402E0F01292169A1392002B40F09581119B002BD8
S21402E10040F09F81109B14930123D1E711999DF84B
S21402E1106400179305F040FB159A179B0AF1010A53
S21402E120824208BF0123D5E709F106095FFA89F39F
S21402E130B046169386E1BD1C29465046BC7A06F0C8
S21402E14080FB01222946504609F07CF8504609F029
S21402E150DEFE284609F00FFF3A88824207D04FF6C5
S21402E160FF72904203D00CF06EFC09F0F0FE84F0D1
S21402E1700804C4F3C00421462846FFF719F82146CE
S21402E180284621B0BDE8F04F07F001B8BBF1000FFA
S21402E1907FF450AD12073FF5AEAD33463A462946F8
S21402E1A0204601F08FF900287FF444AD84232946E7
S21402E1B02046394A21B0BDE8F04FFFF7DBB90F9889
S21402E1C097F8008009F04BFC00210746204601F034
S21402E1D0E3FC312EA7EB0007FFB240F0D5804FF0EC
S21402E1E0000A012053465246CDE9008A2B490AF01E
S21402E1F08FF8ADF8660000283FF41CAD1622514693
S21402E2001AA8EDF7D7F91AA808F0FFFD4FF0FF336A
S21402E210DFF894B0CDE91C339BF80090B9F1000FFB
S21402E22002D14FF0010A55E01D4E33796F2B02D909
S21402E2300026324625E050461CA9F6F73DFF002888
S21402E240F6D0184BB6F80090B3F86830B9F1000F64
S21402E2502CD1003B18BF01235B0143F004038DF869
S21402E2607A3002238DF87B3073881B0A49461EA833
S21402E2708DF87D300CF0FBFAB8F1000F65D0002661
S21402E28001220221BDF8660000F04EFE32461CE571
S21402E2909949040066490400CAFE0300A149040025
S21402E2A0A459002028540020A8600020B3EB0903DC
S21402E2B018BF01235B0143F005038DF87A30022371
S21402E2C08DF87B300F238DF87C30CDE70AF1010AFA
S21402E2D05FFA8AFA0AF1FF36F6B230460CF0B9FB5C
S21402E2E0C307F3D59BF8003019EB030F04D009F1EE
S21402E2F001095FFA89F9E9E7584B1CA918783044F6
S21402E300C0B2F6F7D9FE002892D0304609F030FEA9
S21402E310814630460CF09DFBC0070FD416238DF8BD
S21402E3207A304F4B1B780133DBB20F2B28BF0F23FB
S21402E3308DF87C304B4B33F8163096E730460CF0AF
S21402E34088FB8107EAD41223E9E7BDF866000BF0E2
S21402E35089FE1630B84292DC012316221AA90DF164
S21402E3606600F5F7ADFA00287FF464AC012660E794
S21402E37012073FF5C0AC3B46224629460F9801F0ED
S21402E380F9F800287FF456ACBBF1000F7FF452ACCC
S21402E3900CE7BBF1000F7FF44DAC802307E708F0D3
S21402E3A0ABFA50457FF446ACB81CF5F7ADFF002833
S21402E3B03FF440AC08F0A0FA064608F09DFA2A4B55
S21402E3C02A4ACDE92A03334680E538460CF04DFA50
S21402E3D009F089FD00283FF42DAC2A900023294637
S21402E3E02046234A21B0BDE8F04FFFF7C3B84B469C
S21402E3F02A4621460020CDE92AB721B0BDE8F04FD3
S21402E400FEF7F6BF4B462A4621460120CDE92AB73B
S21402E410F3E75B464A46294620462A9721B0BDE8DE
S21402E420F04F06F0B9BE012319A91A460DF166008F
S21402E430F5F746FA00287FF4FDAB08F101085FFA0B
S21402E44088F8013605F0C7F95FFA86FA50453FF6B6
S21402E4500CAEB8F1000F3FF433AC35E49E6A0020F0
S21402E46057610020D659002031610020A6490400D9
S21402E47071490400F8B5164B04461D88154B20F862
S21402E480025B196879B10822EDF7E6F8124B0C2008
S21402E4901B78124EA372124B19780023DAB29142FD
S21402E4A005D8FF2209E0C4F802104160EEE7013306
S21402E4B000FB03F7F75BAF42F0D10A4BE2721B7820
S21402E4C02373094B1B786373084B1B682361F8BDE3
S21402E4D0565A002044550020706100204058002003
S21402E4E0986A0020546100205361002030550020B5
S21402E4F0F0B589B006460C4615460AF05FF80DF1EF
S21402E5000A020146304609F010FF144F0346F0B9DE
S21402E51001223A702288BDF80A102AB102460090FB
S21402E520072004F01CF990B103A8FFF7A3FFBDF87B
S21402E5300A000BF097FD0646BDF80A000BF076FDC2
S21402E54021460090F3B2284603AA06F0A4F9002357
S21402E550034A3B70136009B0F0BD00BF7161002032
S21402E56044550020142230B58BB005460DEB02014F
S21402E5701548DEF767FC10BBBDF81430DA0720D466
S21402E58013F0060FC3F3410208BFC3F341220F4B39
S21402E5900DF116019C5C68462246EDF79BF9BDF824
S21402E5A0263004F128026A4402F8283C02341B0A88
S21402E5B002F8273C69462A46E0B209F034F80BB066
S21402E5C030BD2320FBE700BF703214E087960400BC
S21402E5D010B58AB0ADF826200022CDE905220492B5
S21402E5E00CAA02924FF6FF720446AC210120019259
S21402E5F0064A039004FB0122603200924CF6200188
S21402E6000DF1260209F0C3FC0AB010BD2854002002
S21402E61010B54FF6FF741E4A8AB0B2F86800B2F818
S21402E6205E10A042ADF82600B2F85C304FF6FD70E0
S21402E630ADF8241018D081424FF0000094BF48F67F
S21402E64060014CF66001CDE90500CDE90300CDE995
S21402E650010094BF09AA603200920DF1260204203E
S21402E66009F095FC0AB010BD81424FF000008CBF45
S21402E670603209AA00928CBF4CF6604148F66041AF
S21402E680CDE90500CDE90300CDE90100014AE6E740
S21402E690285400209254002000B50E4B0022B3F8F6
S21402E6A05E308BB0ADF824304FF6FF73CDE905220D
S21402E6B0CDE90322CDE9012209AA00924FF40061B6
S21402E6C00DF126020720ADF8263009F060FC0BB0EB
S21402E6D05DF804FB28540020202A10B5144614D8EE
S21402E6E0012A04D10C88B4F5004418BF0124620044
S21402E6F030B10748ECF7B0FF064B00201C7010BD87
S21402E7000548ECF7A9FF054BF7E72120F7E700BF1E
S21402E710585A002072610020985A00207361002027
S21402E7202DE9F047104617460CF09FF8DFF814A1C3
S21402E730DFF814919AF8003099F800200546134342
S21402E74002D10020BDE8F08710F4406800F04006D1
S21402E75019D186BBB0F5804F5CD24FF4807400238B
S21402E7609AF80000344AD9B288425DD8002399F854
S21402E7700000324AD9B28842E3D932F8021B01338A
S21402E780A142F7D155E0F81C0CF06FF84FF6FF7374
S21402E790984214BF0124022486B1052605F440439C
S21402E7A0B3F5004F44F0080424D0B5F5804F23D2C9
S21402E7B044F4807420E044460326EFE7B5F5804F24
S21402E7C04FF00506F4D3B8F5406F14BF02200820B8
S21402E7D0304438440CF049F8194B05F44045B3F878
S21402E7E05C3083420CBF44F0080444F00404B5F5E0
S21402E7F0004F01D144F08004B8F5006F0ED1B8196D
S21402E8000CF033F80E4BB3F85E308342A7D144F0D7
S21402E8101004A4E7444603260220D9E7B8F5406F61
S21402E82008BF44F020049AE732F8021B0133A142E3
S21402E83099D1012086E700BF985A0020585A002036
S21402E8402854002073610020726100202DE9F04FE9
S21402E850104685B0164698460CF007F85D4F00F055
S21402E8600803B7F85C10044600F00709F01C029390
S21402E8700391B7F85EB00BF0F8FF06F1050A0546FD
S21402E88050460BF0F2FF03464FF6FF70854218D053
S21402E8900399A1EB050CDCF1000545EB0C056D00B8
S21402E8A04FF6FF718B420ED145F004050BF0E8FDE2
S21402E8B0029B6BB1B9F1000F11D0422005B0BDE842
S21402E8C0F08F0125ECE79B4508BF45F00805EDE70C
S21402E8D0B9F1030FF1D8DFE809F0021B795D0BF0FE
S21402E8E0CFFD08B9A807E8D524F00804A4B2B4F509
S21402E8F0004F05D0B4F5624F02D0B4F5404FDCD1DC
S21402E9000025294697F8A820002007F042FE3CE0A2
S21402E910D7F88030E3B9002132460846FFF700FFF9
S21402E920D8B948F6410224F038039BB29342C4D1C8
S21402E9300A2D49D0062DC0D197F87730023B012B1D
S21402E940BBD8F3F745FD0028B7D140F6040505E02D
S21402E9504146304698470028DDD00825E20648BFE3
S21402E96045F08005A30648BF45F4805505F00C0324
S21402E970042BC6D1F01D0BF078FF97F8A83032466C
S21402E980009341462B4607F0D9FD08B30E9B18802C
S21402E990002093E7A90705D14FF6FF73B7F85C206E
S21402E9A09A428AD104F44063B3F5006F0AD0B3F5F5
S21402E9B0406F82D1082250460749EDF747F90028F2
S21402E9C07FF47BAF0C25C9E70425C7E7432075E72C
S21402E9D0192073E72854002088540020034B1A7825
S21402E9E01AB1FF2A04BF00221A7070477561002010
S21402E9F070B5084C084E2378F55C1DB13E210748D9
S21402EA000BF055FEFF2223782846F254002323708B
S21402EA1070BD00BF7461002075610020AA49040021
S21402EA20034B044A1B78D05CFF3818BF012070479E
S21402EA3074610020756100200023074A07491360AD
S21402EA40074A1360074A1360074A11600121074A02
S21402EA501170074A1360704754550020198103004D
S21402EA60505500204C550020C8690020D56A002069
S21402EA705C5500200E2A70B50C4606461546194609
S21402EA8003D9FFF7D9FF502070BD012807D1002017
S21402EA90F3F7B8FCB0B1FFF7CFFF2120F4E78022EE
S21402EAA00021224B1A70224B1960224B1B684BB175
S21402EAB034200BF02FFB204B188018B9FFF7BCFF51
S21402EAC00120E1E724F0FF6323F4FF231BB1FFF7E5
S21402EAD0B3FF4F20D8E774B92046F3F7ADFC012404
S21402EAE0032510F0800F43B21BBF00F01F039C40AB
S21402EAF09C4044F078440020104B24F078441E706A
S21402EB000F4B10491D70104B1C60104B1870104BA9
S21402EB101A68F4F71FF818B1FFF78EFF0420B3E760
S21402EB209DF810200B4B1A70AEE700BF76610020EE
S21402EB30585500204C550020D85A00207B610020F2
S21402EB407961002039EE02005C5500207A610020CF
S21402EB5054550020776100207FB5244B00251A7893
S21402EB6001232348234903FA02F200781A440A6072
S21402EB70ADF80E5020B3984236D11F4C1F4B20786A
S21402EB801B680DF10E0198471D4EBDF80E20307021
S21402EB9092B11C4B29460093284602230195F4F7AE
S21402EBA013F83278237822B1012A12BF1B230133CD
S21402EBB0DBB2237004B070BD013818BF0120F0E745
S21402EBC078235A43013A0A6008220F490BF0E8F903
S21402EBD00B49094A0978137821B1012912BF1B2370
S21402EBE00133DBB21370E5E71846E3E779610020EC
S21402EBF07B610020605500207A610020C8690020F1
S21402EC00D56A002075EE02000DA40300024B1868B8
S21402EC10003818BF012070474C55002037B505460E
S21402EC201C460BF02DFC68B974B1084B1A60084BF1
S21402EC300A461C600123294600930323FFF71AFFA6
S21402EC4003B030BD4D20FBE72520F9E748550020EC
S21402EC505055002013B504460BF012FC58B962B1A9
S21402EC60074B1A6001230A46009321460323FFF747
S21402EC7001FF02B010BD4D20FBE72520F9E700BFDB
S21402EC804C5500202DE9F0410446DDE906861D4676
S21402EC909DF820700BF0F4FB88B99EB1A2B10B4B25
S21402ECA001201A600A4B0A46C3F80080094B214627
S21402ECB01E602B460697BDE8F041FFF7DBBE4D20EF
S21402ECC0BDE8F0812520FBE72120F9E7C86900208E
S21402ECD054550020505500200148F4F7ADBB00BF44
S21402ECE0D85A00202DE9F0410020F3F7A1FE114B7F
S21402ECF0114C1E68114B20881D68114B114FD3F81A
S21402ED00008010B13978F4F771FD00203870FFF7F3
S21402ED1093FEF4F7ABF90EB14046B0473DB12088FA
S21402ED20A84700232380BDE8F0410BF03BBDBDE8B9
S21402ED30F08100BF50550020D85A00204C550020C4
S21402ED405C5500207C610020F8B52F48F4F764FE7D
S21402ED502E4B187830BBF3F76FFB2D4F06463B68F9
S21402ED6003B32C4B2C4D1C6824B195F900301A467F
S21402ED701946A047294B1B6883B1294C2378312BAF
S21402ED800CD8284B18880BF051F923785A1C22709D
S21402ED902A78C25423785A1C2270C65480232B70B9
S21402EDA000233B60204C23781A2B22D81F4A127865
S21402EDB0012A09D100211E4A156825FA03F0C00768
S21402EDC0DAB20ED501B122700020F3F735FB2178B6
S21402EDD0884212D10022174B1A70FFF7BDFE40B9C7
S21402EDE0F8BD0133D8B21A284FF00101E5D90A441A
S21402EDF02270BDE8F840FFF775BF0020F3F72EFB40
S21402EE000028E7D0F5E700BFCC6900207B61002030
S21402EE105855002048550020766100204C550020A9
S21402EE207C610020D85A00207A610020D56A002032
S21402EE305C5500207861002008B50B4B187880B925
S21402EE400221F3F7CDFA094B1B782BB100214FF6BE
S21402EE50FF720846F3F7A6FABDE808400448FFF733
S21402EE6073BF00210846ECE77B6100207761002033
S21402EE70CC69002038B5144B0C461D78012D21D1E3
S21402EE8081B90846F3F7D8FA104A05FA00F0136873
S21402EE900F4923EA0003136020462A46BDE838409D
S21402EEA00BF07EB80B4A13780133DBB2022B1370D9
S21402EEB004D9BDE838400848FFF746BFFFF74CFEC6
S21402EEC00028F6D138BD00BF7B6100205C550020CB
S21402EED00DA4030078610020CC69002038B50C46EA
S21402EEE005460BF0BFF8A04203D82D2103480BF0CD
S21402EEF0DEFB28460BF09AF8204438BDBE490400D3
S21402EF0070B506460D460BF091F8044648B13046F9
S21402EF100BF0A8F8A84203D8352102480BF0C7FB2D
S21402EF20605D70BDBE49040070B50C4606461546C7
S21402EF300BF098F8A04203D83E2104480BF0B7FB2A
S21402EF4030460BF073F800B1055570BDBE4904009B
S21402EF502DE9F0438FB007460C4615461E469DF82F
S21402EF605880F8F755F920B1F4F796FE08B144F444
S21402EF7000544D4B1B7813B924F40074A4B2200538
S21402EF8009D546B9284604A9F5F750F9002846D00F
S21402EF9024F40064A4B2ADF81840ADF81A5007F095
S21402EFA0ABFC424BADF81C00B8F1000F02D01A7849
S21402EFB0424501D293F800803D4AE105137848BFE6
S21402EFC00DF1210103F10103DBB2137058BF08A94A
S21402EFD022058DF81E808DF81F3006D5336808315D
S21402EFE041F8083C736841F8043CE30407D5314A0B
S21402EFF00831136841F8083C536841F8043C0DF1A7
S21402F0001808A1EB08005FFA80F9002148460BF0C9
S21402F01081F8064628B900200FB0BDE8F08304AE9A
S21402F020B9E70BF003F841464A46ECF753FC304684
S21402F0300BF018F8804630460AF0F8FF0023024626
S21402F04000934FF6FF7004235FFA88F107F076FA12
S21402F050ADF80E000028DED040F201131C421AD191
S21402F0604FF6F7739D4216D80AF0FCFF0DF10E011B
S21402F0700446284600F090FDBDF80E000AF0F2FFA6
S21402F080E4B2A04207D9BDF80E0007F0A4FA43780E
S21402F09043F004034370BDF80E003A4601210BF01C
S21402F0A011F8BDF80E00B7E7AA600020926A0020A9
S21402F0B0AC60002031610020F0B50829D58889B0FF
S21402F0C028D00C2926D0AE0424D405F040030B43E6
S21402F0D0424C267816B105F0200423432FB2002FA7
S21402F0E0B8BF43F08003032920D11223AC068DF863
S21402F0F00430937A10D48DF805300DF1060401A978
S21402F100621A012392B2F4F7DBFBB0FA80F04009F0
S21402F11009B0F0BD0B46DBE732228DF805308DF8DC
S21402F1200420002EE9D00DF11304E8E70C298DF82F
S21402F13004300ABF138953798DF80530548805BF09
S21402F1401B0A8DF806308DF805300DF1070318BF3F
S21402F1500DF106031C70240A5C70148802399C7038
S21402F160240ADC70147901291C7111D8917A002FB7
S21402F170597131DA022112899971DA71120A03F190
S21402F18009041A72002EBAD0AB06B8D50534B6E713
S21402F190A9071AD4002F0CDA117A51B1917A597153
S21402F1A01189127A03F1080492B102229A71D97176
S21402F1B0E8E70B4C217801F1010C84F800C091724B
S21402F1C09C1D002F5971DDDAEAE7917A9C1DF8E75B
S21402F1D00122090A9A71EAE79C1DD3E7AA60002079
S21402F1E0AB600020014B1880704700BFDA5A00203F
S21402F1F0014B1888704700BFDA5A00202DE9F84301
S21402F20007460BF04DFA05461B480BF0C0FB1B4B9E
S21402F21060B31C683C1B2C44A4B20022184BDFF8D7
S21402F22068901B78174D03EB830399F8006005EB93
S21402F23043055FFA82F846450AD9AB8805F10A000B
S21402F240A34216D90A23B21A29465A43ECF704FAFD
S21402F250013689F80060AC80B8F1000F03D1394658
S21402F26005480AF0CFFF2846BDE8F8833C461D60F5
S21402F270D3E705460132DCE7EC690020645500203E
S21402F2807D610020725900207E6100201FB5154A5C
S21402F290154C1378013BDBB213706168206801AA33
S21402F2A003C221891180114A1278D21805D00A2386
S21402F2B020465A43E118ECF7CFF99DF806301B07B3
S21402F2C00DD0BDF80C00FFF799FF03468288ADF813
S21402F2D0082001AA03CA1288186059601A8104B06D
S21402F2E010BD00BF7D610020725900207E610020A3
S21402F2F0002108B5084B09481970094B1970094BCB
S21402F3001A7802EB82025200ECF754F9BDE8084084
S21402F3100548F4F781BB00BF7E61002072590020C9
S21402F3207D6100209C6A0020EC690020F8B500246C
S21402F330084D094F094E3B783178E2B20B449A42A7
S21402F34004F1010400DBF8BD2846F4F775F80A3527
S21402F350F1E700BF725900207E6100207D61002027
S21402F36010B5064C207828B1054807F060FE10B1AB
S21402F370034B188810BDFFF789FFF3E77D61002075
S21402F3807259002008B50A4A0346107860B1094A45
S21402F3901088984209D121B99378103323F00F03CD
S21402F3A09370FFF773FF012008BD0020FCE700BF43
S21402F3B07D610020725900202DE9F74F00260BF0E0
S21402F3C06FF9DFF8F890B24699F80070B3463A46FD
S21402F3D0DFF8EC801FFA80FEB8F800C0344CAEEBC3
S21402F3E00C039BB201932378324D009303EB830305
S21402F3F005EB4303ACEB0E0C5FFA86FEBE4515D357
S21402F400BAF1000F01D0009B2370BA422AD3002F14
S21402F41037D00A222378C8F8000002FB0353264896
S21402F420998803B0BDE8F04F0AF0ECBEB3F804E0EA
S21402F43001998E4512D84FF0010A009993F802E01E
S21402F44001310EF1FF3EC9B2013AA3F804B083F8C7
S21402F45002E00091D2B20A330136CDE7E644A3F8C1
S21402F46004E0F8E789F800204AB10A222378C8F8AF
S21402F470000002FB0353104899880AF0C3FE237863
S21402F48013B903B0BDE8F08FFFF76AFF06460028FF
S21402F490F5D006F0D4FF0146304607F0C5FD20B190
S21402F4A000212888FFF76EFFE9E740F60241F8E7F9
S21402F4B07D61002072590020EC6900207E610020E8
S21402F4C0645500202DE9F04192F808801F4608F1A5
S21402F4D0FF33DBB2EF2B05460E46144688B00BD937
S21402F4E082238DF80E30314628469DF80E30204A8B
S21402F4F0FEF740F8012037E00E22002104A8ECF7C0
S21402F50059F8B4F809308DF81180ADF81230E37A64
S21402F51003F07F02032A08D0012B24D103238DF89F
S21402F5201030A389ADF815300EE0032B14BF02236A
S21402F53001238DF81030E368CDF815302369CDF835
S21402F5401930237D8DF81430A7F121014A420DF1BE
S21402F5500E034A41009321460DF10F0304A8FDF75E
S21402F56037FC0028BFD1002008B0BDE8F08100BFFC
S21402F570CAFE03002DE9F04F00241D7895B0CDE9B0
S21402F58002010492234622460120CDE90054404956
S21402F59008F0BEFEADF81E00F8B1A3462646274682
S21402F5A00DF120090DF1380AE8F7A4FF5FFA84F896
S21402F5B0404516D83A460221BDF81E00FFF7B4FCB5
S21402F5C032460421BDF81E00FFF7AEFCDDE903104B
S21402F5D00022BDF81E30FDF7CDFF012015B0BDE8B4
S21402F5E0F08F4A4640460AA9FDF7E4FB9DF828201C
S21402F5F022B12DB1013DEDB20137FFB20134D3E79E
S21402F600BBF1000FF8D199E803009DF829308AE88B
S21402F61003008DF84030BDF82A30032A8DF84130B9
S21402F6204FEA13238DF8423017BF032301238DF8C8
S21402F63043309DF82C30DDF83110DDF82D0014BF74
S21402F6408DF84C308DF8433011AB03C302980CBFD3
S21402F6504FF00E084FF0150808F001FA0590BDF8B5
S21402F6601E000AF0FFFC059900EB080399420BDB2B
S21402F6700123424651460DF11E00F4F721F90028F7
S21402F680ABD10136F6B2B7E74FF0010BB4E700BFD5
S21402F690A149040038B505460D4B0E481C88F4F700
S21402F6A0A7F9012D0CD10C4B1C88FA21614358B1E5
S21402F6B0884209D28408012C204638BF012038BD72
S21402F6C0022D08BF0224F0E702480AF09BFDF2E78B
S21402F6D06E590020944500206C590020012208B57E
S21402F6E0054B06481A7000210AF08CFDBDE808405A
S21402F6F00020FFF7CFBF00BF956000209445002092
S21402F7001E4B73B51A8802F108039BB2012B02D86E
S21402F7101B4B1B7823B902B0BDE87040F4F77CB9E6
S21402F7200024184B184D1C70184B1C702B787BB19C
S21402F7304FF6FC73164E0093224623462146308827
S21402F74008F0B3FB4FF6FD732C70338001200FE0F8
S21402F750104B1046197807F065FC0028F6D10C4BC2
S21402F7601A884FF6FD739A42F0D0012302202B70BE
S21402F77002B0BDE87040FFF78DBF00BF7059002091
S21402F7809560002098600020966000209760002018
S21402F7906A59002099600020012808B50AD002287C
S21402F7A00CD020B9084B18700848F4F735F94FF01A
S21402F7B0FF3008BDBDE80840FFF790BF0020BDE857
S21402F7C00840FFF767BF00BF956000209445002001
S21402F7D002280CD859B1064A13780133DBB21370EB
S21402F7E0044A12789A4202D80220FFF7D5BF704721
S21402F7F0976000209A60002038B5A0F61343012BCC
S21402F80004460D4615D80E4A13780133DBB2137040
S21402F8100C4A12789A420CD84FF6FD720A4B002018
S21402F8201988914201BF00221D80084B1A70FFF70B
S21402F83031FF29462046BDE8384005F030B800BF03
S21402F840986000209B6000206A5900209660002085
S21402F85000234FF6FD71054A1370054A1370054AD8
S21402F8601180054A1370054A13707047986000208D
S21402F870976000206A59002096600020956000205C
S21402F88030B5094B02461B7833B1084B084C197841
S21402F8900023D8B2884201D3FF2004E0013334F8B3
S21402F8A023509542F5D130BD9B6A00209D60002012
S21402F8B04A5900200022FF21044B05481A70054BC6
S21402F8C01970054B1A789200EBF774BE9D60002003
S21402F8D04E5900209C6000209B6A0020F7B58DF8E8
S21402F8E007100DF10701044602F0A5FF234B1D7811
S21402F8F0002D41D02046FFF7C3FF214EFF28317866
S21402F900204B05D1204A107885422DD9451C15700A
S21402F910884219D01C4A1B4D92F800C00022D7B26A
S21402F920BC450CD92F4697F803E00132864505F10F
S21402F9300405F4D102B203EB8202D278FA7002B264
S21402F94003EB8202D170307002B203EB820123F81D
S21402F9502240FF228A709DF80720FF2A02D003EB7E
S21402F9608203987003B0F0BD0A46104603EB82028B
S21402F970D278FF2AF9D1CBE7FF20F3E79B6A002073
S21402F9809C6000204E5900209D6000202DE9F8431F
S21402F990FFF776FFFF28044669D04FF6FF72354F11
S21402F9A003B2DFF8DC80344E27F8232098F80050A4
S21402F9B0A54202D10020BDE8F883337820B2810048
S21402F9C0A34207EB800090F803E010D00023294AF8
S21402F9D05FFA83F94D45944606D99CF803900133A5
S21402F9E0A14502F10402F3D18CF803E001E086F8A7
S21402F9F000E0013DEDB22A1BD2B204319200394436
S21402FA00EBF72AFE88F800503378FF2B04D0A34287
S21402FA1024BF03F1FF33337000214FF6FF70154BFE
S21402FA20CAB2AA420CD300234FF6FF71134ADCB2C5
S21402FA30AC42BBD2013332F823008842F7D1B5E795
S21402FA409A78A2420BD11880DA78FF2A04D0A24212
S21402FA5024BF02F1FF32DA7001310433E0E7FF2AF5
S21402FA60F2D0A24224BF02F1FF329A70ECE72D20B8
S21402FA70A1E700BF4E5900209C6000204A59002092
S21402FA809D600020F8B51C4B05461B78084673B3EC
S21402FA90FFF7F6FEFF28044629D02846FFF7F0FEB9
S21402FAA0FF2806D0154B164E1A780023D9B291427B
S21402FAB018D3FF212846FFF711FFFF28014616D06C
S21402FAC00546104F23B207EB830237F823009678D9
S21402FAD0FFF704FFA84208BFFF25FF2E214608D1E4
S21402FAE02846F8BD013316F823108142DED1FF25E1
S21402FAF0F6E73446E6E700BF9B6A00209D600020DA
S21402FB004C5900204E5900202DE9F04180460E4601
S21402FB101F46002386B001A814469DF830508DF883
S21402FB200330FEF7A7FCADF804802EB13368CDF89B
S21402FB3006307368CDF80A3038460AF077FA0DF1C7
S21402FB4003034219214601A804F0B5FE9DF80330CE
S21402FB5093B931464046E8F7C1FE0E4B1B785BB1BF
S21402FB600B2C09D8FF214046FFF7B8FE064605EBE8
S21402FB704404E4B2A54202D106B0BDE8F0812946AB
S21402FB80384608F068FB3146FFF7A8FE02350646FF
S21402FB90EDB2EFE79B6A002000232DE9F3470DF153
S21402FBA007028DF8073004460E4602F02FFE9DF837
S21402FBB00730054663B92046FFF762FE04465EB18B
S21402FBC030880AF04FFA5FFA80F8FF2C45D10025FC
S21402FBD0284602B0BDE8F087B046F6E701320C2AA6
S21402FBE0F5D02DB207EB8505AD78FF2DF6D112F0D4
S21402FBF0FF0AECD04FEA4A050235EDB2002EE7D0F6
S21402FC00304605EB080108F0EBFA0028DFD1524631
S21402FC1041463088FFF788F90AF1FF3208F1010100
S21402FC2008F102093088D2B2C9B25FFA89F9FFF741
S21402FC307BF924B207EB8404A478FF2CC8D023B245
S21402FC40494637F82320308808F015FB0028BED135
S21402FC5009F102095FFA89F9EBE725460022014F0E
S21402FC60BFE700BF4E59002008B5D5F7D5FED5F739
S21402FC70BFFA00F04AFAD6F7D5FEBDE80840D5F737
S21402FC8065B810B5044601880120D5F783FFE388DE
S21402FC900BB9C823E38010BD37B50446D5F788FFF5
S21402FCA0658885420ED8A188E288814205D3431B27
S21402FCB05343491BB3FBF1F39AB280B240EA0240C7
S21402FCC003B030BD0022F8E770B50C46088800F095
S21402FCD04BF994F84430054683420FD004F11C06D3
S21402FCE0304600F07CF984F8445000F07CF9618BD1
S21402FCF0A0643046BDE8704000F06CB970BD38B5FF
S21402FD00044690F844108378826CCB1A59425941C3
S21402FD10D5F786F8E37893B1257985B900F063F9CB
S21402FD200346A268218A04F11C009C1A8C4236BF44
S21402FD3052182946D11ABDE8384000F04BB938BDF2
S21402FD4009B100F0FDB800F005B938B5838804465D
S21402FD5003B3E3780088A17804F10C05A3B100236D
S21402FD60B1FA81F1E3704909FFF7EAFF4FF6FF7235
S21402FD70A388218993421CBF03F1FF33A380284640
S21402FD80BDE8384000F026B90123E370FFF7D8FF3C
S21402FD90E188F4E738BD10B5044681780088FFF79D
S21402FDA0CFFF0123E3700023A38010BD10B5817836
S21402FDB00446B1FA81F100884909FFF7C1FF002322
S21402FDC0E370A38010BDFFF7F1BF70B50446054689
S21402FDD000262B4655F8040B10B11B1B0C2B00DD1E
S21402FDE070BD237C8680002BF3D0637C13B1FFF7B3
S21402FDF0D2FFEEE7FFF7DAFFEBE7FFF7E6BF70B5F5
S21402FE00044605464FF6FF762B4655F8040B10B10E
S21402FE101B1B0C2B00DD70BD8388B342F4D04FF45D
S21402FE20FA724FF6FF731146D5F74EF8ECE709B1B2
S21402FE3000F086B800F08EB810B50446C0600830F0
S21402FE40D6F71AF821792088B1FA81F14909FFF725
S21402FE50EEFFA37943B121796088B1FA81F1BDE85A
S21402FE6010404909FFF7E3BF10BD00F0A9B80346EA
S21402FE70184613F8012B8A4201D0002AF8D170479F
S21402FE8010B53B2104460068FFF7F1FF0022034647
S21402FE9003F8012B2068236010BD10B540B1421E46
S21402FEA00A24002012F8013F303BD9B2092900D9B2
S21402FEB010BD04FB0030F5E708B500F07EF808B583
S21402FEC040F2BA4200211020D5F7E2FD41F2E823C3
S21402FED0584340F6FF7300F2FF70B0FBF3F080B2B7
S21402FEE008BD50F80C3C23B150F8041C30F80E0C38
S21402FEF018477047084619B1FF21103002F0ADBB13
S21402FF00704773B505460E466DBA1446D5F7EAFE37
S21402FF10ADF804507EB1012C04D0032C09D0002287
S21402FF20012101E02246022101A8D7F78BFF02B089
S21402FF3070BD0022F7E7042132460DEB0100F4E71C
S21402FF4007B540BAADF8040001A8D7F7AFFF03B073
S21402FF505DF804FB07B540BAADF8040001A8D7F770
S21402FF60D1FF03B05DF804FB002307B540BAADF835
S21402FF7004000DF1030101A88DF80330D7F7EEFF58
S21402FF809DF8030003B05DF804FB007800F0DF0381
S21402FF90552B07D0642807D0663818BF4FF0FF30BD
S21402FFA0C0B27047012070470320704718B12D2851
S21402FFB00CBF012002207047704708B501F03FFFD2
S21402FFC008B500F083F8BDE8084004F042BC50E9EA
S21402FFD0023018470A460830FF2102F035BBFF21DF
S21402FFE0083002F042BB08B50AF0B9FBBDE808408B
S21402FFF009F0D0B813B500240DF107008DF80740BC
S21403000003F0D9FB40B99DF80700033803288CBFDB
S2140300100020012002B010BD2046FBE72DE9F04189
S214030020044600274FF00C0E8F4202DB0020BDE88B
S214030030F0812078904204D1002594F80780454546
S21403004002DB01370C34EFE70EFB05F6D4F808C0E5
S2140300500CEB06003CF806609E42E8D00135EEE75E
S214030060F0B585B005460E461746D5F75BFF044642
S214030070A0B131462846D5F70DFF83783A46002BC4
S214030080A36831460293A378284601934FF00003F2
S21403009000930CBF80234023E4F7BCFE05B0F0BDFD
S2140300A008B51288D5F73EFF50B10279BDF80C307B
S2140300B09A4207D881680298EBF7CEFA002008BD6B
S2140300C08620FCE78920FAE7D6F730B8002004F04C
S2140300D03CBC08B504F0A1FC002814BF0320002094
S2140300E008BD10B50446FFF785FF20B12046BDE8DE
S2140300F01040DFF7D5BD10BD08B5FFF77BFF18B17D
S214030100BDE80840DFF7BEBD08BD704708B502F07E
S21403011080F9FFF7A9FDD6F775F86420DFF7D0FD61
S2140301206420DFF7BDFD02F076F9D4F73DFE08F054
S2140301308BFCF8E7F8B5D0E90176437B04460D4619
S21403014013B133463E461F46FFF74DFF012D20648D
S21403015038460ED1D4F71EFF3046D4F73FFF25733B
S21403016060784FF47F42BDE8F8404FF48171FFF7A3
S21403017077BF022D05D1D4F731FF3046D4F70AFFF7
S214030180EDE7D4F72BFF3046D4F728FF0025E6E744
S21403019038B5037B04468B420D4607D190F84430AE
S2140301A05BB3BDE838404830FFF719BFFFF71BFFC6
S2140301B0216C431AC72B0CD80123C83184F8455049
S2140301C084F84430091A04F14800BDE83840FFF7C4
S2140301D001BF0DB1237B2BB929462046BDE8384025
S2140301E0FFF7A8BF00212046FFF7A4FF0123C8217D
S2140301F084F8455084F84430E5E738BD90F8451058
S214030200FFF7C6BF0121FFF7C3BF0221FFF7C0BF39
S2140302100021FFF7BDBF4FF60173994210B50446A0
S21403022002D10021FFF7B4FF2046BDE81040D6F701
S2140302308BB9032910B504462BD0007B30B90129AE
S21403024003D002290CBF0120FF2010BD032A07D8C4
S214030250DFE802F00208101401291CD002291FD07F
S214030260FF20F2E70029FBD1B4F85C20012A12D064
S214030270022AF4E704290ED00529F0E7042914D04E
S214030280052914D00029EBD1B4F85C20111F0129ED
S214030290ECD80220D9E75A1E534253415800D4E7FC
S2140302A0022B0CBF02200120CFE70020CDE7012060
S2140302B0CBE730B587B005460C46D5F725FF0128B2
S2140302C020D11CB1611E4B424B4158006B784FF452
S2140302D080728DF804304FF48273ADF806304FF415
S2140302E08173ADF8083001238DF80B30002385F8B1
S2140302F0900001A8CDE903238DF80A408DF8143049
S214030300D5F73AFF07B030BD41680346C978027B8C
S21403031099B98168C97899B9002A08BF0321D6F725
S214030320D7B99B7B002B0CBF01210221F7E79B7BF0
S214030330002B0CBF02210121F1E7012AF1D17047FE
S214030340012AF4D17047042910B5044604D831B104
S214030350BDE81040D6F740BA05290DD010BD037B83
S2140303605522002B08BF0321A0F85C104078122109
S214030370FFF776FE2046EBE743681A8A83681A82FD
S214030380E6E7012303730378013343734FF44073A3
S214030390C381032303740023A0F85C3080F89030F5
S2140303A0704738B504460D4601B945890123E37302
S2140303B0FFF719FEFA2202FB050020612089BDE83B
S2140303C038405043FFF78DBE10B50446806BD8B156
S2140303D0E278022A04D0636B5B7972B984F83C3006
S2140303E094F83C306BB1FFF7D6FC60784FF6027298
S2140303F0BDE810400621FFF733BEB3FA83F35B096B
S214030400ECE7FFF7D3FCF0E710BD10B50446406BEE
S214030410D4F7C0FD2046BDE81040FFF7D5BF10B5A2
S2140304200446406BD4F7DAFD2046BDE81040FFF7DC
S214030430CBBF10B50446406BD4F7F6FD2046BDE8A7
S2140304401040FFF7C1BF10B50446002206214078CE
S214030450FFF706FEA378022B01D0FF2B04D120461C
S214030460BDE81040D6F71ABD10BD4FF60273994289
S21403047010B5044601D1FFF7A7FFE378022B02D09D
S2140304802046FFF7A1FF2046BDE81040D6F706BD7D
S21403049010B5D0F8A4407CB103791BB14079D6F7E8
S2140304A0BDFD48B9A3883BB932222046BDE81040BB
S2140304B001231146D4F708BD10BD10B50446FFF757
S2140304C0E7FFA278237982B913B12046D6F7CCFD8D
S2140304D02046D6F709FE03236078A4F86C3055222D
S2140304E0BDE810401221FFF7BBBD012B02D1204609
S2140304F0D6F7BAFDA379012B02D12046D6F7F4FD31
S2140305000123E9E710B583780446ABB9FFF7C0FFCC
S214030510A3788BB9237913B12046D6F7C5FD2046B9
S214030520D6F726FE04236078A4F86C305522BDE87F
S21403053010401221FFF794BDB4F86C30022B0DD097
S2140305402379032B02D12046D6F78EFDA379032BFE
S21403055002D12046D6F7C8FD0023E4E72046D6F7A7
S21403056049FEF9E7827883685AB9DB78002B14BF13
S21403057003230423A0F86C30552212214078FFF79A
S2140305806FBD1A7922B9DB78003B18BF0123F1E768
S2140305900223EFE77FB500239E6A0446B6F5804F35
S2140305A00D460CD201A8D6F7D1FF039B5B0506D5F3
S2140305B029462046336C04B0BDE87040184704B0A3
S2140305C070BD00239B6AB3F5804F05D21B6BB3F552
S2140305D0804F01D29B6818474FF4817070471FB550
S2140305E000239A6AB2F5804F04D340F2011005B097
S2140305F05DF804FB126BB2F5804FF6D2012201A818
S214030600CDE902338DF80420D6F7A0FF039BDB0366
S214030610EBD5029B1A0EE8D0012A03D1C3F3074396
S2140306200A2BE2D900239B6A1B6B1B6C9847DEE7F9
S21403063008B50AF051FAB0FA80F0400908BD13462F
S21403064010B542B103439B0707D10AF049FAB0FA43
S21403065080F0400910BD0120FCE70020FAE70023E4
S2140306600360704703680B600160704710B538B1CC
S21403067032B129B100230139D45C14B900230370C5
S21403068010BD8B42FAD200F8014B0133F4E7034660
S21403069038B10020814204D01A5C02B97047013099
S2140306A0F8E770474FF0FF31FFF7F1BF70B50C4620
S2140306B01646054660B15AB151B1FFF7F3FF8442BF
S2140306C006D9211A32462844BDE87040FFF7CEBF4C
S2140306D070BDFEE7FEE700239A4200D1704710B5CF
S2140306E050F8234041F8234001339A42F8D110BD15
S2140306F0D7F78CBB4369426CD91C143AB1FBF2F1B1
S21403070003EBC1000330B0FBF2F00230704738B59C
S21403071005460C46FFF7EEFF6A6CE31D143AB3FB7F
S214030720F2F3013304EBC30402FB004038BD38B5D3
S214030730054644692146FFF7EAFF6A6CE31D143A4F
S214030740B3FBF2F3013304EBC304204438BDF7B51F
S21403075007460E4600257C6CA819644280EA060309
S2140307601C4003D02C46204603B0F0BDFB6B012291
S2140307705B6901A99847019B0133F4D10435EAE785
S21403078070B505460C46D9F717F9EB6B2046BDE85E
S2140307907040DB68184770B50025044686B00562CE
S2140307A0E369AB4202D8206A06B070BD666C206867
S2140307B0E36B05225B6901A906FB0500984701A8C0
S2140307C000F023FC00F046FC10B1236A01332362D9
S2140307D00135E5E738B50446456C006804F1400387
S2140307E005FB0101E06B00F042FC05462046FFF7DF
S2140307F0D2FF284638BDF0B50546002687B0EC691B
S214030800013CB44203D80C46204607B0F0BD01B104
S2140308104C1E6F6C2868EB6B05225B6901A907FB0E
S2140308200400984701A800F0F0FB00F013FC002832
S214030830EAD121460136E2E7F0B504460D46466C9A
S214030840E36B006887B005225B6901A906FB050018
S214030850984701A800F0D9FB00F0FCFB20B101A8E3
S21403086000F0AAFB07B0F0BD29462046FFF7C3FFFA
S2140308700646676C2068E36B05225B6901A907FBE4
S2140308800600984701A800F097FB431CEAD0B54240
S21403089038BF0130E6E72DE9F0434FF6FF79D0F88D
S2140308A0248004460E46C84514BF45460025002747
S2140308B087B0E369BB4202D807B0BDE8F083E26BBA
S2140308C02368606CD2F814C000FB0530052201A92A
S2140308D0E04701A800F099FB022806D0C8450CD1D2
S2140308E0721C29462046FFF775FFE3690135B5FB01
S2140308F0F3F2013703FB1255DBE729462046FFF7E1
S2140309009BFFB0F1FF3F14BF024632460132E8E7D1
S2140309100368F0B5CC1A436C0646B4FBF3F4002523
S21403092087B0F36937685A1E9542706C08D3706CAB
S214030930336800FB043007B0BDE8F04000F095BB19
S2140309400134B4FBF3F203FB1244F36B05225B6939
S21403095001A900FB0470984701A800F056FB00F0BD
S21403096079FB0028E3D10135DBE710B423F0030459
S21403097022449B070A44436C18BF04325B4281EA55
S2140309800204234203D05DF8044BFFF7C1BF1046B1
S2140309905DF8044B70472DE9F041D0E90A369E42D4
S2140309A0044686B028D11422C369456802FB135552
S2140309B0284606B0BDE8F0812068676C331AB3FB9F
S2140309C0F7F3E26B07FB0300D2F8148001A90522B4
S2140309D0C04701A800F019FB012804D0636C1D442E
S2140309E0013B3340ED1A31462046FFF791FF06469A
S2140309F0A36AB342E0D1DBE70025F9E708B5083080
S214030A001346D1E90012D8F75DFF012008BD13B5E0
S214030A100C46002121760093616813462246D7F7D9
S214030A204BFB18B1E37D03B1A07EA075A07D02B099
S214030A3010BD73B5164600F108050C46284609682E
S214030A400DF1070200F098F9032E06D1636883427E
S214030A5003D12846216800F076F9012002B070BD64
S214030A60D01E009B42424241187E824211D11A6830
S214030A708A420ED85A688A420BD35A6901325A619F
S214030A80D3E9030282423FBF986840F8221001323E
S214030A901A610120704710B5032A029C07D1A26A87
S214030AA05340626C5242134201D100F04CF90120CC
S214030AB010BD08B5C36800209847BDE80840D8F7BE
S214030AC083BF012814BF0420022070B500244243CC
S214030AD01C70CC7D101D02F002024CB91AB1012223
S214030AE020F003001A7000F108034868184470BD2C
S214030AF01AB1012220F003001A7000230C7E01F1C4
S214030B002005DAB2A24201D30020F0E735F83320FD
S214030B105E1C824206D901EBC30300F10802D869C2
S214030B201044E4E73346801AEBE773B5054690F8BE
S214030B3042601C4630460DF10303FFF7C2FFEB6B22
S214030B40012E5B690DD1324601A998479DF8033003
S214030B5013B1BDF806300193BDF80430236002B02C
S214030B6070BD0122214602B0BDE870401847F0B5BB
S214030B70054600244868EB6B87B00E4601225B6986
S214030B80029402A908309847274695F84230012B6D
S214030B9040F0AC80632C00F2AB80612C08D805AB28
S214030BA0224631462846FFF7C0FF9DF814305BB354
S214030BB005AB2246314628468DF81070FFF7B5FF81
S214030BC095F84230012B059B7FD14FF6FF72934277
S214030BD056D0082205A904A800F063FA059B9DF8E1
S214030BE01010C3F3072291424AD1DBB2029A1A4489
S214030BF0029245E0DCD005AB224631462846FFF795
S214030C0094FFBDF81430D2E795F84230012B39D162
S214030C10612C2ED822463146284603ABFFF785FFC4
S214030C203146284604AB621CFFF77FFF3146284651
S214030C3005ABA21CFFF779FF102208230DEB020178
S214030C400DF107008DF8073000F02BFA102205A9E6
S214030C500DF1070000F025FA039BDAB24AB99DF8B6
S214030C600720B2EB132F04D1DDE9043203EB024372
S214030C70029395F84230012B14BF012302231C4430
S214030C80013482E7302CF4D822463146284603AB9B
S214030C90FFF74BFF3146284604AB621CFFF745FFC0
S214030CA0102320220DEB03010DF107008DF807300A
S214030CB000F0F7F9039B9AB2002ADAD19DF80720D1
S214030CC0B2EB134FD5D1049BD2E70133D8D0102211
S214030CD005A90DEB020000F0E4F9059B9DF8101042
S214030CE0C3F307429142CBD19BB27FE7312C81D924
S214030CF0029807B0F0BD13B500240194049C009439
S214030D00D7F7B6FE02B010BD13B501240194049CB8
S214030D100094D7F7ADFE02B010BD00234FF0FF32AC
S214030D2030B544689C4202D10023037230BD01688B
S214030D3001EBC30541F833206A600133F2E7C0E9EB
S214030D400012FFF7EABF0023F0B545689D4210D0B6
S214030D500468DF0054F8332004EBC306B2F1FF3F08
S214030D6008D0C2F31302914204D14FF0FF33E3518C
S214030D707360F0BD0133E9E70023F0B545689D4293
S214030D8002D14FF0FF300EE00468DE0054F8334023
S214030D90671C09D0C4F31307B94205D1240D147098
S214030DA0036833445868F0BD0133E8E7704770B50D
S214030DB09400224605460E4609F092FE431C0AD0CE
S214030DC058B9224631462846EAF740FF002814BFA2
S214030DD03D20002070BD6E20FCE77120FAE713B5B6
S214030DE0044601A8D9F76EFE9DF8063023804FF41B
S214030DF080736380D9F774FE6060002002B010BD74
S214030E00D9F7E4BD08B5D9F7D5FD002008BD10B560
S214030E10044644EA010313F00303084609D1934248
S214030E2001D1002010BD54F8231040F823100133DD
S214030E30F5E721469200EAF74DFDF2E710B50446C2
S214030E4009F04AFE431C10D088B9D9F749FE234659
S214030E5020F003002044984201D1002010BD53F82F
S214030E60042B0132F7D03E20F8E76E20F6E7712018
S214030E70F4E7704713B50023044601461B220DF121
S214030E8007008DF8073000F00CF922689DF807304C
S214030E90B3EBD26F0CBF0120002002B010BD13B518
S214030EA000230446014620220DF107008DF8073083
S214030EB000F0F7F80DF107001A22211D00F0F1F8F3
S214030EC062689DF80730B3EB926F0CBF01200020D9
S214030ED002B010BD0068431C584258417047006872
S214030EE010F07E0F0CBFC0F3C1600020704700688F
S214030EF0C0F3D3107047006800F07F0001288CBF52
S214030F00002001207047036813F07E0F14BF0420EF
S214030F1008207047036813F07E0F03D1406820F063
S214030F207C40704713F078001CBF03F07F03D81F84
S214030F307047006800F07F007047032809D0022836
S214030F4003D1C1F10201C8B2704700290CBF0720C4
S214030F500020704737B5054601F10C04436969461E
S214030F60012220469847BDF800300122019320460F
S214030F70AB6901A9984703B030BD37B501F10C043E
S214030F804369012269460546204698474FF6FF7295
S214030F90009B99B291420DD16FF30F0343F425439F
S214030FA043F0A503019301222046AB6901A99847A4
S214030FB003B030BD0020FBE737B5044600251B22EF
S214030FC0011D0DF107008DF8075000F06AF8606800
S214030FD09DF80720B2EBD06F03D120F0784003B022
S214030FE030BD0DF107001B2204F108018DF80750F0
S214030FF000F057F8A0689DF80730B3EBD06F01D127
S214031000C043EAE74FF0FF30E9E74BF29A22036862
S21403101010B5B2EB134F044613D19BB2012B13D179
S214031020FFF7CAFF01300CD04FF6FF72E068B2EB51
S214031030104F4FEA104309D180B2C01A18BF0120DF
S21403104010BD2368013303D00420F9E70220F7E735
S2140310500320F5E701288CBF0020012070470338E2
S21403106001288CBF002001207047143070472DE9FB
S214031070F04105469846036908460E4617469847C4
S214031080044638B943463A4631462846D8F70CFD57
S214031090044618B131462846FFF75CFF2046BDE8F4
S2140310A0F0811F2A0B689EBF4FF0FF3191408B43A0
S2140310B0590801F055315B1A03F033319B0803F0EE
S2140310C033330B44017803EB13130A444FF0013117
S2140310D003F00F334B43A2EB13620270704708B55D
S2140310E007F05AFBBDE808400021D8F7E7BD022108
S2140310F00320D8F7E1BF704770477047704770B555
S214031100054614460E4609F0D0F92B685C40344079
S2140311105C402C60BDE8704009F0C2B910B50024ED
S21403112022B1032A0CD00360047110BD11F400022F
S21403113018BF4FF07F4221F07F4313430C0EF2E7B4
S21403114021F0FF03CCB2EEE730B5012400F580535F
S21403115045685C60CB784A785B0443EA02230A78E6
S21403116013438A78120402F480321343C0F898308B
S214031170EB075CBF00F50050446030BD70B5012638
S2140311800C46054600F500535E600B78497803F07D
S214031190070343EAC103E17843EA0123A17809017F
S2140311A001F030010B430367C36AA17923F48B3341
S2140311B023F4807343EA01432179090201F4E061D1
S2140311C00B436179090301F480510B43C362114653
S2140311D0FFF7BAFF05F580535E60E37903B1EE606F
S2140311E070BD08B50A6FC96F02F00702FFF796FFD6
S2140311F008BD13B5044601A8D9F764FC042C04D82B
S214031200DFE804F0061603101300002002B010BD3A
S21403121040F29C4040F2BA439DF80520012A08BFDD
S2140312201846F3E740F6B830F0E74FF41660EDE7FC
S21403123040F2E240EAE74FF050234FF400321A67D9
S21403124070474FF0B0435A6812B19A6A002AFAD12F
S214031250704770B5054614460E4609F026F92B6806
S2140312605C4034405C402C60BDE8704009F018B91F
S2140312700122417803788A4030214B4342F2100121
S21403128003F1A04303F570335A50704721FA00F276
S214031290D20730B5034600F0FC040FD50022013216
S2140312A0D2B2042A02D14FF0FF3008E0831803F0CD
S2140312B00303234421FA03F5ED07F0D4184630BDA3
S2140312C000207047002070470020704700207047BA
S2140312D001207047012070470F207047EBF7D0B905
S2140312E0002307B5CDE90033012369464FF0FF30ED
S2140312F08DF8023004F058FB03B05DF804FB0020C1
S214031300704710B508B9212010BD0029FBD003682B
S21403131013F0704205D1C3F30E030B607BB10020BC
S214031320F2E703F05044B4F1004F05D0B2F1304F6A
S21403133002D0B2F1404FE6D103F07F03EDE74368F6
S214031340002BE0D00B60EAE737B50C46054610B92C
S214031350212003B030BD0029FAD0002301A9019350
S214031360FFF7CFFF0028F4D12968019A11F07041E6
S21403137002F1030222F0030201D12260E9E7AD681D
S214031380B1F1004FC5F38033C5F3403504D103EB09
S214031390450353432360DCE7B1F1204F01D12B44CF
S2140313A0F7E7B1F1304FFAD0B1F1404FF7D0CFE7BE
S2140313B037B50C460546002800F08780002900F064
S2140313C0848000230B60036803F070430B60C268DD
S2140313D022B1032A79D143F080630B60AB689A018C
S2140313E049D403F08073EA680AB9002B6DD12268EA
S2140313F022F0407213432360EA68032A05D12A6960
S214031400F62A62D962F317432360AB681B0442BF14
S214031410236843F400432360EB68032B1FBF236852
S2140314202A6862F30E0323602B68AA68002B2ADB64
S21403143012F4C84F49D12B6803F0704303F10043FD
S214031440B3F1804F05D2530542BF236843F480634C
S21403145023600023284601A90193FFF752FF40B9F2
S2140314602B6813F070421FD12368019A62F30E03B0
S214031470236003B030BD03F04073B3F1407F18BF61
S2140314804FF00073AFE7500402F4005105D4E1B106
S214031490236843F400532360CDE7236843F4804373
S2140314A023600029C7D0F3E703F05043B3F1004F9E
S2140314B005D0B2F1304F02D0B2F1404F05D1019BB7
S2140314C05A1E236862F30603D2E72120D1E738B118
S2140314D031B101234B604FF0005300208B607047FF
S2140314E02120704737B50C46054608B9212016E07B
S2140314F00029FBD001234B60C368A3B901A901935C
S214031500FFF722FF58B9019B6A699A4209D32A69F1
S214031510002AEBD0226043F000530020A36003B000
S21403152030BD1D20FBE7032BE0D10023F5E743681E
S21403153013B9416070475B685A68012AFBD159604A
S2140315407047FFF7DCBE08B5FFF7D9FE002814BFC7
S2140315506FF09200002008BD1346428870B507322C
S214031560072A0C464FEAD20101D0A14222D146688F
S2140315700588202218460021EAF71CF8360A034697
S214031580DEB9BCB141F20102954205D0B5F5885FDC
S21403159002D0B5F5905F02D100205C6070BDB5F552
S2140315A0105F0DD1182C03D0202C01D0102C01D1A4
S2140315B01C60F1E76FF08600F0E76FF08B00EDE755
S2140315C06FF08500EAE7F0B51C46436806461B0A3B
S2140315D00F46154689B035D122462946FFF7BCFF8C
S2140315E068B9EB1C23F00303C4E90307636145B939
S2140315F0202200212046E9F7DDFF6FF0860009B0C0
S214031600F0BD014620226846E9F7D4FF6A4629461C
S2140316103046FFF7A1FF0028EAD12368009A9A42D2
S214031620E6D16368019A9A42E2D1A368029A9A4283
S214031630DED1A369069A9A42DAD1E369079A9A42F7
S214031640DDD0D5E76FF08B00D9E7D9F783BDD9F79F
S2140316509DBE70470020704700207047C36819443A
S214031660836853F8210030F8023B13607047012368
S21403167010B580F888300378044653B100F061FA59
S21403168021462046D9F774FF2046BDE8104000F0F7
S2140316904DBA10BD38B50D460446D9F751FF6B68F1
S2140316A02046C4F8B032A96800F096F94FF0FF332D
S2140316B02046C4F8B432FFF7CDFF38BDD0F8B432B5
S2140316C010B50133044601D0002010BD00F0BCFA6B
S2140316D0C4F8B4020130F7D194F8B80280F00100E0
S2140316E0F3E708B5D9F768FF08BD0A7801382D2A4D
S2140316F00ABF012200228918D9F7BABF07281BD8C8
S214031700DFE800F0060A0D101315041701207047D2
S21403171000220820D9F7ACBF00221020FAE70022E7
S2140317202020F7E70820FFF7E0BF1020FBE7202084
S214031730F9E70846D9F7FEBF002070472DE9F743BF
S21403174007280C46DDE90A7690461D4608D8013878
S21403175006280AD8DFE800F01D27303A44574A0027
S214031760212850D003B0BDE8F0830022204611465E
S214031770E9F7ECFE3368C0B205EB83013A6845F837
S2140317802300013348F8221033603B6801333B6083
S214031790E8E7002220461146E9F7D8FE336880B210
S2140317A005EB8301EAE7002220461146E9F7CEFE61
S2140317B0336805EB8301E1E7002220461146EAF78A
S2140317C073F8336840B205EB8301D7E7002220465F
S2140317D01146EAF769F8336800B205EB8301CDE7F3
S2140317E0002220461146EAF75FF8E1E70023894620
S2140317F01E461D468DF8063019F8013F7D2B06D18F
S21403180025702D0A65703B6848F82340BDE7202BFA
S214031810F2D006F00102013612B98DF80430EBE778
S2140318201022002101A88DF80530EAF73DF8631968
S21403183001359870ADB2DFE72DE9F04F9B460023E4
S21403184085B08B45814688469246CDE902336BDCEC
S2140318501A461E4619F80340212C09D81F2C04D813
S214031860103C072C98BF012200E001260133F1E764
S214031870FF2CFBD15B4436B1013B43450ADD2B20ED
S21403188005B0BDE8F08F62B1013B4345F7DC354652
S214031890374602E000252F462E46454504DB00204A
S2140318A0EEE79845F3D0EAE75D453BDB19F80730EA
S2140318B0202B18D109EB07035B78FF2BDFD1CEB9BA
S2140318C020465AF82510FFF719FF78B303AB0193A8
S2140318D002AB00932046DDE90E235AF82510FFF7E6
S2140318E02DFF0135D9E7212B0ED109EB07035B78D2
S2140318F0FF2BC4D1029B5AF825200E99012641F8E6
S214031900232001330293ECE7A3F11004072C02D93A
S2140319101C460137D3E709EB07035B78FF2BAED1F1
S214031920E4B2CCE70624CAE72120A9E72620A7E7E6
S2140319302DE9F04F07460E4615469846044685B0F1
S214031940DDF84490DDE90FAB206808B3DAF8002031
S214031950D8F800108A421BDA0E9B53F82210D6F7EB
S21403196089F948BBDAF800200132CAF80020626819
S214031970117BFE291BD10E9B1068012100932A467A
S2140319804346CDE902B9CDF804A0FFF7D1FF0446DC
S2140319902B7843B999F800302BB97EB101233C4626
S2140319A089F800302B70204605B0BDE8F08F012380
S2140319B08BF800302B70EBE70C34C5E73446F2E7C0
S2140319C010B50446236803B910BD237A13B920461D
S2140319D0D9F7E6FE0C34F5E710B541B10A7932B90A
S2140319E001249C300C71FEF73DFE204610BD0020FE
S2140319F0FCE72DE9F041BAB005460AAA084603A952
S214031A0000F05FF90446B0B90DF10A0301930DF136
S214031A100B038DF80A0000930AAA284604AB03A911
S214031A20DAF76EF89DF80A20B2B19DF80B2048B19C
S214031A302AB1D9F7B5FE20463AB0BDE8F081FFF7E4
S214031A40BFFFF8E7D5F89C50002DF4D0A86808B17E
S214031A50FFF7B6FF2D68F7E700B346681AAB06F143
S214031A600C082AAF01934046049B039900970AAAE1
S214031A70FFF7E2FE04460028DDD1039B05A8CDE967
S214031A800637049B0595CDE90838DBF701FB05A867
S214031A903368984705A800F03FFDCCE72D24CAE736
S214031AA010B50446AC30E9F781FC04F1AB031A1811
S214031AB00020934200D110BD13F8011F0029FAD06D
S214031AC00A2908BF0130F4E70023F0B50B60136062
S214031AD00646D0F8AC0278B196F8AC0060B10124A3
S214031AE006F1AC07D6F8AC02844210D306F1AC007C
S214031AF0B3F5007F10D30120F0BD0D6801350D60EE
S214031B00156801351560F85C01330A2802D0B3F571
S214031B10007FF2D30134E5E7C15C0A29EBD0002944
S214031B20E9D01168013301311160E1E710B50021F6
S214031B30D0F88C200446E9F73DFD0023C4E924339E
S214031B4010BD73B5044600F1AC0580212046FEF7B0
S214031B509EFD4FF4007106462846FEF798FD0136B3
S214031B60C0F50070864220461FD8E9F71FFC0646DC
S214031B702846E9F71BFC01362946421CA819E9F753
S214031B806BFD2046E9F712FC214602462846E9F794
S214031B90A1FE2046E9F70AFC0A23204480F8AC306D
S214031BA00023C4F8AC3202B070BDFFF779FF01AA78
S214031BB0C4F8AC0269462046FFF786FF0022009B66
S214031BC0234483F8AC20C0E773B50D460446FFF7FD
S214031BD067FF6B1C19D1D4F8AC3213B1013BC4F8C0
S214031BE0AC3200252046E9F7E1FBA84215D820468B
S214031BF0FFF79CFFD4F8AC322BB16946204601AA06
S214031C00FFF762FFA0B902B070BD012DFBD1D4F877
S214031C10AC328342F7D20133E1E7082000F023F821
S214031C20202000F020F8082000F01DF80135D9E741
S214031C30009D04F1AC06019BAB42E4D9715D2046DE
S214031C40DAF78CF80135F6E707B500200DF1070142
S214031C5000F0E7F820B99DF8070003B05DF804FB31
S214031C604FF0FF30F9E710B5C1B20446002000F08C
S214031C70C8F800280CBF20464FF0FF3010BD0FB445
S214031C8007B504AA52F8041B00200192DAF702FAF9
S214031C90002003B05DF804EB04B0704710B54C1C8D
S214031CA00B460119045D222C03D07B2C01D05C2C3F
S214031CB005D1D21A1844E9F7CFFC012010BD002045
S214031CC0FCE72DE9F047054691468846E9F76EFBA3
S214031CD02A4606461346197801322029FAD0C9F84F
S214031CE000305C1B01236FF0404AC8F80030A64260
S214031CF001D8002014E02F5D29197B2F12D0222F44
S214031D002ED1D8F80030621C53442A4449F82320C5
S214031D10012C09D911F8013C13F0DF0F04D0212060
S214031D20BDE8F0877D27F3E701342B5DBB4209D17D
S214031D302B195B7813F0DF03F1D1222F00D12B553B
S214031D400134D4E75C2B07D1324621462846FFF7F9
S214031D50A5FF0028E3D0013E0134A642E5D8DEE71E
S214031D605C2F08D1324621462846FFF797FF002806
S214031D70D5D0013EE4E7202FE2D10022631CB34214
S214031D800A70DDD2EA18EB5C202BD9D0D8F80030E5
S214031D900F2B05DC49F823200133C8F80030CFE7C2
S214031DA01E20BDE700F000B800207047D5F750BFEF
S214031DB070B50C46154610B9DAF760F938B14368C2
S214031DC02BB12A462146BDE87040006818472320F9
S214031DD070BDF7B50D4616461C4638B9DAF74EF908
S214031DE004B901AC20B9232003B0F0BD03B901AC9C
S214031DF0C768002FF7D02346324629460068B847FF
S214031E00F2E707B501228DF807100DF10701FFF77A
S214031E10CFFF03B05DF804FB0B4601461846FFF7F9
S214031E20F0BF00230122FFF7D4BF08B508F038FC43
S214031E30FA23B0FBF3F080B208BD0420704740F2EB
S214031E400160DAF711BA7047012070470020704727
S214031E5049BA89B280EA0103C3F303125340180355
S214031E6080B258405B0103F4FF535840704708B5EF
S214031E70DAF7C6FD58B1A0F15903042B06D8042B94
S214031E8004D8DFE803F00404040304005C2008BD60
S214031E90DAF70EBF7047F8B50C468D180735524271
S214031EA01540A5F108070646384600F0DFF9A18875
S214031EB0381B628801EBE00189B2A2EBE00225F849
S214031EC0041C25F8062CA288C310AAB1A4EBC202F0
S214031ED0B2F802C0D18003EB0C015180E28892B1C4
S214031EE0D31A9BB204EBC20425F8023CA380B36862
S214031EF00344B3603846F8BD15F8082C42F00202D6
S214031F0005F8082CEAE725F8022CF0E72DE9F04F50
S214031F104FF0000887B09946531C109B054617469A
S214031F2014BF14460824CDF81480002B00F0C58097
S214031F30C3F80080002900F0C28042688A4240F25B
S214031F40BE80073121F0070608F0BCFA05AACDE9E2
S214031F50008282463A464B463146284600F08AF9C6
S214031F60059F834607B130B9504608F0A6FA1920F4
S214031F7007B0BDE8F08FB7F8028029694FEAC802B8
S214031F80C0EBC8080139B8F1270F29617AD9B9F12E
S214031F90000F51D1864206F1080848D0224639463A
S214031FA02846FFF778FF04460590059B984440466D
S214031FB000F05CF9059906F10F004A88C308A2EB06
S214031FC0D002A8F80220CA88A8F80430002A30D025
S214031FD0D31A9BB201EBC202A8F8063093808B8813
S214031FE0F608A380B8F804303A46E3804146002357
S214031FF02846668000F0A6F9AB680833AB60237802
S21403200043F0010323702B6901332B616288AB68AD
S214032010504603EBC203EA68AB60934288BFEB60AB
S21403202008F04BFA109B083400201C60A0E73C46DF
S214032030BBE7A8F80620D2E707EB0804204603927E
S21403204000F014F90BF10703DB080599638008F128
S2140320500703DB08A380CB8893B1DB00039AD81D64
S214032060821A5A44C2F3CF020B44E2809A80A388B2
S21403207008F1FF384FEAD808A1F80280CB80BBE707
S214032080E380F4E7B9F1010F1BD107F10803B3FBB3
S214032090F4F204FB1233B3B1224639462846FFF75F
S2140320A0FAFE044623783A4643F00103237021469A
S2140320B00123284600F046F9A8E7222058E7212006
S2140320C056E78642E8D13C46ECE707B500224FF0D8
S2140320D0FF3101AB0192DAF74BFA019803B05DF8D2
S2140320E004FB2DE9F74F04460D46002900F0AB80AC
S2140320F0D0E9056808F0E6F915F8087C35F8061CFB
S214032100FB07009000D531B9009808F0D6F90120F6
S21403211003B0BDE8F08FA368D4F8109035F804EC4C
S214032120A3EBC10B09F10103A5F1080C4A1CC4F883
S21403213008B02361BEF1000F7BD0ACEBCE03D8888A
S214032140B3F802A00190187807F00207C00765D419
S214032150002F64D10198A0EB0A07012F69D18A1CCE
S214032160ABF108075244C4F81090A76035F802ECA8
S214032170BEF1000F61D0D4E900700CEBCE0A07EB7A
S2140321800009CA4559D21CF83EC057461CF0010C3C
S21403219015D1AEEB0101012911D1BAF80210AAF844
S2140321A002C001310A44BAF80610002943D00AEBEC
S2140321B0C107216901392161A1680839A16015F8B1
S2140321C0081C013A21F0010105F8081C002125F836
S2140321D0061C5A801A7861F300021A707FB3C3F1A3
S2140321E007023A44C2F3CF02DA80BA804EB3B34250
S2140321F027D37288002A08BF1E46B8F1000F06D000
S214032200434504D8B8F80220002A18BF434600986E
S214032210C4E9056308F051F9002079E74FB115F8D2
S214032220087C724427F0020705F8087C00279F8085
S2140322309CE763469AE70F46BBE70027BFE7DF80C6
S214032240D4E71E46D9E7222062E710B50446DAF73C
S214032250A7F92146BDE81040FFF743BFFFF7F5BFD8
S2140322600846FFF732BF0846FFF7F8BF00230360B0
S21403227043607047F0B5D0E90554561C08BF0822E2
S214032280002B4FF0000008BF2C46DDF818C0CCF832
S2140322900000002C37D09DF814706588FF0007EB0C
S2140322A0C505C2F1000E2078C00708D51BBBE08821
S2140322B0A0B104EBC004658807EBC505F3E78D42C0
S2140322C0F4D363B904F10806B6FBF2F002FB10661A
S2140322D070180EB1A842EAD8CCF80040F0BD082A20
S2140322E00FD06088013004EBC000461A06EA0E06DB
S2140322F0801B8542F0D2A0880028EFD0A4EBC00450
S214032300D9E70846E8E72046E8E703460069C0B190
S2140323100AB951B91A6810460378DB0711D531B9E3
S214032320C3885BB100EBC300F6E79A69F3E70129BC
S21403233004D1838823B1A0EBC300EDE700207047E8
S214032340184670472DE9F041D0E9055407468846FC
S2140323501646ABB1954200D00ABB4246002138462A
S214032360FFF7D3FFB442054600D02EB942460121FB
S2140323703846FFF7CAFF0446C7E90554BDE8F081AF
S214032380954208D08D4228BF0D46B44205D0444539
S21403239038BF4446F0E70D46F7E74446ECE7944279
S2140323A0EAD1E3E770B500261C46C3E90001C3E99A
S2140323B00266C3E905001E611A775E62FFF756FFE1
S2140323C023690139C908013341802361A368304674
S2140323D00833A360E3680833E36070BD002307B5E2
S2140323E0684600938DF80430D8F756F803B05DF8C6
S2140323F004FB10B508F059F8044606F05FFA2046C9
S214032400BDE8104008F04CB870474FF4C870DAF7D0
S21403241027B9DAF7D9B900F01CB87047704708B582
S21403242003F001F903F009F903F010F903F01FF9BB
S214032430BDE8084003F02EB9704708B503F0EEF880
S21403244003F0EDF803F0ECF803F0ECF8FFF7F4FF15
S21403245008BD08B503F01FF903F01EF903F01EF9D3
S214032460BDE8084003F021B97047012070472DE905
S214032470F34112F001050446884622D110F0030505
S21403248025D12F465208BA4209D1D8F793FA002627
S214032490B74204EB860008D1D8F798FA11E054F84F
S2140324A0273001330CD10137EDE7042258F82630E4
S2140324B00DEB0201019308F013FB30B1D8F786FA4F
S2140324C03D25284602B0BDE8F0810136E0E7012548
S2140324D0F7E77047B0F1006F0FD300F07843B3F11E
S2140324E0006F0CD000F06040B0F1404F09D0B0F15F
S2140324F0604F14BF0420032070470020704701205C
S214032500704702207047002070471AB111B180B29D
S214032510DAF7CEBB2120704701F056BEE3F7F8BCCE
S214032520FFF78DBCD0E9023253F822300021187829
S214032530E3F740B9704702F08CB901F0DABDC3681F
S2140325408268013BDBB252F823305B78652B02D1FD
S2140325500020E5F77FBC6E2B01D10120F9E7662B3F
S21403256001D10220F5E7704710B5D0E902320446E0
S21403257053F82230187802F046FAE368A26801336B
S21403258052F82330BDE81040187802F03ABA10B576
S2140325900446C0B2DBF75AFD200ABDE81040DBF75D
S2140325A055BDD0E9023253F822301878DBF756BE11
S2140325B002F0E1B9E4F74CB908B501F0B8FEBDE89E
S2140325C00840E5F735BBD0E9023253F822301868E5
S2140325D001F0ABBE0020E5F731BC0120E5F72EBCC9
S2140325E00221DBF7D1BD0321DBF7CEBD0521DBF7E7
S2140325F0CBBD08B501460C20DBF7A2FDBDE80840BD
S214032600DBF730BD08B501460020DBF799FDBDE8D2
S2140326100840DBF727BD07B5C2688368043253F862
S214032620223001211B880DF10602ADF80630002387
S214032630DCF72EFB03B05DF804FB08B508F044F89E
S214032640BDE80840F1F7B2BD10B51446DCF73CFE12
S2140326502146BDE8104007F0D5BD08B5DCF734FECB
S214032660BDE80840002107F0CDBD08B5DCF72CFE19
S214032670BDE80840F1F7D0B908B5DCF725FEBDE89C
S214032680084008F084B908B5DCF71EFEBDE808402C
S214032690F1F7AEB97047704708B508F015F8FFF7BD
S2140326A0FAFF03F065F8BDE80840DCF759BE70474B
S2140326B0012070470120704708B5DCF7EDFE0028BF
S2140326C00CBF0420012008BD70472DE9F3410446E2
S2140326D00D4616461F46DDF8208008F08DF83B466B
S2140326E0324629462046CDF8008003F043F83B46A1
S2140326F0324629462046CDF80080FFF7E5FF02B0B4
S214032700BDE8F04101F060BD2DE9FF4704460D46E4
S21403271016461F46BDF830809DF83490DDF838A085
S21403272008F06AF83B46324629462046CDE9019A28
S214032730CDF8008000F0FDFF04B0BDE8F04701F0DF
S21403274043BD704708B508F057F803F016F8FFF7CF
S214032750F8FFBDE8084001F037BD012070472DE9BA
S214032760F74304460D4616461F469DF8289008F084
S21403277043F83B46324629462046CDF80090FFF7FD
S214032780ECFF80463B46324629462046CDF800906D
S21403279002F0F4FF01F018FD404603B0BDE8F083F5
S2140327A0012070472DE9F74304460D4616461F469B
S2140327B09DF8289008F020F83B46324629462046E6
S2140327C0CDF80090FFF7ECFF80463B46324629469D
S2140327D02046CDF8009002F0D2FF01F0F5FC40460B
S2140327E003B0BDE8F083F8B504460D4616461F460B
S2140327F008F002F83B4632462946204602F0C0FF60
S214032800BDE8F84001F0E0BC00207047F8B5044688
S2140328100D46164607F0F0FF324629462046FFF7D8
S214032820F3FF074632462946204602F0AAFF01F088
S214032830CBFC3846F8BD38B504460D4607F0DCFF3A
S2140328402946204602F09EFFBDE8384001F0BCBC96
S21403285010B5044607F0D0FF204602F094FF20464A
S214032860FDF732FCBDE8104001F0AEBC704738B54A
S21403287004460D4607F0C0FF2946204602F095FFA2
S21403288029462046FFF7F2FFBDE8384001F09CBC1E
S214032890704770B504460D46164607F0ADFF324640
S2140328A02946204602F083FF324629462046FFF794
S2140328B0EFFFBDE8704001F087BC704738B50446AB
S2140328C00D4607F099FF2946204602F072FF294677
S2140328D02046FFF7F2FFBDE8384001F075BC7047AD
S2140328E038B5054607F088FF284600F0EFFE044695
S2140328F00146284601F0ABFF01F066FC204638BDD2
S21403290038B504460D4602F056FF29462046FFF723
S214032910E6FF38BD704738B5054607F06DFF284615
S214032920E3F7A2FA04460146284601F08EFF01F0BB
S2140329304BFC204638BD38B504460D4602F03CFF36
S21403294029462046FFF7E6FF38BD704710B5044614
S21403295007F052FF204602F030FF2046FFF7F5FF50
S214032960BDE8104001F030BC704738B504460D464C
S21403297007F042FF2946204602F021FF294620465B
S214032980FFF7F2FFBDE8384001F01EBC704770B594
S21403299004460D46164607F02FFF324629462046C4
S2140329A002F00EFF324629462046FFF7EFFFBDE84A
S2140329B0704001F009BC704738B504460D4607F071
S2140329C01BFF2946204602F0FCFE29462046FFF759
S2140329D0F2FFBDE8384001F0F7BB704738B5044650
S2140329E00D4607F009FF2946204602F0EBFE29466E
S2140329F02046FFF7F2FFBDE8384001F0E5BB70471D
S214032A0010B5044607F0F8FE204602F0DCFE20462A
S214032A10FFF7F5FFBDE8104001F0D6BB704710B5D1
S214032A20044607F0E9FE204602F0CEFE2046FFF7F6
S214032A30F5FFBDE8104001F0C7BB7047704770B59F
S214032A4004460D46164607F0D7FE3246294620466C
S214032A5002F0BDFE324629462046FFF7EFFFBDE8EB
S214032A60704001F0B1BB704710B5044607F0C4FED2
S214032A70204602F0ADFE2046FFF7F5FFBDE8104006
S214032A8001F0A2BB704738B504460D4607F0B4FE06
S214032A902946204602F09DFE29462046FFF7F2FF10
S214032AA0BDE8384001F090BB704770B504460D464C
S214032AB0164607F0A1FE32462946204602F08BFE54
S214032AC0324629462046FFF7EFFFBDE8704001F087
S214032AD07BBB70472DE9F34104460D4616461F4659
S214032AE0DDF8208007F088FE3B463246294620461E
S214032AF0CDF8008002F070FE3B463246294620465B
S214032B00CDF80080FFF7E5FF02B0BDE8F04101F025
S214032B105BBB0E2070470E20704738B5044607F09F
S214032B206BFE2046FFF7F7FF0546204602F055FEEC
S214032B302046FFF7EEFF01F047FB284638BD00208E
S214032B4070470020704738B5044607F055FE204608
S214032B50FFF7F7FF0546204602F040FE2046FFF744
S214032B60EEFF01F031FB284638BD704708B507F085
S214032B7043FE02F034FEFFF7F8FFBDE8084001F01D
S214032B8023BB002070477047704708B5DCF756FD37
S214032B9000280CBF0420012008BD70470B68DA7BB1
S214032BA01AB9DB7C0BB9DCF76DBD8120704708B51D
S214032BB0DCF780FDBDE80840DCF78ABD7047DCF72C
S214032BC079BDDCF785BD082808D84FF48B73C3405E
S214032BD013F0010F0CBF21200020704721207047FF
S214032BE00121DCF767BE0221DCF764BE0421DCF7B3
S214032BF061BE0821DCF75EBE1021DCF75BBE08B5BC
S214032C0000F026F808B1002008BDDCF7A3FE002874
S214032C10F9D1DCF7B1FE0120F6E7152808B503D194
S214032C20BDE80840DCF79CBE01F089FE60B9E2F718
S214032C306FFC032806D100F009F828B9BDE8084060
S214032C40FFF7DDBF0028EBD008BD704700207047B4
S214032C500020704708B5DDF775F8FA23B0FBF3F0EC
S214032C6008BD0321DDF79EB801207047D0E9023284
S214032C7053F822301878DDF79DBA0868C37B1BB972
S214032C80C37C0BB9DDF7C6BA81207047D0E90232A0
S214032C9053F822301878DDF7FFBA704730B505468B
S214032CA0044615F8100B85B0029565691D44CDE9F9
S214032CB000250B46A21D618801F023FE05B030BD3A
S214032CC0704710B492F80A4192F8053103EB0423D7
S214032CD00B8100235DF8044B1A4601F010BE1FB5A6
S214032CE00446084671B12178FF290BD0238B029343
S214032CF063690193237C00936288A31DE3F7D0F8EE
S214032D00FF23237004B010BD0868C37B73B9C37C6C
S214032D10032B0BD8DFE803F002080406DDF7BCBD7F
S214032D20DDF7ECBDDDF71CBEDDF7CABD81207047BD
S214032D307047704700207047137810B5032B0CD1EB
S214032D405479CBB29C4208D19379B3EB112F04D1BB
S214032D5053781B1A5842584110BD0020FCE77FB534
S214032D6005460E4600246946E0B201F076FD28B912
S214032D706A4631462846FFF7DFFF18B90134202C90
S214032D80F1D1002004B070BDFFF7E9BF0868C37B2C
S214032D909BB9C37C052B10D8DFE803F0030D070BA4
S214032DA00905DDF781BEDEF7BDB8DDF717BFDEF731
S214032DB069B8DDF7E7BFDDF7B9BE812070470020AD
S214032DC0704730B5102587B001AA00210195FEF79C
S214032DD045FC04462A46002102A8E8F7EBFB2A46F0
S214032DE0214602A8E8F738FC012102A8DEF778FAA4
S214032DF007B030BDDEF706BA7047FFF7FDBF0B68B6
S214032E00DA7B5AB9DB7C012B04D0022B04D02BB916
S214032E10DEF78ABEDEF794BEDEF79EBE81207047DD
S214032E20002307B5012101A80193D4F769FD08B96A
S214032E30D4F7A2FB012003B05DF804FB08B502F04B
S214032E4030FA052803D0003818BF012008BD022039
S214032E50FCE77047D0E9023253F82230187800387E
S214032E6018BF0120E0F7F8B9E0F7FCB90020704777
S214032E70002070477047FF207047FF2070470020F0
S214032E807047002070470020704770470620704741
S214032E90DFF7A0BC0868E0F779B970B50D460446BD
S214032EA000212846164601F074F932462080022196
S214032EB0284601F06EF9324660800421284601F068
S214032EC065F90023A360E3606060082070BD0346D5
S214032ED041B181424FF0640005D94343B3FBF1F09F
S214032EE0C0B2704708467047E0F7CAB9E0F7C0BFFC
S214032EF0E1F7C8B8B0F5807F05D0A0F50073584257
S214032F005841400170470820704730B599B00D46C8
S214032F1069461446E1F71AF830B915B1BDF8023020
S214032F202B600CB10D9B236019B030BD2DE9F04723
S214032F3088B00E46904604A905AA07461D46FFF725
S214032F40E4FF044638BB28800DF10C09DDE904A331
S214032F509A4520D2062251463846CDF8009006AB55
S214032F60E1F710F8D8B9039B062B18D12A88DDF8A9
S214032F701A3042450ED2BDF8181026F832102A88A9
S214032F8006EBC20253602A885344013206332A8072
S214032F900493DBE7F7D9204608B0BDE8F0870124A1
S214032FA0F9E72DE9F0438FB00F46904601A90022BA
S214032FB004469946FFF7A9FF18B101200FB0BDE8F4
S214032FC0F083062220460DF1020302A9FFF7AEFFA7
S214032FD00028F2D105460246BDF80210019CEEB267
S214032FE08E42EAD20EAB03EBC60656F82C3C36F8F6
S214032FF0306C0634BE4217BFE41801221346002283
S214033000013522B1C8F80040C9F80030D6E71A46A1
S214033010E5E770B50024012602F01DF9E5B2C268A3
S21403302006FA05F59542234604F10104F4D3D8B213
S21403303070BD70B586B0E0F7D7FD00F11006E6F771
S21403304043F900240546142201A9301902F00AF9AF
S2140330501CB99DF80430FF2B16D0002303F1180289
S2140330606A4412F8142CFF2A06D11C44601E90FBF7
S214033070F5F080B206B070BD2B44DBB2132BEDD94E
S2140330801434B4F5826FDED14FF0FF30F2E7E0F789
S214033090E1BB07B504220DEB020102F0E3F8019849
S2140330A003B05DF804FB37B5054608460C46FFF744
S2140330B0F0FFA84206D0042220460DEB020101953C
S2140330C0E6F754F903B030BD07B50B46009200216E
S2140330D002460120E0F750FC03B05DF804FB08B598
S2140330E00121E0F781FBBDE80840E6F7EBBAE0F71D
S2140330F0BFBE08B5FFF7F3FF002008BD08B51346AB
S2140331000A4601461846E0F7CBFC80F00100C0B241
S21403311008BD00207047704708B1E0F7C9BF704785
S21403312030B4DDE902451DB1029430BC00F0C6B9E7
S21403313030BC70471F2804D8142200F5A030D9F7F6
S21403314081BE70471F2804D8142200F5A030D9F793
S214033150A5BE7047152808B505D1FFF7DCFFBDE807
S2140331600840E1F7EBB808BD10B5142486B0224634
S214033170002101A8E8F71EFA2023224601A94FF4EE
S214033180A03001F078FC06B010BD0020704713B5E0
S21403319000230C461A460146CDE90033E0B2E1F7B8
S2140331A091FE02B010BD13B5002314460190012210
S2140331B00093E0B2E1F786FE02B010BDD0E902321A
S2140331C053F822301868E1F7F5BF194491420ADC38
S2140331D04218002003B9704712F8011D013B01EBAA
S2140331E00020DBB2F6E7002070472DE9F04F4FF0E2
S2140331F0000A85B0019381460F4615465346019A49
S21403320011785FFA8AF2914203D8002005B0BDE830
S214033210F08F019909EB050801EB4202517892F809
S21403322002B011F04004009101F03F061BD0AC1928
S214033230BC42D4BF0024012433466400A20740F1F5
S2140332408880009B1B0640F192800E9B324603EB60
S2140332500B000021E8F7AEF93D4600231D44ADB24E
S2140332600AF1010ACBE7042E07D866B1B31E022B78
S2140332700BD8DFE803F0122130003E2E37D03F2E66
S2140332805BD03D2E4BD00320C0E7BD4234BF0024A5
S2140332900124012664003346D0E7AB1CBB4250DC56
S2140332A002233A4629464846FFF78FFFADF80A0041
S2140332B002230DF10A08C1E7EB1CBB4243DC0323E0
S2140332C03A4629464846FFF780FF03900426032321
S2140332D00DF10C08B2E72B1DBB4236DC04233A463D
S2140332E029464846FFF771FF03900423F0E77A1E4A
S2140332F095422CDA02233A4629464846FFF765FFED
S2140333004FF6FF7380B298420EBF0223023083B299
S2140333105C19A742B4BF0324012404268EE7BD42EA
S21403332015D298F80030FF2B0CBF01230133EC189D
S214033330BC42CCBF03240124EFE701240426002368
S2140333407CE73446B4E70224C0E70224CDE703242F
S214033350E3E70E9A02EB0B0014B142F80B807DE70D
S214033360324641460093E8F7B5FA009B76E702201B
S2140333704CE710B5144686B018811A460A9B02918C
S214033380CDE9034301230193099B014600930320E0
S214033390BDF82030E1F7D2FF06B010BD1FB50024FC
S2140333A00294079C0194BDF818400094FFF7E1FFD0
S2140333B004B010BD2DE9F0410E461746054686B00B
S2140333C098B391B38AB34FF0000802A95FFA88F066
S2140333D001F043FA044640B99DF80830032B08D0A1
S2140333E008F10108B8F1200FEFD1204606B0BDE87A
S2140333F0F0819DF809202B799A42F1D1BDF80A2075
S2140334006B889A42ECD19DF80C30BDF80D006B71B9
S21403341028812B4622464FF6FF71CDE90067FFF75A
S214033420BDFF0028DCD00446DFE72124DDE710B526
S21403343086B00A9C04949DF824400394BDF820406B
S21403344002940124CDE9003413460A4601460620B9
S214033450E1F774FF06B010BD1FB5044608461946CB
S21403346000230094CDE90123079BBDF81820FFF73E
S214033470DEFF04B010BDF0B5022805460E4614461E
S2140334801F468BB00AD106A9F0B201F0E6F998B947
S2140334909DF8193023719DF81C306371119B2246E9
S2140334A004930023CDE902330193109B3146009326
S2140334B028463B46E1F742FF0BB0F0BD13B50024A8
S2140334C00194049C0094FFF7D6FF02B010BD2DE9CB
S2140334D0F0450646884614469A46002701258BB0D3
S2140334E006A9F8B201F0B9F920BB9DF81830012BF4
S2140334F019D19DF8192033799A4214D1BDF81A20B0
S21403350073889A420FD19DF81C3032467371B9B254
S214033510CDE9030ACDE90100434602200094E1F712
S2140335200DFF054610B90137202FD9D128460BB019
S214033530BDE8F0850546F9E70023FFF7C8BF10B5D9
S2140335400446E2F7D9FC0021631E04F10F0213F8C8
S214033550010FFF2808BF19709342F8D10023237484
S21403356010BD0020704770B506461D46E2F738FBCF
S214033570044608B9212070BD3046E2F7FFFD002857
S214033580F8D0A0682A46FF21FFF75EF89DF81030B2
S214033590002063719DF81430A371ECE713B59DF812
S2140335A01040CDE9003413460122FFF7DCFF02B0DA
S2140335B010BD08B5E2F714FB28B18068FF21FFF7BA
S2140335C054F8002008BD2120FCE70122FFF7F1BFD5
S2140335D01FB50B466A460146184601F034F96A469B
S2140335E00823002032F8021B013B13F0FF0380EA96
S2140335F00100F7D1012838BF012080B205B05DF87D
S21403360004FB2DE9F04F87B0DDE9109B054688469D
S214033610484619461F461446BDF848609DF84CA018
S214033620FFF7D6FF042D0346ABF800001AD8022D89
S2140336301DD9042D07D04FF2F222A188914222D140
S214033640E28891071FD5E17A0022CDE901372046AB
S2140336503346CDE90392CDF800A001F043F907B055
S214033660BDE8F08F6A1F012A11D92120F7E700224F
S2140336704146CDE9119228462246109707B0BDE889
S214033680F04F01F03EB94FF6FF760C21DCE7052D2F
S2140336900ED10023E17A0022CDE90137CDE903926A
S2140336A00091234652464146304601F00EF9D6E7CE
S2140336B04FF2F222A188914204D1E288920701D503
S2140336C0E17AE8E74FF6FF760C21E4E7F0B585B03C
S2140336D00546E1F745FF48B16B88B3F5006F05D1A2
S2140336E0681D05B0BDE8F04000F0EEBC284600F0CB
S2140336F004FD0446C8B9E7B26946384601F0ADF89A
S21403370078B99DF8006066B92946384601F0A9F8ED
S21403371020B140F60443984207D08C26304605B0C5
S214033720F0BD0134202CE6D1F7E78D26F6E7E2F765
S214033730FDB82DE9FF4704460D46014618461746D1
S2140337401E46BDF830809DF83490DDF838A0DCF7CF
S214033750E3FED0B92146284601F021F933463A461E
S21403376029462046CDE9019ACDF80080E2F782F992
S21403377033463A4629462046CDE90D9ACDF83080A1
S21403378004B0BDE8F04701F0F7BF04B0BDE8F0872A
S214033790E2F71ABBE2F7D2BAE2F7F6BA10B5044676
S2140337A001F009F9082201462046BDE81040E7F774
S2140337B053BF01F002B9002101F0FFB801F011B9BF
S2140337C00020704720207047EFF7D0BDEFF71ABEF2
S2140337D0F2F7C4B87047E2F743BC70B506460C462A
S2140337E0154600F04CF850B13CB135B1204600F018
S2140337F0D6FC013080B2A84200D9002070BD304606
S21403380000F043F840B1002CF7D0012DF5D920463F
S21403381000F0CAFC0230EDE73046E2F781FBEAE748
S214033820F8B5BDF8185010B3967855B9D478A6F104
S2140338304107012F07D8621ED2B200F0CFFD002049
S214033840F8BD2C46F3E7433E012E04D8A21E92B2DF
S21403385000F0DCFDF3E7D27813B90DB1AA4206D81F
S21403386011B9E7F7A7FEEAE7E7F7F6FEE7E78920E9
S214033870E6E7413803288CBF002001207047413813
S21403388001288CBF002001207047433801288CBFD5
S21403389000200120704700207047002070470388EF
S2140338A0B3F57C4F01D3FFF7F8BF0846FFF7F3BF26
S2140338B010B54A880488A2420DD1037B0C792340B5
S2140338C009D0B2F57C4F08D3FFF7E7FF0B891B1A25
S2140338D05842584110BD0020FCE70120FAE738B5EE
S2140338E00D88D488A5420AD10388B3F57C4F08D245
S2140338F0FFF7D5FF13891B1A5842584138BD0020DD
S214033900FCE70120FAE72DE9F04715460446B8B16F
S21403391049B1EAB100264FF0140AB04690F8049075
S214033920F3B2994501D800240AE027680AFB067714
S2140339303846FFF7BDFF013628B13C46A5F80080A0
S2140339402046BDE8F0877B8943441FFA83F8E7E700
S2140339501446F5E72DE9F0470E4615460446B8B17A
S21403396049B112B300274FF00C0AB846B0F80890D6
S214033970BBB2994501D800240AE063683246204664
S2140339800AFB0731FFF7ABFF28B10C46A5F800800A
S2140339902046BDE8F0870B79013713F0300F02BFDE
S2140339A0CB7843441FFA83F8E2E71446F0E72DE9A1
S2140339B0F04186B00D461446984604AA05AB03A903
S2140339C00646E2F783FB40B30DB1049B2B6034B38A
S2140339D0049D03982946FFF762FF2B880746024695
S2140339E07188307800F04FFBD8B1297911F01003B5
S2140339F00BD0EB782A46CDE900433B4671883078F6
S214033A00FCF74EFB06B0BDE8F0812A462046059932
S214033A10CDF80080FFF704FFF4E78620F2E72046A0
S214033A20F0E77E20EEE71FB51C460023ADF80A201C
S214033A30BDF818208DF80400ADF80610ADF80C207C
S214033A4069461A4601A800938DF80840FFF7AFFFB2
S214033A50009804B010BDF0B587B00E4605AB04AAB7
S214033A6003A90446E2F732FB08B3049D03982946EC
S214033A70FFF715FF2B88074602466188207800F07B
S214033A8004FBB0B1297911F0100108D000963B462B
S214033A902A4661882078D2F71BFB07B0F0BD009159
S214033AA001232A4631460598FFF7BAFEF5E7862036
S214033AB0F3E77E20F1E72DE9F041064600254FF0B7
S214033AC014080779E8B2874201D800241AE008FBF5
S214033AD005F0D6F800C00CEB00043CF80000814269
S214033AE01AD132B1802A10D194F90CC0BCF1000F60
S214033AF012DAB0F57C4F05D32046FFF7CEFE83429D
S214033B0000D04BB92046BDE8F081402A04D194F892
S214033B100CC01CF0400FECD10135D3E70121E2F7CE
S214033B2011BA08B513460022E2F73AFB003818BF6D
S214033B30012008BD08B513464022E2F731FB0038E2
S214033B4018BF012008BD08B513468022E2F728FBFC
S214033B50003818BF012008BD08B540220023E2F74D
S214033B601FFB003818BF012008BD08B580220023BC
S214033B70E2F716FB003818BF012008BD0023E2F762
S214033B800FBB0021E2F77CBB10B504460121E2F728
S214033B9077FB2046BDE8104001F022BE7047F8B51B
S214033BA016461F469DF81820BDF81C300546E2F75A
S214033BB0F7FA78B10421E2F7E1FB044650B1284650
S214033BC000F00EFB3A4631462846A047BDE8F840CB
S214033BD000F0FABAF8BD2DE9F74F1E46DDE90C9B57
S214033BE0074688461446BDF838302AB3B9F1000FA5
S214033BF022D00EB392F804A099F80020504612F093
S214033C00080F0CBF802240226188E2F7C9FA98B1F8
S214033C100821E2F7B3FB054670B1504600F0E0FA20
S214033C203346224641463846CDE9009BA84703B0B3
S214033C30BDE8F04F00F0C8BA03B0BDE8F08FF8B5A2
S214033C40BDF8187016461A463B460446E2F7A8FA2D
S214033C50E0B177B90221E2F791FB0546B0B1204601
S214033C6000F0BEFA31462046A847BDE8F84000F00B
S214033C70ABBA1021E2F782FB054638B1204600F0C6
S214033C80AFFA3A4631462046A847EEE7F8BD73B585
S214033C90BDF8184016461A4623460546E2F780FA4C
S214033CA0B8B1C4B92021E2F769FB044670B12846CF
S214033CB000F096FA099B3146009328469DF820307B
S214033CC09DF81C20A047044600F07EFA204602B06A
S214033CD070BD8624FAE70024F8E72DE9F0418668EC
S214033CE00446007800F07CFA002514273279EBB2FC
S214033CF09A4203D8BDE8F04100F066BA7B433268C7
S214033D002078D15A02EB030800F0C1F9012140469E
S214033D10E2F734FB034608B1207898470135E5E718
S214033D202DE9F04F1C4689B09DF84C30BDF848800D
S214033D3001939DF850309246029322464346074627
S214033D400D46E2F72DFA8DF814700646ADF81650B8
S214033D508DF81840ADF81AA0ADF81C8018B90120EC
S214033D6009B0BDE8F08F05A9FFF7A2FD0028F6D03D
S214033D7000252F46A8462C4634E00C231FFA85F967
S214033D8003FB09F931887368B1F57C4F33F80920D2
S214033D9003EB090B1AD333F8090050452CD3019BC8
S214033DA0A3422DD900F0B8F99BF80200E2F792FF80
S214033DB0029B43B19BF8043013F0010F0CBF0520A0
S214033DC00720E2F787FF0134A4B219E0ADF81A2002
S214033DD05946304605AA0393FFF781FD039B002847
S214033DE0D9D101353289ABB29A42C6D804EB080062
S214033DF0C31B58425841B3E708F101081FFA88F875
S214033E000137BFB2EDE710B5012488B006949DF8DC
S214033E103C4005949DF8384004949DF83440039440
S214033E209DF8304002940B9C0194BDF82840009402
S214033E30E2F7E8FB08B010BD2DE9F04786B0BDF801
S214033E403880DDF83C909DF840A0CDF80080CDE9A1
S214033E50019A04460D4616461F4600F012F9B8B1FD
S214033E60431EDBB2012B10D800230122811E4842D9
S214033E704841CDE90432CDE902A03B463246294605
S214033E802046CDE90089FFF7BEFF06B0BDE8F08700
S214033E900120FAE730B50024012587B0CDE90445B3
S214033EA003959DF82C5002950A9DCDE90045FFF732
S214033EB0AAFF07B030BD30B50024012587B0CDE991
S214033EC0044503959DF828500094CDE90135402319
S214033ED0FFF799FF07B030BD10B5012486B0CDE9D2
S214033EE00444002403949DF828400294099C0194FA
S214033EF0BDF820400094FFF786FF06B010BD1FB53F
S214033F00089C03949DF81C400294069C019400248C
S214033F100094E2F773FC04B010BD70472DE9F84F28
S214033F200229074688460C9D04D84FF0000A5046DF
S214033F30BDE8F88F1BB10429F7D942F004023A70A2
S214033F402BB303247B701B0ABB70E3F76DFF4FF0A4
S214033F5000099DF82830385504F1020A01343B5510
S214033F600B9A5FFA89F3D45C002CE0D0732C10D83C
S214033F702E464C2C56F804BB3DD0532C15D0622C41
S214033F8045D1AC8805F1080600231A4616E001243D
S214033F90DBE7A4F17503032BC7D8763C2E1D022C52
S214033FA052D8DFE804F0565A58006A6805F1080646
S214033FB094B2D2B2B2F1FF0318BF01230AEB040195
S214033FC019448845B1DB50461946002947D1534466
S214033FD01FFA83FA5CB1BBF1000FA6D0224607EBAB
S214033FE00A005946E7F776FC54441FFA84FA354626
S214033FF009F10109B4E74FF6FF736A6805F108068D
S21403400094B222469C4214BF02230023D6E76C2CAC
S21403401005D1584600F0C8F8841CA4B2B4E7732C44
S21403402004D1584600F0BBF8441CF6E7A4F130036D
S214034030DAB2092A01D89CB2A6E7A4F14103062BFB
S2140340403FF673AF373CE8E7012300242A68A3460C
S214034050B4E70223F9E70323F7E70423F5E700F1C0
S214034060010C01393A54C9B2120A1FFA8CF0ACE7B4
S2140340700020E2F7B7BD0022E2F7D4BD0023E2F743
S214034080E7BD012070470120704701207047704745
S21403409000207047002070470020704700207047BC
S2140340A0002070470020704770470E20704700209E
S2140340B07047002070470020704700207047704705
S2140340C0FF2070470E2070478420704770470020FB
S2140340D070477047002070470020704700207047E5
S2140340E0002070470020704700207047002070476C
S2140340F070470E207047002070470020704700204E
S2140341007047704770470E2070477047002070470F
S214034110812070477047704738B50546C0B2E2F74E
S214034120D9FD0446280AE2F7D5FD14B1002808BFD6
S2140341300024204638BDF8B50546C0B2E2F7CAFDEE
S2140341400446C5F30720E2F7C5FD0746C5F3074057
S214034150E2F7C0FD0646280EE2F7BCFD24B12FB1F8
S21403416036B1002808BF00242046F8BD3C46FBE7CE
S2140341703446F9E710B4CC18944203DC5DF8044BDC
S214034180FFF723B800205DF8044B70470423FFF7BE
S214034190F1BF08B50223FFF7EDFF80B208BD007834
S2140341A0FF2808BF0020704708B502220021FFF74A
S2140341B0F0FF4FF6FF73984208BF002008BD003893
S2140341C018BF0120400070470020704708B5FFF76E
S2140341D0A5FCFF284FF0FF3018BF0020C0B208BD73
S2140341E008B5FFF7F3FFFF280CBF2120002008BD0A
S2140341F0F8B506460C4615461F4600F011F810B1F2
S2140342002544AC4200D1F8BD3946304614F8012B9C
S214034210E2F752FEF5E7014600220220E2F7DCBD94
S2140342200120704737B50546E1F766F80446019561
S2140342300CB981201CE0237823B12046E1F764F80B
S2140342400446F5E72B6862685B889A42F5D1A36853
S214034250EA7B99B272B12A8A9142EED16A7DB2EBB9
S214034260134FEAD10020E36801A998478128E4D0D8
S21403427003B030BD4FF6FF72EEE72DE9F843044670
S2140342800F46904699460BB3012A1FD80C20E7F732
S21403429097FB064610B91920BDE8F8831020E7F708
S2140342A08FFB18B93046E7F793FBF4E701230025A5
S2140342B047EA084770600570C0F80C904460876052
S2140342C033803046E1F710F82846E5E72120E3E798
S2140342D038B50446436808460D469847B4F908308F
S2140342E0002B02DB2B78042B06D1002320466360C9
S2140342F0BDE83840E3F772B938BD30B54FF48A5598
S21403430087B0ADF816200DF116041A46029543B190
S21403431000230122CDE90033234600F01EFA07B03E
S21403432030BD019401240094F7E7FFF7EBBEFFF7D7
S214034330BEBE0020704708B500F001FB20B900F0B0
S21403434048FB08B9E0F7C8F9FFF7D2FEBDE8084016
S214034350FFF7DBBE0020E3F7A9BD0021E3F746BE67
S2140343600022E3F705BE1FB5D2880B4612F0200FD6
S2140343704FF6FD7114BF49245224ADF806105105BB
S21403438044BF083CE4B2110544BF083CE4B212043F
S21403439044BF023CE4B2032805D8DFE800F0020F6E
S2140343A0161CADF80630BDF80600FFF789FEFF2899
S2140343B01CBF241AE4B2204604B010BD02AA0DF1B5
S2140343C00601D8B200F079FAEDE7D8B200F047FA62
S2140343D0ADF80600E7E7013CE4B2E4E7F8B50646C5
S2140343E017460D4681B10C78FF2C0BD00846FFF715
S2140343F0D6FEB84228BF3846C4B22246691C701C93
S214034400E7F72AF93470F8BD0C46FBE770B50446A7
S21403441015460E4611B94170017070BD0B78FF2B1F
S21403442005D14B78FF2B02D103704370F5E7304676
S214034430FFF7BAFEA84228BF284685B22A46B11C13
S214034440A01CE7F709F925702D0A6570E5E7F0B5B6
S21403445023B9013A531C2FD1002020E0042AFBD8AD
S21403446000231C46551E6E1C1AD1042A10D00121A7
S214034470D200501E01FA00F020421EBF914049426E
S2140344800C4318421EBF4FF0FF3101FA02F21343EA
S2140344909C421EDCB4BF4FF0FF30002040B2F0BD9C
S2140344A040B1465DEF00BE4034434E5D013DBE4025
S2140344B03343D8E70646F5E78C5C38B90346A34290
S2140344C002F1FF32C6D24FF0FF30E8E7835CA34227
S2140344D0F5D90120E3E7283807288CBF0020012000
S2140344E070471D2810D004D840B11C2804D055208E
S2140344F070471E380128FAD81A2901E00B390F290C
S2140345008CBF5520002070470829F9E700200021BA
S2140345107047F7B59DF820400546082C1046194607
S2140345209DF8246036D8002213462C44AC4208D1AA
S21403453006F0FD04382C0ED10096FFF7E7FF03B014
S214034540F0BD14F8017D1B0243EA12631202BA1887
S21403455043F10003EAE7392E10D107EE100A07EEFF
S214034560902AB4EEE77AF1EE10FACCBF77EE677ACC
S21403457077EEC77A002117EE900AE0E7824273EBE4
S214034580010403D2801A61EB0301D8E7101A63EB28
S2140345900101D4E700200146D1E738B5C3681446C5
S2140345A01944836853F821501AB12846E6F7FEFEED
S2140345B02070284638BD2DE9F3411C4616460DF1FA
S2140345C007029DF82050FFF7E8FF9DF80730804666
S2140345D0A34288BF8DF807409DF807700DB1E41B12
S2140345E0E5B22A4600213046E6F7E4FF3A4641465E
S2140345F07019E7F731F8384602B0BDE8F0812DE9C7
S214034600F3411D46164601AA9DF82040FDF726F8FD
S214034610019B80469D4238BF0195019F04B1EC1B68
S214034620224600213046E6F7C5FF3A464146301992
S214034630E7F712F8F8B202B0BDE8F08173B50024CC
S214034640154601AA1E460194FDF708F8019B072BA1
S2140346500AD92146CCB216B1C4F10704E4B2425CCF
S214034660013108292A55F5D1D8B202B070BD1FB55D
S214034670030A8DF80E300323009303AB8DF80D0069
S21403468000F0BBF805B05DF804FB1FB58DF80F10FE
S2140346900421030A8DF80E30009103AB8DF80D004C
S2140346A000F0ABF805B05DF804FBF0B589B016680A
S2140346B09DF83C50CDF809608DF811305668BDF86A
S2140346C03830012D109FBDF84440CDF80D60ADF88D
S2140346D012308DF8145014D0032D19D13B68CDF841
S2140346E015307B68CDF819309DF848308DF81D30AD
S2140346F016230093BDF84C2002AB00F07EF809B0F9
S214034700F0BD8DF81540240A0F238DF81640F0E708
S2140347100120F4E71FB50446084611461A4602234D
S2140347208DF80D100093214603AB00F066F804B035
S21403473010BD10B514461A460B6886B0CDF80D307A
S2140347404B683421CDF811300A23009303AB8DF860
S214034750154000F052F806B010BD2DE9F041B6B092
S21403476014461D4606460F469DF8F080E3F762FEA4
S21403477003AA8DF80C001046330A8DF80F703F0A13
S2140347808DF80E308DF80D602B468DF810708DF871
S214034790114005EB4405AB4202F102021FD1620051
S2140347A0D2B2931DDBB23D99D8336B44073203F87C
S2140347B0CC8C01EB4805D3B250FA82F2A94202F13F
S2140347C0020212D103EB4803009006213046BDF8DF
S2140347D0F820DBB2E3F738FE36B0BDE8F08133F8F5
S2140347E0021B1171090A5171D5E731F8024B02F821
S2140347F0024C240A02F8014CE0E72DE9F0411C467E
S21403480005460E4617469DF81880E3F713FE2070FC
S21403481043463A46314628460694BDE8F041E3F758
S21403482013BE002070477047D7F776BE70477047B1
S21403483070477047704700207047704770470020E6
S21403484070477047704702F0EEBEFEF774B8FEF787
S21403485057B803F031BAF8F7D7B903F01EBAF8F72A
S21403486091B9F8F7F9B9F8F7B3B9FEF71EB9FEF739
S2140348706DB8FEF77AB8F4F72BBCF4F72FBCF3F752
S2140348808FBBF2F7B1BCF2F7B5BCEFF789B9FEF709
S214034890B7B8FEF77CB8FDF718BFFEF79FB8FEF76C
S2140348A08BB830B4BDF808409DF80C50CDE90245EE
S2140348B030BCFDF729BFFDF796BFF8F73FBBE3F71C
S2140348C013BEF8F705BCF7F751BA70B49DF80C4061
S2140348D0BDF810509DF814600394CDE9045670BCDF
S2140348E0F5F756BA70B49DF80C40BDF810509DF815
S2140348F014600394CDE9045670BCF5F789BAF5F74E
S21403490073BB10B49DF8044001945DF8044BF5F7AF
S214034910C3BA10B49DF8044001945DF8044B01F04B
S21403492073BF01F073BFFDF7A2BFFDF7B2BFFDF77C
S214034930C5BFF1F7C1B9F2F703B8F1F7D5BFF0F782
S214034940E7BF02F09FBAF1F78BBB02F0E1BAF1F7CB
S214034950EBBCF1F7BDB8F1F7F9BFF1F77BBFF1F7A1
S21403496091BFEFF7D1BEFEF7B5B8FEF768B8FEF70E
S2140349707BB8FEF788B800F00BBC00F004BCF7F772
S2140349802BBAF5F735B8F7F705BAF7F72BBBF4F7F5
S214034990FFBFEFF7F1B8F6F721BCFFF745BFFAF70D
S2140349A017BFFEF7E3B8FDF753BFFEF738B801F0BD
S2140349B001BDE3F7F7BCEFF7A3BCEFF79DB901F032
S2140349C09BBF01F06BBFEFF7EBB9EFF729BCEFF72F
S2140349D02DBCEFF759B9E3F701BDE3F713BDE3F7D2
S2140349E0EBBCEFF707B9E3F7F1BCF9F7C9B801F089
S2140349F053BF01F01ABFEFF703B9EFF76BBCEFF73E
S214034A004BB9E3F78FBDE3F787BDF8F7BDBEF9F7FC
S214034A10A9B803F05DBA03F063BAF8F72DBFF9F748
S214034A20A9B800F063B900F0A1B900F0C9B900F065
S214034A30A0BA00F010BB00F079BAE4F769BA00F048
S214034A40E6B900F013BA00F026B810B51C4601F01C
S214034A50C2FD05F00AFF0023C0F340202370400088
S214034A6010BD002208B50B461146FFF7EEFF0238CD
S214034A7018BF012008BD002070477047002070470C
S214034A8070470020704770470E207047012070471C
S214034A9070470120704714220021E6F78BBD70474C
S214034AA070B505460C468AB0252200210DF1030099
S214034AB0E6F780FD6B68CDF81D30AB68CDF8213086
S214034AC0234601AC03F110062246186859680833DA
S214034AD003C2B3421446F7D101236A7B8DF8023032
S214034AE012F0040F0CBF4FF480734FF4A07311073A
S214034AF048BF43F48063ADF80030930748BFBDF862
S214034B000030684644BF43F00803ADF80030F4F7BE
S214034B1079FC0AB070BD30B5427B0D46D10704461A
S214034B208BB007D5407801A9F4F7D2FCD8B12D2075
S214034B300BB030BD9307FAD5C2F3800310074FEAD4
S214034B408313ADF8023044BF43F48063ADF80230FC
S214034B50BDF80220201D0AB10DF1020201A902F0E0
S214034B607FFD0028E3D001AB03CB9DF81430A16092
S214034B702373BDF810306060590642BF627B42F073
S214034B80040262735A0542BF627B42F008026273F4
S214034B901B0742BF637B43F0020363732B4606ACDB
S214034BA00AAD224603CAAA4218605960144603F1A6
S214034BB00803F6D10020BBE7F0B504460D4693B0D4
S214034BC0252200210DF12300E6F7F4FC636804F1C7
S214034BD0040CCDF83D30A36809AECDF841302B4622
S214034BE005F11007324618685968083303C2BB42FA
S214034BF01646F7D105238DF82230637B5B0103F459
S214034C000073ADF820306378FF2B1AD1002360467B
S214034C101A4601A900F0CAF99DF80530FF2B0DD1FD
S214034C20002301A91A46184600F0C0F99DF805307E
S214034C30FF2B03D11C26304613B0F0BD9DF805307C
S214034C4063700020617808AA00F09BFA06460028E5
S214034C50F1D1607801A900F02FFA2B4603AD2A465E
S214034C6018685968083303C2BB421546F7D1637BFD
S214034C706078DB0648BF9DF81C3001A944BF63F08B
S214034C807F038DF81C3000F02EFAD4E710B50446E7
S214034C908AB02422002101A8E6F78CFC637B59071F
S214034CA044BF4022ADF810201A0742BFBDF81020BB
S214034CB042F48062ADF81020DB070FD5607801A9B7
S214034CC0F4F706FC10B12D200AB010BD01AB03CBE0
S214034CD0637B606043F00203A160637304A9201D35
S214034CE002F0C0FC0028EED00020EDE71FB56946B1
S214034CF000F066F8002818BF2D2005B05DF804FB09
S214034D0073B50D4614460646E3F730FD6B881A075F
S214034D101AD522463146102002F085FC2046E3F7DA
S214034D2025FD6B88D90717D50023224601210DF1EF
S214034D3007008DF80730E3F7E5FF6B88002B0CBF01
S214034D402120002002B070BDDE06EAD522460821E7
S214034D50281DE3F7D7FFE1E79A0701D50223E4E727
S214034D605B07EAD50323E0E70F2070471FB50C4621
S214034D70694600F025F8102221466846E6F766FFE6
S214034D80B0FA80F0400904B010BDB8B1B1B14388A1
S214034D90A3B90378013B082B10D8DFE803F0050717
S214034DA0090B0F0F0F0F0D00E3F7AEBEE3F708BFB7
S214034DB0FFF776BEFFF700BFE4F796B821207047EB
S214034DC038B50D4609B300B30378013B082B1AD850
S214034DD0DFE803F0050D1013191919191600E3F788
S214034DE0CBFE0446284602F01EFE204638BDE3F7F7
S214034DF007FFF6E7FFF78FFEF3E7E3F737FFF0E784
S214034E00E4F77CF8EDE72124ECE72124EDE770B521
S214034E1086B0064601A80C461546FFF73CFE04235B
S214034E208DF804301CB12068616802AB03C32946C1
S214034E3001A88DF80560FFF7A8FF06B070BD70B532
S214034E4086B0044601A80D461646FFF724FE032344
S214034E50206861688DF8043002AB8DF8116003C3D7
S214034E60294601A8FFF791FF06B070BD0022FFF7A1
S214034E70E6BF30B5437B044613F001020D468BB004
S214034E8007D0407801A9F4F723FB70B12D200BB0AF
S214034E9030BD9B07FAD5ADF8022001A90DF1020239
S214034EA0043002F0DDFB0028F0D000210E22A81CFF
S214034EB0E6F780FBBDF810302B80039BAB60BDF894
S214034EC01230AB819DF81430237301AB03CB6060C3
S214034ED0A1600020DBE770B5437B0446DB070E4684
S214034EE08AB003D42D2528460AB070BD694640789B
S214034EF000F045F905460028F4D1DDF81D300E22F2
S214034F006360DDF821300146A360637BB01C43F089
S214034F1002036373E6F74EFBBDF80030069A43F0D0
S214034F2004033380059BB2607360DCE70B4610B561
S214034F300446102200211846E6F73CFB2278032A93
S214034F4009D0042A0DD0022A11D101462046BDE815
S214034F501040E4F739B801462046BDE81040FFF795
S214034F6088BF01462046BDE81040FFF7B4BF2620A1
S214034F7010BDF8B5074608460C4616461D46FFF70D
S214034F808AFD04232370637B314643F001032046E6
S214034F9067706373FFF714FF08B12D20F8BD294629
S214034FA02046FFF7C3FF0028F8D0F6E7F8B5054616
S214034FB008460C461F461646FFF76DFD042323706E
S214034FC025B108222946E018E6F746FB637B43F043
S214034FD0020363734EB932460121284600F0DAF81D
S214034FE0FF28607007D12D20F8BD31462046FFF715
S214034FF0E7FE0028F7D1637B43F0010363730DB923
S2140350000020F1E7002FFBD039462046FFF78EFF3E
S214035010F6E7F8B50C460746084616461D46FFF75C
S2140350203AFD03232046394600F8043B0822E6F7F8
S21403503013FB637B314643F0020320466373FFF79B
S214035040BFFE08B12D20F8BD29462046FFF76EFFA8
S2140350500028F8D0F6E7F8B5074608460C46164685
S2140350601D46FFF718FD03232370637B314643F089
S2140350700103204667706373FFF7A2FE08B12D2075
S214035080F8BD29462046FFF751FF0028F8D0F6E77B
S21403509018B18022012100F07DB8FF20704700235D
S2140350A007B51A4619460093F5F714FFB0FA80F0D1
S2140350B0400903B05DF804FB0B4610B519220446FD
S2140350C0FF211846E6F776FA7E2C01468CBF04F5D8
S2140350D0C43004F583304FF01902BDE8104088BF92
S2140350E0AD30D7F7AFBE7E2888BF00F5C4304FF08B
S2140350F0190294BF00F58330AD30D7F7CFBE30B575
S21403510089B00D46FFF7C4FFFF2804460DD001A95A
S214035110FFF7D2FF2868696801AB03C3204601A9DD
S214035120FFF7E1FF002009B030BD2D20FBE77047F5
S21403513070470020704770470F2070470F20704756
S214035140002070470F2070470020704700207047EC
S21403515084B08DE80F00002004B070477047704796
S2140351600020704770470020704770470020704744
S21403517001207047704700207047012070470E20BB
S21403518070470E2070470E20704700207047704708
S2140351900E207047FF207047704770470020704707
S2140351A0704770477047002070477047002070476D
S2140351B000207047002070477047704700207047F4
S2140351C000207047704700207047002070477047E4
S2140351D00020704710B50024E3B210B9C3F10303EF
S2140351E0DBB20134042CCA544FEA1222F4D110BDA8
S2140351F010B50B784C788A78C97828B910462246B9
S214035200044608461946034642EA012043EA0423B5
S21403521043EA004010BD7047E3F78ABF08B5D2F7EC
S214035220ADFA002814BF8620002008BD08B5D2F7C3
S21403523075FC003818BF012008BD08B5D2F72EFC50
S214035240003818BF012008BD08B5D2F7B3FC0038F4
S21403525018BF012008BD08B5E4F74AF8BDE80840C2
S214035260E3F7F8BF70B504460D461646E4F740F874
S2140352700420E3F7E1FF324629462046FFF7DDFF29
S21403528004460220E3F7D8FF204670BD08B5E4F7CE
S2140352902FF8BDE80840D2F7E5BBE4F761BBE4F7B7
S2140352A041BB08B5E4F73EFB20B1BDE8084000204B
S2140352B0E4F776BC112008BD10B5044608B1E4F740
S2140352C051FD2046BDE81040FCF7C8BF10B50446A4
S2140352D0006A10B1616AFFF7EFFF0020C4E9080017
S2140352E010BD38B50546FFF7F1FF2B7E0446012BAC
S2140352F00ED0023B012B0ED8EB69012B18BF6FF0C3
S2140353009604282200212846E6F754F9204638BD9D
S214035310EB69002BF2E76FF09604F2E71822002100
S214035320E6F748B970472DE9F84F9846DDE90B498B
S2140353300D9B15469A0706460F4623D02A460A9B18
S21403534003EB040A1444A24220D10D9B9B0705D508
S214035350A2EB050AD14505EB0A0420D82046BDE892
S214035360F88F434639462020B0470AF1010ACA455A
S2140353700AEB0B02F5D3A9EB04024C4588BF0022C7
S2140353802A44DCE7A246A5EB040BF0E702F1010B87
S214035390434639461AF8010DB0475A46D3E7434603
S2140353A0224639462020B0470AF1010AD2E72DE902
S2140353B0F047DDE90D7616F0020F9DF82880DDE94B
S2140353C00854DDE90BCE1FD106F001094FB1B9F140
S2140353D0000F06D0B8F1000F02D116F00C0F00D064
S2140353E0013F4FF0300A04E0202C04D005F804A057
S2140353F001347445F8D3B9F1000F05D04FF03009E6
S214035400A74201D9202C2DD116F0100F1FD016F469
S214035410806F2CD15CB3744501D0BC4227D1B4F164
S214035420010E23D0BCF1100F46D1023C16F0200F1C
S21403543028D1202C28D04FF0780C05F804C001346E
S214035440202C21D04FF0300C05F804C00134202C5A
S2140354501AD0B8F1000F23D04FF02D0C05F804C076
S214035460013412E005F804900134C9E77446BCF130
S214035470100FDBD0BCF1020FE2D1202C04D04FF08A
S214035480620CDAE7202C08D12024CDE90A76CDE990
S2140354900854BDE8F047FFF746BF4FF0580CCCE77B
S2140354A016F0040F02D04FF02B0CD7E716F0080FB8
S2140354B0EBD04FF0200CD1E7BCF1020F7446C1D1FC
S2140354C0DDE72DE9F04391B0189D1A9E1D9F0DB997
S2140354D027F010077C0500D515B317F0200F14BF6F
S2140354E04FF0410E4FF0610EAC4600250DF120083B
S2140354F0AEF10A0EBCFBF6F906FB19C95FFA89F48E
S214035500B9F1090F94BF30347444E4B2B44508F8D3
S214035510014B05F10105BCFBF6F401D3202D10D198
S2140355201C9C069705941B9CCDE903649DF8644078
S214035530CDE9015408AC0094FFF739FF11B0BDE87C
S214035540F083A446D6E72DE9F04F95B0269ECDE925
S2140355500A23DDE91E74DDE9229B57EA040308BF2C
S21403556026F010067205CDE9080102D557EA0403B2
S21403557037D016F0200F14BF4123612300250DF109
S214035580300AA3F10A0821464A465B463846E5F741
S214035590A5FCD2B2092A94BF303242444F45D2B258
S2140355A074EB0B0405F101050AF8012B01D3202D3A
S2140355B014D1259B06960593249BDDE90801CDE9C6
S2140355C003939DF88030CDE901530CAB0093DDE9DE
S2140355D00A23FFF7ECFE15B0BDE8F08F07460C462E
S2140355E0D1E70025E5E708B100F014B8704710B11D
S2140355F0D1E900311847704738B5441E14F8015FE7
S21403560025B90A2000F006F8284638BD284600F0DB
S21403561001F8F3E701460020FCF7F3BB7047704739
S214035620EDF7BEBE704708B5FCF7BCFBD2F7A6F88D
S214035630BDE80840D4F7B6B9704708B5D2F7E6FB1D
S214035640FBF756F8BDE80840E3F752BE08B5FBF78C
S21403565078FFE4F7BBFBFBF752FEE4F759FFE4F7EA
S21403566045FFE4F7C7FEBDE80840D7F7C5BB08B556
S214035670D5F7DCFBFBF732FED5F7E4FBFBF730FE92
S214035680D9F7CCFDD9F772FED9F77AFFBDE8084003
S214035690D9F798BE70477047E4F7D2BE08B5FCF753
S2140356A0CCFFBDE80840FCF7F7BF704707B50022FC
S2140356B00346114601200092D8F72AFF03B05DF88F
S2140356C004FB07B500920B46027D81898068FDF7CF
S2140356D08CFD003818BF0120C00103B05DF804FB41
S2140356E008B50020E0F79CFA0020E2F72DF800202A
S2140356F0DAF726F90020DAF7BDFB0020DAF7BCFD5F
S2140357000020DBF7A9F80020DBF7D2FD0020DEF748
S21403571001F90020DEF76CFE0020DFF761FCBDE830
S21403572008400020DFF74CBD08B50120FDF73FFA1F
S2140357300120DAF765FABDE808400120DBF78CB8EC
S21403574008B50220E0F760FB0220DFF753FD0220D6
S214035750E2F708FB0220FFF7A2FD0220FDF7C7FCD5
S2140357600220DEF745FEBDE808400220DFF7ECBF67
S214035770DAF78ABBFDF7DBBF7047704770477047A1
S21403578070477047704710B50446DFF7F7FE2046AC
S214035790FDF743FA2046DCF79DF82046DCF7F0FFDA
S2140357A02046BDE81040FDF7D5BCFDF7F0BCFDF77D
S2140357B0FABCDFF71FBC70477047FDF752BA704755
S2140357C07047704770477047704705F014B87047C6
S2140357D07047DFF7A9BC704770477047704770473C
S2140357E07047D0F7C1BBFEF77DBC704700207047FB
S2140357F0FEF77ABCFEF783BC7047431E012B03D922
S214035800031F5842584170470120704700F021BCDF
S2140358104FF4D0720021E5F7CDBE70B50446E7F726
S214035820A1FF0546A8B9A169F1B1238AD3B12046E1
S21403583004F11002E7F744FE38BBE16919B3638A43
S214035840A3B1204604F1120200F0CAFA78B1054665
S21403585003E00023A3612361E36100232846636119
S214035860236270BDA061E8E72082E6E7E361216A70
S2140358700029F2D0A28A002AEFD02046E38ABDE8A8
S214035880704000F06FBA6182F1E76582E561DEE79A
S21403589011B9D0F8DC1021B1CB6813B18B68D88965
S2140358A070474FF6FF707047E7F740B810B50C46E1
S2140358B01146E7F761F8E8F78FFA012801D10020CF
S2140358C010BD002CF7D10520FAE700F0CFB900F0A1
S2140358D0E3B970B500232425D0F8DC00C4689C42E5
S2140358E001D1212070BD826805FB0322D6898E4232
S2140358F002D8128A8A4201D20133F0E70020F1E788
S214035900F8B506460D46E6F7ADFAD8B94FF6FF7377
S2140359104FF0240CEF68C1B28F4208D81C462146CC
S2140359203046E6F755FC00F09AFB2046F8BDAA6819
S2140359300CFB0122D4899C4202D2002CEFD02346D2
S2140359400130E8E70024F0E7C08D70470A7838B5E1
S21403595005461046FFF751FF60B14C782046FFF727
S2140359604CFF38B12243530704D42846BDE83840D9
S214035970E7F74EBA212038BD10B504460878FFF77E
S2140359803CFF58B14A781046FFF737FF30B1042A78
S21403599004D02046BDE81040E7F758BA212010BDD2
S2140359A000F0E8B8E7F7BABD084600F008BBE7F72B
S2140359B0F9B838B504460D4600F08EF850B12946BE
S2140359C02046E6F705FC30B929462046BDE83840B0
S2140359D0E7F7B0B80E2038BD70B516460C4604F08F
S2140359E064FD314605462046EAF792FA0446284601
S2140359F004F056FD204670BD00F032B970B504467B
S214035A0000200E4600F027FBD4F8F0503DB10023EB
S214035A1031462046AC46BDE870401A4660472B46E2
S214035A20012231462046E7F71DFB284670BD38B5F0
S214035A30044648880D4600F00EFBD4F8F0302BB928
S214035A4029462046BDE83840E7F71ABA022038BD93
S214035A5000F003BB00F03CB9E6F73ABFE9F732BA09
S214035A6070B5BDF81060054606B16BB133442846E1
S214035A709BB200F077F9044620B91EB1314628469A
S214035A8000F0ABF9204670BD2124FBE7E8F7A0BD84
S214035A90C0F8EC1000207047E7F72CBC00F05EB9A6
S214035AA010B4BDF8044001945DF8044B00F09FB8B1
S214035AB00B4610B514461846A1689288E5F70AFF08
S214035AC0E168034631B1A0886288121A92B218447C
S214035AD0E5F700FF002010BD0346408A18B1188A78
S214035AE0003818BF012070470846E9F7F7BA00F0F8
S214035AF0ECBA00F0EABAE9F703BD084708B5E6F7DB
S214035B002FFFC0B208BD022A01D800F0E2B9212057
S214035B107047022A01D800F0EDB921207047022A07
S214035B2001D800F0F9B921207047E8F743BA0846D0
S214035B30E8F75EBA00F018BA0020704700207047F6
S214035B407047D0F8943003F06003402B0DD0602BE1
S214035B5003D0203B58425841704749B10B68012B8C
S214035B6006D9486940F00100704740F201107047BB
S214035B7000207047F7B504461046D4E954C7DDE95C
S214035B8008268CEA020587EA06010540194085EADD
S214035B900C057940C4E95451002523F4004106EA74
S214035BA0010320F0010043F40073024043F00203B4
S214035BB0CDE90055EBF776F894F824309A0713D519
S214035BC0D4F854319B050FD54FF48811204600F0C6
S214035BD058FB94F82430024665F3410384F82430D6
S214035BE020460B46E6F790FE002003B0F0BDF0B566
S214035BF087B01C461746BDF830601AB90024204605
S214035C0007B0F0BD002BF9D00029F7D001AAE8F7BA
S214035C10DFFC0028F2D0BDF80630A2199A42BDF880
S214035C200850C4BF9B1B9CB2B54212D90399AD1B47
S214035C30ADB23144A5420391ADF808500DD22A46C1
S214035C403846E5F747FE0499621B7819E5F742FEE6
S214035C50D5E70499761B3144049122463846F5E786
S214035C600846EAF7F5B80220E9F740BC08B5D0F8CD
S214035C70E4304BB11A68022A06D993F825204AB1B4
S214035C80186AB0FBF2F008BD4FF446624C210020C0
S214035C90E6F700FB0020F6E7D0F8E42008B57AB173
S214035CA01368022B0CD9536A13F47F4FC3F30721EF
S214035CB006D0126ADBB253438B42B3FBF1F006D233
S214035CC0002040F67F424C21E6F7E4FA002008BDA8
S214035CD00346D0F830010860B3F8343100208B80D7
S214035CE0704790F830310C2B14BF90F82B00FF2030
S214035CF0704738B50C464FF400610546ECF776F866
S214035D0070B17CB195F81E3173B94FF480724FF4BD
S214035D1080712846ECF756F8003818BF012038BDC6
S214035D202202F4E72246F2E70020F8E74FF48071F8
S214035D30ECF75CB808B54A024FF40071ECF742F88A
S214035D40002008BD08B58A024FF48061ECF73AF8E4
S214035D50002008BD4FF40071ECF748B80623002076
S214035D608B717047B2F5805FF8B50F460646154649
S214035D7019462ED89A422CD33F2A26D9B2FA82F451
S214035D800122C4F11F03DBB29A4092B2AA422CBF8F
S214035D90C4F11904C4F11A04E2B20124931DDBB260
S214035DA09C40A4B2AC4212D096F8F5309BB90120C1
S214035DB096F8243060F3C71386F824303846E8F79D
S214035DC01BFA00203762B582F8BD0022ECE70020FC
S214035DD0EEE72120F8E70E20F6E70846E8F72CBAA8
S214035DE070B505460E46144602B313883F2B1DD9DD
S214035DF0B3FA83F3C3F11901C9B2062901D8192BE3
S214035E0012D0062928BF062101238A1DD2B2934049
S214035E1030462380E8F718FA23882846EE616B821B
S214035E20E8F79CFA002070BD0021EDE72120FAE791
S214035E3010B5144608460121E9F7E0FE2046BDE802
S214035E4010400121E9F7DABEF8B504460E461746B8
S214035E5004F02BFB3A46054631462046EAF78CF912
S214035E600446284604F01CFB2046F8BD0220704773
S214035E7003207047E9F732BB10B50023E7F7B2FDFE
S214035E80044608B9EBF72CF9204610BD704770B5E9
S214035E9005460E46144600F0E3F831462846FFF75B
S214035EA02FFD00F0DDF8230704D50B2C9CBF24F050
S214035EB00804A4B221462846E6F758FD00224FF40C
S214035EC000312846EBF77EFF002070BD8021EBF7FC
S214035ED08DBF7FB5531C05AAADF81410029202219C
S214035EE00022DBB2CDE900211146EBF789FF07B0AC
S214035EF05DF804FB7FB5531C05AAADF81410029297
S214035F0004210222DBB2CDE9002100220121EBF7B6
S214035F1077FF07B05DF804FB1FB5531C0291002200
S214035F200821CDE900210122DBB21146EBF768FF19
S214035F3005B05DF804FB07B591F82830009391F897
S214035F402B3091F8292091F82A10E7F7F9FF03B0D0
S214035F505DF804FB10B50446E6F702FD014620464D
S214035F60BDE81040E6F702BD002914BF212000203B
S214035F70704738B5054610460C46E8F767F8D5B1BE
S214035F80D5F8E030BBB15B69ABB1421ED2B2FD2A95
S214035F9013D90A68013204BF6FF001020A600A6867
S214035FA0FF281A6007D16268013202D16FF001023E
S214035FB0626062685A60002038BD0128F2E738B58F
S214035FC00546EAF701F904460021A878E8F7A6F89B
S214035FD0204638BD2DE9F74F01251C469DF8303085
S214035FE0064601930368174603F0070306339D40EE
S214035FF005F1FF380B46A1B1416804EA080BA5EB8F
S2140360000B0A41F00059524509EB0B0114D95246CD
S2140360101846E5F75FFC49467A1B5A445044E5F7B1
S21403602059FC019B2BB13C4448EA050804EA0804E2
S214036030F46003B0BDE8F08F1846F0E737B50025E7
S21403604014460095FFF7C6FF204603B030BDE7F7BA
S21403605079BE0020704700207047002070477047C5
S214036060704730B549000446056812B102291FD9A6
S2140360700339C90395B9E1B1B1FA81F3C3F120033A
S214036080C3F10F00012838BF012003F01F03D940D6
S214036090A94201D901384908216030BDB5FA85F314
S2140360A039B1B1FA81F29B1A002BE9DC0F20EFE736
S2140360B000210F20F0E7012805D9023818BF4FF05A
S2140360C0FF30C0B270470120704708B5E9F760FBA0
S2140360D0BDE80840E9F784BB38B50446FFF7F5FF8B
S2140360E00546FFF7F2FF431BA342FAD338BD38B584
S2140360F00D460446E9F74CFB35B1844200D9013915
S214036100204601F0030138BD844238BF0131F7E76A
S21403611008B50121FFF7EBFFBDE80840E9F760BBD0
S2140361200B0C23F48053B3F5284FF7B50D468FB207
S214036130064699B216D04AF60103994214D04AF697
S2140361400203994212D0B1F5204F14BF042403244E
S214036150D6F8E0300BB1196851B9D6F8DC3093B9EC
S21403616028680EE00024F3E70124F1E70224EFE7B2
S214036170234668463A46E9F78FFBDDE90003002B22
S214036180EBD103B0F0BD19680029E9D02346684671
S2140361903A46E9F781FBDDE90003002BE0D1F0E79F
S2140361A002F002BB0204C0F3891307D56FEA8353D8
S2140361B06FEA935313F5007F18B206D0A3F1C80015
S2140361C06FF4FF739842B8BF184670474FF03843D2
S2140361D059699A6903F500530A405A6170470E20BD
S2140361E07047EBF771B9EBF76FB9EBF76DB9EBF7F0
S2140361F06BB908B50846EBF78DFD08BDEBF764B938
S2140362000220704702207047002070470120704725
S214036210002070470E20704700207047E7F7DCBD6C
S214036220084611460122FFF741BB70B505460C46EA
S21403623011461A46EBF720FE06682B462046B44660
S214036240BDE87040604710B5EBF716FEBDE810409A
S21403625083681847FFF710BEE7F7E6BCFFF7A9BB4E
S214036260E7F7F0B970B504460D4616464FF48811A5
S21403627000F01CF8324629462046BDE87040E7F792
S21403628005BF38B505460C4604F00FF9D5F890302F
S2140362901C40D5F88C302343C5F88C3004F000F945
S2140362A0211E18BF01210020490238BD38B5044617
S2140362B00D4604F0FAF8D4F890301D40D4F88C302C
S2140362C023EA0505C4F88C5004F0EAF8284638BDDE
S2140362D038B504460D464FF48811FFF7E7FF294605
S2140362E02046BDE83840E7F7F9BE73B50D78064695
S2140362F00C4635B304238DF804302379304601A9C0
S2140363008DF80530FFF738FB0546B8B92278A37930
S21403631052BB8DF80430E379304601A98DF8053079
S214036320FFF714FB054648B923783BB1618830462E
S214036330E6F7A6FF01213046FFF7DBFC284602B04E
S21403634070BD2946FFF7D5FC29463046FFF7F2FC19
S21403635029463046FFF7F6FC2378002BCAD123796B
S2140363608DF804306379C9E702228DF80420D3E759
S214036370FFF7E0BCFFF7EEBC0020704710B50446FD
S214036380EBF714FE21460020ECF764FCBDE8104052
S214036390002000F02BB970470120704708B5EDF7D1
S2140363A087FA80F00100C0B208BD4FF0FF30FFF758
S2140363B09EBB70470020704710B50C4603F036FEB0
S2140363C0048010BD38B50C46154603F02FFE03882F
S2140363D01DB11C43A1B2018038BD23EA040189B272
S2140363E0F9E708B503F022FE008808BD08B503F0F8
S2140363F01DFEC07808BD08B503F018FE008800F03F
S2140364000C0008BD08B503F011FE008800F00C0070
S214036410031F5842584108BD38B5054603F006FE2B
S21403642004462846FFF7EEFF30B904F1100004F0E7
S2140364301CFA00F4406038BD4FF40060FBE738B543
S214036440054603F0F3FD04462846FFF7DBFF014647
S21403645048B910342046042203F028FD2044BDE842
S214036460384004F002BAA08838BD10B50C4603F0D5
S214036470DDFD848010BD38B5054603F0D7FD044620
S2140364802846FFF7BFFF30B904F1100004F0EDF91A
S21403649000F4404038BD4FF40060FBE738B50546CE
S2140364A003F0C4FD04462846FFF7ACFF014648B98F
S2140364B010342046062203F0F9FC2044BDE8384099
S2140364C004F0D3B9A08838BD38B5054603F0AEFD51
S2140364D004462846FFF796FF014608B1201D38BD3F
S2140364E010340622204603F0E1FC2044F7E708B503
S2140364F003F09CFD007A08BD08B503F097FD90F9FC
S214036500090008BD08B503F091FD807A08BD08B5FB
S21403651003F08CFDC06808BD10B50C4603F086FD7D
S214036520047210BD10B50C4603F080FD447210BD16
S21403653010B50C4603F07AFDC46010BD2DE9F84390
S2140365400F468046002107F110001646994603F0D1
S214036550E1FD0446D0B103F069FD0546204603F08D
S21403656081FD002102462846E5F724F8002320464D
S214036570AB7049F00401FFF71FFFA5F804802EB1A6
S2140365803A46314605F11000E5F7A4F92046BDE882
S214036590F883F8B505460F461020002103F0BAFD30
S2140365A00446B0B103F042FD0646204603F05AFD0A
S2140365B0002102463046E4F7FDFF00233946204615
S2140365C0B370FFF7F9FE25B12A460121204603F0F2
S2140365D079FD2046F8BD08B503F028FD103008BD48
S2140365E008B503F03FFD1038C0B208BD0020ECF735
S2140365F059BA08B5ECF7B4FC002008BD4088C0F3D0
S2140366000C000330800840000430704770B50E4617
S21403661005461146304603F07DFD044635B128B1E4
S21403662003F004FD32462946E5F716F8204670BD0A
S2140366300088B0FA80F04009704738B50588002214
S214036640044604F07CF905B1258038BDF8B5074645
S2140366500D4600880021164603F020FDB04204468E
S21403666005D129463846BDE8F840FFF7E6BF0021C6
S214036670204603F013FDB04205D02046002103F068
S2140366800DFD0446F3E72A462046002103F01AFDD3
S21403669032462846BDE8F840002103F013BDF8B59E
S2140366A0058807467DB1CCB22146284603F0F6FCA2
S2140366B08542064609D100233B8000222146304608
S2140366C003F000FD35462846F8BD214603F0E6FCF8
S2140366D021460246284603F0F5FCEEE72DE9F0478F
S2140366E007888246884614465FB3384603F0BAFCEA
S2140366F03D460646E4B22146284603F0CFFC404515
S214036700814616D1214603F0C9FC21460246284697
S21403671003F0D8FC474504D1454508BF0025AAF831
S214036720005000222146404603F0CCFC3046BDE82C
S214036730F0878742FAD003F095FC30444D4686B284
S214036740D9E73E46F2E700220123C0E9002370475B
S214036750F8B504460127002603F0B4FE23683BB9C8
S21403676003F0ABFE00226368012B0ED16360F8BD15
S2140367701D691F61266003F0A0FE012DF2D02B4693
S2140367802D691E61012DFAD1E6E719691A610B46D8
S214036790EAE7036823B94068012803D0EDF728B970
S2140367A0002070474FF0FF307047F8B5054603F0FA
S2140367B077FF012306460027A8602B7303F082FEAB
S2140367C02B6802467BB11C692169A1420CBF2F606E
S2140367D019612761104603F070FE012C08D020468D
S2140367E063689847EAE76C68012C04D103F065FEFA
S2140367F000232B73F8BD6169711AB1F1004FF5D808
S214036800216969602361E5E702207047022070472B
S214036810002070470144884201D10120704710F8D8
S214036820013B9342F7D00020704770B501460646F9
S21403683092B00020EBF7E6FD044670B9FDF7F1FFD2
S214036840054601466A462046ECF722F96A4629467B
S21403685020468DF80260ECF7D1FB204612B070BDDF
S21403686000B593B0FDF7DDFF6A4601460020ECF75E
S2140368700FF99DF9020013B05DF804FB00B593B061
S214036880FDF7CFFF6A4601460020ECF701F99DF8B5
S214036890000013B05DF804FBECF7BEB801207047A8
S2140368A07FB54FF6FF7101AAEDF714FB20B1BDF8D3
S2140368B00C0007B05DF804FB4FF6FF70F9E708B568
S2140368C01046EEF7CDFABDE80840EEF787BB7047F3
S2140368D0704770477047704770477047704738B5C2
S2140368E04FF6FF750D800C46F6F77EFB2080A84218
S2140368F00CBF2D20002038BD002100B593B06A469A
S2140369000846ECF7C5F8BDF8060013B05DF804FBBF
S214036910002110B592B004466A460846ECF7B8F86C
S21403692000216A460846ADF80640ECF767FB12B04E
S21403693010BD002100B593B06A460846ECF7A8F8E8
S214036940BDF8040013B05DF804FB002110B592B047
S21403695004466A460846ECF79BF800216A46084652
S214036960ADF80440ECF74AFB12B010BD70472DE9B2
S214036970F04F87B00C4691460746FFF73CFD0546A9
S214036980661C304603F071FF042D40F090803846B5
S214036990FFF721FE0378092203F00303012B14BF3C
S2140369A00223032301212046039303F07FFA0922DF
S2140369B000210546204603F079FA21788DF8170062
S2140369C001390022204689B2FFF720FE04EB0908AE
S2140369D08346F0B14FF0010A2A460146CDF800A0DF
S2140369E003980DF11703FBF7DDFE0228054626D1B3
S2140369F0584603F037FB00222070C0B2431E0092B5
S214036A009BB252465946304604F028F8237853443E
S214036A1023703846FFF7E5FC020424D498F80130C7
S214036A2021789B071FD50139A1EB09013A46404659
S214036A30C9B2F1F7D3F923781844207013E020B9CC
S214036A402070284607B0BDE8F08F032809D14046DA
S214036A5003F00BFF20F4007189B2404603F007FFF2
S214036A60D7E70428D5D10125002220462178FFF751
S214036A70CDFD07460028E4D04FF000080146434604
S214036A8001224046CDF80080FBF78CFE022819D180
S214036A90384603F0E7FAC2B2013A207093B2394699
S214036AA001223046CDF8008003F0D8FFC9E780F016
S214036AB0800520F0800081B23046C5F3C01503F090
S214036AC0D6FED1E70028BCD12070BAE708B500206F
S214036AD0FFF764FC80F00100C0B208BD0A4608B5A3
S214036AE001460020EDF744FCB0FA80F0400908BDEB
S214036AF00020ECF7B7BB00210846ECF75BB8002094
S214036B00FFF74ABC70B5044603F0AFFE042200212B
S214036B100646204603F0CAF9204403F0A6FE0322E5
S214036B2005460021204603F0C1F9204403F09DFEEC
S214036B304FF6FF730540ADB29D4214D1F30712D54D
S214036B4006220021204603F0B1F9204403F08DFE0F
S214036B500446EDF77FFC844214BF02240624EDF7B7
S214036B6073FC204070BD2046FBF7EDFFC400E4B283
S214036B70F5E708B5FFF7C6FF003818BF012008BDC4
S214036B800120704710B50446FEF71DFB08B9FEF753
S214036B901CFB03050FD40C231B2B01D1002009E09B
S214036BA020FA03F1C90703F1010206D5DBB2E31AA3
S214036BB05842584110BD0B23F9E71346ECE710B5CE
S214036BC00C46098819B90846F7F766FD20800120A8
S214036BD010BD08B510461A4600F08CFABDE808400A
S214036BE003F0E1BD70B504460D46164692B06A46FC
S214036BF0EBF74EFF6A46294620468DF81F60ECF7F2
S214036C00FDF912B070BD10B50C46EDF7FFFF204638
S214036C10BDE81040EDF710BF0129F8B505460C4650
S214036C201DD003291ED0052920D0072922D00026EF
S214036C30002400270120EBF77DFE304485421DDA51
S214036C400320EBF777FE2044854219DA0520EBF79D
S214036C5071FE38448542B4BF07200520F8BD6FF0A7
S214036C600406E5E76FF004040526E2E700266FF066
S214036C700407DFE7002405272646DBE70120EDE7C8
S214036C800320EBE738B14379490023F00C0301F006
S214036C900C010B434371704710B5044678B1417934
S214036CA04088490801F006010131000AFFF7B4FFE6
S214036CB0024601462046FFF7E5FF104610BD0722B1
S214036CC0FBE738B50D46EDF78FFF044608B90020FD
S214036CD038BDFFF7E1FF002DFAD1237913F0070340
S214036CE0F5D0984238BF1846C0B2F1E7EEF78AB936
S214036CF00022EEF7ADBA0021012208B5EEF7A8FA96
S214036D00401A18BF012008BD38B51546FFF7F0FF37
S214036D100446284603F086FE84B1FF2804D0626842
S214036D2022FA00F3DB0701D5012038BD0123834097
S214036D3013436360E3780133E370F5E72046F4E733
S214036D40EEF7E0BC10B503F071F900F1100420462D
S214036D5003F08BFD20F4007189B22046BDE8104095
S214036D6003F085BD2DE9FF411546019101218DF8FC
S214036D700D301B0A8DF80E309DF82C308DF80C0064
S214036D808DF80F3028460423009103AA9DF8288027
S214036D909DF830709DF8346001F016FB044670B120
S214036DA02946FFF762FBB8F1000F02D12046FFF732
S214036DB0C9FF2FB146B93146204601F0D0F800246A
S214036DC0204604B0BDE8F081002220461146EEF7C7
S214036DD01FFCF4E74FF47A70EEF774BD08B5ECF7D2
S214036DE01BFEBDE808400020EEF772BE00B58BB070
S214036DF06846EEF743FD009BBDF8060004A906931C
S214036E00EEF7E2FC0BB05DF804FB1FB504466846DC
S214036E10EEF734FD02AB03CB2060616004B010BD17
S214036E201FB5062304468DF80C30EEF7ABFF0023A0
S214036E308DF80D00CDE9003301210223204603AA75
S214036E4001F0C2FA04B010BD38B500220821054689
S214036E50FFF7E0FC044698B9FFF74EFD22464FF6CF
S214036E60FF71EFF7E7F92846297CEEF761FE287CE9
S214036E706A69E989F0F75CFDEEF7D2FD204638BD76
S214036E800120FCE770B50C4605460120EFF75EFDD2
S214036E90237B4BB1FFF730FD014623462A46BDE868
S214036EA070400120EFF7E4B94FF6FE71F5E7F8B549
S214036EB00E460746FFF78FFB054603F0D6FC00F4A5
S214036EC04040B0F5404F14BF0022062202F10A03E9
S214036ED0EB5C0B325C0004F00E045B08144403F016
S214036EE0380338461C44FFF77BFB844208D2001B5A
S214036EF0C2B20F2A28BF0F2230462919E4F7EAFC4C
S214036F002046F8BDECF788BD40F62740F0F78EBA6A
S214036F10FF224FF6FF71F0F7BDBB07B500210DF159
S214036F200700F0F7EFFC9DF8070003B05DF804FBDD
S214036F3013B5044601A90020F0F7E4FC019A0146C4
S214036F402046F0F7F5FC204602B010BDF0B50F461C
S214036F50002187B0044608461646F0F7D3FC012303
S214036F6005460DF10A008DF808408DF80930FFF745
S214036F704CFF092C1DD131460DF1120003F077FCAE
S214036F8005AB002102AA9B1A2846CDE90011DBB205
S214036F90642101F019FA0546E0B1092C15D1F0F782
S214036FA011FD044688B12846F0F720FD204607B0B9
S214036FB0F0BD31460DF113008DF812704FF6FF75D4
S214036FC003F055FC0DF11503DBE7284600F014F833
S214036FD00446EBE70446E9E738B504460D4603F0F6
S214036FE03BFD40B1AC4206D0204603F02CFDBDE885
S214036FF0384000F0ACBF38BD10B50446FFF7EBFAD7
S214037000023003F032FC4FF6F7739842204603D95A
S214037010BDE81040F0F764BEF0F7A4FEB0FA80F0C7
S214037020400910BD012070470022F0F791BD70B5EE
S21403703004460088FFF7CFFA0546043003F015FC34
S2140370400646A81C03F011FC054603F024FB304655
S214037050F2F76EF830B92846F2F76AF810B1284608
S21403706003F0FAFCA378002023F00F03A37070BD8F
S21403707070B50546FFF7AFFA0646284601F0C8F98D
S21403708001462846F7F73CFF04462846FFF7D7F99C
S2140370904FF6F773984208D8337803F00303012BAF
S2140370A005D1A31E5842584170BD0120FCE70020BD
S2140370B0FAE741F2033330B585B00D46ADF8083034
S2140370C00446FFF719FC8DF80A00FFF715FC0021AC
S2140370D0000A8DF80B0005232046CDE9001102AA0D
S2140370E08DF80C5001F070F910B12146FFF79CFFA4
S2140370F005B030BD2DE9F041044617460D46E1B113
S2140371003F294FF0000600D135462046FFF773F9B6
S214037110082814D10121204602F0C0FF064602F0DB
S214037120A1FF0446304602F081FF3B4601462A464D
S214037130E0B2BDE8F041FDF718BC0126E5E72046BE
S214037140FFF759F9024630B9BDE8F0414FF6FF7133
S214037150012003F053BB2046FFF75EF9B0F5006F3E
S2140371600ED12046FFF76BF94FF6FF7398420146A0
S21403717017D0002D0CBF03200520002203F03EFB92
S21403718029462046EEF7FCFA68B929462046F1F769
S2140371906DFF40B9324629462046BDE8F041F0F778
S2140371A025BF0120E9E7BDE8F0817047704737B592
S2140371B04FF6F675FDF738FB431E9BB2AB4204460B
S2140371C0F8D8EDF711FD0028F4D169462046EDF70F
S2140371D02DF80028EED0204600F09AFE0028E9D1CC
S2140371E02046FFF788FD0028E4D12046F1F7A0FFEC
S2140371F00028DFD1204603F02FFC0028DAD12046F2
S214037200FDF71DFB0028D5D1204603B030BD73B56E
S21403721004460E46F1F78CFF054688B92046F1F77B
S214037220E1FF21462B460D224FF6FD70009500F038
S214037230A1F83146204602B0BDE87040F1F794BF8E
S21403724002B070BDF7B504460D461746FFF754FB6C
S2140372500646002D3FD04FF6FB739C423BD8204694
S214037260F1F766FF08B1A64235D02046F1F760FF76
S21403727010B1012003B0F0BD2046FDF7E0FAC0B11F
S214037280A642F6D0F4B169462046ECF7CFFF024695
S214037290C0B908216846FFF7BDFA98B908226946BF
S2140372A02846E4F7D3FC68B129462046FFF7AFFF2C
S2140372B0DFE7A642E6D12846EDF726F810B900F038
S2140372C03DFED6E73FB121462846EDF733FE21467D
S2140372D02846F5F76FFE0020CCE737B5054614467B
S2140372E00C2914D8DFE801F02C132C1313130713FF
S2140372F01313132424006946ECF798FF18B90121E9
S2140373006846F5F755FF41202946F8F775FAD4B1D4
S2140373102046FFF760F9023003F0A7FA4FF6F7733B
S214037320984210D9204603B0BDE83040F0F78EBD32
S21403733040F6144040F613430B2908BF1846E3E70C
S21403734000F0EDFDE3E703B030BD1FB50346084686
S21403735003218DF80D308DF80C1001230021ADF8B4
S2140373600E20CDE9003103AA042301F02DF805B061
S2140373705DF804FB2DE9F34106460F4614461D4609
S2140373809DF82080FFF7B8FAB04207D100222146C5
S214037390384602B0BDE8F041FFF79FBF3A46314694
S2140373A02046FFF7D2FFADF8060060B10D2C05D1DD
S2140373B000224FF6FF71282003F020FA35B9BDF8F6
S2140373C00600FFF719FE02B0BDE8F081012342462E
S2140373D029460DF10600ECF773FABDF80630002BCC
S2140373E0EDD1F0E7F7B50C460546FFF7F4F8611C58
S2140373F006462846F7F784FDA11C0746284600F0F4
S2140374002AFF014604463846FDF747FA0D2F34D1C6
S2140374102046F1F78DFE78B1301D03F026FA0446B8
S2140374202846F679FFF73AF831460246204603B077
S214037430BDE8F040FFF768BCB01C03F016FA4FF641
S214037440F773984202D92846F0F700FD2046F1F775
S214037450C9FEFFF751FAA04205D1002003B0BDE8EC
S214037460F040FFF7A2BE6B46B068F16803C36946F7
S2140374702046F1F779FE03B0F0BD2A46394620468A
S21403748003B0BDE8F040FFF728BF14220021E4F75D
S21403749091B82DE9F04F11F00F0704460E46154636
S2140374A08FB05CD10120E1F703FD09A8FDF7F3FADD
S2140374B0092309A88DF82430FDF7F1FA09A8E1F7A6
S2140374C0C9FC01A909A8FDF77BFC26F00F08A84410
S2140374D004F1100904F10F0A454511D1236901A9E6
S2140374E03344236109A8FDF750FC0020E1F7E0FCD4
S2140374F0B6F1005F28BF272738460FB0BDE8F08FE8
S21403750005AA234696469446186859680833ACE895
S21403751003004B456246F6D12B46224605F1100B77
S21403752053F8041B5B4542F8041BF9D1714609A8BE
S214037530FDF72BFC09A8E1F78DFC22462146012026
S214037540E1F772FC013D631E13F8012F15F8011FC6
S214037550534582EA01021A70F6D15D46BCE702275C
S214037560CAE7F0B5174685B005460C46102200213B
S2140375706846E4F71FF8BFB3C4B30F2C04F00F0636
S21403758008D924F00F043A4621462846FFF781FF20
S21403759040BB2744324639466846E4F79BF98022C7
S2140375A02F6906F1100337446B44B7F5005F03F801
S2140375B0102C2F61C6F110061AD3062E1FDDFB0012
S2140375C01A0E8DF80A201A0C5BBA8DF80B20ADF84C
S2140375D00C306A4610212846FFF75BFF00202B6914
S2140375E0103B2B6105B0F0BD3E46D8E72646D6E7EE
S2140375F0022E04DDFB005BBAADF80E30E9E76A46FF
S21403760010212846FFF745FF2B691022A3F110042B
S214037610002168462C61E3F7CDFFB7F5005F4FEA1C
S214037620C403CDD2E7E770B50E46054686B001A87B
S2140376301446FFF72AFF3246294601A8FFF791FFB3
S2140376402246054601AB05AE1C4603CCB442106089
S2140376505160234602F10802F6D1284606B070BDF3
S214037660F1F718BE0A460021F1F714BEF0B58BB049
S2140376700C4601A9F1F70EFE054680B3252200212C
S214037680E01CE3F797FF0123A3700E23BDF81070E9
S2140376902380FA0510D523464FF4877206AE23F8E7
S2140376A0042B0DF1280C324603CA62451860596054
S2140376B0164603F10803F6D13B0605D5238843F0A7
S2140376C080032380069B636001AB03CB039BC4F854
S2140376D01D00C4F82110A361F2F7C0FF60612846BD
S2140376E00BB0F0BD30B505460C4687B001A8FDF7D4
S2140376F0D2F92868696802AB03C39DF8113043F0DA
S21403770002028DF8112074B12288510644BF43F05B
S21403771006038DF81130530542BF9DF8113043F030
S21403772008038DF8113001A8FDF7B0FAB0FA80F01F
S214037730400907B030BD2DE9F3410F46054616460E
S21403774002F090FC4FF00008C41BE4B2294623461F
S2140377503A463046CDF8008003F080F901212846EA
S21403776002F09CFC88B10121284602F097FC0746EC
S21403777002F078FC0546C3B2424630193946CDF8C6
S214037780008003F06BF92544ECB2204602B0BDE856
S214037790F0812DE9F04F85B00C46054691461F460D
S2140377A04FF0010ADDF838809DF83CB002F05AFC31
S2140377B022463B4629460646CDF800A0484603F037
S2140377C04DF95146284602F069FC3C4418B351462D
S2140377D0284602F063FCF6B2B442814610DAE7B2FA
S2140377E0F31BDBB2404622462946CDF800A003939E
S2140377F05F4403F033F9039BBF1B984407F0FF0B6A
S214037800012300220E9349465B46404605B0BDE879
S214037810F04F03F023B95B4622462946CDF838A03D
S214037820F3E72DE9F041002686B0074608460C46E6
S21403783015469846CDE9026604968DF8146002F064
S21403784011FC411BCBB20D2B28BF0D232A46214624
S214037850009602A803F002F9424602A93846F1F759
S2140378606FFE0646294620469DF80820F7F75CFB80
S214037870304606B0BDE8F0812DE9F04F0E46CBB09A
S2140378800121054617461C4602F008FC23463A46E5
S2140378902946814606A8FFF7C4FF0DF1280A00EB28
S2140378A0070B5246314628465FFA8BFBFFF743FF2A
S2140378B0B34503D200204BB0BDE8F08FABEB060810
S2140378C05FFA88F808F104039842F3DB331F184481
S2140378D00423C4B20193A31BDBB200935246434670
S2140378E00021CDF808A006A8E1F752FA0028E1D156
S2140378F0A4EB0B040AEB0803E4B2524628463146CF
S214037900009301944346FFF744FF39462846F7F7AA
S214037910F7FA394600F0F8022846F7F705FB012187
S214037920284602F0BBFB002818BF4D462846ADF894
S214037930165002F097FB011FC9B20DF1160000F0B6
S2140379404FFC0120B7E72DE9D841064600F060FD5D
S214037950411C044689B2304600F02DFD98B394B31B
S21403796021463046F7F7CCFA00F00C03042B074603
S21403797029D000F00308B8F1020F00D11BBB38462C
S21403798000F0B0FD3B060444A4B216D5611C304695
S21403799089B200F010FDB0B121463046F7F7B0FAD1
S2140379A0B8F1010F014600F003030CD0032B0AD0F5
S2140379B0384600F0A6FD03199CB221463046BDE8C2
S2140379C0D84100F0F8BC0020BDE8D881F8B50646DB
S2140379D000F0E0FC054604463046FEF7FCFD43781F
S2140379E05B0718D5AC1CA4B22146304600F0E3FC76
S2140379F0B8B129463046F7F783FA0746691C30467E
S214037A0089B2F7F77DFA1FB1874201D8FF2808D15C
S214037A1004EB4704A4B221463046BDE8F84000F024
S214037A20CABC0020F8BD13B5044601A8F1F7E0FF71
S214037A30BDF80430DA0710D49B0707D410220021C0
S214037A40204602B0BDE81040E3F7B4BD2246214607
S214037A501020FFF7E8FD0028F0D102B010BD024663
S214037A6008B5F1F7EDFF510544BF0838C0B213055A
S214037A7044BF0838C0B208BDF0B5D30705460C4668
S214037A808BB04AD5008800F0C3FC00230646029359
S214037A9014B9CDE9034403AC002208212046FEF7BF
S214037AA0B9FEA8B12888FEF796FD023002F0DDFE87
S214037AB021460746ECF7BAFB50B100224023114695
S214037AC0384600F005FA40F6094528460BB0F0BDE7
S214037AD031462888F7F714FA10F0030F0CBF012677
S214037AE00026F1F71BFC46EA4000C0B200900021D6
S214037AF0204602AB05AAF3F7EDF90546F1F70EFCAF
S214037B000028E2D0002DE0D000212046009602ABEC
S214037B1005AAF3F7DFF90546D7E740F60A45D4E7A3
S214037B2000231A46F3F742B930B58BB005AD0446C9
S214037B302846FCF7B0FF0223284601A98DF8143027
S214037B40FDF73EF9234601AA144603CCAC4218605F
S214037B505960224603F10803F6D10BB030BD08B5D1
S214037B600023024619461846F3F720F9012008BDFC
S214037B7037B504466846F3F791F9054648B1082237
S214037B8021466846E4F762F8B0FA80F0400903B08D
S214037B9030BDFF2208212046FEF73CFE034628B1EF
S214037BA006212846FFF7BCFF0120F0E722460146E0
S214037BB0F3F7FCF8F8E707B56846F3F76FF910B183
S214037BC06846FDF76CFA00F0010003B05DF804FBAD
S214037BD00120F3F739BE704730B50124054689B056
S214037BE003A8FCF758FF01A88DF80C40E1F790F9BD
S214037BF09DF806209DF80730AA4209D0AB4209D16A
S214037C0003A88DF80D40E1F725F9012009B030BD32
S214037C100024F5E70020F9E700221021FEF7FABD5D
S214037C2070477FB50D4600F582300D22694600F594
S214037C308070D5F707F96B462A4602AE1C4603CC7E
S214037C40B44210605160234602F10802F6D1206860
S214037C5010602379137100236B7304B070BDF0B505
S214037C6085B06A4605460B46164601F108071446D4
S214037C7018685968083303C4BB422246F7D118680C
S214037C800D2220601B7905F582303146237100F5FD
S214037C908070D5F703F905B0F0BD38B504460D4638
S214037CA0E0F728FCA04205D920462946FFF7B9FF8E
S214037CB0002038BD2820FCE730B5002485B08DF8B9
S214037CC00040E0F717FCE5B2A84204D8F5F7D4F86D
S214037CD0002005B030BD69462846FFF7C0FF0134D3
S214037CE0EFE738B50446002002F0ABFEFF28054652
S214037CF00FD002F0AEFE10F0010009D0284602F0C5
S214037D00A8FE400840EAC17080F0010000F00100C0
S214037D1038BD04F00100FBE70146F8B5064600202F
S214037D20F4F7E4FFFF2801D00120F8BDE0F7D2FB0B
S214037D3000240546871CE0F7D1FBE3B2984201D83E
S214037D400020F2E735F82430B34203D117F8243085
S214037D50002BE9D10134EEE738B50D460121044680
S214037D6002F09CF930B10121204602F097F92880F1
S214037D70012038BD20462C8000F020FC0130C0B224
S214037D80F7E72DE9F04788B00746894610460DF118
S214037D900A011D469046FFF7DFFF4FF0000ABDF8C5
S214037DA00A6004463046CDE905AACDF81BA002F0CA
S214037DB059F9031BDBB20B2B28BF0B232246314694
S214037DC0CDF800A005A802F049FE48F21F039D4225
S214037DD043D00BD885F40043012B15D923464246DE
S214037DE0494628460097FDF7A7F933E048F23A03D9
S214037DF09D42F3D1FEF780FDB8422BD02246414682
S214037E0005A8FDF7CAF925E09DF8143013BBBDF8A5
S214037E101D40DDF81500DDF8191003AB03C320463B
S214037E2003A9E0F75BFD0122204603A9FFF70AFA40
S214037E30A74206460ED0012103A8F5F7B9F948F282
S214037E4001039D4206D12EB93346324639462046B3
S214037E5000F058FC08B0BDE8F0879DF81450002DDC
S214037E60F8D12F469DF815800234EAB24245F1D286
S214037E70D200D2B222440823314692B2009703A816
S214037E80CDE9037702F0EAFD03A800F074F802F0E8
S214037E90DAFD00F05CF80135E7E710B50024418011
S214037EA084800480C280038110BD13B5BDF81040E2
S214037EB0CDE900340023F5F749FC02B010BD13B535
S214037EC0BDF8104001900094F5F740FC02B010BDD9
S214037ED007B500930123FFF7F2FF03B05DF804FB39
S214037EE00123F5F7D9BC38B50546EFF76BFD044615
S214037EF0E0F70CFBA40144EA4020284038BD704755
S214037F00704700207047FF20704700207047704777
S214037F10002070474FF6FF70704700207047704789
S214037F200020704770470020704770470020704756
S214037F3000207047704770470020704770477047AF
S214037F40002070474FF6FF70704717207047704742
S214037F50704770477047704770470120704701208D
S214037F60704700207047002070477047704770477F
S214037F704FF6FF7070474FF6FF707047002070474C
S214037F8000207047002070477047002070472DE997
S214037F90F04F002785B081460C467E20394698462A
S214037FA0BDF83CB09DF844A0BDF84C500192ADF826
S214037FB00E7002F0AFF80646002800F0AA8002F022
S214037FC035F839467E22E3F7F5FA304602F02EF806
S214037FD00090304602F02AF8B9F1FF0F0CBF27468F
S214037FE044F003073B0A14F44062077043705FD102
S214037FF04FF00808C31C184642460199E3F72CFBCA
S214038000034604F44044434484B1790606D419462F
S2140380104FEA1B2201F802BB5A700B46B4F5004F19
S21403802056D0A4F5404254425441E4002246184632
S2140380300E99E3F711FB009A03462044A0EB0208CF
S2140380405FFA88F89DB14FF47C521A53841C284675
S21403805001F0ECFF8346284602F004F8C5B22A4630
S21403806059462046E3F736FC60190235EDB2B9F1FE
S214038070FF0F2FD05246109900F8019BE3F72AFC16
S21403808008F101015AFA81F129443046EBF7AEFBB9
S2140380900C210022FF0007F0800710463943FEF745
S2140380A078FAADF80E00E8B9002005B0BDE8F08F09
S2140380B0B2F5006F80F803804FEA182880F8048032
S2140380C000F1050314BF4FF008084FF0020892E7CB
S2140380D00224ABE708EB0A0129443046EBF786FB9C
S2140380E00821D6E7304601F0A1FF0446304601F0EA
S2140380F0B9FF0123024621460DF10E00EBF7E0FB24
S2140381000028D1D10121BDF84820BDF80E0001F0AA
S214038110D9FFBDF80E00C8E710B50C46098821B98B
S2140381200846F6F7B9FA208008B1012010BD0220F0
S214038130FCE72DE9F04780460F460646002402F189
S214038140FF39BC4202D219F8015F25B9A6EB080035
S21403815080B2BDE8F0879A46A5F13102012A5AF8A3
S214038160041B10D83246322D02F8011B06D1013407
S214038170A4B2A74232D30912B21C7170013453461B
S2140381801646A4B2DDE7342D0CD10334BC42DDDA47
S2140381900B0A317073700B0C090EB370321DF1703D
S2140381A0A4B2EBE7A5F13302062A0DD8303DADB2F3
S2140381B02B19BB42CADA2A463046013CE3F74CFA8F
S2140381C015FA84F47219EBE7A5F14102062A01D8E1
S2140381D0373DECE79D8803F1080AE9E71646B5E75D
S2140381E070B5054600880C4601F03CFFA04228887F
S2140381F00AD201F037FF0023221A19462846BDE8A3
S214038200704092B2EBF75CBB2146EBF7EFFA002027
S21403821070BD38B5054601F009FF0446284601F04F
S21403822021FF002201462046BDE83840FEF7EEB99E
S214038230F8B516460C461D46BDF8187001F0F6FE56
S2140382400444304601F0F2FE3A4641192046BDE8A2
S214038250F840E3F701BA70B50C46013189B2064619
S214038260F6F74EFE214605463046F6F749FE00EB86
S214038270052080B270BD1FB50123ADF80C20009316
S2140382800A460223014603A802F0E8FB05B05DF8A0
S21403829004FB0FB437B5069D0021A8B201F03AFFE0
S2140382A0044601F0C3FE2CB1002207AB0193D1B202
S2140382B08D4205D8204603B0BDE8304004B0704771
S2140382C053F8041B81540132F1E773B504460D4697
S2140382D040200021164601F01DFFADF8060001F010
S2140382E0A5FEBDF8063013B9002002B070BD4021CC
S2140382F033462A462044FFF71CFF211889B20DF1A6
S2140383000600FFF76DFF0028EED1BDF80600ECE788
S2140383100EB403B503AA52F8041B0192FFF7D5FF68
S21403832002B05DF804EB03B070472DE9F7430F4640
S21403833001218146164601F0B1FE054658B1FFF706
S21403834068FF308088B9284601F08CFE68B1192092
S21403835003B0BDE8F083484601F084FEFF2FA0EB90
S2140383600704E4B214D014B934800020F0E72A4698
S21403837021462846FEF74AF980460028E7D03B46C2
S2140383804A4629460094FFF753FFA6F80080ECE719
S2140383900120DDE708B5FEF71EF9437803F0010078
S2140383A01A074CBF10300830DB0644BF0830C0B293
S2140383B01030C0B208BD10B50C4601F053FEA04203
S2140383C034BF0020012010BD7FB51446009102463D
S2140383D041F2092141F609209DF820601D46002E32
S2140383E018BF0146099B0020F6F7B2FDADF80E0054
S2140383F010B9002004B070BD01232A4621460DF1B2
S2140384000E00EBF75DFA0028F3D1BDF80E00F1E796
S21403841038B50546FFF7BEFF0446284601F022FEA0
S214038420631C9BB283420FD82846FEF7D4F84378E2
S2140384305B0707D521462846F6F762FD013004EBB5
S2140384404004E4B2204638BD0024FBE71FB5ADF870
S2140384500E0001F007FE0446BDF80E00FFF7D8FF36
S21403846000F10E03DBB2BDF80E200146E01A80B21F
S21403847000901046FFF7DCFEA4F10E0189B20DF161
S2140384800E00FFF7ADFE04B010BD4278034612F0AF
S214038490080006D0D20702D403F10800704703F1A0
S2140384A00900704737B505460C46FEF794F843783F
S2140384B013F0100212D09CB103F001021B074FF019
S2140384C000032946009320464FF0080354BF183292
S2140384D0203202F0C3FA012003B030BD1046FBE79A
S2140384E02046F9E700F00303012B08D0C30606D4A1
S2140384F000F00C000C2814BF082009207047022047
S2140385007047034611F0030005D003F00303022B64
S21403851014BF022003207047F8B50C46064601F048
S214038520A1FD631C834202D900252846F8BD2146D7
S2140385303046F6F7E5FC0746FFF7D4FF3B0605464D
S214038540F3D50444304601F08DFDA4B2631C9BB200
S2140385508342E9D821463046F6F7D2FC0146384630
S214038560FFF7CFFF2844C5B2DFE770B506460D46D2
S214038570FFF7D2FF044610B90024204670BD2946F3
S2140385803046F6F7BDFC8206F7D5304601F06AFDA5
S2140385902544ADB26B1C9BB28342EDD829463046C8
S2140385A0F6F7AEFC00F01803082B14BF05340634A8
S2140385B0E4B2830644BF0834E4B2DEE738B50546C2
S2140385C0FFF726FF044608B9002038BD01462846B3
S2140385D0FFF7CBFF0028F7D02044C0B2F5E72DE91C
S2140385E0F04387B005460C46FDF7F5FF804602F0DC
S2140385F03CF907462846FFF70BFF06460146284682
S214038600FFF78AFF0022034600922946324602A855
S21403861002F024FA9DF8086006F00C030C2B06F013
S21403862003090BD0B9F1010F59D0F10657D49DF8C1
S21403863009300DF10A050020637107E0FF230DF1F1
S2140386400900637102F011F90DF10B05208198F80A
S2140386500130DA0704D508F1020002F006F920819A
S214038660B9F1010F5FFA89F83DD0F3063BD42846EB
S21403867002F0FBF86080A81C02F0F7F8053515F841
S214038680013C208023712B78B006A37206F04003CA
S21403869048BF43F02003390627D543F40073F80494
S2140386A048BF43F48063390548BF43F4006332068A
S2140386B0E38011D56A7812F003020DD06FEA4343C4
S2140386C06FEA5343A978B8F1020FE3800B4611D142
S2140386D0EB7841EA0321218107B0BDE8F083FF234D
S2140386E00DF10905A7E7FF23CCE77A0648BF43F455
S2140386F08073D4E7012A04BF0B029BB22381EBE706
S214038700F7F7D8B80BB1F7F741B90AB9F7F7BAB91B
S214038710FF21F7F7E3B8431C08BF0020E4F700BACD
S214038720034B5868C0F30800003818BF0120704791
S21403873000ED00E0014B1868704700BFF0640020AE
S214038740084B1B6F03F00703022B04D0032B05D043
S214038750012B05D0FEE7044B18687047034BFBE775
S2140387600348704700800050F0640020F86400203F
S214038770002D310108B5FFF7E3FF054B1B6FC3F36D
S21403878001330133B0FBF3F0024B186008BD00BFA2
S21403879000800050EC6400200048704700B4C40416
S2140387A000487047002D3101014B1868704700BF21
S2140387B0F8640020174A9368C3F304430C2B0AD8C3
S2140387C0DFE803F00B0909090909072119091B1D2D
S2140387D01F001148704700207047936803F04073EA
S2140387E0B3F1807F11D0B3F1007F10D0002B0B487C
S2140387F018BF002070470A4870470A4870470A485F
S21403880070470A4870470A4870470A4870470A483C
S214038810704700BF0040015A405DC60000093D0096
S214038820C0EA210180BA8C010048E801005A6202BE
S2140388300024F40080841E0040420F00014B186899
S214038840704700BFF464002007B500F065FC6A4675
S21403885000F0C2FC18B14721034801F028FFDDE908
S214038860000103B05DF804FBBBB303000229F8B5AF
S21403887096BF104B00245C5C012805460E4608D0C4
S214038880022809D008B944F002040B4B1F6837B915
S214038890F8BD44F00804F8E744F02004F5E77B68E5
S2140388A01A68144203D0314628465B6898473F68E7
S2140388B0EDE700BF2E4E0400503C002038B5104DA7
S2140388C02B78ABB10F4C23781BB100F031FA0023A1
S2140388D02370002001F0FEFE0B4C50B100F07AFA34
S2140388E00023012120782B70FFF7C0FF012323709C
S2140388F038BD0122054B1A702278054B1A70F7E72C
S2140389000D5B00200B5B0020125B00200E5B00203B
S2140389100F5B00200E490B78FF2B01D198B17047EF
S2140389200BB990B97047002814BF0122FF221344E5
S2140389300B7060B1074B1B78012B08D9064B1B78CD
S2140389402BB9FFF7BBBF1A46F1E70122EFE77047E3
S214038950115B0020125B00200E5B002010B501F0B7
S214038960A4FD064B04461B781BB1BDE8104001F07E
S21403897097BDFFF7A3FF2046F7E700BF0A5B00207B
S21403898002282DE9F04147D029480378FF2B41D12F
S214038990002941D11A461344DBB2037000293BD0A9
S2140389A0244E3278012A37D9002B3ED001F07DFDC4
S2140389B0214F04463B780BB3204D2B781BB901227D
S2140389C02A701F4A1370DFF87C8098F8003023B1B2
S2140389D000F0AEF9002388F80030204601F060FD71
S2140389E0012001F077FE01F060FD2B7804461BB1F1
S2140389F000F0F0F900232B7000233B70204601F0B3
S214038A004FFD01243078A04206D02146FFF72EFF03
S214038A10347001E013B931B9BDE8F081002914BF01
S214038A200122FF22B7E70122B5E70224EAE700BFE7
S214038A30115B0020125B00200D5B00200A5B002008
S214038A400E5B00200B5B00202DE9F04385B0EFF3AF
S214038A50108572B6AFF3008001F011FF002800F016
S214038A609280624E624F337823B10020FFF752FFA5
S214038A7000233370387878B903A900F01DFB044649
S214038A8050B95C4B039A1B689A4200F2848001201B
S214038A90FFF740FF012333703B78002B40F09980AB
S214038AA0554B1B78002B00F091804FF00208534C77
S214038AB0DFF868912078404507D099F8003013B95D
S214038AC04146FFF7D3FE84F80080B8F1020F0FD1BA
S214038AD0DFF8248198F8003053B9494B1B7823B943
S214038AE000F020F90122474B1A70012388F8003062
S214038AF0207800F0F7F899F8003013B1424B1B7852
S214038B002370AFF30080284601F0DFFDEFF31085F6
S214038B1072B63E4B1A7852B100221A703A4B20783E
S214038B201B78984203D101212170FFF79FFE384836
S214038B3000F082FA01F0B7FE8046002893D12E4F4C
S214038B403B789BB189F80000DFF8B89099F80030BD
S214038B501BB100F0EDF889F80080002001F0BAFDA3
S214038B60002839D000F036F900233B70337823B160
S214038B700020FFF7CFFE0023337000212078FFF795
S214038B8075FE00232370AFF30080284605B0BDE8CA
S214038B90F04301F09ABD1F4BD3F8008000F048F96C
S214038BA0039B80449845BFF472AF00F03BF9820004
S214038BB0039942F0020292B2CDE900422346164AD6
S214038BC0A1EB0801124801F087FD65E700F09CF869
S214038BD06BE74FF001086AE7012000F083F82846A8
S214038BE001F073FDEFF3108572B6B6E70C5B002059
S214038BF0115B0020583C00200D5B0020125B002018
S214038C00105B00200B5B00200F5B0020085B00203E
S214038C105C3C0020543C00205D8903000E5B002072
S214038C2010B501F042FC0022054B1C781A7001F0C7
S214038C3037FC00F005FBE4B22043C0B210BD00BF12
S214038C40095B002038B501F030FC094B05461B785C
S214038C50012B04D801F024FC0024204638BD054B24
S214038C601C6800F0E5F80444284601F019FCF4E714
S214038C70125B0020543C00201549164A0B6F10B5B2
S214038C8003F007031360144A144C9269032B02F093
S214038C900200C2F34002227017D0D1F8203103F04D
S214038CA00703022B11D0D1F8803203F001030C4ADC
S214038CB0137048B143B9064BD3F8003103F00303EE
S214038CC0591E4B424B41137010BD0123EFE700BF03
S214038CD000800050B83C002000C00150175B002005
S214038CE0185B0020012805D00238012808D8002088
S214038CF0D1F7B2BB034A136923F00403136130BFF1
S214038D00704700BF00ED00E0044B054AD3F820315E
S214038D1003F007031360F8F7F0B900BF00800050B4
S214038D20C03C00200122014B1A707047165B0020DE
S214038D30F8B51F4B1B78002B39D01E4C2378B3B9DC
S214038D401D4B9A6DD10302D5DA6D92072FD49B6D16
S214038D50DB072CD401F003FD184B194A1860136F78
S214038D6023F0070343F003031367FFF703FD01F044
S214038D70F6FC124B134D1B68134EC01A2B78134F79
S214038D8056F8232046F82300111A3A681048521A58
S214038D900A213A600932B2FBF1F20133DBB2026018
S214038DA0B3FBF1F201FB12332B7000232370F8BDE3
S214038DB0185B0020155B002000C00050B03C00206C
S214038DC000800050145B0020883C0020843C002078
S214038DD0803C002008B5F8F791F90D4A0D49136F4A
S214038DE0096823F007030B4313670B49D2F82031B6
S214038DF0096823F007030B43C2F82031074B1B789F
S214038E0013B10122064B9A62BDE80840FFF7B2BCD5
S214038E1000800050B83C0020C03C0020185B0020B7
S214038E2000E00050014B1878704700BF185B002025
S214038E30054B187818B1054B186800EBD000044BA7
S214038E401B681844704700BF185B0020803C002056
S214038E50B43C002008B50D4B1A7892B100221A7064
S214038E600B4A136F23F0070343F001031367D2F88B
S214038E70203123F0070343F00403C2F82031FFF741
S214038E8079FC0122034B5A6708BD00BF165B00201E
S214038E900080005000E000500D490B68A0B100228E
S214038EA0A3B1834203D1836822B90B6003E01A4659
S214038EB09B68F5E7936083680BB9002070475A698F
S214038EC041690A445A61F8E7222070470220704736
S214038ED0CC3C002010B501F05EFC0A4C0A4B196826
S214038EE02368C31A09B9206010BD002BFBD04A695A
S214038EF09A423ABF9B1A0022D21A4A6128BF00231D
S214038F008968EFE7C83C0020CC3C002038B5154DF7
S214038F102B682BB35B69B3B1134A022014681C4455
S214038F2000F088FA204600F047FA00220F492B6823
S214038F300A70012A05D823B1D88880070AD50123E9
S214038F400B70002038BD022000F074FA022000F0F7
S214038F5093FAEAE79B68002BF3D058690244E8E7E4
S214038F602220EFE7CC3C0020C83C00201A5B002000
S214038F70C38870B504460D463BB9FFF763FE8542CA
S214038F80064602D2F9F735FA35460E4A6561136886
S214038F909BB91460A3600FE02D1A986819466561A3
S214038FA0034618B15869A842F6D941B18C60A3604C
S214038FB013B15A69521B5A6170BD0021F2E714605F
S214038FC0F5E700BFCC3C002070B516469DF814208C
S214038FD0C0E903360271049ABDF818300260002215
S214038FE004460D468260C38006BB01F0D4FB2844CA
S214038FF0A0613DB9E368656113B1204621689847CF
S21403900096B1354601F051FA0646FFF763FF294647
S2140390102046FFF7ADFF074B1B68A34201D1FFF7BE
S21403902075FF304601F03CFA002070BD01F0B3FB3B
S2140390303044DDE7CC3C0020F8B50546D0B101F05E
S21403904034FA0646FFF746FF0B4B28461F68FFF722
S21403905023FF044620B1304601F022FA2046F8BD2D
S214039060AF42F8D1FFF752FF2228F4D1022000F0D6
S214039070EDF9F0E72224F1E7CC3C002038B50C46A6
S2140390800546A8B1A1B100230B7001F01BFA01211C
S214039090084B1B6833B901F010FA002038BD9D4217
S2140390A004D121702278002AF9D0F4E79B68F1E70F
S2140390B02220F3E7CC3C0020F8B506460F4601F025
S2140390C001FA00250446124B1B6823B9204601F01B
S2140390D0F4F91B2011E05A691544DA88B2420DD11F
S2140390E001F059FB0B4E3368C01AA8420AD300237B
S2140390F020463B6001F0E1F90020F8BDFF2EEFD0DB
S2140391009B68E2E701F047FB33682B441B1AEFE743
S214039110CC3C0020C83C002070B501F0D3F90646CD
S21403912001F039FB084B044601201D6801F023FBC0
S21403913018B101F030FB04460135304601F0BDF9A5
S2140391402046294670BD00BFD43C0020014B18685A
S214039150704700BFD03C0020F8B50C4B05461B6893
S2140391600E4683420FD3002440F2E7302146084BD5
S2140391704FF47A721F680023E5FB0701E1F7AEFEA2
S21403918030602046F8BD2120FCE700BFC43C002029
S214039190D03C00200F4B10B51A689AB14FF47A7181
S2140391A0531E1342A0FB01010ED1B2FA82F2C2F1A2
S2140391B01F04531CD243E04001FA03F3184321FA79
S2140391C002F20243104610BD0023E1F787FE024673
S2140391D0F8E700BFD03C002038B5164B1446834250
S2140391E0154B8B4123D3154B1A6802B34FF47A758C
S2140391F0A0FB050305FB0131531E134211D1B2FA3E
S21403920082F3C3F11F055A1CDB4301FA02F2E8405E
S21403921021FA03F310431843E940C4E90001002090
S21403922038BD0023E1F75AFEC4E90001F7E7212021
S214039230F6E700BFEFA7C64B37894100D03C0020B6
S21403924010B501F03FF9034B1C7801F036F9E4B290
S214039250204610BD195B002008B5084B1B7803F0A9
S214039260FF004BB101F07BFA054B1B689B69C01AE4
S21403927002288CBF0020012008BD00BF1A5B002017
S214039280CC3C0020C2072DE9F843044607D5474ADD
S214039290136801331360FFF71DFEFFF737FEA307BE
S2140392A040F1818001F00EF94FF00008054646466E
S2140392B0FFF710FE3E4F3C680CB16369A3B1002272
S2140392C03C4B012E1A7003D118F0020F18BF1E7004
S2140392D0FFF71CFE222802D1022000F0B7F828462A
S2140392E0BDE8F84301F0E9B823465A693AB91A7952
S2140392F02179914288BF1C469B68002BF5D12846EE
S21403930001F0DBF8D4F81080B8F1000F3FD001F07D
S21403931042FAA269851AEB17454573F1000337DB5A
S21403932023691344A36101232269CAB1C3B9A38B7A
S214039330B8EB050833B1E28B13449BB2B3F57A7FDF
S2140393401CD2E38301F0BEF8054641462046FFF7EC
S2140393500FFEA369226928461344A36101F0ADF802
S214039360E36813B1204621689847B4F8068001F0F5
S214039370A9F801360546FFF7ADFD9CE7A3F57A731A
S214039380E383A36918F1FF38013BA361DAE7454697
S21403939001F098F881462046FFF77EFD484601F027
S2140393A08CF80023C0E7BDE8F88300BFD43C002058
S2140393B0CC3C0020195B002010B5044601F075F87C
S2140393C04FF0B042936A1907FCD4136A116C5269C2
S2140393D0120704D4CA1A032A01D899420ED1E21AF4
S2140393E0022A98BFDC1CB4F1FF3F38BF013C4FF0A4
S2140393F0B04308221C6403F580539A6101F050F8C9
S214039400054A13783BB14FF0B041CB6B43F00203F0
S214039410CB630023137010BD5B6A002007B5044BB3
S21403942001A9187901F0E7F8019803B05DF804FB89
S2140394306C4C040000F001038207034A48BF43F064
S21403944008039361704700BF00100058820700F0BE
S21403945001030AD50121064A43F0080311704FF0B1
S214039460B041CA6B22F00302CA63024A9361704793
S2140394705B6A002000200058830742BF0822014B86
S2140394805A6170470010005873B502AB164603E9DD
S2140394900600044600F052FF0546204600F05EFF35
S2140394A09DF800208DB1202C33780ED8012B2ED8B2
S2140394B04FF6FF752D4803EB4313234430F8131080
S2140394C0A94202D0013120F81310294B294E33F854
S2140394D0141036F81400814232D34FF6FF75A942B2
S2140394E04FF0010502D0013123F8141004F0FD01FA
S2140394F0092927D1998AB68A0A44B242B4BF9A8206
S2140395009E8233F81430834227D202B070BD022BFA
S214039510DBD14FF6FF704FF6FF75144B33F814107C
S214039520814218BF013104F1210018BF23F814103B
S21403953033F81010A9421CBF013123F81010C4E7FA
S2140395400025D0E71D2CDCD1598F8E18864203DA0E
S21403955001390A445A87D4E75887002DD5D12046C7
S21403956002B0BDE8704001F031B900BF20570020BB
S214039570F8570020A457002038B50D46044600F0DF
S214039580A1FF064A13889BB22DB123431380BDE87F
S214039590384000F092BF23EA0403F7E7FE590020A1
S2140395A00022034B01214FF480701A70FFF7E4BFCB
S2140395B02B61002008B5054B1868FCF72FFE00F05A
S2140395C00300C31E5842584108BD00BF2454002060
S2140395D038B5044601F098F90C4B05461978187906
S2140395E081420FD0631E082B0CD8DFE803F0050D6D
S2140395F00B0D0B0D0D0D0D0000220146044B1868D4
S214039600FCF70AFE284638BD0022F7E7896A0020E1
S2140396102454002038B54FF0FF300C46FFF77BF894
S2140396200A4B05461868FFF776F8641B241A20B21F
S21403963010F1630F06DB10F1240F05DA64308000A7
S214039640C0B238BD0020FCE7FF20FAE72454002010
S21403965008B5134B1B78062B04D040F6210111489E
S21403966001F025F8104B1B881B0704D440F6220193
S2140396700C4801F01CF80D4B2A201978FFF7A8FFB9
S21403968000210820FFF778FF0222094B1A70094BC6
S2140396901868E8F73BFCBDE8084001F084B800BF53
S2140396A02B610020DE480400FE59002028610020BC
S2140396B0B86A00202454002010B50E4C236823B942
S2140396C040F6A3410C4800F0F2FF2068013001F099
S2140396D0CCF800F0070003280AD1246809220121E8
S2140396E0204600F0E3FB205C031F5842584110BDA0
S2140396F00020FCE714540020DE48040038B50C466E
S21403970040B100210420FFF737FF01F04CF8012C8D
S2140397101DD038BD244B1B889B07F6D50129234A49
S2140397202FD1117869B30139C9B2117011B920204C
S214039730FFF722FF00210220FFF71EFF04221C4B27
S21403974000211C481A7000F05DFD01F02CF81A4C3D
S2140397502068013001F089F800F44060B0F5006F2E
S2140397601FD1246801210422204600F09FFB2044D9
S21403977001F07BF80146BDE838400022202001F0C6
S2140397803DB800210D4D02201170FFF7F5FE2B7832
S214039790FF2B04D040F29961094800F088FF2C7033
S2140397A0B3E74FF6FF71E6E7FE5900202A61002073
S2140397B02B6100200068002014540020B96A0020A2
S2140397C0DE48040038B5134C05462388580709D5E8
S2140397D0FFF7F0FE01460720FFF7FAFEFF21012000
S2140397E0FFF78CFF238899070BD50B4B2846197870
S2140397F08A1F51425141FFF7EBFE01210020FFF77C
S2140398007DFF23881B0703D5BDE83840FFF720BF3D
S21403981038BD00BFFE5900202B610020F7B5124C5F
S214039820D4E9006586EA020C85EA03070CEA000C15
S2140398300F405CEA070E15D086EA0C067D40C4E9A5
S2140398400065CDE900230B46084902460868FCF785
S214039850A7F838B14FF4FD71054803B0BDE8F040F2
S21403986000F025BF03B0F0BDA81500202454002047
S214039870DE48040008B50A4B1B88DB0604D440F612
S2140398804701084800F013FF00211020FFF774FE7D
S214039890002000F06BFBBDE8084000F084BF00BF6B
S2140398A0FE590020DE4804002DE9F04F5706804697
S2140398B014461D4691B005D5FFF77CFE01460120F0
S2140398C0FFF786FEEE0403D500212D20FFF780FE6A
S2140398D0A00224D54046FCF74DFD0146F8B94020CA
S2140398E0FFF74AFE40460AA9FCF721F9B8B99DF8E6
S2140398F03030022B40F0D980BDF8280001F0A3F8E1
S214039900FF2808D14046FCF710F940B90121402052
S214039910FFF732FE03E001F09AF80028F2D1A10324
S21403992005D5FFF747FE01460320FFF751FEE20188
S21403993004F0807640F1C080854B1B889B072DD5AD
S214039940844E3068FCF788F840BB834B834F18700F
S2140399503B78FF2B04D040F25761814800F0A7FE06
S2140399604FF0000900210220FFF706FE87F800905B
S2140399707C4F3B78062B07D101210820FFF7FCFD1F
S21403998049462820FFF724FE3B78052B06D1002105
S2140399902B20FFF71DFE3068E8F7B8FA00F003FF48
S2140399A0220717D56B4F0321386805AAFCF76EF814
S2140399B0064620B940F2C961694800F078FE9DF872
S2140399C01430072B00F0D080FFF7F4FD0146042087
S2140399D0FFF7FEFDE10505D5FFF7ECFD0146042084
S2140399E0FFF7F6FD14F4863F05D0FFF7E3FD0146C7
S2140399F00220FFF7EDFDA20113D5FFF7DBFD0146BD
S214039A000820FFF7E5FD00210420FFF7B5FD554BC1
S214039A101B78012B03D14F4B1868E8F777FA00F051
S214039A20C2FE14F0084F09D0FFF7C4FD0146072015
S214039A30FFF7CEFDFF210120FFF760FEA30009D547
S214039A40FFF7B8FD01460620FFF7C2FDFF21012000
S214039A50FFF754FEA70705D53D4B1B881E0701D508
S214039A60FFF7F6FD6C0603D500210A20FFF7B0FDCD
S214039A70280602D50120FCF78EFCE90540F1858116
S214039A8040460AAA05A9FCF7C5FB9DF81430222B0D
S214039A9000F06D8100F28281152B40F26A8140F658
S214039AA00A112F4800F003FE6FE1032B7FF437AF54
S214039AB00AA800F0C4FF30E705F0020756EA0703DA
S214039AC00DD0284B26201978A1F1060EDEF10001F1
S214039AD041EB0E01FFF77CFD0121304611E004F057
S214039AE0805656EA07030FD01E4B26201978A1F19D
S214039AF0060CDCF1000141EB0C01FFF769FD0221C6
S214039B003846FFF7FBFD4BE704F0884151EA0603AE
S214039B1009D0144B272019788F1F79427941FFF714
S214039B2057FD0221D9E705F008030B4302D0232093
S214039B30FFF74EFD680703D500212420FFF748FDF5
S214039B40E9077FF52DAF00212520FFF741FD27E725
S214039B50FE590020245400202A610020B96A002000
S214039B60DE4804002B610020314638680AAAFBF75A
S214039B7093FF20B14FF4DA619E4800F098FDBDF8DC
S214039B801630386802330AA9ADF82C30FBF786FF87
S214039B9020B140F2DF61974800F089FD002300936F
S214039BA031460423386804AAFBF77AFF042804D056
S214039BB040F2E4618F4800F07AFDDFF8589299F896
S214039BC00030C3BB0DF1110000F04FFE00F007009C
S214039BD0022830D1FFF7EEFC01460920FFF7F8FC18
S214039BE0854B1B78062B23D1844B9DF813201B78BB
S214039BF09A421DD19DF8353023B940F2FA617D486B
S214039C0000F055FD0DF1110000F02FFEC0F3001615
S214039C1031462920FFF7DCFC00210820FFF7ACFCC7
S214039C20774B1E70FFF748FD10B93868E8F76EF9F2
S214039C3000F0B9FDCEE6BDF816000121083080B26B
S214039C4000F068FA039030B9FFF7B4FC014604202D
S214039C50FFF7BEFCECE700F0E9F905AA0146064665
S214039C603868FBF725FF99F800A0BAF1000F22D158
S214039C7006F1010B584600F0F8FD83065AD53868FE
S214039C80FCF778FB0746FFF795FC05370146F8B265
S214039C90FFF79EFC584600F0E8FD00F00700032897
S214039CA0584F2DD001210420FFF766FC4FF0FF30FC
S214039CB0FBF71DFF386000225349BDF816300978BC
S214039CC0F718F1549DF83630BB709DF83730FB70AB
S214039CD00A9B190E3971190C7971FB71190A99F8D7
S214039CE00030B97123B9737892B343F020037370CD
S214039CF0002000F069F97870039800F071FA97E78E
S214039D0001210922304600F0D1F8305C01210428F5
S214039D10C9D1FFF731FC4FF0FF30FBF7E8FE3B4BB2
S214039D2038601B885806C6D551464020FFF724FCEA
S214039D300122C1E7FFF73EFC01460920FFF748FC76
S214039D402D4B1B78012BB6D13868E8F7DFF8B2E75E
S214039D5023F02003CBE701227E33DBB202FA03F3C0
S214039D6013F00A1F31D113F0011F3FF498AE2720DA
S214039D702CE0012202FA03F3254A1A402ABB13F009
S214039D80041FF4D1DA077FF58AAEAB052FD5012180
S214039D90802011B0BDE8F04FFFF7EEBB652B1AD855
S214039DA0622B12D8452B0CD8422B0ED8352B06D84F
S214039DB0322B0AD8252B08D9322BD8D06FE6422B64
S214039DC0FBE7552B05D8522BF7D92620FFF7FAFCCD
S214039DD0DBE7622BF1E7952B3FF661AE812BBAD812
S214039DE0722BC4D0733B022B3FF659AEEDE711B08E
S214039DF0BDE8F08FDE4804002B61002027610020B9
S214039E00B86A002010540020BA6A0020FE590020C9
S214039E103A0038002E610020024B1878B0FA80F022
S214039E20400970472B61002008B5064B4FF0FF3101
S214039E301868FCF715FA0028B8BF033040F387000C
S214039E4008BD00BF2454002008B5074B1868FBF76D
S214039E503CFD30B1054BB3FBF0F083B20BB11846B3
S214039E6008BD0120FCE700BF2454002040420F0039
S214039E7038B510200C460121FFF77EFB064B1D6804
S214039E80FFF7E2FF012200FB04F1044B2846FCF730
S214039E90CCF9002038BD00BF245400207598030079
S214039EA0014800F004BC00BFF8480400032A70B55C
S214039EB0144602D82C4B985C70BD81F0010519B985
S214039EC00D2A07D1FF20F7E70D2A03D100780538BE
S214039ED0C0B2F1E7084400F0C8FCC5F1040110F471
S214039EE040660246C9B209D1042C0846E4D0052CC4
S214039EF016D112F0400F18BF0846DDE7C5F106037A
S214039F00042CD8B2D8D0B6F5006F03D1C5F1080536
S214039F10E8B2ECE7B6F5406FE9D1C5F10E05F7E711
S214039F2012F4404107D1062CC6D0072CC4D0082C07
S214039F3013D10130CCE755065CBF831CD8B2062C80
S214039F40BAD0B1F5004F02D1831CD8B2EDE7B1F514
S214039F50404FEAD100F10803F7E7130744BF053083
S214039F60C0B20C2CA8D9ADE7D0940400AC2370B5CE
S214039F70094C054603FB00435E6D26B940F2FD31EE
S214039F80064800F094FBAC2303FB054400236365FB
S214039F903346BDE87040184728540020354904006E
S214039FA010B40C461146AC22064B02FB0033586D28
S214039FB020B95C655DF8044BFFF75ABF02205DF8D5
S214039FC0044B704728540020AC22034B02FB00339B
S214039FD093F8A800704700BF2854002028B1034B0D
S214039FE01B68C01A4010013080B27047E854002046
S214039FF030B1044B00F100401B68013803EB40000E
S21403A000704700BFE8540020064B1B68834206D8FF
S21403A010054B1B68834294BF002001207047002035
S21403A020704700BFE8540020E454002010B50446EF
S21403A03008B9002010BD00F075FC20B940F2CD41F0
S21403A040074800F034FB2046FFF7D2FF0028F0D085
S21403A0500388DB0B14BFD0F80A000830EAE700BF1A
S21403A0600C49040010B508B9002010BDFFF7C0FF67
S21403A070044600F04EFC20B94FF49D61064800F0FC
S21403A08016FB002CF0D02388DB0B0ABF60882089E0
S21403A090C0F30C00E9E700BF0C49040038B5FFF72E
S21403A0A0A7FF0D46044650B100F033FC20B940F23A
S21403A0B04151034800F0FBFA023534F8150038BD69
S21403A0C00C49040070B5FFF793FF0C461646054689
S21403A0D0B0B100F01EFC20B940F24D510C4800F020
S21403A0E0E6FA3046FFF784FF00F013FC20B940F28F
S21403A0F04E51074800F0DBFA023425F8146070BDB1
S21403A10040F25251BDE87040014800F0D0BA00BF9B
S21403A1100C4904002DE9F8430746884600F069FB1E
S21403A12020B940F28E512A4800F0C1FAFC1CA4085C
S21403A130284B64000434B7F5005F1E68A4B204D34A
S21403A14040F29551224800F0B2FA00F0BBF92249DA
S21403A15081460B687BB9214B1D68761BC6F34F06F9
S21403A160B44227D90025484600F0A7F92846BDE89B
S21403A170F843FFF733BFB8F1000F11D0174A15683D
S21403A1805A1BC2F34F029442ECD81448620005EB04
S21403A19044040460B8F1000F0FD113440B600CE0C5
S21403A1A0F61AC6F34F0676B940F2A651084800F0F1
S21403A1B07EFAD7E705EB44041C6000236F80AB8070
S21403A1C0EB802B80CFE7B442CCD8044A1568DCE793
S21403A1D00C490400EC540020D4540020E45400201E
S21403A1E038B5054600F06EF90446294604480022B1
S21403A1F000F0A5FB2046BDE8384000F05EB900BF7E
S21403A200045A002082684B4B2DE9F0419A420446DB
S21403A2100E46056815D121B140F21311464800F0E9
S21403A22046FA00F04FF923691BB92B682BB9246152
S21403A2302C60BDE8F04100F040B91A6922611C6148
S21403A240F6E700F02DFA8046FEF76AFA20B14FF4DF
S21403A2509571394800F02BFA6FF000439E4221694E
S21403A2604BD22B7B08EB0602002B4DD0AB689342F8
S21403A2704AD1531C002949D06169994242D01EB97C
S21403A280521AB2F1004F3DD9636123696E689C424E
S21403A29003D19D21284800F00AFA2F460023B44232
S21403A2A00BD0002B41D172696169891AB1F1004F55
S21403A2B032D83269374694422CD12269BD420CBF4C
S21403A2C06A603A617BB92669B44203D1B8211A4859
S21403A2D000F0EDF93B46012E05D062697169521A0A
S21403A2E0B2F1004F23D99D420BBF6B681A692361F5
S21403A2F022610CBF6C601C6104E0434431B16269A7
S21403A3009342C1D1BDE8F0811346B3E76A68226180
S21403A3106C60B9E71646C6E7A8EB0202B2F1004F37
S21403A320C7D93B4637463669B9E71F46F9E733468A
S21403A3303669D0E7E5390200204904000823064AB7
S21403A34012F8011B814205D0013B13F0FF03F7D13E
S21403A3501846704701207047819504000823064A73
S21403A36012F8011B814205D0013B13F0FF03F7D11E
S21403A37018467047012070477995040010B50822E7
S21403A38007490446E1F762FCB0FA80F04FF6FF7324
S21403A3902289400940009A4208BF40F0010010BDE0
S21403A3A09295040030B504460D4685B002B9084AB6
S21403A3B01068516801AB03C301AB03CB2060204692
S21403A3C0ADF80C501B886160238105B030BD00BF1B
S21403A3D0E0D10300002270B50A4B1C780A4BD5B2B5
S21403A3E0AC4202D800200C7008E01E880132864278
S21403A3F005D30D701B881B1A5842584170BD123383
S21403A400EDE700BFA8600020A459002010B5164B46
S21403A410187860B1154C2368CBB14FF470720020E6
S21403A4201349FFF7BDFD2368013B236010BDFFF70B
S21403A430FBFC1049104A91F90040136884420B4C08
S21403A44003F1010313602368B8BF087053B90B48C0
S21403A45000F09DFA0028E9D1BDE810400146074800
S21403A460FFF7D0BE0822DAE77B61002060550020A4
S21403A4700DA403007661002058550020CC69002007
S21403A480054B1B682BB9054B1868003818BF01200D
S21403A49070470120704700BF505500204C550020E0
S21403A4A010B962B6BFF36F8F7047EFF3108072B6C2
S21403A4B07047302383F31188704780F31188BFF306
S21403A4C06F8F7047EFF31180302383F31188704743
S21403A4D0002070474FF4004070474FF47A7070477F
S21403A4E00122417803788A4030214B4341F2100120
S21403A4F003F1A04303F570335A507047B0F5802F2D
S21403A50024D010D8B0F5003F22D006D828B3B0F533
S21403A510803F14BF012048207047B0F5403F14BF6A
S21403A52001202C207047B0F5302F13D008D8B0F593
S21403A530E02F11D0B0F5202F14BF01201020704754
S21403A540B0F57F0F14BF0120062070474B207047DD
S21403A5502A207047112070472120704708B570B134
S21403A56000F022F84FF098435A6CD202FCD5586D8F
S21403A57010F4702004D0BDE80840FFF7BFBF2120C9
S21403A58008BD08B528B128220021E1F713F80020FA
S21403A59008BD2120FCE7036A042B9FBF00EB830260
S21403A5A00133D16003627047036A052B14D84FF05A
S21403A5B09842116CC902FCD504339B0013650168ED
S21403A5C0103B11604168116050F8081F11604FF08E
S21403A5D098420344984200D1704750F8041F116014
S21403A5E0F8E7836813B9816070475B685A68012A85
S21403A5F0FBD15960704709B100F008B822207047B4
S21403A600012100F046B8002100F043B870B50646B5
S21403A6100D46FFF757FF04461D2E37D8DFE806F032
S21403A6200F18361C1E203622243636362628362A9F
S21403A6302C2E303636363634363636363632FEF747
S21403A6407FF8002628602046FFF737FF304670BDA8
S21403A6500120CFF79BFCF4E70320FAE70420F8E792
S21403A6600C20F6E70220F4E70620F2E70720F0E7DF
S21403A6700820EEE70520ECE70920EAE70A20E8E7EA
S21403A6800D20E6E71020E4E70B20E2E70020212672
S21403A690D8E70020704708B5FEF7D6F880B208BDA5
S21403A6A008B5FEF7D1F808BD704742DE704738B5E7
S21403A6B004460D4600F008F8FFF7FBFE2946204641
S21403A6C0BDE83840FFF7F1BF704710B962B6BFF375
S21403A6D06F8F7047012070472DE9FF410D461646E0
S21403A6E01F460446A8B14FF00008C0F81C80FEF7CA
S21403A6F0A3FCBDF82C30424602939DF82830294629
S21403A700CDE9007320463346FEF75EFC04B0BDE891
S21403A710F0812220FAE7F0B51F46002387B00D46E6
S21403A720164604468DF81730A8B1C3610DF117011C
S21403A730FEF7A4FC9DF817207AB9BDF834302946F5
S21403A74002939DF830302046CDE900733346FEF77A
S21403A7503BFC07B0F0BD2220FBE70320F9E738B542
S21403A760FFF7B0FE054600F016F804462846FFF746
S21403A770A4FE204638BD4FF0B04301285B6904D0E1
S21403A780022805D1C3F3C000704703F001007047E9
S21403A7900020704770474FF0B0439A6A1207FCD404
S21403A7A0186A7047704708B5FFF7FCFF00F01DF8FE
S21403A7B008BD10B5FFF779FE012104460846FEF7EB
S21403A7C0DFF82046BDE81040FFF76ABE10B5044622
S21403A7D000F012F82046FAF7F8FF2046F8F72DF9AE
S21403A7E0BDE81040F9F7F0BC704708B5FFF7FCFF6B
S21403A7F008BD0120704770470020704730B589B008
S21403A8000446ADF806108DF81020FFF797FD0546B1
S21403A8102046FFF7A3FD03469DB1BDF80600ABB97E
S21403A82000F0BAF8FF2808BF00200DF10F038DF8DB
S21403A8300F001A46204604990593FEF725FE09B035
S21403A84030BD0028F5D00DF10603F2E700F0A4F8BA
S21403A850FF2808BF0020BDF806308DF80F00ADF8BE
S21403A8601A308DF8180006ABE3E7008870470170CE
S21403A870090A41707047012070470120704738B5B8
S21403A880DFF7D8FD0446D4F707FE051E18BF254696
S21403A890D4F7D4FE041E18BF2C46FFF7ECFF00289F
S21403A8A018BF204638BD38B5FEF7BAF90446F7F7A1
S21403A8B0C4FA04281ED002284FF0000508BF01245E
S21403A8C0F8F763F9042817D0022808BF0124F7F71E
S21403A8D0F3FE042812D0022808BF0124FFF7CDFF99
S21403A8E004280DD0022808BF0124002D18BF002419
S21403A8F0204638BD0125E3E70125E8E70125EDE716
S21403A9000024F5E7FF20704708B5FFF7FBFF00209C
S21403A91008BD08B520B1FFF777FB00F0010008BDBE
S21403A9200120FAE708B5FFF763FBBDE80840FFF729
S21403A930F0BF008810B1C9B2FFF7B0BB70472DE96E
S21403A940F041B0F8008006460C46D5B2B8F1000FC9
S21403A95011D029464046FFF7A1FB22460746294663
S21403A9604046FFF7AFFB3A4629462046FFF7AAFBC9
S21403A9703480BDE8F0810F46F5E703461B8808469A
S21403A9808B4202D00021FFF789BB00207047006985
S21403A990003818BF0120704700207047F8B50646F8
S21403A9A00D46FFF7EBFC0328044621D02846FFF7A5
S21403A9B0E5FC032807461BD010F0020318D1A007B6
S21403A9C00DD5F90716D401233C43E20704D4318995
S21403A9D02A89914218BF002303F00100F8BD08221C
S21403A9E029463046E1F732F9B0FA80F35B09EBE724
S21403A9F00020F3E71846F1E770B50D46002106463A
S21403AA00FFF797FF044630B1FFF710FB01462846D1
S21403AA10FFF7C4FF08B1204670BD21463046FFF756
S21403AA20ACFFEFE707B50DF10701FFF7D3FC20B145
S21403AA309DF8070003B05DF804FBFF20FAE700204B
S21403AA407047FF207047FF207047FF2070470020A5
S21403AA507047002000217047002070472DE9F84317
S21403AA6007460846154688461C469DF82090FFF77D
S21403AA70DDFA4619A4B19EB14046FFF7F3FA254422
S21403AA8085420FDC2246B9F1000F06D1314638461F
S21403AA90E0F7E2FD0020BDE8F88339463046F7E7E5
S21403AAA02120F8E71D20F6E7000000000000000064
S21403AAB0000000000000000000000000000000008E
S21403AAC0F8B500BFF8BC08BC9E467047F8B500BF93
S21403AAD0F8BC08BC9E4670475FF800F0AD620020E5
S21403AAE05FF800F049630020446576696365207467
S21403AAF0797065206368616E676520646574656355
S21403AB007465643A202564202D3E2025640D0A00D2
S21403AB1050726573732064657465637465640D0AA7
S21403AB20004D756C74692070726573732064657468
S21403AB3065637465643A2025640D0A0052656C6586
S21403AB406173652064657465637465640D0A004CFF
S21403AB506F6E6720707265737320646574656374C3
S21403AB6065640D0A0072656C61795F737461727453
S21403AB705F6C61746368696E675F70756C73653A62
S21403AB8020616E6F746865722070756C73652069DA
S21403AB9073206163746976650D0A0072656C61796A
S21403ABA05F6F6E0D0A0072656C61795F6F66660D86
S21403ABB00A0072656C61795F746F67676C650D0A6E
S21403ABC00057726974696E6720636F6E66696720E3
S21403ABD0746F206E763A2025730D0A0053697A65E2
S21403ABE03A2025640D0A004661696C656420746F1B
S21403ABF0207772697465204445564943455F434F41
S21403AC004E4649475F4441544120746F204E562CAC
S21403AC10207374617475733A2025642E2028627934
S21403AC207465733A202564290D0A0073756363659A
S21403AC307373210D0A004661696C656420746F2086
S21403AC4072656164204E565F4954454D5F444556D0
S21403AC504943455F434F4E4649472C207573696EFB
S21403AC60672064656661756C7420636F6E666967DA
S21403AC7020696E73746561642C20737461747573D4
S21403AC803A2025642E202862797465733A20256459
S21403AC90290D0A005573696E6720636F6E666967D0
S21403ACA03A2025642063686172732066726F6D0DA7
S21403ACB00A25730D0A0035653233356A70613B54D5
S21403ACC053303034322D4D413B534130753B49446C
S21403ACD030693B534133753B494330693B425441EA
S21403ACE0303B4D3B004E6574776F726B2073746117
S21403ACF0747573206368616E67656420746F2025BE
S21403AD00640D0A004D616E756661637475726572D3
S21403AD1020746F6F206269670D0A004D6F64656C5F
S21403AD2020746F6F206269670D0A00496E69746943
S21403AD30616C697A696E67205A6967626565207710
S21403AD406974682025642073776974636865732C57
S21403AD502025642072656C6179732C20256420633A
S21403AD606F7665722073776974636865732C202524
S21403AD706420636F766572730D0A00436F6E6669AF
S21403AD80672070617273656420737563636573739C
S21403AD9066756C6C790D0A0072656164207665725F
S21403ADA073696F6E20666F726D206E6577206C6FA9
S21403ADB0636174696F6E0D0A004661696C65642091
S21403ADC0746F207772697465206C6173745365655C
S21403ADD06E56657273696F6E20746F204E562C2004
S21403ADE073743A2025640D0A004F6C6420766572EE
S21403ADF073696F6E3A2025640D0A00437572726597
S21403AE006E742076657273696F6E3A2025640D0A38
S21403AE1000524553455420414C4C210D0A006861AD
S21403AE206C5F6770696F5F63616C6C6261636B3ADA
S21403AE302065787469206C696E6520256C642073C0
S21403AE40746174757320256C750D0A0068616C5FF8
S21403AE506770696F5F63616C6C6261636B3A206EE7
S21403AE606F20667265652045585449206C696E6587
S21403AE70730D0A002F686F6D652F72756E6E65729F
S21403AE802F776F726B2F747579612D7A6967626598
S21403AE90652D7377697463682F747579612D7A6984
S21403AEA0676265652D7377697463682F73696C6170
S21403AEB062735F746F6F6C732F73696D706C696305
S21403AEC06974795F73646B2F2E2E2F2E2E2F737259
S21403AED0632F73696C6162732F68616C2F7A69677D
S21403AEE06265652E630044726F7070696E67206FCB
S21403AEF06C64204F544120696D6167652C2063752F
S21403AF007272656E74206F66667365743A20256C7C
S21403AF10750A00556E6B6E6F776E20636F7665727B
S21403AF2020636F6D6D616E643A2025640D0A0055CB
S21403AF306E6B6E6F776E20636D642025640D0A005A
S21403AF40427574746F6E20707265737320646574D3
S21403AF5065637465642C20627574206E6F20627559
S21403AF6074746F6E20697320707265737365640DF5
S21403AF700A00427574746F6E206C6F6E6720707271
S21403AF806573732064657465637465642C206275E9
S21403AF9074206E6F20627574746F6E206973206CF4
S21403AFA06F6E6720707265737365640D0A004E6F6B
S21403AFB020636F7665722073776974636820636FA6
S21403AFC06E66696720696E204E562C207573696E0F
S21403AFD0672064656661756C74730D0A004174744A
S21403AFE0726962757465206368616E6765642C2098
S21403AFF065703A2025642C20636C75737465723A09
S21403B0002025642C20617474723A2025640D0A008E
S21403B010506F6C6C20636F6E74726F6C3A2073653E
S21403B0206E64696E6720636865636B2D696E0D0ACF
S21403B030005A434C2061637469766974792C2065E1
S21403B0406E746572696E67206661737420706F6CC8
S21403B0506C0D0A00506F6C6C20636F6E74726F6CAD
S21403B0603A20636865636B2D696E20726573706F33
S21403B0706E73652C20666173743D25642C20746999
S21403B0806D656F75743D25640D0A00506F6C6C20FA
S21403B090636F6E74726F6C3A206661737420706FA0
S21403B0A06C6C2073746F700D0A00506F6C6C2063A9
S21403B0B06F6E74726F6C3A20736574206C6F6E6774
S21403B0C020706F6C6C20696E74657276616C3D25BA
S21403B0D06C750D0A00506F6C6C20636F6E74726F24
S21403B0E06C3A207365742073686F727420706F6C8B
S21403B0F06C20696E74657276616C3D25640D0A007A
S21403B100506F6C6C20636F6E74726F6C3A2063685A
S21403B11065636B2D696E20696E74657276616C204B
S21403B1207772697474656E3D256C750D0A00506FF1
S21403B1306C6C20636F6E74726F6C3A20696E766106
S21403B1406C696420636865636B2D696E20696E7431
S21403B150657276616C2C20726576657274696E67AB
S21403B1600D0A00506F6C6C20636F6E74726F6C3ACE
S21403B170206661737420706F6C6C2074696D656FE4
S21403B1807574207772697474656E3D25640D0A00C4
S21403B190506F6C6C20636F6E74726F6C3A206661CE
S21403B1A0737420706F6C6C2074696D656F75742C86
S21403B1B020737769746368696E6720746F206C6F99
S21403B1C06E6720706F6C6C0D0A00556E6B6E6F7732
S21403B1D06E204C6576656C4374726C20636F6D6D80
S21403B1E0616E643A2025640D0A00556E6B6E6F77A8
S21403B1F06E204F6E4F666620636F6D6D616E643AA8
S21403B2002025640D0A00496E6465782061742077F2
S21403B2107269746520617474723A2025640D0A009D
S21403B2204E6F2073776974636820636F6E66696711
S21403B23020696E204E562C207573696E67206465F0
S21403B2406661756C74730D0A00496E76616C696489
S21403B2502072656C61795F696E6465782025642069
S21403B260696E204E562C20726573657474696E671A
S21403B27020746F2064656661756C740D0A003E2049
S21403B28000556E6B6E6F776E206572726F72004933
S21403B2906E707574206275666665722069732046E3
S21403B2A0554C4C004D6178696D756D206E756D62F9
S21403B2B06572206F6620617267756D656E747320A4
S21403B2C065786365656465640054686520617267C4
S21403B2D0756D656E74206973206E6F7420666F7269
S21403B2E06D617474656420636F72726563746C79E0
S21403B2F000496E636F727265637420617267756D61
S21403B300656E74207479706500496E636F7272653A
S21403B3106374206E756D626572206F662061726756
S21403B320756D656E7473004E6F20636F6D6D616E21
S21403B3306420666F756E640075696E7438006164A8
S21403B340646974696F6E616C002A00756E6B6E6F4C
S21403B350776E0077696C6463617264006865786F02
S21403B360707400737472696E676F70740075696EBB
S21403B3707433326F70740075696E7431366F70741F
S21403B3800075696E74386F7074006865780073743E
S21403B39072696E670075696E7431360075696E740E
S21403B3A03332002E2E2E200068656C70000A25733B
S21403B3B00A257325730025732008002F686F6D65B3
S21403B3C02F72756E6E65722F776F726B2F74757929
S21403B3D0612D7A69676265652D7377697463682F73
S21403B3E0747579612D7A69676265652D73776974FB
S21403B3F063682F73696C6162735F746F6F6C732F0E
S21403B40073696D706C69636974795F73646B2F70AD
S21403B4106C6174666F726D2F736572766963652FE0
S21403B4206C65676163795F68616C2F7372632F6203
S21403B4306173652D7265706C6163656D656E742EE0
S21403B44063002F686F6D652F72756E6E65722F774A
S21403B4506F726B2F747579612D7A69676265652DD6
S21403B4607377697463682F747579612D7A69676277
S21403B47065652D7377697463682F73696C6162738E
S21403B4805F746F6F6C732F73696D706C6963697427
S21403B490795F73646B2F706C6174666F726D2F7354
S21403B4A06572766963652F746F6B656E5F6D616E2B
S21403B4B0616765722F6C65676163792F7372632F9B
S21403B4C0736C5F746F6B656E5F6D616E61676572DB
S21403B4D02E63002F686F6D652F72756E6E65722F03
S21403B4E0776F726B2F747579612D7A6967626565FC
S21403B4F02D7377697463682F747579612D7A69671C
S21403B5006265652D7377697463682F73696C61620E
S21403B510735F746F6F6C732F73696D706C69636997
S21403B52074795F73646B2F706C6174666F726D2FC2
S21403B530736572766963652F746F6B656E5F6D6195
S21403B5406E616765722F6C65676163792F737263CB
S21403B5502F736C5F746F6B656E5F6D616E7566617E
S21403B56063747572696E672E630043757272656ED7
S21403B5707420436F6E6669673A20253078005365FA
S21403B5807420434341206D6F646520746F202564E7
S21403B5903A2025307800656E61626C6564006469E4
S21403B5A07361626C6564006F757428636C69656E9D
S21403B5B0742900696E202873657276657229004DBA
S21403B5C0464720537472696E673A202573004170AC
S21403B5D0704275696C646572204D464720436F64FC
S21403B5E0653A20307825303458006E6F6465205BEA
S21403B5F0004164646974696F6E616C20696E74657A
S21403B60072666163657300202025643A20007061CA
S21403B6106765205B25645D206368616E205B256437
S21403B6205D20707772205B25645D006E6F74206109
S21403B6306374697665006572726F722030782530A0
S21403B64038580070616E4944205B30782530345892
S21403B6505D206E6F64654944205B3078253034582E
S21403B6605D20007870616E205B30780070617265D3
S21403B6706E744944205B3078253034585D20706101
S21403B68072656E7452737369205B25645D006E6F1A
S21403B690646554797065205B0053656375726974DD
S21403B6A079206C6576656C205B253032585D006EBC
S21403B6B06574776F726B207374617465205B2530D5
S21403B6C032585D200042756666657220627974653D
S21403B6D0733A202564202F20256400457020636E6E
S21403B6E0743A202564006570202564205B656E64CB
S21403B6F0706F696E742025732C20646576696365A4
S21403B7002025735D20006E776B205B25645D2070BB
S21403B710726F66696C65205B3078253034585D201F
S21403B7206465764964205B3078253034585D20762E
S21403B7306572205B3078253032585D00202020204B
S21403B740257320636C75737465723A2030782530E0
S21403B750345820004E776B20636E743A20256400BD
S21403B7606E776B202564205B25735D005072696DD0
S21403B770617279202870726F290020206E6F6465CD
S21403B78054797065205B3078253032585D00202070
S21403B790736563757269747950726F66696C652038
S21403B7A05B3078253032585D0045502025643A20BA
S21403B7B0257320004572726F723A2020556E6B6EA9
S21403B7C06F776E20656E64706F696E742E00456EBB
S21403B7D061626C65206576656E7420646562756764
S21403B7E020696E666F20696E20436F726520434C36
S21403B7F04920636F6D706F6E656E74006F6E6C7943
S21403B80020636F6F7264696E61746F727320636115
S21403B8106E20666F726D0A006A6F696E2030782537
S21403B8203038580A006C65617665002573203078D9
S21403B830253032580A0072656A6F696E0072656A4F
S21403B8406F696E44696666446576696365547970A4
S21403B85065006578742E2050414E2049443A2000F6
S21403B8604E574B206F70656E3A20257520736563BF
S21403B870004E574B20636C6F7365640066696E6495
S21403B880206A6F696E61626C653A203078253032C3
S21403B890580066696E6420756E757365643A203069
S21403B8A07825303258004368616E67696E67207486
S21403B8B06F206368616E6E656C2025643A2030786D
S21403B8C02530325800696E76616C6964206E657443
S21403B8D0776F726B20696E6465780053686F727455
S21403B8E02049443A203078253034582C2045554991
S21403B8F036343A20002C2050616E2049443A2030DA
S21403B90078253034580053746172746564206D75FD
S21403B9106C74692D70687920696E746572666163EC
S21403B92065004661696C656420746F202573202565
S21403B9307320307825303258005465726D696E6115
S21403B94074656420257320307825303258004B65A3
S21403B950657020616C69766520737570706F72749C
S21403B96020656E61626C65642E006661696C656451
S21403B97020746F20736574206B65657020616C6935
S21403B9807665206D6F64652E0073756363657373E8
S21403B99066756C6C792073657420746865206368BB
S21403B9A0696C642074696D656F7574206F70746953
S21403B9B06F6E206D61736B2E006661696C65642023
S21403B9C0746F2073657420746865206368696C649B
S21403B9D02074696D656F7574206F7074696F6E205F
S21403B9E06D61736B2E00646973636F766572004DC9
S21403B9F061746368202573792066726F6D203078D2
S21403BA00253034582C206570202564004E574B2073
S21403BA104164647265737320726573706F6E7365C9
S21403BA203A2030782530345800494545452041644E
S21403BA30647265737320726573706F6E73653A20F4
S21403BA4000536572766963652025737920646F6E8B
S21403BA50652E00232020747970652020206E776B76
S21403BA6020206C6F6320202072656D202020636C7D
S21403BA7075732020206E6F6465202020657569002D
S21403BA80202025642020202030782530345820209C
S21403BA9030782530345820203078253034582030FC
S21403BAA078253034582000736C5F7A696762656561
S21403BAB05F6765745F62696E64696E67204572725C
S21403BAC06F723A203078253038580A002564206F84
S21403BAD0662025642062696E64696E6773207573D9
S21403BAE0656400656E61626C6564207072696E746D
S21403BAF00064697361626C6564207072696E7400B9
S21403BB00616464206C696E6B206B657900455252E4
S21403BB103A2043616C63756C6174656420435243D9
S21403BB2020646F6573206E6F74206D6174636800A4
S21403BB304552523A20496E7374616C6C20436F64AD
S21403BB4065206D75737420626520382C2031302C87
S21403BB502031342C206F722031382062797465735B
S21403BB6020696E206C656E677468004552523A20F1
S21403BB704145532D4D4D4F206861736820666169BA
S21403BB806C65643A2030782530325800536574204B
S21403BB906A6F696E696E67206C696E6B206B657978
S21403BBA0007365742062696E642025643A203078D9
S21403BBB02530327800454D50545900554E4943417F
S21403BBC0004D324F4E45004D554C5449003F202002
S21403BBD0202000496E646578204945454520416428
S21403BBE064726573732020202020202020204E5767
S21403BBF04B496E6465782020496E204643202020FA
S21403BC00202054544C28732920466C61672020203A
S21403BC10204B65792020202000256420202020202A
S21403BC2000202025642020202020202000202025FE
S21403BC303038582020002030782530345820200013
S21403BC40496E6465782049454545204164647265BC
S21403BC507373202020202020202020496E20464376
S21403BC602020202020547970652020417574682098
S21403BC70204B6579002D20202020200025632020DE
S21403BC80202020256320202020200069657300578C
S21403BC9041524E494E473A202052454144494E4769
S21403BCA0204F46204B45592056414C55455320447A
S21403BCB0495341424C4544204259204D464720545F
S21403BCC04F4B454E004E574B204B6579002573204E
S21403BCD06F75742046433A20253038580025732064
S21403BCE0736571206E756D3A2030782530325800B2
S21403BCF02573206F75742046433A20253038780024
S21403BD00544320257320002573205461626C65001C
S21403BD1025642F256420656E7472696573207573B8
S21403BD2065642E005472616E7369656E74204B658C
S21403BD307900256420656E7472257320636F6E73B5
S21403BD40756D696E67202564207061636B6574206A
S21403BD5062756666657225732E0057494C4C00570C
S21403BD60494C4C204E4F54005472757374204365EF
S21403BD706E74657220257320616C6C6F7720747205
S21403BD807573742063656E7465722072656A6F6975
S21403BD906E73207573696E672077656C6C2D6B6E9A
S21403BDA06F776E206B65792E005365742074696D0A
S21403BDB0656F757420666F722054727573742043B2
S21403BDC0656E7465722072656A6F696E732075732B
S21403BDD0696E672077656C6C2D6B6E6F776E206C63
S21403BDE0696E6B206B657920746F202564207365FC
S21403BDF0636F6E64732E004552524F523A200025ED
S21403BE0073737461636B206D75737420626520644D
S21403BE106F776E2E0052656164696E6720416C6CA5
S21403BE206F7765640048617368696E67206F6E6C30
S21403BE307900736C5F7A69676265655F6B65795FC6
S21403BE4073657474696E67735F743A20307825304F
S21403BE5034580020205065726D697373696F6E7372
S21403BE603A202573004572726F723A204661696CF8
S21403BE70656420746F2067657420636F6E666967F8
S21403BE802C207374617475733A20307825303858D3
S21403BE90004661696C65643A20307825303858006E
S21403BEA04D73673A20636C757320307825303458A9
S21403BEB02C20636D64203078253032582C206C6536
S21403BEC06E202564006275666665723A2000454DED
S21403BED04245525F00257353454355524954595FB3
S21403BEE04C4556454C3A202530325800257365722A
S21403BEF0617365206B65792025643A203078253098
S21403BF00385800636D64206E6F74206275696C74B4
S21403BF100073726320657020253032782C20636CA2
S21403BF20757320253034780073656E64696E6720F8
S21403BF30746F206D756C7469636173742062696EC7
S21403BF40640025733A2065703A2025642C20636CC0
S21403BF503A203078253034582C20617474723A2095
S21403BF60307825303458002C207376723A202563B7
S21403BF700025733A20726561643A203078253032A2
S21403BF8078002C207376723A2025632C206474790B
S21403BF9070653A2030782530325800417267756DE7
S21403BFA0656E7420617420696E6465783A20256432
S21403BFB0206973206F7574206F662072616E6765E3
S21403BFC000436F6D6D616E6420616C7265616479A8
S21403BFD0206275696C742E202043616E6E6F742028
S21403BFE0736574204D46472073706563696669639D
S21403BFF020636F646520666F7220636F6D6D616E7C
S21403C000642E004D464720436F64652053657420B5
S21403C010666F72206E65787420636F6D6D616E64F3
S21403C0203A2030782530345800557365204E6578AD
S21403C030742053657175656E636520536574206659
S21403C0406F72206E65787420636F6D6D616E643AEF
S21403C050203078253032580044697361626C65205D
S21403C06044656661756C7420526573706F6E736594
S21403C0702053657420666F72206E65787420636F34
S21403C0806D6D616E643A2030782530325800455223
S21403C090523A2072656164696E67206174747269CE
S21403C0A0627574652025303278004552523A206115
S21403C0B074747269627574652073697A6520256481
S21403C0C020746F6F206C6172676520666F722062E2
S21403C0D07566666572004572726F723A2061747493
S21403C0E07269627574652049442030782530345867
S21403C0F0207265706F727461626C65206368616E2E
S21403C10067652069732073697A65202564422C204D
S21403C1106275742025644220656E74657265640AD0
S21403C120006E6F20636D64004572726F723A20432F
S21403C1304C492053656E64206661696C65642C20E7
S21403C1407374617475733A20307825303858004517
S21403C15072726F723A2020455549363420617267F1
S21403C160756D656E7420697320656D7074792061D2
S21403C1706E64206C6F6F6B7570206279206E6F64CF
S21403C18065204944206661696C65642E0047726FBA
S21403C190757000556E696361737400556E62696EDF
S21403C1A06420257320257330782530325800526575
S21403C1B071756573743A20005A444F2073696D7025
S21403C1C06C65206465736320726571202530327850
S21403C1D0005A444F206E6F64652064657363207253
S21403C1E065712025303278005A444F206D617463A0
S21403C1F068206465736320726571202530325800A9
S21403C2005573696E67206D79206C6F63616C20458A
S21403C2105549363420666F7220646573742045551D
S21403C22049363420696E2062696E64696E67005A07
S21403C230444F2062696E642072657120253032781F
S21403C24000636C7573746572206C696D6974207213
S21403C25065616368656400696E76616C6964207005
S21403C2606167653A202564206F72206368616E6E8D
S21403C270656C3A202564004368616E6765206368D1
S21403C280616E6E656C207374617475733A203078D2
S21403C29025303278006475726174696F6E206D752F
S21403C2A0737420626520696E2072616E6765203044
S21403C2B0202D203500636F756E74206D75737420A2
S21403C2C0626520696E2072616E67652031202D20BD
S21403C2D038007363616E20737461747573203078ED
S21403C2E025303258006E6574776F726B20757064F4
S21403C2F0617465207365742073746174757320307C
S21403C300782530325800416374697665204550209D
S21403C31072657175657374207374617475733A20EE
S21403C320307825303258004C5149205461626C6590
S21403C33020726571756573743A20307825303258EB
S21403C3400042696E64696E67205461626C65207290
S21403C3506571756573743A20307825303258004C11
S21403C3606561766520257330782530325800506F26
S21403C3707765722044657363726970746F722025E3
S21403C38073307825303258005573696E67206D799F
S21403C390206C6F63616C20455549363420666F7296
S21403C3A0206465737420455549363420696E2075BC
S21403C3B06E62696E64696E6700526F7574652054A9
S21403C3C061626C65202573307825303258002F68FB
S21403C3D06F6D652F72756E6E65722F776F726B2F2A
S21403C3E0747579612D7A69676265652D73776974EB
S21403C3F063682F747579612D7A69676265652D7335
S21403C40077697463682F73696C6162735F746F6FA7
S21403C4106C732F73696D706C69636974795F736489
S21403C4206B2F70726F746F636F6C2F7A69676265B8
S21403C430652F6170702F6672616D65776F726B2FF3
S21403C440636F6D6D6F6E2F736C5F7A696762656578
S21403C4505F73797374656D5F636F6D6D6F6E2E6357
S21403C46000457874656E6465642052657365742050
S21403C470696E666F3A203078253034582028257345
S21403C48029002F686F6D652F72756E6E65722F7734
S21403C4906F726B2F747579612D7A69676265652D86
S21403C4A07377697463682F747579612D7A69676227
S21403C4B065652D7377697463682F73696C6162733E
S21403C4C05F746F6F6C732F73696D706C69636974D7
S21403C4D0795F73646B2F70726F746F636F6C2F7AF0
S21403C4E069676265652F6170702F6672616D657727
S21403C4F06F726B2F636F6D6D6F6E2F7A69676265F0
S21403C500655F6170705F6672616D65776F726B5F92
S21403C510736C6565702E630053746179206177616F
S21403C5206B65207768656E206E6F74206A6F696E20
S21403C53065643A20257300466F72636564207374DE
S21403C5406179206177616B653A20202020202020C6
S21403C550202020257300466F7263696E672064652A
S21403C5607669636520746F207374617920617761DF
S21403C5706B6500416C6C6F77696E672064657669DE
S21403C580636520746F20676F20746F20736C656516
S21403C59070002F686F6D652F72756E6E65722F77DC
S21403C5A06F726B2F747579612D7A69676265652D75
S21403C5B07377697463682F747579612D7A69676216
S21403C5C065652D7377697463682F73696C6162732D
S21403C5D05F746F6F6C732F73696D706C69636974C6
S21403C5E0795F73646B2F70726F746F636F6C2F7ADF
S21403C5F069676265652F6170702F6672616D657716
S21403C6006F726B2F636F6D6D6F6E2F7A69676265DE
S21403C610655F737461636B5F736C6565702E63002F
S21403C62052583A205265736574546F466163746F4B
S21403C630727944656661756C747343616C6C626190
S21403C640636B00657A737020636F756E74657273BF
S21403C650206661696C656420257500657A737020B1
S21403C6605265736574205468726573686F6C6420D2
S21403C6706572726F7220257500657A737020536534
S21403C68074205468726573686F6C64206572726F89
S21403C69072202575002575292025733A20257500F7
S21403C6A053657474696E67205468726573686F6C3B
S21403C6B06420636F6D6D616E64003F3F3F004D61A4
S21403C6C063205278204263617374004D6163205483
S21403C6D078204263617374004D616320527820555D
S21403C6E063617374004D61632054782055636173EE
S21403C6F074004D616320547820556361737420522F
S21403C70065747279004D61632054782055636173B4
S21403C71074204661696C004150532052782042636E
S21403C72061737400415053205478204263617374DC
S21403C7300041505320527820556361737400415072
S21403C740532054782055636173742053756363656F
S21403C75073730041505320547820556361737420DB
S21403C76052657472790041505320547820556361A2
S21403C7707374204661696C00526F75746520446952
S21403C780736320496E69746961746564004E6569F4
S21403C7906768626F72204164646564004E6569670A
S21403C7A068626F722052656D6F766564004E6569C8
S21403C7B06768626F72205374616C65004A6F696EB6
S21403C7C020496E6469636174696F6E004368696CBF
S21403C7D064204D6F76656400415348204F7665723A
S21403C7E0666C6F7700415348204672616D6520453D
S21403C7F072726F7200415348204F76657272756E7F
S21403C800204572726F72004E574B20464320466196
S21403C810696C757265004150532046432046616932
S21403C8206C7572650041534820584F666600415048
S21403C8305320556E617574686F72697A6564204B10
S21403C8406579004E574B20446563727970742046B1
S21403C85061696C7572657300415053204465637259
S21403C860797074204661696C7572657300506163F4
S21403C8706B65742042756666657220416C6C6F63E7
S21403C880617465204661696C757265730052656CE8
S21403C8906179656420556361737400506879207408
S21403C8A06F204D4143207175657565206C696D6910
S21403C8B0742072656163686564005061636B6574B8
S21403C8C02056616C69646174652064726F702063BE
S21403C8D06F756E74004E574B207265747279206FB5
S21403C8E0766572666C6F7700434341204661696CD8
S21403C8F0757265730042726F61646361737420744A
S21403C90061626C652066756C6C00505441204C6FF8
S21403C91020507269205265710050544120486920A6
S21403C9205072692052657100505441204C6F20505C
S21403C93072692044656E69656400505441204869F5
S21403C940205072692044656E696564005054412026
S21403C9504C6F2050726920547820416272740050E4
S21403C96054412048692050726920547820416272ED
S21403C97074004164647265737320436F6E666C69FA
S21403C98063742053656E740043534C2052782073AF
S21403C99063686564756C65206661696C6564000D23
S21403C9A0004465627567207072696E742067726FE3
S21403C9B075702025730A0057726F6E672070617258
S21403C9C0616D657465720A005363686564756C65AA
S21403C9D0206D6F7665206E776B0025732025643A8D
S21403C9E0202564004D6178206D6F7665206C696D37
S21403C9F069742072656163686564206E776B2025B1
S21403CA00643A20256400456E642044657669636550
S21403CA1020506F6C6C20496E666F726D6174696F1F
S21403CA206E00454D4245525F454E445F4445564968
S21403CA3043455F54494D454F55543A202020202006
S21403CA402020256400506F6C6C20636F6D706C65DE
S21403CA507465642063616C6C6261636B3A20257352
S21403CA6000202043757272656E7420506F6C6C20C4
S21403CA70496E74657276616C20287173293A20209A
S21403CA8020256C640020204C6F6E6720506F6C6C02
S21403CA9020496E74657276616C20287173293A207A
S21403CAA02020202020256C6400202053686F727499
S21403CAB020506F6C6C20496E74657276616C20280A
S21403CAC07173293A2020202020256C6400202057EB
S21403CAD0616B652054696D656F75742028717329C1
S21403CAE03A202020202020202020202020256C648F
S21403CAF000202057616B652054696D656F7574203F
S21403CB004269746D61736B3A202020202020202018
S21403CB102030782530385800202043757272656EB1
S21403CB207420417070205461736B733A2020202068
S21403CB302020202020202020307825303858002040
S21403CB402043757272656E7420506F6C6C20436F51
S21403CB506E74726F6C202020202020202020202539
S21403CB607300202044656661756C7420506F6C6C8E
S21403CB7020436F6E74726F6C2020202020202020AC
S21403CB802020257300466F7263696E67206465769E
S21403CB9069636520746F2073686F727420706F6C9E
S21403CBA06C00416C6C6F77696E67206465766963A9
S21403CBB06520746F206C6F6E6720706F6C6C00530B
S21403CBC04C5F5A49474245455F41465F4C4F4E4787
S21403CBD05F504F4C4C00534C5F5A49474245455FA4
S21403CBE041465F53484F52545F504F4C4C00706F52
S21403CBF06C6C206E776B2025643A203078253032B3
S21403CC00580046696E6420616E642042696E642033
S21403CC10496E69746961746F723A20436F6D706C04
S21403CC206574653A20307825303258005374617243
S21403CC3074207461726765740046696E6420616E61
S21403CC40642042696E6420546172676574002573BC
S21403CC503A2025733A2030782530325800467261E0
S21403CC60676D656E746174696F6E205258207769BC
S21403CC706E646F772073697A652073657420746FAA
S21403CC80202564002F686F6D652F72756E6E657252
S21403CC902F776F726B2F747579612D7A696762656A
S21403CCA0652D7377697463682F747579612D7A6956
S21403CCB0676265652D7377697463682F73696C6142
S21403CCC062735F746F6F6C732F73696D706C6963D7
S21403CCD06974795F73646B2F70726F746F636F6CB4
S21403CCE02F7A69676265652F6170702F6672616D52
S21403CCF065776F726B2F706C7567696E2F667261DE
S21403CD00676D656E746174696F6E2F667261676DA9
S21403CD10656E746174696F6E2E630052583A2041D3
S21403CD20646447726F7570526573706F6E736520B7
S21403CD303078253032582C2030782530345800523D
S21403CD40583A205669657747726F757052657370E7
S21403CD506F6E7365203078253032582C2030782556
S21403CD603034582C20220052583A204765744772B4
S21403CD706F75704D656D6265727368697052657321
S21403CD80706F6E7365203078253032582C203078DB
S21403CD90253032582C00205B3078253034585D001F
S21403CDA052583A2052656D6F766547726F757052AA
S21403CDB06573706F6E7365203078253032582C207B
S21403CDC03078253034580065705B253032585D2046
S21403CDD069645B253034585D00436C656172696E27
S21403CDE06720616C6C2067726F7570732E004552F6
S21403CDF0523A204661696C656420746F20637265DD
S21403CE006174652062696E64696E672028307825D0
S21403CE1030325829004552523A2042696E64696E90
S21403CE2067207461626C652069732066756C6C009C
S21403CE304552523A2077726974696E67206E616D47
S21403CE406520737570706F727420253032580052E7
S21403CE50583A2041646447726F75702030782530E5
S21403CE6034582C20220075760052583A20566965AD
S21403CE707747726F75702030782530345800757692
S21403CE807300766965775F67726F75700047726FB8
S21403CE907570733A206661696C656420746F2073DD
S21403CEA0656E6420257320726573706F6E73653AC2
S21403CEB020307825303258006765745F67726F7567
S21403CEC0705F6D656D6265727368697020726573F5
S21403CED0706F6E73650064656661756C745F72650A
S21403CEE073706F6E73650052583A204765744772C5
S21403CEF06F75704D656D6265727368697020307802
S21403CF00253032582C007575620047726F75707342
S21403CF103A206661696C656420746F2073656E647D
S21403CF202025733A203078253032580052583A205C
S21403CF3052656D6F766547726F7570203078253051
S21403CF403458004552523A204661696C6564207431
S21403CF506F2064656C6574652062696E64696E67CC
S21403CF602028307825303258290072656D6F766533
S21403CF705F67726F75700052583A2052656D6F7610
S21403CF8065416C6C47726F7570730052583A204156
S21403CF90646447726F757049664964656E74696642
S21403CFA079696E67203078253034582C202200614A
S21403CFB06464004368616E6E656C206E6F742076E1
S21403CFC0616C69643A202564005072696D617279F8
S21403CFD0002573206D61736B206E6F772030782584
S21403CFE0303858005365636F6E64617279004D6123
S21403CFF0736B206E6F742076616C69643A202564C7
S21403D000007072696D617279007365636F6E646137
S21403D01072790025733A20536574202573206D6159
S21403D020736B20746F203078253038580053746142
S21403D0307475730025733A2025733A004368616E4E
S21403D0406E656C206D61736B3A00202020202831BA
S21403D0502920307825303858205B002020202028CF
S21403D060322920307825303858205B005374617499
S21403D070653A203078253032582028257329004316
S21403D080757272656E74206368616E6E656C3A20A5
S21403D090256400546F74616C20626561636F6E7300
S21403D0A03A202564004A6F696E20617474656D705A
S21403D0B074733A202564004E6574776F726B207321
S21403D0C0746174653A203078253032580053746F93
S21403D0D0700025732053746F702E2020436C656197
S21403D0E06E696E672075702E0042726F61646361AD
S21403D0F07374696E67207065726D6974206A6F69F0
S21403D1006E0054727573742063656E746572206C5A
S21403D110696E6B206B657920757064617465207326
S21403D12074617475730025733A205741524E494E05
S21403D130473A20736C5F7A69676265655F736574E7
S21403D1405F696E697469616C5F7365637572697430
S21403D150795F7374617465206661696C65642E20FB
S21403D160436F6E74696E75696E6720776974686F4E
S21403D170757420696E7374616C6C20636F64652EBE
S21403D180004572726F723A20696E7374616C6C201C
S21403D190636F6465207365747570206661696C657A
S21403D1A0642E20497320616E20696E7374616C6C03
S21403D1B020636F646520666C6173686564206F6EB8
S21403D1C0746F20746865206465766963653F00D074
S21403D1D0D1D2D3D4D5D6D7D8D9DADBDCDDDEDF009F
S21403D1E0FFFFFFFFFFFFFFFF005A696742656541C8
S21403D1F06C6C69616E636530390025733A20697318
S21403D2007375696E67207363616E206F6E20257376
S21403D210206368616E6E656C7320286D61736B2086
S21403D2203078253038582900257320697320616CBF
S21403D230726561647920696E2070726F67726573B8
S21403D24073005374617274004578616D696E696E1C
S21403D2506720626561636F6E206F6E206368616E20
S21403D2606E656C20256420776974682070616E494A
S21403D270642030782530345800546869732062651A
S21403D28061636F6E206973206E6F742070617274B1
S21403D290206F66207468652063757272656E7420ED
S21403D2A06368616E6E656C206D61736B20283078E1
S21403D2B025303858292E2047657474696E67206EAA
S21403D2C065787420626561636F6E2077686F736537
S21403D2D0206368616E6E656C206269746D61736B42
S21403D2E0206973207365742E004572726F723A203C
S21403D2F0257320636F756C64206E6F74206174747D
S21403D300656D7074206A6F696E3A20307825303206
S21403D31058004E6F20626561636F6E73206C65669E
S21403D32074206F6E2063757272656E74206D617300
S21403D3306B2E204D6F76696E6720746F206E65784E
S21403D34074207374617465002573206A6F696E694F
S21403D3506E6720307825303458206F6E20636861FE
S21403D3606E6E656C202564002573205374617465A6
S21403D3703A202573004572726F723A202573206334
S21403D3806F756C64206E6F7420736574757020738C
S21403D390656375726974793A20307825303258009F
S21403D3A04572726F723A205363616E20636F6D70BD
S21403D3B06C6574652068616E646C65722072657452
S21403D3C075726E65642030782530325800257320D8
S21403D3D07363616E20636F6D706C6574652E204297
S21403D3E06561636F6E732068656172643A202564B5
S21403D3F000257320737461636B2073746174757393
S21403D40020307825303258002573206E6574776F88
S21403D410726B206A6F696E65642E002573207472C2
S21403D42079696E67206E657874206E6574776F729F
S21403D4306B2E004E6F6E65005363616E20507269EB
S21403D4406D617279204368616E6E656C7320616EE0
S21403D450642075736520436F6E66696775726564CD
S21403D460204B6579005363616E205072696D61725B
S21403D47079204368616E6E656C7320616E642075F7
S21403D480736520496E7374616C6C20436F6465002A
S21403D4905363616E205072696D61727920436861CF
S21403D4A06E6E656C7320616E6420557365204365EC
S21403D4B06E7472616C697A6564204B657900536398
S21403D4C0616E205072696D617279204368616E6E79
S21403D4D0656C7320616E64205573652044697374AC
S21403D4E072696275746564204B6579005363616E77
S21403D4F0205365636F6E64617279204368616E6E54
S21403D500656C7320616E642075736520436F6E6669
S21403D510696775726564204B6579005363616E2095
S21403D5205365636F6E64617279204368616E6E65DE
S21403D5306C7320616E642075736520496E73746125
S21403D5406C6C20436F6465005363616E20536563A0
S21403D5506F6E64617279204368616E6E656C7320CA
S21403D560616E64205573652043656E7472616C69E1
S21403D5707A6564204B6579005363616E2053656357
S21403D5806F6E64617279204368616E6E656C73209A
S21403D590616E64205573652044697374726962759D
S21403D5A0746564204B6579005363616E205072691D
S21403D5B06D617279204368616E6E656C7320616E6F
S21403D5C0642055736520416C6C204B657973202865
S21403D5D0696E7374616C6C20636F64652C2063657D
S21403D5E06E7472616C697A65642C206469737472F4
S21403D5F069627574656429005363616E20536563BD
S21403D6006F6E64617279204368616E6E656C732019
S21403D610616E642055736520416C6C204B6579738D
S21403D6202028696E7374616C6C20636F64652C20AC
S21403D63063656E7472616C697A65642C20646973C1
S21403D640747269627574656429004F6E2F4F66663F
S21403D650207365742076616C75653A2025303258E0
S21403D6602025303258004552523A2072656164696B
S21403D6706E67206F6E2F6F66662025303258004F18
S21403D6806E2F6F666620616C7265616479207365C0
S21403D6907420746F206E65772076616C7565005410
S21403D6A06F67676C65206F6E2F6F66662066726F96
S21403D6B06D202530325820746F20253032580045AF
S21403D6C052523A2077726974696E67206F6E2F6FB5
S21403D6D06666202530325800496E7374616C6C653B
S21403D6E0642054797065202842617365293A2020A6
S21403D6F0307825303258004361706162696C697412
S21403D7006965733A20202020202020202020203006
S21403D710782530345800426F6F746C6F616465729D
S21403D7202056657273696F6E3A2020202020307869
S21403D730253034580053656375726520426F6F74E5
S21403D7406C6F61646572204B65793A202020202037
S21403D7502000426F6F746C6F6164696E6720666148
S21403D760696C65642100446F776E6C6F6164206634
S21403D77061696C65642E0044656C6574696E672028
S21403D7806661696C656420646F776E6C6F61642C88
S21403D790207374617475733A2030782530325800DC
S21403D7A0496D61676520646F6573206E6F742063CF
S21403D7B06F6E7461696E20616E2055706772616466
S21403D7C06520496D61676520546167202830782598
S21403D7D0303458292E20536B697070696E67207534
S21403D7E07067726164652E00457865637574696E4B
S21403D7F06720626F6F746C6F61642063616C6C6228
S21403D80061636B2E005374617274696E67204542C0
S21403D8104C20766572696669636174696F6E00454C
S21403D820424C206661696C65642076657269666938
S21403D830636174696F6E2E0045424C20706173738A
S21403D840656420766572696669636174696F6E2EB6
S21403D850002573696E67204F544120636C69656EBB
S21403D86074207374617465206D616368696E650006
S21403D87073746F7070004572726F723A204E6F2029
S21403D880696D61676520617420696E64657820251B
S21403D89064004E6F7420737570706F727465642EB7
S21403D8A000436C69656E7420696D616765207175E8
S21403D8B065727920696E666F004D616E75662049E4
S21403D8C0443A202020202020202020307825303481
S21403D8D05800496D61676520547970652049443A5C
S21403D8E02020202030782530345800437572726526
S21403D8F06E742056657273696F6E3A2020307825F1
S21403D90030385800486172647761726520566572D4
S21403D91073696F6E3A20004E410051756572792027
S21403D92044656C6179206D733A20202020202020E6
S21403D9302020202020256C640053657276657220B3
S21403D940446973636F766572792044656C617920E8
S21403D9506D733A20256C6400446F776E6C6F616458
S21403D9602044656C6179206D733A202020202020A6
S21403D970202020256C640052756E205570677261F6
S21403D98064652044656C6179206D733A20202020FD
S21403D9902020256C64005665726966792044656CA0
S21403D9A06179206D733A202020202020202020201B
S21403D9B020256C6400446F776E6C6F61642045723B
S21403D9C0726F72205468726573686F6C643A2020B5
S21403D9D02564005570677261646520576169742019
S21403D9E05468726573686F6C643A2020202025643F
S21403D9F0004F544120446F776E6772616465733AD3
S21403DA002044697361626C6564004F544120446F1F
S21403DA10776E6772616465733A20456E61626C6502
S21403DA206400426F6F746C6F616420737461746515
S21403DA303A20257300496E76616C69642045502050
S21403DA402564207768656E20747279696E67207422
S21403DA506F2073656E64204F5441206D6573736148
S21403DA6067652E0053656E64696E6720557067722E
S21403DA7061646520456E6420726571756573742EE6
S21403DA800025733A20696E76616C696420636D6461
S21403DA90496420307825303258004572726F723AE6
S21403DAA020204661696C656420746F2073656E641C
S21403DAB0204F544120636F6D6D616E64203078256E
S21403DAC03032582C207374617475733A203078257D
S21403DAD03032580053657276657220756E6B6E6FC2
S21403DAE0776E2C2066616C6C696E67206261636B6F
S21403DAF020746F20646973636F766572792E004DA8
S21403DB006178696D756D20717565727920657272BD
S21403DB106F72732068697420282564292C20737417
S21403DB20617274696E672073656172636820666FDD
S21403DB3072206E6577204F54412073657276657246
S21403DB402E0A004170706C79696E67207570677273
S21403DB506164650025733A20696E76616C6964209A
S21403DB606F66667365742063757272656E74546946
S21403DB706D652830782530385829203E2075706723
S21403DB807261646554696D65283078253038582984
S21403DB90004F544120436C75737465723A20776165
S21403DBA0697420666F72202564207300525865647A
S21403DBB02074696D654F7574203078253038582089
S21403DBC0732C204D41582074696D654F7574203051
S21403DBD078253038582073004D6178696D756D204F
S21403DBE075706772616465207265717565737473A9
S21403DBF0206D616465202825642920776974686F21
S21403DC00757420726573706F6E73652066726F6DC0
S21403DC10207365727665722E00557067726164694B
S21403DC206E6720616E79776179004F5441205365A2
S21403DC30727669636520646973636F7665727920AB
S21403DC4070726576656E746564202D20616E6F74E0
S21403DC5068657220697320616C72656164792069F6
S21403DC606E2070726F6772657373004661696C65C8
S21403DC706420746F20696E697469617465207365C6
S21403DC80727669636520646973636F766572792E4D
S21403DC90004F544120536572766963652044697367
S21403DCA0636F7665727920696E2070726F6772652E
S21403DCB0737300436C69656E742076657269666972
S21403DCC0636174696F6E206661696C65642E0053C8
S21403DCD069676E617475726500437573746F6D0062
S21403DCE0706173736564004641494C4544004E6F4A
S21403DCF0207369676E6174757265207665726966EE
S21403DD0069636174696F6E20737570706F72742CBB
S21403DD1020617373756D696E6720696D6167652031
S21403DD206973206F6B61792E00257320766572699F
S21403DD306669636174696F6E2025733A20307825AF
S21403DD40303258004D6178696D756D206E756D6261
S21403DD506572206F6620646F776E6C6F61642065F2
S21403DD6072726F7273207265616368202825642956
S21403DD702C2061626F7274696E672E004F544120C7
S21403DD80436C75737465723A2073657474696E6751
S21403DD9020494545452061646472657373206F6648
S21403DDA0204F544120636C75737465720050617222
S21403DDB07469616C2066696C6520646F776E6C6F3E
S21403DDC0616420666F756E642C20636F6E74696E73
S21403DDD075696E672066726F6D206F66667365740D
S21403DDE02030782530385800466F756E6420667587
S21403DDF06C6C7920646F776E6C6F61646564206603
S21403DE00696C6520696E2073746F7261676520287C
S21403DE1076657273696F6E20307825303858292EF0
S21403DE2000466F756E642066696C6520696E2073A4
S21403DE30746F7261676520776974682064696666C3
S21403DE406572656E742076657273696F6E2028300E
S21403DE50782530385829207468616E20637572728D
S21403DE60656E742076657273696F6E202830782528
S21403DE70303858290046696C6520696E2073746FC4
S21403DE80726167652069732073616D652061732015
S21403DE9063757272656E742072756E6E696E672036
S21403DEA076657273696F6E20283078253038582966
S21403DEB0004E6F20696D61676520666F756E64201E
S21403DEC0696E2073746F726167652E004F5441202C
S21403DED05365727669636520446973636F7665720A
S21403DEE07920756E626C6F636B65640049676E6F4D
S21403DEF072696E67207365727665722066726F6DDF
S21403DF00206C6F6F706261636B206164647265730B
S21403DF10730049676E6F72696E67203078253034F8
S21403DF2058204F54412073657276657220696E20BF
S21403DF30736561726368206F66205443005365748B
S21403DF4074696E67204F544120536572766572205C
S21403DF50746F203078253034580044656C617969D5
S21403DF606E67202564207365636F6E647320626535
S21403DF70666F7265207374617274696E67204F549E
S21403DF804120636C69656E740054696D656F7574C2
S21403DF902077616974696E6720666F72206D65739A
S21403DFA0736167652E00426164204F544120636F9E
S21403DFB06D6D616E643A20307825303258004F54C8
S21403DFC04120636F6D6D616E642030782530325862
S21403DFD020746F6F2073686F727420286C656E20D0
S21403DFE02564203C206D696E20256429004F54412A
S21403DFF020636F6D6D616E642066726F6D20756E43
S21403E0007265636F676E697A656420736572766599
S21403E01072203078253034582E20204D79204F54E6
S21403E02041207365727665723A203078253034580D
S21403E03000496D616765204E6F7469667900476FA6
S21403E0407420756E65787065637465642025732E19
S21403E0502020537461727420646973636F766572EB
S21403E060792E0064656661756C74004F54413A20DE
S21403E0706661696C656420746F2073656E64202521
S21403E0807320726573706F6E73653A20307825302F
S21403E090325800496D616765206E6F746966790052
S21403E0A0476F7420756E65787065637465642025A4
S21403E0B0732E202049676E6F7265642E004F54419D
S21403E0C03A2044656661756C7420726573706F6E72
S21403E0D0736520666F7220496D616765206E6F7485
S21403E0E06966792C207374617475732030782530D3
S21403E0F0325800496D616765206E6F7469667920D2
S21403E100636F6D6D616E6400257320756E69636160
S21403E11073742C207175657279696E6700496E7623
S21403E120616C6964002573202573207061796C6FB8
S21403E1306164207479706520307825303258002564
S21403E140732025733A206F7574206F662072616E94
S21403E1506765206A697474657220256400257320D8
S21403E16025733A207061796C6F6164206C656E6705
S21403E170746820646F65736E2774206D61746368BA
S21403E180207479706520307825303258202825642D
S21403E190203C20256429002573202573206475659B
S21403E1A020746F206E6F6E2D6D61746368696E6781
S21403E1B0206D616E7566616374757265722049447D
S21403E1C00025732025732064756520746F206E6F99
S21403E1D06E2D6D61746368696E6720696D6167652E
S21403E1E020747970652049440025732025732064C4
S21403E1F0756520746F206D61746368696E67206649
S21403E20069726D776172652076657273696F6E00E9
S21403E21025732025732C2052782764204A6974744A
S21403E22065722028307825303258292C20506963AF
S21403E2306B6564204A6974746572202830782530CB
S21403E240325829005175657279206E657874206995
S21403E2506D61676520726573706F6E7365002573F5
S21403E2602072657475726E65642030782530325876
S21403E2702E20204E6F206E657720696D61676520BE
S21403E280746F20646F776E6C6F61642E0025732045
S21403E290746F6F2073686F727420282564203C2087
S21403E2A02564290025733A204E657720696D6167DA
S21403E2B06520697320617661696C61626C652066AE
S21403E2C06F7220646F776E6C6F61642E0025732007
S21403E2D06973206E6F74207573696E67206D79207D
S21403E2E0696D61676520696E666F2E004552524FF1
S21403E2F0523A204E65787420496D616765206973CC
S21403E30020746F6F2062696720746F2073746F7256
S21403E310652028307825303858203E203078253040
S21403E3203858290025732072657475726E656420EB
S21403E33073616D652046696C6556657273696F6EA9
S21403E3402061732063757272656E746C7920696ED2
S21403E3507374616C6C65642E004F544120446F7770
S21403E3606E6772616465732044697361626C656489
S21403E3703A2046696C6556657273696F6E206265EE
S21403E38068696E642063757272656E7420696E7355
S21403E39074616C6C6174696F6E0053746172746936
S21403E3A06E6720646F776E6C6F61642C205665729F
S21403E3B073696F6E20307825303858004572726F57
S21403E3C0723A204661696C656420746F2064656CDC
S21403E3D065746520696D6167652E004572726F729C
S21403E3E03A204661696C656420746F2065726173B8
S21403E3F065206F6C642074656D7020646174612E93
S21403E40000496D61676520626C6F636B207265738C
S21403E410706F6E7365004F54413A20496D616765AE
S21403E420426C6F636B5265706F6E736520636F6EBD
S21403E4307461696E7320696E76616C6964206F72AD
S21403E44020696E636F6D706C6574652064617461BA
S21403E450005570646174696E67204D696E20426C66
S21403E4606F636B20526571756573742050657269AE
S21403E4706F6420746F202564206D7300446F776E7D
S21403E4806C6F61642064656C6179206279207365C2
S21403E49072766572202564206D7300446F776E6C08
S21403E4A06F61642061626F727465642062792073A1
S21403E4B065727665722E0053657276657220646F98
S21403E4C065736E277420737570706F727420706135
S21403E4D0676520726571756573742C206F6E6C7931
S21403E4E0207573696E6720626C6F636B207265714B
S21403E4F0756573742E005365727665722072657443
S21403E50075726E65642027756E737570706F72749E
S21403E510656420636C757374657220636F6D6D61DB
S21403E5206E64272E00556E6B6E6F776E20257320F4
S21403E53073746174757320636F6465203078253057
S21403E54032580025732068617320646174612073F8
S21403E550697A65202825642920736D616C6C657261
S21403E560207468616E2061637475616C20706163EA
S21403E5706B65742073697A6520282564292E002527
S21403E58073206572726F723A20457870656374659E
S21403E59064206F6666736574203078253038582C8F
S21403E5A02062757420676F74203078253038582EB3
S21403E5B0202049676E6F72696E6700257320696E47
S21403E5C0666F20646964206E6F74206D617463687F
S21403E5D0206D7920657870656374656420696E665E
S21403E5E06F2E202044726F7070696E672E0046612E
S21403E5F0696C656420746F20777269746520746F24
S21403E6002073746F7261676520646576696365213C
S21403E61000446F776E6C6F61640055706772616457
S21403E6206520656E6420726573706F6E7365005344
S21403E63065727665722061626F72746564207570A8
S21403E64067726164652C207374617475733A203045
S21403E6507825303258004572726F723A202573203F
S21403E66068616420696E76616C69642025733A205C
S21403E6700066696C652076657273696F6E00416427
S21403E68064696E67202564206D732E2064656C6153
S21403E6907920666F7220696D6D65646961746520A3
S21403E6A0757067726164652E00436F756E74646F70
S21403E6B0776E20746F20757067726164653A2025E3
S21403E6C064206D73002053746174653A20202025FE
S21403E6D073002057616974696E6720666F722072D3
S21403E6E06573706F6E73653A20257300204E6578E8
S21403E6F074204576656E742054696D65723A2025DC
S21403E70064206D73002043757272656E7420446FC7
S21403E710776E6C6F6164204F66667365743A20305B
S21403E7207825303858202825642525290025733A6E
S21403E730206661696C65642070617273696E672018
S21403E7404F544120636D6420307825303258004F93
S21403E75054412044656661756C7420726573706FEE
S21403E7606E736520746F20636F6D6D616E642049F0
S21403E77044203078253032582C20737461747573B6
S21403E7802030782530325800496D61676520626C09
S21403E7906F636B207265717565737420746573742B
S21403E7A0206F6E6C7920776F726B73207768656E57
S21403E7B020737461746520697320424F4F544C4F25
S21403E7C041445F53544154455F4E4F4E450052619A
S21403E7D06E646F6D2044656C6179206265666F7246
S21403E7E06520737461727400446973636F7665722F
S21403E7F0696E67204F5441205365727665720047F1
S21403E8006574204F544120536572766572204555D2
S21403E81049004F627461696E206C696E6B206B658C
S21403E82079005175657279696E67204E6578742034
S21403E830496D61676500446F776E6C6F6164696EDE
S21403E8406720496D61676500566572696679696E0A
S21403E8506720496D6167650057616974696E672053
S21403E860666F722055706772616465206D65737399
S21403E87061676500436F756E74646F776E20746F9F
S21403E88020557067726164650057616974696E67C5
S21403E89020746F20757067726164652076696120E5
S21403E8A06F75742D6F662D62616E64206D65636887
S21403E8B0616E69736D0025733A20256425252063F0
S21403E8C06F6D706C65746500496D616765202564BE
S21403E8D00020204552524F523A20436F756C6420F5
S21403E8E06E6F74206765742066756C6C206865614E
S21403E8F06465722100202048656164657220566550
S21403E9007273696F6E3A20307825303458002020B1
S21403E910486561646572204C656E6774683A2020AA
S21403E92025642062797465730020204669656C64EB
S21403E93020436F6E74726F6C3A2020307825303423
S21403E940580020204D616E75662049443A202020E9
S21403E95020202020307825303458002020496D614F
S21403E960676520547970653A20202020203078256A
S21403E97030345800202056657273696F6E3A202033
S21403E9802020202020203078253038580020205A98
S21403E99069676265652056657273696F6E3A2030E3
S21403E9A0782530345800202048656164657220530A
S21403E9B07472696E673A20202573002020496D61C2
S21403E9C067652053697A653A2020202020256C64E9
S21403E9D020627974657300202053656375726974C9
S21403E9E07920437265643A20203078253032580007
S21403E9F020205570677261646520446573743A20FD
S21403EA0020200020204D696E2E2048572056657220
S21403EA103A202020203078253034580020204D61BD
S21403EA20782E204857205665723A202020203078CA
S21403EA3025303458002020546F74616C205461676D
S21403EA40733A20256400202020205461673A203042
S21403EA507825303458002020202020204C656E670F
S21403EA6074683A20256C64004572726F723A2043CC
S21403EA706F756C64206E6F74206F627461696E20AC
S21403EA8074616720696E666F2066726F6D20696DAC
S21403EA906167652E000A256420696D6167657320CA
S21403EAA0696E204F54412073746F726167652E0040
S21403EAB0496D6167652064656C65746525732E0012
S21403EAC04572726F723A2020436F756C64206E6FC6
S21403EAD074207265616420626C6F636B3A203078D1
S21403EAE0253032582E0A005374617274696E67209B
S21403EAF065726173652066726F6D206F66667365F7
S21403EB00742030782530385820746F2030782530BC
S21403EB10385800436F756C64206E6F74207374618D
S21403EB2072742045524153452120283078253032CF
S21403EB30582900454550524F4D2045726173652054
S21403EB40636F6D706C657465002F686F6D652F72EB
S21403EB50756E6E65722F776F726B2F747579612D74
S21403EB607A69676265652D7377697463682F747550
S21403EB7079612D7A69676265652D73776974636851
S21403EB802F73696C6162735F746F6F6C732F736935
S21403EB906D706C69636974795F73646B2F70726FE1
S21403EBA0746F636F6C2F7A69676265652F61707027
S21403EBB02F6672616D65776F726B2F706C75676900
S21403EBC06E2F6F74612D73746F726167652D736931
S21403EBD06D706C652D656570726F6D2F6F74612D2A
S21403EBE073746F726167652D656570726F6D2D70D6
S21403EBF06167652D65726173652E63002F686F6D9F
S21403EC00652F72756E6E65722F776F726B2F7475C4
S21403EC1079612D7A69676265652D737769746368B0
S21403EC202F747579612D7A69676265652D737769C7
S21403EC307463682F73696C6162735F746F6F6C7350
S21403EC402F73696D706C69636974795F73646B2F76
S21403EC5070726F746F636F6C2F7A69676265652F66
S21403EC606170702F6672616D65776F726B2F706C53
S21403EC707567696E2F6F74612D73746F7261676544
S21403EC802D73696D706C652D656570726F6D2F6F72
S21403EC9074612D73746F726167652D656570726F2D
S21403ECA06D2E63004F54412053696D706C6520537D
S21403ECB0746F7261676520454550524F4D207761EA
S21403ECC0726E696E673A20636F756C64206E6F743C
S21403ECD02067657420736C6F7420696E666F206698
S21403ECE06F7220736C6F7420256420286572726FB0
S21403ECF07220307825303258292E20446566617597
S21403ED006C74696E6720746F2073706563696669D7
S21403ED1065642061646472657373206F66667365E9
S21403ED2074730053746F7261676520447269766505
S21403ED30723A202020202020202020202020204F30
S21403ED4054412053696D706C652053746F7261670C
S21403ED506520454550524F4D20506C7567696E00CF
S21403ED6052656164204D6F646966792057726974D1
S21403ED706520537570706F72743A20206E6F00535F
S21403ED804F4320426F6F746C6F6164696E672053E4
S21403ED907570706F72743A20202020796573004274
S21403EDA06F6F746C6F616465722053746F72616702
S21403EDB06520537570706F72743A205573652066BC
S21403EDC06972737420736C6F7400536C6F74207461
S21403EDD06F207573653A20202020202020202020D5
S21403EDE020202020202025640043757272656E74EF
S21403EDF020446F776E6C6F6164204F66667365742C
S21403EE003A202020203078253038580045424C20C0
S21403EE105374617274204F66667365743A202020BB
S21403EE202020202020202020307825303858004508
S21403EE304550524F4D2053746172743A202020205F
S21403EE402020202020202020202020307825303825
S21403EE505800454550524F4D20456E643A202020B9
S21403EE602020202020202020202020202020307832
S21403EE702530385800496D61676520496E666F20F6
S21403EE8053746172743A20202020202020202020F2
S21403EE9020307825303858005361766520526174E7
S21403EEA0652028627974657329202020202020207D
S21403EEB020202020307825303858004F666673654A
S21403EEC074206F6620646F776E6C6F6164206F6664
S21403EED066736574202020307825303858004F66D6
S21403EEE066736574206F662045424C206F666673B2
S21403EEF065743A202020202020203078253038588A
S21403EF00004F6666736574206F6620696D6167657A
S21403EF102073746172743A202020202020307825D4
S21403EF2030385800736C5F7A69676265655F61663F
S21403EF305F6F74615F73746F726167655F64726934
S21403EF407665725F726561645F6362282920666115
S21403EF50696C65642100426164206D6167696320A2
S21403EF606E756D62657220696E2066696C653A20FF
S21403EF703078253032582030782530325820307893
S21403EF8025303258203078253032580042616420CC
S21403EF9076657273696F6E20696E2066696C65208C
S21403EFA0307825303458004572726F723A20726595
S21403EFB06164416E6456616C696461746553746F11
S21403EFC0726564496D616765282920747269656492
S21403EFD020746F2072656164206D6F7265206461B2
S21403EFE07461207468616E20697420636F756C6445
S21403EFF020686F6C642E00736C5F7A696762656560
S21403F0005F61665F6F74615F73746F726167655F7C
S21403F0106472697665725F726561645F63622829EC
S21403F020204641494C454421004C617374206F6669
S21403F0306673657420646F776E6C6F616465643A9B
S21403F040203078253038580053746F726167652016
S21403F0504D6F64756C653A204F54412053696D704B
S21403F0606C652053746F7261676520506C756769B1
S21403F0706E00496D616765732053746F7265643AF9
S21403F08020202564206F6620310A00253032583A46
S21403F090006570202530325820636C757320253048
S21403F0A03458206174747220253034582073767275
S21403F0B020256300206D66672025303258002072B5
S21403F0C065706F7274206D696E2025303458206D1C
S21403F0D061782025303458207270742D6368672059
S21403F0E02530385800207265636569766520667238
S21403F0F06F6D202530345820657020253032582017
S21403F10074696D656F7574202530345800636C65BB
S21403F11061720072656D6F766500636C6561726916
S21403F1206E67206C617374207265706F72742074DE
S21403F130696D65206F6620616C6C206174747269FA
S21403F14062757465730074657374696E6720746999
S21403F1506D696E67206F6620766172696F757320BE
S21403F1607265706F7274696E67206F706572617412
S21403F170696F6E73002D2D2D2D2D2D2D2D2D2D2DDF
S21403F1802D2D2D2D2D2D2D2D2D2D2D2D2D2D2D2DA7
S21403F1902D2D2D2D2D2D2D2D2D2D2D2D2D2D2D2D97
S21403F1A02D2D2D2D002D2D7461626C6520726561E9
S21403F1B06473202D2066756C6C207461626C652DFB
S21403F1C02D00726573756C74203D202564206D7365
S21403F1D0002D2D696E6974202F207363686564752E
S21403F1E06C65207469636B2D2D2D002D2D6C6F615E
S21403F1F06420636F6E66696775726174696F6E20EB
S21403F20064656661756C74732D2D002F686F6D656C
S21403F2102F72756E6E65722F776F726B2F7475799A
S21403F220612D7A69676265652D7377697463682FE4
S21403F230747579612D7A69676265652D737769746C
S21403F24063682F73696C6162735F746F6F6C732F7F
S21403F25073696D706C69636974795F73646B2F701F
S21403F260726F746F636F6C2F7A69676265652F615F
S21403F27070702F6672616D65776F726B2F706C7529
S21403F28067696E2F7265706F7274696E672F726529
S21403F290706F7274696E672E6300524541445F5205
S21403F2A050545F43464700726561645F7265706FD2
S21403F2B07274696E675F636F6E6669677572617491
S21403F2C0696F6E005265706F7274696E673A206676
S21403F2D061696C656420746F2073656E64202573A2
S21403F2E020726573706F6E73653A203078253032FE
S21403F2F058004552523A2072656164696E6720630E
S21403F3006C757374657220307825303458206174B8
S21403F31074726962757465203078253034583A20E3
S21403F320307825303258004552523A207265706F55
S21403F3307274696E67206F66204C4F4E4720737455
S21403F34072696E672061747472696275746520747D
S21403F350797065206E6F7420737570706F72746544
S21403F360643A20636C757374657220307825303484
S21403F370582061747472696275746520307825301C
S21403F3803458005265706F7274696E6720456E74E8
S21403F39072792046756C6C202D20637265617469E2
S21403F3A06E67206E6577207265706F7274004346D1
S21403F3B0475F52505400202D206469726563746958
S21403F3C06F6E3A253032582C20617474723A2530A9
S21403F3D0345800202020747970653A253032582C32
S21403F3E0206D696E3A253034582C206D61783A25A5
S21403F3F0303458002020206368616E67653A002029
S21403F400202074696D656F75743A2530345800632F
S21403F4106F6E6669677572655F7265706F72746921
S21403F4206E67002054434C4B2075706461746520EE
S21403F430616C726561647920696E2070726F6772A1
S21403F440657373004D616E75616C2054434C4B209D
S21403F450757064617465206661696C65642E2573D6
S21403F460005374617274696E6720757064617465A5
S21403F4702074727573742063656E746572206C698C
S21403F4806E6B206B65792070726F636573730055BE
S21403F4907064617465205443204C696E6B204B6521
S21403F4A07900204E6577206B6579206573746162F9
S21403F4B06C69736865643A00204572726F723A002D
S21403F4C0506172746E65723A20005A434C20676C22
S21403F4D06F62616C20636C757374657220636F6D05
S21403F4E06D616E647300646972656374696F6E0040
S21403F4F0646973632D636F6D2D67656E006469734E
S21403F500632D636F6D2D7265630065787065637434
S21403F5102D7265706F72742D66726F6D2D6D65003A
S21403F520757772697465006E7772697465007265C3
S21403F530706F72742D726561640073656E642D6DF1
S21403F540652D612D7265706F727400437265617408
S21403F5506573206120676C6F62616C2064697363F6
S21403F5606F76657220636F6D6D616E6420666F7271
S21403F57020746865206173736F63696174656420C2
S21403F58076616C7565732E00636C7573746572496A
S21403F590641F61747472696275746549641F6D6172
S21403F5A0784E756D626572546F5265706F72741F14
S21403F5B00043726561746573206120676C6F6261D6
S21403F5C06C2073656E64206D652061207265706FB4
S21403F5D0727420636F6D6D616E6420666F72207443
S21403F5E06865206173736F6369617465642076610F
S21403F5F06C7565732E00636C757374657249641F4E
S21403F60061747472696275746549641F64617461B8
S21403F610547970651F6D696E5265706F72745469A4
S21403F6206D651F6D61785265706F727454696D6590
S21403F6301F7265706F727461626C654368616E6792
S21403F640651F0043726561746573206120676C6F84
S21403F65062616C2072656164207265706F72746992
S21403F6606E6720636F6D6D616E6420666F722074C3
S21403F6706865206173736F63696174656420636C86
S21403F68075737465722C206174747269627574651F
S21403F69020616E64207365727665722F636C69658C
S21403F6A06E7420646972656374696F6E2E00636C92
S21403F6B0757374657249641F6174747269627574D4
S21403F6C06549641F646972656374696F6E1F0047DA
S21403F6D06C6F62616C207265706F7274696E6720FE
S21403F6E0636F6D6D616E6400656E64706F696E74D2
S21403F6F01F636C757374657249641F6174747269F1
S21403F7006275746549641F6D61736B1F0043726590
S21403F71061746573206120676C6F62616C2072652B
S21403F720616420636F6D6D616E64206D65737361D4
S21403F730676520746F20726561642066726F6D2042
S21403F74074686520636C757374657220616E6420DB
S21403F7506174747269627574652073706563696633
S21403F7606965642E00636C757374657249641F6102
S21403F770747472696275746549641F0043726561C7
S21403F780746573206120676C6F62616C20777269A1
S21403F790746520636F6D6D616E64206D6573736150
S21403F7A0676520746F20777269746520746F2074A0
S21403F7B0686520636C757374657220616E6420617E
S21403F7C074747269627574652073706563696669BB
S21403F7D0656400636C757374657249641F61747441
S21403F7E072696275746549641F747970651F646114
S21403F7F074611F00437265617465206120657870CB
S21403F8006563742D7265706F72742D66726F6D2DDD
S21403F8106D65206D6573736167652077697468200D
S21403F8206173736F6369617465642076616C756573
S21403F830732E00636C757374657249641F61747408
S21403F84072696275746549641F74696D656F757452
S21403F8501F00437265617465206120446973636F9A
S21403F86076657220436F6D6D616E64732047656EB7
S21403F87065726174656420636F6D6D616E64207775
S21403F880697468206173736F636961746564207655
S21403F890616C7565732E00636C7573746572496469
S21403F8A01F7374617274436F6D6D616E6449641F78
S21403F8B06D6178436F6D6D616E6449641F005365B7
S21403F8C074732074686520646972656374696F6E07
S21403F8D020666F7220676C6F62616C20636F6D6D5C
S21403F8E0616E64732C2065697468657220636C6945
S21403F8F0656E7420746F20736572766572206F72FE
S21403F9002073657276657220746F20636C69656E0A
S21403F910742E0053657473206120666C61672073D0
S21403F9206F207468617420746865206170706C69F8
S21403F930636174696F6E206672616D65776F726B53
S21403F9402057494C4C204E4F5420726573706F6E8F
S21403F9506420746F20746865206E657874205A433B
S21403F9604C206D65737361676520746861742063EA
S21403F9706F6D657320696E206F7665722074686597
S21403F980206169722E0053657473206120666C6172
S21403F9906720736F207468617420746865206170D3
S21403F9A0706C69636174696F6E206672616D6577EA
S21403F9B06F726B2057494C4C20726573706F6E6480
S21403F9C020746F20746865206E657874205A434CE3
S21403F9D0206D657373616765207468617420636F57
S21403F9E06D657320696E206F766572207468652076
S21403F9F06169722E005365747320746865204469C8
S21403FA007361626C652044656661756C742052652B
S21403FA1073706F6E7365204672616D6520436F6EFB
S21403FA2074726F6C2062697420746F20757365201E
S21403FA30666F7220746865206E65787420636F6DD8
S21403FA406D616E642069662074686520636F6D6DF2
S21403FA50616E64206973206E6F7420616C726561D9
S21403FA606479206275696C742E0064697361626CD4
S21403FA706544656661756C74526573706F6E736505
S21403FA801F00536574732074686520666C61672075
S21403FA90746F207573652074686520696E6372657C
S21403FAA06D656E7465642073657175656E63652038
S21403FAB06E756D6265722066726F6D207468652060
S21403FAC06672616D65776F726B20666F72207468FD
S21403FAD065206E6578742072617720636F6D6D6143
S21403FAE06E642E007573654E65787453657175651F
S21403FAF06E63651F00436C6920636F6D6D616E6492
S21403FB0020746F2063616C6C20736C5F7A69676224
S21403FB1065655F61665F7365745F74696D652066AE
S21403FB20756E6374696F6E20646F63756D656E744E
S21403FB30656420696E2061662E6800757463546977
S21403FB406D651F0053657473207468652074776F42
S21403FB502062797465206D616E7566616374757273
S21403FB606572207370656369666963206964656E90
S21403FB7074696669657220746F2075736520666F95
S21403FB807220746865206E65787420636F6D6D618E
S21403FB906E642069662074686520636F6D6D616EA0
S21403FBA064206973206E6F7420616C72656164797A
S21403FBB0206275696C742E006D66675370656369A1
S21403FBC066696349641F006E6F742000534C5F536D
S21403FBD054415455535F4E4554574F524B5F5550FF
S21403FBE0203078253034580054727573742043657A
S21403FBF06E746572204555492068617320257363CA
S21403FC0068616E6765642E00534C5F5354415455C8
S21403FC10535F4E4554574F524B5F444F574E005316
S21403FC204C5F5354415455535F4E4F545F4A4F49AC
S21403FC304E454400534C5F5354415455535F5A4901
S21403FC40474245455F4E4554574F524B5F4F5045CD
S21403FC504E45443A2025642073656300534C5F5336
S21403FC6054415455535F5A49474245455F4E4554A0
S21403FC70574F524B5F434C4F5345440025733A202E
S21403FC8025730064697374726962757465640063CE
S21403FC90656E7472616C697A656400466F726D0096
S21403FCA02573696E67206F6E2063682025642C2099
S21403FCB070616E496420307825303458004572727E
S21403FCC06F723A2044657669636520646F657320B6
S21403FCD06E6F7420737570706F7274202573206E48
S21403FCE06574776F726B20666F726D6174696F6E81
S21403FCF0004A6F696E00496E76616C6964205365CD
S21403FD006375726974792050726F66696C653A2000
S21403FD1030782530325800704A6F696E20666F72ED
S21403FD20202564207365633A2030782530325800E6
S21403FD304C696D6974696E67206475726174696F66
S21403FD406E206F66207065726D6974206A6F696EC7
S21403FD502066726F6D20666F726576657220283234
S21403FD6035352920746F203235340052583A205ADC
S21403FD70444F2C20636F6D6D616E642030782530A0
S21403FD8034582C207374617475733A203078253098
S21403FD9032580053696D706C650052583A202573CB
S21403FDA020446573632052657370004D6174636805
S21403FDB0002C204D6174636865733A202564004403
S21403FDC0657669636520416E6E6F756E63653A206E
S21403FDD03078253034580052583A20494545452056
S21403FDE04164647265737320526573706F6E7365D6
S21403FDF00052583A20416374697665204550205274
S21403FE006573706F6E73652C20436F756E743A203E
S21403FE102564004E6F6465002C204D61746368652D
S21403FE20733A2030782530345800737461636B203E
S21403FE307665722E205B25642E25642E25640020AD
S21403FE402573206275696C642025645D005A444FEF
S21403FE5000534500484100436C7573746572004750
S21403FE606C6F62616C0025737478203078253038A7
S21403FE70582C200050726F66696C653A20257320F3
S21403FE8028307825303458292C20436C75737465D4
S21403FE90723A203078253034582C20256420627935
S21403FEA07465732C00205A434C20257320436D64DD
S21403FEB02049443A202564005072652D52656C65CE
S21403FEC061736500416C706861203100416C706835
S21403FED061203200416C70686120330042657461B2
S21403FEE0203100426574612032004265746120331C
S21403FEF000474100526573657420696E666F3A2049
S21403FF0030782530325820282573290064656C65BF
S21403FF1074652062696E64696E673A2025303258CC
S21403FF202025303258000102030405060708090A93
S21403FF300B0C000101010101010101010101010096
S21403FF405752495445204552523A2000257365704E
S21403FF50202530325820636C7573202530345820A2
S21403FF60617474722025303458206E6F7420737554
S21403FF7070706F72746564002573696E76616C6960
S21403FF8064206461746120747970650025736174FC
S21403FF907472206E6F74207772697461626C650088
S21403FFA057524954453A206E6F2077726974652C10
S21403FFB0206A75737420612074657374005245411A
S21403FFC0443A206174747269627574652073697A41
S21403FFD06520746F6F206C6172676520666F722090
S21403FFE063616C6C657200636C6E74007372767218
S21403FFF000525700524F00202052414D202000202F
S214040000746F6B656E200065787465726E200045AB
S2140400104E44504F494E54202530325800636C7578
S21404002073202F2073696465202F206174747220F6
S2140400302F206D666720202F74797065286C656E96
S214040040292F207277202F2073746F7261676520C2
S2140400502F2064617461202872617729002530346A
S21404006058202F202573202F2025303458202F2069
S21404007000202F20253032582028253032582920B9
S2140400802F202573202F202573202F2000556E73D4
S2140400907570706F72746564004F54412052454108
S2140400A0443A2065703A25303258206369643A250C
S2140400B03034582061747469643A25303458206D9D
S2140400C0736B3A25303258206D66636F64653A2543
S2140400D030345800524541443A20636C75732025E9
S2140400E03034582C206174747220253034582066BD
S2140400F061696C6564202530325800524541443AA3
S21404010020636C757320253034582C206174747207
S21404011020253034582C20646174614C656E3A2076
S214040120253032582C204F4B0028256329253032A1
S214040130582530325825303258253032582530323A
S21404014058253032582530325825303258006469E4
S2140401507361626C65002573642C2064726F707022
S214040160696E672065702030782530325820636CBD
S21404017075732030782530345820636D64203078C9
S214040180253032580047656E6572617465640052A6
S2140401906563656976656400446973636F76657242
S2140401A020436F6D6D616E647320726573706F6E3D
S2140401B073652028636F6D706C6574653A202563DB
S2140401C0292C202573204944733A200030782530A2
S2140401D0325820005F45585400524541445F41540C
S2140401E054520057524954453A20636C757320257F
S2140401F030345820617474722025303458200046F8
S21404020041494C20253032580057524954453A202B
S214040210746F6F2073686F727400444953435F4170
S21404022054545200257325733A20636C7573202545
S2140402303034580053766320446973633A200025AB
S2140402407357616974696E6720256420736563203B
S214040250666F7220646973636F7665727920746F53
S21404026020636F6D706C65746500537461746520EB
S214040270636F72726573706F6E64696E6720746FF5
S214040280207468652074686520726571756573747A
S214040290206E6F7420666F756E640A002573636F34
S2140402A06D706C6574652E0A0025735365727669E5
S2140402B0636520446973636F76657279205374614D
S2140402C07465206C696D6974732072656163686512
S2140402D0640A002573496C6C6567616C2062726FF2
S2140402E061646361737420616464726573732C2043
S2140402F072656D617070696E6720746F2076616CCC
S2140403006964206F6E652E0025734661696C6564AA
S21404031020746F2073656E64206D61746368206456
S2140403206973636F766572793A203078253032586F
S2140403300025735374617274696E6720646973630D
S2140403406F7665727920666F7220636C7573746558
S21404035072203078253034580025734661696C6500
S2140403606420746F2073656E642073696D706C65A9
S2140403702064657363726970746F72207265717538
S2140403806573743A203078253032580025734661F8
S214040390696C656420746F2073656E6420494545F6
S2140403A04520616464726573732072657175657344
S2140403B0743A203078253032580025734661696CCB
S2140403C0656420746F2073656E64204E574B2061FD
S2140403D064647265737320726571756573743A200C
S2140403E0307825303258004572726F723A20257381
S2140403F0206261642073696D706C65206465736344
S214040400726970746F72206C656E6774682E00254E
S214040410734D65737361676520746F6F2073686FBF
S21404042072740025734D65737361676520746F6F0E
S2140404302073686F727420666F72206E756D2E203E
S214040440656E64706F696E74730025734D617463B2
S21404045068257320666F756E642066726F6D203033
S21404046078253034582E004572726F723A20257300
S21404047020696E76616C6964206C656E67746820AA
S21404048028256420213D2025642920666F7220419A
S214040490637469766520456E64706F696E74207245
S2140404A06573706F6E7365002573676F7420616380
S2140404B07469766520455020726573706F6E736537
S2140404C0005554432074696D653A2025642F2564CD
S2140404D02F25642025643A25643A2564202825308F
S2140404E03858290028556E6B6E6F776E20636C75CE
S2140404F0732E205B3078253034585D29000D0A545D
S214040500253038583A005258206C656E2025642CE5
S21404051020657020253032582C20636C757320308B
S21404052078253034582000206D66674964202530CD
S21404053034580020464320253032582073657120F5
S2140405402530325820636D6420253032582070617F
S214040550796C6F61645B004261736963004F766512
S21404056072207468652041697220426F6F746C6FE4
S2140405706164696E67002573525820706B7420742A
S2140405806F6F2073686F72743A202564203C2025B0
S21404059064002573525820706B74206D616C666F0E
S2140405A0726D65643A202564203C20256400202072
S2140405B04861766520526F75746572205375707045
S2140405C06F7274002020456E642044657669636506
S2140405D0204F6E6C79002020456E61626C65640065
S2140405E0202044697361626C6564004572726F72A0
S2140405F02072657472696576696E6720696E666FC7
S21404060020666F72206C6962726172792049442098
S2140406102564002573206C696272617279257320E3
S21404062070726573656E74005A69676265652050FA
S214040630726F0042696E64696E6700536563757213
S21404064069747920436F72650053656375726974C3
S21404065079204C696E6B204B6579730043424B4599
S214040660203136334B310043424B4520445341201E
S2140406705369676E004543430043424B4520445349
S2140406804120566572696679005061636B65742013
S21404069056616C6964617465005A4C4C0043424B65
S2140406A045203238334B3100454343203238334BF0
S2140406B0310043424B4520636F7265004E43500041
S2140406C04D756C7469206E6574776F726B00456E39
S2140406D068616E63656420426561636F6E2052656F
S2140406E0710043424B45203238334B31204453414A
S2140406F020566572696679004D756C74692D504193
S2140407004E002F686F6D652F72756E6E65722F774B
S2140407106F726B2F747579612D7A69676265652DC2
S2140407207377697463682F747579612D7A69676263
S21404073065652D7377697463682F73696C6162737A
S2140407405F746F6F6C732F73696D706C6963697413
S214040750795F73646B2F70726F746F636F6C2F7A2C
S21404076069676265652F737461636B2F636F6E666A
S21404077069672F736C5F7A69676265655F636F6E1E
S21404078066696775726174696F6E2E63002F686F91
S2140407906D652F72756E6E65722F776F726B2F7420
S2140407A07579612D7A69676265652D7377697463F7
S2140407B0682F747579612D7A69676265652D73771C
S2140407C0697463682F73696C6162735F746F6F6CAE
S2140407D0732F73696D706C69636974795F73646B86
S2140407E02F70726F746F636F6C2F7A6967626565BA
S2140407F02F737461636B2F6672616D65776F726BAE
S2140408002F6165732D6563622E63002F686F6D65B7
S2140408102F72756E6E65722F776F726B2F74757983
S214040820612D7A69676265652D7377697463682FCD
S214040830747579612D7A69676265652D7377697455
S21404084063682F73696C6162735F746F6F6C732F68
S21404085073696D706C69636974795F73646B2F7008
S214040860726F746F636F6C2F7A69676265652F7336
S2140408707461636B2F73656375726974792F7A6913
S214040880676265652D73656375726974792D6D612C
S2140408906E616765722D6E6F2D7661756C742E634E
S2140408A0004572726F723A20204661696C65642056
S2140408B0746F20726561642066726F6D20454550C2
S2140408C0524F4D2061742030782534582C20737490
S2140408D0617475733A20256400454550524F4D2087
S2140408E0496E697469616C697A65643A20256300A7
S2140408F0454550524F4D20427573793A2025630082
S2140409005061727469616C20576F72642053746FFF
S2140409107261676520436F756E743A2025640041E2
S2140409206464726573733A2030782534582C2050EA
S21404093061727469616C20576F72643A203078254E
S2140409405800636F6E6669726D65640061737375D3
S2140409506D6564000A454550524F4D20496E666FDA
S214040960004E6F7420617661696C61626C65202844
S2140409706F6C64657220626F6F746C6F616465720D
S21404098029005061727420446573637269707469D7
S2140409906F6E3A202020202020202020202573005F
S2140409A04361706162696C69746965733A202020DA
S2140409B02020202020202020202020307825325877
S2140409C000506167652045726173652074696D65C2
S2140409D0202873293A2020202020202564005061F6
S2140409E072742045726173652074696D652028737E
S2140409F0293A20202020202025640050617274208B
S214040A0045726173652074696D6520286D73293A93
S214040A10202020202020256400506167652073690B
S214040A207A6520286279746573293A20202020206C
S214040A3020202020256C00506172742073697A652A
S214040A4020286279746573293A20202020202020EB
S214040A502020256C00576F72642073697A652028FD
S214040A606279746573293A202020202020202020D3
S214040A702564202825702900454550524F4D20698D
S214040A806E69743A2030782558002F686F6D652F8C
S214040A9072756E6E65722F776F726B2F74757961CF
S214040AA02D7A69676265652D7377697463682F7438
S214040AB07579612D7A69676265652D7377697463E4
S214040AC0682F73696C6162735F746F6F6C732F73D6
S214040AD0696D706C69636974795F73646B2F757480
S214040AE0696C2F706C7567696E2F706C7567696EAC
S214040AF02D636F6D6D6F6E2F656570726F6D2F65EC
S214040B006570726F6D2E6300556E61626C6520743D
S214040B106F20626F6F7420696D6167652061742051
S214040B20736C6F7420256C640A00536C6F74204DCC
S214040B30616E61676572206661696C656420746FB6
S214040B4020657261736520736C6F740A004D61785A
S214040B502072656164206C696D6974207365742005
S214040B60746F2025642062797465730A0041646496
S214040B7072657373202020202020202020204461CA
S214040B8074610A00307825346C78202020202020D8
S214040B9020307825780A004661696C656420746F95
S214040BA020726561642066726F6D20666C6173687E
S214040BB00A00536C6F7420256C640A202041646418
S214040BC07265737320202020203A20307825346CF8
S214040BD0580A20204C656E67746820202020202048
S214040BE03A20307825346C582028256C64206279A5
S214040BF0746573290A00202054797065202020200B
S214040C00202020203A20004E6F2047424C2070724D
S214040C106573656E740A005A69674265650A00540E
S214040C2068726561640A00436F6E6E6563740A00D9
S214040C30426C7565746F6F74680A00426C756574EF
S214040C406F6F7468206170706C69636174696F6E2D
S214040C500A004D43550A004F7468657220283078A0
S214040C60256C58290A00202056657273696F6E2019
S214040C70202020203A203078256C580A0020204373
S214040C8061706162696C69746965733A20307825AD
S214040C90346C580A00202050726F647563742049BF
S214040CA04420203A2000307825582000536C6F7476
S214040CB0204D616E616765723A206661696C656491
S214040CC020746F20696E697469616C697A65206244
S214040CD06F6F746C6F6164657220286572726F72D0
S214040CE0203078253478290A0056657273696F6E49
S214040CF020202020203A2025640A005061727420A7
S214040D00202020202020203A2025730A00436170EA
S214040D106162696C69746965733A20307825780A6B
S214040D2000506172742073697A652020203A202569
S214040D306420420A00506167652073697A65202042
S214040D40203A20256420420A00576F726420736993
S214040D507A652020203A20256420420A00536C6FCE
S214040D607473202020202020203A2025640A004680
S214040D7061696C656420746F2072656164206672B4
S214040D806F6D2073746F7261676520666C6173683B
S214040D9020286572726F72202564290A00496E76CF
S214040DA0616C696420736C6F7420256420286D61FF
S214040DB07820736C6F74202564290A004661696C78
S214040DC0656420746F2067657420696E666F20669C
S214040DD06F7220736C6F742025640A00536C6F74F2
S214040DE0204D616E616765723A20736C6F7420776C
S214040DF072697465206661696C7572652E2041643B
S214040E006472657373206F66667365742028256440
S214040E1029202B207772697465206C656E67746868
S214040E2020282564292067726561746572207468B9
S214040E30616E20746F74616C20736C6F74206C65C3
S214040E406E67746820282564290A00536C6F742022
S214040E504D616E61676572207761726E696E673A7E
S214040E6020736C6F74202564206C656E677468202C
S214040E7028256429206E6F7420616C69676E65642A
S214040E8020746F20706167652073697A6520282551
S214040E9064292E2054686520656E74697265207313
S214040EA06C6F742077696C6C206E6F74206265209A
S214040EB06572617365642E0A00536C6F74204D610D
S214040EC06E616765723A206661696C656420746F4A
S214040ED020657261736520256420627974657320C9
S214040EE0696E20736C6F74202564206174206164BD
S214040EF0647265737320307825347820286572729E
S214040F006F722030782578290A004572617365640B
S214040F1020256420627974657320696E20736C6F73
S214040F20742025640A004661696C656420746F2029
S214040F3073657420736C6F7420746F20626F6F74A3
S214040F4020286572726F72203078253478290A005A
S214040F504661696C656420746F20736574206C69DF
S214040F607374206F6620736C6F747320746F2062C2
S214040F706F6F7420286572726F722030782534780B
S214040F80290A004661696C656420746F206765747D
S214040F90206E6577206C697374206F6620736C6F9F
S214040FA0747320746F20626F6F7420286572726F7A
S214040FB072203078253478290A00426567696E6E97
S214040FC0696E6720696D6167652076657269666912
S214040FD0636174696F6E2E2E2E002E6661696C65D1
S214040FE0642120284572726F72203078253478295F
S214040FF00A002E7061737365642120426F6F7469F2
S2140410006E6720736C6F742025640A00666E692B05
S21404101000666E69006E616E00666E692D006C690E
S2140410206273006273656E64007265736574007241
S21404103061770073656E645F6D756C746963617364
S214041040740073656E642D7573696E672D6D756CAB
S2140410507469636173742D62696E64696E67007483
S214041060696D6573796E63006765742D7074692D98
S214041070726164696F2D636F6E66696700636F6E75
S2140410806669672D6363612D6D6F646500657665BB
S2140410906E7473007365637572697479007A696730
S2140410A06265655F7072696E7400706C7567696EF0
S2140410B0006E6574006B657973006F7074696F6E8B
S2140410C000706C7567006368616E67656B657900B0
S2140410D06368616E67656B007A646F007072696E30
S2140410E0742072656C6174656420636F6D6D616EE7
S2140410F064732E0061747472005A646F2072656C97
S2140411006174656420636F6D6D616E64732E007226
S2140411106F75746500706F776572006D676D742DFA
S2140411206C7169006D676D742D62696E64006E6F14
S21404113064650073696D706C650069656565007546
S2140411406E62696E64006E776B2D757064006F75E1
S214041150742D636C2D6C69737400696E2D636C2D2D
S2140411606C697374005A646F20696E2D636C2D6C01
S2140411706973742072656C6174656420636F6D6D49
S214041180616E64732E005A646F206F75742D636CE1
S2140411902D6C6973742072656C6174656420636F6A
S2140411A06D6D616E64732E005A646F206E776B2DBE
S2140411B07570642072656C6174656420636F6D6D10
S2140411C0616E64732E007363616E2D6368616E2DA9
S2140411D06D61736B007363616E006368616E506764
S2140411E0006368616E005A646F20756E62696E648F
S2140411F02072656C6174656420636F6D6D616E64E6
S214041200732E00756E6963617374006368616E673C
S214041210656B65792072656C6174656420636F6DB7
S2140412206D616E64732E006C696E6B004F7074692A
S2140412306F6E2072656C6174656420636F6D6D619A
S2140412406E64732E007265676973746572006469F0
S214041250736300696E7374616C6C2D636F646500F0
S21404126062696E64696E672D7461626C6500707283
S214041270696E742D72782D6D736773006170737266
S21404128065747279004150532072657472792066D1
S2140412906C616720666F72636520636F6D6D616E47
S2140412A0647300456E61626C65732F446973616292
S2140412B06C6573207072696E74696E67206F662041
S2140412C05278206D657373616765732E00656E6171
S2140412D0626C650042696E64696E67207461626C54
S2140412E0652072656C6174656420636F6D6D616EF4
S2140412F064732E005365637572697479206B65791F
S214041300732072656C6174656420636F6D6D616EC5
S21404131064732E0064656C657465004E6574776F3F
S214041320726B2072656C6174656420636F6D6D61A9
S2140413306E64732E00666F726D0072656A6F696EF6
S2140413402D646966662D6465766963652D747970A7
S214041350650065787470616E69640069736F7065A2
S2140413606E0062726F61642D706A6F696E006368E6
S214041370616E67652D6368616E6E656C00696E6983
S21404138074006368616E67652D6B6565702D616CAE
S2140413906976652D6D6F64650074696D656F757427
S2140413A02D6F7074696F6E2D6D61736B006D756C47
S2140413B074692D7068792D7374617274006D756C20
S2140413C074692D7068792D73746F700066696E6425
S2140413D0006E6574776F726B2066696E6420636F47
S2140413E06D6D616E64732E006A6F696E61626C6502
S2140413F000756E7573656400736C6F742D6D616E25
S2140414006167657200636F756E7465727300656EEE
S214041410642D6465766963652D737570706F727478
S2140414200066696E642D616E642D62696E64006682
S2140414307261676D656E746174696F6E0067726F52
S2140414407570732D736572766572006E6574776F4A
S214041450726B2D7374656572696E67006F74612DA7
S214041460626F6F746C6F6164006F74612D636C6976
S214041470656E74006F74612D73746F726167652D89
S214041480636F6D6D6F6E006F74612D73746F726130
S21404149067652D656570726F6D0069646C652D7384
S2140414A06C656570007570646174652D74632D6C6D
S2140414B0696E6B2D6B6579007570646174652D7447
S2140414C0632D6C696E6B2D6B65792072656C617427
S2140414D0656420636F6D6D616E64730074696D6519
S2140414E072006E6F7700436F6D6D616E6473207467
S2140414F06F20636F6E74726F6C2069646C696E67BC
S2140415002F736C656570696E67206F6620746865F6
S2140415102064657669636500666F7263652D61771E
S214041520616B65006177616B652D7768656E2D6EFE
S2140415306F742D6A6F696E6564007265706F72747D
S214041540696E672072656C6174656420636F6D6D87
S214041550616E64732E00636C6561722D6C617374C6
S2140415602D7265706F72742D74696D650074657381
S214041570742D74696D696E67006F74612D73746F72
S214041580726167652D656570726F6D2072656C613A
S21404159074656420636F6D6D616E64732E00776985
S2140415A07065006F74612D73746F726167652D6367
S2140415B06F6D6D6F6E2072656C6174656420636F09
S2140415C06D6D616E6473007072696E74496D6167E7
S2140415D065730072656C6F61640073746F72616723
S2140415E0652D696E666F00646174612D7072696E34
S2140415F074006F74612D636C69656E742072656C1B
S2140416006174656420636F6D6D616E64732E00761D
S214041610657269667900626C6F636B2D74657374AA
S21404162000706167652D72657175657374007570F9
S21404163067726164652D726571756573740064699B
S2140416407361626C652D646F776E6772616465732F
S21404165000656E61626C652D646F776E6772616497
S2140416606573006F74612D626F6F746C6F616420B4
S21404167072656C6174656420636F6D6D616E64730E
S214041680006E6574776F726B2D7374656572696E20
S214041690672072656C6174656420636F6D6D616E3E
S2140416A064732E007072652D636F6E66696775725B
S2140416B065642D6B65792D736574006D61736B209D
S2140416C072656C6174656420636F6D6D616E642E03
S2140416D00073756274726163740067726F757073F9
S2140416E02D7365727665722072656C61746564200C
S2140416F0636F6D6D616E64732E00667261676D65EF
S2140417006E746174696F6E2072656C6174656420B2
S214041710636F6D6D616E64732E007365742D7278DD
S2140417202D77696E646F772D73697A6500617274BC
S2140417306966696369616C2D626C6F636B2D647294
S2140417406F700046696E6420616E642062696E6420
S2140417502072656C6174656420636F6D6D616E6480
S214041760732E00696E69746961746F7200656E64C5
S2140417702D6465766963652D737570706F72742059
S21404178072656C6174656420636F6D6D616E6473FD
S2140417902E00706F6C6C2D636F6D706C6574656471
S2140417A02D63616C6C6261636B00666F7263652D9A
S2140417B073686F72742D706F6C6C00656E61626C0A
S2140417C0655F7479706500737461636B0061707033
S2140417D0007A636C006C65676163795F61665F6459
S2140417E06562756700636F756E74657273207265E3
S2140417F06C6174656420636F6D6D616E64732E0036
S2140418007072696E742D636F756E7465722D74795B
S21404181070650073696D706C652D7072696E740006
S2140418207072696E742D7468726573686F6C647315
S214041830007365742D7468726573686F6C640072E7
S214041840657365742D7468726573686F6C64730071
S21404185073656E642D726571756573740073656364
S21404186075726974792072656C6174656420636F3F
S2140418706D6D616E6473007365742D616C6C6F7747
S2140418802D74727573742D63656E7465722D72652E
S2140418906A6F696E2D7573696E672D77656C6C2D2E
S2140418A06B6E6F776E2D6B6579007365742D616C46
S2140418B06C6F772D74727573742D63656E746572B0
S2140418C02D72656A6F696E2D7573696E672D7765FF
S2140418D06C6C2D6B6E6F776E2D6B65792D74696DE0
S2140418E0656F7574007365742D6B65792D726571FB
S2140418F0756573742D706F6C696379006D66672DFA
S214041900746F6B656E0061707300536563757269FE
S2140419107479206170732072656C617465642063E9
S2140419206F6D6D616E64732E004765742F736574F6
S214041930204D464720746F6B656E2E00656E64708E
S2140419406F696E742072656C6174656420636F6D74
S2140419506D616E64732E00656570726F6D207574AC
S214041960696C6974792072656C6174656420636F50
S2140419706D6D616E647300536C6F74204D616E619F
S2140419806765722072656C6174656420636F6D6D43
S214041990616E647300626F6F742D736C6F74006590
S2140419A0726173652D736C6F74006578742D666C44
S2140419B06173682D696E666F00736C6F74732D693E
S2140419C06E666F005072696E74732074696D652E4E
S2140419D0005072696E7473206174747269627574EF
S2140419E0652E00436C6561727320746865205A44E2
S2140419F04F206C697374206F6620636C69656E741F
S214041A002028696E2920636C7573746572732E00C2
S214041A104164647320636C75737465727320746FA9
S214041A2020746865206B6E6F776E20636C69656ED4
S214041A30742028696E2920636C757374657273202C
S214041A406F6E2074686973206465766963652E001A
S214041A50436C6561727320746865205A444F206C29
S214041A60697374206F6620636C69656E7420286FD2
S214041A7075742920636C7573746572732E004164E3
S214041A80647320636C75737465727320746F20744A
S214041A906865206B6E6F776E20636C69656E742064
S214041AA0286F75742920636C757374657273206F60
S214041AB06E2074686973206465766963652E0053C6
S214041AC0656E647320616E2075706461746520634E
S214041AD068616E6E656C20726571756573742E0030
S214041AE06368616E6E656C1F0053656E6473206177
S214041AF06E20757064617465206368616E6E656CD3
S214041B002070616765207265712E205468652073A5
S214041B107461636B2073656E6473206E776B2065E7
S214041B206E68616E636564207570646174652072A6
S214041B30657120666F72206E6F6E2D7A65726F20E7
S214041B40706167652E006368616E6E656C1F7061F8
S214041B5067651F00506572666F726D7320616E2034
S214041B60656E65726779207363616E2E00746172A8
S214041B706765744E6F646549641F7363616E44756C
S214041B80726174696F6E1F7363616E436F756E74F2
S214041B901F0042726F6164636173747320746865B6
S214041BA0204944206F6620746865206E6577206E31
S214041BB06574776F726B206D616E61676572206104
S214041BC06E6420616374697665206368616E6E6511
S214041BD06C732E006E776B4D676549641F6368618E
S214041BE06E6E656C4D61736B1F00506572666F7226
S214041BF06D7320616E20656E65726779207363610C
S214041C006E206F6E20676976656E206368616E6EFF
S214041C10656C206D61736B2E007461726765744E1B
S214041C206F646549641F7363616E44757261746999
S214041C306F6E1F7363616E436F756E741F636861A6
S214041C406E6E656C4D61736B1F0053656E64732016
S214041C5061206E6574776F726B206164647265735D
S214041C6073207265717565737420666F722074686C
S214041C706520676976656E2049454545206164643C
S214041C80726573732E00696565651F00526571750C
S214041C906573747320616E2049454545206164640C
S214041CA072657373206261736564206F6E206120B1
S214041CB0676976656E206E6F64652049442E006EF3
S214041CC06F646549641F0053656E647320612073F6
S214041CD0696D706C652064657363726970746F7285
S214041CE0207265717565737420666F7220746865FA
S214041CF02073686F72742061646472657373206104
S214041D006E6420656E64706F696E742073706563AC
S214041D1069666965642E00646573741F746172670E
S214041D206574456E64706F696E741F0053656E64E7
S214041D30732061206D6174636844657363726970AF
S214041D40746F72735265717565737420746F207442
S214041D50686520676976656E2064657374696E616C
S214041D6074696F6E20776974682074686520676983
S214041D7076656E2070726F66696C652E006E6F6491
S214041D806549641F70726F66696C651F0053656EE3
S214041D9064732061206E6F64652064657363726982
S214041DA070746F72207265717565737420746F2019
S214041DB06120676976656E20746172676574206455
S214041DC065766963652E007461726765741F0053D7
S214041DD0656E64732061205A444F2042696E642005
S214041DE0636F6D6D616E6420746F20612064657628
S214041DF06963652073706563696669656420696EE6
S214041E002074686520636F6D6D616E64206172670F
S214041E10756D656E74732E0044657374696E6174B3
S214041E20696F6E1F536F7572636520656E64706F9D
S214041E30696E741F44657374696E6174696F6E208D
S214041E40656E64706F696E741F636C757374657207
S214041E5049441F72656D6F746545554936341F6471
S214041E6065737445554936341F0053656E64732094
S214041E70616E2061637469766520656E64706F694F
S214041E806E74207265717565737420746F2074683F
S214041E90652064657669636520776974682074686C
S214041EA06520676976656E2073686F72742049448E
S214041EB02E0053656E647320616E20756E62696EC3
S214041EC064207265717565737420666F7220612074
S214041ED0756E69636173742062696E64696E6720E7
S214041EE0746F207468652074617267657420646515
S214041EF0766963652E007461726765741F736F7507
S214041F007263652065756936341F736F7572636511
S214041F1020656E64706F696E741F636C7573746588
S214041F207249441F64657374696E6174696F6E45A3
S214041F30554936341F64657374696E6174696F6ECF
S214041F4020656E64706F696E741F0053656E6473EB
S214041F5020616E20756E62696E64207265717565A7
S214041F60737420666F722061206D756C746963618A
S214041F7073742062696E64696E6720746F20746877
S214041F806520746172676574206465766963652E7E
S214041F90007461726765741F736F7572636520657C
S214041FA0756936341F736F7572636520656E647069
S214041FB06F696E741F636C757374657249441F672A
S214041FC0726F7570416464726573731F0053656E37
S214041FD064732061205A444F204D616E6167656DBD
S214041FE0656E74204C6561766520636F6D6D616EF9
S214041FF06420746F20746865207461726765742049
S2140420006465766963652E007461726765741F7211
S214042010656D6F76654368696C6472656E1F72657C
S2140420206A6F696E1F0053656E64732061205A449C
S2140420304F204D474D542D42696E64202842696EE8
S21404204064696E67205461626C65292052657175F7
S21404205065737420746F2074686520746172676594
S21404206074206465766963652E00746172676574AE
S2140420701F7374617274496E6465781F0053656ECD
S21404208064732061205A444F204D474D542D4C51C3
S2140420904920284C5149205461626C6529205265B8
S2140420A0717565737420746F20746865207461722A
S2140420B0676574206465766963652E0053656E648F
S2140420C0732061205A444F20506F77657220446510
S2140420D07363726970746F72205265717565737478
S2140420E020746F2074686520746172676574206458
S2140420F065766963652E0053656E64732061205AA5
S214042100444F20726F7574652072657175657374BB
S21404211020636F6D6D616E6420746F207468652033
S2140421207461726765742E007461726765741F69E2
S2140421306E6465781F00696E6465781F6575693618
S214042140341F696E7374616C6C436F64651F006939
S2140421506E6465781F65756936341F6B65791F0074
S2140421605443206C696E6B206B65792072657175BB
S21404217065737420706F6C6963791F417070206C8E
S214042180696E6B206B657920726571756573742052
S214042190706F6C6963791F00426F6F6C3A20616CD4
S2140421A06C6F772074727573742063656E746572D1
S2140421B02072656A6F696E207573696E672077652D
S2140421C06C6C2D6B6E6F776E206B65791F0070726A
S2140421D06F66696C6549641F636C757374657249D0
S2140421E0641F0074617267657449641F00456E61FC
S2140421F0626C6573207072696E74696E67206F66B0
S214042200205278206D657373616765732E0053657D
S2140422107473207468652062696E64696E672074DE
S21404222061626C6500696E6465781F636C757374AF
S21404223065721F6C6F63616C45701F72656D6F7499
S2140422406545701F65756936341F00436C65617299
S21404225073207468652062696E64696E67207461B1
S214042260626C652E005072696E7473207468652003
S21404227062696E64696E67207461626C6520746F4F
S2140422802074686520636F6D6D616E64206C696E82
S214042290652E00436C6561727320616C6C207365F7
S2140422A0637572697479206B6579732E0044656C66
S2140422B0657465207468652073706563696669650E
S2140422C064206C696E6B206B657920696E64657832
S2140422D02E005072696E747320616C6C2073656393
S2140422E07572697479206B6579732E005465726D06
S2140422F0696E6174657320746865206D756C7469A5
S2140423002D50485920696E74657266616365005580
S21404231073656420746F207374617274206D756CB9
S21404232074692D50485920696E74657266616365D8
S214042330206F74686572207468616E206E617469BB
S214042340766520616E6420666F726D207468652001
S2140423506E6574776F726B2E205468652073746193
S214042360636B20757365732073616D652050616EB1
S2140423704964206173206E617469766520726164B5
S214042380696F206E6574776F726B2E007061676577
S2140423901F6368616E6E656C1F706F7765721F6F62
S2140423A07074696F6E734D61736B20284269742074
S2140423B030203D20526F757465727320616C6C6FAB
S2140423C07765642C204269742031203D2042726F68
S2140423D061646361737420616C6C6F776564291F34
S2140423E000417474656D70747320746F2063686143
S2140423F06E676520746865206368696C6420746918
S2140424006D656F7574206F7074696F6E206D61737F
S2140424106B20746F2066696C746572206F75742007
S214042420756E646573697261626C652076616C753D
S21404243065732028652E672E206E6F206D6F72657B
S214042440207468616E20332064617973292E0074C9
S214042450696D656F7574206F7074696F6E206D6139
S214042460736B1F00537769746368657320626574C1
S2140424707765656E20646966666572656E74206B42
S21404248065657020616C697665206D6F6465732080
S214042490737570706F72746564206279206120723F
S2140424A06F757465722E004B65657020616C697675
S2140424B065206D6F64651F005072696E74732074B6
S2140424C068652063757272656E74204E6F6465204D
S2140424D049442C2045554936342C20616E642050DE
S2140424E0616E2049442E00496E697469616C697A8C
S2140424F065732061206E6574776F726B3B20746819
S21404250069732069732061207465737420636F6D2A
S2140425106D616E64207573656420666F72207463E3
S2140425202D737761702D6F75742074657374696E7E
S214042530672E005365747320746865206E6574771F
S2140425406F726B20696E64657820757365642062AB
S2140425507920616C6C2066757475726520434C49ED
S21404256020636F6D6D616E64732E20204265666F06
S214042570726520657865637574696E6720612043AB
S2140425804C4920636F6D6D616E642C207468652001
S2140425906672616D65776F726B20737769746368B2
S2140425A0657320746F2074686973206E6574776F22
S2140425B0726B2E20204166746572207468652063F1
S2140425C06F6D6D616E642066696E697368657320ED
S2140425D0657865637574696E672C20746865206613
S2140425E072616D65776F726B207377697463686563
S2140425F073206261636B20746F2074686520707248
S2140426006576696F7573206E6574776F726B2E20AE
S2140426102054686520434C4920757365732074689C
S214042620652073616D65206E6574776F726B2069C3
S2140426306E64657820756E74696C207468652064B1
S214042640657669636520726573657473206F72209E
S2140426506974206973206368616E676564207468B2
S214042660726F756768207468697320636F6D6D6137
S2140426706E642E00417474656D70747320746F20DC
S2140426806368616E676520646576696365206F7646
S214042690657220746F206120646966666572656E73
S2140426A074206368616E6E656C20676976656E205B
S2140426B0696E20746865206368616E6E656C20615F
S2140426C07267756D656E742E005468652063686164
S2140426D06E6E656C20746F206368616E6765207427
S2140426E06F1F0066696E64556E7573656450616E1F
S2140426F049640066696E644A6F696E61626C654E11
S2140427006574776F726B005065726D697473206AB6
S2140427106F696E696E67206F6E20746865206E65DB
S21404272074776F726B20666F7220612067697665B6
S2140427306E206E756D626572206F66207365636FBA
S2140427406E647320414E442062726F6164636173E9
S21404275074732061205A444F204D676D7420506571
S214042760726D6974204A6F696E696E67207265714E
S2140427707565737420746F20616C6C20726F757449
S2140427806572732E00412073696E676C65206279EA
S214042790746520696E6469636174696E6720686F26
S2140427A077206C6F6E67207468652064657669634D
S2140427B0652073686F756C64206861766520706543
S2140427C0726D6974206A6F696E696E6720747572BB
S2140427D06E6564206F6E20666F722E2041207661CF
S2140427E06C7565206F662030786666207475726E28
S2140427F073206F6E207065726D6974206A6F696EDF
S21404280020696E646566696E6974656C792E1F004E
S214042810436865636B73206E6574776F726B2070A4
S2140428206A6F696E207374617475732E00577269CB
S2140428307465732074686520657874656E64656471
S2140428402070616E20494420666F7220746865208B
S2140428506465766963652E0065787470616E696474
S2140428601F0052656A6F696E7320616E2065786911
S2140428707374696E67206E6574776F726B20696E09
S214042880206120736563757265206F7220696E73AC
S2140428906563757265206D616E6E65722077697406
S2140428A068206120646966666572656E7420646576
S2140428B07669636520747970652E00426F6F6C6567
S2140428C0616E206E6574776F726B206B657920611C
S2140428D07661696C6162696C6974791F4368616EBC
S2140428E06E656C206D61736B1F416E20656E756D31
S2140428F065726174696F6E20696E64696361746978
S2140429006E672074686520646576696365207479EB
S214042910706520746F2072656A6F696E2061732E0D
S21404292054686520737461636B206F6E6C792061E4
S21404293063636570747320534C5F5A494742454538
S2140429405F454E445F44455649434520616E6420C6
S214042950534C5F5A49474245455F534C4545505989
S2140429605F454E445F4445564943452E1F00526515
S2140429704A6F696E732061206E6574776F726B2E72
S21404298000426F6F6C65616E206E6574776F726B54
S214042990206B657920617661696C6162696C697423
S2140429A0791F4368616E6E656C206D61736B1F00E2
S2140429B04C65617665732061206E6574776F726B03
S2140429C02E005475726E73207065726D6974206A79
S2140429D06F696E696E67206F6E20666F722074680A
S2140429E06520616D6F756E74206F662074696D6501
S2140429F020696E646963617465642E00412073699E
S214042A006E676C65206279746520696E64696361BB
S214042A1074696E6720686F77206C6F6E67207468C1
S214042A2065206465766963652073686F756C6420D9
S214042A3068617665207065726D6974206A6F696E68
S214042A40696E67207475726E206F6E20666F722EC4
S214042A5020412076616C7565206F66203078666646
S214042A60207475726E73207065726D6974206A6F57
S214042A70696E20696E646566696E6974656C792E24
S214042A801F004A6F696E732061206E6574776F72DB
S214042A906B206F6E206120676976656E20636861BF
S214042AA06E6E656C2C207769746820612067697681
S214042AB0656E20545820506F77657220616E6420CE
S214042AC050414E2049442E00546865206368616E68
S214042AD06E656C206F6E20776869636820746F205B
S214042AE06A6F696E20746865206E6574776F726BA2
S214042AF01F4F6E652D62797465207369676E656411
S214042B002076616C756520696E6469636174696EAC
S214042B10672074686520545820506F776572207457
S214042B206861742074686520726164696F207368D4
S214042B306F756C642062652073657420746F1F540F
S214042B4068652050414E204944206F6E207768699E
S214042B50636820746F206A6F696E20746865206EDF
S214042B606574776F726B1F00466F726D73206120F9
S214042B706E6574776F726B206F6E2061206769765E
S214042B80656E206368616E6E656C2C207769746868
S214042B90206120676976656E20545820506F7765EB
S214042BA07220616E642050414E2049442E005468C1
S214042BB065206368616E6E656C206F6E2077686949
S214042BC0636820746F20666F726D20746865206E6B
S214042BD06574776F726B1F4F6E652D62797465200E
S214042BE07369676E65642076616C756520696E64CA
S214042BF069636174696E6720746865205458205050
S214042C006F776572207468617420746865207261D9
S214042C1064696F2073686F756C64206265207365E1
S214042C207420746F1F5468652050414E2049442018
S214042C306F6E20776869636820746F20666F726DA4
S214042C4020746865206E6574776F726B1F00546815
S214042C50697320696E6974696174657320612054B0
S214042C60434C4B207570646174652070726F6365A5
S214042C70647572652E00537065636966792074689E
S214042C806520616D6F756E74206F662074696D655E
S214042C9020746F2077616974206166746572206F92
S214042CA06E652054434C4B20757064617465206FC8
S214042CB07065726174696F6E20636F6D706C657495
S214042CC06573206265666F726520626567696E6EFD
S214042CD0696E672061206E65772054434C4B2075DF
S214042CE07064617465206F7065726174696F6E2EAE
S214042CF00054686520616D6F756E74206F6620746D
S214042D00696D65206265747765656E207375627398
S214042D10657175656E742074727573742063656E60
S214042D20746572206C696E6B206B657920757064AF
S214042D306174657320696E206D696C6C6973656374
S214042D406F6E64731F00536574206F7220636C6526
S214042D5061722073746179206177616B652077688E
S214042D60656E206E6F74206A6F696E6564005365C5
S214042D7074206F7220636C65617220666F7263657F
S214042D80206177616B6500446973706C61792074A7
S214042D90686520736C656570207374617475730060
S214042DA0464F522054455354494E4720505552508E
S214042DB04F534553202D20676174686572207469EB
S214042DC06D696E67206D65747269637320666F72D1
S214042DD0207265706F7274696E67207461626C65C8
S214042DE0206F7065726174696F6E732E00436C6534
S214042DF061727320746865206C61737420726570E8
S214042E006F72742074696D65206F662061747472C5
S214042E106962757465732E00416464732061206E64
S214042E20657720656E74727920746F2074686520E7
S214042E307265706F7274207461626C652E005468DB
S214042E4065206C6F63616C20656E64706F696E7468
S214042E502066726F6D2077686963682074686520E1
S214042E606174747269627574652069732072657022
S214042E706F727465641F54686520636C757374653B
S214042E807220776865726520746865206174747250
S214042E906962757465206973206C6F636174656418
S214042EA01F546865204944206F6620746865206155
S214042EB07474726962757465206265696E672072DF
S214042EC065706F727465641F3020666F7220636C61
S214042ED069656E742D7369646520617474726962C1
S214042EE075746573206F72203120666F7220736567
S214042EF0727665722D736964652061747472696292
S214042F00757465731F546865206D696E696D756D9B
S214042F10207265706F7274696E6720696E7465726C
S214042F2076616C2C206D6561737572656420696EBC
S214042F30207365636F6E64732E1F546865206D611D
S214042F4078696D756D207265706F7274696E67202E
S214042F50696E74657276616C2C206D65617375722A
S214042F60656420696E207365636F6E64732E1F54E8
S214042F706865206D696E696D756D206368616E673E
S214042F806520746F20746865206174747269627554
S214042F90746520746861742077696C6C207265733C
S214042FA0756C7420696E2061207265706F7274206F
S214042FB06265696E672073656E742E1F0052656DB8
S214042FC06F76657320616E20656E74727920667202
S214042FD06F6D20746865207265706F7274207461FA
S214042FE0626C652E0054686520696E646578206F8F
S214042FF06620746865207265706F727420746F2022
S21404300062652072656D6F7665641F00436C65614A
S214043010727320616C6C20656E74726965732066C9
S214043020726F6D20746865207265706F7274207498
S21404303061626C652E005072696E747320746865E4
S214043040207265706F7274207461626C652E00570E
S2140430506970657320616C6C206461746120696EAC
S214043060207468652073746F726167652064657682
S2140430706963652E005072696E74732061726269AA
S2140430807472617279206279746573206F66207435
S2140430906865204F544120696D616765206F6E2016
S2140430A06469736B2E0054686520696E64657820C5
S2140430B06F662074686520696D61676520746F208B
S2140430C07072696E742069747320646174611F542D
S2140430D06865206F666673657420696E746F207405
S2140430E06865204F544120696D6167652074686186
S2140430F0742077696C6C206265207072696E7465E2
S214043100641F005072696E747320696E666F726D08
S2140431106174696F6E2061626F75742074686520CF
S21404312073746F72616765206465766963652E00E3
S21404313052656C6F6164207468652073746F726185
S2140431406765206465766963652E0044656C6574FE
S21404315065732074686520696D61676520617420F5
S2140431607468652073706563696669656420696E52
S2140431706465782E0054686520696E6465782061FD
S2140431807420776869636820746F20626567696E67
S2140431902064656C6574696E672074686520696D63
S2140431A06167651F005072696E74732074686520C9
S2140431B0696D616765732E00456E61626C65732088
S2140431C04F544120646F776E6772616465732E0096
S2140431D044697361626C6573204F544120646F7751
S2140431E06E6772616465732E0053656E6473206146
S2140431F06E2055706772616465456E6452657175BC
S21404320065737420746F20616E204F54412073657B
S214043210727665722E0043616E2062652075736552
S2140432206420746F2064796E616D6963616C6C7977
S214043230207475726E206F66662073656E64696EA0
S2140432406720706167652072657175657374732095
S2140432506F6E2074686520636C69656E742073698C
S21404326064652C20696620746865207365727665CB
S2140432707220646F65736E277420737570706F7236
S21404328074207468697320666561747572652E00AF
S214043290426F6F6C65616E2076616C75652074751F
S2140432A0726E696E67206F6E20283129206F722037
S2140432B06F6666202830292074686520706167650B
S2140432C0207265717565737420666C61671F0053A0
S2140432D0656E647320616E20696D61676520626C3B
S2140432E06F636B207265717565737420666F7220E8
S2140432F0612066696C6520746865207365727665FE
S214043300722073686F756C64206E6F7420686176C3
S214043310652E202054657374206861726E6573731D
S214043320206F6E6C792028746573742063617365EE
S21404333020392E352E36202D204D697373696E671D
S2140433402046696C6529005072696E747320696E34
S214043350666F726D6174696F6E206F6E2074686537
S2140433602063757272656E74207374617465206F61
S2140433706620746865204F544120636C69656E74DA
S21404338020646F776E6C6F61642E0053746F707375
S21404339020746865204F5441207374617465206DF1
S2140433A0616368696E652E00537461727473207469
S2140433B06865204F544120636C69656E742073748D
S2140433C0617465206D616368696E652E2054686556
S2140433D0207374617465206D616368696E6520642A
S2140433E06973636F7665727320746865204F544101
S2140433F0207365727665722C2071756572696573C3
S21404340020666F72206E657720696D616765732C20
S21404341020646F776E6C6F616473207468652069CE
S2140434206D6167657320616E6420776169747320CB
S214043430666F7220746865207365727665722063A1
S2140434406F6D6D616E6420746F2075706772616451
S214043450652E005072696E747320746865206D6101
S2140434606E7566616374757265722049442C2049D2
S2140434706D61676520547970652049442C20616E1F
S214043480642056657273696F6E20696E666F726D1E
S2140434906174696F6E20746861742061726520754A
S2140434A0736564207768656E20612071756572792E
S2140434B0206E65787420696D616765206973207372
S2140434C0656E7420746F2074686520736572766503
S2140434D0722062792074686520636C69656E742E48
S2140434E000506572666F726D73207369676E6174DF
S2140434F075726520766572696669636174696F6E54
S214043500206F6E2074686520696D6167652061743C
S21404351020746865207370656369666965642069EC
S2140435206E6465782E0054686520696E646578203C
S214043530617420776869636820746F2062656769C0
S2140435406E20766572696669636174696F6E206F52
S214043550662074686520696D6167651F00426F6F39
S214043560746C6F6164732074686520696D61676547
S2140435702061742074686520737065636966696584
S2140435806420696E6465782062792063616C6C6976
S2140435906E6720746865204F544120626F6F746CA8
S2140435A06F61642063616C6C6261636B2E005468A7
S2140435B06520696E6465782061742077686963683D
S2140435C020746F20626567696E20626F6F746C6F1B
S2140435D06164696E672074686520696D6167651F3C
S2140435E0005072696E747320696E666F2061626F34
S2140435F075742074686520696E7374616C6C656498
S21404360020626F6F746C6F616465722E005375620E
S2140436107472616374732061206368616E6E656C96
S2140436202066726F6D2065697468657220746865BB
S214043630207072696D617279206F72207365636F92
S2140436406E64617279206368616E6E656C206D616C
S214043650736B206F6620746865206E6574776F726E
S2140436606B2D7374656572696E6720636F6D706F1A
S2140436706E656E742E00546865206368616E6E65B0
S2140436806C206D61736B20746F2073756274726145
S214043690637420746865206368616E6E656C20666A
S2140436A0726F6D1F546865206368616E6E656C206A
S2140436B0746F207375627472616374207468652015
S2140436C06D61736B2066726F6D1F004164647320B6
S2140436D061206368616E6E656C20746F2065697422
S2140436E068657220746865207072696D61727920ED
S2140436F06F72207365636F6E6461727920636861AC
S2140437006E6E656C206D61736B206F6620746865E1
S214043710206E6574776F726B2D7374656572696E4F
S2140437206720636F6D706F6E656E742E00546865E7
S214043730206368616E6E656C206D61736B20746FB8
S214043740206164642061206368616E6E656C207419
S2140437506F1F546865206368616E6E656C20746FB5
S2140437602061646420746F20746865206D61736BD7
S2140437701F005365747320656974686572207468E5
S21404378065207072696D617279206F72207365634B
S2140437906F6E64617279206368616E6E656C206D0D
S2140437A061736B2E00546865206368616E6E656C89
S2140437B0206D61736B20746F20737562747261631D
S2140437C07420746865206368616E6E656C2066722A
S2140437D06F6D1F5468652076616C756520746F2064
S2140437E073657420746865206368616E6E656C200A
S2140437F06D61736B20746F2E1F0053657473207491
S2140438006865207072652D636F6E6669677572658C
S21404381064206B657920736F207468617420746803
S21404382065206A6F696E696E67206465766963658C
S2140438302063616E20656E74657220746865206E00
S2140438406574776F726B2E005365747320746865A5
S21404385020707265636F6E66696775726564206B47
S21404386065791F0053746F707320746865206E65E5
S21404387074776F726B207374656572696E672070F7
S214043880726F636573732E0053746172747320745D
S2140438906865206E6574776F726B207374656572E5
S2140438A0696E672070726F636573732E0041206DB6
S2140438B061736B206F66206F7074696F6E73206619
S2140438C06F7220696E6469636174696E67207370D1
S2140438D0656369666963206265686176696F7220EC
S2140438E077697468696E20746865206E6574776F8E
S2140438F0726B2D7374656572696E672070726F6380
S2140439006573732E1F00446973706C617973207439
S21404391068652063757272656E742073746174755D
S21404392073206F6620746865206E6574776F726B9B
S214043930207374656572696E672070726F63657351
S214043940732E00436C656172732074686520677219
S2140439506F757073207461626C65206F6E20657677
S21404396065727920656E64706F696E740050726952
S2140439706E747320696E666F726D6174696F6E2003
S21404398061626F75742074686520636F6E74656E0B
S2140439907473206F66207468652067726F75707321
S2140439A0207461626C652E0041727469666963698D
S2140439B0616C6C792064726F707320746865206221
S2140439C06C6F636B206E756D6265722064656669E4
S2140439D06E6564206279207468652070617373650F
S2140439E06420617267756D656E74206F6E6C7920E5
S2140439F06F6E63652C20616E64207468656E20614A
S214043A006C6C6F77732069742075706F6E206120FC
S214043A1072657472792E0054686520626C6F636BED
S214043A20206E756D62657220746F206172746966AB
S214043A30696369616C6C792064726F7020746F209E
S214043A40666F7263652061207265747279202D201A
S214043A5073657420746F203078464620746F206433
S214043A60697361626C651F005365747320746865BE
S214043A7020726563656976652077696E646F772062
S214043A8073697A652E2020427920646566696E69BA
S214043A9074696F6E20696E2074686520536D617258
S214043AA07420456E657267792070726F66696C65FE
S214043AB0206974206D7573742062652073657420A4
S214043AC0746F203120627574207468697320616C89
S214043AD06C6F777320697420746F20626520636846
S214043AE0616E6765642E00546865206D6178206E8B
S214043AF0756D626572206F662074686520626C6FEF
S214043B00636B7320726563656976656420626566B7
S214043B106F726520616E204150532061636B20698B
S214043B20732067656E6572617465641F004D616B12
S214043B3065732074686973206E6F6465207374619E
S214043B407274206964656E74696679696E6720614B
S214043B507320612074617267657420666F722062D8
S214043B60696E64696E67207769746820616E20697F
S214043B706E69746961746F72206E6F64652E00548A
S214043B80686520656E64706F696E74206F6E20774A
S214043B906869636820746F20626567696E2074685C
S214043BA0652046696E64696E6720616E64204269AA
S214043BB06E64696E67207461726765742070726FD4
S214043BC0636573731F004D616B6573207468697356
S214043BD0206E6F6465207374617274207468652047
S214043BE0696E69746961746F722070617274206F93
S214043BF066207468652066696E64696E6720616E07
S214043C00642062696E64696E672070726F636573A0
S214043C10732E0054686520656E64706F696E742038
S214043C206F6E20776869636820746F2062656769C1
S214043C306E207468652046696E64696E6720616EDE
S214043C40642042696E64696E6720696E697469618E
S214043C50746F722070726F636573731F005365749C
S214043C607320776865746865722074686520434CB1
S214043C704920666F72636573207468652064657690
S214043C8069636520746F2073686F727420706F6C3C
S214043C906C2E005468652076616C756520696E64C8
S214043CA069636174696E67207768657468657220F5
S214043CB0746865206465766963652073686F756CDF
S214043CC0642073686F727420706F6C6C1F00536589
S214043CD074732077686574686572207468652064F8
S214043CE065766963657320706F6C6C20636F6D70A6
S214043CF06C657465642063616C6C6261636B2066DA
S214043D00756E6374696F6E20697320656E61626C8C
S214043D1065642E005468652076616C756520696E4E
S214043D206469636174696E67207768657468657230
S214043D3020746865206465766963657320706F6CAB
S214043D406C20636F6D706C657465642063616C6C65
S214043D506261636B2066756E6374696F6E20697347
S214043D6020656E61626C65641F00446973706C61E3
S214043D7079732074686520737461747573206F6634
S214043D802074686520456E642044657669636573AF
S214043D9020706F6C6C696E672E00456E61626C6590
S214043DA02F64697361626C65206465627567206060
S214043DB06C656761637920617070206672616D65F9
S214043DC0776F726B20646562756760207072696EC7
S214043DD07420747970652E00456E61626C652F647C
S214043DE0697361626C651F00456E61626C652F6461
S214043DF0697361626C6520646562756720607A63C6
S214043E006C60207072696E7420747970652E00453B
S214043E106E61626C652F64697361626C65206465AB
S214043E20627567206061707060207072696E7420BD
S214043E30747970652E00456E61626C652F646973D3
S214043E4061626C652064656275672060636F726585
S214043E5060207072696E7420747970652E00456EE9
S214043E6061626C652F64697361626C652064656267
S214043E7075672060737461636B60207072696E741A
S214043E8020747970652E0053656E64732061207209
S214043E9065717565737420666F72204F5441206394
S214043EA06F756E746572732E005265736574732035
S214043EB0616C6C207468726573686F6C64732076CA
S214043EC0616C75657320746F203078464646462EBE
S214043ED000536574732061207468726573686F6C30
S214043EE0642076616C756520666F7220612070614F
S214043EF072746963756C61722074797065206F667C
S214043F0020636F756E7465722E0054797065206F29
S214043F106620636F756E7465721F54687265736885
S214043F206F6C642056616C75651F005072696E7400
S214043F307320746865207468726573686F6C647344
S214043F40206F6620616C6C2074686520636F756EE4
S214043F50746572732E00436C6561727320616C6CB9
S214043F6020636F756E7465722076616C7565732E4A
S214043F70005072696E747320616C6C20636F756E8A
S214043F807465722076616C7565732E005072696E66
S214043F907473207468652076616C7565206F66207E
S214043FA07468697320706172746963756C617220D9
S214043FB0636F756E7465722E0054686520636F7542
S214043FC06E746572207479706520746F20707269DF
S214043FD06E741F005072696E747320616C6C20637B
S214043FE06F756E7465722076616C75657320616E8C
S214043FF06420636C65617273207468656D2E00536B
S2140440006574204D464720746F6B656E2C204341C3
S2140440104E4E4F5420424520554E53455420425947
S21404402020434C492E005072696E74204D4647203A
S214044030746F6B656E2E005072696E7420616374C3
S214044040697665206576656E74732E0044697361BF
S214044050626C652074686520656E64706F696E7442
S21404406020666F72205A434C206D657373616765D2
S214044070732E00456E64706F696E7420696E646595
S214044080781F00456E61626C6573207468652065F0
S2140440906E64706F696E7420666F72205A434C208B
S2140440A06D657373616765732E005072696E742054
S2140440B0737461747573206F6620656E64706F69BF
S2140440C06E74732E0053686F777320746865207659
S2140440D0657273696F6E206F662074686520736FEF
S2140440E06674776172652E00536574207468652063
S2140440F0636F6E66696775726564203830322E3178
S214044100352E3420434341206D6F646520696E204C
S21404411074686520726164696F2E20536565206437
S2140441206F63756D656E746174696F6E2072656712
S214044130617264696E67205241494C5F4945454542
S2140441403830323135345F4363614D6F64655F7474
S2140441502E0041205241494C5F494545453830328E
S2140441603135345F4363614D6F64655F74207661F7
S2140441706C75651F0052657475726E7320505449D1
S21404418020726164696F20636F6E66696720696E6A
S214044190666F726D6174696F6E20746F20646574E7
S2140441A065726D696E652074686520504859207480
S2140441B0797065206265696E672075736564206230
S2140441C079205241494C2E2072657475726E2076A1
S2140441D0616C756520697320656E756D2052414962
S2140441E04C5F494545453830323135345F50746943
S2140441F0526164696F436F6E6669675F7420652EEB
S2140442006720205241494C5F494545453830323194
S21404421035345F5054495F524144494F5F434F4ED3
S2140442204649475F32503447485A203D203078305C
S2140442303055205241494C5F494545453830323166
S21404424035345F5054495F524144494F5F434F4EA3
S2140442504649475F32503447485A5F414E544449B2
S21404426056203D203078303155205241494C5F4924
S2140442704545453830323135345F5054495F5241F4
S21404428044494F5F434F4E4649475F325034474890
S2140442905A5F434F4558203D2030783032552052DF
S2140442A041494C5F494545453830323135345F50D5
S2140442B054495F524144494F5F434F4E4649475F16
S2140442C032503447485A5F414E544449565F434F30
S2140442D04558203D2030783033550053656E64735E
S2140442E020612072656164206174747220666F7246
S2140442F0207468652074696D65206F66207468652F
S21404430020646576696365207370656369666965AC
S214044310642E2049742073657473206120666C6172
S2140443206720736F207768656E20697420676574EC
S214044330732074686520726573706F6E7365206988
S2140443407420777269746573207468652074696D67
S2140443506520746F20697473206F776E2074696D9E
S2140443606520617474722E0049641F737263456E0F
S21404437064706F696E741F64657374456E64706FE1
S214044380696E741F005768656E2073656E64696E87
S21404439067207573696E6720612062696E64696E52
S2140443A0672C207370656369666965732077686532
S2140443B0746865722061206D756C746963617374CA
S2140443C02062696E64696E672073686F756C64201A
S2140443D0626520757365642E007573654D756C741F
S2140443E0696361737442696E64696E671F0053651E
S2140443F06E64732061207072652D627566666572E0
S2140444006564206D756C746963617374206D65737F
S2140444107361676520746F206120676976656E2016
S21404442067726F75702049442066726F6D20612034
S214044430676976656E20656E64706F696E742E00AB
S21404444067726F757049641F7372632D656E64704E
S2140444506F696E741F004372656174657320612012
S2140444606D6573736167652062792073706563692F
S2140444706679696E67207468652072617720627950
S2140444807465732E20557365207468652073656E95
S2140444906420636F6D6D616E6420746F2073656E47
S2140444A06420746865206D657373616765206F6E3C
S2140444B0636520697420686173206265656E206395
S2140444C07265617465642E2045783A20726177209F
S2140444D0307830303046207B303020304120303049
S2140444E02031312032322033332034342035357DA8
S2140444F02073656E64732061206D657373616765F0
S21404450020746F20636C75737465722031352028AF
S21404451030783030304629206F66206C656E6774BC
S21404452068203820776869636820696E636C7564F0
S214044530657320746865205A434C20686561646519
S214044540722E00436C757374657249641F446174FB
S214044550611F0052657365747320746865206E6FFE
S21404456064652E005772697465732061206D6573E7
S214044570736167652E00456E64706F696E741F43C1
S2140445806C75737465722049441F41747472696251
S2140445907574652049441F4D61736B1F44617461D3
S2140445A020747970651F4461746120627974651F94
S2140445B00052656164732061206D6573736167657D
S2140445C02E00456E64706F696E741F436C75737449
S2140445D065722049441F417474726962757465205B
S2140445E049441F31206966207365727665722064BB
S2140445F06972656374696F6E2C2030206966206367
S2140446006C69656E7420646972656374696F6E1F85
S2140446100053656E64732061206D6573736167650E
S2140446202E0044657374696E6174696F6E1F536FF0
S2140446307572636520656E64706F696E741F446579
S2140446407374696E6174696F6E20656E64706F69E9
S2140446506E741F00536F7572636520656E64706FA9
S214044660696E741F004C6973747320776869636895
S214044670206F7074696F6E616C206C69627261720F
S214044680696573206F662074686520737461636B54
S2140446902061726520696D706C656D656E74656405
S2140446A0206F6E2074686973206465766963652E6E
S2140446B0005072696E747320696E666F726D6174F1
S2140446C0696F6E2061626F757420746865206E650C
S2140446D074776F726B2073746174652C20636C75C9
S2140446E073746572732C20616E6420656E64706FDB
S2140446F0696E74732E006F66667365741F0050725D
S214044700696E747320696E666F726D6174696F6E1C
S21404471020666F7220616C6C20617661696C6162E0
S2140447206C6520736C6F74732E005265616473201D
S21404473072617720646174612066726F6D20666CA6
S2140447406173682073746F726167652E00416464D8
S2140447507265737320746F20726561641F4E756D85
S214044760626572206F6620627974657320746F20A8
S214044770726561641F005072696E747320666C61A2
S21404478073682073746F7261676520696E666F72F2
S2140447906D6174696F6E2E00457261736573207463
S2140447A068652073706563696669656420736C6FF9
S2140447B0742049442E0053746F7261676520736CCD
S2140447C06F74206E756D6265721F00426F6F74732E
S2140447D02074686520696D61676520696E20746859
S2140447E0652073706563696669656420736C6F74AD
S2140447F02049442E00434C4920696E7374616E63ED
S21404480065206578616D706C650064756D6D795FA3
S214044810696E7374005A434C20636F6D6D616E64E9
S2140448207300626173696300676C6F62616C006D2C
S21404483066672D636F6465007573652D6E657874A1
S2140448402D73657175656E636500782D64656661A4
S214044850756C742D7265737000746573742D72654F
S21404486073706F6E73652D6F6E00746573742D723E
S2140448706573706F6E73652D6F6666005A434C20C1
S214044880626173696320636C757374657220636F09
S2140448906D6D616E6473007274666400436F6D6D53
S2140448A0616E642074686174207265736574732025
S2140448B0616C6C20617474726962757465207661CB
S2140448C06C75657320746F20666163746F727920EB
S2140448D064656661756C742E005241494C006C6FB9
S2140448E07765722D6D61632D7261696C2D38303277
S2140448F02E31352E342E63006C69627261696C2E1B
S2140449006100756E636C61696D65640062756666E8
S21404491065722D6D616E6167656D656E742E6300DC
S2140449206576656E742D71756575652E63007A6996
S214044930676265652D75707065722D6D61632E6393
S214044940006E65696768626F722E63006173736FC9
S21404495063696174696F6E2E630031383231730097
S2140449603134323231003132310032730031323276
S214044970313132003132323131003238310038319F
S2140449803100313832313100313231313132313265
S2140449903232317300313232003132313132323117
S2140449A0003131313100323238006D61632D6D755E
S2140449B06C74692D6E6574776F726B2E63006C650C
S2140449C0676163792D7061636B65742D62756666C5
S2140449D065722E6300000000000002000000000064
S2140449E000000000BA0400000000020000000000FE
S2140449F000000000BA040000000102030E312E314C
S214044A002E322D37303238616662650001000002AE
S214044A10030301000600000000000300000000007D
S214044A2013B779FAC925DDB7ADF3CFE0F1B614B8FC
S214044A300102000000000000FFFFFFFF010000006D
S214044A40010000000000000000000000000000005C
S214044A50000000000000000000000000000000004D
S214044A60000000000000000000000000000000003D
S214044A70033F1F00050E0300010E0300DF0D0300B5
S214044A80AD0D03003D0E03000F0E0300AF0D030033
S214044A902C000000020202030000000001020000D5
S214044AA0000801B4484B04000008015A044B0400F3
S214044AB000080040C04A0400000000000000000097
S214044AC00000FCFEFFFF000000000000FFFF0000E7
S214044AD000000000FFFF000000000000FFFF0000D1
S214044AE00000000040001806F4D200002C00B002BB
S214044AF03DBE00001700F2000C7C00000C004100D4
S214044B009E4200006400FCFEFFFF00000000000060
S214044B10FFFF0000000000005A00F306A554FEFF45
S214044B202100A301A1FEFFFF1100A60083270000B9
S214044B300A006100DC26000006003B00F8200000A6
S214044B4003001500AD130000C800FCFEB4008B087B
S214044B507BC0FBFF4D00E402E756FFFF2C00A201DA
S214044B6083EBFFFF1A000301B31A00001100A30031
S214044B70552900000A005E005A28000006003A0084
S214044B802122000004001800731600003FFF0300F3
S214044B9081B2030081B2030081B2030081B2030034
S214044BA081B2030081B2030081B2030081B2030024
S214044BB081B2030081B2030081B2030081B2030014
S214044BC081B2030081B2030081B2030081B2030004
S214044BD081B2030081B2030081B2030081B20300F4
S214044BE081B2030081B2030081B2030081B20300E4
S214044BF081B2030081B2030081B203008FB20300C6
S214044C0081B20300A4B2030081B2030081B20300A0
S214044C10C9B2030081B2030081B2030081B203006B
S214044C2081B20300F1B2030081B2030081B2030033
S214044C3081B2030081B2030009B3030081B203000A
S214044C4027B303000B0000000B0000000200000066
S214044C500000202000000000030000008C8C3C00B4
S214044C6000000000000000000000000000000058E3
S214044C701200000000000000FFFFFFFFFFFFFFFF21
S214044C80FFFFFFFF554E4B00474F200042544C0099
S214044C90474F3200474F3300474F3400474F3500E5
S214044CA0474F3600474F3700474F3800474F3900C5
S214044CB0474F4100474F4200474F4300474F440089
S214044CC0474F4500474F46004A4D50004244520065
S214044CD05550520042544D004D534D0046544C001E
S214044CE0554E4B00474F200042544C00424144006E
S214044CF046544C00465243004F54410044534C0023
S214044D004241500055504700544D45004641550019
S214044D10545A4600554E4B0050494E00454D3400FB
S214044D20554E4B0048562000554E4B0045585000F3
S214044D304C574D00554E4B005242540044534C00C1
S214044D40454D3400554E4B0041535400554E4B00D0
S214044D5056465900494E4800554E4B004C434B00AE
S214044D6058544C004F424600554E4B00485244009F
S214044D704D454D00425553005553470044424700A5
S214044D80444D410056435400554E4B0055502000A8
S214044D905250200041503000415031004150200014
S214044DA04450200044454300844C0400884C0400CE
S214044DB0E04C0400144D0400204D0400284D04006B
S214044DC0344D0400444D04004C4D0400584D04007A
S214044DD0684D0400884D0400554E4B004649420079
S214044DE042544C004558540050575200574447000C
S214044DF02053570043525300465348004241440050
S214044E00464C540042524F000104010303060105B8
S214044E10010501090600060B0000070B050B000040
S214044E2000000000000000000400E40C0A00010476
S214044E30100100000005000200000300C450040036
S214044E40C0500400AC500400A8500400A450040051
S214044E50A05004008E5004007E50040064500400E9
S214044E605C500400525004005050040038500400B3
S214044E70355004002D5004001C5004000C5004004F
S214044E80FA4F0400E04F0400D84F0400CC4F04004F
S214044E90C84F0400C44F0400B64F0400AB4F0400D0
S214044EA0924F0400794F04001D4F04001C4F040069
S214044EB00C4F0400E44E0400D94E0400D84E0400FF
S214044EC0C44E0400000000000000000000000000C3
S214044ED000000000000000000F00000000000000BA
S214044EE000000000000000000000000000000000B9
S214044EF000000000000000000000000000000000A9
S214044F000000000000000000000000000100000097
S214044F100000000000000000000000000F00000079
S214044F200000000000000000000000000000000078
S214044F300000000000000000000000000000000068
S214044F400000000000000000000000000000000058
S214044F500000000000000000000000000000000048
S214044F600000000000000000000000000000000038
S214044F700000000000000000000000000000000028
S214044F800000000000000000000000000000000018
S214044F900000000000000000000000000000000008
S214044FA000000000000000000000000000000000F8
S214044FB000000000000000000000000000000000E8
S214044FC0000000000000000000000000FFFFFFFFDC
S214044FD0FFFFFFFFFFFF00000000000000000000CE
S214044FE000000000000000000000000000000000B8
S214044FF000000000000000000000000000000000A8
S2140450000000000000000000000000000000000097
S2140450100000000000000000000000000000000087
S21404502000000000000000000000000000FFFFFF7A
S214045030FFFFFFFFFF9C0000FF00000000000000D1
S21404504000000000000000000000000080000000D7
S2140450500000FFFFFFFFFFFFFFFFFFFF0000000051
S214045060FFFF000000000000000000000000000039
S2140450700000000000000000000000000000FFFF29
S214045080FF00000000000000000000000000000018
S2140450900000000000000000000000000000000007
S2140450A000000000000000000000000000000000F7
S2140450B000000000000000000000000000000000E7
S2140450C000000000FC0301010101010101010101CE
S2140450D001010101010000000000000100200000A1
S2140450E00000000101000020020411040402111053
S2140450F01A080A021801081110111A080A04020DE7
S2140451000B19195C0110280B0114000000000000A4
S2140451100000000000000000000101010101010080
S214045120010101010101010000010101000100016A
S2140451300100000000000000000000000000000065
S2140451400001000000000000000000000000000055
S21404515001FF010023E1010075E4010063E20100A0
S21404516063E5010062E1010079EB010064EE0100F1
S21404517024E1010025E1010026E1010027E1010008
S21404518028E1010029E101002AE1010000000100F4
S21404519080000100000101008001010000020100FE
S2140451A08002010020E20100000301000005010066
S2140451B080050100000601002C890100800601001C
S2140451C00007010001E5010002E5010000080100F6
S2140451D0800801000040010086321010FFFFFFFF28
S2140451E0FFFFFFFFB5BB0300BBBB0300C1BB03004F
S2140451F0C7BB0300CDBB03005677777777777777FF
S21404520077777777777777775A6967426565416CFA
S2140452106C69616E636530395A6967426565416CCD
S2140452206C69616E636530394E574B2053746565FF
S21404523072696E67000095969595950507090D00A9
S21404524000000000000102030406000033D403003B
S214045250CEE70300E8E70300FFE7030012E80300D5
S21404526022E8030036E8030048E8030058E8030091
S21404527074E8030089E803000208010D0D0101012A
S21404528012010000FFFFFFFFFFFFFFFF000000000A
S21404529000000000010905010002000000000003F0
S2140452A01EF1EE0BB4520400CAF403003FFF0300E1
S2140452B0FE000000E6F4030014540400000000009E
S2140452C0F0F403000454040000000000FDF403009E
S2140452D0F4530400000000000AF50300E45304003D
S2140452E00000000028F50300D0530400000000006E
S2140452F020F50300BC5304000000000027F503005B
S214045300A85304000000000035F503009853040079
S21404531000000000A7F3030084530400000000000C
S2140453202EF5030074530400000000003AF5030051
S2140453306053040000000000E6B903005053040064
S2140453400000000000000000000000000000000054
S214045350F32503004BF5030088F50300010100FF65
S214045360F9E90000B1F50300F6F5030001010001B8
S2140453700107FF00B5E9000043F60300AEF603009C
S214045380010100FFF5E80000CFF60300E8F603008D
S21404539000010100FF000000052603000DF70300CE
S2140453A065F703000101FF00ED2503007CF7030009
S2140453B0D3F7030001010207FF000000E7250300FE
S2140453C07CF70300D3F7030001010207FF00000087
S2140453D0E12503007CF70300D3F70300010102076D
S2140453E0FF000000A9E80000F4F7030033F8030008
S2140453F0010101FF49E8000052F8030097F8030092
S214045400010000FF05E8000052F8030097F80300C7
S214045410010000FF8DE80000BEF80300C4F6030098
S21404542000FF0000DB25030013F90300DF2304005C
S214045430FF000000D525030086F90300DF230400DF
S214045440FF000000E5E70000F5F903006AFA030030
S21404545000FF0000BDE7000082FA0300E4FA030040
S21404546000FF0000C7250300F5FA03003BFB03001A
S21404547002FF000085E7000044FB0300B8FB0300BE
S21404548001FF000000000000B8FE03001100000049
S214045490C4FE030012000000CCFE0300130000004C
S2140454A0D4FE030021000000DCFE030022000000FE
S2140454B0E3FE030023000000EAFE0300AA00000047
S2140454C0F1FE0300FF00000000000000FFFFFFFFE6
S2140454D0FFFFFFFF000000000000000000000108BE
S2140454E00109020A030B040C050D060E070F08102B
S2140454F001180119021A031B041C051D061E071FAA
S2140455000820012102220323042405250626072752
S21404551008280129022A032B042C052D062E072F02
S21404552008300131023203380239043A08E004E153
S21404553004E204E802E902EA04F008F110000000BC
S2140455400000000004050000A855040002000F0037
S214045550D055040002000F00F855040002000F00A6
S2140455602056040002000F004856040002000F00F4
S2140455707056040002000F009856040002000F0044
S214045580C056040002000F00E856040002000F0094
S2140455901057040002000F003857040002000F00E2
S2140455A06057040002000F00000000008857040043
S2140455B00300000040000000000000001900000086
S2140455C0AC57040004000F00800000000000000038
S2140455D0000000008857040003000000400000009C
S2140455E00000000019000000AC57040004000F007F
S2140455F0800000000000000000000000885704003F
S2140456000300000040000000000000001900000035
S214045610AC57040004000F008000000000000000E7
S214045620000000008857040003000000400000004B
S2140456300000000019000000AC57040004000F002E
S21404564080000000000000000000000088570400EE
S21404565003000000400000000000000019000000E5
S214045660AC57040004000F00800000000000000097
S21404567000000000885704000300000040000000FB
S2140456800000000019000000AC57040004000F00DE
S214045690800000000000000000000000885704009E
S2140456A00300000040000000000000001900000095
S2140456B0AC57040004000F00800000000000000047
S2140456C000000000885704000300000040000000AB
S2140456D00000000019000000AC57040004000F008E
S2140456E0800000000000000000000000885704004E
S2140456F00300000040000000000000001900000045
S214045700AC57040004000F008000000000000000F6
S214045710000000008857040003000000400000005A
S2140457200000000019000000AC57040004000F003D
S21404573080000000000000000000000088570400FD
S21404574003000000400000000000000019000000F4
S214045750AC57040004000F008000000000000000A6
S214045760000000008857040003000000400000000A
S2140457700000000019000000AC57040004000F00ED
S214045780800000000000000000002001200000004F
S21404579008000000040042213000000020580400E5
S2140457A000FF420030000000000000000000F00887
S2140457B0400000004158040001002304400000009B
S2140457C049580400060030014000000000000000B4
S2140457D0FDFF210240000000010000001900000443
S2140457E01900010119000204190003011900050437
S2140457F0190006011900070404004100610A0100AB
S21404580006004100FB2D030019008100512701000A
S21404581019008400DD310100008000000000000053
S21404582006435553544F4D0000000000000000008E
S214045830000000000000000000000000000000005F
S21404584000FFFFFFFFFFFFFFFFFFFFFFFF00040156
S2140458500401040104010401040104010401040117
S214045860040104010401FFFFFFFFFFFFFFFFFFFF2A
S214045870FFFFFFFFFFFFFFFFFFFFFFFFFFFF00012C
S21404588002030405060708090A0B1F1C1F1E1F1E19
S2140458901F1F1E1F1E1F07021F012F0037013F0078
S2140458A05701DF02E700FF020000000000000000CE
S2140458B000000000000000000000000000000000DF
S2140458C0000000000000000000000000570504006F
S2140458D0190000005D050400FFFF00000000000042
S2140458E028060400330604003FFF03003B060400BA
S2140458F0490604003FFF03005C0604006706040034
S2140459007506040079060400890604003BD50300E6
S214045910990604009D060400A8060400B2060400C6
S214045920BC060400C0060400CE060400E20604001A
S214045930F8060400008000000000000000000000DC
S21404594000000000FFFFFFFFFF0000000000000053
S214045950B5B5010000000000000000000000F03FA4
S2140459600000000000002440000000000000594031
S2140459700000000000408F40000000000088C34084
S21404598000000000006AF8400000000080842E41F9
S21404599000000000D01263410000000084D7974145
S2140459A00000000065CDCD41B4D803001470040097
S2140459B0000000001E100400047004000000000034
S2140459C023100400F46F04000000000024100400F8
S2140459D0E46F04000000000035F50300D06F0400F7
S2140459E00000000028F50300BC6F0400000000005F
S2140459F029100400AC6F0400000000002F100400FF
S214045A009C6F040000000000331004008C6F040038
S214045A1000000000421004007C6F04000000000038
S214045A205F1004006C6F040000000000681004009F
S214045A305C6F0400000000007D1004004C6F04003E
S214045A400000000076E603003C6F0400000000003F
S214045A508D100400FC6E0400000000009314040083
S214045A6058660400000000004004040018660400A1
S214045A7000000000941004005865040000000000B4
S214045A809D1004005C64040000000000AA100400DA
S214045A900460040000000000C6060400DC5E040087
S214045AA000000000B1100400DC5E040001000000E9
S214045AB0B51004009C5E040000000000BA10040048
S214045AC0605D04000000000073B30300605D040022
S214045AD001000000AA100400046004000000000096
S214045AE0C11004000460040001000000C610040095
S214045AF02C5D040000000000D01004002C5D04009F
S214045B0001000000D81004005C5B040000000000E4
S214045B10EBBA0300285B040000000000000000004D
S214045B200000000000000000385B0400DC100400E5
S214045B303FFF0300FE000000F410040000670400AA
S214045B400000000068150400F06604000000000071
S214045B500000000000000000000000006C5B040071
S214045B60F91004003FFF0300FE0000000F110400BC
S214045B70806804000000000015110400706804002A
S214045B80000000001B110400606804000000000010
S214045B9024110400506804000000000025B8030027
S214045BA040680400000000002FB6030008680400E4
S214045BB0000000003DBF0300F4670400000000007E
S214045BC02E110400E4670400000000002ABB030052
S214045BD0D46704000000000033110400C467040006
S214045BE0000000003A110400B4670400000000003E
S214045BF0D6C90300A4670400000000003F11040097
S214045C00F85C04000000000046110400A05C0400D8
S214045C10000000004E1104006C5C0400000000004C
S214045C205A110400385C0400000000000000000064
S214045C300000000000000000485C04006511040039
S214045C403FFF0300FE000000AFCF03002067040000
S214045C50000000000DF103001067040000000000BF
S214045C600000000000000000000000007C5C04004F
S214045C70861104003FFF0300FE000000AFCF0300C0
S214045C8040670400000000000DF1030030670400C4
S214045C9000000000000000000000000000000000FB
S214045CA0B05C0400A81104003FFF0300FE000000DF
S214045CB0C61104009067040000000000B716040034
S214045CC08067040000000000D5110400706704001B
S214045CD000000000DA110400606704000000000001
S214045CE0E1110400506704000000000000000000FA
S214045CF00000000000000000085D0400E611040037
S214045D003FFF0300FE00000071CF03002C68040070
S214045D1000000000031204001868040000000000DD
S214045D200000000000000000000000003C5D0400CD
S214045D300B1204003FFF0300FE00000027120400BD
S214045D40C068040000000000C6060400B068040032
S214045D50000000000000000000000000000000003A
S214045D60705D04002C1204003FFF0300FE000000D8
S214045D7045120400706904000000000032CC0300E1
S214045D8060690400000000004E120400506904001C
S214045D900000000027120400A068040000000000B1
S214045DA0531204009068040000000000601204000F
S214045DB05C5E0400000000006E120400285E04000E
S214045DC0000000007C120400E85D040000000000EF
S214045DD09410040058650400000000000000000051
S214045DE00000000000000000F85D040085120400B6
S214045DF03FFF0300FE0000006748040040690400FB
S214045E000000000078480400306904000000000028
S214045E1063E00300206904000000000000000000A6
S214045E200000000000000000385E0400A312040016
S214045E303FFF0300FE000000CD120400906904003A
S214045E40000000004E010400806904000000000009
S214045E500000000000000000000000006C5E04006B
S214045E60D41204003FFF0300FE000000EBBA030058
S214045E70C4690400000000000DF10300B4690400C6
S214045E8000000000B7160400A0690400000000002B
S214045E90000000000000000000000000AC5E0400EB
S214045EA0F41204003FFF0300FE000000EBBA0300F8
S214045EB0F46904000000000014130400E4690400FC
S214045EC0000000000DF10300D46904000000000087
S214045ED0000000000000000000000000EC5E04006B
S214045EE01B1304003FFF0300FE00000035130400EC
S214045EF0286B040000000000FDD00300186B0400AB
S214045F000000000068130400086B04000000000092
S214045F1025B80300F86A04000000000036B8030041
S214045F20E86A0400000000003A130400D86A04007B
S214045F300000000052130400C86A040000000000B9
S214045F405B130400B86A0400000000006213040037
S214045F50A86A0400000000006E130400786A0400B7
S214045F6000000000B7160400686A04000000000081
S214045F707D130400586A04000000000022E10300B8
S214045F80486A04000000000082130400386A040013
S214045F900000000099130400286A040000000000B2
S214045FA0AD130400146A040000000000BD130400CE
S214045FB0046A040000000000CC130400D05F040050
S214045FC000000000000000000000000000000000C8
S214045FD0E05F0400D11304003FFF0300FE0000004E
S214045FE0E8130400986A040000000000F11304009B
S214045FF0886A0400000000000000000000000000A2
S21404600000000000146004003FFF03003FFF03008D
S214046010FE000000F8130400986604000000000068
S21404602005140400DC640400000000000E140400E0
S2140460301C6404000000000021140400E86304004B
S214046040000000002F140400B463040000000000E5
S2140460503D14040080630400000000004B14040098
S214046060E8620400000000005C140400C06204003F
S2140460700000000069140400206204000000000010
S21404608074140400C86104000000000087140400AF
S214046090A06104000000000019F403003C61040041
S2140460A0000000009A140400FC60040000000000D5
S2140460B0A5140400C86004000000000000000000EE
S2140460C00000000000000000D8600400B8140400BB
S2140460D03FFF0300FE000000DC140400486B0400CD
S2140460E000000000E2140400386B04000000000006
S2140460F00000000000000000000000000C61040026
S214046100E61404003FFF0300FE0000001FD1030056
S214046110786B04000000000018150400686B040087
S2140461200000000024150400586B04000000000062
S2140461300000000000000000000000004C610400A5
S2140461403A1504003FFF0300FE000000EBBA03000C
S214046150DC6B0400000000000DF10300CC6B0400AF
S2140461600000000013F10300BC6B040000000000F4
S214046170AFCF0300A86B040000000000561504000F
S214046180986B0400000000006D150400886B040082
S21404619000000000000000000000000000000000F6
S2140461A0B0610400791504003FFF0300FE00000000
S2140461B09E150400EC6B04000000000000000000C4
S2140461C00000000000000000D8610400A3150400CD
S2140461D03FFF0300FE000000C71504003C6C0400EB
S2140461E000000000141304002C6C040000000000DF
S2140461F0D31504001C6C040000000000DA1504002B
S2140462000C6C040000000000E7150400FC6B04009E
S2140462100000000000000000000000000000000075
S21404622030620400F21504003FFF0300FE00000085
S21404623060140400EC6C0400000000000F16040058
S214046240DC6C040000000000B4D80300CC6C04002E
S21404625000000000E2E70300BC6C0400000000003D
S214046260C7130400AC6C0400000000001FD1030038
S2140462709C6C040000000000161604008C6C0400DD
S21404628000000000211604007C6C040000000000DE
S2140462902E1604006C6C0400000000003E16040079
S2140462A05C6C040000000000511604004C6C0400F2
S2140462B000000000000000000000000000000000D5
S2140462C0D0620400631604003FFF0300FE000000D3
S2140462D0B4D80300FC6C04000000000000000000BA
S2140462E00000000000000000F862040081160400AC
S2140462F03FFF0300FE0000001FD103006C6D040086
S21404630000000000E2E703005C6D040000000000EB
S214046310C71304004C6D040000000000A41604001B
S2140463203C6D040000000000D0110400406304002B
S2140463300000000000000000000000000000000054
S21404634050630400BB1604003FFF0300FE00000079
S214046350B71604002C6D040000000000AFCF030045
S2140463601C6D040000000000D11604000C6D04002F
S2140463700000000000000000000000000000000014
S21404638090630400DA1604003FFF0300FE000000DA
S214046390EBBA03008C6D0400000000000DF103004E
S2140463A07C6D0400000000000000000000000000F7
S2140463B000000000C4630400FA1604003FFF030054
S2140463C0FE0000001A170400AC6D04000000000074
S2140463D02D1704009C6D040000000000000000005F
S2140463E00000000000000000F863040043170400E7
S2140463F03FFF0300FE00000063170400CC6D04009A
S2140464000000000032CC0300BC6D04000000000055
S2140464100000000000000000000000002C640400DF
S2140464206D1704003FFF0300FE0000001FD10300A9
S214046430FC6D04000000000092170400EC6D0400DC
S21404644000000000AA170400DC6D04000000000031
S2140464500000000000000000000000006C6404005F
S2140464603FFF03003FFF0300FE000000BB170400CD
S2140464708464040000000000000000000000000027
S21404648000000000946404003FFF03003FFF030085
S214046490FE000000C71704004C6E04000000000055
S2140464A0B70604003C6E040000000000CD1704008C
S2140464B02C6E040000000000D11704001C6E0400BB
S2140464C000000000D51704000C6E04000000000055
S2140464D0000000000000000000000000EC6404005F
S2140464E0E51704003FFF0300FE000000EBBA0300BC
S2140464F0CC6E04000000000000180400BC6E04000B
S2140465000000000013180400AC6E04000000000035
S2140465100DF103009C6E0400000000002018040027
S2140465208C6E040000000000311804007C6E040029
S214046530000000003F1804006C6E04000000000019
S214046540501804005C6E0400000000000000000008
S2140465500000000000000000686504005D180400E8
S2140465603FFF0300FE00000077180400F0680400F4
S21404657000000000AA180400E06804000000000000
S214046580E5180400D068040000000000FC180400AD
S214046590E46504000000000006190400B065040069
S2140465A000000000000000000000000000000000E2
S2140465B0C06504000A1904003FFF0300FE00000043
S2140465C067480400106904000000000078480400CE
S2140465D00069040000000000000000000000000045
S2140465E000000000F4650400291904003FFF0300BE
S2140465F0FE0000004ACC0300EC6E0400000000001D
S214046600B7160400DC6E0400000000000000000062
S2140466100000000000000000286604003C19040086
S2140466203FFF0300FE000000EBBA03002C6F0400DB
S21404663000000000CD1204001C6F040000000000DF
S2140466404E0104000C6F040000000000000000006F
S21404665000000000000000006866040057190400EB
S2140466603FFF0300FE000000E7150400447004002A
S214046670000000001FD10300347004000000000076
S214046680B4D80300247004000000000000000000DA
S2140466900000000000000000A8660400771904004B
S2140466A03FFF0300FE0000009519040094700400E8
S2140466B0000000009F19040084700400000000001D
S2140466C0AA190400747004000000000035F50300E5
S2140466D06470040000000000B9190400547004003B
S2140466E000000000000000000000000000000000A1
S2140466F0B9250300C41904003FFF0300FF0000008F
S214046700B5250300D11904003FFF0300FF00000075
S214046710F9EE0000E31904003FFF0300FF00000049
S21404672095EE0000101A0400D821040001FF0000B2
S214046730F9EE0000501A04003FFF0300FF000000BB
S21404674095EE00007E1A0400D821040001FF000024
S2140467502DEF0000BF1A0400E01A040000FF00003A
S2140467602DEF0000E91A0400461B04000000FF0099
S214046770A9EF0000541B04006D1B0400010001FF78
S21404678015F00000921B0400D41B04000102FF0055
S214046790A9EF0000EA1B0400191C04000100010212
S2140467A0FF00000025ED00004A1C0400861C0400BF
S2140467B007FF000045ED00008C1C0400BF1C04000D
S2140467C001FF000059ED0000C71C0400171D04005B
S2140467D00100FF00B5ED00002C1D04007D1D040023
S2140467E00101FF0089ED00008D1D0400C71D040093
S2140467F001FF000009EE0000CF1D0400181E04006F
S214046800010000010707FF0045F000006A1E0400AF
S214046810BF1C040001FF000045F10000B21E040086
S214046820F61E0400010700010700FF0017260300F8
S2140468304B1F0400911F04000107000101FF000024
S214046840CDF00000CD1F040008200400010000FF66
S2140468509DF00000262004006A2004000100FF00CA
S2140468606DF000007D2004006A2004000100FF0093
S21404687015F10000BC200400C71D040001FF000041
S21404688085F10000F7200400282104000100FF0021
S214046890B5DA00003FFF030036210400000707FFB7
S2140468A059DA00003FFF03004F210400000707FFEA
S2140468B065DF00003FFF03005B21040007FF0000C4
S2140468C065DF00003FFF03005B21040007FF0000B4
S2140468D0692503003FFF0300602104000000FF0059
S2140468E041DF00003FFF030049F8030001FF0000FA
S2140468F009DF00003FFF03009821040000FF0000AA
S21404690039DA00003FFF03003FFF0300FF000000EA
S21404691039DA00003FFF03003FFF0300FF000000DA
S2140469203F2503003FFF03003FFF0300FF00000076
S2140469303F2503003FFF03003FFF0300FF00000066
S2140469403F2503003FFF03003FFF0300FF00000056
S21404695009DA00003FFF0300CE2104000101FF0016
S214046960F5D900003FFF0300E321040001FF000007
S2140469703B2503003FFF03003FFF0300FF0000002A
S214046980BDD90000AB1204003FFF0300FF00000067
S214046990BDD90000ED2104003FFF0300FF00000006
S2140469A03DDB00000E220400252204000001000046
S2140469B007FF0000372503004B2204003FFF0300B7
S2140469C0FF000000B9D80000652204003FFF030062
S2140469D0FF000000B1250300932204003FFF0300DC
S2140469E0FF000000A3250300AD2204002F210400AD
S2140469F000FF000039E20000D22204003FFF03003B
S214046A00FF0000008DD70000EC2204003FFF0300C7
S214046A10FF00000021D700000F2304008C2304008D
S214046A2000000310FF000000FDD70000E12304006F
S214046A304F24040001FF0000D1D7000064240400A2
S214046A40A724040000FF0000E5D60000B8240400D4
S214046A503FFF0300FF00000035250300E724040081
S214046A603FFF0300FF000000C1D6000033250400EA
S214046A702F21040000FF00008DD6000074260400B9
S214046A80C926040000FF000071D60000E3260400B7
S214046A903FFF0300FF00000055D60000F326040065
S214046AA03FFF0300FF00000025250300072704001E
S214046AB08527040000FF000025D6000010280400E7
S214046AC03FFF0300FF000000E1D500002D2804006E
S214046AD05828040007FF0000A1D50000622804001F
S214046AE0BB280400000500FF59D500006E290400E9
S214046AF0812904000002FF0035D50000B0290400F7
S214046B003FFF0300FF00000025250300C229040000
S214046B10FC29040000FF0000C9D40000822A0400F7
S214046B20C82A0400000301FFB9D40000682B04003F
S214046B30AE2B0400000301FF555001004E2C040048
S214046B403FFF0300FF000000BD310300762C040065
S214046B50F12C040002FF000065F50000462D040039
S214046B60DF23040000FF000031F500006E2D040052
S214046B70DF23040000FF0000E1F40000872D04007A
S214046B803FFF0300FF00000061420100A02D040047
S214046B903FFF0300FF00000039420100ED2D040012
S214046BA03FFF0300FF000000C5410100182E04004B
S214046BB03E2E040000010100010102FF9D41010078
S214046BC0BD2F0400E52F040000FF00007D410100F6
S214046BD00C3004003FFF0300FF000000C540010026
S214046BE0363004003FFF0300FF0000008F30030030
S214046BF04F3004003FFF0300FF00000095350100FE
S214046C0075300400A63004000002FF00F12E0300D5
S214046C10033104003FFF0300FF000000ED2E0300D5
S214046C20303104003FFF0300FF0000004935010037
S214046C304B3104007531040000FF000009330100E5
S214046C40A53104003FFF0300FF000000851E01007D
S214046C50B83104003FFF0300FF0000006D1E010072
S214046C60D03104003FFF0300FF000000692E03003C
S214046C70E93104003FFF0300FF000000552E030027
S214046C80163204009032040000FF000015320100A2
S214046C90CF3204003FFF0300FF000000053101006F
S214046CA0473304003FFF0300FF000000291D0100D6
S214046CB08B3304003FFF0300FF0000000D1D01009E
S214046CC0A83304003FFF0300FF000000851D0100F9
S214046CD0533404003FFF0300FF000000791D010049
S214046CE0E13404002635040000FF0000451D0100C1
S214046CF05D350400AE35040000FF0000711B010082
S214046D00E13504003FFF0300FF0000000910010006
S214046D100D360400763604000000FF00091001005A
S214046D20CB3604002D3704000000FF00A910010034
S214046D3072370400A53704000002FF00C32D0300C9
S214046D40FA3704004838040007FF0000DD1101008C
S214046D50643804003FFF0300FF000000F10F010049
S214046D6088380400AD38040000FF0000FD10010060
S214046D70063904003FFF0300FF000000C1090100BC
S214046D80433904003FFF0300FF00000089090100A7
S214046D906D3904003FFF0300FF0000009B2C030036
S214046DA0A8390400173A040000FF0000E5020100B9
S214046DB0683A0400E73A040000FF00008D2C030044
S214046DC02D3B04007F3B040000FF00006D2C0300F5
S214046DD0C63B0400133C040000FF0000ADFB0000AB
S214046DE05D3C0400933C040003FF0000E5FB000048
S214046DF0CE3C0400143D040003FF000095FA000096
S214046E006A3D04003FFF0300FF000000F92B030067
S214046E109A3D0400D83D040000FF0000F32B030055
S214046E20E83D0400D83D040000FF0000ED2B0300FD
S214046E300F3E0400D83D040000FF0000E72B0300CB
S214046E40363E0400D83D040000FF0000E12B03009A
S214046E505E3E0400D83D040000FF0000BD2B030086
S214046E60873E04003FFF0300FF000000C32B03001F
S214046E70A93E04003FFF0300FF000000E5F7000002
S214046E80D13E04000A3F04000001FF0011F8000090
S214046E902B3F04003FFF0300FF000000BF2B03004E
S214046EA0563F04003FFF0300FF000000CDF700003C
S214046EB0713F04003FFF0300FF00000089F7000055
S214046EC08C3F0400B93F040000FF000071F7000087
S214046ED0D43F04003FFF0300FF000000B9DF0000BA
S214046EE0FF3F04003FFF0300FF000000B9DF00007F
S214046EF0264004003FFF0300FF000000A9D4000062
S214046F00374004003FFF0300FF00000075D4000074
S214046F104C4004007340040000FF000075D40000D9
S214046F20834004007340040000FF00000DD40000FA
S214046F30AA4004003FFF0300FF0000001D250300D5
S214046F40C54004003FFF0300FF00000069D00000B6
S214046F50E84004005241040000FF000049D000004D
S214046F60754104003FFF0300FF00000031EC000001
S214046F70DB42040068430400010000FF15EB000038
S214046F8085430400D943040000FF000049EB0000D9
S214046F90EE430400404404000100FF00B5EA00008C
S214046FA056440400434504000107FF00212503005E
S214046FB0534504003FFF0300FF00000015E40000F3
S214046FC06445040076450400000101000007FF0044
S214046FD00DE30000B1450400C245040000010100B1
S214046FE0FF00000049EB000011460400224604009E
S214046FF0010000FF85E20000114604005446040028
S21404700000FF0000F5820100654604003FFF030010
S214047010FF0000009DD00000B14604003FFF0300BF
S214047020FF000000195203003FFF03003FFF030068
S214047030FF000000BD9001003FFF03003FFF030078
S214047040FF000000819001003FFF0300F6460400A5
S21404705002FF00002D980100FE4604003FFF0300D7
S214047060FF000000B99701002A4704004D470400BA
S2140470700200FF009B520300764704003FFF030014
S214047080FF0000009597010098470400B6470400E7
S21404709002FF00006D970100CB470400B6470400CA
S2140470A002FF000001000000104C00200000000059
S2140470B000000000FFFF00009D2B030000000000FE
S2140470C003000000FFFF01007B2C0300000000000B
S2140470D004000000FFFF0100092D0300000000006B
S2140470E004000000FFFF00008D2D030000000000D8
S2140470F006000000FFFF0000FF2D03000000000054
S21404710019000000FFFF0100952E0300D1170400AC
S21404711034670020000000000000000000000000AB
S21404712000000000224804009071040000000000E3
S21404713028480400A4520400000000002F4804005D
S214047140745404000000000068150400645404002D
S21404715000000000384804005454040000000000F6
S2140471604A4804004454040000000000594804003F
S21404717034540400000000006A4804002454040048
S21404718000000000000000000000000000000000F6
S214047190A07104007C4804003FFF0300FE000000CA
S2140471A097480400B87104000000000000000000C6
S2140471B00000000000000000AD5603009C480400D8
S2140471C03FFF0300FF03010001013F040201003FEB
S2140471D0040202003D040202003D04010200010212
S2140471E00003010002023D04020100020202010043
S2140471F00202000000202020202020202020282812
S214047200282828202020202020202020202020205D
S214047210202020202088101010101010101010109D
S21404722010101010100404040404040404040410CD
S214047230101010101010414141414141010101015B
S2140472400101010101010101010101010101010125
S2140472501010101010104242424242420202020231
S21404726002020202020202020202020202020202F5
S21404727010101010200000000000000000000000A5
S21404728000000000000000000000000000000000F5
S21404729000000000000000000000000000000000E5
S2140472A000000000000000000000000000000000D5
S2140472B000000000000000000000000000000000C5
S2140472C000000000000000000000000000000000B5
S2140472D000000000000000000000000000000000A5
S2140472E00000000000000000000000000000000095
S2140472F0000000000000000000000000A0010000E4
S2140473008013002000021000AC500020201500203E
S2140473100000020800000000FFFFFFFFFFFFFFFF62
S214047320FFFFFFFF00000000000000000000000058
S2140473300000000000000000000000002000000024
S21404734005C4010010000000E5C4010000000001AF
S214047350000001010001010120C001B80000000086
S21404736000000000FFFFFFFFFFFFFFFFFFFFFFFF20
S214047370FFFFFFFFFFFFFFFFFFFFFFFFFFFFFFFF14
S214047380FFFFFFFF000102020303040506080C0CBE
S2140473900C00010203040707C8C8C8C8C8C8C8C880
S2140473A0C8C8C8C8030404080808080800B801B810
S2140473B002B800B0988F0400808F04000304040809
S2140473C008050000000000000000000000000000A7
S2140473D000000000EA06000048704C0F44700E0ED1
S2140473E030707E1302989A173870340F34705A0F20
S2140473F0307048102C7048102870D0112470E81192
S21404740020703E0F1C70901218700C1314703A0FF4
S214047410B110086001D80A7104B87F78020C7E782F
S214047420641000C6881F00A01DB8707803B01860EA
S2140474300F3027B30F330111C04806987C0229B0D9
S214047440086001D8087109DD047109BB11101660C3
S214047450A048086004100112FF3221500860D0488A
S214047460086000880698381400C4441F00A000BAB8
S21404747003DF107109DF0672029836031DB85078D0
S21404748000A04413281441158110086002D8147112
S21404749010880698201900C014C000B80698861BE9
S2140474A00091069892020160B83020D806711EBC7E
S2140474B0637C784D5412F03240DE0472404804DB9C
S2140474C008720DDD0C72044BEF3014480698F20473
S2140474D000C4E04000544412086201322140087C93
S2140474E0811140D91C72B1123032CF4A013AB1DA56
S2140474F0107208D8067104D80871804C237C567024
S214047500684C441200C4A41E00A04414413AF32458
S2140475100164415C412A047580B800C4604000548C
S21404752081D8367140D90472237C084B0698F2043D
S21404753004BA1CB9767900C1204001B835797F2198
S2140475406121007906B906A901D8067102981002CD
S214047550804C307C0298640208D86A7100C154409A
S21404756000B8141110D95E71584C441280BDA26D37
S214047570FF25784C4412FC22513A2814104C00C2C1
S2140475800CC101B8241228140862281408622814AE
S21404759008622814304C304C00C11C4000B814114A
S2140475A01814086100C5284001B85415FF35047145
S2140475B010491814B04C441208620132067102983D
S2140475C00401804C08D80C7107BA24D8047106BA92
S2140475D0187004D80C7101BA40D80E7102BA0A7039
S2140475E005BA20D8047203BA204C4411C04C1814AF
S2140475F0086118149111383111429111186110D98B
S2140476000472EF3200C1084001B8141110311E6133
S21404761011422814A1110861181406986C1B18143A
S21404762000C1084001B814111861FF31181400C1D4
S214047630448001B8141118140861181430880248DC
S21404764006989403009308DB047101F800A027B0A1
S2140476500F3000A01088B111186180D90A7100C1DA
S214047660884000B80811009100A000C4684000B823
S214047670441000A000C08840005004118261041029
S21404768082601050F07200A054155045127106988E
S21404769002050698920407B8707802B841781EBAB4
S2140476A05B7A5C7A5D7A00C220C001B82412069820
S2140476B02A1900C5481F00A05415511400C3FF0121
S2140476C00000313D09647F3406989C020158512815
S2140476D00475015841280E758111086102D9047297
S2140476E0FF0FCC7007B8727800F8EBBD00C0441FDB
S2140476F000A00411113D10D91271FF33186300C1A4
S214047700781002B8381107B97479581000A0069892
S21404771092020D300472044809DC0472084800C161
S2140477201CC101B8141100C3D01E00A09115043565
S2140477301A7218131CBB08D804716C7B04D8047125
S2140477406A7B1DBB2F7C5B7B1670044B18131CBB1B
S21404775008D804716F7B04D804716D7B217C0C30CF
S214047760026006987E040698C40B00B8B11118612E
S21404777040D906720298580401BC00C2084001B8F9
S21404778000DC0A7124150265604A0A702C4A241526
S21404779008654C4A043508D90471202400C13C1FEE
S2140477A000A0141200DC327120D8067101B80C70E7
S2140477B0F0DA0C720CDB087102B8069886044824CA
S2140477C000C3384101B834138F7B0E7102B991138C
S2140477D008DB047203B928707C4914111110FD30BB
S2140477E00DDC1C7200C0A01E00A0041080D810710E
S2140477F000C0448001B80410E5200475804900C325
S214047800884000B8FFB801201141087101411813DF
S2140478100824014200C1284000B8141101411C6527
S2140478205141911520351E655141181328134813EC
S21404783000C3844000B8341003D81671073005DC42
S2140478401071B1108F780A7200C384C40350217B70
S2140478501DB8507800B800C13C1F00A014121C606C
S2140478602150F0300152281100A04024076400C0C3
S214047870FFFF0100013C17B002200158402806759E
S21404788018AC01EC00A0208800C020C001B8041287
S21404789017B4211304123052F8711964402400C33B
S2140478A05C1F00A0341014110698F60D196100929E
S2140478B011592129067600BB11590698D60D876200
S2140478C0313B0472215A412A00A000C2686000B805
S2140478D0B8B91F610D49181200A0308801B91161AA
S2140478E000C30000C0FF3110312800BC002D0C7509
S2140478F0115418AC01EC312DF47019645113415530
S214047900312C009300A000C3C00FFEFF50B2313AE2
S214047910014250AA00A006983E07FFB08678087178
S2140479205CB86B786E7800C2548001B800C0D81F6B
S21404793000A004100812B822217A237A52B841789B
S21404794001B80C6021A809B819604CA800C0FFD182
S214047950C1FF4FB2013A00C0002E300001424FAAC8
S21404796024B86E78ACB9FFB004D804714CB923A916
S2140479700698A80500C01390010006982E0500A0DE
S2140479800698020519B81460FFB28C620F32826A38
S214047990214006982E0549BC21B952B849B207DEE3
S2140479A02A7105DE0871627C607C1D0C617967783B
S2140479B064786B786278657863786078617C010CAB
S2140479C0010C6878020C69786C78020C00C22C8072
S2140479D001B8277A287A267A6A78050C41790A0C3F
S2140479E0B11040D806710298BA06784A2B7A327AD1
S2140479F0584A247A00C400011100404A00C010848A
S214047A0000000812508800C584100100FBAD10BDAC
S214047A1001BB8A6B21B9FAA9C44A1812217A227AC0
S214047A2000C0341F00A00410FCA88264411030304B
S214047A300129F9A9F8ADFBB08260FBA80330A06564
S214047A402110044820EC237A0410037A184A2411DF
S214047A50DC4A01580029241004753150F8B111503D
S214047A6081632A71514031400812FCB18461FCA93B
S214047A700F310E7117B0112817B111591028FA7664
S214047A80C44AF9B11812217A227AA0700095081215
S214047A90F8A800C20C8001B8207A844A00B80812FC
S214047AA0020CA44A087A020C21B84178784A0B7A68
S214047AB0127A00C2C81F00A0FFB008D80472184A81
S214047AC0241000DC0A7140A80422241041A8069859
S214047AD09C0200C2481F00A02410015100C4FF01EC
S214047AE0000041391150081200A006983E0700BC59
S214047AF000C20C8001B8217A52B84978020C487842
S214047B00020C49B8417852AC21AC204A087A067A6D
S214047B10077A49AC00A059B840785AB101D9FC722A
S214047B20427857B8407858B101D9FC72427800A020
S214047B3000C20C8001B8217A227A21B8547852B84F
S214047B40BC4A24119979127107B915614CA9617858
S214047B5000BB03BC0C64147009B919614CA94178C4
S214047B6001BB126300C4002E300000C0FFD1C1FF69
S214047B704FB1013941414FA9E44AC8B8081224ABB1
S214047B804CB823A80698A80500C004900100FFB1CD
S214047B9086790471084806982E0500C080090040BE
S214047BA040A809B8FFB108D9047103B853A8B110A6
S214047BB004D80C7156BB607B57BA627A607A02D8D6
S214047BC00C7156BB607B59BA627A607A04B86E78D8
S214047BD03DB8607800C05638000000C1B08001B8D7
S214047BE014119979087200C0D604000000C124C09C
S214047BF000B814119F79047208484CA82EB8FFB137
S214047C0008D906714AA804704BA80FB834A800C057
S214047C100C5E000046B2014246AA00C12C4001B8E0
S214047C20141108610631087100B9069850110698B7
S214047C303E14B11101D90E710698921B02D9067230
S214047C400698A00C069838145114069892040698C0
S214047C502A110698641700A006984E1701D80A71D0
S214047C601CB85B7807B8757800B84CA84AA84BA827
S214047C7000C0F321FFFF46B1013946A904B86F7866
S214047C8000A0FABC1964415C512C00C0581F00A027
S214047C900410012C0675069892040698780FB11005
S214047CA0186005D8327140BA06980E1404B8657880
S214047CB0911004D816711CB86E7800C0684000B8DD
S214047CC021780698781101400A721DB84278069801
S214047CD04A1402985E0B1DB8717804B86C7841B8E3
S214047CE0427863784478FFB104D906720298CA09C8
S214047CF000C004900100FFB1867904710848069814
S214047D002E0500C32C1F00A000C274C000B82414A3
S214047D10481300BC48121C4B1C4A2414481300BCCD
S214047D204812084B584A2414481301BC48124ABA4D
S214047D30447A427A4BBA447A427AFFB0867804721E
S214047D40617A4CBA647A657A3DBA607A4DB942B8BB
S214047D503FBB5B7966796179020C6479050C6379BB
S214047D606079050C627965795A7900C2340102B8E3
S214047D70241305B819603140081242B86A78020C18
S214047D804A78020C40BCFFB208DA06714ABA06709A
S214047D904BBA627A657A677A667A6A79667B0298FB
S214047DA0A40A00C32C1F00A000C274C000B8241488
S214047DB048131C4B1C4A241448133FBC48121C4A44
S214047DC000BC4812084B444A2414481301BC481209
S214047DD04ABA647A627A4BBA647A627AFFB3867B6A
S214047DE00472617A4CBA647A657A3DBA607A01D9CB
S214047DF04E71647800C1708001B800C0800008002D
S214047E0008110698860B42B861784DB97F797E7959
S214047E106A7868786278020C7B790F0C7A79140C8D
S214047E207479417860787579050CFFB208DA0671C2
S214047E304AB804704BB8657801BC1664407002D921
S214047E403C710698860B42B84DB9687840784178FC
S214047E507F797E797B790F0C7A79140CFFB208DA75
S214047E60087171794ABA067070794BBA7279657A74
S214047E706A78020C4A78050C01BC1664020C417937
S214047E8040790C0C00C04C0102B848100698F20465
S214047E9000C4784000B8007C00C0A01E00A00411F6
S214047EA080D93271911104D92C727F2021200411BB
S214047EB0FD310DDD207200C0448001B80411E521B7
S214047EC0147600C0244001B804118A790871207C15
S214047ED0104C207C2AB86278511400C0581F00A0A9
S214047EE00410012C17B001118768015841280E763A
S214047EF005218769415C412D112D06700698920470
S214047F0042B84DBB7C7B6478020C29B8687851145F
S214047F10404406750698920442B844782AB84278D3
S214047F20FFB101D90C7100C1548001B8CBB8081157
S214047F30911004D8147100C0A01E00A0041080D8AC
S214047F40067107B8537800F807B800C1CC1E00A025
S214047F5000C220C001B824122811777800F8B110A6
S214047F609478387106989C02E4B91159112806765B
S214047F7000B80C70A0B9115901290475A0B8826024
S214047F8000C3C01F00A03413012B341000C3FFFF2E
S214047F9000FF42B13139114042A800A01DB09178CB
S214047FA0FA7142B86478020C00BA29AA00C4548054
S214047FB001B842B84DB900C3C04001B83413977B2A
S214047FC0047240EC020C44785C7953AA0A0C281418
S214047FD042B84DB9FFB301DB2671244C00C3FF0F32
S214047FE0FF0138145479407841785579020C5B794E
S214047FF05A79140C5F795E794A784278347002DBD9
S2140480001471527951795079020C5B795A795F79F7
S2140480105E791E7004DB1A7100C4FF07000000C3FB
S214048020342102B848133FBB467B020C5B795A796D
S2140480303DBB407B4CBB447B457B00C3301F00A04C
S2140480403414403C207100C068C000B8481028139F
S2140480501C4B1C48341448102813144B444834143E
S214048060481028134AAA4BAA04B86D781DB851784C
S2140480705CB84B784E7800A000C074C000B80411F9
S214048080108800B9181068480411108801B90B61EB
S21404809018102C4804111088008800C1231C000006
S2140480A018104AB864784BB86478260C28B000C117
S2140480B0FFFF0FF0113871B90B61114028A828B9D9
S2140480C07379747900C21010303045AA54790E0CB6
S2140480D000C0E84001B8041100C23030101045AAB0
S2140480E00E0C0410008810880698620D009100900B
S2140480F020888F618F600698620D0090886A214000
S2140481000112906A035800C13F3F00001138FFBCBB
S214048110022441281138014245AA28B953794AB89D
S21404812044784BB8447800900091181000912C487D
S214048130181000916848181000A09168436091696F
S2140481404361115B012B112841603128315B00BA71
S214048150302806763128204A4163302806763128AE
S214048160104A4163302806763128084A416330288D
S21404817006763128044A4163302806763128024AB6
S214048180416330280476014A00A0115910D90671BB
S2140481900860086008D90471086004D90471046092
S2140481A002D90471026001D90471016000A000BA0A
S2140481B001D806710148112A1F61016001D8F672C0
S2140481C00138F67200A000C220C001B8241211596A
S2140481D02129127300210E7100C238C001B824127E
S2140481E00121212900A002B020D8147100C0B01EBD
S2140481F000A0041002B9457906987613EA7003B015
S2140482009F78087200B806A800F806983E0700C5CE
S214048210641F00A05088044D1CBC00C0B41E00A0FF
S214048220811101D91E71407C009501150C4D5088B2
S214048230044DFFBB1863315B04110698EE0D31291B
S214048240F8750698681A54150698921B01D9087290
S2140482500698580706700698F4071CBB547B0698C5
S2140482604E1701D8067202981A0FFFB9012110386A
S214048270F67281129B7AF07100C2448001B824140D
S21404828000C0C01E00A004100113002004104050BB
S2140482900C7200B90698280F18B90A7018B906980F
S2140482A0280F00B900B806981E0F704A08B806983A
S2140482B01E0F00C2284000B814B806981E0F00C24D
S2140482C0EC4001B80CB806981E0F202210B8069889
S2140482D01E0F108830880698580700930091069859
S2140482E0280F00C0C41E00A00412FFB901212141BA
S2140482F01810009500F8312811280410081200A060
S21404830004B831281128F8B1181000A0069880087F
S2140483100E700698C40B0698800806987212069883
S21404832012079112211900C02C4001B80A78097866
S21404833000F810B901BA0698041406982A1106988B
S214048340641700C5641F00A081109D78FC7200F8B5
S214048350911203321CB900C3A01E00A0341300C43B
S214048360B04000541DB84278707903DE0671447834
S2140483703A707179A11020D806710298541080DBE7
S2140483801C7102D8187205B80814A11010300248DF
S214048390081400B808149110086008141DB8627810
S2140483A0A11000DC0676517900BA06984E1701D85B
S2140483B02272911120311D61911004D80E7200C1F1
S2140483C0501F00A0141101D90A7120880698501174
S2140483D0009200C1204000B801DB1871084C03DE8F
S2140483E00471904C441400C3FF1F0000413BFF235C
S2140483F03811944900C3384101B83413086380DB4C
S2140484000C7103BA186206983C1008701862069835
S2140484103C100C490879097914102140081100A071
S21404842000BD0698760210B903DC047100B901BADF
S2140484300698041402D9067100404E7203B11861FE
S2140484400F3106987811FFD82872811008D8187151
S21404845006DD0A710698760203DC0C720698BC11D7
S21404846006984A140C7006DD10710698C2114870FE
S21404847020B804A806DD107206988008069812072D
S21404848001F840B804A800F800C0A01E00A0041319
S214048490086301DB227191100111186111381DB9AE
S2140484A010D8087144790298541002DBFA72A113AA
S2140484B028DBF47203BD06981E11069880081DBAC0
S2140484C07F7A0698F20400C5681F00A00698760214
S2140484D000BA03DC1672044DA11002D804711C4DB8
S2140484E000C10CC101B80698AE045415212D069897
S2140484F03E050298AA0891100155033551500119FA
S21404850000A000C14C1F00A0141001D842710148FD
S2140485100860FE200E75811020D8087100C1501F17
S21404852000A0141101D9287100C02C4001B804120F
S214048530215108610F3118611152281000C00840FB
S21404854001B804119112215120311152211900A0B1
S214048550811380DB067201B800A000C314C001B802
S214048560341006302E726C4B34121C4B34101860C8
S21404857002302072811080D8DE713410014A0862FD
S2140485800460803021508C480A717F234D233410B8
S214048590013000A000BD06981E111CB84778457827
S2140485A0437802B8447800A0069880080698BC1160
S2140485B000C5741F00A0541506983E050298AA0824
S2140485C0B1138F7B0A7200C384C40350017B0698E0
S2140485D03E1400C1384101B814118F790E7100C1E0
S2140485E0B84000B800BA06983C1050BA06980E1464
S2140485F006987811FFD84A71911004D848728110F1
S21404860008601CD8407220D938721112FF322151EA
S214048610347180218021111400C0D81E00A00413D8
S214048620FFBA3151113A215111531DB938107B79D3
S21404863040440E7200B900C2AC1E00A018120670A8
S21404864004B860780698381400F800B900C2A4404C
S21404865000541812644A0AB918121CBA507A517A8D
S2140486601DB942795F7900A00698760207DC10727D
S214048670911000200A75069872120298660F0698E2
S214048680120701B9911004D8047100B910BA0698FB
S214048690041400BA0040347100C0A01E00A00411E7
S2140486A0086101D9127104D9E2728110086001D8F8
S2140486B0DA711DB8647800C11CC101B80698AE040E
S2140486C001B81160002A047600BA00C5781F00A01D
S2140486D05415212D069872120698580700C57C1F5B
S2140486E000A000F800BC811108D9167280D9207247
S2140486F001B910BA0698041400400E7101BC10703B
S2140487000698BC1106984A1420B804A800F80698DF
S214048710721281110231127100B900C21440005461
S2140487201812244A02B918120698BC1100C5801FF4
S21404873000A054150698F01A0298AA0804110121FC
S21404874014711CBA737A042004122811042004112C
S2140487500121F47200A00698F20401F806984E1758
S21404876001D81671FFB9012110380E7281109B785A
S214048770087104B9677900F8911010D8287100C5FB
S2140487801CC101B854110698EE0D00C5C81E00A001
S21404879054155129EA7507B876781DB8447801B897
S2140487A004A800F8B110186010D82E7100C050400C
S2140487B0005400C3084000B83114984C44113411D6
S2140487C0086101D9FA714412281008622810086258
S2140487D0281008622810E8700298B00206989202E0
S2140487E0113804721E6202BB00C1D81E00A0141108
S2140487F020390C72911210DA0672417B00A006989A
S2140488003E1400C2A01E00A0241220DA0472617B6B
S2140488101CBA527A00A01CBA727A811204DAFC726C
S21404882000A01CB86B7800C0684000B82F7800A081
S21404883006984E1701D83A7100C22C4001B824108D
S2140488400360911120310151383111501D60081216
S2140488501DB9457900C2448001B8241200C0C01E68
S21404886000A004101820002004102050047165791C
S21404887010631EB9637900B902EC00CD114502EC11
S21404888000CC01DB087100BB0298D61803B841116E
S2140488900731FA211C760621911210DA087102DDDE
S2140488A010721E7020B80698B20D3038147208B8CC
S2140488B006987E0400C02C4000B82978207800F87A
S2140488C0056020D8067102980C1602EC00CA05B89A
S2140488D023DA187104DBDA7120DAD67110DAD27270
S2140488E01EB8617800B801DA067202EC00C891116D
S2140488F010D9267100C1B81E00A014111150FF3003
S2140489000C720761A110115002300A7180DB0A72E2
S2140489100AB89E701DB97C79186091111140211116
S214048920C031114001191EB8411108D90471667886
S21404893020D904726578A11002D80672C0DA1E71B6
S2140489401EB8273123DD087210DB1072607825DD2F
S2140489500A7121DD087208DB0471627803B84111DC
S21404896007310872A1152035AA7102DD2072A11103
S21404897020D9A07102D91672CCDA9872411140D966
S214048980927206B8054D5A720298AE1421114049E7
S214048990C0D94C71A031411540350265514104617E
S2140489A0086308DA1E7204DA36721049A115023515
S2140489B0067110DB0E7201340A7108DB22711EB8D0
S2140489C06778CC3211101A300ADC0872CCDE0471D7
S2140489D0FD3100C00D0F0C0D216001D85C7207B884
S2140489E00298D81400BA411108D90C7102EC00CAD6
S2140489F005B830DAEC720734F031036101DA047139
S214048A00014900C0F300A3E3216001D8D27100C07D
S214048A109814406821604030014440DA0471204CC8
S214048A2004320262204A111006301F6001421831D7
S214048A301D6111420298F614204A00C0051708501A
S214048A402160113001422088FFBB0DDA507100C14D
S214048A50DE1B250180BC04DA107208DA0A7200C133
S214048A6020841000E024A02408634143026401DA51
S214048A7006711E49024B00C0201F00A00863381070
S214048A80BC2002DA127101B91159A11380DB0871F6
S214048A9000C100FCFF0118100298621800C4A01E52
S214048AA000A0441080D87C710092D0DA06710DDAEA
S214048AB00C711EBD437DEFBD0698140304620DDAE7
S214048AC08672A11105D95C7100C24040005424127C
S214048AD01424281401D9067202D9327140D91E71A1
S214048AE002EC00CA211018320471FA2220D804724B
S214048AF00822FE22087502EC00C8F87001D90E712F
S214048B0002EC00C802D9067204DC187200C0A01E6B
S214048B1000A004101D6001D806711EB8647807B85A
S214048B2073780298D61800C0A01E00A004108030E7
S214048B300A7100C0C41E00A0041000A006984E17B8
S214048B4001D82E71911010D828728110A0D82272E4
S214048B5003B084781C7200C12C4001B814100DBAFE
S214048B60487A697A6B7A08111CB87B7807B87578E6
S214048B7000A0641000C6881F00A0C3B806987C0234
S214048B8000C4441F00A014BA281400B8011AB11077
S214048B908F780A7200C084C4035001789110103094
S214048BA0011905BA06980E1402D9067101B804A86C
S214048BB000C0A01E00A004130698641180DB067192
S214048BC0029858141DBA7C7A01DB6A7100C2241F0D
S214048BD000A024111114FF3402EC00C8FF24FA7616
S214048BE008610698C20D046111380F30046111142F
S214048BF0011141100698C20D01D8087203B80298F4
S214048C00D8140C4A01DB22712410112811280412EE
S214048C1002300471106200C0FFFF0000213800C259
S214048C20204000B8FF200812411008600698C20DC4
S214048C3001D87C7120BC1033767100BB00C1201FA4
S214048C4000A01415C021112C511218620F320E7197
S214048C50408851140698FA18414300945112086546
S214048C601C620F320E71411151140698FA181C64D6
S214048C7041430865513B00C1DC1E00A014111112CB
S214048C8031100F30127100BA056101D80471114217
S214048C9001600FD8F472311003601E30047201B8FC
S214048CA0003A087204B80298D8140298C41600C091
S214048CB0384101B804118F7914717F20692004119A
S214048CC00861303110DD06711DBA637A0698120306
S214048CD000F830885088FF34087102ECFF24F870DE
S214048CE002EC00CD1410595001440421FF22F27204
S214048CF00F4C0095009300A000C1A81E00A01411FC
S214048D0000A030880698421B8111086102D90672B9
S214048D100298061A1CBB557B086120D90671029876
S214048D20F6190088A1101860069820190821141551
S214048D30FC251EBB5C7B5D7B00C1084001B814119A
S214048D400731FE21307608D82A725113FC233413D7
S214048D5004DB20711863FF33315B00C110C000B818
S214048D601411086180490C71FF31302954751EBBFB
S214048D707B7B10707B7B7C7B00DD04717D7B01BB81
S214048D803815EC25541300DF5471042505DF54719F
S214048D905415211120880698EE0D009251293E752F
S214048DA000C1084001B8141102DB0C710731315BB5
S214048DB031292A760C7004DF0872016180D91E728C
S214048DC00698201900C010C000B80698861B06989E
S214048DD020191411FFD9607202984C1A009000935F
S214048DE000A05415A111186110D9A672082508D838
S214048DF0A071082510D89A71208821110698EE0DC6
S214048E00FC255412112AF82554110C2520D8087173
S214048E10F02554111025202904762159181500929E
S214048E200298B81907B97179811010D80A711CB85C
S214048E30447802B841781CB9747904B9677900F8A3
S214048E408110A0D808711CB9497900A0086002D81E
S214048E50FA7106982019108806983E14106210DAE3
S214048E60087108211415F025541100C20020FEFFD5
S214048E70202912750698921B01D90A720698800852
S214048E800698120700941CBB41100C200698641325
S214048E904111082114100698641331284411111244
S214048EA00861FF31FF320122105210721861181443
S214048EB004244413042438140C7018612141181433
S214048EC008240814029838144044147100C1AC1ED7
S214048ED000A0141551131C630FDB0C721965069859
S214048EE00205411500A000C3784000B83413807B07
S214048EF006720698120706983E1408BB5114069884
S214048F00B01A4415FC25541500C3784000B8341331
S214048F10807B047100A002983E051CB900C3A01E05
S214048F2000A03413086308DB1A718113A0DB0671F2
S214048F30497910706979086302DB087204B96779A5
S214048F4000F800A08111086102D910711CB9757966
S214048F50069820191411FF3100A0FFB900A00410D0
S214048F6008211411F421081100A081111061103198
S214048F700E710698201908211411F821141100A066
S214048F80D891040000000000B08F04000100000027
S214048F900000000000F04902D89104000000000020
S214048FA0D48F0400010000000000000000F0490215
S214048FB0F88F04004063598F404B4C000B000B00A5
S214048FC01A00FF7FC8670020000000007A9404009F
S214048FD000000000E89004004063598F404B4C00AA
S214048FE00B000B001A00FF7FC8670020000000007B
S214048FF07894040000000000FC1F0103D8930400CA
S2140490001CC0011000F807001CC001301402080040
S21404901050C0010087413004244006010700620066
S2140490203870000000000000000000030068010F14
S21404903040B8244058400101FC0069008040050106
S2140490402363E0119BC34A74F0030000038000000E
S214049050BE0A0000E040010133000000F0400401B5
S214049060590B0000640483078813C83A90200A004A
S21404907028410101001E00003C410B0100148C0035
S214049080141A21282E343B42495043557698BA0C7C
S21404909028690000010000000721286414171A003C
S2140490A02004C869A1203A093C42010129000000B5
S2140490B0A080020170780300D5C00000A8800111CA
S2140490C0F0010000A88001310542CB01AC800111FB
S2140490D0F0010000AC80013105228D00B080010152
S2140490E000030002FFFFFFFFFC1F01032894040097
S2140490F01CC0011000F807001CC00130F50208006F
S21404910050C001008741300C2440060107C05200BD
S2140491100000000000000000000000030000000043
S21404912000000000584001016402FF008040050171
S2140491304B01A0089BC34A74F00300000000000023
S21404914000000000E040010133000000F04004018C
S21404915000000000640483078813C83A9C200A00B1
S21404916028410101031000003C410B0100000000EF
S21404917000000000000000000000000000000000E6
S21404918000000000010000000000000000000000D5
S21404919000000000000000003C4201010000000046
S2140491A0A080020170780300D5C00000A8800111D9
S2140491B0F0010000A88001310542CB01AC8001110A
S2140491C0F0010000AC80013105228D00B080010161
S2140491D000030002FFFFFFFF0C40020001801400A2
S2140491E07F40000020400200000000000000000055
S2140491F030400700000000000000000000000000EF
S214049200000000000000000000000000A0070000AE
S21404921050400100000000005C4002000000000016
S21404922000000000A840010007000000B44004004D
S21404923000400000FF4C000000410000FF4D00000D
S21404924008C001000000000020C00110FF0000005C
S21404925020C001300043000024C00400EC80B303A7
S2140492604375A802000000002E02000054C003004C
S2140492700E2D09E654060708D1B6020064C008009D
S2140492800430000040201006C8F248181FE8F60014
S214049290BD4B721511A3180510325476980A0000B7
S2140492A088C0010000000000080001010407000057
S2140492B018000101000000002000010108840000DD
S2140492C01C4002011000000020F913045C40050154
S2140492D04108000001000000B0070800A7000000D5
S2140492E000000000944007010101103050707F7F99
S2140492F00000000000000000000000000000000065
S21404930000000000E440010100000000EC40010100
S2140493107DA8D98B0041020100612000B7563512A2
S2140493200C410301F95412002030042988BB400084
S2140493302441010100000000304103016406660C6C
S2140493400C010000E853FA00684103016404830733
S2140493508813820000000000304203010000000071
S2140493600000000E0000000044420101000000005E
S214049370108001010300000038800201114910002A
S2140493800100000088800101000000009C800101AB
S214049390EB400200B480010137000001880002029D
S2140493A0000C00044C0000009400010200040000BD
S2140493B0D00002020E00000090029608E4000102AB
S2140493C03D094204F40001020000000018010102F5
S2140493D060005102FFFFFFFF120000006666660091
S2140493E0000000008C9404007C940400000000003C
S2140493F0001A9A00005A620280841E000420FE00AE
S21404940011495002000000000000000000000000A7
S2140494100000000000000000B1841E0000000000F0
S21404942000000000000000001200000066666600EF
S214049430000000008C9404007C940400000C0000DF
S214049440001A9A00005A620280841E00042000005B
S2140494501149500200000000000000000000000057
S2140494600000000000000000B1841E0000000000A0
S214049470000000000000000005040000E1190000E0
S214049480E11900000000000000000000193F01067A
S2140494900410010000010106001027000009000066
S2140494A0000000000000000049CD0100F9CC0100D6
S2140494B005CD0100F5CD0100675C030001620300E1
S2140494C005620300096203000D62030011620300D3
S2140494D00001030464EE01001000000024E1010012
S2140494E01A00000079EB01001100000075E4010089
S2140494F01100000063E511000400000023E11100E0
S2140495000400000025E101000800000026E1010037
S2140495100A00000027E1010002000000000000002D
S21404952000000000859604007F96040000000000FA
S214049530869604003F5904000000000039590400D0
S2140495403B590400000000003D5904005D960400E9
S2140495508B960400405904003A59040000000000A9
S2140495603E5904007895040037590400385904001D
S2140495703C59040036590400000203040508090A8D
S2140495800B0001020304051D2000B40108020200BA
S214049590AA00FFFFFFFFFFFFFFFFFFFF6F7F030031
S2140495A0612A0200DD5502002DF30200ED58020088
S2140495B0D5680300D7680300D9680300DB68030096
S2140495C0EDB9020089920200CDD30200D9EC020064
S2140495D0FD460200CF68030029950200D168030007
S2140495E0013B0200D3680300CF510300F53F02009D
S2140495F045270300000000000013000000000000E0
S2140496000000000001000000B598020002000000FF
S214049610CD790300030000000D980200040000004A
S2140496204779030005000000AD9702000000000023
S214049630000000000023001B2200FF0000000000C2
S2140496400C090202000000001C1A0B0303FF0608A4
S2140496500402020204020A0B030302030480FF024C
S21404966004FF010101010800000000000000005A88
S2140496706967426565416C6C69616E636530398003
S210049680008F8E8C80808006080C108002
S20C04968C50B6FB7F010000004C
S210049694A0960400B8630020CA01000081
S2140496A00000000000000000FFFF000001000000B2
S2140496B000000000000000000000000000000000A1
S2140496C00000000000000000000000000000000091
S2140496D00000000000000000000000000000000081
S2140496E00000000000000000000000000000000071
S2140496F00000000000000000000000000000000061
S2140497000000000000000000000000000000000050
S2140497100000000000000000000000000000000040
S2140497200000000000000000000000000000000030
S2140497300000000000000000000000000000000020
S2140497400000000000000000000000000000000010
S2140497500000000000000000000000000000000000
S21404976000000000000000000000000000000000F0
S21404977000000000000000000000000000000000E0
S21404978000000000000000000000000000000000D0
S21404979000000000000000000000000000000000C0
S2140497A00000000000000000000100000000F001BE
S2140497B00800000008100020010023010400000037
S2140497C010100020060030010100000014100020D4
S2140497D0FFFFFFFFC0EA2101C0EA2101008000006C
S2140497E000F049020065002000600B0000800000C5
S2140497F000350020C8000000FE0000000000000045
S214049800744A040018100020FFFFFFFF284E0400CF
S21404981033000000B1F3000033000000872B030080
S214049820BAC60300BEC60300CBC60300D8C60300F0
S214049830E5C60300F2C6030005C7030017C7030006
S21404984024C7030031C703003EC7030053C7030001
S21404985066C7030078C703008DC703009CC70300D0
S214049860ADC70300BCC70300CCC70300D8C70300BA
S214049870E5C70300F5C7030007C8030016C80300BE
S21404988025C803002EC8030043C8030058C80300B5
S2140498906DC803008DC803009BC80300BAC8030044
S2140498A0D5C80300E8C80300F5C803000AC90300C6
S2140498B019C9030028C903003AC903004CC90300A8
S2140498C05FC9030072C9030088C9030000000000D2
S2140498D00F000000BFCB0300D6CB0300FF00000040
S2140498E0000000000000000000000000000000006F
S2140498F00000000000000000000000000030E70444
S21404990000C8180333D4030038D4030065D4030016
S21404991090D40300BED40300ECD403001BD503008C
S21404992048D5030078D50300A8D50300F8D503006E
S214049930FFFFFFFF00F80300FFFFFFFF0000040027
S21404994000000400005C2605646600200600000093
S214049950AC700400000000000100190001000000C3
S214049960E84000200100190001000000E840002043
S2140499700100190001000000E84000200100190061
S21404998001000000E840002001001900010000006A
S214049990E84000200100190001000000E840002013
S2140499A00100190001000000E84000200100190031
S2140499B001000000E840002001001900010000003A
S2140499C0E84000200100190001000000E8400020E3
S2140499D00100190001000000E84000200100190001
S2140499E001000000E8400020F444002000000000CD
S2140499F000000000A8590400104C0020186700203E
S214049A00D04E00200A4804000600000000000000B3
S214049A1000000000000000000C7104002471040023
S214049A20154804003FFF0300FE00000048670020BE
S214049A3000000000E04E0020484F0020B04F0020F9
S214049A40000000000000000000000000000000000D
S214049A5000000000000000000000000000000000FD
S214049A6000000000000000000000000000000000ED
S214049A70000000000000000000000000F95703008A
S214049A80F8720400FFFFFFFF3D5B0300395B030031
S214049A90FFFFFFFF415B0300FFFFFFFF75F80100B8
S214049AA0FFFFFFFFFFFFFFFFFFFFFFFFFFFFFFFFBD
S214049AB0FFFFFFFFFFFFFFFF0000000020A10700DD
S214049AC000000000A9980300000000000000000049
S214049AD0000000000000000000000000000000007D
S214049AE00000000000000000F05400207120020076
S214049AF0E53902003FFF03000000000000000000FC
S214049B000000000000000000F054002009270200B6
S214049B10000000003FFF03000000000000000000FB
S214049B200000000000000000F05400203131020064
S214049B30E53902003FFF03000000000000000000BB
S214049B40000000000000000002490400F054002059
S214049B50894B0200000000003FFF030000000000E5
S214049B60000000000000000000000000F054002088
S214049B708D540200000000003FFF030000000000B8
S214049B80000000000000000000000000F054002068
S214049B90E9640200000000003FFF0300000000002C
S214049BA0000000000000000000000000B80B0000E9
S214049BB0F0540020C9680200000000003FFF0300C4
S214049BC0000000000000000000000000000000008C
S214049BD0F0540020A9710200000000003FFF0300BB
S214049BE0000000000000000000000000000000006C
S214049BF0F054002019730200000000003FFF030029
S214049C00000000000000000000000000000000004B
S214049C10F0540020096F0300000000003FFF03001B
S214049C20000000000000000000000000000000002B
S214049C30F054002061760200000000003FFF03009D
S214049C40000000000000000000000000000000000B
S214049C50F0540020057B0200000000003FFF0300D4
S214049C6000000000000000000000000000000000EB
S214049C70F0540020D17B0300000000003FFF0300E7
S214049C8000000000000000000000000000000000CB
S214049C90F05400207DD30200000000003FFF0300C4
S214049CA000000000000000000000000000000000AB
S214049CB019810300F054002049ED0200E539020042
S214049CC03FFF03000000000000000000000000004A
S214049CD000000000F0540020B9F302000000000069
S214049CE03FFF03000000000000000000000000002A
S214049CF000000000FFFFD007B80B0000FFFFFFFFC7
S214049D00CEFAEFBEFFFFFDFFFDFF0C002C01001E88
S214049D102C0140068000FFFF04F8FFFF0C00000043
S214049D20000000004000FDFF2C019C000000FFFF27
S214049D30FDFFFFFFFFFF60EA8000800010C1CDAB8F
S214049D400A013201FFFFFFFFFFFFFFFFFFFFFFFFD8
S214049D50FFFFFFFFFFFFFFFFFFFFFFFFFFFFFFFF0A
S214049D60FFFFFFFF01FF05FFFFFF0101FFFF0201E9
S214049D70FFFF640250FF0F0208031E050216010AC5
S214049D800C052007051001010F080101010104FF5D
S214049D90030101FF0C01FF405AB47F01504030001C
S214049DA0FFFFFF0B03FF050B01030105020201FF82
S214049DB0FFFFFFFFFFFFFF010102FFFFFF0100009F
S20C049DC0BD4C0000954C0000A8
S804007CD5AA
