S01B00006275696C642F72656C656173652F7A69676265652E73333714
S21400600008100020F59D000015E60000A7270300F5
S214006010A72703001DE6000025E60000A7270300CB
S214006020A7270300A7270300A7270300A727030027
S21400603029E60000EC680400A7270300A727030052
S214006040A7270300A7270300A7270300C59800007B
S214006050A7270300A7270300A7270300A7270300F7
S214006060A7270300A7270300A7270300A7270300E7
S21400607095EB0000A7270300A7270300A727030028
S214006080A7270300A7270300A7270300A7270300C7
S214006090A7270300A7270300A7270300A7270300B7
S2140060A0A7270300C1A10000A1A10000A7270300A5
S2140060B0A7270300052F0200A7270300693902005F
S2140060C0C77F0300C37F030045310200DD7F030066
S2140060D0CB7F030039390200CF7F0300A9390200C5
S2140060E015400200111D0200153A0200A727030002
S2140060F0A7270300A7270300A7270300A727030057
S214006100A7270300A7270300A7270300A727030046
S214006110A7270300A7270300A7270300A727030036
S214006120A7270300A7270300A7270300A727030026
S214006130A7270300A7270300A7270300A727030016
S21400614082B030BF074BD3F8F030DB0704D500230E
S2140061500193019B052B01DD02B07047019B0133C3
S214006160F6E700BF00ED00E0F0B5114A114C124E04
S21400617000F00105E3695F0713D40DB9334213D16C
S21400618003EA00078F4207D10B4A1A40002A14BFC1
S2140061906FF001000020F0BD013AEBD16FF0020075
S2140061A0F9E74FF0FF30F6E76FF00100F3E700BFC6
S2140061B08096980000000350020001000B4B70B55B
S2140061C0D96911F480310DD101244FF48072084E44
S2140061D0084DF46020462C641A61FFF7C5FF34644E
S2140061E0EC6070BD6FF00100FBE700BF00000350DD
S2140061F000100350002003504FF4003238B50F4B08
S2140062000F4C9A6641F671330122E569E3630D4B44
S2140062100021DA60022360612120236105F48035C5
S214006220FFF7A2FF10B92120FFF79EFF0122064BC1
S214006230DA600DB10023E36338BD00BF0090005064
S21400624000000350001003500020035070B5134C9C
S2140062506061E3695B071ED40E4656F8043B8D1852
S214006260A361AE420BD10423002121202361FFF756
S2140062707BFF58B9BDE870402120FFF775BF0821A5
S2140062800846FFF771FF10B10423236170BD56F86E
S214006290043BA361E5E74FF0FF30F7E7000003504B
S2140062A02DE9F84315464FF40032184B89469A6696
S2140062B041F6713203F51C33DF69DA6301220646C4
S2140062C003F58053DFF84C8007F48037DA6055B961
S2140062D0284601220E4BDA601FB10022A3F50053B8
S2140062E0DA63BDE8F88306F5005404EA0804A41B44
S2140062F0AC4228BF2C46494622463046FFF7A6FF4A
S2140063000028E6D12644A1442D1BE0E7009000506B
S20C0063100020035000E0FFFF2F
S2140063182DE9F04F4FF0FD0BC9B09A460DF11B0959
S2140063289DF8503108AFCDF80C90CDF808B001971D
S214006338059303890446009383790E469046418860
S2140063488288407812F04CFB054650B10090A3882E
S214006358002062883A4912F087FE284649B0BDE810
S214006368F08F99F800002FF038F938B12846A3883E
S2140063786288344912F078FE8D25EEE75A4639468B
S21400638899F800002FF0D1F88346002851D0529B88
S2140063981BB1BDF84C3198424BD8002399F80090B1
S2140063A80793A9F14102012A5FFA8BF123D83846F0
S2140063B80139254ADFF898C05FFA81FE734513DB7A
S2140063C8059B04210792C3B907AF18221F489FED03
S2140063D81A7B02FB060420460A460830394684ED36
S2140063E8027B17F095FC11E010F8011F01335140AD
S2140063F80CFB01F2E2E7059B33B123464A463846D2
S214006408009610F06FFAA8E70829DED9B8F1000F51
S21400641801D088F80090BAF1000F01D0AAF800B0B1
S214006428529B002B99D05A46184608A917F070FCBC
S21400643893E7012591E700BF000000000000000078
S214006448B8110400ED110400C59D1C8180100020C1
S21400645893010001000000002DE9F04F93B0CDE94C
S2140064680A32DDE91C530E9353EC102BCDE90801D4
S214006478104619468DED060B1E9E16F0D3FE80B10B
S214006488DDE906014FF0FF32C54B16F0F3FE40B9C2
S214006498DDE906014FF0FF326FF4801316F0CCFEEC
S2140064A870B1DDE908019DED060B0E9B1E96CDE941
S2140064B81C53DDE90A3213B0BDE8F04F00F088B986
S2140064C80022DDE90601002316F0B6FE002800F0DB
S2140064D83381DDE906A303F1004BCBF30A5016F42B
S2140064E88063A0F2FF3008BF06250F9316F0C8FB9E
S2140064F89BA3D3E9002316F02DFC9BA3D3E9002326
S21400650816F072FACBF31304894644F07F5180469E
S2140065180022A44B504641F4401116F063FA94A3A7
S214006528D3E9002316F016FC02460B4640464946B9
S21400653816F05AFA16F0A8FE044616F0A1FB8EA32B
S214006548D3E900238046894616F004FC0022964BC1
S21400655816F04AFA16F098FE89A3D3E900230746F0
S2140065684946404616F0F6FB80463846894616F0F9
S21400657887FB85A3D3E9002316F0ECFB02460B46FF
S2140065884046494616F02EFA02460B46CDE90C233D
S21400659816F0E0FBDDE90C238046894610461946CE
S2140065A816F022FA0022CDE91001804B40464946F3
S2140065B816F0FAFC00227E4B16F016FA02460B4638
S2140065C84046494616F0F0FC00227A4B16F00CFAC4
S2140065D802460B464046494616F0E6FCDDE90C2323
S2140065E88046894600204FF0804116F0FBF90246A7
S2140065F80B464046494616F0F7F902460B46DDE9D3
S214006608100116F0D1FC07F2FF3700226A4B16F08D
S214006618EBF900223B0516F09DFB52465B4680468A
S214006628894616F027FE002840F08980CDE90C89B7
S21400663804F16303C62B8CBF0527042731051BD539
S21400664853A3D3E900235046594616F009FE0028FE
S2140066587FD051A3D3E900235046594616F0ECFDE7
S214006668002876D00027A542C6BF2C1B04F1FF35AC
S21400667800253C4646F480660E9B9F422CBF4FF092
S2140066880008A3EB070816F0020903D0002F18BF6E
S2140066984FF000083CB1DDE90C235046594616F089
S2140066A883FC82468B46DDE906010022002316F0AD
S2140066B8C3FD10B10BF100439B46DDE9080126F443
S2140066C80063CDE90183DDE90A324BEC10AB009597
S2140066D800F07EF802465FB3DDE9091316F0200FD6
S2140066E800F10105089E0CBF65204520B047DDE98E
S2140066F808010523002205930A23002CCDE902325F
S21400670807F1FF374FEAD473B8BF64422A460193AD
S21400671804970A9B009430F090FE0246B9F1000FE9
S21400672806D00B9BC41A0B9B1A190E9BA34245D87E
S214006738104613B0BDE8F08FDDE906ABCDE60022C3
S214006748404649461A4B16F02FFC013CCDE90C0191
S2140067586EE7002D90D00F9B002B8DD0013D8BE768
S214006768FB799F501344D33FB3C8608B288AC63F33
S21400677861436F63A787D23F71A379094F930A4095
S2140067881655B5BBB16B0240EF39FAFE422EE63F0E
S2140067982D431CEBE2361A3F0000000080842E4191
S2140067A8FFFFEF7F0000F83F0000E03F00002C40AE
S2140067B800002440000018400000F03F2020DDE9DB
S2140067C80913089DA8470134ADE700BF0000000084
S2140067D82DE9F04F5BEC10AB97B0CDE90501DDE98C
S2140067E82058CDE90723504652465B465946229F15
S2140067F816F018FD70B90323CDE902870193AA4B5A
S2140068080093DDE90501DDE9072330F048FD17B000
S214006818BDE8F08F4FF0FF326FF4801350465946AC
S21400682816F00AFD28B10423CDE9028701939F4B91
S214006838E6E74FF0FF32504659469D4B16F01AFDD4
S21400684868B19C4A07F00403002B08BF03229A4B42
S2140068581CBF13460422CDE902870192D0E75046B2
S2140068688DA3D3E90023594616F004FD38B98CA346
S214006878D3E900235046594616F0DEFC68B1DDE938
S2140068880723DDE905014BEC10ABCDE92187209500
S21400689817B0BDE8F04FFFF7DFBD002200235046D3
S2140068A8594616F0C9FC002800F091805B4652460F
S2140068B80020002116F096F8012382468B4609939D
S2140068C817F4806400F08580092D40F28580002446
S2140068D830210EABA5F109020134202C03F8011B68
S2140068E8A5EB040901D09442F6D15946504616F055
S2140068F8CBFC724B054603EBC90393ED007B8DED8D
S2140069080A7B16F0BDF902460B465046594616F065
S21400691869F8DDE90A2316F01DFA02460B46CDE9AA
S2140069280C2316F0D9FC064616F09AF902460B46D2
S214006938DDE90C0116F056F802460B46CDE90C23A5
S21400694800225F4B16F096FC002848D001363046E9
S21400695816F086F902460B46DDE90A0116F076FCC3
S21400696808B100260135B9F1000F45D1284616F0C2
S21400697887F902460B465046594616F033F8002269
S2140069884F4B16F059FC10B9E90700D501350A2116
S2140069980EAB1A19202C0AD095FBF1F001FB105506
S2140069A8303502F8015B013405460028F2D107F0BD
S2140069B80302012A55D1B8F1000F52D0099A12B92C
S2140069C817F00C0F01D008F1FF38302240E009908C
S2140069D876E74FF0060988E7A946002485E70022EF
S2140069E8DDE90C01364B16F027FC0028BBD10EB1AA
S2140069F8F007B8D50136B6E70A210EAB1A19202CCF
S214006A080DD0B6FBF1F001FB1063092E03F130033D
S214006A1809F1FF3904F1010402F8013B11D83021CD
S214006A28A1440EAA202CB2D04C4504F101030AD189
S214006A3804F158020DEB02042E2204F8202C1C4602
S214006A48A5E70646DBE7A1541C46EBE71A550134D2
S214006A58444506D2202CF9D1CDE9028701940EAB25
S214006A68CEE6202CF8D0099B3BB12D2204F1580322
S214006A786B4403F8202C0134EEE77A0704D504F1BA
S214006A8858032B226B44F4E73B07E5D504F158037B
S214006A9820226B44EDE700BF0000000065CDCD4125
S214006AA80000000065CDCDC1DB2E0400DF2E0400FB
S214006AB8FFFFEF7FD22E0400D72E0400E0770400F5
S214006AC80000E03F0000000070B58EB02C220021C8
S214006AD803A816F08DFF64234FF002320893CDE921
S214006AE805230B2301218DF834305B4B8DF81010ED
S214006AF81D880D4040F0A980084634F00FFD0A2294
S214006B08564B574C1A704FF42873ADF812304FF0A6
S214006B18FF332360534B54491B8820460B82534B44
S214006B28534A1B68CD828B61524B0D621B884B8281
S214006B38514B1B68CB611DF035F820B14FF41B7123
S214006B484E4835F018FD0521206831F0DEFA20B1F0
S214006B5840F27D21494835F00EFD206815F0FEFE0E
S214006B68474B2068196830F04AFE0C2535F03EF988
S214006B786843099035F03AF968430DEB050107902C
S214006B88206817F0D1FB20B140F295213B4835F03C
S214006B98F2FC25681FF030FC00220146284630F03B
S214006BA8A6FE20B140F29721344835F0E4FC40F2C6
S214006BB80353344D344E2B80052396F90000AB70F2
S214006BC87F2801D11DF0D6FA3378EB7035F00EF930
S214006BD800EB80008000A88035F008F90023C0008C
S214006BE84FF0FF31E880AB604FF0FF3018A3D3E9D1
S214006BF8002334F0E5FD2549206830F031FE206892
S214006C0802A931F029FB20B14FF434711B4835F046
S214006C18B2FC042220680DEB020130F0C5FD042802
S214006C2804D040F2D721154835F0A5FC01A901206B
S214006C3830F086F907F02EFD01201DF01FFF2CF01E
S214006C489CFB1DF045FF1DF02DFA0EB070BD00BF71
S214006C580A0020FF420300005E59002090600020D2
S214006C6884530020809104008467002088910400E3
S214006C784DB503007E91040084910400A4670400C7
S214006C88C464002078530020586A0020C1B5030069
S214006C980348044B834202D0034B03B1184770479E
S214006CA8846A0020846A002000000000064B07491A
S214006CB8C91A891048BF0131491003D0044B0BB1DB
S214006CC801481847704700BF846A0020846A00207D
S214006CD80000000010B5064C237843B9FFF7D8FF2C
S214006CE8044B13B10448AFF300800123237010BD92
S214006CF8B815002000000000A0CC040008B5044B1E
S214006D081BB104490448AFF30080BDE80840CDE74E
S214006D1800000000BC150020A0CC0400A3F5803AB3
S214006D28704700BF154B002B08BF114B9D46FFF759
S214006D38F5FF00218B460F461148124A121A16F024
S214006D4857FE0C4B002B00D098470B4B002B00D05F
S214006D5898470020002104000D000B4817F08EF914
S214006D6816F01EFE200029002BF04CFA17F074F9D6
S214006D7800000800000000000000000008100020C6
S214006D8808100020E4600020EDE0010007B50121AE
S214006D9820200DF1070201F039F858B1022301212D
S214006DA820200DF107028DF8073001F03FF803B0F8
S214006DB85DF804FB9DF807100229F8D0022209485E
S214006DC815F0F8FC022301210DF1070220208DF8AA
S214006DD8073001F02BF82BF06FF94FF4FA6000F04B
S214006DE85DFEE4E7B0C9030038B501F0EBFF01F03B
S214006DF8ABF9012805D001F0A7F9022801D001F067
S214006E08C9F9064D2B783BB901F09EF901280446CE
S214006E1802D12BF0DAF92C7038BD00BF3C5A00209E
S214006E2810B5044600882BF01BF9A37884F84400B4
S214006E38834202BF0123E3702371074B04F11C0051
S214006E48C4E9073401F038F8224620880349BDE82B
S214006E58104000F075BF00BFFF1D0300C91D0300EA
S214006E6870B5C37804460D461646002B34D1D1B10A
S214006E78214815F09FFC0123E370E36CA6600BB174
S214006E88E06D9847E368F61A63699E4221D2217E30
S214006E981A480131C9B2217615F08CFCA36D13B1DE
S214006EA8217EE06D9847E5702BF019F915B3237924
S214006EB803BBA268238A801A83421BD80123104882
S214006EC8237115F077FC236DA3B1E06DBDE8704023
S214006ED8184701232376E6E70029E4D1094815F088
S214006EE869FC636DE660E5702571002BDBD0E06D0C
S214006EF89847D8E770BD00BFD8C90300E9C90300A2
S214006F0817CA030004CA030070B51E4683880446E1
S214006F180D46C18002810BB1868070BD81780088DD
S214006F282AF08AFF0123E370064BA680C4E90334DF
S214006F380C34204600F0C0FF29462046BDE87040C5
S214006F482BF0C4B84B1E030010B501790446B1FAFD
S214006F5881F1008849092AF0E6FF21796088B1FAAC
S214006F6881F149092AF0DFFF034B1A68A24204BFE1
S214006F7800221A6010BD00BFD415002070B54379F2
S214006F880446A3B100880E4E04F10805336813B111
S214006F980C4B1B786BB121792AF0C5FF64210A4B8C
S214006FA83460A3602846BDE870402BF08FB8408850
S214006FB8E9E7064815F0FEFB054B3221A360F1E72A
S214006FC8D41500203D5A0020516F00002DCA03003A
S214006FD8856F000010B50446E0B10F4815F0EAFBCF
S214006FE801236371A37953B9217920882AF09BFF7E
S214006FF8236B7BB1606B0121BDE810401847204623
S214007008FFF7A2FF04F108002BF065F82046FFF70B
S214007018B5FFEDE710BD00BF63CA030010B5044610
S214007028F8B1104815F0C6FB00236371A3796BB955
S21400703821792088B1FA81F149092AF074FF236B77
S2140070487BB1606B0021BDE8104018472046FFF76B
S2140070587BFF04F108002BF03EF82046FFF78EFF72
S214007068EDE710BD6ECA030010B5044668B10748C0
S21400707815F0A0FB637920461BB1BDE81040FFF76A
S214007088CDBFBDE81040FFF7A5BF10BD7ACA030004
S21400709810B50E4C0E48214615F08CFB82210D4883
S2140070A815F088FB82210220A21E00F0BFFE0146D2
S2140070B830B134F8022C0848BDE8104015F07ABB09
S2140070C80648BDE8104015F075BB00BFCA5400203E
S2140070D889CA0300A4CA0300AFCA0300F3CA0300A0
S2140070E838B5114C82212246022000F08FFEA51CDE
S2140070F8014688B122880D4815F05CFB2A460C4BE1
S21400710803F12C0153F8040B8B4242F8040BF9D117
S2140071181B7813702C23238035F8021C054A064872
S214007128BDE8384015F046BBC8540020FECA030028
S2140071387ECB0300CA5400205CCB0300034B1B78AD
S2140071481BB18B4201D82AF0B7BF7047006A0020EF
S21400715810B5044601460E4815F02CFB012C11D13B
S2140071680C4B0D481A884FF6FF739A421EBF002232
S214007178094B5A742AF0BDFE01F07AFFBDE81040AC
S21400718801F04CBE0448BDE810402AF0B4BE00BF6B
S214007198ABCB0300B46900205064002070B500240F
S2140071A81A4D1B4E3378A3421BDC0024194D1A4E89
S2140071B83378A3421BDC0024184D194E3378A342BB
S2140071C81BDC00F0C1FF012816481CD12AF091FEEE
S2140071D801F04EFF01F022FEBDE87040124800F0B4
S2140071E8D3BF2846FFF71CFE01346035DAE7284689
S2140071F82AF065FE01343435DAE728462AF098FE88
S21400720801343835DAE72AF076FEE5E780210020F3
S214007218435A0020A0250020445A0020501F002072
S214007228425A002050640020597100002DE9F04FA2
S21400723887B0FFF755FFB94B05A805932AF09CFEC3
S214007248054616F0D1FAB64CC2B21F2A627004D9A7
S214007258B44815F0AFFA00F015FC2946A01C16F045
S21400726857FD05A82AF088FE054616F0BDFAC2B2F4
S2140072781F2A84F8212001D9AB48EAE7294604F1F9
S214007288220016F045FD05A82AF076FE32260446AA
S21400729800272578002D40F09F80A44CFFF77EFF3E
S2140072A82378DFF8C8A2DFF8C882A14F00939AF8BF
S2140072B8003098F8002039789E4815F07BFA3A781E
S2140072C898F800109AF8000053180344DFF894B2B0
S2140072D820782C4603445846DBB2AA4200F3E482E0
S2140072E8012B38BF0123944E0293324600233546BD
S2140072F84FF482714FF6FF74029801339842137068
S2140073085180948002F10C02F6DC8C4B8A49844842
S214007318AB6000F0F5FFE879AB68DFF8449200EB65
S214007328400003EB800000F0BBFDEB79B9F80020C5
S2140073380133A242EB7103D07F49814801F0E4F89B
S2140073484FF6FF73B9F800207B49D21A18BF0122FE
S2140073587C4801F0A3FC4FF00009784C3A784A457F
S21400736800F3CA8200264FF00C09774ADFF8C8B146
S21400737898F800003978B04200F3D28246180C21FB
S214007388002501FB06B19AF800009423A8426F4A2C
S21400739800F3E4820C253E7898F8003000274FF07A
S2140073A870081E44064405FB06B5DFF8C8A15F4B07
S2140073B81B78BB4200F3E58202995F4800F0FEFDA9
S2140073C8059B56491A468B4240F0EE82604807B045
S2140073D8BDE8F04F15F0EEB9532D0FD163784C2B5E
S2140073E840F04881A378502B40F044810122594B45
S2140073F81A7005A82AF0C0FD04464AE7442D13D1A2
S2140074086378303B092BF4D8601C2AF0C2FD524B37
S214007418524A1978002386B2994202F16002E8DDE2
S21400742822F8466C0133F7E7422D0BD16378542BCC
S21400743854D1A01C00F0D2FC494B188018462AF0FC
S2140074489CFCD6E7582D33D8412DD2D9433D152D6F
S214007458CFD801A353F825F01F780000FB7300006F
S214007468FB730000FB730000FB730000FB73000057
S214007478CF750000FB730000FB73000081750000E9
S214007488CB740000FB730000FB730000FB73000066
S214007498FB730000017700007D760000FB73000098
S2140074A8FB730000FB730000FB7300007777000097
S2140074B8692D9ED1601C2AF06CFD80B22AF0F8FD7A
S2140074C897E71B4B012019780023264A994202F1B8
S2140074D8A8028EDD02F8A60C0133F7E7601C00F060
S2140074E87DFC0546E01C2AF0CCFD01210246284614
S2140074F82AF083FD60211848184C0378594362180F
S21400750865524FF4FA6111824FF448715161164979
S21400751856831165013303706BE700BFCA54002019
S21400752864630020CACB0300E1CB03003E5A002068
S214007538415A0020F1CB0300A0160020181700209F
S21400754850160020D8150020A41B0020E81900209B
S21400755841CC03003D5A0020435A002080210020D9
S214007568B4690020A41C00206B1F03003F5A0020AB
S214007578405A002098180020601C00F02FFC0022BB
S2140075884FF034088146CC4F11462AF036FD38783D
S214007598CA4D08FB00F325F80390EA18E37810466E
S2140075A8693B18BF012393702AF089FC0021C44A5E
S2140075B83B785160012103FB08550B443B7015606E
S2140075C80F46117415E7601C00F008FC00221146EF
S2140075D881462AF012FD3422B74DDFF8E08228787B
S2140075E802FB00F328F8039008EB0301E37808464B
S2140075F8693B18BF01238B702AF061FCB14A00234F
S2140076081046916B31BB00EB831034232A7802FBBB
S21400761803838363AC4A00231046D2F8A410F9B952
S214007628A82202FB030034232A7802FB0383C0F84F
S214007638A4305FB9A24A3B46114652F8040BA8B9D3
S2140076483422287800FB028241F823202B78013365
S2140076582B70CEE60133042B02F14002D1D1D9E7D4
S2140076680133042B02F1A802D7D1E2E70133042B39
S214007678E3D1EBE7601C00F0B1FB8046E01C2AF083
S21400768800FD0121024640462AF0B7FC60218F48DB
S2140076988F4D0278DFF854C251436B1825F80180E5
S2140076A84FF44871198259618A495E839965E17871
S2140076B8A824642904BF012199709CF80030DFF8DB
S2140076C808E25C430EEB04010EF804304FF4007435
S2140076D84C8003240C718C7102EB420405EB4415B4
S2140076E832240133DBB201324B718D6081F8A04041
S2140076F802708CF800307CE6601C00F06FFB0022FD
S2140077084FF0380A8146DFF8DC8111462AF075FC0E
S21400771898F80030704D0AFB03F325F803904FF0F5
S2140077280109EA1882F80490E37873B1E01C00F0C7
S21400773855FB0022044611462AF05FFC98F80030F4
S2140077480AFB03535C8083F8069064485D4A037816
S2140077589901535498F8001002EB8314C1EBC10248
S21400776805EBC2054A1C656388F80020D2E6601C53
S21400777800F034FB8046E01C00F030FB0546601D38
S2140077882AF07FFC04460246012140462AF035FCD2
S2140077982246284601212AF030FC60204FF4487C17
S2140077A8DFF828E14A4A9EF8003000FB03F422F886
S2140077B80480DFF820811119A1F810C0C1F814C0A0
S2140077C84E83C1F85880591CC9B248431418A4F807
S2140077D810C0C4F814C06683C4F8588094241552A0
S2140077E83F4D981C8EF800002878DFF804C1444303
S2140077F803EB430301EB41010CEB040E02EB4313CE
S21400780802EB41120CF80400CEF80430CEF808203B
S21400781801302870EDE5601C00F0E0FA8046E01CB8
S21400782800F0DCFA00220546114640462AF0E5FB41
S21400783800223824114628462AF0DFFB2948264A23
S21400784803784FF0000E04FB03FC22F80C804FF080
S214007858010802EB0C0181F806E081F8048003EBCE
S2140078680801C9B24C4302EB040C15539C1C047067
S21400787870241D4D8CF806E028788CF80480444364
S214007888DFF870C0C3EBC303C1EBC1010CEB040EF9
S21400789802EBC30302EBC1020CF80400CEF8043076
S2140078A8CEF808204044B4E7467901358E4284BFB6
S2140078B804714471A83010E5445A0020A025002021
S2140078C850640020A41B0020A41C0020435A00205B
S2140078D88021002045710000501F0020405A0020DB
S2140078E83F5A0020425A00203E5A0020415A0020A3
S2140078F8E819002098180020B9F1000F06D016F8ED
S214007908052C02EB420204EB8204B460314658466A
S21400791801F082FD09F101090BF1A80B0C361DE5F3
S21400792871180AD0481E09FB00B0C07900EB400069
S21400793804EB800409FB01B08460104609FB015182
S214007948039201F027FB39781C48314409FB0151A2
S21400795801F08EF8039A0136403209E5F54218BF61
S21400796811F8050C03911EBF00EB400004EB8004E1
S2140079788C6003FB052000F08BFF039901350C3162
S21400798801E5F74218BF15F8053C29461CBF03EB6E
S214007998430304EB830408FB07A018BFAC6000F0A1
S2140079A84DFE01370C3502E513F8011D00297FF45A
S2140079B808AD3B2102F8011C03E500BF441F002068
S2140079C807B5012121200DF1070200F01FFA18B9AA
S2140079D89DF80720024B1A7003B05DF804FB00BF41
S2140079E8006A002007B5064B8DF8070018700121BD
S2140079F80DF10702212000F019FA03B05DF804FB28
S214007A08006A002007B5022101200DF1060200F0E9
S214007A18FDF938B9044814F0CDFEBDF8060003B0E9
S214007A285DF804FB0020FAE75ECC030007B50221E8
S214007A38ADF806000DF10602012000F0F7F9014640
S214007A4810B1034814F0B6FE03B05DF804FB00BF9F
S214007A587FCC030010B5FFF7D5FF0446014607485C
S214007A6814F0A8FE0121064814F0A4FE24B9BDE8C7
S214007A7810400120FFF7DABF10BD00BFAFCC0300EF
S214007A88C1CC030008B5044814F094FE00F0DEF9F3
S214007A982AF012FB2AF00DFBD7CC030038B50446B3
S214007AA8084D094B28462B6000F006FA002C18BF34
S214007AB821462846BDE8384008BF4FF496712AF09C
S214007AC805BB00BFA4260020B91F03002DE9F0431C
S214007AD8394D93B008AC0746894690460FCD0FC47B
S214007AE80FCD00260FC495E803000323012584E87C
S214007AF80300324C3248CDE90366CDE905668DF8B9
S214007B080E300796029534F0D0FC2E4834F0CDFCA3
S214007B1832462D4920468DF8176005F01DF8334685
S214007B2832462A498DF81900009020468DF8239091
S214007B38CDF82C808DF8216005F028F80A902046AC
S214007B488DF8097004F088FF204608AA05A905F0F4
S214007B5843F802AA204603A92BF08DFB4FF40072C7
S214007B681B4B5A62194BE560626A920510D46BB9D2
S214007B784FF40072164B11485A6204F06DFF114814
S214007B8834F096FC002013B0BDE8F083013BEBE729
S214007B98002BEDD0094908A82BF0A0FB4FF4007283
S214007BA80B4B06485A6204F057FF064834F080FC30
S214007BB8BDF82000E7E700BF9C6804000040005AB4
S214007BC8EC6A0400E86A040080841E0040420F0045
S214007BD80060005A0122034B1870034B1980034BB0
S214007BE81A707047465A0020BC690020455A002083
S214007BF8F8B5454B1B780BB90020F8BD434B1B78EE
S214007C08012B03D1BDE8F8402AF0D5B9404B1C88B3
S214007C184FF6FF739C42EFD03E4834F046FC0023F4
S214007C28260AE4B21A462146304604F0D5FE012E4E
S214007C38354604F0010335D015D9B51E012DDBD81D
S214007C48002B0BBF4FF480754FF080754FF47061B2
S214007C584FF070610BBF01274FF480370F204FF4A9
S214007C6870202D4B11E0002B0BBF4FF480754FF0A2
S214007C7880754FF470614FF070610BBF01274FF4A9
S214007C8880370F204FF47020244B1A6802401CD00F
S214007C98BA421AD01A680A4032D11A6822EA010291
S214007CA82A4316E0002B0BBF4FF480754FF0807503
S214007CB84FF470614FF070610BBF01274FF48037A7
S214007CC80F204FF47020164BDFE71A6822EA0002EE
S214007CD83A431A602AF06FF9054600288CD0083611
S214007CE844EA06102A460321C0B2FFF7EFFE40F624
S214007CF8FF73684300F2FF70B0FBF3F080B27CE7D6
S214007D0895427FF479AFC8E7455A0020465A0020C6
S214007D18BC690020EC6A040028C3035020C3035043
S214007D2824C3035010B5044C237823B9034834F011
S214007D38BCFB0123237010BD485A0020EC6A0400DF
S214007D482DE9F0431F4C85B0074688469146FFF755
S214007D58E9FF23781BB902F0E5F8012323707BBA04
S214007D68ADF80C3030220023174E02FB03F4315DC9
S214007D78A51901BB012333554FF0FF3304F110005A
S214007D8812493044AB606F80C5F80480C5F80C9083
S214007D9809F0C0FB04F10801042231440C4B00959D
S214007DA803A802F095F9A96802460A4814F002FDED
S214007DB805B0BDE8F0830133102BD6D1064814F081
S214007DC8F9FCF5E7475A0020CC260020E31F0300FD
S214007DD8F51F0300E4CC030012CD030080B102783F
S214007DE8A2F14103032B0BD840783038C0B20828DC
S214007DF806D8054B134413F8413C40EA0320704765
S214007E084FF6FF70704700BFC468040008B50B46FD
S214007E1842B101460448006803F0A2FABDE80840EB
S214007E282AF040B9022008BDBC64002008B50B46FD
S214007E3842B101460448006803F01AFCBDE8084051
S214007E482AF030B9022008BDBC640020F0B5002630
S214007E58124F8DB0FF2300930A223346386802A9D2
S214007E682AF0AEFFC0B102AB1D4603EB800404E067
S214007E7855F8043BB34228BF5E1CAC423868E9D9C3
S214007E88296803F07BFD0028F2D02D28F0D00DB02D
S214007E98BDE8F0402AF006B90DB0F0BDBC6400207D
S214007EA828B1034B0360034B43600023836070478D
S214007EB81900000364640020FF2307B50021044A64
S214007EC80093083009F0AAFA03B05DF804FB00BF77
S214007ED8CF2003000B460449024608680349097880
S214007EE808B12AF017B97047D82900204A5A002046
S214007EF8F7B50C4618B12921194834F03CFB24681C
S214007F0823685E795F8830463946FFF7E3FFF0B1AD
S214007F188568E5B1A089227D3946904291BF002048
S214007F28801AA36880B294BF03469B18E27C009030
S214007F383046A8470138032803D8DFE800F0080FC2
S214007F480B0D002420462EF0B0F8204600E08120D5
S214007F5803B0F0BD8024F5E79324F3E78724F1E720
S214007F683ACD0300F8B515460D4A044610680D4A82
S214007F780B46117850B122462AF0CCF8034628B1B1
S214007F8800210C27C678B14201DB0020F8BD07FBAC
S214007F9801F45A681019125BAA42F7D00131F2E7C9
S214007FA8D82900204A5A002008B5034B1B6803B19D
S214007FB89847002008BD00BFD42900202DE9F74FB8
S214007FC804460D460026454B454F1860454B19702C
S214007FD833010021F85C013610F0F0FA0C2EF7D1C8
S214007FE80C2D28BF0C254FF0000901953C4EDFF8F4
S214007FF800A13D4DDFF8FC80019B4B4502DC03B039
S214008008BDE8F08F23784FF0000B337063887380D9
S214008018A388B380A379C6F80880B371E379C8F853
S214008028005088F804304FF00003A768A8F8063018
S214008038E3795B450ADC012116F8100B10F0BEFA4E
S21400804808F1080809F101090C34D5E74FF00003D8
S21400805838886B812880FB784FF0000C2B81BA7823
S214008068C5F804A0002A00920CBF802240222A737A
S21400807879680AF10C02634513DC03EB43030AEB49
S214008088830ABB6843B1009A4FF6FF71B2FA82F2D0
S214008098164B52092DF099FF14350BF1010B0C37CE
S2140080A8C6E7B1F800E00CF1010C22F80CEC91F8E8
S2140080B802E00C3202F816EC91F804E00C3102F8F3
S2140080C815EC11F809ECBEF1010F14BF4FF0100EB5
S2140080D84FF0110E02F814ECCDE700BFD8290020A7
S2140080E8304100204A5A0020DC2F0020F97E00008C
S2140080F8DC2900205C320020014B1860704700BF66
S214008108D0290020014B1860704700BFD4290020F2
S21400811870B5128805460E46FFF724FF044670B170
S21400812802790499806815F0B5FC064B1B680BB9F4
S214008138002070BD3146284622889847F8E78620F2
S214008148F7E700BFD029002008B50FF0D3FA0228B9
S21400815806D0012806D0044B18784000C0B208BDE7
S2140081680120FCE70220FAE7495A0020054B10B523
S2140081781C682CB1FFF7E8FF2346BDE810401847F7
S21400818810BD00BFCC290020014B1860704700BF07
S214008198CC290020034B1A781AB901221A700BF062
S2140081A809BB7047495A00200022024B1A70FFF795
S2140081B8DDBF00BF495A002037B50446002836D030
S2140081C80FF098FA022834D160892EF0D0FAE079B8
S2140081D8237A003818BF0120012B637A08BF40F0C5
S2140081E808000BB140F0100063890BB140F00400A2
S2140081F8257CA188A2790DB1E36893B90F4B10F0DE
S214008208B9FD2178084610F031FE2DF0D9FD044658
S21400821810F0EAFD7CB100280CBF0020032003B054
S21400822830BDCDE90035064B10F0A4FDE9E7022085
S214008238F5E70120F3E72046F1E700BF051E040036
S214008248CEED030008B50DF013FC014630B1044826
S21400825814F0B0FABDE808400DF0AEBF08BD00BF88
S214008268ACCD0300034B044A5B7C0121032013704A
S214008278FFF7DCBD506400204B5A002010B50446BA
S214008288FFF7F0FFB4F57F4F0BD100240F4B1A8889
S21400829813449C70FEF7FCFE2046BDE81040FFF72E
S2140082A8FDBB4FF601739C4204D1BDE81040084858
S2140082B829F007BE4FF602739C4205D1BDE8104070
S2140082C8044B1878FFF78EBB10BD00BFC8540020BB
S2140082D850640020006A002010B5074C0121224691
S2140082E80320FFF793FD28B92378044A003B18BFFC
S2140082F80123537410BD00BF4B5A00205064002061
S214008308F8B5574B574C1A884FF6FF739A4218BF62
S21400831803234FF0080218BF2370534B32251A70F8
S21400832830229A705A7139229A713122DA713522BE
S2140083385D70DD7036251A724FF400121D714B4DB4
S2140083484264C5644A4D012205654A4D861885650E
S214008358494DC667C565494D494E4566494D80F83D
S21400836848208566484D80F854200567474D80F8B4
S21400837860204567202580F8785080F8845000F102
S2140083882105C0F88850424D80F86C20C0F88C5003
S214008398C0F8806080F89020C0F89440C0F8B830E4
S2140083A83C4B3D4CC0F8BC300223C0F898403B4CD0
S2140083B880F8C030C0F8A4400F24394B80F8A84095
S2140083C8C0F8C430374B384CC0F8C8308223C0F8E1
S2140083D8AC40364C80F8CC30C0F8B0400924344B5A
S2140083E8344DC0F8D030344B80F8B440C0F8D430A0
S2140083F82C7C324B80F89C20C0F8A00080F8D8204F
S214008408C0F8DC3044B12E4B80F8E420C0F8E030E9
S21400841805F11103C0F8E8304FF0000CCA798E68F1
S21400842802EB42039F00443006EB830326F807C09E
S214008438586001200D349870DC701318CB71FFF764
S214008448BFFAFFF749FFFFF77FFE012806D12B7C0E
S21400845823B1BDE8F840174829F033BDF8BD00BF82
S214008468B4690020016A00204C5A0020DD68040028
S21400847801002000DC68040002002000DB6804001D
S2140084880500420003002000DA68040004004200E9
S21400849807003000FDFF21001200100100404200D6
S2140084A8D868040000FF4401C868040006004200BB
S2140084B8C85400205064002002FF2001006A0020F3
S2140084C801FF100113B504460D4829F061FC64222B
S2140084D8C0F30F43637083B2B3FBF2F3A078237044
S2140084E82022012129F038FEA0782122012129F036
S2140084F833FE0449201D02B0BDE8104029F0E6BD51
S214008508B4690020E09304000B7870B583704CF6CD
S2140085181E0303804FF02013C362012380F8303017
S21400852880F83C30C3180364124B044643640223A5
S214008538114A80F84830114B8263C3644063CA7995
S2140085488D6802EB420305EB830004F12C064660B7
S2140085580B4E45F8236000238360531CCB71094BF0
S214008568201DC4E90134FFF7A7FC2046BDE870408B
S214008578FFF7A8BFFDFF210021002000DE680400E9
S21400858801000103CD840000437B044A01211370D7
S21400859800781130C0B2FFF749BC00BF565A002019
S2140085A838B504460078054D11302A460121C0B278
S2140085B8FFF72CFC08B92B78637338BD565A002091
S2140085C8024B53F8200029F0A2BE00BFBC320020A0
S2140085D8012908B506D0022907D049B929F08EFE28
S2140085E8002008BD29F08DFEFAE729F08DFEF7E792
S2140085F8024814F0DFF80120F3E700BFD9CD0300E6
S21400860810B4054C114654F820001A46BDF804303C
S2140086185DF8044BFFF7DCBFBC320020002310B522
S214008628044683810364A0F844304830FFF744FCCE
S214008638014BC4E9123410BDFD22030038B50446C8
S2140086480B781A4A43700D4642F82300FFF7E6FFF8
S2140086582046FFF7A5FF4FF4401323610123144A71
S2140086682375A261134A84F82030E261124A84F81E
S2140086782C306262114A84F83830A26204F10C0287
S21400868822630F4A04F10D036263E363EA79A8687C
S21400869802EB420300EB830110344C60094C40F8AF
S2140086A82340094B8B60531CEB7138BDBC3200204D
S2140086B8555A002008002000026A002000FF3000FB
S2140086C801FF1001020101040986000010B470249D
S2140086D8427B0D48013A012904FB020006D0022914
S2140086E808D059B95DF8044B29F008BE5DF8044B6C
S2140086F829F007BE5DF8044B29F006BE03485DF86E
S214008708044B14F057B800BF98180020F5CD0300A6
S214008718B0F85C302DE9F0418B4204460E4638D05E
S214008728437B077C8BB31C4A12789A422DD370255C
S2140087381A4A013B05FB032390F80F801B7B424631
S21400874829F0F3FDB845054601D1FF281FD13A4662
S2140087583146204694F8903029F0E7FD2F46054626
S214008768552212216078A4F85C6029F0F5FCFF2FEA
S21400877803D039462046FFF7A9FFFF2D09D0294622
S2140087882046BDE8F04129F010BEFF25DFE7074682
S214008798E6E7BDE8F08100BF3E5A002098180020A2
S2140087A841688268C978D27849B112B10321FFF7C7
S2140087B8AFBF837B002B0CBF01210221F7E72AB14C
S2140087C8837B002B0CBF02210121F0E7014813F040
S2140087D8F1BF00BF06CE0300037BD3B14368DA7847
S2140087E812B18268D278A2B91B7933B1837B002B89
S2140087F80CBF04210521FFF78BBF83681B792BB1BB
S214008808837B002B0CBF05210421F4E7014813F0F5
S214008818D1BF704738CE0300084A437B0521137042
S214008828837B5370C37B9370037CD370037B137175
S21400883800780E30C0B2FFF7F9BA00BF575A0020CA
S21400884838B5044600780C4D0E302A460521C0B2CD
S214008858FFF7DCFA20B1BDE83840084813F0AABF95
S2140088682B7863736B78A373AB78E373EB78237416
S2140088782B79237338BD00BF575A002074CE0300E7
S214008888024B53F8200029F0DABD00BFE43200207E
S214008898F8B504460B78424A43700D4642F8230062
S2140088A8404E29F0EAFDFFF7CBFF6268A3683E4812
S2140088B83E49D6641165D4655065C3E91410DE6474
S2140088C8DC654FF0987302266361012304F10C01FE
S2140088D8E16137491032216204F10D01A162354980
S2140088E82376E16204F10E016163334984F824308B
S2140088F8A16304F10F012164304984F830306164C3
S21400890804F11001E1642E4984F83C3084F84830BC
S214008918216584F85460A265E879A96800EB4002EE
S21400892801EB820704F1140CC7F804C04FF4817CED
S214008938244F41F82270C218D2B202EB420241F824
S21400894822C001EB820700227A601F4A84F8703042
S21400895822661E4A84F88830A2661D4A1D4BE266C7
S2140089681D4AC4F88C3062671C4A8319A26704F152
S2140089785C02C4F88020DBB2194A03EB4303C4F850
S214008988842084F8646084F87C6001EB8302603499
S2140089985460144A033041F82320E871F8BD00BF3C
S2140089A8E4320020A987000009240300E1870000BC
S2140089B8010020010200100103003001040030010C
S2140089C80500210101FC01064A002100E0680400B8
S2140089D851001000E2680400E36804005500210016
S2140089E86F0018001200010470B50D4606461446BE
S2140089F813460A4601461A4813F0DCFE25B92046F7
S214008A08BDE87040FFF73ABC072D05D12146304631
S214008A18BDE8704000F0C4BC4FF601439D4205D146
S214008A2821463046BDE87040FFF72ABF062D05D11F
S214008A3821463046BDE8704000F066BAB5F5817F3D
S214008A4805D121463046BDE87040FFF7B9BD202D58
S214008A5804D12046BDE8704000F0ECB870BD00BFF9
S214008A68A3CE03000148FFF747BB00BFF18900000B
S214008A784FF4C01330B5036001230371074B8C68AD
S214008A888360CA7902EB420304EB830568600448F6
S214008A9844F82300531CCB7130BD00BFE4680400C3
S214008AA8040001010368064A0C21136043685360FA
S214008AB803891381438922205381FFF7B7B900BF82
S214008AC80C33002010B50368044686B0FBB1114885
S214008AD813F070FEA37B104A8DF804304FF48273AF
S214008AE8ADF806300123CDE90223002301A804933C
S214008AF88DF81430FFF760FB2046618929F0CDFC1D
S214008B082046FA2150F8143B594329F0DFFA06B0FC
S214008B1810BD00BFD6CE03002000000110B5064CDD
S214008B28236843B1054813F045FE2068BDE81040A9
S214008B38418929F0B2BC10BD18330020F7CE0300D7
S214008B4870B5364910460C68BDF81020002C5ED06B
S214008B5803285CD8DFE800F0021E2745002B5AD011
S214008B68022A58D91D78B3F80160291E18BF0121BA
S214008B7832462B4813F01EFE2DB13146204629F00A
S214008B888CFC002070BDE573FA206368584329F012
S214008B9824FBF6E7234813F00DFEE37B002B38D0C2
S214008BA80023E373F0E7002B35D0032A33D91D687A
S214008BB81D48294613F0FEFD1C4B2A1F9A4201D970
S214008BC80220DFE723680BB19D42F9D823899D422E
S214008BD8F6D3E37B6560B3B9FA20684329F0FDFA5B
S214008BE811E0002BCED0012ACCD91D881048294682
S214008BF813F0E0FD002DE3D063689D42E0D8E37BE8
S214008C082581002BE8D12046FFF74CFFB9E7012065
S214008C18B8E70420B6E70320B4E700BF18330020FF
S214008C281ACF030051CF030070CF0300FCFF6D007E
S214008C389BCF030038B5154B1C6834B3F0B92168D0
S214008C48134813F0B7FD23683BB16268934204D219
S214008C58104813F0AFFD6368236004F11405284636
S214008C6829F039FA236823B1FA212846594329F00E
S214008C782DFA2046BDE83840FFF714BF032804D174
S214008C886189054813F096FDF3E738BD18330020D0
S214008C98C6CF0300F4CF030029D0030070B53E4BBF
S214008CA80D46044609781860002A6FD101231A4633
S214008CB8A1730021E1730121A1814FF46151C4E938
S214008CC800132823354E22810C2132462220638148
S214008CD8FFF79CF860B9D6E900230AB19A4207D391
S214008CE8318999429FBFC4E9002373892181638132
S214008CF82B4B2C4AE363042384F8403084F84C302A
S214008D08E3182365284BA2646365022304F108026E
S214008D18E265264A84F85830226604F10A02A266FA
S214008D28234A84F8643084F8703004F10C03E26651
S214008D3863676464EA79A86802EB420300EB830180
S214008D4804F13C064E601B4E40F82360FA261A4B88
S214008D581A488B60531CEB71FFF7D4F9208904F18D
S214008D681405704329F039FA6189204629F095FBE5
S214008D78134B2846C4E90534FFF79EF8216849B125
S214008D8828467143BDE8704029F0A0B94FF4F07347
S214008D9802228DE770BD00BF183300200C33002078
S214008DA80000230101002300020021000300210126
S214008DB8FDFF210020000105498B0000258B0000DF
S214008DC8CD8A0000134B10B51C680CB3E37BEBB1DF
S214008DD829F085F92369C01A002809DB0E4813F024
S214008DE8E9FC0023FA20E3736368584329F0F5F991
S214008DF8E37B5BB12489FA235C4329F0F9F9A042A6
S214008E0806D02046BDE8104029F0E7B96468F2E7C6
S214008E1810BD00BF1833002056D0030038B5002414
S214008E28044D55F8040B08B129F04AFB01340A2C06
S214008E38F7D138BD1C330020042908B50AD172B111
S214008E486BB113781BB929F066FB002008BD29F022
S214008E5858FBFAE7034813F0ADFC0120F6E70320B9
S214008E68F4E700BF90D0030010B4054C114654F840
S214008E7820001A46BDF804305DF8044BFFF7DCBF47
S214008E881C3300200229024608B50ED004D839B98A
S214008E98104629F040FB06E04029F9D0412907D1C1
S214008EA8104629F02EFB002008BD29F03EFBFAE705
S214008EB8024813F07FFC0120F6E700BFB0D003009D
S214008EC810B4054C114654F820001A46BDF8043074
S214008ED85DF8044BFFF7D6BF1C330020426B094BE6
S214008EE852791A7082785A70C2789A70826B12B168
S214008EF890F83C20DA70007804210930014AC0B2A4
S214008F08FEF794BF5C5A0020024B53F8200029F065
S214008F1828BB00BF1C33002038B504460078084D2F
S214008F2809302A460421C0B2FEF770FF30B96B78C4
S214008F38A370AB78E370EB7884F83C3038BD00BF9C
S214008F485C5A002038B504460078114D09302A4688
S214008F580421C0B2FEF75AFFC8B9A3782A78022BB4
S214008F680CD004D863B9204629F0D5FA01E0FF2BC7
S214008F780AD02046BDE8384029F0A2BA002AF2D125
S214008F88204629F0BEFAF4E7002AF9D1EBE738BD07
S214008F985C5A0020F8B504460B78284A0D4642F875
S214008FA823004370FFF7B8FF636B254A5C631A63B8
S214008FB82046FFF7C7FF204629F082FA4FF48013B1
S214008FC863600123626BA66B0532E2601D4A23725A
S214008FD82261A21C2375A26166B11B4A84F8203060
S214008FE8E261E21C6262194A84F82C3004F13C0300
S214008FF8A26223630627EA79A96802EB4203002ED9
S21400900821F8237001EB83000CBF02230423C370EE
S214009018012383700E4B04348360531C4460DBB218
S2140090280C4C03EB430341F8234001EB8300002379
S2140090384360094B02328360EA71F8BD1C33002096
S214009048472503000340300101FF300102FF1001ED
S214009058C98E000008000100718E000028B1034B7D
S2140090681B78834234BF002001207047405A0020F6
S21400907870B500250A4C0B4E3378AB4200DC70BD49
S214009088D4F8A42042B123791BB16079FFF7E6FF34
S21400909810B9104628F006FF0135A834ECE700BFE3
S2140090A8A41C0020415A002008B542790146104603
S2140090B8FFF7D4FFA8B1CB780A48013A042B00EB97
S2140090C882100ED8012B08D81BB9BDE8084029F035
S2140090D818BABDE8084029F01EBABDE8084029F0CD
S2140090E824BA08BDA41B002008B5427901461046DC
S2140090F8FFF7B4FFA8B1CB780A48013A042B00EB77
S21400910882100ED8012B08D81BB9BDE8084029F0F4
S21400911802BABDE8084029F0F4B9BDE8084029F0CD
S21400912804BA08BDA41B002010B586B00446FFF795
S2140091380BF8012830D1E278042A2DD8DFE802F0AF
S21400914813323403030061790846FFF787FF58B3E4
S2140091581648032A00EB811050F80C3C58791DD1AC
S214009168003818BF012063784FF480728DF80430F9
S2140091784FF48273ADF806300623ADF808300123A5
S2140091888DF80B3000238DF80A0001A8CDE90323DB
S2140091988DF81430FFF710F806B010BDB0FA80F05E
S2140091A84009E0E70020DEE70220DCE7A41B0020F9
S2140091B810B586B00446FEF7C7FF012830D1E2781E
S2140091C8042A2DD8DFE802F013133203030061796E
S2140091D80846FFF743FF48B31548032A00EB8110FB
S2140091E850F80C3C5B791DD11A1E18BF0122637813
S2140091F88DF80A208DF804304FF48273ADF80630E7
S2140092080623ADF8083001234FF480728DF80B3032
S214009218002301A8CDE903238DF81430FEF7CCFF10
S21400922806B010BDB3FA83F25209E0E70222DEE781
S214009238A41B002010B586B00446FEF785FF01285B
S21400924812D16378094A8DF804304FF48273ADF86A
S21400925806304FF48073CDE90223002301A8049357
S2140092688DF81430FEF7A8FF06B010BD08000701F9
S21400927810B586B00446FEF767FF012820D162784D
S214009288104B8DF804204FF4827294F8A01094F8CE
S214009298A10059701870ADF8062004934FF4807238
S2140092A80223094901A88DF81430CDE90212FEF709
S2140092B883FF94F8A130013B18BF012384F8A1303E
S2140092C806B010BD605A00200800050110B5837866
S2140092D8044603B30379022B0AD142791046FFF7F6
S2140092E8BDFE28B10C48013A00EB821029F01DF9A2
S2140092F8A379022B02D12046FFF716FF2046FFF778
S214009308B7FF02236078A4F86C305522BDE81040F9
S214009318122128F021BF10BDA41B00204388094A4B
S214009328082113808388538083681B8A938090F86B
S214009338A03093718379D37100780430C0B2FEF7F9
S21400934875BD00BF4A55002038B50D46044601785D
S214009358114813F02FFA4FF602739D420ED10F4BA9
S2140093681B782BB963712046BDE83840FFF7D6BF97
S21400937862790AB19342F6D20123F3E7B5F57F4F37
S214009388F1D1204629F06AF9A378022B0CBF0122F6
S2140093980022A3689A70E6E7CCD00300405A002063
S2140093A8024B53F82000FFF7CFBF00BF443300201E
S2140093B838B504460078144D04302A460821C0B251
S2140093C8FEF724FD20B1BDE83840104813F0F2B986
S2140093D82B8863806B88E978A380AA88A3681A829A
S2140093E8AB7984F8A030EB79A371094B1B780BB9DD
S2140093F8637138BD09B19942FBD9064813F0DAF90A
S21400940823780133F4E700BF4A550020E6D003006E
S214009418405A00200FD10300F8B504460B78474A97
S2140094280D4642F823004370FFF7C2FFA268444B7C
S214009438D465D364434B02265365434BA11C13657E
S2140094484FF44013E36001236161E1623F49103243
S21400945821632265211D3E4AA1633E483E49626556
S21400946804F1A002A061E163E265E01C611D3B4ACD
S214009478206261643A483B492266A21D237423771A
S21400948884F8283084F8343084F84030A16484F8AE
S2140094984C6084F8583084F864306062A266E879D4
S2140094A8AA6800EB400102EB810704F10C0CC7F830
S2140094B804C04FF0060C2C4F42F82170C118C9B2F0
S2140094C801EB410142F821C002EB810700217960D7
S2140094D8264F84F880302767254F84F89830A7678A
S2140094E8244F254BE767254F84F8746084F88C6012
S2140094F8C4F89C3004F16C06831CC4F88470C4F865
S21400950890601F4F1F4EDBB203EB4303C4F8946012
S214009518C4F8887002EB83067034746008261A4C08
S21400952842F82340C31CDBB203EB430302EB83047D
S214009538043042F823606160E871F8BD44330020C7
S214009548BB25030005260300D592000001FF300165
S21400955804FF20011000300102FF200105FF300142
S21400956800FF300103FF2101070001084A0021001F
S214009578E668040051001000E8680400E968040082
S214009588550021006F0018001200010400239B6A92
S214009598B3F5C04F03D21968064A914203D0002398
S2140095A8037083607047012202709A689B69426064
S2140095B8F7E700BF07B0CD5E024B034A1A602AF0F1
S2140095C89DBA00BF0000002002020FF073B5534B8F
S2140095D804461A781AB102221A7002B070BDCDE994
S2140095E800220028F9D001261E7032F03DFF4C4DAF
S2140095F84C4B186017F0E0FA2B785BB902F062FA69
S21400960840B949480823494A4949006801F0A8FE74
S21400961800B92E70474B5A6E62619B6E464AA3612C
S2140096284FF40043936603F188435968E161434960
S2140096389960196E2160596E6160D3F87011A16047
S214009648196CE160596C21613D49086C1864496CD5
S2140096585964012151664FF4005191661A6E5604FA
S21400966836D53849CA68D407FCD45B6E5A0434D554
S214009678354AD36B13F0430FFBD1344B1A68531C8F
S21400968831D04FF400139340314A13660423304C0C
S214009698684623664FF480632366102323664FF4D8
S2140096A8005323664FF0804323664FF4804301A996
S2140096B8636628F0EBFF009B2366019B63662B78A6
S2140096C8002B8AD0194B1A6822665B68636684E7A3
S2140096D82049CA68D007FCD4C7E71F4AD36B13F0E3
S2140096E8430FFBD1C9E71D4B1B78002BCED14FF497
S2140096F88072114B5A661A4A52681AB94FF400110A
S214009708134A11664FF400725A66164B5B68002BB4
S214009718BCD14FF480020E4B1A66B7E7635A002096
S214009728645A00208C330020BC640020903300204C
S21400973800710800008000500090005055CEAC0024
S21400974800C00054000004400000024C886400205A
S21400975800900044000004500000025C625A00209A
S21400976800C005500000065070B52C4D04462E78F3
S214009778012E02D001232B7070BD0028FCD028F0E3
S214009788AAFF01300BD028F0A6FF40F2011398423A
S21400979805D0234B234A5E66D368DE07FCD4224BEB
S2140097A822491B6E13F0040F4FF4005314BF1C4AD3
S2140097B81F4A9366CA6B12F04302FBD121681A4B04
S2140097C8196661685966A168C3F87011E16819647A
S2140097D821695964E169C80748BF9A60154B1A6839
S2140097E801320DD1144A127852B914494968C9078A
S2140097F848BF1A60124A5268D20744BF01221A604C
S2140098086269104B5A66A2699A6617F0DDF90E4B24
S214009818186832F024FE0023ADE700BF635A002024
S2140098280090004000000440008000440000024C05
S2140098380090005088640020625A002000C005503E
S21400984800000650008000508C33002070B50024BD
S214009858A36AB3F5C04F23D21A68134B9A421FD196
S214009868124E337813F0FD0518D14FF480341048A3
S214009878FFF7ACFE032004F0B9FC0E4B0320DC60B7
S21400988804F098FC0C4B1C61AB6ADB6998470446ED
S2140098980748FFF769FF0CB901233370204670BDEF
S2140098A84FF48174FAE700BF07B0CD5E625A002015
S2140098B86C33002000A000440090004413B5204BF1
S2140098C81B7803B9FEE700231E4CCDE900336A4631
S2140098D808231D49206801F043FDF8B91B4AD2F851
S2140098E84031D2F840211F2B4FF0010311D9203AFE
S2140098F89340019A1A43019208236A46124920683F
S21400990801F0B6FE124B134A1A602AF0F7F802B0B6
S21400991810BD9340009A1A430092EDE72D28F1D126
S2140099280A4AD2F84031D2F840211F2B4FF00103E3
S21400993885BF203A93409340019398BF0093DBE796
S214009948635A0020BC6400200071080000800044B0
S214009958000000200B020FF038B50025AB6A04465D
S214009968B3F5C04F10D21B6BB3F5C04F0CD20748E7
S214009978FFF72CFEAB6A20461B6B5B689847BDE872
S21400998838400248FFF7F0BE38BD00BF98330020C5
S21400999813B50024A36A0190B3F5C04F13D21B6B0E
S2140099A8B3F5C04F0FD20948FFF710FEA36A01218E
S2140099B81B6B01A89B69984704460448FFF7D4FE2A
S2140099C8204602B010BD4FF48174F9E798330020A2
S2140099D870B50026B36A0446B3F5C04F0D4612D2DA
S2140099E81B6BB3F5C04F0ED20848FFF7EFFDB36AFE
S2140099F820461B6B29469B69984704460348FFF791
S214009A08B3FE204670BD4FF48174FAE79833002001
S214009A1870B50026B36A0446B3F5C04F0D4612D299
S214009A281B6BB3F5C04F0ED20848FFF7CFFDB36ADD
S214009A3820461B6B2946DB69984704460348FFF710
S214009A4893FE204670BD4FF48174FAE798330020E1
S214009A58F8B50027BB6A0446B3F5C04F0D46164650
S214009A6811D21B6B7BB10948FFF7B0FDBB6A2046D5
S214009A781B6B324629465B6A984704460348FFF73D
S214009A8873FE2046F8BD4FF40174FAE798330020B9
S214009A9870B50026B36A0446B3F5C04F0D4612D219
S214009AA81B6BB3F5C04F0ED20848FFF78FFDB36A9D
S214009AB820461B6B29469B6A984704460348FFF7CF
S214009AC853FE204670BD4FF40174FAE79833002021
S214009AD8F0B50027BB6A0446B3F5C04F0D461646D8
S214009AE8ADF5177D20D21B6BB3F5C04F1CD21048BE
S214009AF8FFF76CFDBB6A20461B6B40F251225B6A7F
S214009B0801A99847044630B10948FFF72DFE2046BC
S214009B180DF5177DF0BD836A32461B6B2946DB6A56
S214009B2801A898470446EFE74FF40174EFE700BF33
S214009B389833002010B50024A36AB3F5C04F10D29E
S214009B481B6BB3F5C04F0CD20748FFF73FFDA36A5F
S214009B581B6B1B6B984704460348FFF705FE204619
S214009B6810BD0124FBE700BF98330020F0B58FB086
S214009B78044601A80E461546FFF7EEFE9DF80C3083
S214009B88012B12D1B5F5002F27D8B4F5002F24D80D
S214009B986319B3F5002F20D821462A46304614F01C
S214009BA8B7F8002420460FB0F0BD0027BB6AB3F50F
S214009BB8C04F15D21B6BB3F5C04F11D20A48FFF73A
S214009BC805FDBB6A2A461B6B314620465B6B9847E9
S214009BD804460548FFF7C8FDE4E740F20244E1E71B
S214009BE840F20114DEE700BF98330020F0B58FB0CE
S214009BF8044601A80E461546FFF7AEFE9DF80C3043
S214009C08012B1FD1B5F5002F06D8B4F5002F03D8C1
S214009C186319B3F5002F13D940F2024420460FB05B
S214009C28F0BDE258013225D104339D42F9D82A46C0
S214009C383146204600F082F80028EDD00024EDE7F3
S214009C480023F2E70027BB6AB3F5C04F15D21B6B9B
S214009C58B3F5C04F11D20A48FFF7B8FCBB6A2A46CC
S214009C681B6B314620469B6B984704460448FFF713
S214009C787BFDD3E740F20344D0E740F20114CDE77A
S214009C889833002070B58EB0044601A80D46FFF73D
S214009C9863FE9DF80C30012B22D144EA0503C3F37A
S214009CA80C03002B33D1B5F5002F04D940F202443B
S214009CB820460EB070BDB4F5002FF7D82544B5F58C
S214009CC8002FF3D8204604F5005400F029F8AC42DB
S214009CD802D00028F6D1E9E70028E7D00024E7E715
S214009CE80026B36AB3F5C04F14D21B6BB3F5C04F4A
S214009CF810D20A48FFF76AFCB36A29461B6B20464F
S214009D08DB6B984704460548FFF72EFDD0E740F280
S214009D180444CDE740F20114CAE700BF9833002098
S214009D284FF4003208B5044B9A6632F039FEB0FAA2
S214009D3880F0400908BD00BF00900050134610B5DB
S214009D4862B103439B070BD14FF40034054B9C6666
S214009D5832F022FEB0FA80F0400910BD0120FCE780
S214009D680020FAE700900050BFF34F8F0549064BD6
S214009D78CA6802F4E0621343CB60BFF34F8F00BF9C
S214009D88FDE700BF00ED00E00400FA0570B5D0B1AD
S214009D98C9B10E4E431E013913F8014F2046325DF5
S214009DA802F00302012A11F8012F08BF04F120006F
S214009DB8B55C05F00305012D08BF2032801A01D1D5
S214009DC8002CE9D170BD0120FCE700BF7D9004009F
S214009DD80348044A0449121A921028F0E1BC00BF4E
S214009DE840610000186300008061002008B5154B2C
S214009DF883F30A8800F030F8FFF7EAFF124B13499E
S214009E088B4212D30020124B12498B4218D3FCF710
S214009E1889FF186850F82240586840F822400132F6
S214009E2898688242F5D30C33EAE70022F8E71C6804
S214009E3844F8220001325C68A242F8D30833E4E70B
S214009E480022F8E708000020A8CC0400B4CC0400E0
S214009E58B4CC0400B4CC04004FF40041134B144AAD
S214009E6870B59A60D3F88820124D42F47002C3F891
S214009E788820114A05F5005491664FF0FF32226695
S214009E884FF6DF7262660222C3F8D020BFF34F8F08
S214009E98BFF36F8F4FF44036032004F0A7F9032072
S214009EA8E66004F087F92E6170BD00BF00ED00E0A3
S214009EB8006000000080004400900050054B1860C9
S214009EC8054B1B6F03F00703032B01D130F018BCBA
S214009ED8704700BF98640020008000502DE9F041CC
S214009EE804464FF001080C250D4E0CB9BDE8F0816C
S214009EF894FAA4F0B0FA80F00F2808FA00F2C8BF67
S214009F08103824EA0204CABF05FB006205FB00629B
S214009F18B4325768002FE8D09168C0B2B847E4E773
S214009F28B833002008B50C4832F0BFFA192004F000
S214009F384FF928B1192004F059F9192004F03AF914
S214009F481A2004F045F928B11A2004F04FF91A200F
S214009F5804F030F9002008BDEC6A04002DE9F04151
S214009F680E461746054618B30F2923D80378DBB1E3
S214009F78013BDBB2022B19D8104AD35C6A78D3406F
S214009F88DB0717D50E4BD3F81043ACB932F06CFA92
S214009F9880463A462846314603F064F8404632F092
S214009FA85EFA2046BDE8F0817F23E7E70023E5E771
S214009FB82224F6E72124F4E70224F2E73C690400A9
S214009FC800C0035010B5044610B30378E3B1013B54
S214009FD8DBB2022B1AD8104AD35C6278D340DB0770
S214009FE818D532F041FA0122617823788A40302168
S214009FF84B4341F2100103F1A04303F570335A5066
S21400A00832F02DFA002010BD7F23E6E70023E4E7B0
S21400A0182220F8E72120F6E73C69040010B504463C
S21400A02810B30378E3B1013BDBB2022B1AD8104A0F
S21400A038D35C6278D340DB0718D532F015FA0122D4
S21400A048617823788A4030214B4342F2100103F1AD
S21400A058A04303F570335A5032F001FA002010BDC1
S21400A0687F23E6E70023E4E72220F8E72120F6E747
S21400A0783C69040038B50D46044618B311B3037896
S21400A088E3B1013BDBB2022B1AD8104AD35C6278E4
S21400A098D340DB0718D532F0E7F93022237853434C
S21400A0A803F1A04303F570335B696278D34003F08D
S21400A0B801032B7032F0D3F9002038BD7F23E6E782
S21400A0C80023E4E72220F8E72120F6E73C690400AD
S21400A0D82DE9F0410D4616469846044600284FD00E
S21400A0E800294DD00178002940D04B1EDBB2022B48
S21400A0F83ED8254AD25C6378DA40D20701D4FF29D5
S21400A10840D1022E01D9042E3CD132F0ADF9237885
S21400A1180746FF2B05D032462046296802F0E8FF9E
S21400A12828602B68013309D12378FF2B06D1174BFB
S21400A1386078D3F8241429F004F9286029684B1CA1
S21400A14818D00C23124A03FB0122069BC2F804808F
S21400A15893602378FF2B04D001230E4A8B40C2F865
S21400A1682434384632F07BF9002007E07F22C2E725
S21400A1780022C0E7384632F072F92D20BDE8F0819B
S21400A1882220FBE72120F9E73C69040000C00350C1
S21400A198B833002000D0035008B502F059FF054B2D
S21400A1A800F0553020F05020C3F82004BDE80840E1
S21400A1B8FFF794BE00E0035008B502F049FF054BD0
S21400A1C800F0AA3020F0A020C3F82004BDE808401C
S21400A1D8FFF784BE00E003502DE9F04F144605460D
S21400A1E80E469B46C36B87B001225B6902A960686E
S21400A1F89847EB6B01225B6903A93046984702A88B
S21400A20828F0CDFE074648B10023A37563754FF0C6
S21400A218FF33A360002007B0BDE8F08F03A828F03E
S21400A228CBFE0123A375237E04EBC303DE611F84E4
S21400A2386368B3420ED1206003A828F0DFFE4FF013
S21400A248FF332075A360237D043B022B26D800230A
S21400A258A375DFE723681A1A53425341A37503A868
S21400A26828F0CCFE237D834218BFA77503A828F0E4
S21400A278A7FE074602A828F0A3FE874218BF0023B9
S21400A28803A818BFA37528F0A3FE074602A828F05F
S21400A2989FFE87421CBF0023A375D4E703A828F0B7
S21400A2A88FFE80B1EB6B022230465B6904A99847A3
S21400A2B804A828F094FE0346207D032839D8DFE852
S21400A2C800F03838040903A8F3E7CC22237E04EB11
S21400A2D8C3031A8401F06EFC109B187003A8277E2F
S21400A2E828F062FE04EBC70787F82200237E03A83F
S21400A2F804EBC303B3F8209093F8227028F060FEAE
S21400A308804603A828F064FE8246B8F1000F15D0F0
S21400A318EB6B022230465B6904A9984704A828F02C
S21400A32823FE6075637D6BB90023A3754FF00008A4
S21400A33838E0227E04EBC2021384CBE703A828F099
S21400A348FEFDEEE794F81680B8F1000FEED0B9F1EE
S21400A358000F09D1DFB10123E375637E002B4FD1CF
S21400A368012F42D1677614E06B6C06EB0A015A425D
S21400A37886EA010010421CBF0022A2755A1E0A4037
S21400A3889B1A9945D0D8A37D002BE3D1CEE7E37D71
S21400A39843B94FF000084B4652463146284628F047
S21400A3A849FBA060A27D12B123694B4423611A4978
S21400A3B8237E097899422AD901332376BBF1000F08
S21400A3C827D032B3E37D23B3B8F1000F21D1032F92
S21400A3D81FD0A1684B1C1CD0109B22460093284611
S21400A3E80123FFF7F9FEA07513E095F8343063B93A
S21400A3F8EB6A0133CFD1032FCDD10123A376C8E76B
S21400A408012FCFD0032FC4D1F7E79846C3E7002320
S21400A418A375A07DFFE600BF606904002DE9F04F34
S21400A4280E46984600238BB004464FF0FF31104680
S21400A43817468DF8133001F0A7FBB6F5801F20D21B
S21400A448314605AA04F1080028F0FBFC451C014625
S21400A45803D1237CBBB92D2010E0384601F094FBCD
S21400A4680122394620460DF1130328F035FB002853
S21400A478EFD09DF8133088F8003000200BB0BDE808
S21400A488F08FB01CE5D1E56A691C36D12046616AB2
S21400A49828F016FA0546B31C18BF0123DFF8CC903F
S21400A4A80193636A626C0293236805A902FB053A66
S21400A4B8E36B05225B695046984705A828F00AFE14
S21400A4C828F02DFE504628F035FE4FF0000B824649
S21400A4D801464B1C05D0636C81EA0A025B421342B4
S21400A4E811D02946204628F0EBF9029BAB422CD027
S21400A4F8BBF1000F2CD10546D3E72368ED1A636C31
S21400A508B5FBF3F5C7E7484601F03EFB0DF113032C
S21400A51849462046019A28F0DFFA034690B1B21C55
S21400A52803D0D9F80020B2420CD19DF8132003932B
S21400A5380D4B88F8002049461A68384613F0E8FBA1
S21400A548039B9B46D9F80810C3E7BBF1000F82D0DF
S21400A558B6F5801F91D2314698F800307A6804F133
S21400A568080001F03FFA88E75C690400943B002085
S21400A5782DE9F3410446174698460E46184D816A5B
S21400A588E36A8B4201D04B1C02D102B0BDE8F081D1
S21400A598284601F0F9FA0122294620460DF107035C
S21400A5A828F09AFA38B14346294620469DF80720EF
S21400A5B8B8470028E9D0A9684A1C04D1696820462B
S21400A5C828F00BFA0146012EDAD16B6881EA0302FD
S21400A5D8636C5B421A4218BF4FF0FF31D0E700BFEA
S21400A5E8683B00202DE9F04F4FF0FF334FF6FF721F
S21400A5F80025044600F10806C0E909238BB0C362AB
S21400A608056205633046884628F0ECFB204628F0AD
S21400A61827F960BB2046414628F0A2F9204628F0D4
S21400A6281FF960BB5E200BB0BDE8F08F2368E26BB5
S21400A638606C576900FB0530052205A9B84705A8D0
S21400A64828F048FD012807460CD12946204628F060
S21400A65858F9012F024600D101322946204628F033
S21400A6681EF903E028F060FD0028EED10135E36905
S21400A6789D42DBD3204628F0F3F80028CAD00025F0
S21400A6884FF0FF394FF6FF73CA46A846C4E9085389
S21400A698E36998450AD3A5EB0905012D2CD84FF692
S21400A6A8FF72636A93423CD16720BCE72368E26B7B
S21400A6B8606C576900FB0830052205A9B84705A84D
S21400A6C828F008FD834605A828F0DBFC0746584610
S21400A6D828F025FD68B1574538BFC4F82480B94529
S21400A6E828BFB946BD4238BF3D46BA46236A01333D
S21400A6F8236208F10108CBE74FF6FF730025636273
S21400A708E3699D42CBD2676C2068E36B052207FBA2
S21400A71805005B6905A9984705A828F0B2FC01352D
S21400A728EEE7E26B676C2068694607FB030055692D
S21400A7380522A847684628F0A4FC626A2368606C6D
S21400A7484B4D00FB023028F0F5FC4FF0FF33A062BB
S21400A758E3622A466FF00101204605ABFFF75EFE6E
S21400A768002846D1AD6829462046E56228F054F808
S21400A778206320B92046E16A28F02FF9E0622946CE
S21400A788204628F02AF90546A36A9D4233D120467A
S21400A79828F015F800278046B946E36999453CD362
S21400A7A8B84559D92046616A28F08AF80026054631
S21400A7B804F1400AB74212D8626C2368694602FB65
S21400A7C80539E36B05225B6948469847684628F0D2
S21400A7D858FC534602464946E06B28F0ADFC29462D
S21400A7E8204628F06DF80136B0450546E2D16420CB
S21400A7F819E7A56AB7E72946204628F00DF8236B1F
S21400A8082946034407462363204628F0E6F805460B
S21400A818002FB9D1C4E90B07B6E7636C2568052293
S21400A82803FB0955E36B05A95B692846984705A805
S21400A83828F050FC28F073FC58B1284628F07AFC1B
S21400A8480146204627F0E8FF636C143B984208BF91
S21400A858013709F10109A0E7304628F0C3FA0023BA
S21400A86820461946034AFFF783FE0020DBE600BFB2
S21400A878C03B0020CF2A03002DE9F041036B904629
S21400A888826B07689A4288BF8363426C436A90B0BB
S21400A89802FB0377C36B0E46052201A95B690446D3
S21400A8A83846984701A828F015FC0128014630705C
S21400A8B857D0656CE26B2368606AD2F814C005FB53
S21400A8C80030052206A9E04706A828F003FC012860
S21400A8D84FF0000523D0D4E90A3201219342CDE98E
S21400A8E80B458DF834800E958DF83C102AD1194604
S21400A8F8204628F072F8236B626C14339B1AE062C9
S21400A90823630C9B53B99DF83C303BB1626A616C7B
S21400A9182368E06B01FB023128F094FB0C9DE36B87
S21400A92805225B6901A93846984701A828F0D2FB9A
S21400A93830702846236BA26B9A4288BFA36310B078
S21400A948BDE8F081237C33B91C490BAA04F1080042
S21400A95801F096F8D5E72046194A0BABFFF708FE34
S21400A968CFE7237C23BB2246164904F1080001F0F2
S21400A97887F8616A204627F0C4FF616A421C2046B1
S21400A98827F08DFF054620B9236B626C1344143BF1
S21400A99823632046A16A28F020F82368A062C01A1C
S21400A9A8636CB0FBF3F06062204628F059F8B6E70F
S21400A9B800232046044AFFF7DBFDDAE725B100004E
S21400A9C8A1B00000692B0300052B030073B50D46E4
S21400A9D8D11E4A421C461B7E4A419A4226D1296805
S21400A9E82368994222D3636899421FD8114E0DF105
S21400A9F807033246FFF712FDC0B972686B689A42C1
S21400AA0814D19DF80730DA1E53425341227E9342F2
S21400AA180CD1636901336361D4E90323934205D2F9
S21400AA282968A26842F8231001332361012002B086
S21400AA3870BD00BFC03B00202DE9F04F9B4689B093
S21400AA489DF848309046514A0193136907465B457E
S21400AA580D46C0F09580D94653680093B9F1000FAB
S21400AA687BD0FB6B01225B6905A90098984705A86F
S21400AA7828F0A2FA454B1B68984240F0848005A847
S21400AA8828F0A6FA0428064615D105A828F0A7FA3D
S21400AA98009B04461E44019B002B3ED1804512D9DC
S21400AAA81C46A8EB00083846009927F096FFA9EB45
S21400AAB804090090D2E7FB6B02225B69009806A99E
S21400AAC8984706A8E2E7A0EB08045C4528BF5C4662
S21400AAD8032C4644ABEB040B1DD9FB6B29463046CA
S21400AAE85B69A208984724F0030304F0030A1E448F
S21400AAF81D44DDF80480BAF1000FD4D0FB6B0122A8
S21400AB0806A930465B6998475246284606A913F0B8
S21400AB18FFF85544C7E7A246EBE7824600F0030372
S21400AB2802932B1803930644039BA6EB0A00A3EB99
S21400AB380A05029B9A4514D1BAF1000FB3D0FB6BF5
S21400AB48012206A95B6998475246284606A913F0CB
S21400AB589BFA0028DDD04FF03609484609B0BDE814
S21400AB68F08FFB6B012206A95B69984704222846EA
S21400AB7806A913F089FA0028EDD1AAF1040AD3E74A
S21400AB884FF06309E9E74FF06F09E6E7EC3B002072
S21400AB982DE9F0410F4616469846044688B060B33D
S21400ABA890F83450FDB1012127F04FFE00210E9B8E
S21400ABB8CDE90511CDE902379DF83C30CDF8048083
S21400ABC88DF81C30237C04968BB90D4901AA04F134
S21400ABD8080000F055FFDDE90553E06B002E08BFBE
S21400ABE81D4627F0CBFF284608B0BDE8F081204672
S21400ABF8044A01ABFFF7BCFCEDE70546F3E700BFE8
S21400AC08332B0300D5A900007FB590F842600446B0
S21400AC1801920DF10B030A463046114927F0B6FF9C
S21400AC28012E0546E36B17D132465B6903A99847A0
S21400AC389DF80B10039B019A59B19BB243EA024355
S21400AC48012228460393E36B03A99B69984704B03F
S21400AC5870BD62F30F03F3E701229B6901A9F5E7CC
S21400AC68EC3B00202DE9F04F99B00E460D920A698C
S21400AC78416C0B931439D31DB3FBF1F3013302EB8C
S21400AC88C302036B04469342C0F001820023DFF838
S21400AC9804940893E36A48461946059300F074FF3F
S21400ACA8D6E9033707930B9B022B4DD1CC2F40F0E8
S21400ACB8D7810D9B3BB13146204627F0BDFF656C1A
S21400ACC81490012044E00120079B656C1B681493D0
S21400ACD800F0010000280CBF04230823782F0E93E9
S21400ACE849D8059A6B1E1340ED1A3B1D9D423CD26F
S21400ACF8002F3DD0082D3ED80023042506934FF09C
S21400AD08040A336806990B98C9F80030C9F8107019
S21400AD1828F078F94FEA9A030F93059B89F81400F0
S21400AD280393002309930C9304930A93616C039B83
S21400AD384A1E1A408B1A27B35544AB4223D8236BB6
S21400AD485B1A134423632FE1782F656CB9D8F07D1E
S21400AD580D9B002BBCD0E36B01225B69706816A9BB
S21400AD68984716A828F02CF9B4E700250695C6E7F4
S21400AD7804250697C3E7012300254FF0080A069323
S21400AD88BFE75345DBD3A3EB0A029742039BB846BB
S21400AD9828BF90469742534428D90122D9F8101064
S21400ADA889F817208F4226D10399C9F8041004920F
S21400ADB899F817200AB399F818100398CA1C09EBD3
S21400ADC8C202506004980131A2F80880907289F88F
S21400ADD81810B8F1000F07D00B9A022A40F08180AD
S21400ADE8099A72B1012209929B46ABE0049A002A9E
S21400ADF818BF0322DBE70222D9E7039AC9F8042022
S21400AE08E7E70C9A4244032AEED9E26B184695699E
S21400AE1814A901220993A847099B05460028E1D0F2
S21400AE283D2D40F01E8104F1080303932368059A1C
S21400AE38606CA2EB030ABAFBF0FA00FB0A3028F0B3
S21400AE4879F9E16A8046204627F0C7FDA26A824261
S21400AE5800F00F81626CD9F80830511E0B40216B48
S21400AE682768891A0B442363089BE062DF1BB7FB3D
S21400AE78F2F7BA4540F0FA80059BB3EB080A12D001
S21400AE88E36B4FEA9A0241469B6998478346E36A12
S21400AE98059A5344E362236B03989B1A434423633F
S21400AEA827F0A0FFDA462368616CE06B01FB0731E8
S21400AEB828F0B5F8204627F0D3FC204627F0D0FD2A
S21400AEC82063BAF1000F00F0D4803269616CD31D9C
S21400AED81439B3FBF1F3013302EBC3029042A5D257
S21400AEE8BFE00D9A002A77D1B8F1030F4FEA98020F
S21400AEF86ED9E16B18468D6907991093A847109B81
S21400AF080546C0B918F0030515D0079A28F0030BB4
S21400AF1802EB0B019B444FF0FF3215A815922A4608
S21400AF28109312F0F5FEE26B5846956915A90122B2
S21400AF38A8470546109B9B46079A42440792002D51
S21400AF4840F08B80049B16A80193069B009399F803
S21400AF5814204346316800F0CDFDE36B0F9A9B69D9
S21400AF68039816A99847039A051E089B18BF134608
S21400AF780893434652462046039927F05BFD236B09
S21400AF8808F10302A3EB0A0322F003029B1AC9F88E
S21400AF9808002363002D7FF443AF0C9BA7EB08073C
S21400AFA843440C93CDF80CB02046039927F015FDC2
S21400AFB800250390002F7FF4B9AE364A31689368AF
S21400AFC804F10800E36252680B9B00F00BFD49E0B1
S21400AFD89B46454607999EE79B4606F12002109237
S21400AFE8F27D7068A2B1002296F818C00A99D5B208
S21400AFF8AC4511D9109D02F1010E35F832508D423C
S21400B00828D90E9806EBC2020144D069084403E02A
S21400B0180E9A0A990A441044E26B15A9556901224A
S21400B0281193A847159A0A9B1392E26B0433956905
S21400B0385846012213A90A93A847119B054603EB15
S21400B0480802A2EB0B02042A7FF679AF28B90BF1A7
S21400B058040BC5E77246491BC9E7CDF820B088E758
S21400B06870252F46384619B0BDE8F08F4FF0000A15
S21400B07819E73269616CD31D1439B3FBF1F3013358
S21400B08802EBC302236B9342BFF404AEE9E71C2726
S21400B098E8E700BF943B0020032A2DE9F341064663
S21400B0A80D4617461C4606D1237A012B23D00120CD
S21400B0B802B0BDE8F081DFF86080096842460DF10D
S21400B0C80703FFF7ABF960600028EDD19DF807206D
S21400B0D8237A032AE8D0D8F804106A689142E3D1A4
S21400B0E8012B2969D4F80CC007D172690CEB01034F
S21400B0F8934202D92074207CDAE708316144E16083
S21400B1083B46012229463046FFF7ACFD6060002822
S21400B118CAD00020CCE700BFC03B00202DE9F34191
S21400B128089C032A1746266806D1237A012B24D0C2
S21400B138012002B0BDE8F081DFF890803046424634
S21400B1480DF10703FFF76AF960600028EDD125685E
S21400B158D8F80400A96AD5F844C04840CCF10003E2
S21400B1681840227AE1D1012A09D1E268D8F81030CD
S21400B17813447269934202D92074207CD9E7286860
S21400B188EB6A1B1A081AB3FBFCF3B0FBFCF083420D
S21400B1980BD1706CF36A421E1340326B121A1344BA
S21400B1A82846336327F019FCE862D8F81020E368CD
S21400B1B808321344E36001223B4604492068FFF73F
S21400B1C851FD60600028B0D00020B2E7C03B0020E8
S21400B1D82DE9F0410025604B0E46D3F80080044662
S21400B1E81D6018B921252846BDE8F08190F834700E
S21400B1F807B30A6803689A4240F0A3804A6843681F
S21400B2089A4240F09E808A6883689A4240F0998005
S21400B218CA68C3689A4240F094800A6943699A42A9
S21400B22840F08F808A69C36B9A4240F08A804B69E7
S21400B2388361D8E768223946856B12F0D9FBD6E9D0
S21400B2480212336804F1080023607368A56363601C
S21400B258336963617369A36127F0D6FDB36904F1A6
S21400B2684000E3639B68984720B9676C17B163682A
S21400B278B3FBF7F794F84330E761002BB2D000230E
S21400B288656C2366002D64D0002F62D02368B3FB5C
S21400B298F5F205FB1233002B55D16668B6FBF5F3BD
S21400B2A805FB1363002B4ED1204627F0A5FAA369A9
S21400B2B8043303449E4248D340F634726369CC3B59
S21400B2C8934244D8B5F5805F43D30321204627F040
S21400B2D8BCFAD4E90001E36B1B6898470546E36BA4
S21400B2E80220DB689847CDB941462046FFF77AF931
S21400B2F86428054604D141462046FFF773F90546FB
S21400B308666C5DB9236A2046143E5E4327F074FADD
S21400B318A369043303449E4238BF5A25002D0CBF48
S21400B3280123002384F8343007D1D4E900010B4AFE
S21400B33813680133136027F001FEE06B27F01EFC4C
S21400B34851E75D254FE759254DE75A254BE75F2519
S21400B35849E75B2547E700BF243500202035002055
S21400B3682DE9FF410C4616461F46054680B390F861
S21400B37834307BB3B1F5801F2ED2DFF86080012110
S21400B38827F063FA2146424628460DF10F03FFF7D9
S21400B39845F8044670B99DF80F30012B11D1D8F83E
S21400B3A81030BB4212D10246009031462846FFF7BD
S21400B3B843FB0446E86B27F0E1FB204604B0BDE8F3
S21400B3C8F081022B14BF2D246024F3E76324F1E7F1
S21400B3D82124F2E71124F0E72924EEE7EC3B0020CD
S21400B3E82DE9F04385B00C4617461E460546DDF89F
S21400B3F8308098B390F8343093B3B1F5801F31D2CB
S21400B408DFF86490012127F020FA21464A462846AC
S21400B4180DF10F03FFF702F8044688B99DF80F30C0
S21400B428012B14D1D9F8102006EB08039A4213D33F
S21400B43800904346324639462846FFF7FDFA04464A
S21400B448E86B27F09BFB204605B0BDE8F083022B8F
S21400B45814BF2D246024F3E76324F1E72124F2E7E0
S21400B4681124F0E72924EEE7EC3B002073B50C46E0
S21400B4781646054630B390F834302BB3B1F5801F26
S21400B48824D2012127F0E1F921462846104A0DF179
S21400B4980703FEF7C3FF044680B99DF80730032B61
S21400B4A80CD0022B0CD12846094927F0C5FB306082
S21400B4B8E86B27F063FB204602B070BD2D24F7E743
S21400B4C86124F5E72124F6E71124F4E72924F2E7B6
S21400B4D8EC3B00202DE9F3411E4600230C46174698
S21400B4E80546336050B390F834304BB3B1F5801F3F
S21400B4F828D2DFF85480012127F0A7F921464246D2
S21400B50828460DF10703FEF789FF0446A0B99DF803
S21400B5180730032B10D0022B03BF01233B60042304
S21400B528D8F8103018BF38603360E86B27F026FB71
S21400B538204602B0BDE8F0812D24F6E72124F7E77F
S21400B5481124F5E72924F3E7EC3B002073B50446FD
S21400B558056B27F051F9636E03449D422CBF002308
S21400B5680123854294BF00252D1A207C84F850308C
S21400B578656584F85800A8B100230C4E1A4619468B
S21400B5882046009627F01CFC002305461A46194656
S21400B5982046009627F01DFCE3682844984294BF8E
S21400B5A80020C01AE06502B070BD00BFFFFF0F00A4
S21400B5B82DE9F3471E4643690446B34288461746B4
S21400B5C89DF828904ED300258DF80750204627F082
S21400B5D813F9D4F830A082450AD2236AB5EB430F94
S21400B5E806D2002220460DF10701FFF745F9B8B349
S21400B5F89DF80730012B05D1002220460DF10701E2
S21400B608FFF73AF9B9F1030F06D03146204627F07E
S21400B618E3F8256B854227D3144D4FF0FF312846B3
S21400B62800F0B2FA4B46294600222046C5E90376C2
S21400B638C5F80080FFF716FB236E054663B1204663
S21400B648FFF784FF94F8503013B994F858301BB1BC
S21400B658236E04F150009847284602B0BDE8F087EC
S21400B6680135B3E76225F7E71C25F5E7C03B002060
S21400B6782DE9FF410F4690461E46054698B390F8BA
S21400B688343093B3B1F5801F31D21A4C022127F01B
S21400B698DCF82246394628460DF10F03FEF7BEFEB3
S21400B6A8024678B101234246009339463346284677
S21400B6B8FFF77EFF0446E86B27F060FA204604B0E2
S21400B6C8BDE8F0819DF80F30012BEBD12169B1421E
S21400B6D8E8D10093414633462846FFF7ADF90446BD
S21400B6E80028DFD1E7E72124E8E71124E6E7292444
S21400B6F8E4E700BFEC3B00202DE9F04790F8423025
S21400B70886B0012B05460391A1EB020740F0AA80FC
S21400B718FF2F03D81E464FF0640807E00226012BC9
S21400B72814BF4FF032084FF06408013600244FF675
S21400B738FF79DFF844A195F84230012B14BF322375
S21400B74864239C4202D35FFA88F40DE005AB2246D8
S21400B7585146284627F04EFA95F84230012B059BAD
S21400B76834D14B452DD1E4B295F84230012B14BFA5
S21400B77832226422121BB24217D3012E39D100227C
S21400B788012B05978DF8132027D1082205A90DF15E
S21400B798130027F0EBFC9DF81330059A42EA0322C3
S21400B7A821462846FFF730FA40B102233249009373
S21400B7B82846CC23096803AAFFF7FAFE06B0BDE8B8
S21400B7C8F087DBB203B902340134B4E7591CCAD097
S21400B7D89BB2002BF8D10134F6E7102205A90DF12B
S21400B7E8130027F0C3FC9DF81330059A42EA03427B
S21400B7F8D6E7039A012B059223D10823202205A910
S21400B8080DF113008DF8133027F0B0FC9DF81320C7
S21400B818120221462846FFF7F7F995F84230611CD0
S21400B828012BC9B21AD10028BFD12846BDF814206A
S21400B838FFF7EAF90028B8D10234BDF81620E1B2BD
S21400B848AFE71023202205A90DF113008DF8133059
S21400B85827F08CFC9DF813201204DAE70028A4D100
S21400B868059A9EE7B7F5803F4FF00106BFF457AF3D
S21400B8784FF032085AE700BFEC3B002070B586B0A0
S21400B8880E4605460392A0B390F834309BB3B1F544
S21400B898801F32D2022126F0D8FF31462846184AA1
S21400B8A80DF11703FEF7BAFD044618B99DF81730D0
S21400B8B8032B0ED10223314600932846CC2303AA35
S21400B8C8FFF776FE0446E86B27F058F9204606B0E0
S21400B8D870BD022B0BD10A49284627F0ADF903990B
S21400B8E802468142EFD02846FFF706FFEAE76124C2
S21400B8F8E9E72124EAE71124E8E72924E6E700BF78
S21400B908EC3B0020F7B50C461646054668B390F89B
S21400B918343063B3B1F5801F2BD2022126F095FF91
S21400B92821462846144A0DF10703FEF777FDC0B9ED
S21400B9389DF80730032B14D0022B14D10E49284645
S21400B94827F07AF9471C024639462846FFF7D4FE00
S21400B958044606B13760E86B27F010F9204603B0B6
S21400B968F0BD2D24F7E76124F5E72124F6E7112436
S21400B978F4E72924F2E700BFEC3B002030B50C467C
S21400B988054685B028B390F8343023B3B1F5801F48
S21400B99823D2022126F059FF0DF10F03214628462F
S21400B9A80F4AFEF73BFD034688B99DF80F20032A89
S21400B9B80DD003222146009202462846FFF7F8FDDE
S21400B9C80446E86B27F0DAF8204605B030BD2D248B
S21400B9D8F7E72124F8E71124F6E72924F4E700BF5F
S21400B9E8EC3B00202DE9F043466886B30568984688
S21400B9F84FF0000CA946AE4655F83C400CF1010C39
S21400BA08C4F31307013401D0B94217D0B4450EF178
S21400BA18080EF1D12F46002403E0B44207F10807C8
S21400BA2812D055F8343001340133F6D1C1F313017E
S21400BA3841EA0851C7E90012BDE8F08341EA085117
S21400BA48CEE90012BDE8F083B8F1030F03D1012355
S21400BA580372BDE8F083002303E0B34209F1080946
S21400BA68F5D055F833400133C4F30754032CF4D10A
S21400BA78C1F3130343EA0853C9E90032BDE8F0836B
S21400BA882DE9F0410646406882B0B8B10F469046A8
S21400BA980024336853F8345003EBC403C5F3075245
S21400BAA8C5F31301013506D05B683046CDF8008033
S21400BAB8B84718B1706801348442EAD302B0BDE8CA
S21400BAC8F08100BF024B1968024B1868FFF780BB6D
S21400BAD89C640020BC64002008B530F0B8FC014B1C
S21400BAE8186008BD183C0020014B186830F0AABC46
S21400BAF8183C002073B504462248012A00EAC11102
S21400BB089DF8185023F07C4007D9961E012E28D998
S21400BB18073303F07F03194308E09DF81C300A43F7
S21400BB28DB0603F0C053134343F060410023C4E927
S21400BB3800108DF80730B5B1202221460DF1070018
S21400BB4827F014FB1A220DF10700211D27F00EFB23
S21400BB58082063689DF8072043EA8263636002B0A2
S21400BB6870BD1143E2E71B220DF10700214627F0BE
S21400BB78FDFA23689DF80720042043EAC263236081
S21400BB88EDE700BF80FFFF0738B5094B0D461A687A
S21400BB980021044611F02CFF00234FF0FF322383C8
S21400BBA8C4E900252361A260E382A37638BD00BFFE
S21400BBB85C6904000138C0B205289ABF014B185CBE
S21400BBC801207047616904002DE9F04107461546D3
S21400BBD800240E46596888B0490A012922464FEAC9
S21400BBE8510104F10104F8D8DC78997824031B88FD
S21400BBF8C90201F4006104F480540C43C3F30A0339
S21400BC085203234492B24FF000089C18274B6FEA61
S21400BC180444039325F07843ED4302A90DF1070089
S21400BC281B2202938DF8078027F0A0FA9DF80720BC
S21400BC38029B02A943EAC2630DF107001B2225F006
S21400BC487845049302958DF8078027F08FFA9DF8BB
S21400BC580720029B6FEA144443EAC26305934FF039
S21400BC68FF330794069307A9BB69012206F1100063
S21400BC789847BB6905A90446012206F108009847BB
S21400BC88BB69404518BF044604A90122301D9847E1
S21400BC980122404518BF0446BB69304603A99847A9
S21400BCA8404508BF204608B0BDE8F08101009AB2BA
S21400BCB8044BD3F88420D206FBD4D3F88400C0F310
S21400BCC8811070470040005038B5184B0546D3F829
S21400BCD824010C4600F00700062823D8DFE800F009
S21400BCE8040A121A1E0E1600012305B1286004B1B4
S21400BCF8236038BD2EF0E4FC0523F6E72EF0E0FCC2
S21400BD080623F2E72EF016FD0323EEE72EF012FDCB
S21400BD180423EAE72EF00AFD0223E6E730F0AAFB42
S21400BD280723E2E700231846DFE700BF008000503D
S21400BD3838B5104B0546D3F800310C4603F003031C
S21400BD48022B0BD0032B0DD0012B0FD12EF0F2FCBB
S21400BD58032305B1286004B1236038BD2EF0F0FC3B
S21400BD680823F6E730F086FB0723F2E701230020D6
S21400BD78EFE700BF0080005038B5104B0546D3F8F3
S21400BD8820310C4603F00303022B0BD0032B0DD0F7
S21400BD98012B0FD12EF094FC052305B1286004B1C1
S21400BDA8236038BD2EF0C6FC0323F6E72EF0BEFC53
S21400BDB80223F2E701230020EFE700BF00800050CF
S21400BDC838B5104B0546D3F840310C4603F003034C
S21400BDD8022B0BD0032B0DD0012B0FD130F04CFBD0
S21400BDE8092305B1286004B1236038BD2EF0A8FCED
S21400BDF80823F6E730F043FB0B23F2E70123002085
S21400BE08EFE700BF0080005038B5104B0546D3F862
S21400BE1860310C4603F00303022B0BD0032B0DD026
S21400BE28012B0FD130F028FB092305B1286004B197
S21400BE38236038BD2EF084FC0823F6E730F01FFB9D
S21400BE480B23F2E701230020EFE700BF0080005035
S21400BE5873B50D4600210E4B0191D3F88041064676
S21400BE6804F00304012C09D0022C0CD00C460EB1A9
S21400BE78019B336005B12C6002B070BD01A8FFF7C6
S21400BE887BFF0F24F3E72EF051FC0190EFE700BF8D
S21400BE980080005038B5104B0546D3F840320C46A3
S21400BEA803F00303022B0BD0032B0DD0012B0FD16D
S21400BEB830F0E2FA092305B1286004B1236038BDE2
S21400BEC82EF03EFC0823F6E730F0D9FA0B23F2E70B
S21400BED800231846EFE700BF0080005038B5144B23
S21400BEE80546D3F800020C4600F0070004281BD8C5
S21400BEF8DFE800F003090D111500012305B12860DD
S21400BF0804B1236038BD30F0B7FA0923F6E72EF0FF
S21400BF1817FC0823F2E730F0B2FA0B23EEE72EF010
S21400BF28EFFB0E23800AE9E700231846E6E700BF82
S21400BF380080005010B40D4C0B46D4F8204204F094
S21400BF480304012C0AD0022C0CD008B10021016091
S21400BF580BB100221A605DF8044B70475DF8044B7D
S21400BF68FFF70ABF5DF8044BFFF72ABF00800050B2
S21400BF78B0F5207F1FD009D8B0F5007F15D003D8BC
S21400BF8868B1B0F5C07F0AD000200CE0B0F5607F3D
S21400BF98FAD10B4BD3F88000C0F3011003E0084B2E
S21400BFA8186FC0F3033001307047054BD3F8900084
S21400BFB8C0F30460F7E7024B186FC0F38020F2E77F
S21400BFC8008000504FF400320E4B014610B500209A
S21400BFD89A66FFF7CDFF484341F671320A490B4B84
S21400BFE8884294BF00200120DC69DA639A6822F44C
S21400BFF8401242EA00529A60E20344BF0022DA6323
S21400C00810BD00BF00900050005A620200000350A6
S21400C0185F2898BF094B4FEA501294BF53F8223056
S21400C028074B00F01F0029B103F580530122824018
S21400C0381A60704703F50053F8E700BF6869040004
S21400C048608200501FB50021B0F5807F044601913C
S21400C05800F0068100F29D80612800F295801F2876
S21400C06805D8002840F092802EF04AFBDCE0A0F1CC
S21400C0782004412C00F28A8001A353F824F000BF64
S21400C08871C0000035C2000071C0000035C2000053
S21400C09855C2000055C2000055C2000055C2000037
S21400C0A835C2000035C200000FC20000C9C100003A
S21400C0B88BC2000095C20000C9C1000035C200004E
S21400C0C835C2000035C2000095C1000095C10000C9
S21400C0D895C1000095C1000095C1000095C10000FB
S21400C0E85FC20000EBC1000035C2000035C2000088
S21400C0F835C20000A9C200009FC2000035C2000079
S21400C10895C1000095C1000095C1000095C10000CA
S21400C11895C1000095C1000095C1000095C10000BA
S21400C12895C1000095C1000095C1000095C10000AA
S21400C13895C1000071C0000095C1000071C00000E4
S21400C14871C0000071C0000055C2000095C1000013
S21400C15895C1000095C1000095C1000095C100007A
S21400C16895C1000095C1000095C1000095C100006A
S21400C17895C1000095C1000095C1000095C100005A
S21400C18871C0000071C0000080284BD0019804B030
S21400C19810BDB0F5A06F5ED028D8B0F5607F50D03F
S21400C1A819D8B0F5007F4CD004D8B0F5C07F3FF45E
S21400C1B85BAFEBE7B0F5207F38D0B0F5407FE5D130
S21400C1C82EF09EFA02464FF42070FFF7D1FEB2FB1F
S21400C1D8F0F2520833E0B0F5806F37D0B0F5906FC4
S21400C1E8D4D1002101A8FFF76FFDCFE7B0F5E06FC7
S21400C1F851D00DD8B0F5C06F43D0B0F5D06F45D04C
S21400C208B0F5B06FC2D1002101A8FFF721FEBDE747
S21400C218B0F5F06F44D0B0F5086FB7D101A8FFF7B6
S21400C22887FDB3E72EF052FA0190AFE72EF068FAD2
S21400C23802464FF42070FFF79BFEB2FBF0F2019225
S21400C248A4E72EF043FA02462046F4E7002101A8A8
S21400C258FFF792FD9AE7002101A8FFF76BFE95E726
S21400C2684FF0E02302911B695B0705D52EF048FACC
S21400C2780290029B019389E703A902A8FFF7A0FD95
S21400C288F7E7002101A8FFF79BFD7FE7002101A83B
S21400C298FFF724FE7AE7002101A8FFF7FBFD75E704
S21400C2A8002101A8FFF7B0FD70E700BF08B58020A1
S21400C2B8FFF7C8FE034B98429EBF4FF48032024BEE
S21400C2C81A6708BD005A620200A000501FB5034650
S21400C2D80020B3F5807F01906FD027D8382B00F068
S21400C2E882800BD8243B092B0FD8092B0DD8DFE802
S21400C2F803F05F5F5F5F0C0C5A0C3675522B57D0F5
S21400C30807D83D2B3AD03E2B72D0019805B05DF881
S21400C31804FB802BF9D1394B1B6F03F00703013B55
S21400C328032BF2D8DFE803F03D36393BB3F5D06F80
S21400C33854D019D8B3F5A06F55D00AD8B3F5806F86
S21400C34836D0B3F5906FE0D1002001A9FFF7BCFC0A
S21400C358DBE7B3F5B06F26D0B3F5C06FD5D10020B4
S21400C36801A9FFF72DFDD0E7B3F5006FECD00AD88A
S21400C378B3F5E06F3CD0B3F5F06FC6D1002001A945
S21400C388FFF742FDC1E7B3F5086FBED101A9FFF775
S21400C398CFFCBAE705230193B7E70323FBE7072398
S21400C3A8F9E70223F7E7002001A9FFF751FDACE7FC
S21400C3B8002001A9FFF7E0FCA7E74FF0E023029072
S21400C3C81B695B0705D52EF09BF90C230393039B8B
S21400C3D8E1E703A902A8FFF7F3FCF8E7002001A9A4
S21400C3E8FFF77CFD91E7002001A9FFF7A3FD8CE786
S21400C3F8002001A9FFF74EFD87E700BF0080005028
S21400C4084FF40022034B5A66012203F580439A62D2
S21400C418704700BF0090005070B504468020FFF7B4
S21400C42855FF032800F082804FF40022444B022177
S21400C4385A6645F60E03434AC2F88030424B996264
S21400C448012103F580539962936DD903FCD4D4E98E
S21400C45800131B0543EA0163E17B94F823500B4362
S21400C468217B43EA0143617B43EA0133A17B43EA2C
S21400C478811313619169D4E904031B0643EA8063B8
S21400C48801F000410B43A17EE07E0B43217E43EA88
S21400C4980143617E43EA01239361E169136A002937
S21400C4A823F00D0343EA010314BF0121002143EAE8
S21400C4B8800343EAC103136294F8203094F82200FC
S21400C4C8916A4FEA431332D194F8216021F0330180
S21400C4D843EA06130B4343F0010393621B49194BC7
S21400C4E89A6D31EA0202FBD1022217498A621A655E
S21400C4F89A6D5200FCD41A69A16822F4700242EAC6
S21400C50801521A614FF000420F4B9A6118B9022285
S21400C51803F580539A6215B901220D4B9A6294F876
S21400C52824301BB1074B0B4AC3F8802070BD21F09E
S21400C538330129430B4343EA40039362EFE700BF06
S21400C5480090005000C0005000D00050030001408A
S21400C55800E00050F1A7FFFF014B93F90000704779
S21400C568665A0020014B1880704700BFBE6900203D
S21400C578B0F5207F10B50C4642D008D8B0F5007F3D
S21400C58833D003D888B1B0F5C07F0ED010BDB0F553
S21400C598607FFBD11F4A4C1ED2F8803023F0300350
S21400C5A843EA0413C2F88030F0E726F0FDFD26F0D3
S21400C5B809FE4FF48031184B164A1967136F013C71
S21400C5C823F4704343EA043313672EF099F80446BD
S21400C5D8FFF76EFBC0F10201204626F0EDFD00F0E5
S21400C5E835F8BDE81040FFF761BE0A4A4C1ED2F87F
S21400C5F8903023F0F85343EA0463C2F89030C5E756
S21400C608044A4C1E136F23F4806343EA842313679B
S21400C618BCE700BF008000500090005008B501211C
S21400C628022000F0E1F84FF42070FFF7A1FC054B5C
S21400C638187026F0B9FD26F0C5FD4FF48032024B7F
S21400C6481A6708BD655A00200090005008B54FF4D8
S21400C658C070FFF7F7FCBDE808400449884294BF5D
S21400C668012102214FF42070FFF782BF80F0FA0202
S21400C67838B504462EF044F80546FFF719FBC0F116
S21400C6880201284626F098FD0121002000F0ECF86B
S21400C6982CB1FFF7DBFFBDE83840FFF707BE034BBA
S21400C6A84FF420701978FFF763FFF4E7655A002007
S21400C6B810B5224B70B94FF40031214A1860516604
S21400C6C802F598325268012A03D11E4AD2F8002190
S21400C6D81A6010BD1B68002BFBD01B4A5268012A43
S21400C6E8F7D0184A8020C2F80031FFF7EFFD05287A
S21400C6F81FD14FF4C070FFF73BFC0128044604D155
S21400C70802214FF4C070FFF733FF07220F4B1A6160
S21400C7180122A3F580535A600B4A1369DB07FCD540
S21400C728012CD6D12146BDE810404FF4C070FFF763
S21400C7381FBF0122064B5A60CBE700BF1C3C0020F7
S21400C748009000500080005000C0015000E00150EA
S21400C75800D00150044A4178536F23F4407343EAEB
S21400C76801235367704700BF0040005010B50446C9
S21400C77810B10020FFF79CFF124A136943F0040328
S21400C78813612EF033FB26F022FD0F4B5B6E5B0128
S21400C79842BF0E4B0E4AC3F820242FF058FE30F046
S21400C7A8F7F82FF04FFE26F013FD02F0FFF81CB93D
S21400C7B8BDE810402DF0A4BF0120BDE81040FFF7EB
S21400C7C877BF00BF00ED00E00080005000E0035097
S21400C7D80000FF0F034A0179D36E23F030030B43A2
S21400C7E8D366704700400050F8B504461C4BD3F893
S21400C7F88420D106FBD4D3F88430C3F381139C423B
S21400C8082CD02DF063FF012C064602D1214626F0D7
S21400C818D3FC2FF01CFE4FF00072124B07465A66E8
S21400C828204626F0DCFC4FF480630D4D621E9340D4
S21400C8382B676B6E9A0103D4D5F884309B060AD50D
S21400C84838462FF0FFFD022C08D13046BDE8F840E8
S21400C858002126F0B1BCD5F88430EAE7F8BD00BF61
S21400C868004000500060005010B50C4608B92DF086
S21400C8782DFF074B21461B783BB1064B984204D840
S21400C8880120BDE81040FFF7AFBF0220F9E700BF60
S21400C898675A0020005A62020278034B01210020E2
S21400C8A81A70FFF7E1BF00BF675A00204FF000423A
S21400C8B838B5264B26495A6601224A604AF6CD31D3
S21400C8C803F50B235D6C1964154030BB9968C907DE
S21400C8D80BD4002401221F4B5A6015B11E4B1F4A69
S21400C8E81A642AF058FF204638BD1A498A601C4A3E
S21400C8F8D96ACC0705D4904201D10724EAE701306B
S21400C908F6E79042E5D1F8E70132DC6A14F008044D
S21400C91806D08A42F8D10724DFE700221049F4E758
S21400C9288A42F8D020220B4B0B495A620122A3F503
S21400C93880539A6023460A4A486A800603D493427C
S21400C948E9D00133F8E79342C7D1E4E700900050F6
S21400C9580050095000600950004009503254FFFF4B
S21400C96840420F004FF0004238B5174B174C5A6636
S21400C978012203F50C235A604AF6CD33656C23640E
S21400C988437893401343124AD363C3788178A268E6
S21400C9989B0043EA011322F074021343A360027952
S21400C9A8837943EA022323614279C37943EA02235F
S21400C9B863610078FFF77AFFEB0744BF054B2364F3
S21400C9C82AF0E9FE012038BD0090005000400950CA
S21400C9D8004000503254FFFFF8B504460D461F4687
S21400C9E816464AB101238B403021184A01FB002223
S21400C9F8F7B141F21001535004EB4403072D4FF0F2
S21400CA080F014FEA031316D8A80006FA00F2814071
S21400CA180F48184426F0E4FB4EB9012330210B4A90
S21400CA28AB4001FB042277B141F210015350F8BD28
S21400CA3842F21001DFE7A5F10800800006FA00F2CE
S21400CA4881400448E5E742F21001EFE700C00350D2
S21400CA5804C003500CC003500121024600F5805361
S21400CA6810B55960244B2549C36053690B40FCD167
S21400CA789361C2F89830536913F4401FFBD1536989
S21400CA88D9052DD4936F5BBB53699B052AD4D2F87E
S21400CA98881039BB1046D36FD2F88C3026F0AFFB1F
S21400CAA8302391601161D16211621367C2F8803039
S21400CAB8134B9A4208D142F26000124B90641365F9
S21400CAC851659065136651660D4B9A4202D1002057
S21400CAD810290AD10C4B02F500525362936210BD1E
S21400CAE8536FCCE7D2F88430CEE701F1280443F838
S21400CAF824000131ECE700BF1200020052000100DA
S21400CB080040005A00C002808F330F80084608B5E0
S21400CB1869B92A20FFF796FAB0B10C4B984206D9A5
S21400CB280B4B9B68C3F302730133B0FBF3F0094B5E
S21400CB3800F5742000F23F20B0FBF3F001387F28A0
S21400CB4828BF7F20C0B208BD0120F0E7005A620265
S21400CB580040005A40420F000B4B10B5994228BFC0
S21400CB6819460C461AB92A20FFF76CFA0246631EC5
S21400CB781344B3FBF4F0A34228BF00F1FF300328A8
S21400CB8828BF0320C0B210BD005A620210B5104874
S21400CB98104C002B08BF04468C4228BF0C461AB916
S21400CBA82A20FFF74FFA02469DF8083040F2FF3079
S21400CBB80133B2FBF3F2631E1A44B2FBF4F3A2424B
S21400CBC828BF03F1FF33984228BF184610BD00BFA0
S21400CBD880969800404B4C002DE9F04F2DED048BC5
S21400CBE8B64E0C4687B01546314600220746FFF774
S21400CBF8B3FF94F80580804538BF8046384626F04F
S21400CC08FEFA20795FFA88F850B92A20FFF71AFA50
S21400CC18B042014628BFB0FBF8F13846FFF776FF6A
S21400CC284FF00009E37822781B01524202F0020214
S21400CC3803F03003134362780004524202F0040201
S21400CC481343A27800F4FE00524202F0080213438F
S21400CC584FEA087202F0E04213431843E388228939
S21400CC68B8603B616389DFF860A243EA02433B622F
S21400CC78574502D1B9F1020F08D1012307F58057AD
S21400CC887B6007B0BDEC048BBDE8F08F00222E78E1
S21400CC988B488C49AC68964218BF014633468A488A
S21400CCA8CDF80080FFF772FF07EB09118B6CA2B274
S21400CCB823F0435323F41D1323F4405323F01F0398
S21400CCC806F003041C436B7882424FEA830303F0A2
S21400CCD81C0344EA0304AB7838BF02461B03E87813
S21400CCE803F4E0432343040404F4E02423432C7CA5
S21400CCF84FEA091C640504F4600423432C7909F1FF
S21400CD08050B240704F0405423438B648C6C6F494E
S21400CD18C4F30234013C042C26D8DFE804F02525A9
S21400CD2803101A00D1F88041240C2EB3C2F309026E
S21400CD380AEB0B135A6009F10109143598E7D1F884
S21400CD488441002EF2D1D1F88C11A4B209144900FE
S21400CD5815E0D1F88441002EE8D1D1F88C11240CC6
S21400CD68091401EB41010AE0D1F88041A4B2002E73
S21400CD78DCD1DFED577A06E0D1F88C11091407EEFE
S21400CD88901AF8EEE77A01210CF1B44C0CF5804CB9
S21400CD982304DCF8483024F4C046C3F3820C0CF1B4
S21400CDA8010C01FA0CF107EE101A4FEA864648BF46
S21400CDB846F0004613F01C0FB8EEC79AF6EE008A47
S21400CDC8424B4CD1D3F88C110BB208EE103AB8EEA1
S21400CDD8C88A38EE278A002858D105A8039200F09A
S21400CDE813F9DFED3C7A28EE278A039A9FED3A7A04
S21400CDF8C7EE097A9FED397A67EE877AB1EE007A40
S21400CE08B6F1004F48EE077A0BD09FED357A06EE5E
S21400CE18104A77EE876ABAEEE86AF0EE477A56EE78
S21400CE28267AF5EEC07AF1EE10FACBBFF1EE677A05
S21400CE3878EEE78A77EEE87AFDEEE87AC8BFFDEE88
S21400CE48E77A17EE901AB1F5003F2EDB6FEA5646E2
S21400CE586FEA46461C484FEA0B11465066E7D3F879
S21400CE68901169EE286A09B207EE101AB8EEC77A6A
S21400CE78D3F8881177EE677A0BB208EE103A87EE89
S21400CE88A67AB8EEC88A38EE078AA4E7D5ED037AFC
S21400CE98DFED146AF8EE677A87EEA67AF7EE046A8C
S21400CEA8C6EE877A27EE888AA0E711F5003FAABF64
S21400CEB8C1F3110146F400360E43CBE7005A62026E
S21400CEC8404B4C00809698000040005A0080E00FC7
S21400CED8000000003D3B843F0000804300002044E3
S21400CEE80000004900007A444FF40032054B9A6669
S21400CEF841F6713203F51C33DA63012203F5005359
S21400CF08DA6070470090005041F671320121064BF6
S21400CF18DA6303F50052D1600022DA634FF4003278
S21400CF28A3F518339A66704700000350044B186838
S21400CF38421C02BF034AD2F894001860704700BF2C
S21400CF48C064002000400050CB784A7810B55B01DA
S21400CF580C7843EA82030A79234343EA02130C2235
S21400CF68424302F1B0421363012C02BF8A78024B97
S21400CF7843F8202010BD00BFE880035008B54FF0E6
S21400CF88B0435A6802B960B15B680BB126F0B4F9D1
S21400CF984FF0B04130B10120074B586026F0ACF98D
S21400CFA8C86008BD26F0A8F90223CB6026F0A4F9CD
S21400CFB80122024B5A60F4E700100058002000587F
S21400CFC84FF0B0414B6810B50BB126F095F9012229
S21400CFD80B4BC4785A608378934043EA84034478BA
S21400CFE82343047943EA0413447943EAC4038B6071
S21400CFF8044B5A600378C3F10203CB6010BD00BF30
S21400D00800200058001000584FF48032064B5A662D
S21400D01803F5E6235B69C3F38512827003F03F02CB
S21400D0281B0B42700370704700900050024B186844
S21400D038C0F30740704700BF0080E00F0120034B95
S21400D0489B680A3303F01F03984070470080E00F80
S21400D058034BD3F82424D3F820041040704700BFAD
S21400D06800C003502DE9F8431E4B0546D3F810338D
S21400D0784B1E0E2B0E46174690F8009044781DD986
S21400D08809B34FF000082846D7B12FF0FBF909EB93
S21400D0984903072C4FF00F014FEA031315D8A400D5
S21400D0A8114808FA04F2A140184426F02DF9BEB932
S21400D0B828468FB1BDE8F8432FF0E4B98846E2E782
S21400D0C826F031F9E3E78846E1E7083CA40007487C
S21400D0D808FA04F2A140E7E7BDE8F84326F023B9CA
S21400D0E8BDE8F88300C0035004C003500CC00350CA
S21400D0F82DE9F0412B4B1746D3F810234A1C064659
S21400D1080C46407804D1D3F8241426F01AF90446BD
S21400D118002C2FDB072C4FF0030532782DDC4FEA66
S21400D128840805FA08F529461F4802FA08F226F088
S21400D138EBF8294672781D4802F0030202FA08F254
S21400D14826F0E2F8012317F0050F194A18BF194907
S21400D15803FA04F30CBFC2F81034C1F8103417F001
S21400D168060F18BF134AC2F814340123104AA34006
S21400D178C2F820342046BDE8F081A4F108084FEA3A
S21400D188880805FA08F529460B4802FA08F226F038
S21400D198BBF87278294602F00302084802FA08F239
S21400D1A8CEE700BF00C0035000C4035008C40350B5
S21400D1B800E0035000D0035004C403500CC40350CE
S21400D1C870B504462AF02CFB064630B90FCC044D41
S21400D1D80FC594E8030085E80300304670BD00BF1D
S21400D1E8203C002047F6FF739A42F0B569D0022922
S21400D1F869D8364B5B5C012B65D8354DDE0005EBF0
S21400D208C30415F83330A178012B13D10025E07834
S21400D218401AA84202D80844C0B2F0BD431B66684C
S21400D228A0EB530336F913609642D4BF1D4603F1AC
S21400D238FF30EEE760680028EFD0B0F9004094426F
S21400D24804DBB0F902409442B8BF144683883544DC
S21400D258FF2B19BFC8232827B0F90630B0F9087085
S21400D268A3EB04030CBF0122002293FBF7F36E78AE
S21400D27813441BB29E4201DD002B01DA731E1BB25B
S21400D2884FF47A7C00EBC305EA88AD685F1C14FB94
S21400D29802521D4622EAE2723BB25C329E42B2FB62
S21400D2A8FCF204DD00EBC307BF889742EAD200EB26
S21400D2B8C5039888904228BF1046884238BF08465B
S21400D2C8AAE7FF20A9E70020A7E700BF74690400C3
S21400D2D8203C00200229F0B555D82C4B585C012874
S21400D2E851D82B4C04EBC00114F830004B680128C9
S21400D2F80FD1C8788C78904294BFC4EB0001C4EB79
S21400D3080201001BCAB28242C8BF002233F91200CB
S21400D318F0BD002B37D08878904202D3B3F90200CC
S21400D328F6E7CC78B3F900009442F1D94C7899889E
S21400D338013CA1F1FF06714203F10405E4B2714114
S21400D34803F10C07CEB2B44216D805EBC1014FF470
S21400D3587A756A43B1F902404968521A04EBD471E7
S21400D36802EB610292FBF4F29042D1DBB3F90200C1
S21400D3789042CDDC10B2CBE737F831C04E1C94454E
S21400D388E3D33146DEE70348C2E700BF746904000A
S21400D398203C00200080FFFF08B50448FFF710FF78
S21400D3A8BDE8084001202AF041BA00BF78690400A9
S21400D3B87FB51422002101A810F01AFB044B01A91E
S21400D3C84FF0FF3002932AF077FA07B05DF804FBB7
S21400D3D8006A18004FF40052034B00209A66032296
S21400D3E8C3F86022704700BF009000504FF4005208
S21400D3F8034B00209A660322C3F86022704700BFDA
S21400D40800A000502DE9F04F894691B00DF1300B81
S21400D4188246DDE91C6417460021102258469846C5
S21400D4281E9D10F0E5FA1F9BB9F1000F04D16FF0AE
S21400D438860011B0BDE8F08F002FF8D00EB9002C8A
S21400D448F5D11A9A12B91B9A002AF0D10DB9002BF9
S21400D458EDD1209A002AEAD0424A904502D0424AA4
S21400D46890457CD1BAF80020B2F5105F77D1BAF8AB
S21400D4780220B7EBD20FDAD322F04001802902D07F
S21400D488B2F5807FD3D11CB9209B00201C60D0E762
S21400D498AE421FD2321995421CD29C42C7D831469A
S21400D4A82246284610F0F6FA2F4B2E46984526D0E8
S21400D4B814F00F03BBD1CDE90097CDE90236CDE9CC
S21400D4C80443CDE906540893FFF784FF50B16FF084
S21400D4D89200AEE7244A90450FD09C42E8D96FF0F8
S21400D4E88900A6E7684606AA03A90EF0A7FD054622
S21400D4F8FFF77CFF0543C7D0E9E79C42EFD81B9BA4
S21400D5080D2B94D101238DF830301A9B0DF1310282
S21400D51803F10C0153F8040B8B4242F8040BF9D1C3
S21400D5281B781370012310228DF83F300023CDE9B5
S21400D5380097CDE90A23CDE90236CDE90443CDE9C3
S21400D5480654CDF824B00893FFF744FF0028BED150
S21400D558684609AB06AA03A90EF098FDC7E76FF060
S21400D568850066E7004440040013C0042DE9F04F28
S21400D57891B09046DDE91A45DDE91C6B1F468946E1
S21400D588DDF878A021B96FF0860011B0BDE8F08FFD
S21400D598002AF8D00CB9002DF5D116B9BBF1000F4A
S21400D5A8F1D1BAF1000FEED0484B9F4203D0484B5A
S21400D5B89F4240F087800388B3F5105F40F0828072
S21400D5C84388B8EBD30FDED323F04002802A02D07C
S21400D5D8B3F5807FD7D125B90023CAF800300020DC
S21400D5E8D3E7102D05D1394B9F42F5D1B44202D36B
S21400D5F843E0B4423ED263199E423BD25D45C2D850
S21400D60821462A46304610F045FA304B34469F42AB
S21400D61838D00D3D5D4532D801238DF8303023468D
S21400D6280DF1310204F10C0153F8040B8B4242F859
S21400D638040BF9D11B780D3413704FF48073ADF8D2
S21400D6483E300CAB102209930023CDE90098CDE9B3
S21400D6580A23CDE90345CDE90536CDE907530293FC
S21400D668FFF7B8FEF0B9684609AB06AA03A90EF09C
S21400D67821FD1FE0164B9F42CBD05D4502D96FF0C7
S21400D688890082E715F00F037FF47DAFCDE9009897
S21400D698CDE90234CDE90453CDE906650893FFF7D2
S21400D6A899FE10B16FF092006FE7684606AA03A9C4
S21400D6B80EF0D8FC0446FFF799FE0443F2D1CAF8E8
S21400D6C800508CE76FF085005FE700BF0044400419
S21400D6D80013C00410B54FF42F720021044610F052
S21400D6E887F98023C4F88C30054B04F19C00C4F8F5
S21400D6F88430012384F88830BDE8104025F014B83B
S21400D70844D1030010B5D0F8A0400A468CB926F0DC
S21400D71818F8044610B90024204610BD2D2896BFD8
S21400D728064B074953F82010064A074826F04FF9D3
S21400D738F2E7D0F8A4101046A047ECE7FC6904000E
S21400D74847D10300E2CC030077D20300F8B590F87F
S21400D7588060044616B100263046F8BD25F024FE43
S21400D7680028F8D1012384F8803094F8883033B143
S21400D778D4F884101F4884F8886026F028F94FF0FB
S21400D788FF37D4F8B402421C1FD0C4F8B47210F0A5
S21400D798FF052CD0204625F004FE2946204600F03A
S21400D7A8A7FB0028EDD0204625F009FE94F888301F
S21400D7B83BB1D4F884100F4826F009F9002384F802
S21400D7C88830002384F88030C6E726F0E5F8431C46
S21400D7D8DDD1D4F88C30D4F89420013B9A4204DB8F
S21400D7E8054A0649064826F0F2F80126E9E7012622
S21400D7F8C7E700BF19E40300E2CC030055D10300D5
S21400D80877D20300F8B50B780446302B0D4616463B
S21400D81804D14B7803F0DF03582B11D0284F6A1E2B
S21400D82812F8011F002934D128460A220FF0D0FF2B
S21400D838202C03460D4631D1B1FA81F040091AE092
S21400D8484A1C1F4912F8013F8BB928460FF0CCFF37
S21400D8581C4B02382340032B12D10134A4108442F7
S21400D8680AD1A87837288CBF0020012003E0CB5CBB
S21400D87813F04400E6D1F8BDCCBF01200020FAE73B
S21400D888002CB8BF0334B0EBA40FD4BF012000208F
S21400D898F1E77B5C13F00400C2D1ECE726B108433D
S21400D8A802D0013B61F100050122A240013A1A406C
S21400D8B8002D08BF9A420CBF01200020DBE700BFFE
S21400D8C87D90040003000080F0B5037801467B2BAA
S21400D8D817D10646022400220B4F16F8015F7D2D4D
S21400D8E805D10B5D6BB9D24302F0010008E07B5D01
S21400D8F813F0440002D001320134EEE7202DFBD0AD
S21400D908F0BD0020FCE700BF7D90040070B5064619
S21400D9180D460FF069FF0446304626F058F8044EC8
S21400D928AC4200D370BD304626F051F80134F7E714
S21400D938F1DA03002DE9F84F044602215148FFF7B3
S21400D948E5FF1E212068FFF7E1FF6368586826F0A8
S21400D9583EF84D4826F03BF867683B7BFD2B12D80F
S21400D968D7F808804FF0FF3640460FF03DFF0546D3
S21400D978DFF81091DFF870A1DFF84CB10C3717F814
S21400D988013BFF2B01D1BDE8F88F212B18D8212B9E
S21400D99836D8DFE803F0377274111B1D1F213535A2
S21400D9A8353535353535232527292B2D2F31353572
S21400D9B83535353535353D33344C002D2BD12EE0F5
S21400D9C8334C344AFE2B08BF1446F6E7324CF4E7CD
S21400D9D8324CF2E7324CF0E7324CEEE7324CECE7EA
S21400D9E8324CEAE7324CE8E7324CE6E7324CE4E7FA
S21400D9F8324CE2E7324CE0E7324CDEE7324CDCE70A
S21400DA08234CDAE7314CD8E725F0D5FF01362AE073
S21400DA18002DB4D02E4C202B06F10106AFD00221E3
S21400DA284846FFF773FF1E214846FFF76FFF50462C
S21400DA3825F0CDFF5946204610F030FA2549002833
S21400DA4818BF2146244825F0C2FF3B78202B02D178
S21400DA582B2025F0B0FF214825F0B9FF4DB118F866
S21400DA6806301F2B05D018F806001F2801D0AE4236
S21400DA78CADB054825F0ABFF81E7194C9DE7194C32
S21400DA889BE700BF051E0400E2CC0300FFD103009D
S21400DA9811D2030037EE03005CD2030063D2030002
S21400DAA854D2030050D2030047D203003DD20300ED
S21400DAB833D2030048D203003ED2030034D2030018
S21400DAC829D2030022D2030019D20300FED1030094
S21400DAD804D203000FD2030019E4030088D503001C
S21400DAE85BD2030062D203001FEF03002DE9F04F5C
S21400DAF89BB005468B460024009203930FF074FEF5
S21400DB08249F039B04901C6028463C600AAA09A927
S21400DB1825F07FFF064658B90A980FF065FE34468A
S21400DB28B046039B1860D5F89C300293029B1BB93D
S21400DB3820461BB0BDE8F08F029BD3F80890B9F1D9
S21400DB48000F6CD02E4416F8013B202B11D000266F
S21400DB580C23734309EB030A59F803300193002B8F
S21400DB6858D0099B434555DB9AF808202AB1721C01
S21400DB7839E03B6801333B60E5E73968D5F894201F
S21400DB880793039B521A1A601AAB03EB880151F8E5
S21400DB98403C01991846059310F040F90690002875
S21400DBA8E5D101980FF020FEDDE906230146DAF8F4
S21400DBB80400D7F800A090F80CC0BCF1FE0F16D1F0
S21400DBC803F1FF3EC64512D0D0F8009005980192A2
S21400DBD80FF00AFE0AF1010A019A50442B5C23B1A1
S21400DBE8386008F101081646B2E70130F6E7D5F8BE
S21400DBF894200591A2EB0A028A4220DC58460FF0D0
S21400DC08F3FD059901447B290DD958461F4A00990A
S21400DC1824F0B1FD2B46049A2A4493422CD1029B49
S21400DC281B68029382E7DDE90012584624F0A3FD3C
S21400DC385846174A0099013424F09DFD97E7BCF131
S21400DC48FE0F94D1013B434591D1D0F800A0DFF8F0
S21400DC5840905AF80C2B22B9049B3B60039B1A6031
S21400DC68D8E75846009924F086FD4A465846009953
S21400DC7824F081FD0134ECE713F8011B0029CCD110
S21400DC884FF0200103F8011CC7E700BF69D2030064
S21400DC98F1DA03002DE9F047002486B01C60DDE9C0
S21400DCA80EA8064689468AF800401168154888F87E
S21400DCB8004017461D468DF81740FCF767F818B958
S21400DCC801242B6801332B600020D6F89C6036B9F7
S21400DCD814B1012388F8003006B0BDE8F087B068B4
S21400DCE868B14B460021CDE902A8CDE900750DF1D3
S21400DCF8170225F0C5FC9DF81730002BE8D13668CA
S21400DD08E5E700BF6ED203002DE9F0470446ADF5FF
S21400DD18447D8022002104A802AF0FF069FE80220D
S21400DD282046009703AB04A9FFF7E0FE01283DD183
S21400DD3804A80FF059FD03993B68461A0B4426EAD7
S21400DD48E6762344054604A83246014418460FF0F2
S21400DD58DFFF00228255D4F89060039B3968D4F818
S21400DD6890201944B14212DCD4F89410E81A024400
S21400DD78C4F89020014404AAC4F89410D4182518AE
S21400DD882B1B002B0DDC0DF5447DBDE8F087A05C51
S21400DD9825F011FED4F8903001360133C4F89030DF
S21400DDA8DBE714F8010B25F006FEE9E7EBDD24AD0A
S21400DDB88022002128460DF5887A0FF019FE0DF10D
S21400DDC810094FF40072002150460FF011FE4FF074
S21400DDD801084A46002312F8016BA6B904A84AF8B7
S21400DDE828300FF001FD2946334698451CDB19F804
S21400DDF8016B0DF5887C5CF8042B82420CD101F887
S21400DE08016B0133F1E7202E03F1010304BF4AF842
S21400DE18283008F10108DEE70DF1100E7244D25CD6
S21400DE28B242E8D00022EA54D4F89060039BB3428A
S21400DE382FDC23462C4A04A92C4825F0C8FD284682
S21400DE480FF0D2FC0646039B3F68F61A1F4426EAE4
S21400DE58E672E01917441D44E11904F1900399424B
S21400DE683CD904F19803984238D26A1E81190B1AD5
S21400DE78002B27DD12F8013F00F8013BD4F890305C
S21400DE880133C4F89030D4F894300133C4F8943091
S21400DE98EDE7D4F890300136E05C25F08CFDD4F838
S21400DEA890300133C4F89030C0E7D4F89020013B96
S21400DEB80132C4F89020D4F894200132C4F8942093
S21400DEC8002BF2DC00232E44E355731B002B7FF750
S21400DED85AAF15F8010B25F06EFDF6E729460FF048
S21400DEE817FF3346ECE700BF44D1030073D20300A4
S21400DEF82DE9F843D0E9245604460F46002294F844
S21400DF089830012B07D10A2F07D1002384F89830C0
S21400DF180020BDE8F88300F29F801B2F01D1022362
S21400DF28F4E70D2F0DD1012384F898300D2025F045
S21400DF3842FD0A2025F03FFD00230120C4E92433D2
S21400DF48E7E74FF00008082F84F8988034D1454555
S21400DF5830DDB5420FD1384625F02DFD202025F0BE
S21400DF682AFD013D384625F026FD013E04F80580C9
S21400DF78C4E92456CCE7FBDA05F1FF39384625F024
S21400DF881AFD04EB0903A6EB0902611918460FF0FF
S21400DF9881FD04F806800146013E484825F017FD35
S21400DFA835464D4501DC4D46E2E7082025F003FDE1
S21400DFB8013DF6E7ACD0DBE77F2F1CD1002EA7DDAE
S21400DFC8B542A5DA6319691C21441846721B0FF07E
S21400DFD861FD04F806800146394825F0F8FC08205B
S21400DFE8013E25F0E8FCB542F9D1D4F89430013B5F
S21400DFF8C4F894308CE70A2F98D0092F03D120460E
S21400E008FFF782FE84E7D4F88C30013BB3427FF7F3
S21400E0187FAFB54204EB050805F101090CDB38466D
S21400E02888F80070D4F89430C4F890900133C4F897
S21400E038943025F0C0FC6BE74146721B04EB0900E0
S21400E0480FF028FD404625F0C2FC0820013E25F0CA
S21400E058B2FCB542F9DDE2E7022B06D15B2F01D10F
S21400E068032353E784F8982049E7032B7FF450AF3F
S21400E078413F84F89820032F3FF64AAFDFE807F0C1
S21400E08802070A160121204625F046FC40E74FF015
S21400E098FF31F8E7B542BFF63BAF605D25F08BFC75
S21400E0A8D4F890300133C4F8903031E7002D7FF76C
S21400E0B82FAF013D0820C4F89050BAE77CD2030081
S21400E0C876D6030007B56B46054A1068516803C341
S21400E0D86846FEF747FC002003B05DF804FB00BF67
S21400E0E8B46A040030B58BB06C46174D0FCD0FC41C
S21400E0F80FCD0FC495E8030084E80300134BD3F84C
S21400E1084C2112031CD5A3F5FE431C884FF6FF735B
S21400E1189C4208BF8C248DF81940FEF71DFA20444F
S21400E12880F308008DF818000948FBF7C7FE684614
S21400E138FEF772F93220FEF715FA00200BB030BD54
S21400E148D3F85041E4B2E6E7BC6A04000080E00F6A
S21400E15800F049020028ACBF00F16040064B4FEAC9
S21400E1680111C9B2ABBF00F5614000F00F0080F89E
S21400E17800131954704700BF14ED00E008B52EF0E0
S21400E18873F90B4B1A7872B901221A702EF067F9D8
S21400E1986FF0040210460132052152B2FFF7DAFF8B
S21400E1A8402AF7D108BDBDE808402EF058B900BF90
S21400E1B8685A0020002807DB01234109034A00F0BB
S21400E1C81F00834042F82130704700BF00E100E09E
S21400E1D8054B421153F8223000F01F0023FA00F0D6
S21400E1E8C04300F00100704700E100E0002808DBAB
S21400E1F801224309034900F01F008240603341F8BA
S21400E2082320704700E100E010B504462EF01FF901
S21400E218024B1C602EF016F9002010BD403C002072
S21400E22810B52EF014F9034B1C682EF00BF9204697
S21400E23810BD00BF403C002038B50C4615460146C8
S21400E24810B9FFF7EDFF01462B46224603480EF0AD
S21400E258D3FA0028D4BF3720002038BD713B03000E
S21400E26808B500F017FC18B16A2102482EF083F9A9
S21400E278002008BD81D2030008B500F049F80C4A12
S21400E288536A43F470235362EFF308834FF0CD319B
S21400E298084A043B934208D200F070FAFFF7E0FF02
S21400E2A8BDE808400448FEF78BBF43F80419F1E7B9
S21400E2B800ED00E0080000207869040007B5042295
S21400E2C800200DEB020129F06FFA042803D0D721AD
S21400E2D804482EF050F9019800F0DCF903B05DF818
S21400E2E804FB00BF81D20300082310B50C0A414086
S21400E2F80648C9B241F30002013B024013F0FF038F
S21400E30882EA5101F6D184EA010010BD2083B8EDF7
S21400E31838B5FEF70BFE044624F0E8FFE3072AD4D8
S21400E32801221046114600FA01F3234002F10102C9
S21400E33823D01D4B33F811301C48062B028844881E
S21400E3481B4920D14FF20F039C4219D1B2F5406FFA
S21400E35828BF4FF4C0624CF23C330A80438040F238
S21400E36801730A889A4201BF124B134AD2E9000188
S21400E378C3E9000115E00021DBE7102AD2D1DBE76C
S21400E3884FF4C062E7E740F20725AB420AD14FF2E6
S21400E3980F05AC4206D19A4204D14CF23C320B80AF
S21400E3A8428038BD0B80DAE7806C04007C61002070
S21400E3B852550020443C002074610020014B188808
S21400E3C8704700BF52550020014B1888000A704756
S21400E3D852550020044B05481B881A0AB3F5406FAF
S21400E3E838BF00EB8200704752550020506C04007E
S21400E3F8044B1888044B020A53F82230C0B203EBC9
S21400E4088000704752550020206C040010B5044662
S21400E4182EF021F84FF20F02044B1C805A80BFF3EF
S21400E4285F8FBDE8104025F069BB00BF7C61002007
S21400E4386D4A2DE9F0416D4B55686D4C5D65516A26
S21400E44899656C49D1F80002D865D1F80412586B62
S21400E4581966916A10F0040F5966D16A4FF00000E9
S21400E4689966116BD966516B1967D26BD8645A676F
S21400E478D3E90E1218BF11465F4A91421A655DD35A
S21400E48801F12000A04259D88869C5F30805186428
S21400E498CE69062D5E6455D1584DA84252D3584DC4
S21400E4A8A8424FD205884DF6426085424AD1186880
S21400E4B8C3F890005868C3F8940040F20170A2426E
S21400E4C8154604D22E680432B6F1CD3FF7D00022A6
S21400E4D8C3E91E22C3E92022C3E92222641BDFF80F
S21400E4E81CC1434DDFF818E19C648D422DD8D3E952
S21400E4F81EC7D3E92065D3E922414FF0000E013A42
S21400E508D2B2FF2A3CD1BEF1000F05D0C3E91EC720
S21400E518C3E92065C3E92241B3F85430C3F30803BE
S21400E5280C2B3BD8022B54D9DA1E092A51D8DFE81F
S21400E53802F03157404350505050504D0021C3E927
S21400E54810112D494FF42060B9E755F8044D64457D
S21400E558CBD37445C9D2E607C7D50026294F57F846
S21400E568048FA045C1D00136062EF8D132B1013A43
S21400E578D2B202F11E0643F82640B6E70522F8E7AF
S21400E588E0464FF0010EBC4637462E4625460C465A
S21400E5984146B4E740F60120BDE8F0813B2B18D190
S21400E5A8194B9B6913F0020F40F2025318BF184626
S21400E5B8F2E740F60320EFE740F6042240F2017344
S21400E5C8B0F5206F0CBF10461846E5E740F6052064
S21400E5D8E2E740F60722013B4E2B98BF1046DBE7E2
S21400E5E840F60220D8E700BF00ED00E0E460002017
S21400E5F80810002000E100E0080000201863000072
S21400E60880C90300586100200080015A00F00CB849
S21400E61800F00AB800F008B800F006B800F004B831
S21400E62800F002B800F000B872B61EF0080F09D065
S21400E6381EF0040F0DD0DFF850E0AEE8FF1F6FF0B5
S21400E64802000CE0DFF840E0AEE8FF1F6FF00E00B7
S21400E65805E0DFF834E0AEE8FF1F6FF00600694615
S21400E668EFF309828EE8070086460848084C854579
S21400E67801D3A54501D384F30888FFF7D9FE84F3B0
S21400E6880888FFF7C3FE0000E4600020480000206A
S21400E698081000204BF6EF6283B2002B08BF134623
S21400E6A8044A000C13804FF6CE2308BF1846024BC8
S21400E6B818807047C2690020C06900200B4BB3F968
S21400E6C800201888002AB8BF80F0620042001A802E
S21400E6D8074AB2F9001013880029BCBF83F4805398
S21400E6E883F00B035900118058407047C269002018
S21400E6F8C069002007B5684600F01AF8DDE9000191
S21400E7080022034B03B05DF804EB25F0F3BC00BF12
S21400E7184C3C002007B5009313460A4601460348BA
S21400E72825F09CFA03B05DF804FB00BF4C3C0020C3
S21400E7380249034A0160521A42607047886A0020FC
S21400E74800800020004870474C3C002038B54160E7
S21400E75804462DF07CFE05462146044823F0E7FFD4
S21400E7682846BDE838402DF06DBE00BF743C00203A
S21400E778014823F0D9BF00BF743C00200222014B99
S21400E7881A6770470040005070B52DF060FE174EAF
S21400E798054617482DF089FE3378CBB900F07AF98C
S21400E7A8044620B128462DF04DFE204670BDFFF7E2
S21400E7B8DFFF2DF053FF0F4B1C602CF099FC0E4B1F
S21400E7C80E4A1860536F43F00103536725F0AEFCFA
S21400E7D800F074F825F0C1FC094B002418600123EA
S21400E7E8284633702DF02EFEDFE700BF755A00204E
S21400E7F8EC6A0400783C0020A03C00200040005052
S21400E8087C3C002038B504462DF021FE0F4D02460C
S21400E8182B78FF2B04D1B4B1BDE838402DF012BEDA
S21400E8281BB9002CF8D0012103E0002C14BF0121ED
S21400E838FF210B44DBB22B70B3FA83F304495B0960
S21400E84810460B70E8E71946F3E700BF725A002037
S21400E858715A0020054B1B685843054B00F5742079
S21400E86800F23F20B0FBF3F0704700BFA03C00204A
S21400E87840420F0073B50F4E04463378834211D0DA
S21400E88800238DF80430430001A88DF805300A4DA2
S21400E898FDF760FF40203CB1FFF7DCFF2B68181A35
S21400E8A82860347002B070BDFFF7D4FF2B68184498
S21400E8B8F6E700BF036A0020D83C002073B50024A2
S21400E8C801A88DF80440FDF7E7FF2046FFF7D2FFC2
S21400E8D82C4B2D4AD3F8003103F0030313604FF492
S21400E8E800222A4B5A664FF400325A662CF07AF900
S21400E8F84FF4C870FFF7AEFF254B264A1860264926
S21400E90813680134E4B20A2C41F8040BF9D1034425
S21400E91800EBC00003441360204B214D1B7813B353
S21400E928184BD3F8003103F00303022B23D0032B34
S21400E93824D0012B17D12BF0FDFE024698B1194BB7
S21400E948194EDC6800231946C4F30B04013404EBA3
S21400E95884040138E4FB06010EF0DEFCFFF77AFFBC
S21400E9682B6803442B601F20FFF774FF2B680344B3
S21400E9782B6002B070BD2BF0E3FEDEE72DF07AFDCB
S21400E988DBE700BF00800050E03C0020009000500D
S21400E998A43C0020A83C0020AC3C0020795A00206B
S21400E9A8D83C002000C0015040420F000122154B01
S21400E9B810B55A67144B154C1B7813B302202DF06C
S21400E9C83EFEF0B12CF01AFCD8B1A36DD90302D5DF
S21400E9D8E36D9A0715D40D4B9B6DDB0711D4012206
S21400E9E80B4B1A702DF01FFEBDE81040094B0A4A63
S21400E9F81860136F23F0070343F0030313672BF025
S21400EA087FBE10BD00D000507A5A002000C00050CB
S21400EA18775A0020D43C0020008000500122014B89
S21400EA281A7070477A5A002008B5FFF763FEFEF79B
S21400EA38FDFA01280ED1144B04205A6E4FF4802399
S21400EA481249520358BF124A4B6601F51041086234
S21400EA5858BF536625F089FBFFF790FBFFF732FB9C
S21400EA68FFF740FB0DF012FFFFF78EFE00F012F8DE
S21400EA7825F07CFBFFF700FC25F087FB28F098FDC7
S21400EA88BDE8084025F073BB008000500090005099
S21400EA9800A0005070B52DF0E7FC144E05463478FB
S21400EAA8FCB9134B1C60134B1C60134B1C6000F026
S21400EAB831F801202CF090FC2CF082FC0F4B02461B
S21400EAC8186020B928462DF0CAFC232070BD2346BE
S21400EAD840F2E7310A480EF01FFC0A4B1860012383
S21400EAE8337028462DF0BBFC0020EFE77D5A002047
S21400EAF8F43C0020F03C0020FC3C0020F83C0020C1
S21400EB0818FCFFFFEC3C0020014B1868704700BF5C
S21400EB18EC3C00201FB50024194B18689A88029010
S21400EB28D3F806009B7A00901648ADF80C208DF8AE
S21400EB3804302DF0BAFC02A88DF808408DF80C4079
S21400EB48FEF73EFA694601208DF80040FEF7FCF90C
S21400EB5840F2FF320C4B9A615A614FF0B042936A0A
S21400EB6813F00803FBD113620120FEF707FA0C2006
S21400EB78FFF73CFB0C20FFF71DFB04B010BD00BFE1
S21400EB88A96C0400E46A04000020005810B52DF0B3
S21400EB986BFC4FF0B04304465B695A06074A03F01D
S21400EBA8010003F0510348BF40F0020053612CF007
S21400EBB83BFB2046BDE810402DF051BC0020005815
S21400EBC821282DE9F341054604D82C46204602B0F4
S21400EBD8BDE8F08100240B4E0B4FDFF83080002391
S21400EBE8CDF800801A461946386824F0E9F88442B9
S21400EBF8EBD2222CE9D056F8043BAB42E6D00134DF
S21400EC08EDE700BFC86F0400BC640020FFFF0F00DC
S21400EC182DE9F04F644E654D89B025F002FB31684A
S21400EC282868FCF7D5FA0446002827D0336800245D
S21400EC38D3E900019A6912689047336804A89B696B
S21400EC489B689847336802209B69DB689847326858
S21400EC5805985368E7B2B3FBF0F3BB42916904F139
S21400EC6801044ED8CB680020984733689B695B68D8
S21400EC78984731682868FCF7ABFA04460027DFF89F
S21400EC8844A1DFF84481DFF84491F4B9484B28687A
S21400EC98DB5D002B00F08380D8F8006002AB3146BD
S21400ECA803AAFCF717FC2D2807D070B9039B012B85
S21400ECB80BD031462868FCF761FEDAF8003031469A
S21400ECC81A682868FCF7DAFD04460137222F0AF18D
S21400ECD8040A08F1040809F10109D6D1B4FA84F344
S21400ECE8344A5B0913702B681B7C33B125F065FA30
S21400ECF818B1DB2130482DF03EFC204609B0BDE8AF
S21400ED08F08F12680B6907FB002098479FE7D8F832
S21400ED18003003AA194402AB0191FCF7DBFB2D284F
S21400ED28034601992BD0286813B30BF1010B5FFA41
S21400ED388BF18E422868EAD8204BDB5D002BC4D0C6
S21400ED48F3B27E2B2868C0D8D8F8003003AA06EBA2
S21400ED58030B594602ABFCF7BDFB2D28B5D0594628
S21400ED682868FCF70BFE013604460028E8D0ACE716
S21400ED78039B7BB999F80020029B9A42D5D099F854
S21400ED880030DAF800202868FCF772FC0028CCD09F
S21400ED980446D1E70191FCF7F1FD0199EFE7084B2E
S21400EDA8A346DE5DC3E700BF9C640020BC64002069
S21400EDB8A46F04007F5A002008D30300826F040063
S21400EDC83E6F0400B46C0400C86F0400606F040053
S21400EDD8F8B51F46214B04461B780D46164623B148
S21400EDE800F47E23B3F50E2F2BD02046FFF7E8FE5F
S21400EDF82128044614D81A4B53F82010194B1B78B0
S21400EE08ABB1194B212C18681DD8184B1B5DD3B114
S21400EE183268FCF733FD044650B125F0CDF907E01B
S21400EE28FF2807D93A46314680B224F0D9FE002496
S21400EE382046F8BD4FF4A9710D482DF09CFB002123
S21400EE48DCE70146DAE77F2D08BF00253B46324659
S21400EE5851FA85F1FCF70CFCDDE700BF7E5A00206E
S21400EE68C86F04007F5A0020BC640020A46F04000A
S21400EE7808D3030008B5520825F0A1F930B1BDE85B
S21400EE8808404FF49C7102482DF075BB08BD00BFC2
S21400EE9899D303002DE9F743C70705460E461446DF
S21400EEA804D540F2E31149482DF065FBE10704D587
S21400EEB84FF4F27145482DF05EFB454B93F8008001
S21400EEC8B8F1000F20D043F260239D4208D12246B5
S21400EED8314640480EF01CFF002003B0BDE8F08322
S21400EEE8C5F30B0705F44055B5F5805F14BF4FF41E
S21400EEF80F204FF40E20234632467F21384303B0B6
S21400EF08BDE8F043FFF764BF05F47043B3F5805FD0
S21400EF183FD1C5F30B05304A05F17E65631E2B44C9
S21400EF28934230D82F46DFF8A49007EB04084745ED
S21400EF3842D1AA070ED04FF6FF7336F8022BA81E4A
S21400EF4843EA024304220DEB02010193FFF792FF06
S21400EF580235023CA3070ED0023C24F00103F35A04
S21400EF6804226FEA03436FEA13430DEB02012819E4
S21400EF780193FFF77FFF002CAED022463146284685
S21400EF88FFF778FFA8E740F2FD1110482DF0F3FAD6
S21400EF98C8E705F46043B3F5005F04D1C5F30B0575
S21400EFA805F5FC25BEE740F2052108482DF0E3FAF2
S21400EFB86FF00F074546B6E717F8013BFF2BB6D0AC
S21400EFC84FF4047148462DF0D6FAB0E799D30300FB
S21400EFD87E5A0020C4690020FF03E00F10B500F039
S21400EFE877F825F038F9044618B100F079F8204685
S21400EFF810BD00F07BF804460028F6D10122014B2C
S21400F0081A70F2E7805A0020054B1B7833B1054B7F
S21400F018C0F3130100221868FCF774BC112070476F
S21400F028805A0020BC640020144B2DE9F0411B7860
S21400F03805460E461746FBB125F0F4F8012805D913
S21400F048841EE4B2012C09D9212412E03B4631463D
S21400F0582846BDE8F041002200F052B800F038F823
S21400F0683B4600223146284600F076F8044600F073
S21400F07837F82046BDE8F0811124FAE7805A0020C8
S21400F088124B70B51B7804460D461646E3B125F0BC
S21400F098C9F8012805D9831EDBB2012B08D921241B
S21400F0A810E0324629462046BDE8704000F040B8D9
S21400F0B800F00EF820463246294625F0CEF80446DB
S21400F0C800F00EF8204670BD1124FBE7805A002099
S21400F0D808B52DF0BCF9014B186008BD003D0020AE
S21400F0E8014B18682DF0AEB9003D0020024B196898
S21400F0F8024B1868FCF76CB89C640020BC640020BF
S21400F10837B505460C46C0F313010848ED020068FB
S21400F11805D5224603B0BDE83040FCF7A7B90093F2
S21400F12813462246FCF75CF903B030BDBC640020E9
S21400F13830B405461346074A0C46C0F31301106858
S21400F148EA0203D5226830BCFCF798BB224630BCDE
S21400F158FCF78EBABC640020F7B505460F46144681
S21400F1681E461BB92125284603B0F0BD0029F9D054
S21400F17825F058F84BF23462ABB2934220D14FF0E8
S21400F188FF3322466946CDE9003325483346FFF764
S21400F198E3FF08220546234968460EF075FF38B98E
S21400F1A833462246694641F2F010FFF7D5FF05467A
S21400F1B8002DD8D13246694638460EF0A9FDD2E76A
S21400F1C841F2F01293420FD1174B311908299A6C65
S21400F1D8DB6CC7D8CDE9002332460DEB0401384670
S21400F1E80EF096FD0025BEE702280BD1C5F30C43AA
S21400F1F832199342B6D3C5F30B0104F17E64324646
S21400F2082144ECE7032809D1C5F30C43321993428D
S21400F218A8D3C5F30B0104F5FC24F0E70125A2E703
S21400F228021008C0547004000080E00F10B527F0E4
S21400F23874FA28F04BFBBDE8104003460121022073
S21400F248014A02F00BBC00BF30D4030013B5D0E966
S21400F258023253F822301C78204627F070FA2346EC
S21400F268009001210220024A02F0F8FB02B010BD0D
S21400F27844D40300014B187826F049BE815A002072
S21400F288FF232DE9F04F8FB01122002108A88DF832
S21400F29813300EF0ADFB08A825F0F9FF0121022077
S21400F2A8B04A08AB02F0DAFB41F24903AE4A012144
S21400F2B8022002F0D3FB06A826F018F908A90DF1DB
S21400F2C8130026F01EF902200021A84A02F0C6FB09
S21400F2D8002026F04DFE10B106A809F047FE9DF95D
S21400F2E82A3001210220A24A00939DF82B3002F012
S21400F2F8B5FB27F00EFA831EDBB2FC2B054631D889
S21400F308012102209B4A02F0A9FB01249A4E9B4F3A
S21400F318DFF8D082234632460021022002F09EFB08
S21400F32805A9E0B227F0F7F9034650B1A0F1160296
S21400F338012A40F2AA8042460121022002F08EFBF2
S21400F3480CE09DF914303A4601939DF816300121D9
S21400F358009302209DF8153002F080FB0134E3B2DA
S21400F3689D42D7D8BDF8284008F0ECF9234600217E
S21400F378834A0090022002F071FB02200021814A95
S21400F38802F06CFB002026F0F3FD10B108A809F087
S21400F398EDFD01217C4A022002F060FB27F015F9FA
S21400F3A8044627F010F923460121784A00900220E7
S21400F3B802F054FB08F09EFE00210220744A02F078
S21400F3C84DFB9DF81330FF2B65D000210220714AB3
S21400F3D802F044FB01216C4A022002F03FFB26F0B3
S21400F3E895F8012103466C4A022002F037FB08F024
S21400F3F881F900210346694A022002F02FFB26F015
S21400F4088BF8044626F08AF823460121644A0090C1
S21400F418022002F023FB2DF0BBF808F013FF0121B1
S21400F4280346604A022002F019FB0025DFF8B8817F
S21400F43808F008FFECB2A04233D82DF0A9F8012353
S21400F448594A1946022002F009FB002026F05FFD03
S21400F458564B574C0093012100230220554A02F0D0
S21400F468FDFA236863B1012102201B78524A02F094
S21400F478F5FA2368012102205B78504A02F0EEFA7A
S21400F48826F04AFD0FB0BDE8F08F012102204C4A55
S21400F49802F0E4FA62E7002102204A4A02F0DEFAA5
S21400F4A898E7494B204603EB0416D6F8089008F070
S21400F4B883FF8246204608F0CBFE444F00280CBF48
S21400F4C8C346BB46204608F077FF0AF031FD002801
S21400F4D808BF4746534600210220CDE900B73C4AFC
S21400F4E802F0BCFAB37901210293B3880220019393
S21400F4F87388384A0093337B02F0B0FA0026DFF8A8
S21400F508ECB099F80430F4B2A34203D82DF040F8D2
S21400F51801358DE714235C43D9F8007002203A5B66
S21400F52807EB040A9AF90C3000922B4A002132EABB
S21400F538230228BF5A461346284A02F08FFA0020AC
S21400F54826F016FD38B150463C5B26F04EF80146CC
S21400F55820460AF03BFD01210220214A02F07EFAED
S21400F5680136CEE785D4030094D40300B0D4030054
S21400F578DCD40300B7D40300CDD40300D4D40300EE
S21400F58809D5030029D5030073D5030032D5030037
S21400F59854D50300B6F503005FD5030075D5030000
S21400F5A88BD50300A1D503001AD6030032D6030074
S21400F5B8FC41002026D6030040D6030054D603009C
S21400F5C8F1D4030011D20300304100205CD40300BC
S21400F5D8ACD50300CCD5030079D4030002D60300CB
S21400F5E8051E0400FCD4030064D403006DD4030095
S21400F5F82DE9F7430025134EDFF8588008F022FE61
S21400F608ECB2A04202D803B0BDE8F083270120463A
S21400F61816F8079008F01CFE0B4A4B46002808BF51
S21400F6284246002102200092084A02F017FAF05DCE
S21400F63825F078FF01210220054A02F00FFA01356D
S21400F648DCE700BF304100209E2404006FD603008C
S21400F658051E0400A824040008B583685A681178B3
S21400F668C26853F82230A1F1650251425141187818
S21400F67808F0A4FF30B9BDE8084001210220024A7C
S21400F68802F0ECB908BD00BF7AD6030000210220BC
S21400F698014A02F0E3B900BF94D603000021022015
S21400F6A8014A02F0DBB900BFC2D6030010B5044613
S21400F6B886B01822002168460EF09AF9684626F0A9
S21400F6C8A6FBD4E9022052F8203002EB80021B7811
S21400F6D88DF80B30516891F900108DF80A10916872
S21400F6E80988ADF808106168091A032907DDD26889
S21400F6F803F01F03127843EA42138DF80B3068466E
S21400F70808F0CEF800210346024A022002F0A6F9C5
S21400F71806B010BDDED6030007B5002026F0BDFFF4
S21400F72800210090034B0220034A02F097F903B029
S21400F7385DF804FBEBD60300F1D6030013B5D0E959
S21400F748023253F8221003EB82035B6808781968C4
S21400F7580023094CA222994208BF2146C01A18BFA6
S21400F768012026F08EFF01210090044B0420044A55
S21400F77802F074F902B010BD00F8FF07FCD60300CB
S21400F7880AD8030013B5D0E9023203EB820153F816
S21400F7982230D1E901141878FF22003818BF01205A
S21400F7A82378096826F06DFF01210090034B04209A
S21400F7B8034A02F053F902B010BD00BF03D7030096
S21400F7C80AD8030008B5002101230C4A26F0DEFDFE
S21400F7D80A4826F03EFB0020094909F05FFC002095
S21400F7E826F0C6FB10B1054809F0C0FBBDE8084086
S21400F7F801210420034A02F031B900BFB35F00209C
S21400F80818D70300051E040010B525F089FE034628
S21400F81830B1BDE8104001210420054A02F01EB9A7
S21400F8280121BDE810400420024A02F017B900BFC3
S21400F83826D7030037D7030010B526F00CFBBDE823
S21400F8481040034601210220014A02F007B900BF12
S21400F85842D7030010B526F0D0FABDE8104003469C
S21400F86801210220014A02F0F9B800BF58D7030068
S21400F87837B5D0E90232012453F822304FF6FF702C
S21400F8881D78FE2204FA05F1002326F066FF2B46B3
S21400F898009021460420024A02F0E0F803B030BD8A
S21400F8A86CD70300D0E9023253F822301B7823B114
S21400F8B801210220024A02F0D1B8024A13707047AA
S21400F8C88BD70300815A002007B5684625F00EFE40
S21400F8D807F038FF01210346084A022002F0BEF866
S21400F8E8684609F043FB08F0A1F901210346044ADB
S21400F8F8022002F0B3F803B05DF804FBA1D70300BA
S21400F908BBD7030037B5D0E90245406854F8253020
S21400F918401B0328D8BF002004EB8504C8BFE06856
S21400F92819786368C8BF00781A78A36893F9003016
S21400F9380090012026F095FE38B901210220084AD9
S21400F94803B0BDE8304002F089B8064B019000933A
S21400F95801210220044B054A02F080F803B030BDAE
S21400F968CCD70300D4D70300A8060400E8D70300C2
S21400F97807B5012026F07DFE48B900900121022037
S21400F988084B094A02F06AF803B05DF804FB054B19
S21400F9980190009301210220044B054A02F05EF80C
S21400F9A8F2E700BFD4D70300FFD703008D32040068
S21400F9B8E8D7030008B5D0E9023253F822301878A1
S21400F9C826F009FE30B9044A0121BDE808400420A3
S21400F9D802F044B8014AF7E714D8030030D8030009
S21400F9E808B5D0E9023253F82230188826F0F1FD1F
S21400F9F830B9044A0121BDE80840042002F02EB8B8
S21400FA08014AF7E74FD803007FD8030073B5037899
S21400FA18044613F0050F0ED04588062D17D18368C7
S21400FA2801215B68174A1B7801938388042000939A
S21400FA38154B02F013F82378012B20D0012104205F
S21400FA48114B124A02B0BDE8704002F007B835B94B
S21400FA588388012104200E4A02F000F8EBE7012D06
S21400FA68E9D186680B49002009F018FB304609F0F2
S21400FA787DFA29460420084A01F0F0FFDBE702B0C9
S21400FA8870BD00BFB5D80300ACD8030007D9030083
S21400FA98D2D80300EFD80300051E04002DE9F04F66
S21400FAA800268FB0364D09AC0FCD0FC42B68012148
S21400FAB80220344A236001F0D1FF3446DFF8DC9098
S21400FAC825F028FDF5B2A8420BD825F023FD2346DD
S21400FAD80090012102202C4A01F0C0FF0FB0BDE8BB
S21400FAE8F08F284605A926F060FD0346002841D178
S21400FAF89DF81430032B39D904238DF814302B467F
S21400FB0800210220214A01F0A9FF9DF814300EAA10
S21400FB1802EB830300214A4653F8143C022001F006
S21400FB289DFF28469DF821A09DF815B09DF81870F1
S21400FB38BDF8168026F03BFD5346CDE9028000212D
S21400FB480220CDE900B7124A01F088FF01340020F0
S21400FB58E4B226F00DFA18B10DF1190009F006FA0C
S21400FB68002102200B4A01F079FF01E0002BC6D1E4
S21400FB780136A5E700210220074A01F06FFFF7E7E4
S21400FB885C70040019D9030092D90300CFD403008F
S21400FB9846D90300E2CC03006DD9030019E403003C
S21400FBA8C3688268013BDBB252F8233002201B7818
S21400FBB8652B14BF00220121044B1BBF01211A70BC
S21400FBC8034A044A08BF197001F048BF2C6A00208F
S21400FBD8A9D90300B7D90300D0E9023253F8223076
S21400FBE81A88014B1A807047C669002007B5D0E905
S21400FBF8023103EB810253F8213052681988054B0D
S21400FC080548128800930088012309F0A3FE03B074
S21400FC185DF804FB15FA0000C6690020C368826810
S21400FC28013BDBB252F823305B78A3F166025342FD
S21400FC385341014A137070472F6A002030B5D0E947
S21400FC48023253F8223089B01D78012302AA1946D9
S21400FC58044626F09BFB01230093102302210DEB9C
S21400FC680302204626F073FB284604AA02A926F0BB
S21400FC788EFD0446002026F07BF918B1214604487C
S21400FC8807F0F0FD0020034909F0EEF909B030BD91
S21400FC98C6D90300051E0400002330B58FB0022124
S21400FCA8009309AA1223054626F051FB05AA014629
S21400FCB809A807F0B5FB044698B1232805D1134ACE
S21400FCC80121042001F0CAFE09E0212801D1104ACA
S21400FCD8F6E70346012104200E4A01F0BFFE0FB0E6
S21400FCE830BD01232846194603AA26F04FFB05A96E
S21400FCF803A826F04EFD0546204626F039F918B129
S21400FD082946054807F0AEFD044AD9E7D3D90300CB
S21400FD18F6D9030031DA030052DA0300051E0400A0
S21400FD28F0B5D0E9023253F8221003EB82039B6841
S21400FD3805461F7887B038460E7826F0F9F8044648
S21400FD4808BBD5E9022101238DF80830194452F87A
S21400FD58210002EB810200888DF809709268ADF8E0
S21400FD680A00127804218DF80C2028460DF10D02A1
S21400FD7826F00CFB304602A98DF8154026F019FC33
S21400FD88044626F0C9F8334601210420024A0094A6
S21400FD9801F064FE07B0F0BD67DA03002DE9F04114
S21400FDA801218EB00220274A01F058FE002005AB3C
S21400FDB801AA09A926F0E5FC00250446224E234F91
S21400FDC8DFF898801CB128460EB0BDE8F081022006
S21400FDD82B463246214601F041FE204626F0C8F85A
S21400FDE810B10AA809F0C2F83A46002102209DF888
S21400FDF8303001F033FE424600210220079B01F016
S21400FE082DFE00210220BDF82030114A01F026FE02
S21400FE18BDF8143000210F4A022001F01FFE0135FC
S21400FE2801A826F0A0F8EDB2012102200A4A01F046
S21400FE3815FE284605AB01AA09A926F0A2FC044629
S21400FE48C0E700BF99DA0300DFDA0300E7DA030049
S21400FE58D5F50300FCDA0300051E0400F3DA0300F8
S21400FE682DE9F047064698B0C0B925F051FB07467D
S21400FE7800250EA826F08FFC01210220384A01F042
S21400FE88EDFD2C46DFF8E080DFF8E090DFF8E0A034
S21400FE98BC4205D3284618B0BDE8F0870127E7E737
S21400FEA813A826F078FC002E4CD0022306A913A827
S21400FEB88DF84C30FE2426F060FC00283FD102A9BD
S21400FEC813A826F060FC9DF8593043F001038DF81E
S21400FED85930002E3DD1234631460220214A01F0F2
S21400FEE8BDFD9DF859300AA943F0010313A88DF803
S21400FEF8593026F048FC002026F03AF810B114A82D
S21400FF0809F034F80C9B42460021022001F0A6FDB9
S21400FF18BDF82820002112F4007F0CBF4C23412393
S21400FF2812F0100F0CBF6E227922022000924A4669
S21400FF3801F094FD06A826F016F80135EDB2013456
S21400FF48E4B2A5E720460AAB06AA13A926F017FCD2
S21400FF58B3E752460021022001F080FDC1E700BF4A
S21400FF6806DB0300DFDA0300F3DA030042DB0300F4
S21400FF783BDB030030B5012499B00EA826F00BFC35
S21400FF8813A88DF8384026F0A4FBC0B9BDF84C106D
S21400FF9811EA040513D121460220444A01F05EFD09
S21400FFA829460220424A01F059FD214602203F4ACE
S21400FFB801F054FD214602203C4A01F04FFD06A9F7
S21400FFC80EA826F0DAFB20B11022FF2106A80DF0B5
S21400FFD80FFD04A826F0D9FB059B01210220354A0F
S21400FFE80093354B01F03AFD9DF8123001210220AE
S21400FFF8324A0093304B01F031FD00212E4B304A37
S214010008022001F02BFD06A825F0ADFF13A826F067
S214010018C2FB02230AA913A88DF84C3026F0B3FBBD
S21401002800283FD10B9B009301210220254B264A2D
S21401003801F014FD0121234B244A022001F00EFD94
S2140100480120FFF70DFF01211E4B214A022001F076
S21401005805FD0020FFF704FF044625F059FA23465C
S2140100680090012102201B4A01F0F8FC01211A4BDD
S214010078174A022001F0F2FCFFF790FE1749022802
S21401008803461748174A28BF0A46084928BF0146A3
S2140100980092CDE9013102200121134A01F0DEFC6C
S2140100A819B030BD4FF0FF33BDE700BF051E040091
S2140100B855DB030093DB03008BDB0300A3DB0300A4
S2140100C8320504005F130400B6DB0300C6DB030039
S2140100D8CDDB0300D6DB0300EADB030051DB0300BC
S2140100E89CFA0300EEFA0300F8DB030010B5D0E92A
S2140100F8023253F822301C78201E18BF012026F041
S214010108D4FA054A054B0020002C18BF1A46BDE84C
S2140101181040034908F0A8BF25DC030020DC0300D3
S2140101282EDC0300D0E9023210B553F822301C88C1
S214010138204626F0BCFA2246BDE8104000200149B8
S21401014808F092BF6FDC030037B5044607F0D2FA11
S214010158014638B100200D4A0D4903B0BDE83040CC
S21401016808F082BFE368A268013BDBB252F823308D
S21401017808481D780123084A00936C2D08BF0246DB
S2140101881023204626F0E3F803B030BDBDDC03009B
S214010198C5DC0300156A0020056A002013B58368CC
S2140101A89A681278672A22D101A826F092FA04469C
S2140101B8A8B9BDF80420174908F056FFBDF8043061
S2140101C8DA070AD413F0020F134B144A18BF1A465B
S2140101D81349002008F048FF19E0124AF8E70246DA
S2140101E81149002008F040FF22461049F1E7C2688D
S2140101F801A953F8220003EB82035B6800681B68B9
S214010208ADF8043026F06BFA04460028ECD102B0AB
S21401021810BD00BFF8DC0300EBDC03008F0604000A
S21401022819DD0300DBDC03002BDD030057DD0300CB
S214010238034A04491388C85401331380704700BF22
S21401024862550020875A002073B5154D01242B7876
S214010258144E13F0040F0CBF02230423124A21463E
S2140102681470328802200192EB5C104A0093104BFE
S2140102785B8801F0F3FB002102200E4A01F0EEFB39
S2140102880D4B2946009332882346022001F02CFCA8
S21401029821460220094A02B0BDE8704001F0DEBBE3
S2140102A8875A002062550020865A002066DD030022
S2140102B8545500208BDD0300ADDD0300051E040048
S2140102C870B516464FF48A52114B124DDA80598092
S2140102D8114B1B881A1E18BF012240EA82000F4ADA
S2140102E81278003A18BF012240EA0210287063B15A
S2140102F803246B701B0AAB7009F088FE631C285533
S214010308EE54074B02341C8070BD0124F4E700BF8D
S21401031854550020875A002060550020855A002031
S2140103286255002038B5D1E902320C46054653F825
S2140103382230024619880C4B1878FFF7C1FFE3688C
S214010348A268013352F82330188823F0C8FF4DB14C
S214010358E368A268023352F823301878BDE83840BB
S214010368FFF766BF38BD00BF825A0020F0B50546C4
S214010378EB68AA68023352F8233008461C782946E7
S21401038885B0FFF7CFFF204625F01BF9204E214FF9
S21401039878B3204625F021F90321441C03AA2846F0
S2140103A823F004F83288E4B2C2F1FF0303991B1B59
S2140103B89BB28B4222443CBFC2F1FF030393012345
S2140103C8032100933A449DF80C30284625F0BFFFD8
S2140103D8039A022C338804BF0F48110AFA5408BF3F
S2140103E8C15413441C44348005B0BDE8F040FFF7FF
S2140103F82BBF204607F086FE012332880446009369
S214010408032103463A44284625F0A1FF3388E9E745
S21401041862550020875A0020885A0020052307B510
S214010428012100930220044B044A01F017FB03B094
S2140104385DF804EBFFF79EBD94DD03009BDD03002A
S21401044813B5044626F041F938B1CDE9004001213B
S2140104580220034B034A01F001FB02B010BD00BFA6
S214010468BDDC0300B2DD0300194B37B51B783BB979
S21401047801210220174A03B0BDE8304001F0EEBA68
S214010488D0E90232144C53F8223001211D786388D2
S21401049802200093114A2B4601F0E0FA104B257111
S2140104A81B78104D63B1012102200F4A01F0D6FADC
S2140104B820460E4A298803B0BDE8304024F022BE03
S2140104C820460A4A298803B0BDE8304024F0DCBE3D
S2140104D8865A0020C9DD030054550020D7DD0300E5
S2140104E8835A002062550020EEDD0300875A00205B
S2140104F82DE9F041D0E9023253F8221003EB8203CA
S2140105085A680C7817889A68DB68B2F80080C6B013
S2140105181D780021304B0220304A0094CDE901783D
S21401052801F09CFA002D0CBF6E23792301210220CD
S2140105382B4A01F093FAFF23002D0DF1170606AD9D
S214010548019320460CBF8023402342463946029633
S214010558009525F07CFB0446002835D1307825F037
S21401056836F80746B0B1284625F0C1FC1D4BFD28D4
S214010578A8BFFD200093234682B20DF1190102207F
S21401058801F0B2FA01210220174A01F067FA46B0D3
S214010598BDE8F081307825F020F860B1284625F0CE
S2140105A8ABFCFD28A8BFFD200E4B82B200930DF1CF
S2140105B81A013B46E3E7307807F0A4FD0B4B0246E9
S2140105C8009329460123DAE7009001210220084B0F
S2140105D8084A01F043FADAE7FB13040008DE0300D1
S2140105E82DDE0300B3270400051E0400ADDD03005D
S2140105F8B5E6030037DE0300D0E9023253F82210CD
S21401060803EB82032DE9F04F5A680F78B2F80080A1
S2140106189A68C7B0B2F80090DA681B6992F800A029
S2140106281E7800212F4B304A0446CDE90189022065
S214010638009701F013FABAF1000F0CBF6E23792365
S21401064801210220294A009606AD01F007FAFF2289
S214010658002128460DF0CCF9304624F0B8FF834631
S21401066808B30023052100932046FD230DF1190246
S21401067825F06DFE2870BAF1000F0CBF80234023C9
S2140106884A4641463846CDE9005625F0ABFA0146BA
S214010698144807F0E7F801210220154A01F0DEF9AF
S2140106A847B0BDE8F08F304624F097FF60B1FD23D0
S2140106B805212046CDF800B00DF11A0225F047FEB7
S2140106C885F801B02870D6E70590304607F01AFD80
S2140106D8059A0346009205212A46204625F037FE4C
S2140106E8C9E700BFEE13040008DE030048DE030076
S2140106F8051E04002DE9FF471C465B68E5685B1B81
S21401070800255FFA83F803952E46FFF7D9FDEBB26D
S21401071898450BD90C9B9B5D282B39D8202B00F2CA
S214010728CB800136F6B2002B40F0C980FFF78CFD6E
S21401073804B0BDE8F087132A2FD801A151F822F09A
S2140107480F080100210801003308010067080100AD
S2140107583507010035070100350701003507010097
S214010768A3070100A3070100A3070100A3070100CF
S214010778A3070100A3070100A3070100A3070100BF
S214010788A3070100A3070100B30701008D080100B4
S214010798A3F13102D1B21329CDD90136F6B2A3F1AC
S2140107A84102032AC2D8422B6CD06C4F00213A88EA
S2140107B8DFF8B0A1C2F1FE039BB2FF2B28BFFF23CF
S2140107C801320091DBB22046524469B225F09BFD06
S2140107D83B880AF8030001331844388011E04FF0CB
S2140107E80409E368A2682B4452F823301F68F8B25C
S2140107F809F1FF39FFF71CFD19F0FF094FEA172722
S214010808F5D1013583E7E368A2682B4452F8233013
S2140108181878FFF70DFDF4E7E368A2682B4452F851
S2140108282330188823F05BFDEBE7E368A2682B44C6
S21401083852F823301F68B7F1807F09D2F8B2FFF764
S214010848F7FCC7F30720FFF7F3FCC7F30740E0E719
S2140108582B4601210820424A01F000F966E74FF0CD
S2140108680409E368A2682B4452F823301F68F8B2DB
S21401087809F1FF39FFF7DCFC19F0FF094FEA1727E2
S214010888F5D1BEE7294603AA204622F08FFD0021AE
S214010898324F344A3B88DDF80C9002EB030CCAB29F
S2140108A8914501F1010102D84B443B80A9E710F8B4
S2140108B802A00CF802A0F2E7242B3FF670AF013B2A
S2140108C8232B3FF633AF01A252F823F00F0801009D
S2140108D82108010033080100E70701003507010078
S2140108E83507010035070100350701003507010006
S2140108F835070100350701003507010035070100F6
S2140109083507010035070100350701000F0801000A
S21401091821080100330801006708010035070100B6
S21401092835070100350701003507010035070100C5
S21401093835070100350701003507010035070100B5
S2140109483507010035070100350701000F080100CA
S2140109582108010033080100E7070100625500205D
S21401096861DE0300875A0020094B1B7823B1012159
S2140109780820084A01F072B8D0E9023253F822304A
S214010988054A1B88012113800820044A01F066B82D
S214010998865A002087DE030060550020C9DE030062
S2140109A8D0E9023253F82230054A1B780121003B70
S2140109B818BF012308201370024A01F04FB800BF80
S2140109C8845A0020EFDE0300D0E9023253F82230C1
S2140109D8034A1B78012113700820024A01F03EB829
S2140109E8855A00201EDF030010B5D0E902320446FE
S2140109F853F82230132219880B4B1878FFF760FC3E
S214010A08E368A268013352F823301878FFF710FC20
S214010A18E368A268023352F823301878FFF708FC17
S214010A28BDE81040FFF710BC825A002010B5D0E987
S214010A380232044653F82230112219880B4B1878D3
S214010A48FFF73EFCE368A268013352F823301878B2
S214010A58FFF7EEFBE368A268023352F823301878F2
S214010A68FFF7E6FBBDE81040FFF7EEBB825A002011
S214010A78D0E9023253F82230034A1B78003B18BFEC
S214010A880123DB0013707047825A002010B5D0E9A5
S214010A98023253F82230044619880E4B062218787B
S214010AA8FFF70EFC0120FFF7C3FBE368A2680344C7
S214010AB852F82330188823F012FCE368A268023340
S214010AC852F82330188823F00AFCBDE81040FFF7D7
S214010AD8BBBB00BF825A00202DE9F043D0E90232A1
S214010AE84FF0FD09013253F8221003EB82035A68CE
S214010AF8C7B017889A68B1F80080147853F8043C90
S214010B08002C0DF1170506AE18783A4614BF402397
S214010B18802341460295CDF80490009625F097F873
S214010B28034638B1184A0121082000F097FF47B05C
S214010B38BDE8F083201E18BF01200A224146C000E6
S214010B48FFF7BEFB384623F0CAFB2878FFF770FB91
S214010B584A463146287824F0E8FC044628B10B4F6B
S214010B683D88C5F1FF03984202DD2346084ADAE7C5
S214010B78024608483146284425440DF0C9F83D8008
S214010B88FFF762FBD3E700BF54DF0300625500207E
S214010B9870DF0300875A002010B5D0E902320446F8
S214010BA853F82230082219880B4B1878FFF788FB70
S214010BB8E368A268023352F823301878FFF738FB47
S214010BC8E368A268013352F82330188823F087FBBC
S214010BD8BDE81040FFF738BB825A002073B5D0E94C
S214010BE802320546023253F8221003EB820353F809
S214010BF8042C53F8083C0C781988234B1688187867
S214010C080622FFF75DFB0020FFF712FB304623F0B4
S214010C1866FB2046FFF70CFBEB68AA68033352F81D
S214010C282330188823F05BFBEB68AA68043352F874
S214010C382330188823F053FB204609F0E7FBE8B970
S214010C48204607F05FFA05210446019001AA2846C6
S214010C5822F0ACFB019B01469C4206D02246314657
S214010C680A480BF0A7FD02B070BD094D09482E8849
S214010C782246304434440CF00DFF2C8002B0BDE807
S214010C887040FFF7E1BA00BF825A00209CDF0300DC
S214010C9862550020875A002073B5D0E902324FF416
S214010CA88A5153F82230104D1A88104BD9805A8031
S214010CB800232A4600930121FF2325F048FB2B78C1
S214010CC8044613F0040F0A4B08BF01261B7818BF09
S214010CD8032613B109F09AF9A855064B1C8002B0F1
S214010CE8BDE87040FFF7B0BA875A00205455002077
S214010CF8845A002062550020D0E9023253F8223087
S214010D08034A1B78003B18BF01231370704700BFC6
S214010D18835A002010B50C4608B908F003F9024BAF
S214010D2818715C7110BD00BF5455002002462DE9AC
S214010D38F341D0E90253526855F82310D21A0C88A9
S214010D4805EB8301013BDBB255F82380294D022AC6
S214010D584868C8BF8A682B78D8BFFF210078C8BF03
S214010D6811783BB901210220234A02B0BDE8F041BF
S214010D7800F074BEFFF7CEFF06F0E4FC1F4F204ECE
S214010D883B880146224600931E48334625F04CF818
S214010D980246C8B998F804103B885F2917D1CDE9EF
S214010DA800364FF6FF712046164B24F09FF928B1FE
S214010DB8034601210220144A00F050FE0023134A7C
S214010DC82B701380124A137002B0BDE8F0814FF6FB
S214010DD8FB718C4208D9CDE900362146094B4FF6FE
S214010DE8FF7024F0E1F9E2E72146064A009624F06E
S214010DF80DFADCE7865A0020E7DF0300625500207B
S214010E08875A002054550020EEDF03006055002065
S214010E18855A0020002210B50A2104461046FFF71D
S214010E284FFA002023F05BFA0122044B1A70FFF7F1
S214010E380BFA2046BDE81040FFF778BFB05F0020E8
S214010E4838B51C4615460123224625F09FFA60B997
S214010E582146284625F063FC044620B101210420DA
S214010E68034A00F0FBFD204638BD0024FBE700BF1F
S214010E7815E003002DE9F0430C4615461F46D0E958
S214010E88022352F8231002EB830293680E8893F824
S214010E980080D3688BB0B3F800903246012106ABC8
S214010EA8FFF7CEFFF0B90DF1200CF4B101232A8823
S214010EB84021CDE902C2CDE90471CDE90093222192
S214010EC8434606AA304625F098FA0B4B0B4A009380
S214010ED80B4B0190002C08BF134601210420094A38
S214010EE800F0BCFD0BB0BDE8F0836246286869686F
S214010EF8032303C22246DBE774E0030059E003003C
S214010F0853E0030061E0030007B501236A460021A8
S214010F1825F03CFA6846034908F0C8FD03B05DF8B9
S214010F2804FB00BF15FA0000D0E9023253F822305C
S214010F380149188808F08CBD15FA000010B5D0E9EB
S214010F48023203EB8201496853F8223009784FF4DC
S214010F588A52188825F041FABDE810400346012157
S214010F680420014A00F07ABD7EE00300D0E902328F
S214010F7853F8223002214FF48A5210B5188825F00A
S214010F881EFABDE81040034601210420014A00F07C
S214010F9865BD00BF97E003001FB5D0E9023203EB39
S214010FA8820153F82230496818884FF48A53098811
S214010FB80293094B094A0193094B1B78009312784F
S214010FC8084B25F072FA012103460420064A05B0AB
S214010FD85DF804EB00F042BD64550020875B0020F5
S214010FE8865B00206E550020AEE003002DE9F04335
S214010FF8D0E9023253F8221003EB82035A680E88AE
S21401100817789A68DB688BB092F80090B3F800807E
S2140110183246042106AB0446FFF712FF28BB08AD8B
S21401102801232A460521204625F0B0F938B90420BF
S21401103801210F4A00F012FD284624F057FA4FF412
S2140110488A53CDE904930023CDE9025303232121D2
S214011058CDE9008306AA3B46304625F0CEF90121A4
S2140110680346044A042000F0F9FC0BB0BDE8F083FF
S214011078C6E00300F5E0030038B5D0E9024303F102
S2140110888043023B02220F4954F823009D000CF0CE
S214011098FBFF60B90C4B0D491A78042A0BD82C446F
S2140110A8A068008821F8120001321A7038BD084B72
S2140110B808491A78F1E70121BDE838400420064AB4
S2140110C800F0CCBC230C0400875B00206E55002082
S2140110D8865B00206455002007E1030008B5C36855
S2140110E8806803F18043023B0222064950F8230038
S2140110F80CF0CAFF10B9044B187008BD0022034B48
S2140111081A70FAE7230C0400875B0020865B002030
S21401111837B5D0E9023153F821208C00157842689A
S214011128521A012AC5BF1B195B686C091C78DCBFFB
S21401113844F0180405F01F052946204625F079F8DD
S214011148034640B12346012104200E4A009500F0CB
S21401115885FC03B030BD0121A94074B92346FE229F
S2140111684FF6FF7025F0F9FA012103460420064AD6
S21401117803B0BDE8304000F071BCFE2241EAC4610C
S214011188EEE700BF1DE103003DE1030070B5D0E9BD
S214011198021551F8253001EB8501044618884B687D
S2140111A81A788B68052A1B8802D85E1E072E0BD96B
S2140111B8012104200C4A00F051FCBDE870400121D1
S2140111C804200A4A00F04ABC6468641B032CCABFA0
S2140111D8C9680749096825F0C0FABDE870400246A3
S2140111E80449002007F05ABF5BE103007BE10300D6
S2140111F800F8FF0798E1030008B5D0E9023253F872
S214011208220003EB82035968FF22038809684FF618
S214011218FF7025F0A2FABDE8084002460149002001
S21401122807F03CBFABE1030008B5D0E9023253F83A
S214011238223005214022188825F0C1F8BDE808406B
S21401124802460249002007F029BF00BFCCE103008F
S21401125808B5D0E9023203EB8201486853F8221038
S214011268027840230988312025F0FCF8BDE80840BB
S21401127802460249002007F011BF00BFEDE1030056
S21401128808B5D0E9023203EB8201486853F8221008
S214011298027840230988332025F0E4F8BDE80840A1
S2140112A802460249002007F0F9BE00BF07E2030024
S2140112B81FB5D0E9023253F8221003EB82039B686C
S2140112C808881A780023D21A18BF0122CDE90233FA
S2140112D802A94023D20125F0D4F801210090044B3D
S2140112E80420044A00F0BAFB05B05DF804FB00BF11
S2140112F874E0030025E2030007B5D0E9023253F88B
S214011308223003214022188825F059F8012100903F
S214011318034B0420034A00F0A1FB03B05DF804FB6D
S21401132874E0030034E2030037B5C3688268053306
S21401133852F8233004211D786A460123044625F015
S21401134825F838B904200121064A00F087FB6846CB
S21401135824F0CCF82B466A4600212046FFF78AFD82
S21401136803B030BD4EE2030007B5D0E9023203EB05
S2140113788201486853F822100278402309883220EF
S21401138825F070F801210090034B0420034A00F071
S21401139865FB03B05DF804FB74E003007FE203001D
S2140113A870B585690446EA0705F0020605D476B1E4
S2140113B8C5F3072024F0BCFD09E01EB1B2210F4891
S2140113C82BF0D9F8A069C0F3810024F0A0FDE369E9
S2140113D81BB9BA2109482BF0CEF8204614F098FB21
S2140113E8E3693EB1607E9847AB0706D0BDE870401A
S2140113F824F092BD20469847F6E770BD94E20300B4
S21401140808B514F079FE28B1BDE80840472102481E
S2140114182BF0B1B808BD00BF94E203002DE9F041F6
S214011428FF2B04460F4690461D469DF8186005D0CA
S214011438FF2E03D0D52111482BF09DF80023FF2D50
S21401144818BFAD000E4A1CBF45F00105EDB222607B
S2140114580C4AC4E9063818BFA561FF2EC4E9012362
S2140114682361E76007D0A36943F0020323F47F43AF
S21401147843EA0623A361BDE8F08100BF94E20300B6
S214011488043D0020A9130100002310B5054C036193
S2140114980460054CC261C0E901430123C160836150
S2140114A810BD00BF043D0020A913010070B5866970
S2140114B8044606F00303032B0D4603D1FC2114480A
S2140114C82BF059F8FF2D16D0B20704D440F20111BB
S2140114D80F482BF050F8284624F0C8F9FF2805468F
S2140114E804D14FF482710A482BF045F82DB204EB6B
S2140114F84514204670BDF307FBD5A36913F00C0FFE
S214011508F7D040F20B1102482BF035F8F1E700BF8F
S21401151894E203000023054AC0E90631036102602C
S214011528C360034A034B426083607047043D002052
S214011538A9130100E55A0200014827F0EFB800BFD9
S214011548043D0020014827F0F5B800BF043D0020FF
S21401155813B50E4827F0BCF822F044FF26F07AF8B7
S21401156826F09CF826F0A6F8FCF728FF0446FCF7B8
S2140115783FFF2346009001210420054A00F06EFA39
S21401158802B0BDE81040FCF71FBF00BF043D0020B5
S21401159827E30300022808B503D12AF0E5FF014B2B
S2140115A8186008BD343D002008B50DF08FF80122FB
S2140115B8044B1A702BF061F8BDE80840024903484D
S2140115C8FDF7C4B8895B0020C8640020383D0020B8
S2140115D8014B1870704700BF885B0020024B1878D3
S2140115E808B106F093B87047256A002008B5074B7E
S2140115F81B780BB1002008BDFFF7F0FF0028F9D1D2
S21401160806F05EFC023818BF0120F4E7885B00206C
S21401161870B5FFF7EBFF174D20B1FFF78DFF0428D4
S214011628044613D82B781BB92BF027F801232B7007
S21401163822F0E6FE0446D8B12B781BB9F7210E48EE
S2140116482AF099FFBDE87040FFF776BF22F0DAFE70
S2140116580028E7D02B785BB12AF0F9FE0646002170
S214011668012029F02FF930462AF0ECFE00232B70D2
S214011678204670BD895B002048E303001FB5FFF7CD
S214011688C7FF0446FDF740FAA04228BF204688B1A6
S21401169803A929F033FD034638B9CDE90000064A07
S2140116A8039906482AF07CFF18B18E2104482AF0CF
S2140116B862FF012004B010BD07440300143D00205A
S2140116C848E303000D4B70B51B780D4D0D4C0121F9
S2140116D8002B0CBF2B46234602200B4A00F0BEF90E
S2140116E80A4B01211B780220002B0CBF2B462346F0
S2140116F8BDE87040064A00F0B1B900BF256A00206F
S214011708420C0400610C0400DEE30300885B002041
S214011718FDE3030010B5D0E9023253F82230022067
S2140117281B780121002B15BF01240024044A054A11
S21401173800F094F92046BDE81040FFF749BF00BF06
S2140117481CE4030039E40300D0E9023253F82230DE
S214011758034A1B78003B18BF01231370704700BF6C
S214011768256A002038B50125084B1D702AF06FFE42
S21401177804462946284629F0A5F820462AF062FE9E
S214011788BDE8384002490348FCF7E0BF8A5B002001
S214011798D0640020603D002070B514F033FD10F0D1
S2140117A8070F1D4D11D02B785BB901262E702AF034
S2140117B84EFE04463146304629F084F820462AF083
S2140117C841FEBDE8704014F0EDBA24F0AAFF0228E5
S2140117D803D1124B1B78032BE5D914F013FD18B966
S2140117E80E4B1B78032B14D814F0DCFA0446002899
S2140117F8D9D02B785BB100262E702AF028FE054634
S2140118083146012029F05EF828462AF01BFE2046BC
S21401181870BD4FF0FF34ECE78A5B002011600020B2
S2140118281FB5FFF7B9FF0446FDF76EF9A04228BFBA
S214011838204688B103A929F061FC034638B9CDE9E9
S2140118480000064A039906482AF0AAFE18B18C2118
S21401185804482AF090FE012004B010BDE1480300B8
S214011868403D002058E4030010B5094C0949002002
S21401187807F0FAFB23681B68587924F02DF82368CB
S2140118881B68587923F031F805F066F9002010BD79
S214011898C0420020E6E4030008B524F032FF024601
S2140118A828B1BDE808400020014907F0DDBB08BDA6
S2140118B809E5030008B524F03AFF024628B1BDE859
S2140118C808400020044907F0CFBB5422BDE8084071
S2140118D8FF2102480CF08CB821E50300785500205A
S2140118E838B504460D4624F026FF024628B1BDE861
S2140118F838400020034907F0B7BB034B23F81450C0
S21401190838BD00BF3FE50300785500202DE9F341B7
S21401191800240C4E0C4DDFF838800C4F56F8043B6B
S2140119280BB9D8F8003035F8022B3946009200205A
S2140119382246013407F098FB2A2CEFD102B0BDE805
S214011948F08100BFDC640020CC5500205BE5030075
S214011958D864002008B52A21034824F0E4FEBDE82F
S2140119680840FFF7D3BF00BFCC55002007B5D0E924
S214011978023253F822301A78292A0DD8084B53F820
S21401198822300BB9074B1B680749002031F81210A3
S2140119980091064907F068FB03B05DF804FB00BF39
S2140119A8DC640020D8640020CC5500205BE50300E9
S2140119B808B52A21034824F0B8FEBDE80840FFF719
S2140119C8A5BF00BFCC55002038B5D0E9023253F880
S2140119D8221003EB82035B680C781D8800200449FB
S2140119E807F042FB29462046BDE83840FFF778BF96
S2140119F866E503002DE9F34100240C4E0C4DDFF893
S214011A0838800C4F56F8043B0BB9D8F8003035F837
S214011A18022B3946009200202246013407F024FBA7
S214011A282A2CEFD102B0BDE8F08100BFDC640020AB
S214011A38785500205BE50300D864002010B50246FF
S214011A4822F069FF20B9044C236811B113432360BF
S214011A5810BD23EA0203FAE7886500200CB413B523
S214011A6802460C4622F057FF60B9094B1B681A421A
S214011A7808D005A9049801910AF0B0FE14B10548EA
S214011A8825F076FD02B0BDE8104002B0704700BFF1
S214011A988865002065E80300034610B5D3E90232DD
S214011AA853F8223008461C78211E18BF0121FFF77B
S214011AB8C5FF014648B9084A084B0220002C08BF52
S214011AC81346074AFFF7CAFF10BD00210220054A40
S214011AD8FFF7C4FFF8E700BF64D403005CD4030033
S214011AE867E803007DE803002DE9F04105461F4637
S214011AF80C46DFF82C808E18B44201D1BDE8F0817F
S214011B080021284614F8013B069AFFF7A7FF002F85
S214011B18F2D0424600212846FFF7A0FFECE700BFB7
S214011B28F1DA03000021024A0248FFF7ADBC00BF04
S214011B38C11B0100683D0020FF21014822F044BC7A
S214011B48683D00200022034BFF2103481A7022F04B
S214011B5834BC00BF8B5B0020683D002013B5114CD8
S214011B682378032B13D8009300230F4A18460F49EE
S214011B7807F07AFA237842F21072002B08BF002287
S214011B88FF210B4802B0BDE8104022F005BC002238
S214011B980849104607F068FA02B0BDE81040FFF79A
S214011BA8D1BF00BF8B5B00208EE80300A0E80300CE
S214011BB8683D0020AAE80300F0B52B4D8FB02B78BE
S214011BC823B309A824F0E7FD022309A88DF82430D9
S214011BD824F0CFFD01AA06469446244B03F11007CC
S214011BE8144618685968083303C4BB422246F7D11D
S214011BF805AA17461E4B03F1100E144618685968B5
S214011C08083303C473452246F7D1E6B1012409A86F
S214011C1824F05DFD28B9BDF8243013F0020F18BF73
S214011C2801242B781349002B4FF000034FF0A00234
S214011C3808BF1946204624F024FD90B92B780133B5
S214011C482B700FB0F0BD614609A824F094FD00285A
S214011C58DCD1394609A824F08EFD04460028D6D0E2
S214011C68D4E7FFF77BFFECE78B5B0020707004007E
S214011C788070040000F8FF0710B50020324907F00D
S214011C88F3F908220020314907F0EEF9304B314AC2
S214011C981978314B0020002918BF1A462F4C3049B5
S214011CA807F0E2F9002024F032F92368002B47D028
S214011CB81B78022B44D900222A4B10462A4907F0E2
S214011CC8D3F922F06FFE29490246002007F0CCF925
S214011CD800F0D0F826490246002007F0C5F9236827
S214011CE81B78032B2CD900F0D5F822490246002090
S214011CF807F0BAF900F0DEF81F490246002007F09F
S214011D08B3F900F0DFF81D490246002007F0ACF9E8
S214011D1800F0A4F81A490246002007F0A5F900F0D9
S214011D28D7F8184C184954F82020002007F09CF9D9
S214011D3800F024F9154954F82020002007F094F9FA
S214011D48BDE8104024F0E8B8CCE80300E8E8030052
S214011D588C5B0020420C0400610C0400FC4100204E
S214011D680BE9030032D6030026D6030027E9030051
S214011D784BE903006FE9030093E90300B7E90300A1
S214011D88DEE903008C65002005EA030028EA030063
S214011D9808B5D0E9023253F82230187840B100204D
S214011DA8074907F061F9BDE80840802000F034B81B
S214011DB8044907F059F9BDE80840802000F046B804
S214011DC84BEA030068EA0300D0E9023253F82230EE
S214011DD8034A1B78003B18BF01231370704700BFE6
S214011DE88C5B002018220021094BC3E900121A7BDC
S214011DF80AB9084A9A601A7C12B94FF47A72DA81DB
S214011E0840F6B8325A8200229A829A75704700BF05
S214011E18883D0020E09304000A4B10B51B687BB18F
S214011E281B78032B02D8B0F5007F09D1064C23682E
S214011E38034323606368184202D02AF090FBA0820D
S214011E4810BD00BFFC410020883D0020024A1368EF
S214011E5823EA000313607047883D0020014B186889
S214011E68704700BF883D0020014B9868704700BF47
S214011E78883D0020024B9868FA23B0FBF3F07047C0
S214011E88883D00200122024B98601A73704700BFF4
S214011E98883D0020024BD889FA23B0FBF3F070473F
S214011EA8883D00200122024BD8811A74704700BF72
S214011EB8883D0020024B588AFA23B0FBF3F070479E
S214011EC8883D0020014B5868704700BF883D0020B8
S214011ED82DE9F84300244FF00C08104B104F9D7D58
S214011EE8104E3988E3B28B4202D32846BDE8F88300
S214011EF808FB03F3F05C06EB030924F00FF850B96E
S214011F08FF21D9F8080022F05FFA20B199F80530C8
S214011F189D4238BF1D460134E3E700BF883D0020D7
S214011F28CA69002010660020124B10B51B68124CB7
S214011F38EBB11B78032B02D823689B0517D52AF02B
S214011F480EFBA38AC01A638A80B283423EBFD4E9D5
S214011F5800329343236024F05EFB08B1E08910BD8C
S214011F682368002BFAD1FFF7B3FF0128F6D0A06843
S214011F78F5E700BFFC410020883D0020014B987D15
S214011F88704700BF883D002038B504460D462AF044
S214011F9897FB244B1B7813B1204622F0FEFC402CFD
S214011FA827D006D884B13F2C18D0BDE8384023F096
S214011FB8B3BF4C3C0C2CF8D81B4B2341DB07F4D49D
S214011FC80220FFF743FFF0E74FF40070FFF73EFFEC
S214011FD80220FFF721FF154B1C71E6E74FF400704E
S214011FE8FFF734FF0220FFF731FF00220F4B1A716B
S214011FF8DBE723F014FF0028D7D10C4C0220237905
S21401200801332371FFF722FF4FF40070FFF704FF37
S2140120182379AB42C9D322F0C1FC0028C5D122F0EE
S21401202896FCC2E78C5B0020FEEEFFFFA03D002079
S21401203810B505F05FFB02280AD124F0C8FA03465A
S21401204830B1BDE8104000220249104607F00CB82E
S21401205810BD00BFB4EA03000021024A0248FFF798
S21401206813BA00BF39200100A83D002038B500206A
S21401207823F04DFF124B1B6893B11B78022B0FD927
S21401208805F038FB022816D10E4C2568FFF74CFFE1
S214012098A842206008D0FF2122680B4822F07CF96C
S2140120A8BDE8384023F038BFFF21074822F08CF9F5
S2140120B80028F5D1EFE7FF21034822F07EF9EFE784
S2140120C8FC410020A03D0020A83D00200246024910
S2140120D8002006F0C9BF00BFC8EA030010B5234CAC
S2140120E82348FF2122F069F9207802281ED0032808
S2140120F82ED0012804D02120BDE81040FFF7E6BF06
S2140121081C4B19780029F7D002231B4A2370137831
S214012118052B0EBF00230133DBB29942137003D19E
S214012128052313700020E7E7052BFBD0124B1B781D
S214012138052B02D103232370DDE7104A104932F834
S214012148230007F085FC032323700028D4D110BD93
S214012158094B0C4A1878094B03EB8001897833F848
S214012168200007F045FC0123EEE700BF8D5B002049
S214012178C83D0020965B0020276A002020560020D4
S2140121886D230100192301002DE9F04F0D46144671
S21401219895B00490112200210FA89946DFF86C81AA
S2140121A80BF026FC04EB45030393D9F800301C2BEF
S2140121B802D0039B9C4202D115B0BDE8F08F0123E3
S2140121C8DFF844A18DF81C3023884C4AADF81E3040
S2140121D89AF800304A4D08EB83039B7828788DF8E7
S2140121E8203013688DF81D00CDF821305368CDF8DE
S2140121F8253023F093FE049B8DF829002188287842
S214012208002B4AD123F059FB002844D09AF8003015
S2140122180FAA38F8230007A922F0CEFB00283AD0E7
S21401222823F078F94FF0000B074606461C255FFA9F
S2140122388BF2974234D8B7422BD99DF81C30032B22
S2140122481AD10FAB0193BDF8213000220421009367
S21401225801202C4B06F08EFD9AF8003008EB83031C
S2140122689978274B187806F001FE9AF80030002076
S21401227838F8231023F0A7FD5DB107A9304624F0EE
S21401228898F9214B05461B78304638F8231024F078
S21401229892F9C9F80050023487E723F005FBB3E743
S2140122A810460BA9059224F080F930B99DF82C1038
S2140122B831B9059AB74208BF16460BF1010BB6E7C6
S2140122C8BDF82E00BDF81E209042F6D19DF83000CC
S2140122D89DF820209042F0D19DF81C208A42ECD12E
S2140122E8032A14BF082202220DF121010DF1310043
S2140122F80BF0CAFE002808BF0025DEE78E5B00202B
S214012308266A002045ED0300276A00202056002093
S21401231813B503460020114A9C6812780190052AD5
S21401232803D01B78032B00D12CB9012002B0BDE8DD
S2140123381040FFF7CBBE6268217801ABFFF724FF98
S214012348217A0120E26801ABFFF71EFFFF2104484E
S21401235802B0BDE8104022F028B800BF276A002066
S214012368C83D0020094B1B78052B02D00378032BA8
S21401237802D00120FFF7AABE8168054A0B68054806
S21401238813604B68FF21536022F00FB8276A0020BC
S2140123988E5B0020C83D002038B50024114B124D35
S2140123A81870124BFF211C702C7006F05FFD01227D
S2140123B8032110460E4B06F0DDFC4FF6FF71224650
S2140123C8084623F003FD044648B940F6B832FF2113
S2140123D8084821F0E1FF01232B70204638BDFFF79E
S2140123E875FEFAE7266A00208D5B0020965B0020C2
S2140123F8051E0400C83D0020144BF0B51A681449A0
S21401240813680978587988420BD11249D788084643
S2140124180022114D1E792B78D4B2A34203D8052C7D
S2140124280AD10020F0BD0C88BC4202D18C78B44297
S214012438F7D001320431EFE7A342F2D120F8227037
S214012448013300EB820086702B70EAE7C042002059
S214012458266A002020560020965B0020FF2307B539
S2140124680021044A04480093FEF7D8FF03B05DF83C
S21401247804FB00BFE5200100C83D00201FB5B423BA
S21401248803210446ADF80E3023F00EFA98B1212345
S21401249820460093002203210DF10E0323F0B3FB1F
S2140124A804460020054B064A0649009406F0DCFD62
S2140124B8204604B010BD8624F3E700BFF2EA030005
S2140124C8FFEA030014EB0300D0E9023253F8223086
S2140124D8034A1B78012113700220024AFFF7BEBA8D
S2140124E83F6A002023EB03000122014B1A70704754
S2140124F83F6A00200A4B90F805111B7890F80821CE
S21401250819448A42BCBFB2FBF3F103FB11234FF017
S214012518FF32B8BFDBB202FA03F380F80A3170471C
S2140125283F6A00202DE9FF410446057F867EDFF8D5
S21401253870806E43237F98F8002013449D4212DB77
S214012548607F60B9238B029363690193237C0093B0
S2140125586288A31D217805F095FDFF2323700020CE
S21401256804B0BDE8F081E37EAB42E9D9A77E228BB1
S214012578F1199142A4BF921BD7B205EB0323E3815D
S2140125883A4633462946204622F030FA0028E7D153
S214012598637F3744013301356377BEB2EDB2C9E7CD
S2140125A83F6A002037B5054624F031F80D4B04463E
S2140125B81B6869461B78032B82BF0B4B1B881B18AD
S2140125C8284688BF9CB224F0AAF838B9684624F091
S2140125D820F818B9044B1B8823449CB2204603B044
S2140125E830BD00BFFC410020CE690020084B1B7897
S2140125F8FF2B0BD1074B1B78FF2B07D1064B1B78FC
S214012608022B03D04FF48070FFF720BC704700BF41
S21401261894650020183F0020E83D002010B50446C8
S214012628FF2121F0CAFE054B9C4202BF0023A4F5F8
S21401263888742370BDE81040FFF7D8BFF83E002025
S2140126482DE9F0479A462A4B81461B788846164656
S214012658BDF82050002B49D0FF2D3ED938252846F5
S214012668BDE8F087234B0C223146A01D636184F830
S2140126780090A4F802800BF00DFAA289414642F4B4
S214012688004242F040022046A28122F0C1F92A46C1
S214012698514660690BF0FEF941464846A21D25835E
S2140126A823F009FDA0760028D8D00544013DB5FBE6
S2140126B8F0F0FF28D2DC0023E0762046A383FFF75C
S2140126C831FF054680B923794FF48070B372FFF75E
S2140126D8A3FB227C099B1A80C1E7074C2778FF2FAA
S2140126E8C0D040F60345BAE72770F2E70225B6E7F9
S2140126F83F6A0020985B0020183F0020B0F906309A
S21401270810B5002B25DA144C2278237CFF2A02D038
S214012718827A9A4207D0114C2378FF2B17D0827AF7
S214012728237C9A4213D169B9637F013BDBB2637795
S2140127385BB90B4A237F1278204613442377FFF7A9
S214012748F1FE0146204622F072F9FFF74FFF0120FD
S21401275810BD0020FCE700BF183F0020946500204C
S2140127683F6A00202DE9F04F9A46B1F9063091B03C
S214012778002B0D461746DDF86880049080F2298103
S214012788B8F80030FF2B04D94FF4B871A64829F0E1
S214012798F2FEA64B00241A7893F80401B3F8021146
S2140127A8002A40F0A5802E7AA14A1278B24240F259
S2140127B8AF800222A3F802711A70AA7AFF2483F85E
S2140127C804210022A3F8084183F80521A3F806216D
S2140127D8B8F80020954883F80C21FFF78BFE384699
S2140127E8FFF7E0FE214600EB4002924821F0D4FDB7
S2140127F84FF48070FFF710FB8C4C94F80A91B9F1EE
S214012808FF0F20D18A4A94F8053112781344B3424F
S21401281819DC94F80C1184F80531B4F80631204611
S21401282801FB0233A4F80631FFF764FE0122824B4E
S21401283838461A70FFF7B6FE494600EB400204F523
S214012848887021F0A9FD94F80531B34260D8DFF805
S214012858E0B19BF800C00CEB0302964258DA7649C1
S21401286894F808210878013A002853D0964205DAE8
S214012878B8F8002084F80C2100220A70B6FBFCF98F
S21401288801220CFB196994F80A015FFA89F902FA20
S21401289809F2D1B2024076B92889000A844584F83B
S2140128A8080108D92046CDE906210593FFF722FE3F
S2140128B8DDE90621059B94F80A01014384F80A110B
S2140128C882B994F80921B4F806C1013284F80921BD
S2140128D8B8F80020DAF800100CEB0200FF2826DD15
S2140128E80323237094F80831013B9E4230D138E027
S2140128F8AE7A864202D18F4200D11C462E7A002C2F
S2140129087FF47BAF002A3FF44FAF012A3FF44CAF68
S21401291801205FE09642B1DA94F80C1198F800208D
S2140129289142ABD004F58870FFF778FEF0E794F88B
S2140129380CE1F31A0EFB03C3A01C10FA83F00592F0
S2140129480BF0A8F894F80831059A013B9E4244D04A
S214012958012394F80A2103FA09F3013B1343FF2BD9
S21401296804D122462946384622F053F894F808310D
S21401297894F809219A42CBD19BF80030B2FBF3F1C7
S21401298803FB112212F0FF0218BF13462278022A0F
S21401299826D1264A023410785178012804BF01311D
S2140129A85170012224F8022CEA88B4F8041122F0A6
S2140129B84002EA8094F809210A44591E94F80A311B
S2140129C813FB01F31344A8F80030CAF80040FFF7D8
S2140129D80DFE002011B0BDE8F08F84F80B21C0E78A
S2140129E86979002994D0032A92D1B4F8062194F87B
S2140129F80B1108AE11445A1E94F80C31284613FBE5
S214012A0802F30B4400219BB2A21CA8F80030CAF8B6
S214012A180020CDE900710296049907F005FD892189
S214012A28304623F045FB7DE74AEB0300E83D0020EE
S214012A383F6A0020F83E0020975B002013B5044645
S214012A4818B101280BD002B010BDFF230146009330
S214012A58064A0748FEF7E2FC064B1C70F3E7FFF749
S214012A6843FDFF22044B1A70EDE700BF252601003F
S214012A78F83E0020E83D0020183F002013B501A9C4
S214012A8809F076FF044648B9BDF806309DF80420DB
S214012A98034906F0E9FA204602B010BD8120FBE79B
S214012AA8E1EB030013B5694609F06EFF044688B9E1
S214012AB8BDF802309DF80020074906F0EFFA2046D7
S214012AC8019906F043FA2046044906F0CDFA204655
S214012AD802B010BD8120FBE705EC03002BEC0300D8
S214012AE837B5694609F074FF044618BB9DF80130EE
S214012AF89DF80020104906F0D1FA104D9DF80120E6
S214012B08E3B29A4206D800200D4906F0ADFA002035
S214012B1803B030BD0198630003F4FF73022200215D
S214012B28184423F0DEF929460246002006F0B6FAD4
S214012B380134E3E78120EBE72DEC03005CEC0300AE
S214012B48051E040013B501A909F018FF044648B983
S214012B58BDF806309DF80420034906F085FA20469C
S214012B6802B010BD8120FBE766EC030030B50024F7
S214012B780B4D85B06946E0B223F017FD50B99DF8B4
S214012B880030032B06D12946BDF805309DF80120F3
S214012B9806F06AFA0134202CECD105B030BD00BF2E
S214012BA88DEC030008B50020034906F05DFABDE880
S214012BB80840FF2000F0DEBA9FEC03002DE9F04F35
S214012BC885B006460D46174621F071FF044640B10A
S214012BD830463A46294621F054FF002005B0BDE8A4
S214012BE8F08F4FF003094FEA15285FFA84FA694611
S214012BF8504623F0DAFCB8B99DF800B0BBF1000FD7
S214012C0812D1694650468DF800908DF805508DF81A
S214012C1806808DF8016023F0CCFC02460028D7D048
S214012C285846064906F020FA0134202CDDD100204A
S214012C38034906F019FA8920D0E700BFB4EC03006F
S214012C48DBEC03001FB5002304468DF80F3021F096
S214012C5819FF28B19DF80F3063F07F038DF80F3008
S214012C68182301930DF10F0300220093042140233A
S214012C78204622F0B7FF024618B10020024906F0A6
S214012C88F3F904B010BD00BFF6EC03001FB502A9A6
S214012C9809F08CFE044688BBBDF80820184906F0E2
S214012CA8FDF92046039906F051F92046154906F024
S214012CB8DBF94FF6F672BDF80810134C4B1E9BB2A3
S214012CC8934219D82368039A1B685879FFF776FF49
S214012CD823681B79012B0BD8BDF808300022CDE9F3
S214012CE800030421094B092006F044F823F0DAF919
S214012CF86FF0FF0004B010BD8720E9E78120F9E7EF
S214012D0815ED03002BEC0300C04200202CED030058
S214012D1870B504468AB005AD1122002128460AF08E
S214012D2867FE204604A909F035FE044600283AD174
S214012D381E4EBDF810201E4906F096F93268137922
S214012D48012B28D84FF6F670BDF810104B1E9BB213
S214012D58834224D81368587921F0A9FE08B333684A
S214012D682A461B68BDF81010587921F089FEBDF86F
S214012D78103001220421CDE9004309200D4B0295AC
S214012D8805F0F8FF23F08EF9034620B100200A4A21
S214012D980A4906F069F96FF0FF000AB070BD87248A
S214012DA8E5E78B24E3E78120F7E700BFC042002070
S214012DB82FED030044ED030048ED030053ED030037
S214012DC82DE9F0479AB004A909F0FCFD044600284D
S214012DD840F0B5809DF810205B4906F05FF925465E
S214012DE85A4E9DF81020EBB29A4254D80020584902
S214012DF806F03AF99DF81050002D40F099802C46BF
S214012E082E46544F06A9F0B223F0CFFBC8B99DF859
S214012E181830032B15D13B689DF819201B685B7980
S214012E289A420ED19DF81D2005F168036B4403F8FC
S214012E38402C9DF81E200235013403F83F2CEDB2D4
S214012E48E4B20136202EDDD19DF810300BB1002CEE
S214012E5877D00AABCDE90143FF2302220421009370
S214012E6809203D4B039505F085FF23F01BF9034622
S214012E7860B19DF81020002A5FD0384A3849002CE6
S214012E8808BF0A460020374906F0EEF86FF0FF0043
S214012E981AB0BDE8F08705986B0003F4FF730222A9
S214012EA80021184423F01DF831460246002006F09A
S214012EB8F5F8013595E70598730003F4FF730222C8
S214012EC80021184423F00DF8002780465FFA80FA9F
S214012ED806A9F8B223F069FB00BB9DF81830032B4E
S214012EE81CD1D9F800309DF819201B685B799A42E5
S214012EF814D19DF81D30534510D19DF81E30C8F3E6
S214012F0807229A420AD105F168036B440235013457
S214012F1803F840AC03F83F2CEDB2E4B20137202F9A
S214012F28D6D101369DF81020F3B29A42C3D88BE762
S214012F380025DFF820902E46F4E7084AA2E781200C
S214012F48A6E78B20A4E700BFADED03005CEC030009
S214012F58051E0400C0420020CCED03007EED0300F0
S214012F689CED0300D0ED03002DE9F04389B002A9DA
S214012F7809F016FD0446002867D1BDF80820344933
S214012F8806F072F84FF6F672BDF80850DFF8D490DE
S214012F986B1E9BB2934254D8D9F8003029461B6859
S214012FA85F79384621F083FD00284CD026465FFA23
S214012FB886F8404603A923F0F8FA28B92946384680
S214012FC803AA21F061FD20B90136202EEFD14FF07A
S214012FD8FF08404623F0E7FA014658BB112203A82A
S214012FE80AF006FD2946384603AA21F04AFDD9F813
S214012FF800301A79012A18D81B68BDF808105879C4
S21401300822F030FFBDF8083003220421CDE9004341
S2140130180920104B05F0AEFE23F044F8034620B114
S21401302800200D4A0D4906F01FF86FF0FF0009B0A1
S214013038BDE8F08302460A49002006F015F8012487
S214013048D5E78724D3E78B24D1E78120EFE700BFB4
S214013058F2ED03002CED030030EE030053ED030000
S21401306809EE0300C04200202DE9F043DFF8948002
S2140130780020D8F8003021491B688BB05E790025FE
S21401308805F0F2FF01275FFA85F9484601A923F002
S2140130988CFA044690B99DF80430032B0ED19DF89E
S2140130A80530B3420AD1484623F07DFA0146A0B15D
S2140130B802461349204605F0D7FF27460135202D3D
S2140130C8E1D1D8F8003000211B68587922F0CAFEF1
S2140130D887F001000BB0BDE8F083112205A80AF0BD
S2140130E887FCBDF809403046214605AA21F0C9FCEF
S2140130F82146304622F0B6FEE0E700BF3DEE03006B
S21401310809EE0300C042002037B5694609F054FCB1
S214013118044638BBBDF80020134905F0BFFF134D20
S2140131282046019905F012FF2046114905F09CFF3B
S2140131382B681B68587922F0A4FF70B14FF6F67217
S214013148BDF800104B1E9BB2934209D82B68019A12
S2140131581B685879FFF732FD0446204603B030BD98
S2140131688724FAE78120F9E751EE0300C0420020E0
S2140131782BEC03007FB505460024E6B269463046C7
S21401318823F013FAA8B99DF80030032B11D19DF846
S2140131980130AB4204D0FF2D0BD19DF80D3043B959
S2140131A8304623F000FA024618B10020034905F01C
S2140131B85BFF0134202CE0D104B070BD09EE03009A
S2140131C8034B1B681878012808BF0220704700BF08
S2140131D8FC410020D0E9023253F822301A78024B1B
S2140131E81A7000F0E7BA00BF975C002070B5D0E906
S2140131F802456B1EDBB254F8230003221B490AF072
S21401320843FF54F8253004EB8504197863681A7867
S214013218A2F10B030F2B05D915490020BDE8704014
S21401322805F022BF01290FD1124C9140236840B9FD
S2140132380B43114A23600020BDE870400F4905F092
S21401324813BF23EA0103F4E702290CD101230C4931
S21401325803FA02F20B6818B913430A4A0B60EAE745
S21401326823EA0203F9E70A460749D6E775EE03009B
S21401327879EE0300B86500208FEE030097EE030091
S214013288B4650020AAEE0300B4EE030007B5D0E942
S214013298023103EB810253F821300B491B7852683F
S2140132A8012B0A4B08BF0B4612684FF000001A6044
S2140132B80092074A074B084918BF1346074A05F004
S2140132C8D3FE03B05DF804FBB8650020B4650020A2
S2140132D8CFEE0300C7EE0300D9EE0300A07004008A
S2140132E838B5254A254B264C0020264905F0BCFE54
S2140132F80020254905F0B8FE22682449002005F07B
S214013308CDFE2068224C234D05F088FE214600207C
S21401331805F0AAFE2A682049002005F0BFFE2868A5
S21401332805F07CFE2146002005F09EFE1B4B1C493D
S2140133381A781C4B002053F8223005F095FE00F051
S2140133480DF919490246002005F08EFE174B00209C
S2140133581A78174905F088FE164B17491A7800207F
S21401336805F082FE04F0C6F9BDE838400246134966
S214013378002005F079BE00BFA0700400F3EE03003C
S214013388B8650020FAEE030002EF030010EF030011
S21401339873D50300B465002021EF0300C55C002047
S2140133A832EF0300BC65002045EF0300AA5C00204D
S2140133B859EF0300A95C00206BEF03007DEF0300C3
S2140133C807B500F071F8054B0090054A002005493D
S2140133D805F04AFE03B05DF804FB00BF93EF030057
S2140133E8A070040014EB0300F8B504460B4F0C4E0E
S2140133F80C4D00200C4A0D4905F036FE20463B7858
S21401340829783278F4F7D0FE00233B7033702B709E
S214013418FF21BDE8F840064820F0CFBFC55C002074
S214013428A95C0020AA5C0020A070040098EF0300A5
S214013438383F002037B51248FF2120F0BEFF114B58
S214013448187810F0100505D0002003B0BDE830400C
S21401345803F01CBF0121B42004F0C6FA04460A4B47
S2140134680A4A0B490090284605F0FEFD2046FFF75C
S214013478BBFF4FF4806003B0BDE83040FEF7E6BC02
S214013488383F0020C55C0020AFEF0300A0700400A1
S21401349814EB03000021024A0248FDF7F5BF00BFFE
S2140134A83D340100383F002008B5054B1B7823B191
S2140134B81720FFF799FF002008BD0220FCE700BF90
S2140134C8C55C002010B550B1054B00F1100250F84C
S2140134D8044B904243F8044BF9D1024B197010BDC6
S2140134E8AB5C0020BB5C002037B5174D04462B7833
S2140134F8DB0626D50090154B0020154A154905F020
S214013508B3FD1E2C0BD0652C09D0032C19D0002036
S21401351823F0C3F840F61C40FFF766FF0DE023F0E2
S214013528E4F84FF4FA63B0FBF3F202FB1300C21897
S214013538FF21094892B220F02FFF2B7823F01003C1
S2140135482B7003B030BD00BFC55C0020C8EF030078
S214013558A070040014EB0300383F0020014B1879D3
S214013568704700BF3456002070B54C4E8EB0337885
S21401357803F0FB02A3F10905022AEDB258D0042B89
S21401358841F6041257D0A3F108014B424B415B00A8
S21401359813434348ADF80C3021F0B9FA48B9414B0A
S2140135A83F4A03F1100153F8040B8B4242F8040B0F
S2140135B8F9D13D4B1B78002B3FD03C4B0DF10E0249
S2140135C803F1100153F8040B8B4242F8040BF9D1AE
S2140135D803A823F082F82328044610D1012D49D8E0
S2140135E80020334A334905F03FFDBDF80C3003A8E7
S2140135F823F40053ADF80C3023F06FF80446002C82
S21401360841D14FF40C7023F066F8044600283AD1ED
S21401361803F0FAFE012D36D8274A01AB1068516827
S21401362803C3264901A823F0B4F878B319242AE07D
S21401363843F60412A7E70223AAE73378042B0DD032
S214013648082B0BD01E4B0DF10E0203F1100153F897
S214013658040B8B4242F8040BF9D1B9E7104A0DF175
S2140136680E0302F1100152F8040B8A4243F8040BC8
S214013678F9D1ADE7337803F0FB03022B03D1002021
S214013688104905F0F1FC20460EB070BD044901A8AA
S21401369823F07FF804460028C8D1F4E7C55C00206B
S2140136A8995C002095F00300BB5C0020AB5C002011
S2140136B8A0700400ECEF0300A6F00300907004006D
S2140136C8AFF0030047F0030070B5002686B0044645
S2140136D8252022F0E8FF1622002116480AF088F96C
S2140136E8154B1E60154B1878FFF76AFD022814BFA4
S2140136F80123042303208DF8083023F022F804233D
S2140137088DF810300E4B02A80593039403F030FD94
S21401371805460C4B0C4A19680C4B3046A14208BFAB
S214013728134600940A4A0B4905F09EFC284606B043
S21401373870BD00BF34560020583F0020C55C0020ED
S214013748313A0100B8650020C7EE0300CFEE03004A
S214013758A0700400C0F0030008B5134A1378042BC0
S21401376809BF124B01331B78C3F10603DBB2137092
S21401377803F0FD02092A04D11720FFF735FE1720AA
S21401378808BD0A4A1278002A14BF052206229A4260
S21401379807D1074B18680028EED0FFF795FF4D2094
S2140137A8EEE70020ECE700BFC55C0020BB5C00200C
S2140137B8B465002073B51E4C1E4E23683268134349
S2140137C834D01D4B1B6853B31C4D2B783BBB03F001
S2140137D891FFF8B94FF48060FEF71EFB184B24687A
S2140137E81B7894B1C3F102032B7003F047FD204602
S2140137F8FFF76AFF04460020124B134A1349009448
S21401380805F032FC204602B070BDC3F106033468E9
S2140138182B70EAE70121B42004F0E6F8EAE7002075
S214013828094A0B4905F020FC0224E4E70224E9E7EB
S214013838B8650020B4650020FC410020C55C002066
S214013848BB5C002008F10300A070040014EB030021
S214013858EEF003002DE9F347384D394E00202A795A
S2140138682B88384905F000FC3268287922FA00F0DE
S21401387810F0010002D1344905F0F6FB334F3C78CD
S2140138883CB10822324933480AF0FEFB041E18BF31
S2140138980124DFF8DC80DFF8A490DFF8B4A014E098
S2140138A898F8000049460130C0B288F8000022F0B6
S2140138B8ECFE002835D13C783CB108225146254813
S2140138C80AF0E2FB041E18BF01242A793368D340A4
S2140138D8DB07E5D5002CE3D100922B881E4A1F4949
S2140138E8204605F0C1FB1E4B1878FFF769FC01233B
S2140138F80322124922F0CFFE1A4A054613780133ED
S214013908137010B902B0BDE8F08720462B46124A5C
S214013918154905F0A9FB284602B0BDE8F047FFF7B0
S21401392863BD0020114905F09FFBFFF715FF00282E
S214013938E8D102B0BDE8F04700F01CB834560020C4
S214013948583F00200EF103003FF10300C45C00203D
S214013958BC5C002042560020A07004000EF2030052
S214013968C55C0020A95C0020AFF10300D8F1030074
S214013978985C00202DE9F041214C224D2378002047
S21401398855F82330204A214905F06EFBFFF7ECFD78
S21401399803461D4E1E4FDFF874802BB92378042B7F
S2140139A815D8B3B91B4B15E032463946002005F049
S2140139B85BFBFFF7D1FE00BB2378324655F8233070
S2140139C8414605F051FBFFF7CFFD0346E5E7092B16
S2140139D8E8D1114B00201B68104A11491360114B9E
S2140139E8187022F052FE20B1BDE8F0410120FFF721
S2140139F8FBBCBDE8F041FFF72DBFBDE8F08100BF75
S214013A08C55C0020BC650020A07004002EF20300EF
S214013A183BF20300B4650020B8650020583F00203B
S214013A2834560020985C002070B51C4C23789BB354
S214013A38838913F4407F2FD0056835B12A46BDE83F
S214013A4870400020164905F00FBB22F01CFE154EEB
S214013A5803463070144A2846144905F005FB3378A6
S214013A681BB1BDE87040FFF785BF2378082B0CD83B
S214013A78042B0CD80E4B1B78C3F1060323700D4B91
S214013A88BDE870401868FFF71FBE0A2BF2D1BDE8E3
S214013A9870401820FFF7A8BC70BD00BFC55C0020A9
S214013AA866F20300AA5C0020A070040093F20300EB
S214013AB8BB5C0020B465002030B5464D034604467D
S214013AC8454A0020454987B005F0CEFA2B782BBB2E
S214013AD801A822F060FE022301A88DF8043022F026
S214013AE848FEB0B93E4901A822F045FE88B1152C1A
S214013AF80FD122F0FAFD47F23153B0FBF3F202FB85
S214013B08130000F51C50103080B203F0BFFB07B05D
S214013B1830BD162CFBD103F0F3FBF8E7152C2AD1A0
S214013B2800202D4A2F4905F09FFA2B78042B11D037
S214013B38082B0FD02C4B1B78DA070BD401A822F0E0
S214013B48C6FD18B9BDF804309B0703D42B7843F09B
S214013B5810032B7022F0C9FD4FF4FA63B0FBF3F2A1
S214013B68FF2102FB1300C218204892B207B0BDE835
S214013B78304020F011BC22F0EAFD04460028C6D1E8
S214013B882B78013B092B1ED8134A194905F06CFA04
S214013B98184A194913780133D8B2107022F075FD06
S214013BA860B12046154905F05FFAFFF7D5FD0028F4
S214013BB8ADD107B0BDE83040FFF7DCBE07B0BDE8C1
S214013BC83040FFF747BE40F61C4007B0BDE830401E
S214013BD8FFF70ABCC55C0020A0700400B7F203001A
S214013BE890700400CEF20300975C0020383F002056
S214013BF8E1F20300985C002034560020D8F1030057
S214013C082DE9F0410B4686B004460E4617463A495A
S214013C180246002005F028FA4FF000080123CDE9F6
S214013C2801380DF11603009342464023062120462B
S214013C3822F00DF8054640B102463049404605F0E7
S214013C4813FA284606B0BDE8F0819DF816202AB971
S214013C5836B900202A4905F007FAF2E7012EF8D00E
S214013C6882F00103002027498DF8173005F0FCF98A
S214013C789DF817300DF1170633B310230022CDE94E
S214013C88006306214023204621F0ACFF064630B1EA
S214013C98324600201C4905F0E7F93546D1E74FB909
S214013CA80821204621F000FE20B120469DF8171075
S214013CB822F0D9F80521204621F0F6FD0028C0D0CB
S214013CC8204622F0CDF8BCE74FB90821204621F05E
S214013CD8EBFD20B120469DF8171022F0C4F81023FA
S214013CE80022CDE9006306214023204621F07AFF11
S214013CF806460028DED0CBE710F503002CF50300B6
S214013D0845F5030065F5030085F50300002208B5AF
S214013D18034B11461B681B685879FFF771FF08BDEE
S214013D28C042002008B5044B00221B6801211B680D
S214013D385879FFF765FF08BDC042002008B5044B57
S214013D4800221B6802211B685879FFF759FF08BD36
S214013D58C042002010B50123002488B001A88DF8C0
S214013D680430CDE90244F5F711FC20469DF80420FD
S214013D78124905F079F92046039A114905F074F9B4
S214013D882046029A0F4905F06FF910220E4B0DEBEB
S214013D980201188840F0604040F48010FBF744F9AF
S214013DA820460A4905F07AF904A822F0DCF82046EC
S214013DB8074905F059F908B010BD00BF9EF5030084
S214013DC8BDF50300DCF5030050700400FBF50300A5
S214013DD8051E040008B520F0CBFE0020024905F0B8
S214013DE843F9012008BD00BF18F603000023054A61
S214013DF88360C360044BC0E9002311B14FF6FF731B
S214013E080B80704749101CB20730021110B50446E2
S214013E1860B10020064905F027F9052C06D002F006
S214013E28CBF904490246002005F01EF9012010BD11
S214013E382CF603003DF6030037B500216A4601ABB0
S214013E48054620F056FF044668B100220F49104681
S214013E5805F00AF902F0B0F90D490246002005F00E
S214013E6803F903B030BD0B4905F0FEF801201FF039
S214013E7895FE01F099FF431C02D007F09DFFF0E77D
S214013E8821462846FFF7A6FFEBE700BF66F60300C4
S214013E983DF60300AEF6030038B5054601F084FF8B
S214013EA8044621F0A9FF4DB100200E4905F0DCF8C3
S214013EB8631C14BF2046002007F040FF20F066FE72
S214013EC80228044605D0012805D10020064905F038
S214013ED8CBF8204638BD0020044905F0C5F8002473
S214013EE8F7E700BFCBF60300E5F60300FEF603008E
S214013EF808B50020034A044905F0B6F8BDE80840AD
S214013F0800F050BDA806040017F7030008B5002006
S214013F18034A044905F0A8F8BDE8084001F0CAB903
S214013F2836F7030017F703001FB5D0E9023253F836
S214013F38223068461C78214601F0D0FB684601F01D
S214013F4873FC28B92246044905F08EF804B010BD62
S214013F586846FFF771FFF9E73CF7030000200149BF
S214013F6805F082B858F703007FB50DF1060102A8DF
S214013F78FFF73CFF0020264905F076F80020BDF83B
S214013F880820244905F070F80020BDF80A202249C7
S214013F9805F06AF8039A0020204905F065F8002024
S214013FA81F4905F07BF84FF6FF73BDF806209A42C5
S214013FB829D000201B4905F057F800201A4A1B494A
S214013FC805F052F800201A4A1A4905F04DF8002261
S214013FD81949104605F048F80020154A174905F012
S214013FE843F80A220020164905F03EF80A22002066
S214013FF8144905F039F80A220020134905F034F867
S21401400807B05DF804FB0020104905F02DF8D4E749
S21401401867F703007FF7030098F70300B1F703007B
S214014028CAF70300D5F50300E0930400E0F70300A0
S214014038C0270900FFF703001EF803003DF8030038
S2140140485CF803007BF8030099F80300DDF703002A
S21401405808B50020034905F007F8BDE80840012027
S21401406801F0FAB9B7F8030008B50020034904F0CF
S214014078FBFFBDE80840002001F0EEB9D0F80300C8
S21401408830B5104B104D1B5C85B08DF80F302B7872
S2140140980446834206D00D4B0D4953F820200020D4
S2140140A804F0E2FF30232C700A4801930DF10F0348
S2140140B80093062280231921007821F093FD05B08C
S2140140C830BD00BFB7700400CD5C0020C47004008A
S2140140D8E8F80300296A00201FB5232303900193FB
S2140140E8064803AB0093012280231921007821F0AA
S2140140F879FD039805B05DF804FB00BF296A002026
S21401410873B5164D04462B78154ECBB120F05FFDDE
S214014118012815D0346040F6B244124B1B78072BA1
S21401412817D02D78C5B920F052FD031E18BF0123FC
S2140141380D48009522461921007821F0D7F803E0AA
S21401414800233360002CE8D1201E18BF012002B0DE
S21401415870BD02250123EBE70025FBE7CA5C0020BA
S2140141685C3F0020CD5C0020296A002008B5044881
S214014178FFF7C6FFBDE808400220FFF781BF00BF72
S214014188C027090010B5064C208821F06DFE60880E
S21401419821F06AFE6068BDE8104021F074BE00BFD9
S2140141A8603F00207FB523238DF813300DF11303EC
S2140141B8029304230648019305AB0093012280234A
S2140141C81921007821F043FD059807B05DF804FB36
S2140141D8296A00202DE9F047DFF84C91044699F842
S2140141E8000090460F4621F041FB0B2899F8002065
S2140141F805D9BDE8F04700203F4904F035BF002641
S2140142083E4B3F4D1E803F4BDFF820A103EB0013CA
S2140142185B8801202B802A7104F04EFE05F0F6FE1D
S21401422804F04AFE204604F047FE0123042C8AF8CF
S21401423800300BD8022C45D89C4216D02346BDE840
S214014248F0470020304A314904F00EBF062CF5D15C
S21401425830462F4904F008FF384604F02DFEFFF7D4
S21401426891FF97B18AF800600FE04FF6FF76294F65
S2140142783888801B18BF012004F01EFEFFF782FF56
S2140142883888B04201D021F0EFFD19236B8099F8E8
S214014298003000202B71204B1B786B71EB8843F0A4
S2140142A84003EB801D4B198821F08DFD034620B194
S2140142B8224600201A4904F0D7FE4046BDE8F047DA
S2140142C8FFF71EBF304604F0F7FDFFF75BFFFFF769
S2140142D869FF21F0D8FD134B1B78002B0CBF3F203C
S2140142E8202004F0E9FD042CCFD14FF4806021F0A2
S2140142F8BBFD3220C7E700BFFBF803005856002075
S2140143085C56002030410020B5E6030047F903005B
S2140143182AF903004C560020286A0020C8690020A4
S21401432860F90300C95C0020296A0020CA5C0020E5
S21401433838B5044605200D46FFF7A2FE184B1A8825
S2140143484FF6FD739A4207D10020164904F08CFEF9
S214014358BDE83840FFF70ABF65B1134A1378013341
S214014368DBB2092B137014D90A2200200F4904F076
S2140143787BFEEDE7012C0ED10B4B1D700C490D4849
S214014388FFF734FDBDE83840002101200A4AFFF74F
S21401439821BF012CF2D0BDE838400748FFF7B0BE70
S2140143A8C86900209AF90300CC5C0020C5F903000F
S2140143B84C560020603F0020E093040008B50649EB
S2140143C8002004F051FE0548FFF736FDBDE8084019
S2140143D800210846FFF7ACBF09FA0300603F00203A
S2140143E8814237B50346154608D2002000910F4A88
S2140143F80F4904F039FE002003B030BD0C1A2246DE
S21401440800200C4904F030FE40F6BB53224600203B
S214014418094904F029FE4FF47A735C43074B0120DF
S2140144289C4294BF2C602B60E6E700BFB5E603000C
S2140144381AFA030057FA030072FA030080EE3600F0
S21401444810B504460820FFF71BFE0D4B3CB91C703F
S2140144580021BDE8104006200A4AFFF7BBBE1B78BC
S214014468092BF5D90A220020074904F0FDFD002092
S214014478064904F0F9FDBDE81040FFF79FBF00BFED
S214014488CC5C0020C02709009EFA0300DFFA03006F
S21401449873B51F4D2C7834B100201E4902B0BDE813
S2140144A8704004F0E1BD0220FFF7EAFDFF221A4E34
S2140144B81A4B30781A7021F0D9F90B2807D92046FB
S2140144C83278174902B0BDE8704004F0CDBD154BEF
S2140144D81549009301EB0011012319224FF6FD70CF
S2140144E8498805F037FA70B12046104904F0BCFD3A
S2140144F800220F4B0F481C700F4B1A7002B0BDE814
S2140145087040FFF7FDBD01240C492C70EEE700BF93
S214014518CB5C0020F0FA0300296A0020286A0020F4
S214014528FBF80300294801003041002031FB030055
S214014538CA5C0020C0270900CC5C002057FB03009A
S21401454838B5144D04462B78052B21D91249FFF7A7
S2140145585DFC24B918B9114904F086FD0424104BF2
S214014568195D21B9BDE838400846FFF769BF032C35
S21401457806D02B78052B03D006200A4AFFF72AFE19
S2140145880021094B08461970BDE83840FFF7D0BE30
S21401459838BD00BFCD5C0020603F002079FB0300DA
S2140145A8AD700400C0270900CA5C002030B5044677
S2140145B889B00720FFF764FD052C0AD100222A4B93
S2140145C803A91A7002A804AA01F0FEFD30B1022060
S2140145D845E09CB90122244B1A700224224D287802
S2140145E878B1421E504221495041FFF755FC02233B
S2140145F804462B70022C0ED10A200FE0022CE6D1BD
S214014608EBE7631F5A424FF0050018495A4120F05C
S214014618E5FA0446EEE7032C04D10020FFF770FD07
S21401462809B030BD062C06D10020114904F01CFD46
S21401463801232B70E0E70F4A0F4B2878002C18BF90
S21401464813460E490E4A0094002808BF0A46002061
S2140146580C4904F009FD201E18BF0120400009B0CE
S214014668BDE83040FFF76CBFC85C0020603F002003
S214014678B4FB0300ADFB0300A6FB030095FB030098
S2140146889FFB0300EFFB030013B51F4C0620FFF743
S214014698F7FC2278092A09D900201C4904F0E4FC11
S2140146A8042002B0BDE81040FFF74ABF184B1B783C
S2140146B82BB300201FF096FA20F089FA68B9FFF7A5
S2140146C871FD144B196820F079FA0246042000217E
S2140146D802B0BDE81040FFF77DBD01A820F075FACD
S2140146E8FF2809D14FF4FA6023780133237002B00A
S2140146F8BDE81040FFF704BD0198FFF7EDFC4FF445
S214014708FA620320E3E700BFCC5C00200AFC030042
S214014718C95C0020703F0020F023F0B589B0CDE9D0
S214014728000334488023002219210078324E334F83
S21401473821F058FA0020324904F096FC32463946F0
S21401474803A801F041FD032804462E4D1CD1062678
S214014758039A2D49002004F087FC0398FFF7BCFC58
S2140147680020396800F0ACFE2E7001F09FF9002297
S2140147780446264B30461A70FFF782FC84BB09B004
S214014788BDE8F040FFF780BF28BB7268204904F0F7
S2140147986BFC214604A8FFF729FB059B7268934228
S2140147A80BD020461B4904F05FFC072305202B701D
S2140147B809B0BDE8F040FFF7F9BE1A46204616498B
S2140147C804F052FC0523002101202B7009B0BDE836
S2140147D8F040FFF7ADBD0020104904F045FCF1E7B5
S2140147E8042C05D0042009B0BDE8F040FFF7A8BEA8
S2140147F809B0F0BD296A0020603F0020703F002004
S21401480842FC0300CD5C002073FC0300CC5C002056
S214014818AEFC0300E7FC03003BFD030077FD030045
S214014828F7B50446876800202378364D012B287093
S21401483804D0354B3549187004F016FC26785EBB53
S214014848334B1B78FF2B04D103B0BDE8F040FFF7CC
S2140148588DBC304B1B78032B11D82F4C0320FFF748
S2140148680FFC6946208821F05AFF002843D02B49BF
S214014878208805F0EDF820B12E70FFF777FC03B01D
S214014888F0BD0124204B26491C7004F0EDFB0320E3
S214014898FFF7F6FB2C70F2E7012E25D13B78002BAB
S2140148A8EDD01B4D2B78FF2BE9D1A68802F04AFFE5
S2140148B8864206D100201B4903B0BDE8F04004F04B
S2140148C8D3BB194BA2881B783BB132B117490020DC
S2140148D803B0BDE8F04004F0C7BB7B6814491B78F9
S2140148E82B700D4B1A80F2E7032E08D10822684672
S2140148F8A16809F0CFF86846FFF70EFFBFE7002367
S2140149082B70A1E7CA5C0020CB5C002092FD030057
S214014918286A0020CD5C0020C869002029480100CB
S21401492857FB0300B2FD0300C75C0020D8FD030057
S21401493803FE03007FB5094B1A78FF2A0AD11870BF
S21401494801F088FB0022064B0DF1060102A81A8029
S214014958FFF74CFA07B05DF804FB00BF296A002090
S2140149684A560020152838B517D10C4B1D78A5B91D
S21401497821F0BBFEC4B2012C38BF01240120FFF789
S2140149887FFB28462246064904F06EFB4FF47A70F0
S2140149986043BDE83840FFF7B3BB38BDCD5C0020A7
S2140149A820FE0300034B1B78022B01D8FFF770BDCE
S2140149B8704700BFCD5C002070B5284C20F002F986
S2140149C82578274EBDB10020264904F04DFB264A1E
S2140149D8137801331370002323703378062B0AD11A
S2140149E8BDE87040214B1868B0F5FA6F38BF4FF430
S2140149F8FA60FFF785BB3378013B082B2CD8DFE834
S214014A0803F005090D2B13191D222700BDE8704078
S214014A18FFF7C8BFBDE87040FFF73ABD0023237013
S214014A28BDE87040FFF7A2BB2946BDE870400120EB
S214014A38FFF77EBCBDE87040FFF726BE0220BDE842
S214014A487040FFF7B3BD0120BDE87040FFF7F8BC22
S214014A58BDE87040FFF7B2BC70BD00BFCA5C00205D
S214014A68CD5C00204FFE0300CC5C00205C3F00209C
S214014A7810B90520FFF764BD034B1B78062B01D13F
S214014A88FFF79ABF704700BFCD5C00202DE9F047BD
S214014A988E68054633189A780C46092A8EB008D9C6
S214014AA80020A34904F0E0FA852420460EB0BDE8AC
S214014AB8F08750B98B899F49895C8B4205D2009152
S214014AC89D4904F0D1FA8024EFE79C4BE7881B88C0
S214014AD89F4236D09A490978012932D932B13A46E5
S214014AE80020984904F0C0FA7E24DEE7964B1A7037
S214014AF8934B26791B78052B03D0012B3AD8FFF761
S214014B0851FF5EB93146204621F0D2FA0346002805
S214014B1851D030468D4A8E4904F0A6FAD4F808805A
S214014B28A48998F8037098F80450002E4CD13046A2
S214014B38884A894904F098FA00210120FFF7F8FB12
S214014B484FE00021804B1970072A00F28A8301A3DF
S214014B5853F822F0F94A0100A74C0100A74C0100BE
S214014B68B94E0100B94E0100B94E01004F5101007E
S214014B784F510100022B17D102F0E4FD8742B3D052
S214014B880020764A764904F06FFAFFF781FC46BBA7
S214014B983146204621F08CFA034610B36B4A6C491D
S214014BA8002004F061FA1CE06E4A00206E4904F009
S214014BB85BFA012479E7A3681B78DA06AED4324695
S214014BC86A4904F051FAA9E700210AA8FFF70EF985
S214014BD8032F08D95F4B664A66490097002004F000
S214014BE843FA002461E76B1E632B04D9594B604ACC
S214014BF861490095F2E7614BE4B2DB5D9C4209D05E
S214014C08CDE901430020534B594A5D49009704F00A
S214014C182BFAE6E757B3A4B222460521404621F00F
S214014C2860F9BDF82830834203D04A4B554A5649A5
S214014C38B6E7012F1AD022460721404621F051F93E
S214014C48BDF82A30834203D0424B4E4A4F49A7E764
S214014C58032F0BD122460921404621F03FF90B9B31
S214014C68984203D13B4B474A494999E7642D3FF49B
S214014C7863AF21F03AFD6423C0B2B0FBF3F203FB45
S214014C8812030133DBB29D42BFF456AFCDE90053A0
S214014C980020304B3B4A3F4904F0E6F9A1E7284B90
S214014CA81B78052B01D03C4A7FE7EB1CDBB2277B40
S214014CB8F45C44B123460020374A384904F0D4F955
S214014CC800210C460BE00F2F0DD81023204634493F
S214014CD80093314A3B4604F0C7F98024012100209D
S214014CE8FFF726FBE1E60435EDB220462A4A2D49B0
S214014CF804F0BAF97A1B7119D2B206A81FF075FF2B
S214014D0805443A46E9B2304621F0E8F8264D069AB7
S214014D182B68264F9A42386001D100284AD1244987
S214014D2800201D4A04F0A0F985240121D7E700BF19
S214014D386CFE0300F070040084FE0300C8690020BE
S214014D48CD5C0020B3FE0300CA5C002029FF0300E7
S214014D5831FF0300B9FF0300CEFF0300F7FE03008F
S214014D6804FF030059FF030066FF030083FF0300E7
S214014D78E3FF0300EBFF030005000400B370040023
S214014D8823000400780404005D0004008700040082
S214014D98AF000400D60004000A0104002401040040
S214014DA8530104006A010400603F0020703F0020A0
S214014DB89301040000F08EFF3E68B0420AD200F06C
S214014DC889FF9D4903463246204604F04DF9892459
S214014DD8012184E7079A6B689A4205D12046974ACB
S214014DE8974904F041F96BE79649097859B19A420F
S214014DF809D22046944904F037F996210620934AA9
S214014E08FFF7E8F95CE7924A924905A801F0DCF950
S214014E18079E48B96A68964206D88F4904F024F96D
S214014E280520FFF7C3FB40E6324600208B4904F015
S214014E381BF939680027002000F042FB00206E604D
S214014E48FFF74AF9864B06201F80FFF719F9854BAD
S214014E581F7001F0B1F90646F8B94FF6FF73824A9A
S214014E680AA81188994214BF13463B466A882988BE
S214014E7801F012F90AA800F0D7FC58B10AA801F007
S214014E88DDF938B13046794904F0EEF80420FFF729
S214014E9857FB0AE6FFF7F8FB07E6042805D1744B2B
S214014EA81921187820F039FAFFE538467149EBE7F9
S214014EB8714B1B78062B01D0704A76E6DFF8A0A165
S214014EC8EB1C94F80C90BAF80080DBB22EB9304689
S214014ED86B4904F0C9F88724E7E5F75C2C1D972F82
S214014EE8E4B22FD025D8812F71D0952F67D017BB64
S214014EF8B9F1100F7FF6E7AD31194A460AA81FF037
S214014F0874FE0444E4B221464A46304620F0E6FFE1
S214014F18231DDBB2053416F803A0E4B2A9EB04039B
S214014F285345054666DA009338465346534A55496B
S214014F38C7E5982F43D03B460020504A524904F013
S214014F4893F8C8E7B9F10A0F7FF6BDAD1FFA89F7DE
S214014F5821463A46304620F0C1FF05F108010446CD
S214014F683A46C9B2304620F0B9FF0AAA0146204699
S214014F78FFF736FA08B9454B0A93B9F10C0F12D95F
S214014F8805F10C013A46C9B23046DDF8288020F012
S214014F98A8FF044602463E49002004F065F8AAF830
S214014FA8004044440A940A9C3A492246002004F0E8
S214014FB85BF82046FFF7A4F81FF00FFE11E6364906
S214014FC8002004F051F80320FFF7BAFA09E6334C3B
S214014FD823786BB11FF0F4FD50B10020304904F07E
S214014FE843F8002323701FF0F8FDFFF74DFBF8E5A3
S214014FF82C49E5E7DFF8A49099F8003043B9FFF7A4
S214015008D1F88542034607D01C4A27490095E5E5AD
S2140150181FF0DDFD0128F2D110220D480AA909F07A
S21401502833F810B9BAF13F0F42D9144A1F49002084
S21401503804F01AF84FE700BFB20104000A010400A1
S214015048EA010400C65C00201F020400C02709000C
S214015058603F0020703F0020AEFC030060020400A1
S2140150684A560020CC5C00204C56002082020400E0
S214015078296A0020A1020400CD5C0020C7020400B2
S214015088DC02040009040400EB030400E0930400B6
S214015098170304004203040061030400C95C0020EE
S2140150A87D030400BC0304004504040081040400D5
S2140150B86D4B187099F800304BB11FF081FD30B177
S2140150C828461FF080FD042807463FF48AAD51465E
S2140150D8284632191FF0BAFE28B10020634903F0AA
S2140150E8C3FF042070E799F80030554463B11FF0F8
S2140150F867FD48B1FF2FF4D0012F3FF472AD032F9F
S21401510816D11FF068FD05462846FEF7E5FF04465A
S2140151180246052156481FF08FFD564B1B689C42D8
S2140151280AD320461FF08DFE0520FFF73FFA58E503
S2140151381FF04FFD8046E7E74046FEF7E1FF0028EF
S2140151487FF44FAD51E74C4B1B7803F0FD03082B5A
S21401515801D04A4A29E5A48935B1F27822B100205E
S214015168474903F081FF2EE7E4B22246F11C0AA85C
S2140151781FF03BFD434BBDF8282019880546914290
S2140151880DD04FF6FF718A4209D03C4A00203E4BAB
S2140151983E4903F083FFBDF828203D4947E7BDF89F
S2140151A82A20598891420CD04FF6FF718A4208D0BE
S2140151B8324A0020374B354903F070FFBDF82A20E4
S2140151C8EBE70B9A5B689A420AD0013208D02B4A61
S2140151D82E490020304B03F061FF0B9A2F4926E732
S2140151E8A4B2E91C2246C9B2304620F077FEE91D72
S2140151F8C9B207462246304620F070FE431C0146D7
S21401520806D10820FEF73CFF2548FEF779FFE8E4BB
S214015218384606AAFFF7E4F8A8B9214B0693214BAE
S21401522800221978204B18781FF0BBFC069C2046F4
S214015238FEF766FF224600201C4903F015FF0920E9
S214015248FEF71EFFCDE440F6B733069A9A42E6D833
S21401525840F6B8320020164903F006FF40F6B83388
S214015268DCE7812421E400BFCC5C0020B404040000
S214015278D7040400703F0020CD5C0020E004040041
S214015288F5040400603F0020770004001C050400B4
S214015298D5F50300A100040037050400340D040009
S2140152A880EE3600286A0020296A00206F0504006F
S2140152B84405040008B50420FFF742F90020FEF76C
S2140152C8DFFE0023054A19211370054A1370054BA2
S2140152D81878BDE8084020F020B800BFCA5C002056
S2140152E8CB5C0020296A002010B5164B164C1A789C
S2140152F8164B002053F82220154903F0B5FE2178F5
S214015308144B154A0020002918BF1A46134903F002
S214015318ABFE23782BB1124B00201A68114903F013
S214015328A3FEFEF73FFF0446FEF73CFF0E4B196847
S2140153381FF075FC2246BDE8104003460B490020C5
S21401534803F092BECD5C0020CA5C0020C470040045
S2140153588B050400610C0400420C04009805040047
S2140153685C3F0020B2050400703F0020CB05040016
S21401537838B5014604460020FFF788FB054698B174
S214015388E37C00200A4A0B4903F06EFE2379042BBE
S2140153980AD02946204620F08BFE034620B100207D
S2140153A8054A064903F060FE6FF0FF0038BD00BFEE
S2140153B8B5E60300F305040029FF030031FF0300E7
S2140153C810B51346094A127882420DD163B1084ACC
S2140153D8002014680A46074903F046FE2146BDE840
S2140153E810400120FFF752BB10BD00BF296A0020FC
S2140153F8C04200201506040010B50D4B1C782CB1D0
S214015408BDE8104000200B4903F02EBE6420FEF7CD
S21401541863FE4FF6F0716FF00F02074B0320C3E9E6
S214015428001222462146BDE81040FEF7D3BE00BF53
S214015438CD5C00204E060400603F0020014B18702A
S214015448704700BFC95C002000210620014AFEF70C
S214015458C1BE00BFC0270900014B1870704700BFC6
S214015468C65C0020114B2DE9F04107460D46186829
S2140154780F49101A09681FF0D2FBDFF840800D4E5D
S21401548898F800400346FF2C307004D0A8420AD38F
S2140154982C44A04207DB3A460020074903F0E4FD06
S2140154A8337888F800303078BDE8F081783F0020FE
S2140154B8743F0020CE5C00207C0704002A6A002086
S2140154C850EA010208D0FF22054B091A1A70054B4B
S2140154D81860054B1960704711461046FFF7C2BFA2
S2140154E82A6A0020783F0020743F00202DE9F04FFB
S2140154F8AFB006AD284600F0FDFD0026624FDFF886
S214015508D091284600F090F9044648B900F0BEFD4F
S2140155185E490246204603F0A7FD2FB0BDE8F08F8E
S21401552839460020F2B203F09FFD284616A900F07E
S214015538FFFD044620B15649002003F095FD8FE093
S214015548BDF85820534903F08FFD49462046BDF85B
S2140155585A2003F089FD2046BDF85C204E4903F029
S21401556883FD2046BDF85E204C4903F07DFD2046AC
S214015578BDF860204A4903F077FD2046199A494943
S21401558803F072FD2046BDF86820474903F06CFD1C
S214015598204646490DF16A0203F066FD4449204655
S2140155A8239A03F061FDBDF85C30D90705D520467E
S2140155B89DF890203F4903F057FDBDF85C309A07E7
S2140155C814D500203C4903F069FDBDF85830B3F501
S2140155D8807F4FD1002020F0CBFC18B10DF191004F
S2140155E803F0C4FC0020354903F03EFDBDF85C30ED
S2140155F85B070BD50020BDF8B220314903F034FD16
S2140156080020BDF8B4202F4903F02EFD06222846B7
S2140156180DF116030AA91FF031FB044690BBBDF82D
S2140156281620294903F020FDDFF8A8A0DFF8A8B066
S2140156380DF12808BDF81610A2B2914210D9B8F893
S21401564800205146002003F00FFD0134D8F804204D
S2140156585946002003F008FD062C08F10808E9D190
S2140156686C46204600F05AFD94E80F00013685E89E
S2140156780F0046E70123202200200DF1910103F0D7
S21401568857FCAFE7114957E78E0704005B0904008A
S21401569897070400BB070400EF0704000808040086
S2140156A8210804003A080400530804006C080400A2
S2140156B8810804009D080400B6080400051E0400BD
S2140156C8C9080400E2080400FB0804002E090400C7
S2140156D8D40704000C0904001C0904002DE9F04154
S2140156E888B004AD044628468846002700F002FD27
S2140156F86E46474507D195E80F0084E80F00204617
S21401570808B0BDE8F081304600F008FD96E80F00C5
S21401571885E80F00284600F087F801370028E8D109
S214015728014B0FCBE9E700BF447304001FB5D0E96E
S214015738023253F8223068461978FFF7CFFF6846D9
S21401574800F07CFD48B1042809D1074A0020074922
S21401575803F08AFC05B05DF804FB054AF6E700206D
S214015768044903F081FCF5E7FD12040076090400FC
S214015778AD0C04008202040010B5D0E9023203EB36
S2140157888201496853F8223098B00C6804A8197841
S214015798FFF7A4FF03AB40220093214608AB04A8F9
S2140157A800F0E2FC024628B100200E4903F05CFC3A
S2140157B818B010BD039808A900F007040122C0F329
S2140157C8C70003F0FBFB039908A8091B0144064818
S2140157D801232246008803F0ABFB044803F0E4FBF0
S2140157E8E6E700BF8609040068560020051E040087
S2140157F8F0B504460D460B4BEF880FCB84E80F0037
S214015808AB882E899B0741BFD5F83900D5F83D10DE
S21401581804F1080303C3EA682046278066806260AD
S214015828F0BD00BFFC700400102208B5034908F05B
S2140158382BFC003818BF012008BD00BF44730400C4
S21401584808B521F0B0FBC288FF219208012A38BFAB
S214015858012202481EF0A0FD012008BD883F002055
S21401586838B5134690B10120274A1070274A002000
S2140158781160274A13600A46264903F0F5FB02F031
S21401588843FB254B1870022002F044FB21F0A6FBCF
S214015898E8B91D4D1D4C2B782BB921F084FB2268E5
S2140158A8C368134423601A4B24681B689C4229D298
S2140158B821F079FBC168204606F022F8002402464A
S2140158C82C7050B921F08AFBFFF7BAFF03E0FFF707
S2140158D8B7FF0028DDD0012038BD20460F4903F068
S2140158E8C3FB0D4B187802F015FB00200C4903F09A
S2140158F8BBFB00F091F908B900F0AEF92046FFF7B6
S214015908B7F8E8E70124ECE7D05C0020803F0020E8
S2140159187C3F0020AD090400CF5C0020D9090400B3
S214015928F909040038B500F04BFA044600F042FACB
S214015938241A21F038FB054618B9B1211B4826F070
S2140159481AFEAB8803F00303032B03D0B2211748D2
S21401595826F011FE00F02EFA05461FF002FA012382
S2140159688340013B2B4203D0B421104826F003FEA6
S2140159781FF0F7F901238340013B234203D0B521E9
S2140159880A4826F0F8FD05F091FD05461FF0E9F9ED
S2140159984FF48063B3FBF5F3C440A34205D2BDE8D8
S2140159A83840BA21014826F0E6BD38BD0F0A040082
S2140159B8FF2108B504481EF000FDBDE80840002296
S2140159C811461046FFF74CBF883F0020F7B504463E
S2140159D80E4600F089F8054621F0E5FAC3682B441F
S2140159E89C4220D31FF0BDF92C44C440013C114F02
S2140159F83B68DEB1A34219D101340023ADF8043067
S214015A0800F0E4F9054605F051FD103504FB005495
S214015A1805F04CFD01A90246204605F099FD1FF048
S214015A28B0F9386004E04FF0FF34E0E7A342E4DB66
S214015A3803B0F0BDE86500204FF0FF320A4B10B501
S214015A481A600022094B1A7000F0B4F9044600F0F7
S214015A58B7F9214602460120FFF702FF00280CBFCE
S214015A680120042010BD00BFE8650020D15C00209D
S214015A7838B500F0D1F808B9002038BD094D0A4CF0
S214015A882B7823B91FF07DF9012320602B70246839
S214015A981FF067F901348440EED000F025F8204461
S214015AA8EBE700BFD15C0020E865002070B50D4C1F
S214015AB82368002B01DA012070BD00F07BF905464A
S214015AC821F071FA2468C6681FF04BF9013404FA0C
S214015AD800F1294401208A19FFF7C2FE0028EAD0FE
S214015AE80420E9E7E8650020024B18680C301FF02F
S214015AF878B900BFEC650020FF2307B50021044AEA
S214015B0804480093FBF78AFC03B05DF804FB00BF6A
S214015B18B9590100883F00200E4B70B51C68054630
S214015B28036804F582641C440E46FFF7DDFF2B6804
S214015B38834208D232681A44824208D9C31A01201D
S214015B4833602C6070BD044A126813441C1A002086
S214015B58F7E700BFEC650020843F00202DE9F04FF1
S214015B68B3F5803F87B00F469846019003D30020CF
S214015B7807B0BDE8F08F03A904A8CDE90332FFF703
S214015B88CBFF0024824600F10109DFF888B05FFAEE
S214015B9889F9019BDDE90356AAB27BB13046109913
S214015BA821F008FA0028E2D1B9F1020F2BD1DBF86F
S214015BB800300493019B03BB2F4421E0394630464D
S214015BC805F0C6FC0028D2D1BAF1000FECD0002CA3
S214015BD8EDD105F06BFC2E44B6FBF0F303FB106029
S214015BE80028E4D005F062FC05A902463046059473
S214015BF805F0AEFC0028DAD0B9E7109B2B441093C9
S214015C08A8EB05050395631C4B454FF00104C0D36B
S214015C182046ADE7843F00207FB56B460C4A1068E6
S214015C28516803C390680C2218600A4B0DEB0201F9
S214015C38186821F0BFF90C2268460DEB020108F03E
S214015C4823FAB0FA80F0400907B05DF804FB00BFFC
S214015C580C710400EC6500201FB5084A01AB1068FA
S214015C68516803C3906801A91860054B0C2218688F
S214015C7805F06EFC05B05DF804FB00BF0C7104006E
S214015C88EC650020F7B5044615460E4681B9072A85
S214015C9803D80024204603B0F0BD0D4B807919685F
S214015CA8E379063000EB03200C3180B21FF0A3F82D
S214015CB8002721462B46324638460097FFF74EFF07
S214015CC804460028E5D039467019FFF77FFEE1E75C
S214015CD8EC650020024B1868A0F50060704700BF0D
S214015CE8F865002010B58AB0684606F015F810F079
S214015CF8FF0027D1009BFBB1174C01A9206005F0D6
S214015D0883FF10F0FF001DD12268009B9A4204D33E
S214015D184FF4DD71114826F02EFC019B104A1149FB
S214015D281360029A13440B600F49A3F500630A60D7
S214015D380E4A1360009B63B940F2CF11074826F05C
S214015D481AFC06E0044A034612680020084903F0D4
S214015D588BF90AB010BD00BFF0650020C20A040026
S214015D68843F0020F4650020F8650020EC650020DB
S214015D786A0B040008B5FFF7B5FF21F014F950B116
S214015D8821F011F9064B02691B689A4203D2B32126
S214015D98044826F0F0FBFFF7C5FD012008BD00BF4B
S214015DA8F8650020C20A0400014B1868704700BF56
S214015DB8F0650020014B1868704700BF843F00203B
S214015DC8014B1868704700BFF4650020014B18683E
S214015DD8704700BFEC65002010B5FFF749FE044682
S214015DE82849002003F040F90020274903F03CF930
S214015DF80020264903F038F90020254903F034F934
S214015E08244B00201A68244903F02EF92246234918
S214015E18002003F029F9FFF767FE21490246002012
S214015E2803F022F91F4B00201A681F4903F01CF9DA
S214015E381E4B1F4C1A6800201E4903F015F92268EC
S214015E4800201D4903F010F94FF4806200201B4919
S214015E5803F00AF9226800201949103203F004F900
S214015E682268002017490C3203F0FEF82268002049
S214015E78154902F5826203F0F7F8BDE8104005F00F
S214015E8849BA00BFE90B0400260C0400450C0400BF
S214015E98650C0400F0650020900C0400AF0C0400AB
S214015EA8D20C0400843F0020F50C0400F4650020A1
S214015EB8EC650020180D04003B0D04005E0D04007F
S214015EC8810D0400A40D0400C70D04002DE9F0415E
S214015ED894B004460D460020482102AA1EF09CFFF5
S214015EE818B9534903F0C0F819E06022002120468A
S214015EF807F07EFD04224F4902A808F0C5F890B1C4
S214015F086DB19DF80B30002001939DF80A309DF87D
S214015F180820009348499DF8093003F0A5F80120A8
S214015F2814B0BDE8F081BDF80C20B2F5807F228060
S214015F3803D0424903F098F8F1E7BDF81420BDF8FC
S214015F480E102281DDF816206180E2600499BDF802
S214015F581A206160228284F8320007AD04F1120229
S214015F680FAE2B4603CBB342106051601D4602F1BB
S214015F780802F6D10F9B324A63631360314B102235
S214015F881846002107F034FDE288A388028022899A
S214015F984280E26842600BB90020C1E70026354618
S214015FA8A388D90709D536B105F150026A4412F813
S214015FB8482C84F838200135EDB29A0714D5208884
S214015FC81EF040FE07466EB102AB03EB050802461B
S214015FD8414604F1390007F09BFE3A4641461A4805
S214015FE807F096FE2F44FDB2A3885B070DD556B180
S214015FF805F150036B4433F8482C33F8463CA4F8B3
S2140160085A20A4F85C300435EDB2002EC4D1482DD0
S21401601802D930460D4965E72946382002AA1EF0FE
S214016028FBFE08B90A495DE738250126B8E700BF2F
S214016038EA0D0400187104001C0E0400520E040038
S214016048A83F0020AC3F0020B43F00206D0E04009E
S214016058BD0E040030B50B4C99B025786DB9FFF725
S21401606889FE68B129466846FFF730FFB0FA80F026
S214016078054B4009187001232370002019B030BD64
S2140160880120FBE7D25C0020D35C0020014B187886
S214016098704700BFD35C002070B51E46134B0446FC
S2140160A818881D46884298B002D15B88934206D06C
S2140160B80F4B0FCB84E80F00204618B070BD96B181
S2140160C800216846FFF702FF0028F1D1BDF8043029
S2140160D85B0708D53388BDF85A209A42E8D8BDF838
S2140160E85C209A42E4D395E80F00E3E7AC3F002032
S2140160F844730400064B10B51B7804462BB9054BB0
S2140161080FCB84E80F00204610BD034BF8E700BF0D
S214016118D35C002044730400AC3F002010B504464D
S214016128024B0FCB84E80F00204610BD44730400D1
S2140161380B4B10B51B78044608467BB10021FFF7C8
S214016148C5FE48B910222146064807F09DFF0038CB
S21401615818BF0120C0B210BD0120FBE70120FAE7F5
S214016168D35C0020AC3F00202DE9F0410E46904656
S2140161780E4910221F4607F087FF044670B90C4BDC
S2140161883A461D683046AD1B454528BF4546294653
S2140161981EF042FE28B9074902F066FF0120BDE855
S2140161A8F081069B20461D60F9E700BFAC3F002042
S2140161B8A83F0020BD0E04000022024B1A70FFF70C
S2140161C83BBC00BFD35C00202DE9F0419CB00F46D4
S2140161D816468046FFF74CFC054602461549002040
S2140161E802F042FF382D20D9012104A8FFF76EFEE0
S2140161F80446D0B9119B04A93B606F463846FFF7A1
S214016208F7FA97E80F0086E80F00119BAB4297BF95
S21401621801210324084AC8F8003094BF1170C8F851
S214016228005020461CB0BDE8F0810022024B012434
S2140162381A70F6E7EF0E0400D35C002070B5084D1F
S21401624800262B7853B1FFF7F7FB044610220021EE
S21401625804482E7007F0CCFB204670BD3446F5E79F
S214016268D35C0020AC3F002008B50020064902F0A8
S214016278FBFE064B00201A78054902F0F5FEBDE83C
S2140162880840FFF7A9BD00BF0E0F0400D35C00202D
S214016298380F040003460120024AC3E903200022FE
S2140162A81A7070470100FEFF2DE9F0410024264EC2
S2140162B8264FDFF8A88088B000F0D4F9A5B2854249
S2140162C802D308B0BDE8F081284603A91EF0DAFD1E
S2140162D8A2B23146002002F0E1FE9DF80D2012B36D
S2140162E89DF81210BDF81030402914BF6E2179218F
S2140162F80020CDE900313946BDF80E3002F0CEFE59
S214016308BDF814201AB10020114902F0C7FE9DF805
S2140163180C00BDF8182070B9079B0E490093BDF80C
S2140163281A3002F0BBFE00200B4902F09DFE013434
S21401633826F02EF9C0E7BDF81C3041460093002030
S2140163489DF81A30EDE700BF510F0400570F0400FF
S2140163587A0F0400840F0400051E0400AB0F040026
S21401636810B500F0ABFABDE810400346024A00201B
S214016378024902F079BE00BFD30F04000AD8030011
S214016388D0E9023253F8223010B5188800F086FAA0
S214016398BDE810400346024A0020024902F064BEE6
S2140163A8D90F04000AD8030010B5D0E90232002438
S2140163B886B08DF8044053F8221003EB820309785F
S2140163C801A88DF805105A681288ADF806209A6853
S2140163D81288ADF80820DA681278ADF80C40A242A7
S2140163E814BF402280228DF80A201A691288ADF857
S2140163F810205A699B691288ADF812201B6805930C
S21401640800F0D0FB034A03460349204602F02CFE5F
S21401641806B010BD75EE03000AD8030038B500248F
S214016428064D26F0A1F845F824000634C02CF8D10C
S2140164380020BDE83840024902F016BE8010002050
S214016448E00F040030B5002087B0204902F00CFEAA
S21401645800201F4902F008FE00201E4902F004FE33
S21401646826F082F800240546A0B201A901341EF0E0
S21401647809FD202CF8D126F077F81749421B002091
S21401648802F0F2FD1549002002F0EEFD26F06CF848
S2140164980446012000F09EF826F066F80E49021B15
S2140164A8002002F0E1FD0E49002002F0DDFD26F095
S2140164B85BF804461EF0D7FC26F056F8021B0020AF
S2140164C8054907B0BDE8304002F0CEBD0C10040007
S2140164D83B1004006B100400881004009710040099
S2140164E8B110040010B50C4603F022FD08B9032CC0
S2140164F812D101F0FFF804280ED001F0FBF80528A8
S2140165080AD0064802F060FC1C2801D11FF058FC8E
S214016518BDE8104002F068BC10BD00BF794E03000C
S2140165282DE9F04F00274FF0FF36DFF8A4B0264CD0
S21401653887B0BBF80030B8B2834209D8731C3BD089
S2140165483246FF21214807B0BDE8F04F1DF024BFB1
S21401655801A91EF097FC9DF8050001F001FFF8B1AE
S2140165689DF80480B8F1000F1AD1BDF810A0BDF847
S214016578129025F0F9FF18210246BBB24B43E018EA
S214016588E158007C4FF47A73A2EB010C50B103FB7F
S2140165980AF363450ED30B44981A864228BF06466B
S2140165A80137C6E74D466B43FAD06345F5D3194420
S2140165B8881AF2E74046F0E7FF21044807B0BDE82D
S2140165C8F04F1DF0FABE00BF80100020BC3F00202F
S2140165D84E5600202DE9F041014688B058B10228F0
S2140165E810D01EF069FC78B3D221194808B0BDE86E
S2140165F8F04125F0C0BFFF23164A17480093FAF763
S2140166080DFFEEE700244FF001082746134EA5B20A
S214016618284603A98DF80D701EF034FC9DF80D0070
S21401662868B101F09DFE20B19DF80C300BB986F8D3
S21401663810800134202C06F11806E8D12546084BAF
S2140166481D80FFF76DFFCCE708B0BDE8F08100BFFD
S214016658D110040091690100BC3F00208010002081
S2140166684E560020014B1888704700BF4E56002032
S2140166782DE9F04F634A077D89B004466249002038
S21401668802F00CFD00201FF073FC20B12368218A5C
S214016698588803F09BFC00205C4902F0E5FC637D0A
S2140166A8DFF87491002B236808BF08205988574BD8
S2140166B818BF00200093228A4FF0090314BF4FF039
S2140166C880084FF0400802F02FFBA289BB1C9342BA
S2140166D80CDB1FF0E7FC034620B100204C4A4D496D
S2140166E802F0C2FC012009B0BDE8F08FA068791C51
S2140166F889B2C55D1FF0F5FB0337012D0646BFB20B
S21401670813D82368324659885879238A0093434612
S2140167181FF031F8824600283ED1862002F0CCFBD5
S214016728284602F0C9FB304668E08520F6E703A94B
S2140167381EF0A8FB9DF80C30AB4223D123689DF8C8
S2140167480D105A7991421DD1BDF80E105A88914202
S21401675818D1BDF81020B24214D19DF81220424536
S21401676810D1BDF81410228A91420BD1002D38D0D1
S214016778BDF81810E288914204D19DF81A201B79B9
S2140167889A422ED00BF1010BB9F800305FFA8BF064
S2140167988342CCD88B20C1E74FF0000BF4E79AF878
S2140167A8020002F089FBBDF818001FF05DFBBDF87A
S2140167B81A001FF059FB9AF8020003F027FE00287A
S2140167C883D19AF8020001F09DFC0546079E002D2C
S2140167D83FF47BAFF0B2013D02F06EFB360AEDB234
S2140167E8F5E7002002F068FB284602F065FB304614
S2140167F81FF03AFB012DD2D1BDF81C001FF034FB67
S21401680863E700BF6011040032050400051E04009A
S2140168186D1104008A1104004E5600202DE9F0433C
S21401682891B0694680461EF02DFB0023194F8DF85E
S21401683801303888431E98B28045388009D16946A8
S21401684840461EF027FB68461EF00BFB11B0BDE85C
S214016858F0834FF0180905A91EF014FB0E4C3E886C
S2140168680AAD09FB06460FCE0FC596E8030009FBDD
S214016878084485E803000AAE404605A91EF00AFB4F
S2140168880FCE0FC495E8030084E8030069463888EC
S214016898D7E700BF4E5600208010002008B5064BEB
S2140168A81B88834205D9FFF7B9FFFFF739FE002099
S2140168B808BD2720FCE700BF4E56002038B5074D17
S2140168C82C882CB9FF2106481DF077FD204638BDD7
S2140168D8601E80B2FFF7A2FFF2E700BF4E56002007
S2140168E8BC3F00202DE9F3479A4618239DF82890C7
S2140168F8244FCDE9001203FB09731446D3E902239A
S2140169081FF0AFFC064620460D4603F07FFD04F057
S214016918FD03382B80460FD1009432462B460021C2
S214016928DAF810001EF0D9FAB8F1010F1BD1354379
S2140169381ED102B0BDE8F087392CDAF810300BD139
S21401694807EE906A07EE103AF4EEC77AF1EE10FAFF
S214016958ACBF01200020E7E79E4275F100032CBF7B
S21401696801200020E0E7B8F1000FE2D10028E0D0CE
S214016978182303FB097701233B7402B0BDE8F047EF
S214016988FFF7CEBD801000202DE9F04F00252E46DA
S214016998A846AA462C46DFF8BC91D1B0694BA8B2E6
S2140169A81B88834209D81CB161882079FFF79AFDB4
S2140169B8FFF7B6FD51B0BDE8F08F0BA91EF062FADD
S2140169C825F0D2FD1823AFB27B4309EB030B59F828
S2140169D8033005909DF82D00049301F0C1FC0028B2
S2140169E800F0AE809DF82C10002940F0A980DDE962
S2140169F80432D01A4FF47A72BDF8383053438342C2
S214016A0800F29E809BF8103043B9BDF83A30002B4F
S214016A1800F096805343834200F29280FD230022C1
S214016A28CDE9013210AB00930DF119020DF11A03ED
S214016A38E9B20BA8EFF76CFC002877D1BDF81A303D
S214016A48DA1C0493D2B214B33F4B9DF82D101B8861
S214016A5813442279914214D1BDF82E1062889142CE
S214016A680FD19DF83220B8EBD21F0AD1BDF83420D9
S214016A78524506D1B3424DDD0020344902F0F4FAFE
S214016A8801E0B342F8DC61882079FFF72BFD02F0BC
S214016A98E7F904469DF932002D4BC043C00F009319
S214016AA8BDF834200A23BDF82E10C0009DF83280A8
S214016AB802F03AF99DF82D304FF0000B23714FF490
S214016AC88A53FF26BDF834A04FEAD818E38007A9F1
S214016AD85FFA8BF01FF069FDC0B2B0B99DF81D10C2
S214016AE89DF82D20914210D1BDF81E10BDF82E201C
S214016AF891420AD122469DF829109DF81C001FF0E4
S214016B08DAFAB04228BF3046C6B20BF1010BBBF128
S214016B18200FDCD1BDF830001FF0A6F99DF819004A
S214016B2802F0CAF9049910A802F0DAF9182300222B
S214016B385F4309EB07031A7425F016FD49F80700A9
S214016B4801352BE74E5600205856002049120400FE
S214016B58051E04008010002070B500240126104D83
S214016B688AB02B88A0B2834204D80AB0BDE8704028
S214016B78FFF7D6BC05A91EF085F99DF8150001F0AA
S214016B88EFFB50B19DF814303BB91A46CDE90136F2
S214016B980093E1B205A8EFF7BBFB0134E1E700BFBC
S214016BA84E5600202DE9F0430389DFF858818BB053
S214016BB8B8F8009000930446837982884188407823
S214016BC81EF0D9FD002800F09580E78927B1A38932
S214016BD8BB4200F291800027B8F80030BDB2AB4244
S214016BE814D84D4601264FF6FF73E2899A4226D1FC
S214016BF846B9B8F80030AB4202D92846FFF70EFE70
S214016C08FFF78EFC00200BB0BDE8F083284605A9E7
S214016C181EF038F99DF814307BB92268059B53405D
S214016C28FF2B0AD86368069E5E4036F07F4604D17D
S214016C38BDF81C2023899A42D5D00137CCE7E268F3
S214016C489A422BD0002E53D1D4E90323CDE9082349
S214016C5805A81EF006F90028D5D1B8F80030AB42D1
S214016C6804BF6B1CA8F8003025F07EFC18236B4384
S214016C78234AE9B2D050D418002305A81A46CDE90C
S214016C8801330093EFF744FB18B100220023C4E94F
S214016C980223284605A91EF0FDF8B1E7234605AAF2
S214016CA804F1100C174618685968083303C763457A
S214016CB83A46F7D11868386005A81EF0D5F80028B6
S214016CC8C0D01F2D1AD800238DF8143063788DF89C
S214016CD815306388ADF81630A388ADF81830A37957
S214016CE88DF81A302389ADF81C300028B0D1ABE7EF
S214016CF80020E6E7862086E7872084E7892082E762
S214016D08801000204E5600202DE9F04FB04A90F82A
S214016D1814908DB00446AF49002002F0BFF9002058
S214016D281FF026F920B12368218A588803F04EF906
S214016D380020A94902F098F9637DDFF8B8A2002B74
S214016D4814BF802340230293236808BF082059886C
S214016D58A14B18BF00200093228A072301F0E4FF05
S214016D6800230393A28909F10305954211DB039BCE
S214016D7813B9184602F0A0F81FF094F9034620B19B
S214016D880020964A964902F06FF901200DB0BDE839
S214016D98F08FA06809F1010189B210F809601FF0A7
S214016DA8A0F83246804603468E490020ADB202F06E
S214016DB85BF98EB1012E00F08A808527384602F0ED
S214016DC87BF8304602F078F840461FF04DF8852FDC
S214016DD8D2D00123039376E0A06809F10401A289C1
S214016DE889B2475D1FF07DF809F10601A289049072
S214016DF889B2A0681FF075F83A4605900090049B82
S214016E083046794902F030F909F1080938461FFA7F
S214016E1889F503F0FBFA002857D1384601F072F9D4
S214016E28294603468146A289A0681FF04BF86F4998
S214016E388346304602F032F9A1684A462944334669
S214016E48304602F075F83046634902F00DF9A94458
S214016E581FFA89F52368424659885879238A009388
S214016E68029B1EF088FC18B18378BB4240F0AC80C8
S214016E78483FFFB2092F05D840F21133FB40DB0724
S214016E8800F1A48000238DF81C30236807A85A79DE
S214016E988DF81D205B88ADF82080ADF81E30029B6A
S214016EA8CDF82CB08DF82230238AADF82430049B17
S214016EB8ADF82830059BADF82A30FFF773FE074674
S214016EC800287FF47BAFA9464CE7B346C2E72946BC
S214016ED8A289A0681FF005F84FF0000B0246074686
S214016EE84349002002F0C0F809F10509BAF8003054
S214016EF81FFA89F5BAF800201FFA8BF94A4503D814
S214016F081F2B31D9892759E7484607A904931DF04D
S214016F18B9FF9DF81C20049B012A22D122689DF8FE
S214016F281D00517988421CD1BDF81E00518888423F
S214016F3817D1BDF82010414513D19DF822100298AB
S214016F4881420ED1BDF82400218A884209D1BDF8B4
S214016F582800E188884204D19DF82A1012799142C6
S214016F681BD00BF1010BC5E7012299468DF81C20B1
S214016F78226851798DF81D105188ADF82080ADF83A
S214016F881E1002998DF82210218AADF82410E18886
S214016F98ADF8281012798DF82A2007A8ADF82C70BC
S214016FA81DF05FFF074600287FF408AFBAF80030E7
S214016FB84846994508BF09F1010307A908BFAAF879
S214016FC800301DF067FF7EE78D27F7E68C27F5E68C
S214016FD87412040032050400051E0400D5120400CC
S214016FE88A1104007C12040099120400BA120400E3
S214016FF8C51204004E5600202DE9F04F0746884674
S2140170089146002589B09A46BDF848B09DF84C606F
S214017018149C224B1A88A8B2824235D903A91DF0BE
S21401702831FF9DF80C201D4BB2BB9DF80D10B942DF
S21401703832D1BDF80E1041452ED1BDF81010494584
S2140170482AD19DF81210514526D1BDF8141059457C
S21401705822D13046029201F055F8A6F14103012BE0
S21401706801460AD820461EF042FF0D4B0D4A204421
S21401707884420CD10421029302ACEDB2324620467A
S214017088009503ABFFF72EFC09B0BDE8F08F14F8A6
S214017098011F4B405343EBE70135BBE74E56002033
S2140170A8C59D1C81930100011FB50F4C2478C4B1FE
S2140170B842EA03229DF818308DF8051042EA432269
S2140170C80A4BADF80C201A78094B8DF8061007996B
S2140170D803EB021300908DF80400DB686846029102
S2140170E8984704B010BD00BFD45C0020D65C0020D1
S2140170F8DC3F002073B51A4DFF211A481DF05DF9D3
S2140171082B7853B3184C194E2378180106EB031342
S2140171181A7A5968305C1FF0CCFA4D281DD0E0B1B8
S214017128012300212278CDE900311201B25CC0B2F8
S214017138FFF7BAFF0A2223780A480133DBB2B3FB0A
S214017148F2F102FB1133FF2123702B78013B2B70E0
S21401715802B0BDE870401DF028B902B070BD00BF8E
S214017168D45C00207C400020D65C0020DC3F002058
S214017178F8B5104F3E780A2E1AD00FC8DFF840C06F
S2140171880D4D9CF80040013605EB041585E80F0007
S2140171980A230134E4B2B4FBF3F203FB12440748B2
S2140171A8FF218CF800403E701DF0FFF80020F8BD66
S2140171B80120FCE7D45C0020DC3F00207C40002056
S2140171C8D55C00200021024A0248FAF75DB900BFE3
S2140171D8FD7001007C400020002337B50C46124D97
S2140171E812492A78CDE9003312018A5C0123014647
S2140171F8E0B2FFF759FFA4B90D490A788AB10A2007
S2140172082B78013A0133DBB2B3FBF0F40A70FF21A5
S21401721800FB143307482B7003B0BDE830401DF05F
S214017228C4B803B030BD00BFD65C0020DC3F0020E8
S214017238D45C00207C40002008B500F0BDF850B1B1
S214017248054B064A0649052808BF1A46BDE8084000
S214017258002001F009BF08BDE9120400051E04005C
S2140172680A13040008B503201FF03DFA10B90122DD
S214017278014B1A7008BD00BFD75C00200022024BE4
S21401728818781A70704700BFD75C00200246FF21A5
S21401729801481DF081B800BF9C400020114B37B54E
S2140172A81D78C5B9FF2110481DF087F8FFF7DAFFEA
S2140172B8044600900D4B28460D4A0E4901F0D4FEAF
S2140172C84CB10D4B1B78DB0605D528461FF0E5F9B2
S2140172D820461DF037FC094B186803B0BDE830405E
S2140172E8FFF7D4BFD75C00209C400020271304007A
S2140172F85513040014EB0300C55C0020FC65002050
S214017308FF2101481DF059B89C40002070B51A4E5F
S214017318054633780C466BB30020184A184901F025
S214017328BDFE032C01D0652C20D11649002001F0A2
S214017338B5FE22460020144901F096FE00201349A6
S21401734801F0ACFE012329460822002001F0F0FDD9
S21401735800200F4901F088FE032C88BF0023204631
S21401736888BF3370BDE87040FCF7BEB8012CE0D08A
S2140173780849DBE770BD00BFD75C00205513040041
S214017388FEEE030068130400B5F503008613040037
S214017398051E04007E130400014B1860704700BFE9
S2140173A8FC6500200021024A0248FAF76DB800BFC2
S2140173B8A57201009C400020054B10B51C782CB91D
S2140173C80448FF211CF0F1FF204610BD0520FCE70C
S2140173D8D75C00209C400020F8B50024074B084ED7
S2140173E81D68084FE3B29D4204F1010400D8F8BDB8
S2140173F8394656F823001CF097F9F3E72C8F04005A
S214017408308F0400C866002010B5044C23780BB1F1
S2140174181FF059F90123237010BD00BF2B6A002005
S2140174282DE9F743254B0D4616460446019350B100
S2140174384AB1042301AA12F8011BA94235D0013B1F
S21401744813F0FF03F7D1212003B0BDE8F08317F846
S214017458010F90FAA0F0000E1CF0A2FB014608EB03
S21401746807039945F3DCCAB2C1F30F2392FAA2F2D5
S21401747893FAA3F3120E1B0E03EB0223DB436219E6
S21401748812F8020C99B2DBB298420CD112F8013C00
S214017498B3EB112F07D132462146284603B0BDE883
S2140174A8F0431FF078B82320CEE74FF6FF71671E2A
S2140174B8A5F10209C4F10108D1E700BF080A0E12B6
S2140174C8014B1870704700BFD85C0020024B1A6841
S2140174D818608260704700BF00660020024B18687B
S2140174E800B14068704700BF0066002070B50446CA
S2140174F800250A4B1B687BB100211E8807E05A68E5
S21401750802EB0110013145B9021B554255418AB2B9
S2140175189642F4D89B68EEE7184670BD00660020D0
S2140175282DE9F04F1E46002393B0022E07468846E3
S2140175381446DDF870909DF874A0ADF81A3040F244
S214017548C08099F800305A0729D5042E40F2B98030
S21401755899F804B000255F4B33F83520002A00F06F
S214017568B68001350A2DF7D1209B002B40F0AD805F
S214017578FF250023207908AA0DF119018DF8193085
S2140175881EF043FC70B1BDF82C309DF8190023801D
S2140175981EF0BDFC0790C0B113B0BDE8F08F99F896
S2140175A802B0D7E720791EF061F90B28059000F2A2
S2140175B88A8020791EF0BCFC07900028ECD1464A48
S2140175C8059B02EB03135B8823804FF6FF73002F9E
S2140175D808BF434662880021CDE900235846524633
S2140175E8238802F0FDFD18B1E38843F02003E38009
S2140175F8209B07A90DA8CDE90D34CDF83C90ADF830
S2140176084080ADF842608DF844708DF845A01EF0B4
S2140176180FFC08B10798BFE7484602F025FDA01DF4
S21401762802F010FD2246414638461EF044FDB0429F
S21401763827D3E3882246C3F30E03E3809DF87C3004
S21401764841460393BDF87830384602930DF11A0384
S214017658CDE90093F3B21DF07CFE209B079003B39F
S214017668F8B9BDF81A2042B1092D06D81B4B03EB11
S214017678C5018A80209A43F835201120FAF7CCFBF9
S2140176881CE0BAF1000F0AD10DF11A03CDE9006327
S21401769822464B4641463846FAF7D2FFDDE7382000
S2140176A8DBE7052807D1E388DB0607D50023012099
S2140176B80793FFF705FF079B002BDED01EF02CFC77
S2140176C8A8E7012068E7212066E71C2064E7EDB2F9
S2140176D84FE700BFC440002030410020C0400020D2
S2140176E84FF6FF72024B1A805A809A80704700BF85
S2140176F85056002010B5044C2379FF2B02D11FF0F9
S21401770810F82071207910BD5056002010B50C4C89
S2140177182379FF2B08D100201EF0F9FB20B91FF0B2
S21401772800F820711EF0F8FB2079022805D00438ED
S214017738012894BF0020012010BD0020FCE700BFEF
S214017748505600204FF6FF7310B5044C22889A4213
S21401775802D11EF0DCFF2080208810BD5056002084
S21401776810B5FFF7BDFF40F61D439842044607D8FB
S214017778B0F5416F05D2182826D8152848D829D03B
S21401778810BDA0F541630D2BFAD801A252F823F0DB
S214017798DD770100DD77010089770100897701002F
S2140177A889770100897701008977010089770100C7
S2140177B82D7801003F780100D9770100D9770100BB
S2140177C8D9770100D977010040F606439842D7D108
S2140177D81C4920E0FFF7B6FF1B490246002001F0CE
S2140177E843FC152C05D11EF07CFFBDE810401EF0A9
S2140177F828BB164B164A1749B4F5416F08BF1A46F7
S214017808002001F031FC1EF01BFB1EF01AFBECE712
S2140178181628DDD11049002001F026FCBDE81040ED
S2140178281EF031BC1DF07CFEBDE8104002460B4937
S214017838002001F019BC0020BDE81040084901F0FD
S21401784813BC00BFE51A0400921A0400051E0400C2
S2140178588D1A0400AE1A0400CE1A0400FA1A04009F
S214017868221B040007B5094A0346108831B9084A9D
S214017878084903B05DF804EB01F010BC0091064A14
S214017888064901F00BFC03B05DF804FB68560020BE
S21401789811E60300421B0400B5E6030014EB0300DF
S2140178A80D4B37B51B68044693B11D780389012D26
S2140178B808BF02250093C37A084A0020084901F048
S2140178C8D3FB2146284603B0BDE830401EF0E1BE92
S2140178D8022003B030BD00BFFC410020B71B0400E6
S2140178E8661B0400002010B51EF011FB0D4B1B682B
S2140178F863B15A78052A03D862B1052402220AE040
S214017908FF2AFAD00020084901F0AEFBBDE8104076
S2140179181EF002BB144610461EF017FF20461EF046
S21401792812FFF3E7FC410020BC1B040013B5134CFF
S21401793800201EF0ECFAFFF7D3FE23689BB101A8DE
S2140179481DF0E1FD78B923681A789DF804309A424B
S21401795809D0D91E032906D9D11E012903D9012A1E
S21401796807D1022B05D1032301A8ADF804301EF078
S21401797896FE02B0BDE810401EF0CEBAFC410020CB
S21401798800231946034A01330A2B918042F8081B43
S214017998F9D17047C04000207FB50E4605461EF057
S2140179A880FE2A46044603460D49002001F05CFB8A
S2140179B896B10C4B36211A889B78ADF80C208DF8B9
S2140179C80E300323002200934FF6FC7003AB8DF8AC
S2140179D80D501EF0BAFD0446204604B070BD00BF27
S2140179E8DD1B040054730400FF2810B50C4604D1AF
S2140179F80020044901F038FBFE202146BDE810406E
S214017A08FFF7CABFF61B0400F8B51E460B880746E3
S214017A180C461546002B64D14A88B1F9021000209D
S214017A280029B8BF6B78304901F01EFB6288132A1B
S214017A381DD002F5FF437F339BB2052B23D8A2F551
S214017A480042013A052A1ED8DFE802F0193F1D0355
S214017A583C09264A2649002001F006FB13E0254A80
S214017A682349002001F01AFB2A792349F3E7022E5D
S214017A7894BF4FF6FF72B5F801202049EBE70020C6
S214017A881F4901F0F1FA33462A46214638461FF0C7
S214017A9864FE70B933462A46214638461FF05FFE13
S214017AA848F2210362889A4203D1384669781EF063
S214017AB8B5F96388B3F5004F02D90820FAF7C6F975
S214017AC80120F8BD2A790F49C5E70F4A0849002061
S214017AD801F0E4FA032E94BF4FF6FF726A880B4949
S214017AE8B9E70020EDE700BF311C0400591C04006B
S214017AF8601C0400711C0400771C0400851C04002B
S214017B089D1C0400B71C0400D91C0400DE1C0400DC
S214017B182DE9F04116888AB0DFF88C80ADF80E3072
S214017B280DF10E03C8F8002015460093324610AB37
S214017B3807460C46FAF716FE90BB109B8DF82400F4
S214017B480693BDF80E3004A8ADF81C30AB898DF845
S214017B581070ADF820306B890594ADF81E60ADF84D
S214017B6822301EF063F9D8B921463046BDF80E30EA
S214017B78109A01F0C9FF98B921463046BDF80E3073
S214017B88109AFFF741FF58B9CDE9006039462046FB
S214017B98BDF80E30109A02F049FB08B9C8F8000083
S214017BA80AB0BDE8F08100BFBC400020F0B585B042
S214017BB804AB03E9030000231C469DF80D609DF8FD
S214017BC80E70154AD9B202EBC1004568EDB99DF8A9
S214017BD80C30284600939DF80A209DF80B300F4973
S214017BE801F05CFA26B1324628460D4901F056FAEC
S214017BF80C4A0020002C18BF2246BDF808300A4956
S214017C0805B0BDE8F04001F02FBA12F83110013383
S214017C18B94208BF2C46D5E7FC720400F01C0400E4
S214017C28011D040080E50300051D04004FF6FF73DF
S214017C3810B5084C88B062889A4207D102A90DF19E
S214017C4807001DF05EFCBDF810306380608808B040
S214017C5810BD00BF505600202DE9F04F85B089466B
S214017C6892461C460746BDF83850BDF83C80109E23
S214017C78002833D00346464A0020464901F00EFA4A
S214017C882388002B76D040F20912934274D0424AD8
S214017C984249B3F5827F08BF0A46CDF80480618859
S214017CA8002000913E4901F0F9F9238893B1B8F113
S214017CB8020F0FD933783B4913F0010F3A4A18BF20
S214017CC80A4659074FF000004CBF3379B378374955
S214017CD801F0E4F90020364901F0C6F900233549D8
S214017CE831F83320AA4249D1334A52F833B0002337
S214017CF831F83300DA00A84246D100202E490A445A
S214017D08908041F8330047B9238833B9B4F9023073
S214017D18002B02DB0820FAF77FF80120FAF796F81D
S214017D289EB13578EB0710D515F0040004D042460D
S214017D38012130461EF0D5F8CDE9017043462246AA
S214017D485146484600961DF0EEFDBBF1000F06D0E1
S214017D584346224651464846CDE90067D84743463A
S214017D68224651464846CDE900671DF0A2FA05B0FD
S214017D78BDE8F08F114A90E7114A8EE701330A2BC6
S214017D88AED14FF0000BB2E701330A2BB0D1BAE7F8
S214017D98BDDC03002C1D040081E503001A1D040048
S214017DA83A1D04001D1D0400251D04006B1D04005A
S214017DB8051E0400C4400020C0400020131D040016
S214017DC8171D04000D4BF0B54FF00C0C1F88054627
S214017DD800230B4EDCB2BC4201D30020F0BD0CFBE5
S214017DE804F43019345DAC4205D144888C4202D182
S214017DF804799442F2D00133ECE700BFCA69002047
S214017E081066002073B501262B4D2C4C2A462046B9
S214017E18FF2300210096F9F701FB2A462046FF2397
S214017E2800210096F9F7FAFA2A462046FF23002190
S214017E380096F9F7F3FA2A462046FF230021009612
S214017E48F9F7ECFA2A462046FF2300210096F9F7AF
S214017E58E5FA2A462046FF2300210096F9F7DEFABE
S214017E682A462046FF2300210096F9F7D7FA2A4624
S214017E782046FF2300210096F9F7D0FA2A46204625
S214017E88FF2300210096F9F7C9FA2A462046FF2360
S214017E9800210096F9F7C2FA2A462046FF23002158
S214017EA80096F9F7BBFAFF232A46002120460096DA
S214017EB8F9F7B4FA02B070BDE94B0300104100208F
S214017EC82DE9F84300244FF00C090C4B0C4F1E7893
S214017ED8DFF830803A88E5B2954202D33046BDE8ED
S214017EE8F88309FB0585FF21A8681CF074FA18B900
S214017EF8AB799E4238BF1E460134EBE7D95C0020B9
S214017F08CA69002010660020014B1878704700BF28
S214017F18D95C0020014B1870704700BFD95C00205F
S214017F28F8B506460C461DF06EFF0546C8B930463C
S214017F381DF09CFC0B2815D80B4B03EB00131F7B7D
S214017F4887B95A88012122809A88304662809B79AF
S214017F58237100F037FA39466071304600F032FA7C
S214017F68A07101252846F8BD3041002070B50446A9
S214017F780E4615461DF07AFC0B2802D94FF6FF70FF
S214017F8870BD094B03EB00131A7B002AF6D146B9DC
S214017F9801222946204600F03DFA0028EED0008846
S214017FA8EEE7012EEAD1F4E730410020FF2313B5AE
S214017FB80DF1070104468DF807301DF022FF18B1B0
S214017FC89DF8070002B010BD074B03EB04131B7B9B
S214017FD80BB1FF20F6E7204600F03AF90028F8D062
S214017FE8204600F0E9F9EDE73041002013B5F6F731
S214017FF8EBF90446F6F7EEF9224603461249002045
S21401800801F032F800F084FFFFF7BAFC00F0A6F89A
S2140180180221084602F046FDFFF764FC41F24900DA
S2140180281EF0A5FB4FF0FF130093FF2368468DF85B
S21401803804301EF082FB4FF400401EF060FB002067
S2140180481EF07DFB02B010BDBA1D040038B505460A
S2140180581DF0F9FE90B928461EF0A5FA044628B187
S21401806840F60443984214BF88248D2423462A46A2
S2140180780020034900F0F8FF204638BD8D24FBE7B1
S214018088D21D04002DE9FF4705460E4617469846B9
S214018098BDF83090DDF834A0BDF83840CDF8009032
S2140180A8CDE9014AE4B2FFF7D7FD43463A463146E1
S2140180B82846CDE90094CDF808A01FF017FBFF214C
S2140180C8034B044A044804B0BDE8F04700F01ABE62
S2140180D85C56002058560020B15E0020044B01462D
S2140180E81888102240F0404040F48010F6F79CBFF4
S2140180F852700400024B18685968FFF757BD00BF55
S2140181089ECB04000123064AD15C814202D1054A6E
S214018118D05C704702335F2BF6D10020704700BF52
S214018128567304005773040070B500220446094BC1
S2140181381D78094BD0B2854201D8FF2070BD1E7844
S214018148A64204D10029F9D05E7BF607F6D401329F
S2140181581033EFE7DA5C0020304100202DE9F041CA
S21401816898B06B46304A1068516803C390680CAAE9
S21401817818602E4B14469C4603F1180615461868D7
S2140181885968083303C5B3422A46F7D112AA1746D7
S214018198274B03F11806154618685968083303C5AE
S2140181A8B3422A46F7D1234A03AB106851684FF009
S2140181B8010E03C3906871681860DCF8300000226D
S2140181C806AB03C30C21EC46B068CDE9092218605A
S2140181D8194BDFF86C801970184B0DEB01060B92E2
S2140181E806AD09A91CF8010B0132187034F8020B08
S2140181F80C2A588037F8020B83F80DE0988016F899
S214018208010B03F1100303F80A0C15F8010B08EB30
S214018218C00043F8080C11F8010B03F8040CE1D16F
S21401822818B0BDE8F08100BFEC1D0400C676040056
S214018238DE760400F91D0400DA5C002030410020D7
S214018248C0730400014B1878704700BFDA5C002041
S214018258034B03EB0013587B00F00100704700BF87
S21401826830410020F0B504460846D9B100220E4B2D
S21401827811461F780D4B1D46D6B2B74201D80020CD
S21401828810E01E78A64206D09E68F688314489B268
S21401829801321033F0E75E7BF607F9D505EB0215D8
S2140182A80180A868F0BD00BFDA5C002030410020DC
S2140182B82DE9F347894690461D46074618B900201A
S2140182C802B0BDE8F0870029F9D0002AF7D0002BC4
S2140182D8F5D0002400780DF10601ADF80640FFF749
S2140182E8C1FF0028EBD039460DF10602BDF806603D
S2140182F81DF0B1F907460028E1D00DF10602BDF8D8
S21401830806A01DF0CFF90028D9D0C9F80070C8F822
S2140183180000037913F0200219D1DB0614D4BDF846
S21401832806300C4A564413FA86F612FA86F20BE021
S2140183381A790C33920642BF13F8092C891889B2A8
S2140183489842F5D8044A0A4401202A60B8E721462B
S214018358024BF5E7FD5D0020DB5C0020007604009B
S21401836808B50021FFF7E0FEFF2817BF044B0846B3
S21401837803EB0013587B18BF00F0010008BD00BFCF
S214018388304100202DE9F0410D4616461F461DF0E6
S2140183986DFA0B280AD8074C3B4604EB0010324608
S2140183A82946BDE8F04180681DF02DBA0020BDE8D9
S2140183B8F08100BF30410020014B0001185C704776
S2140183C83041002070B50C461DF050FA0B281BD81A
S2140183D80F4B03EB00139A68C2B100231426184604
S2140183E81579D9B28D4200D870BD116806FB031104
S2140183F8097B34B911F0800F1CBF0130C0B20133BC
S214018408EFE711F0400FF7E70020EDE71046EBE73E
S21401841830410020F8B50D4616461DF027FA0B2800
S2140184280BD80F4B4FF0140C03EB00139A6800237C
S2140184381C461779D9B28F4201D80020F8BD1068BA
S2140184480CFB0300017B46B911F0800F03D0AC4248
S214018458F4D00134E4B20133ECE711F0400FF5E74C
S214018468304100202DE9F04F064600243A4B87B0EC
S2140184781B783A4F0093009B9C4207D2FF2E08D0E8
S21401848830461DF0F3F90B28044606D907B0BDE8B7
S214018498F08F07EB04131B7B2BBB23014FF000085F
S2140184A8019307EB041A14E014221B6802FB053536
S2140184B82B89B3F5967F01D924F06AF84FF00009A5
S2140184C84FF00C0B29891FFA89F291420ED808F150
S2140184D80108019B5FFA88F5FB189B681A79AA427E
S2140184E8E2D8FF2ED2D10134E4B2C4E71FFA89F0EC
S2140184F80BFB00F06B6819180A7912F0100F23D1DC
S2140185089AF800E012F0400F8DF80CE0B5F800E09C
S214018518185AADF80EE00CBF4FF0400E4FF0800E23
S214018528ADF8120028468DF810E01DF060F85307E4
S214018538ADF81400C8780AD50228896800D90968F0
S214018548002203A81DF02FF909F10109BAE702284C
S2140185588CBF89680831F3E7DA5C002030410020D7
S214018568052370B5094A06881488B44208D1957857
S214018578047B2C403F2C03D90D4201D0506870BDB6
S214018588013B02F10802EFD11846F8E770760400BD
S21401859870B50024074D084E2B78E0B2834200D808
S2140185A870BD06EB0010437BDB0701D51DF03DFAD5
S2140185B80134F1E7DA5C002030410020F8B50C46BA
S2140185C800210546FFF7B0FDFF2829D0154A060108
S2140185D802EB00135B7B03F001016CB143F001036E
S2140185E81644A142737305D0C4B100B202EB001061
S2140185F81DF01BFA0120F8BD2346F1E77B431168FD
S2140186082846CA18127BC95AD2091CF07AFE0134C8
S214018618B268E3B211799942F0D8EBE71427F7E785
S2140186280846E8E730410020F0B59446497D20B376
S21401863839B3012918BF042100254FF6FF702F46CC
S2140186482A46144E3488644511D196F803E01EEA8A
S214018658010F0CD0B4789C4209D30AB1BC4206D8A3
S2140186681EF0100F03D08AB1BC420CD370B9013585
S214018678072D06F10406E5D1F0BD002908BF08213B
S214018688D8E70221D8E727460020F0E72746012247
S214018698FAE700BF547604002DE9F04F0A9FBDF8AB
S2140186A824E09DF82C809DF830904C7D78B394B3E7
S2140186B8012C18BF04240025194800F11C0C068853
S2140186C896421ED190F803B01BEA040F19D086789B
S2140186D8464516D31BF0100F91F80FA004D0BAF137
S2140186E8000F0ED0B1F810A0BAF1000F09D1A945B4
S2140186F813D0AE4511D95E553E88013501363E8008
S214018708ADB204306045DAD10120BDE8F08F002C07
S21401871808BF0824CDE70224CDE70020F5E700BF0F
S214018728547604002DE9F04F0024B1F57C4F0E462F
S21401873838BF4FF0010BA246A1464FF6FF781F46F9
S21401874828BF274B85B028BFB3F800B00090019228
S2140187585C4503D3404605B0BDE8F08FB6F57C4FBF
S2140187680CD3204B3A4603EB840331465B880098CA
S214018778FFF708FE054680B300232AE03A4631464D
S21401878800981DF0A3F8F5E70C229CB254436A68DA
S2140187980199105B02EB040C884219D3B9F1000F5A
S2140187A801D0504514D861462846CDE902321CF05E
S2140187B81EFF029B60B1039A125BB9F1000F03D04A
S2140187C8524501D3804503D9924680464FF00109A8
S2140187D801332A899CB2A242D6D80134A4B2B7E79B
S2140187E8B6730400B87304002DE9F04F91461A4693
S2140187F800238BB08DF82020BDF850208DF81C0082
S214018808ADF81E10ADF8242005460F461A4604A9F1
S21401881807A8159C9DF858609DF85CA09DF860B067
S2140188289DF864800493ADF822901CF068FF0498C4
S21401883850B92B46CDE90079644A654900F014FC25
S21401884886200BB0BDE8F08FBAF1000F14D18378FB
S214018858B34206D050465D4A5E4900F005FC8D20BD
S214018868EFE7037913F0010306D11846574A5A4928
S21401887800F0FAFB8820E4E703795B072CD58368C8
S2140188885A689B680592069380781DF0CCFC049B79
S2140188980546DF782146022F03463A4610D805A832
S2140188A81DF07DFC81462B463A46214606A81DF05A
S2140188B876FCB9F1010F01D001300DD18720C0E750
S2140188C805981DF06CFC0128F8D02B463A4621463F
S2140188D806981DF064FCEFE7BBF1000F6FD1049F0B
S2140188E84FF6FF722146B8781CF01FFE00286BD0A1
S2140188F8BDF82430C5B20093CDE902549DF8203066
S214018908BDF82220BDF81E109DF81C0001961DF02A
S21401891889FA002895D1BDF82430CDE90254009390
S214018928BDF822209DF82030BDF81E109DF81C00C9
S21401893801961DF054F8002883D121469DF8682039
S21401894807A81CF030FF00287FF47BAFB8F1000FB2
S21401895807D03B462046BDF81E209DF81C101CF08B
S214018968C5FFBDF82430BDF82220BDF81E109DF8BD
S2140189781C000093CDE901649DF82030FEF73CFB0E
S214018988BDF82430BDF82220BDF81E109DF81C0045
S2140189980093CDE902549DF8203001961DF041FA66
S2140189A8BDF82430BDF822200093BDF81E109DF8AE
S2140189B820309DF81C001CF0EAFF002041E700204B
S2140189C8064900F051FBF8E701203AE7061E0400C5
S2140189D8121E04003E1E0400521E0400661E0400F9
S2140189E87FB500258DF80830BDF820308DF80400D5
S2140189F8ADF80610ADF80A20ADF80C306946BDF89A
S214018A082830099A01A80B9E00951CF078FE0446AA
S214018A1830B916B1009B9B783370204604B070BD00
S214018A288928FAD12846024900F01EFBF5E700BF5F
S214018A38831E04002DE9F04F4FF0000AC7B0FFF778
S214018A4801FC5FFA8AF6B04202D847B0BDE8F08F5B
S214018A585B4B36019A5D00205A4900F005FB002061
S214018A68594900F001FB00230593554B9DF8144026
S214018A7833449B681A79A24202D80AF1010ADEE752
S214018A8814224FF000091B6802FB043422891FFADE
S214018A9889F39A4202D8059B0133E5E70C231FFAAE
S214018AA889F803FB08F8D4F804B023F071FD0BEB42
S214018AB808052B79454913F0400F3BF80830228802
S214018AC84FF000000093424B18BF0B46414900F097
S214018AD8E5FA294620461CF08AFD074600283CD1BF
S214018AE83D4900F0DBFA2979DFF814C111F0010FCE
S214018AF83A4818BF604611F0020FAA78EB7832D1CF
S214018B08DFF800C111F0100F354918BF6146CDE9ED
S214018B1800010020334900F0C1FA2B793BF8082000
S214018B2813F0400F4FF0000B4FF0FD030DF118083E
S214018B382188CDE9023BCDE9007821480CBF4023C6
S214018B488023805DFFF74CFF86280ED1264900203A
S214018B5800F08AFA09F1010998E70246234900203C
S214018B6800F09CFABFE72249D1E7A8781CF02FFD50
S214018B78D8B140461DF0BBF9421C92B201234146CA
S214018B88002000F0D5F93946208801F001FA4FF6A1
S214018B98FF73984207D0174B174903EBC0035A686F
S214018BA8002000F061FA1549D1E7A8781CF015FDF8
S214018BB820B140461DF0A0F9821CDEE7EA78DDE721
S214018BC830410020D51E0400E31E0400AD1E04003B
S214018BD8B21E0400231F040066100400BA1E040017
S214018BE8BD1E0400371F0400531F0400F4230400AD
S214018BF8C51E04004077040040EF0300051E04006C
S214018C08B71E0400CD1E04002DE9F04FC7B0BDF80D
S214018C1844A10646BAF1040F0D4614461F46BDF890
S214018C2840B163D9CDE9013B00920B460246304973
S214018C38002000F019FAFD230DF117090DF11808A7
S214018C483046029322463B462946CDE900B8CDF880
S214018C580C90FFF7C5FE0646B8B9FD22414699F8BD
S214018C6800001CF062FC0746C0B1AAF10403834267
S214018C7838BF892620461DF0F7F88EB1304600F039
S214018C881BF9304647B0BDE8F08F009023462A46C8
S214018C980020184900F0E8F90027EBE78926E9E7FC
S214018CA8DFF85CA0BA1CBAF80030C3F1FF039A4299
S214018CB819DA304600F000F999F8000000F0FCF8DF
S214018CC8BAF800900C483A4641464844B94405F07B
S214018CD81FF8AAF8009023462A4630460749009707
S214018CE800F0C2F9CDE7892000F0E6F88926C8E742
S214018CF85F1F04009A1F0400B15E0020C11F040014
S214018D085856002010B5044C2060044801800449D8
S214018D180A60044A136010BDF84100205656002028
S214018D28F4410020F041002030B587B00AAC0D466A
S214018D3854F8041B0093CDE9011413460949024669
S214018D4809480988006805941CF090FF4FF48A5278
S214018D58064B1B681880064B1B685D80DA8007B0D7
S214018D6830BD00BF56560020F8410020F4410020CF
S214018D78F041002008B410B587B009AB0C4653F88B
S214018D88041B0092CDE9011302460B490B480593D3
S214018D980988002300681CF069FF4FF48A52084BC3
S214018DA81B681880074B1B685C80DA8007B0BDE833
S214018DB8104001B0704700BF56560020F841002009
S214018DC8F4410020F0410020044A03461168044893
S214018DD8044A0988126800681CF021BAF441002088
S214018DE8F0410020F8410020044B054A1B68126830
S214018DF81988044B18681CF085B900BFF441002097
S214018E08F8410020F041002007B5074B1B681B8876
S214018E180192064A12680092054A12681CF0D3F9B4
S214018E2803B05DF804FB00BFF4410020F8410020C0
S214018E38F04100201FB51446064A12681288CDE98B
S214018E4801430091044B05491B6809681CF097F912
S214018E5804B010BDF4410020F8410020F041002084
S214018E68014B1868704700BFF0410020024B1B6891
S214018E7818715971704700BFF041002010B50024E1
S214018E88084B1C70FEF75EFC074BFF221880214634
S214018E98064804F0ADFD064B1C80064B1C605C6062
S214018EA89C6010BDBB5F00205A560020B15E0020B2
S214018EB8585600205C56002007490B88FE2B9FBF9A
S214018EC8064AD054581C80B29DBF088000F1FF3076
S214018ED880180020704700BF58560020B15E002059
S214018EE8F8B5094F0D463B885C18FE2C0ADC074E80
S214018EF80A46A4B20146F01804F0CCFD3C80641B77
S214018F08A019F8BD0020FCE758560020B15E0020E5
S214018F18024B034A00201A60704700BFFC4100203C
S214018F28BC730400014B1878704700BF304100201D
S214018F3830B4044D044C002B0CBF2B46234630BCE2
S214018F481CF0FEBFADDD03009420040070B5054695
S214018F5808460C461CF0CBFF611C0246024B28460D
S214018F68BDE870401CF0ECBFB327040000B50378D9
S214018F7889B0069343783E2205938378084904937B
S214018F88C378039303790293437901938379009312
S214018F98C3790448008800F081F809B05DF804FB3D
S214018FA8EF1F040068560020024B02460249188843
S214018FB800F05AB86856002019E403002DE9F04776
S214018FC805460E4617460024DFF84480DFF844A01D
S214018FD8DFF84490AC4201D1BDE8F087B8F800004C
S214018FE806EBC401534608221CF0AAFF0134B8F860
S214018FF800003FB9044AA54208BF4A46034900F0A3
S2140190084DF8E7E74A46F9E7051E040018E40300A9
S2140190186856002094200400E1CC03002DE9F041B5
S2140190280E4E044630881CF0A3FFA8B100250C4F4D
S214019038DFF83080E3070AD518B94146308800F0D2
S2140190482DF830882A46394600F028F800200135E0
S2140190581B2D4FEA5404EDD1BDE8F0816856002077
S214019068AC0C0400371D04000EB417B505A9044658
S21401907851F8040B019103F0B1FB01210220054AC6
S214019088F8F7ECFC044B1C8003B0BDE8104003B0B5
S214019098704700BF051E0400685600200EB417B5B9
S2140190A805A9044651F8040B019103F097FB034BFD
S2140190B81C8003B0BDE8104003B070476856002016
S2140190C813B503680446587900F032FF90B923684F
S2140190D85A88032A0ED0E17C5B79CDE9002116492E
S2140190E8164AFFF7C1FF012120461CF0E1FF0120C7
S2140190F802B010BD637D012B0AD0637D33B92368A6
S214019108228A598858791CF0BDFB48B9C3200AE061
S2140191182368228A598858791CF0BDFB0028ECD0B0
S21401912820461CF027FF064B1B78002BDFD110F5D5
S214019138807FDCD0C1B2D7E71C20040014200400CD
S214019148B25F0020002970B50F491D460F4B144623
S2140191580CBF6E227922002808BF0B4600200C4956
S214019168FFF79CFF0B4E2544AC4205D1BDE8704085
S21401917800200949FFF778BF3146002014F8012B73
S214019188FFF78CFFF0E700BF552004004B200400D2
S2140191985E20040092200400E90304002DE9F04F44
S2140191A8C27C8BB00592427D0368002A14BF8022D8
S2140191B84022077D0446856886895879B846B3F8FB
S2140191C80290069200F0B4FEA0B9059B052B05D8BF
S2140191D86FF02D03059A1341DB070BD5B9F1030F81
S2140191E808D0AB490020FFF73FFF012120461CF0BD
S2140191F85FFF76E0E37B1BB1228A002A00F0B78185
S214019208607D0022B0FA80F05B4203F00403DFF8C9
S2140192188CB2400943EAC000ABF80020FFF74CFEC9
S214019228E37B1BB3208A1CF01FFE8246A07CFFF757
S21401923843FE059A162A00F29A81DFE812F0190011
S2140192489E016C005600D2016C009201D9019A0168
S214019258E001E701EE01390102029801980198013F
S2140192681402580214027002390102029A46DDE716
S21401927800204B46874A8849FFF7F6FE0120FFF78C
S2140192881BFE08F10207B74229D84146324628464E
S2140192981CF027FE8046236842465879BBF8003002
S2140192A84946C3F1FF039BB20193238A0093069BA9
S2140192B81EF056FA10B11FFA87F8E2E7236842460D
S2140192C85879BBF800304946C3F1FF039BB20193B6
S2140192D8238A0093069BFFF797FC8928EBD11CF09D
S2140192E8E1FE01200BB0BDE8F08F4FF0000B042023
S2140192F8FFF7E2FDF31E0893089B984552D3BBF18E
S214019308000FECD1E37B94F81480002B0CBF0222EB
S2140193180422624B1A804FF0000B0420FFF7CCFDA5
S2140193285F4608F1030A564540F29D80324641469B
S21401933828461CF0D6FD05EB08039B78F21EAA44C6
S214019348A2EB080207905146184692B209931CF000
S214019358ECF80890002879D02268099B5079CDE965
S21401936801A3238A49460093DDE906321CF00CFC6A
S21401937882464A460020079B4949FFF78FFEBAF105
S214019388000F55D10BF10103504646495FFA83FB9E
S214019398FFF76AFE089B08F1030813FA88F81FFA14
S2140193A888F8BEE73246414628461CF09AFD05EB8A
S2140193B808039F78089B08F10301A3EB08022944D8
S2140193C8824692B2384609911CF0AFF8079068B306
S2140193D823680999587902970191238A524600937E
S2140193E84946069B1CF020FC0746B8B10BF1010361
S2140193F838465FFA83FBFFF75FFD50461CF034FDE5
S21401940853464A4600202649FFF72EFE3A460020D4
S2140194182549FFF729FE802F3FF471AF079B08F116
S214019428030813FA88F81FFA88F865E78027DDE746
S2140194385046FFF741FD07981CF016FD01375246C6
S21401944800201949FFB2FFF70FFEA3E78720FFF7B1
S21401945833FD07981CF008FD013787221249089842
S214019468FFB2FFF701FE059B052B3FF43AAF002F2D
S2140194787FF435AFBBF1000F05D10C495846FFF70D
S214019488F3FD8021B2E63846FFF716FD27E700BF51
S21401949864D403009F200400EC20040058560020E2
S2140194A8A9200400EC1F0400C5200400CF200400F6
S2140194B80599A84AA84B0020152918BF1346CDF8C8
S2140194C80090A64AA649FFF7CFFD059B0C2B14BFB3
S2140194D816200D20FFF7F0FC3246284639461CF0C8
S2140194E800FD059B3D440C2B0646AD7835D1192D5C
S2140194F828BF1925E37BB3B14FF6FF73278A9F422E
S21401950811D1206832464946069B4079FFF70AF989
S214019518B84208D0BAF1000F05D020828AF80000B8
S214019528000A8AF801000020BBF80070FFF7C4FCA7
S214019538236832465879059B4946A3F1150CDCF198
S214019548000343EB0C03CDE90153238A0093069BE2
S2140195581CF08EFA834BD855C1E6132D28BF132568
S214019568C8E72046FDF7D0FB00287FF4BAAE812174
S2140195783CE62046FDF77CF8F6E7B9F10A0F05EB5D
S2140195880708A6EB070A21D1DFF8DCB19BF8003003
S214019598E3B1E37BD3B9BAF1080F17D1324639469E
S2140195A828461CF09EFC88B998F8023073B998F8DA
S2140195B80320E22A0AD13246391D284605931CF0B3
S2140195C88DFC1CF05AFD059B8BF800304146484639
S2140195D81FFA8AF21EF0C6F800287FF482AE002130
S2140195E804E6F21B484692B2E9191CF037FCF3E789
S2140195F8F21B484692B2E9191CF0F4FBECE7F21BA1
S214019608484692B2E9191CF019FCE5E7F21B4846F0
S21401961892B2E9191EF0A8F8DEE72368EE5D5879DC
S214019628238A0137ED5D0193069B3246494600932E
S2140196382B461CF05CF92A46314648461CF0D4FBFA
S2140196484FE605987A1CE95DB31AA0F11606704232
S21401965870410039009018BF012148469BB22A4440
S2140196681CF0C4FBB8E7059BEE5D112B3D446F78F3
S21401967838D11220FFF720FC0025E37BB3B14FF663
S214019688FF73B4F81080984510D133464A462146F0
S2140196982846FEF7C9FF404508D0BAF1000F05D0A5
S2140196A820828AF80000000A8AF80100BBF80080C8
S2140196B8DFF8B0A0C8F1FE0292B208F101030092E9
S2140196C853444A4621462846CDE90267CDF804B0F8
S2140196D8FEF7E2FFBBF800300AF808000133ABF8E2
S2140196E80030FCE51420FFF7E7FB0125C5E77B1CE6
S2140196F89E422CD3EF5D1D44003F18BF0127F31A85
S2140197089EB233462A4639460020FFF71BFD0096CF
S2140197182B463A464846218A1CF06CFB5CE77B1CC4
S2140197289E4214D3EF5DF61A003F18BF01271D4469
S214019738B6B233462A4639460120FFF703FD00969E
S2140197482B463A464846218A1CF052FB44E700203D
S214019758C8E500BF051E04009A200400E0200400A6
S214019768EA200400B15E0020B05F002038B54FF64D
S214019778FB750446A9424FF001019DF8100098BFF9
S21401978843F40043217023816260A0720223002003
S214019798084A0949FFF768FCE07A084B40F6CA020E
S2140197A803EB4010FF211AF0F7FDBDE8384004200E
S2140197B8F8F732BBFA2004000521040040420020D5
S2140197C830B5054685B028B91D4905B0BDE8304015
S2140197D8FFF74ABC0024007B1CF099FB2046194A77
S2140197E819492C70FFF740FC184BE87AFF2103EB68
S2140197F840101AF0E2FD2046154B02019A5C22B988
S21401980801300428F9D1F8F721FB696899B1B5F94F
S21401981808302A899B1303F002038DF80430C2F33B
S2140198280E03ADF806304FF6FF73ADF80830002387
S21401983801A80393884705B0BDE830401CF06CBB0F
S21401984830210400FA20040062210400404200206E
S214019858004200200948037873B91946084AD372AA
S2140198680133042B1173117051601181917202F149
S2140198781002F4D101230370704700BFB15F0020C6
S2140198880042002008B5FFF7E5FF002305491A0145
S2140198988A5C01EB03101AB10133042BF7D10020BF
S2140198A808BD00BF0042002070B50D460646FFF70A
S2140198B8D1FF0023094800EB0514A17AB14205D16E
S2140198C8217819B12B4400EB031070BD0133042B2A
S2140198D804F11004F1D10020F7E700BF0042002090
S2140198E810B50446FFF7B6FF0E4B9C4212D003F1A3
S2140198F82002944210D003F1400294420ED0603305
S2140199089C420DD10323084800EB0310BDE8104024
S214019918FFF756BF0023F6E70123F4E70223F2E731
S2140199280020F3E7404200200042002070B50024E2
S214019938064D074E2846324600210134F7F7A4FDA6
S214019948042C05F12005F5D170BD00BF404200206A
S214019958E99801002DE9F34105460C461746984655
S214019968FFF790FF064640B91C4A1D49FFF77CFBE6
S2140199780224204602B0BDE8F0814FF6FB739D42F3
S2140199880AD94FF6FD739D4204D00020134A1549A3
S214019998FFF76AFB4FF6FD75434621463A462846C9
S2140199A81CF053FB044600F02FFE804634B12346D4
S2140199B800200A4A0C49FFF757FBDAE73B462046E0
S2140199C8064A0A49FFF750FB062329463046089AF5
S2140199D8CDF80080FFF7CAFECBE700BFFA200400E7
S2140199E86F21040099210400CE210400F721040008
S2140199F8F7B506460C461746FFF744FF054638B93D
S214019A08104A1149FFF730FB0224204603B0F0BD87
S214019A1821464FF48A5230461CF0DFFC044600F01B
S214019A28F3FD34B123460020064A0849FFF71CFB1C
S214019A38EBE7009004233A4631462846FFF796FEA0
S214019A48E3E700BFFA2004006F2104001F22040088
S214019A58F7B506460F46FFF715FF054638B9104A0B
S214019A681049FFF701FB0224204603B0F0BD00228F
S214019A784023114630461CF074FE04461CF06FFE67
S214019A8834B123460020064A0749FFF7EDFAEBE70B
S214019A98009001233A4631462846FFF767FEE3E77A
S214019AA8FA2004006F2104005222040073B504460C
S214019AB80E46FFF7E7FE054638B9104A1049FFF784
S214019AC8D3FA0224204602B070BD00222046114671
S214019AD81CF049FE04461CF042FE34B12346002021
S214019AE8064A0849FFF7C0FAECE7009023463246D3
S214019AF84FF6FC712846FFF739FEE3E7FA20040023
S214019B086F210400802204002DE9F0418846107870
S214019B1800219EB014461D46FFF7C6FE06460028DD
S214019B2800F0FD800778002F7BD0B8F800100029D8
S214019B3840F0F5800389B8F8022043F400408242D9
S214019B4840F0ED80617800296BD1A2F50042062A23
S214019B5800F2E580DFE812F0A100A100E300E300CF
S214019B680700B8006900E3880D3DADF82430238965
S214019B7815F00105ADF8263063798DF82830E37ABB
S214019B8803F1060214F812208DF814308DF81C2003
S214019B9842D10BA98E46069104F10C005FFA85FCAA
S214019BA89C4500F1020009D210F8018C10F802CC8D
S214019BB801350CEB082C2EF802CBEFE701EB43013D
S214019BC81A440891D2B2590001F10D009A42C0B266
S214019BD80BD025186D78205C7831694400EB052098
S214019BE8013321F84C0CDBB2EDE7B6F908203389CE
S214019BF8002AACBF01220322C3F30E038DF8082006
S214019C086288ADF80A3005ABADF80C20049302A9BA
S214019C1830461CF005FA04E0424A43490020FFF7A3
S214019C2823FA38461EB0BDE8F081042D02D83D4A15
S214019C383E49F3E72379053DADB29D42B4F802806B
S214019C4802D0384A3A49E9E73A4A3B4B0020002D08
S214019C5808BF13463949334ACDF80080FFF704FA9E
S214019C6805348DF81450B6F90830069485B1002BE2
S214019C78ACBF012303238DF82C303389ADF830802F
S214019C88C3F30E03ADF82E3005AB0D930BA9BFE752
S214019C98002BACBF06230523EDE70B2DC7D9D4F857
S214019CA80200D4F8061013F4004F05AA03C20CBF2D
S214019CB8042203228DF82C206289C3F30E03ADF823
S214019CC83020ADF82E30DFE7042DB0D96388ADF823
S214019CD8303023790533DBB29D4206D00020114A85
S214019CE817490095FFF7C0F99BE70E4A002015496A
S214019CF8FFF7BAF9B6F908203389002AACBF012262
S214019D080322C3F30E03ADF82E3005AB0D93631D86
S214019D18069323798DF82C208DF81430B6E70027A2
S214019D287FE700BFFA200400AD220400D522040014
S214019D38E922040029DC0300051E040010230400A0
S214019D482D2304006E230400304BF0B5B0FBF3F26C
S214019D584FF4616503FB1200B0FBF5F3DCB205FBBB
S214019D6813033C25B3FBF5F3DBB2A0EB04104B71F0
S214019D78C3EB0313A0EB83004FF4FA630B8040F2A6
S214019D8801134B8001230C711F4600246425204EC5
S214019D988871944200D1F0BD91F802C013B1BCF1AC
S214019DA8020F2BD006EB0C0010F801ECC8787045B2
S214019DB80BBF012001300CF1010CC0B208BF81F8BD
S214019DC802C0C87088780D2816D10B888F700133A9
S214019DD89BB298070B8014D1B3FBF5F005FB103046
S214019DE880B280B94FF4C870B3FBF0FC00FB1C339B
S214019DF89BB2B3FA83F35B090134CAE74FF01D0E31
S214019E08D4E70023F8E70123F6E700BF80510100F5
S214019E180277040010B5044688B006A9FFF794FF38
S214019E289DF81E300A4803939DF81D30049402934A
S214019E389DF81C309DF81A200193BDF81830054985
S214019E48009300889DF81B30FFF70EF908B010BD87
S214019E586856002087230400026808B51188154B48
S214019E6819805188598051791971117959714FF4AE
S214019E788A51D980D28812F0200F0CBF0A464FF4B7
S214019E888B528169DA800C4A137831B9C0880B493C
S214019E9823F002030880137008BD43F00203137011
S214019EA8074B15221846013103F0F4FD002200F88D
S214019EB8012CF1E75C560020BB5F00205A560020B3
S214019EC86B56002010B5184C236858791BF0CEFC49
S214019ED80B2822D8154B03EB0010027B237F9A42EE
S214019EE81BD12368428819888A4205D04FF6FF702D
S214019EF8814212D1120410D42279023A012A06D9D3
S214019F08A37B63B9BDE810400748FFF747B919892D
S214019F1858791AF0E1FD0028F2D1002010BD024858
S214019F28BDE81040FFF7CCB8C442002030410020FD
S214019F3808B51BF09BFC0B2896BF024B0020185C4B
S214019F4808BD00BFC05F002008B500201BF0DFFF7A
S214019F58FF201BF0BEFC1BF0DFFF1BF086FEFEF7A2
S214019F6871F901210246064803F042FD054BFF211F
S214019F78054A0648FEF7C6FEBDE80840FEF708BBD8
S214019F88C05F00205C56002058560020B15E0020B5
S214019F98F0B5002204464FF6FF750B4F90B237F81E
S214019FA830600346AE4201D12846F0BDA64209D12B
S214019FB8B4F57C4FF9D307EBC3035B888B42F4D027
S214019FC80029F2D00132E9E74077040010B50446CB
S214019FD8FFF7DEFF094A034610884FF6FF729342E1
S214019FE814BF074A2246BDE8104017BF02EBC30359
S214019FF804495A680449FFF751B800BF685600205B
S21401A00840770400AA23040040EF0300034B1878A6
S21401A0180130C0B2187000F07F0070472D6A00202A
S21401A028044A137818B143F001031370704703F01C
S21401A038FE03FAE7BB5F0020014B1870704700BFAC
S21401A048BE5F002038B1074B1B78012B04D103886B
S21401A05843F0400303807047022BFCD1038823F0AA
S21401A0684003F7E7BE5F002068B1074A1378012B63
S21401A07807D1064B1B781370037843F0100303705F
S21401A08801E0022BF8D07047BD5F0020BC5F0020BE
S21401A0987FB50121264B274E197033780246D9071A
S21401A0A844D42549096881B10868C1888D0641BF2D
S21401A0B8224CE18841F02001E180C1884C0641BF6D
S21401A0C81E48C18841F04001C1801D4D1D492878B0
S21401A0D8097840074CBFE97069701B4913F0020400
S21401A0E8098809D0164A19481BF094FE337823F0DC
S21401A0F80203337004B070BD154B18884FF6FB7316
S21401A108984208D80B46CDE9005201460B4A20462C
S21401A1181BF059F8EEE74FF6FF73CDE901420093BD
S21401A1280A46074B05491BF02AF8E3E70020E1E752
S21401A138B25F0020BB5F0020C04200205C560020B2
S21401A148B15E00202E6A0020585600206A5600206C
S21401A1585A56002070B503790446012B0D4616465B
S21401A16831D883681B78DB0600D561B3A37B13B9A6
S21401A178E37C0B2B27D00022144B1A80637DB3FA9D
S21401A18883F35B09D800E37BABB9FEF795FEA07CA9
S21401A198FEF792FE0B20FEF78FFEE07CFEF78CFEA4
S21401A1A82846FEF789FE2046FFF756FE3046BDE8EC
S21401A1B87040FFF76DBF40F00400FEF77DFE208A71
S21401A1C81BF052FEE3E7002070BD00BF5856002082
S21401A1D8024B0A4601461868FFF7BCBFC04200207A
S21401A1E8F0B4054618460F4B0C461B78BDF8101000
S21401A1F8012B0D4E01D0377827B10023337000208C
S21401A208F0BC70470CB9002AF9D143B14FF6574351
S21401A218994204D02B462246F0BC1BF0E1BD012032
S21401A228EEE700BF2F6A0020BF5F00202DE9F04F40
S21401A238684C4FF0000A25468446964698460F46CF
S21401A248654B664E83F800A00FCE0FC596E80F0043
S21401A25885B085E80F00DDF83C90BDF838307246C9
S21401A2680093394643466046CDE9019400F0DCF890
S21401A278DFF89081064670B90025FEF7FFFD162225
S21401A2880021574803F0B4FB00232846C8F80030DD
S21401A29805B0BDE8F08F534BA27CC8F800401A7091
S21401A2A8514B1B78002B36D01BF0E9FE4F4902466E
S21401A2B85046FEF7F3FE22685046537952884C49B9
S21401A2C80092A289FEF7EAFE50461BF051FE20B125
S21401A2D82368218A5888FFF779FEE37B23B100209B
S21401A2E8228A4449FEF7DAFEA36800201A78E37C3E
S21401A2F841490093A37CFEF7D1FE207DA289A1687F
S21401A308121A01440123002092B2FEF711FE002022
S21401A3183A49FEF7A9FE2F48FFF79EFD2D481DF086
S21401A3281AFA054630BBB9F1000F25D12168E08835
S21401A3380B8801904988BA1E032A00918CBF002217
S21401A34801220121E07CFFF74BFF38B923685B79CE
S21401A358FF2B3AD0FFF7B6FD05468EE72368DB8864
S21401A3689A06F3D40121264C1A4821701BF0A0FE48
S21401A37884F80090354680E7B9F814309B07E5D491
S21401A3887AE75846FEF718F882465846FDF760FF02
S21401A39888B123685046228A59881BF06AFA50B158
S21401A3A83846FFF759FD236889F804A083F805A005
S21401A3B8FFF788FD00B9284605460136FDF742FF36
S21401A3C85FFA86FB5845DCD857E70026014FDFF8C9
S21401A3D83890F3E7C4420020B25F002020770400DB
S21401A3E86A5600202E6A00202C6A0020C323040027
S21401A3F8CC230400ED230400F923040073D50300DD
S21401A408BF5F0020C04200205C5600200023054A9A
S21401A418D15C814202D31A44507870470233DBB2CA
S21401A428F6E700BF0E77040073B515462E781A4670
S21401A43816F0040F0CBF032605269E42089C08D971
S21401A448224A234900960020FEF70EFE002002B09D
S21401A45870BDBDF8183021712060E380A560A28127
S21401A4682B7803F00103A3732B7803F00403002B66
S21401A47814BF01210021E1732978C1F3C001617578
S21401A4884FF00101217518D028461BF02AFD237DBF
S21401A498208202332375227D531CDBB22375A95C07
S21401A4A80232D2B2A1742275EB5CE374A3899A4294
S21401A4B805D900920749054AC5E72382EBE7079BBA
S21401A4C80120A36100232377C1E700BFBDDC030099
S21401A4D83C240400582404002DE9F7430024204FA7
S21401A4E8DFF89C80DFF89C90E0B21CF076F8FF2835
S21401A4F805460FD12346012102201A4AF7F7AEFA7C
S21401A508194B0134187819F049FB152CECD103B016
S21401A518BDE8F08346B238EA260328BF4B46012138
S21401A5280093022057F82430104AF7F797FA002EBE
S21401A538E6DA0923E340DB070AD50D4A0D4B15F089
S21401A548010F18BF1A4601210220F7F787FAD7E745
S21401A5580A2CD5D1084A094B15F0010FF1E700BFBF
S21401A56858770400B1240400306A0020D924040076
S21401A5788A24040074240400A62404009C240400ED
S21401A58829DC0300051E040008B5542200210248F0
S21401A59803F02EFA002008BD5857002008B55422AB
S21401A5A8FF21024803F024FA002008BD04570020C2
S21401A5B8024B23F810100020704700BF04570020F4
S21401A5C8002310B4074ADCB2A14203D85DF8044B55
S21401A5D8FFF7DABF2A2BF9D032F8024B20F81340DE
S21401A5E80133F0E758570020002310B5054A994271
S21401A5F801DD2A2B00D110BD32F8024B20F813409A
S21401A6080133F4E758570020024B187800F07F0012
S21401A618704700BFCC5F0020034B18780130C0B2EA
S21401A628187000F07F007047CC5F002030B51C46DC
S21401A63800238BB0ADF82220021D92B2012A0E9D8E
S21401A648ADF82030ADF81E10ADF81C3003D94FF622
S21401A658FF7290420FD10022CDE90352CDE90124C1
S21401A668094B01461B784FF6FF70009307AB1BF0AA
S21401A678D4FF0BB030BD0146CDE90153184600940E
S21401A68807AA1BF0E6FFF4E7316A002038B505464D
S21401A6984FF480500C4603F0B1FB4FF4805328600A
S21401A6A8236030B940F2A511BDE83840014821F0D1
S21401A6B862BF38BDC82504000048704716590020F7
S21401A6C8014B1878704700BF4A6A0020014B18886A
S21401A6D8704700BFD2690020014B1878704700BF49
S21401A6E8436A0020014B1878704700BFD05F0020EE
S21401A6F8014B1878704700BF3E6A0020014B18705E
S21401A708704700BFD35F0020014B1870704700BF29
S21401A718D25F0020014B1888704700BFD06900201F
S21401A7282DE9F74F4FF00008394B3A4F93F8009050
S21401A738394B3A4E3A4D3B4C3B483C49DFF8F4C05E
S21401A748DFF8FCE0DFF810A1DFF810B10193019BF8
S21401A7582037203301935FFA88F3994506F12006DE
S21401A76805F1200504F1200400F1200001F1200183
S21401A7780FD8002211462E4B2E4D1C782E4E2F4BED
S21401A7882F4FD0B2844203F1200338D803B0BDE876
S21401A798F08F2C4B2C4A47F81C3C002346E907232C
S21401A7A82A4A47E9063E45E90723294A46E905E3D1
S21401A7B844E90723274A45E905E340E90723019ABF
S21401A7C844E905E340E905E341E908CA41E9063EEB
S21401A7D847F820CC47F8103C46F820CC45F820CC62
S21401A7E844F820CC40F820CC41F8103C08F1010888
S21401A7F842E908CB42E9063E42F8103CA7E743E99E
S21401A808085643E9061743F8101C0132B9E700BF9A
S21401A8184E6A00209C4600209C4500207C4600206D
S21401A8285C460020FC450020DC450020BC45002095
S21401A838486A00205054002051D202001C460020CD
S21401A848051E0400978E03006F8D03008D9A020083
S21401A8582DB402009D6503000118030091890200CA
S21401A868002208B5074B1A605A601BF085FE064B96
S21401A87818701BF081FE054B1870054B1A78054BAE
S21401A8881A7008BDF25300200E6000200D600020EB
S21401A8983C6A00200C600020002100B593B00846F1
S21401A8A86A460AF071F90146C8B90E4B0E4A099371
S21401A8B80E4B0D920A930E4A0E4B0E920B930E4AAE
S21401A8C80E4BCDE90F230C930D4B6A4611930AF0F4
S21401A8D811FC003818BF012013B05DF804FB0120F5
S21401A8E8FAE700BF0189030029960200058B0300D9
S21401A8F8E96A0200CB65030055A50200658B0300D3
S21401A90859920200084B1878112806D8012809D947
S21401A918064BC34003F001007047A0F143035842B9
S21401A928584170470020704710600020340002002C
S21401A93808B5064B1B78013B022B05D80020FFF70C
S21401A948E1FF0138C0B208BDFF20FCE71160002016
S21401A958044B00F1100250F8041B904243F8041B04
S21401A968F9D1704712600020044B03F1100253F826
S21401A978041B934240F8041BF9D17047126000206B
S21401A98830B5002491B0114B0546214614220BA878
S21401A998CDE9094303F02CF8102209ABCDE90044B0
S21401A9A80693CDE90452CDE90252094B09490AA892
S21401A9B8F2F728FD04460AA81CF06CFC1CB1A0217D
S21401A9C8054821F0D8FD11B030BD00BF0024800035
S21401A9D800444004126000205326040070B5002489
S21401A9E890B0154B05460E46142221460BA8CDE914
S21401A9F8094302F0FDFF102209ABCDE90044069396
S21401AA083146CDE90452CDE902520C4B0AA8F2F7B9
S21401AA18F9FC04460AA81CF03DFC1CB1BA210848FA
S21401AA2821F0A9FD099B102B03D0BB21044821F076
S21401AA38A2FD10B070BD00BF002480000044400491
S21401AA485326040030B50D4600218FB0124B04463C
S21401AA58142209A8CDE9071302F0CAFF102207AB92
S21401AA68CDE90242CDE90042049329460B4B08A8DA
S21401AA78F2F77CFD044608A81CF00CFC1CB1D12199
S21401AA88074821F078FD079B102B03D0D2210448F4
S21401AA9821F071FD0FB030BD002480000044400451
S21401AAA8532604000022034B1870034B1970034BFE
S21401AAB81A7070472360002024600020226000205E
S21401AAC82DE9F04FDFF89080064698F800300D46DD
S21401AAD885B0002B3AD04FF6FB73984236D84FF024
S21401AAE8000B1C4FDFF874A03C7898F800305FFA2A
S21401AAF88BF94B459AF8000011D9484402AA0DF182
S21401AB080601C0B214F096FA082229460DEB020097
S21401AB1803F0BAFA0BF1010B0028E6D14C463B7854
S21401AB28A34208D198F80020631CDBB29A423B7016
S21401AB3804BF00233B70324629469AF800301C446D
S21401AB48E0B205B0BDE8F04F14F062BB05B0BDE851
S21401AB58F08F00BF226000202460002023600020C0
S21401AB682DE9F74F06460D4614461F464FF0010BD2
S21401AB78DFF8789003F10C0A15B903B0BDE8F08F39
S21401AB88102DA84628BF4FF010083A46164B5FFA14
S21401AB9888F152F8040B524543F8040BF9D1019198
S21401ABA89AF8002011481A70002389F80F4089F88E
S21401ABB800B089F80E30FFF7E3FE324601340B4841
S21401ABC80199E4B212F801CB10F8013B83EA0C03B1
S21401ABD802F8013C931BDBB28B42F3D3A5EB0808C2
S21401ABE816461FFA88F5C7E726600020256000206C
S21401ABF82DE9F04F9046914685B00090981A029339
S21401AC0883B20193009B0F46354903F10C0453F8B0
S21401AC18045BA34241F8045BF9D11B78314E0B70F3
S21401AC2849233370019BF0731B0A3046B373FFF751
S21401AC38A7FE0221BB460D46737888EA03037370A4
S21401AC484FF0000A1DE0C5F11004A9EB0A039BB2F8
S21401AC58A4B29C4228BF1C4600231FFA83FCE818AE
S21401AC686445C0B21FD82544EDB2A344102D544400
S21401AC781FFA84FA05D1002530460391FFF780FEB6
S21401AC880399D145DFD807EB080B25B11548039181
S21401AC98FFF776FE039901294FF000050DD0012133
S21401ACA8DDF80490CCE71BF803C016F800E0013382
S21401ACB88CEA0E0C06F800C0CFE7029B09491F4430
S21401ACC8094B38461C78224603F022F82A462146C4
S21401ACD83846009B05B0BDE8F04FFFF741BF00BFFF
S21401ACE826600020256000204F6A002030B5407895
S21401ACF80C4601284FF0110387B001F1100516D153
S21401AD08144A01A90AF07EFF234601AC22461868B8
S21401AD185968083303C2AB421446F7D111230D4ACA
S21401AD28002001A90AF06EFF002007B030BD0120FF
S21401AD38094A01A90AF066FF234601AC22461868AB
S21401AD485968083303C2AB421446F7D11123024AA5
S21401AD58E6E700BF75E4010079EB010030B50C4663
S21401AD68407887B001284FF011030DBF0B4A0C4AF3
S21401AD78012001A918BF01A90AF044FF234601AA28
S21401AD8805AD144603CCAC4218605960224603F15F
S21401AD980803F6D1002007B030BD00BF75E40100F6
S21401ADA879EB010010B50C4688B01A230C4A01A9A4
S21401ADB801200AF027FF21460DF10E0304F11002C7
S21401ADC851F8040B914243F8040BF9D11A230020D9
S21401ADD8034A01A90AF016FF002008B010BD00BFFB
S21401ADE824E10100F0B58BB004460D461DF049FD7F
S21401ADF8A8B101A812F0CEF888B1667B271D16F017
S21401AE08020F05D00822384601A903F03DF9D0B94A
S21401AE1801AB46F0020603CB6060796066731A23BD
S21401AE280A4A03A901200AF0EDFE29460DF1160388
S21401AE380DF1260253F8040B934241F8040BF9D19D
S21401AE4800200BB0F0BD2D20FBE700BF24E1010078
S21401AE58F0B50546071D00220C463846082193B072
S21401AE681DF09DFC6A7B0646D0070BD5687808A9B5
S21401AE781CF02DF8DDF83D306B60DDF841307B6065
S21401AE8880B10BE0910709D5D2000121384602F0BE
S21401AE9880021CF027F8FF28687002D12D2013B015
S21401AEA8F0BDD6B1687801A91BF0AEFF9DF81C303D
S21401AEB85B0604D54FF4C6710A4821F05CFB2346AD
S21401AEC803AD07AC2A4603CAA24218605960154664
S21401AED803F10803F6D10020E1E708A91BF0F7FF04
S21401AEE8CEE700BFD12604002DE9F04106468AB018
S21401AEF81F480F4615460024FFF736FD002C01A90A
S21401AF0814BF4FF05C0C4FF0360C10238846184AD5
S21401AF1812F8010B013B8CEA000013F0FF0301F85D
S21401AF28010BF5D105A81EF075FA4246102105A8B1
S21401AF381EF074FAC4B93946324605A81EF0D6FA88
S21401AF482A460DF1140C0DF1240E634603CB734506
S21401AF58106051609C4602F10802F6D114B10AB09D
S21401AF68BDE8F0810124C9E72A461021E5E700BFBC
S21401AF78556000202DE9F04791460D46C0B09DF872
S21401AF882041DDF828811E46DFF87CA09DF8243193
S21401AF9807462246494640468AF8003002F0B8FE7F
S21401AFA89DB12346324641463846FFF721FEB44254
S21401AFB807D9A11B3B46012289B208EB0600FFF719
S21401AFC8CFFD002040B0BDE8F087A11B3B4601221B
S21401AFD889B208EB0600FFF7C3FD224641466846DC
S21401AFE802F096FE3246694638462346FFF700FECB
S21401AFF89AF800200DEB040109EB040003F044F86D
S21401B0080028DED02C20DDE74F6A002038B503463D
S21401B018104601F1100451F8045BA14242F8045BA2
S21401B028F9D104491BB1FFF7D9FC002038BDFFF759
S21401B03809FDFAE75560002030B5054689B069462E
S21401B0481BF066FD6B8804ACABB122462946684600
S21401B0581BF0FEFC0E4A08AD234603CBAB4210603C
S21401B06851601C4602F10802F6D10948FFF770FC48
S21401B078002009B030BD6B46054D1A4603CAA242E8
S21401B08828606960134605F10805F6D1EDE700BFAB
S21401B0985560002050B10B4B0B4A03F1100153F8D1
S21401B0A8040B8B4242F8040BF9D17047064B054A4C
S21401B0B803F1100153F8040B8B4242F8040BF9D143
S21401B0C8704700BF556000203560002008B5102283
S21401B0D8024802F0DFFC002008BD00BF45600020E2
S21401B0E808B508461022024902F0D4FC002008BD23
S21401B0F84560002010B5044686B001A9114A1123FF
S21401B10801200AF07FFD9DF8143001A8E3701EF0B7
S21401B11848FD80F001000C4A01A960701123012046
S21401B1280AF070FD9DF8143001A8A3701EF039FDD1
S21401B13880F00100207010F0C7FA6060002006B0A9
S21401B14810BD00BF75E4010079EB010010B5044697
S21401B15886B01123134A012001A90AF053FDA378EA
S21401B1689DF814209A4207D08DF814300020112338
S21401B1780C4A01A90AF046FD11230B4A012001A930
S21401B1880AF040FDE3789DF814209A4207D08DF81E
S21401B198143000201123044A01A90AF033FD06B031
S21401B1A810BD00BF79EB010075E401002DE9F041FF
S21401B1B886B0064603A80C4612F08AFE0546002805
S21401B1C84AD1BDF80C30980646D5102229462046A5
S21401B1D802F00EFC01A811F0DDFEC0B1777B06F186
S21401B1E8040817F0020F06D00822404601A902F00B
S21401B1F84BFF00282ED101AB47F0020703CB706046
S21401B208C8F804107773238843F00803238023883B
S21401B21843F00203238011F097FA60601DF031FBBA
S21401B22830B10E4B1B68A360238843F004032380C8
S21401B2380B4B1A68D1035EBF238843F010032380A3
S21401B248130203D5238843F400632380284606B0F7
S21401B258BDE8F0812D25F9E72425F7E7CC4600203F
S21401B268D046002010B5D0E9023253F8223090B00B
S21401B2781C684022694620461BF09CFE034630B1F6
S21401B288224600200549FDF7EFFE10B010BD012249
S21401B29869460820FDF792FEF7E700BF6727040016
S21401B2A870B500F0B1F800280CBF6E227922002094
S21401B2B81349FDF7D9FE00F0A7F8F0B11BF08EFE92
S21401B2C800280CBF6E22792200200E49FDF7CCFE1D
S21401B2D8082200200C49FDF7C7FE00250B4C0C4E32
S21401B2E8234654F8042C314600200335FDF7BCFEEE
S21401B2F8182D04F10C04F3D170BD3F22E4E700BF1A
S21401B3089F270400B6270400C6270400F447002038
S21401B318E527040070B51BF046FE044621490020C7
S21401B328FDF7A2FE2CB92046BDE870401E49FDF780
S21401B3389BBE00F0BBF805461C4B62690020002A3C
S21401B34808BF1A461A492668FDF78EFEA28800200D
S21401B3581849FDF789FE1849E2880020FDF784FEA2
S21401B368A388228913F010001ABF00201349144934
S21401B378FDF77AFEE26800201249FDF775FE22699C
S21401B38800201149FDF770FE104A114B0020B6F552
S21401B398817F38BF13460F492A46BDE87040FDF73E
S21401B3A863BE00BF1A28040027280400DDF703003F
S21401B3B8482804006628040087280400A4280400F6
S21401B3C8C1280400DF280400FD2804001228040010
S21401B3D8082804001B29040038B5014600230C255B
S21401B3E8084A05FB03F4A0181459013404D10C22A9
S21401B3F802F050FB002038BD0133082BF1D10120A3
S21401B408F9E700BFF0470020034B1878012894BFDE
S21401B41800200120704700BF6760002038B5044649
S21401B428044D2878A04203D021461BF09CFD2C70C1
S21401B43838BD00BF6760002000B58FB034220021F8
S21401B44801A802F0D5FA01A8EEF786FA0598D0B158
S21401B45882680E4BB2F5803F34BF92B2C2F38F2298
S21401B46841881A81028828BF41F010011A60426893
S21401B4789980DA80C268DA6002691A6142695A619B
S21401B488027E18461A760FB05DF804FB7447002052
S21401B498054B1B7820B1012B04D80220FFF7BEBF4D
S21401B4A8012BFBD8704700BF6760002010B5084C19
S21401B4B8237853B91BF077FD0123237028B103685D
S21401B4C8B3F5817F24BF037E2370207810BD00BFAB
S21401B4D86660002070B5184B1B78012B2BD81BF023
S21401B4E845FD164D024616490020FDF7BDFD012013
S21401B4F8FFF7CEFF2E78FF2E1DD1FFF79DFFC8B1AF
S21401B508848860223146C4F340040E482C7002F049
S21401B5186FFA602231460C4802F06AFA5CB1FFF70E
S21401B528C5FF042807D9BDE8704040F22B1107482B
S21401B53821F021B8287070BD67600020506A00208D
S21401B5483E290400F04700209047002050290400B7
S21401B5582DE9F04FDFF884928DB003AB0746884695
S21401B568144699E8070083E80700FFF7B3FFFFF7DB
S21401B5789DFF944B06461D784B46012D40F0708181
S21401B588012840F27281B7FBF0F200FB1272002A22
S21401B59800F06B818C4900228B46D1F800C0BCF1C3
S21401B5A8FF3F04D0087A6044874200F019810132CF
S21401B5B8082A01F10C01F0D193E8070006AE0DF157
S21401B5C8240A86E807008AE80700FFF76FFFB7FB3B
S21401B5D8F0FB00FB1B7BA0EB0B094A4641460646DF
S21401B5E80AA809978DF82C9002F092FB00224FF0DA
S21401B5F80C0E764902E00132082A0ED00EFB02F044
S21401B60800EB010C08580130F5D19AE807008CE8E0
S21401B61807006F490A7801320A70A14504DD4FF424
S21401B628E2716C4820F0A7FFA41B5C444F44A1B20A
S21401B63817FA84F4B4FBF6F206FB1242C8448E1AD3
S21401B64891B1A41A08EB060107A88DF820200694E4
S21401B65802F05EFB06A8FFF7BFFEFF2804D140F202
S21401B668D9115C4820F087FFB6B2B6B10320FFF7C0
S21401B678D5FE802E0AD832464146574802F048FB86
S21401B6883246384654491BF079FC05460220FFF736
S21401B698C5FE28460DB0BDE8F08F0025F9E74FF442
S21401B6A80E714C4820F067FF464B1B78012B00F0C3
S21401B6B8E380002C36D00320FFF7B0FE802C2FD86D
S21401B6C822464146444802F023FB22463846424970
S21401B6D81BF054FC05460220FFF7A0FEDFF8F090A9
S21401B6E899F8003093B1039CFFF7E0FE374B00272B
S21401B6F898461A68511C04D0197A411A521A94426B
S21401B70824D00137082F03F10C03F2D1002DC0D144
S21401B718039B0133C1D003A8FFF75EFE0546B8E7D1
S21401B7280125D8E72546D9E740F26D21294820F0BA
S21401B73822FF012524E0012D30D0802E2FD8324655
S21401B748254903981BF01AFC054628E0002DA0D1D0
S21401B7580C247C4308EB04039DF814A093F808B066
S21401B7680AEB0B03802BDFDC1B4B524604A9184659
S21401B77802F0CEFA211D5A464144504402F0C8FA56
S21401B7880C2303FB07839DF814201B7A13449E425F
S21401B798D1D040F273210F4820F0EDFE012502209A
S21401B7A8FFF73CFE99F8003013B1013B89F80030E9
S21401B7B84FF0FF3308EB040248F80430C2E90133BE
S21401B7C867E700BF506A0020F04700209047002036
S21401B7D86560002050290400F4460020BC77040068
S21401B7E84FF00C0A0AFB02B3187AA6EB00095FFAB7
S21401B7F889F9A14501D35FFA84F90AFB02FA0AF12D
S21401B808040528444A464146584402F081FA0BEB9F
S21401B8180A031A7AA4EB09044A44D2B2B242A4B281
S21401B8281A7219D103200193FFF7F8FD32460BEB84
S21401B83805015BF80A001BF0A1FB05460220FFF78D
S21401B848EDFD4FF0FF32019B4BF80A20C3E90122B8
S21401B858002D7FF41EAFC844002C3FF41EAF4F44A2
S21401B868104B1B78012B7FF424AFB7FBF6F306FBCE
S21401B8781373002B7FF413AFE319B3FBF6F506FB3E
S21401B8881535002D3FF415AF641B5B1B08EB04014F
S21401B8982A4604A80393A4B202F03AFA8DF8145083
S21401B8A807E700BF506A002070B5134B1B78012BC1
S21401B8B80CD1FFF70FFE0026104D55F8043C013356
S21401B8C806D10336182E05F10C05F6D1002411E031
S21401B8D80320FFF7A3FD55F8044CFFF7E7FD2946BB
S21401B8E8024620461BF04AFB04460220FFF796FD57
S21401B8F8002CE6D0204670BD506A0020F447002090
S21401B90870B505460C46FFF7E5FD0520FFF786FDF1
S21401B918214628461BF040FB06460220FFF77EFD1F
S21401B92800220A4B2C441968481C08D0A94206D3A1
S21401B938A1423EBF4FF0FF31C3E9001199600332BF
S21401B948182A03F10C03EED1304670BDF0470020EB
S21401B958D0E9023253F8223010B51C68204600F0B0
S21401B96895FA28B12146BDE81040024800F022BFEA
S21401B97810BD00BFCE29040008B5D0E9023253F83D
S21401B9882230186800F06CF920B1BDE8084002487A
S21401B99800F010BF08BD00BFF02904002DE9F041F2
S21401B9A8D0E9023253F8221003EB82035B680F6872
S21401B9B81D789AB0642D04D96421114800F0FAFE66
S21401B9C864252A46384601A900F002F9044698B9C2
S21401B9D80C4800F0EFFEDFF8348001AE013DA542C9
S21401B9E802DC1AB0BDE8F0813919404616F8012B79
S21401B9F800F0E0FE0134F2E7034800F0DBFEF0E772
S21401BA08132A0400332A04005D2A04004A2A040083
S21401BA182DE9F04700252D4FDFF8E080DFF8E090AC
S21401BA288CB0284603A900F0EFF810B10CB0BDE8B9
S21401BA38F087049B2946039A0093384600F0BAFE1D
S21401BA48404600F0B7FE059910290CD810290CD8E5
S21401BA58DFE801F00F14320B340B0B0B360B0B0B14
S21401BA680B0B0B0B3A0020292CD0194800F0A2FE2C
S21401BA7807E0184800F09EFE0135D2E7164800F0A8
S21401BA8899FE0699484600F095FE0799134800F076
S21401BA9891FE134800F08EFE1024DFF868A00DF121
S21401BAA81F06504616F8011F013C00F083FE14F0ED
S21401BAB8FF04F6D10B48DDE70B48E0E70B48DEE765
S21401BAC80B48DCE70B48DAE70B48D8E7782A040086
S21401BAD81D2B0400CD2A0400DD2A0400432B040094
S21401BAE85B2B0400E2CC0300E52A0400ED2A0400DF
S21401BAF8F62A0400012B0400182B0400BC2A0400B3
S21401BB082C2B04006C2B040010B50B4C8EB023783C
S21401BB185BB9EDF79BFE014650B9012301A82370D6
S21401BB28EDF71AFF054B049A1A6020780EB010BD7F
S21401BB38034800F03FFEF8E768600020C44A00208A
S21401BB48722B040000B58FB0FFF7DEFF002829D05E
S21401BB5801A8EDF701FF059B1448198800F02AFE95
S21401BB68059B13485969134B002908BF194600F06D
S21401BB7821FE059B1048598800F01CFE059B0F48BE
S21401BB88196900F017FE059B0D48D96800F012FEEA
S21401BB98059B0C48197E00F00DFE0B4B0B481968E7
S21401BBA800F008FE0FB05DF804FB00BFAF2B0400E1
S21401BBB8C12B0400DDF70300D32B0400E72B040098
S21401BBC8FB2B04000F2C0400C44A0020232C04007D
S21401BBD870B5064615460C4679B172B1FFF794FF63
S21401BBE868B121462A463046EDF7C0FF014618B12E
S21401BBF8044800F0DFFD012070BD2120FCE711207C
S21401BC08FAE700BF352C040037B505460C46FFF7A2
S21401BC187BFFE0B1114B1B68AB421AD9CCB10021AE
S21401BC282422204601F0E4FE2146284616F045FD6A
S21401BC3888B9284601AA04F10801EDF749FF20B1A1
S21401BC4840F20643C01A18BF012003B030BD1120C8
S21401BC58FBE72120F9E70120F7E700BFC44A0020E7
S21401BC68F0B593B00546FFF74FFF002845D0254BA2
S21401BC781A68AA4207D829462348013A00F09AFDCD
S21401BC88212013B0F0BD05A8EDF766FE284603A9E6
S21401BC9816F013FD98BB049A22F4FF57C2F30C035F
S21401BCA827F01F072BB14FF400532946174800F019
S21401BCB881FD039E7FB120F06BFC30464FF40051A6
S21401BCC8EDF7E0FF3346044606F5005650B9039BE8
S21401BCD8F31ABB42EFD32A4639460D4800F06AFDEF
S21401BCE8002406E000902A464FF40051094800F067
S21401BCF861FD201E18BF0120C3E71120C1E70120FE
S21401BD08BFE700BFC44A0020632C0400112D0400BD
S21401BD18D02D04007F2D040010B5044638B1FFF776
S21401BD28F3FE30B10020044B1B68236010BD2120B0
S21401BD38FCE71120FAE700BFC44A002010B5044604
S21401BD48FFF7E2FEB0B10C4B1A68A24206D82146AC
S21401BD580A48013A00F02EFD212010BD20F018FCFB
S21401BD6840F2512220460649EDF772FE003818BF08
S21401BD780120F2E71120F0E7C44A0020632C0400F2
S21401BD887048002010B50446FFF7BEFE70B1214684
S21401BD980848EDF77DFE40F20323984208D040F2AA
S21401BDA8012398420CBF0520012010BD1120FCE795
S21401BDB80020FAE7704800202DE9F0412D4D044691
S21401BDC82F68FFF7A1FE002851D02968A14207D89D
S21401BDD84A1E2948214600F0EDFC2120BDE8F081E5
S21401BDE82648EDF715FEDFF894800246B0B94346BB
S21401BDF82E68964222D1BE4214BF3A4606F1FF3259
S21401BE0812BB31461D48C8F80040EDF7E1FD014672
S21401BE1800B31B4800F0CEFC0120DFE72046EDF713
S21401BE28B7FD044638B10146164800F0C3FC201E8B
S21401BE3818BF0120D2E7EDF7BFFBF8E753F8041B5C
S21401BE488C42DDD00132D4E70C499200081D01F07E
S21401BE5821FED6E729680948EDF7DAFD044610B150
S21401BE6801460948D6E7EDF7A7FB2046B6E71120B5
S21401BE78B4E700BFC44A0020632C040050480020E1
S21401BE88162E0400EC2D0400492E0400F8B50446CD
S21401BE98FFF73AFE002845D0234B1A68A24207D876
S21401BEA821462248013A00F085FC21242046F8BDA7
S21401BEB81F4800F07FFC20F06BFB40F251221D4921
S21401BEC82046EDF7C5FD40F20327054620F060FB46
S21401BED8184E65B140F203239D421AD029461648EA
S21401BEE800F068FC0124154800F064FCDEE720F049
S21401BEF84FFB29463046EDF7CBFDB84209D040F254
S21401BF080123984203D10E4800F054FCE1E70546A8
S21401BF18DFE721460B4800F04DFC2046FFF74CFFB3
S21401BF280446E0E71124C1E7C44A0020632C040054
S21401BF38802E040070480020A02E0400E2CC0300E6
S21401BF48E9030400B82E04000322024B18601961A5
S21401BF585A6370470000025C3F22034B1A631022A3
S21401BF68DA6103229A6370470000025C024AD36BC7
S21401BF789B07FCD4704700BF0000025C044B9B6A19
S21401BF8813F0240F14BF012000208000704700BF63
S21401BF980000025C08B5FFF7F1FF084BDB6B23F4E2
S21401BFA87F4323F0EF03003B18BF012350EA8300C9
S21401BFB81EBF0122024BC3F8FC2F08BD0000025C1D
S21401BFC800F0FF3F4368182B0AD0202B1DD0102BFA
S21401BFD82BD1174BD3F80434DB010AD40120704760
S21401BFE8134BD3F804349A01F8D50B6843F00803C9
S21401BFF80B6003680F4A934210D10B6843F0400365
S21401C0080B600023436000207047094BD3F80434C3
S21401C0185B01E3D50B6843F00403E9E7064A93425C
S21401C028F1D10B6843F08003EAE70720704700BFA9
S21401C0380000025C6A600020696000200B4607B5B4
S21401C0480749D1F80414C90708D500210092024609
S21401C058084600F043F803B05DF804FB0120FAE750
S21401C0680000025C0B4607B50749D1F80414C90756
S21401C07808D5009201210246002000F02FF803B0EF
S21401C0885DF804FB0120FAE70000025C13B5084CD2
S21401C098D4F80444640709D5CDE900230B460021EA
S21401C0A80246084600F044F802B010BD0120FBE73E
S21401C0B80000025C13B5084CD4F80444640709D59B
S21401C0C8CDE900230B4602460121002000F030F896
S21401C0D802B010BD0120FBE70000025CF0B51C466B
S21401C0E85B6815468DB01A07129E1AD1CBB17268D5
S21401C0F8934216D10C4B0D4A53F8217009AB07CA67
S21401C10883E807001A462946CDE90533CDE9033306
S21401C118CDE90163009447F480701AF0B0FF0DB0C2
S21401C128F0BD0720FBE700BFD4770400C8770400FA
S21401C138F0B51D4616466A688DB0DDE91273E2B1A0
S21401C1487868824219D15A68102A16D10C4A09AC65
S21401C15852F821C00B4A07CA84E80700224631462E
S21401C168CDE90544CDE90344CDE9017400954CF4C5
S21401C17880601AF084FF0DB0F0BD0720FBE700BF12
S21401C188D4770400C877040010B50A46044619B1E6
S21401C198024B00211B68984710BD00BFDC770400DE
S21401C1A810B5114C2378580744BF23F004032370B5
S21401C1B82378990705D500F05DF8237823F0020364
S21401C1C8237063781BB10023084A63605360002319
S21401C1D8082106486370FFF7D7FF2378DA0744BFBC
S21401C1E823F00103237010BDC84A0020CC4A002062
S21401C1F838B51A4C62782378022A01D1072B11D058
S21401C208DD0712D52378980707D400F02BF8237892
S21401C218054643F00203237080B96278237882B119
S21401C2285A0716D50025284638BD17F0B8F82378DA
S21401C238054643F0010323700028E3D0FFF7B0FF5B
S21401C248F1E7D907ECD5064962604A6002226270B6
S21401C258E6E743F004032370E4E700BFC84A00207A
S21401C268CC4A00200122024B002083F8F0207047B8
S21401C278D44A00202DE9F0410A4C002526464FF005
S21401C288010803272046C4F81C80277601351AF0D2
S21401C298E4FF062D04F12804F4D1002386F8F030D3
S21401C2A8BDE8F081D44A00202DE9F04F984691B0B8
S21401C2B80B1E0A93B44B914614BF83469B46002532
S21401C2C81A9E98F8000070B94D4538BF2A464B4665
S21401C2D84FF000000A9928BF09F1FF32D8472846CF
S21401C2E811B0BDE8F08F252808F1010806D02A46C6
S21401C2F84B460A996C1CD8472546E2E70023414677
S21401C30811F8012B2B2A16D00AD8202A16D0232A50
S21401C31817D0A2F13000092834D800270A2418E0DB
S21401C3282D2A05D0302AF4D143F001038846E6E7E2
S21401C33843F00203FAE743F00403F7E743F0080380
S21401C348F4E743F01003F1E7884604FB0722A2F15D
S21401C3583007414611F8012BA2F130000928F3D91C
S21401C36898F800202E2A52D198F8011008F10102F7
S21401C378A1F13000092843F480633ED800244FF029
S21401C3880A0E11E02A2A08D156F8047B8846002F9F
S21401C398BCBF43F002037F42E2E70027E0E702461C
S21401C3A80EFB0411A1F13004104610F8011BA1F18F
S21401C3B8300CBCF1090FF2D99046424612F8011B1F
S21401C3C86C292DD025D8682933D06A293BD0424616
S21401C3D8904618F8010B672860D8572836D845289C
S21401C3E808D084D9462800F0188147287FF47FAF03
S21401C3F843F4006343F0200327E12A2906D156F8BF
S21401C408044B08F1020824EAE474D6E790460024AF
S21401C418D3E7742901D07A29D9D143F48073D7E7B1
S21401C42898F801106C29F8D143F4407308F1020218
S21401C438CEE798F80110682902D043F08003C7E7D1
S21401C44843F0C003F2E743F40073C1E7A0F15802D2
S21401C4580F2A3FF64CAF01A151F822F005C501009D
S21401C468F7C20100F7C20100F7C20100F7C20100D6
S21401C478F7C20100F7C20100F7C20100F7C20100C6
S21401C488F7C2010005C5010071C6010005C5010016
S21401C49847C6010027C6010047C60100A0F1690189
S21401C4A8C9B20F293FF623AF012249F2410C8A404F
S21401C4B812EA0C0218D10A2900F0158107297FF41F
S21401C4C816AF43F0210305930823CDE90343102350
S21401C4D8CDE9012356F8043B2A46009358464B46B5
S21401C4E80A991AF0AAFFA8E06F2800F05E8110D911
S21401C4F8782808D1102223F00C0310E0582839D0E8
S21401C508622800F054810A2223F01003642806D01A
S21401C518F1E769284FF00A0223F01003F6D159050E
S21401C52848BF23F00103692803F4007101D0642889
S21401C53840D111B3073626F00706B24670685AF896
S21401C548081BCDE9077300230593C30F0028029340
S21401C55806940B46049202DA4B4260EB4000CDE9A2
S21401C56800304B462A4658460A991AF0A8FF05464F
S21401C5785646A6E643F02003BCE7D90506F1040AA9
S21401C58804D5316805E000BFA572030058060CD52E
S21401C5983178CDE90224CDE9047300294FEAD17335
S21401C5A80193B8BF4942009120E01906E9D5B6F9CA
S21401C5B80010EEE779B1CDE907730023CDE904232E
S21401C5C806F1070A2AF0070A06940293FAE80223F4
S21401C5D8CDE90023C5E7D80506F1040A0DD5CDE94E
S21401C5E80473CDE902240191336800934B462A4629
S21401C5F858460A991AF021FFB9E7590607D531783E
S21401C608CDE904730023CDE902240193CBE7316811
S21401C61813F0800F18BF89B2F2E743F02003CDE983
S21401C6280173073626F007060094B6EC020B4B4654
S21401C6382A4658460A99EAF7CBF8054641E600F035
S21401C648DF00472801D143F40063CDE901730736BB
S21401C65826F007060094B6EC020B4B462A465846C7
S21401C6680A99E9F7F9FEE8E713F0020426D04FF035
S21401C678010A6B1C0B932A464B460A9916F8040BBB
S21401C688D84774B354460B9A21E04B4620200A99A2
S21401C698D8470AEB05020AF1010A5745F5D83A1EAA
S21401C6A818BF0122002A07F1FF3308BF002307F14C
S21401C6B8010A1D4408BF4FF0020ADAE7A246E8E776
S21401C6C8551C4B4620200A99D8472A460134BC42B5
S21401C6D8F6D3A7EB0A03574538BF00230B9A1A442B
S21401C6E80B920B9DEDE53246002C52F8046B14BFF5
S21401C6F821464FF0FF310B9232463144107808B18B
S21401C708914211D1A2EB060A13F480620C9202D070
S21401C718A24528BFA24613F002030D931BD1AAEB2C
S21401C72805032A460F9308E00132E7E7531C0E93E8
S21401C73820204B460A99D8470E9A0F9BD318BB421E
S21401C748F4D3A7EB0A03574538BF00230AF10102C1
S21401C7581D4403EB020AAB1B0E9304E01C464B4632
S21401C7682A460A99D8470E9BF51816F8010B28B1E0
S21401C7780C9B002BF3D0631E002CEFD10D9B93B1BD
S21401C7882A46AAEB050405E0561C4B4620200A99C2
S21401C798D84732461319BB42F6D3A7EB0A035745C7
S21401C7A838BF00231D440B9E8BE50822A3E6022210
S21401C7B8A1E600BF0FB41FB506AA52F8043B02A9AA
S21401C7C80392009204484FF0FF32FFF76DFD05B063
S21401C7D85DF804EB04B07047677503001FB50346A0
S21401C7E800914FF0FF3203A90248FFF75DFD05B03F
S21401C7F85DF804FB677503001FB5CDE902010093D8
S21401C80802A9134603484FF0FF32FFF74DFD05B066
S21401C8185DF804FB6F7503001FB5094B094A1868D4
S21401C828094B01A91860094B1360094A0192094A84
S21401C8381268CDE9022316F0D5FD05B05DF804FBB4
S21401C848B0660020383C00203C3C0020A46600204E
S21401C858BB660400844E0020014B186816F0D6BD4E
S21401C868B066002038B5F1F7DBFC0446064D2B68A8
S21401C878D3F8B002F1F7C8FC286816F0DAFD2046AE
S21401C888BDE83840F1F7C0BCB066002010B5234CAF
S21401C898EFF7B6FDEFF7C2FE236F012023F007037B
S21401C8A843F003032367EFF7E3FE1D4B00209B6A63
S21401C8B89B075EBF01221B4B9A62D4F8203123F0F6
S21401C8C8030343F00203C4F82031D4F8243123F0DB
S21401C8D8070343F00203C4F82431D4F8403123F0A7
S21401C8E8030343F00103C4F84031D4F8603123F060
S21401C8F8030343F00103C4F86031D4F8403223F04F
S21401C908030343F00103C4F84032D4F8003223F09D
S21401C918070343F00103C4F8003210BD008000503D
S21401C92800C0005000E00050064B1B681A7A022A25
S21401C93801D81AB97047032A00D070471B68024A03
S21401C94813607047B4660020844E00200022024B14
S21401C9585A60DA601A607047884E002008B501F000
S21401C96811FD0022014B1A7008BD00BF6B60002044
S21401C9780A4601491AF05FBE759004000A46014945
S21401C9881AF059BE709004000A4601491AF053BEBF
S21401C998699004000A4601491AF04DBE66900400E3
S21401C9A80A4601491AF047BE639004000A4601493F
S21401C9B81AF041BE5E9004000A4601491AF03BBED1
S21401C9C8599004000A4601491AF035BE54900400ED
S21401C9D80A4601491AF02FBE4D90040081F0004125
S21401C9E802E000BF83F0004330B54FEA41044FEA46
S21401C9F8430594EA050F08BF90EA020F1FBF54EAE1
S21401CA08000C55EA020C7FEA645C7FEA655C00F07C
S21401CA18E2804FEA5454D4EB5555B8BF6D420CDD4D
S21401CA282C4480EA020281EA030382EA000083EAD0
S21401CA38010180EA020281EA0303362D88BF30BD70
S21401CA4811F0004F4FEA01314FF4801C4CEA1131C6
S21401CA5802D0404261EB410113F0004F4FEA033325
S21401CA684CEA133302D0524263EB430394EA050FB0
S21401CA7800F0A780A4F10104D5F1200E0DDB02FA1F
S21401CA880EFC22FA05F2801841F1000103FA0EF2B3
S21401CA98801843FA05F359410EE0A5F120050EF179
S21401CAA8200E012A03FA0EFC28BF4CF0020C43FAAA
S21401CAB805F3C01851EBE37101F0004507D54FF0B7
S21401CAC8000EDCF1000C7EEB00006EEB0101B1F507
S21401CAD8801F1BD3B1F5001F0CD349085FEA30004D
S21401CAE84FEA3C0C04F101044FEA445212F5800F58
S21401CAF880F09A80BCF1004F08BF5FEA500C50F1F5
S21401CB08000041EB045141EA050130BD5FEA4C0CD7
S21401CB18404141EB0101013C28BFB1F5801FE9D234
S21401CB2891F0000F04BF01460020B1FA81F308BF57
S21401CB382033A3F10B03B3F120020CDA0C3208DD23
S21401CB4802F1140CC2F10C0201FA0CF021FA02F1FE
S21401CB580CE002F11402D8BFC2F1200C01FA02F16E
S21401CB6820FA0CFCDCBF41EA0C019040E41AA2BF93
S21401CB7801EB0451294330BD6FEA04041F3C1CDA5B
S21401CB880C340EDC04F11404C4F1200220FA04F07B
S21401CB9801FA02F340EA030021FA04F345EA030125
S21401CBA830BDC4F10C04C4F1200220FA02F001FAE7
S21401CBB804F340EA0300294630BD21FA04F0294669
S21401CBC830BD94F0000F83F4801306BF81F4801102
S21401CBD80134013D4EE77FEA645C18BF7FEA655C75
S21401CBE829D094EA050F08BF90EA020F05D054EA47
S21401CBF8000C04BF1946104630BD91EA030F1EBF4C
S21401CC080021002030BD5FEA545C05D1400049414F
S21401CC1828BF41F0004130BD14F580043CBF01F542
S21401CC28801130BD01F0004545F0FE4141F4700128
S21401CC384FF0000030BD7FEA645C1ABF1946104603
S21401CC487FEA655C1CBF0B46024650EA013406BF04
S21401CC5852EA033591EA030F41F4002130BD00BFC3
S21401CC6890F0000F04BF0021704730B54FF4806480
S21401CC7804F132044FF000054FF0000150E700BF01
S21401CC8890F0000F04BF0021704730B54FF4806460
S21401CC9804F1320410F0004548BF40424FF000014D
S21401CCA83EE700BF42004FEAE2014FEA31014FEA90
S21401CCB802701FBF12F07F4393F07F4F81F06051DF
S21401CCC8704732F07F4208BF704793F07F4F04BF2A
S21401CCD841F40021704730B54FF4607401F0004507
S21401CCE821F000411CE700BF50EA010208BF704767
S21401CCF830B54FF000050AE050EA010208BF704758
S21401CD0830B511F0004502D5404261EB41014FF4C0
S21401CD18806404F132045FEA915C3FF4D8AE4FF0C8
S21401CD2803025FEADC0C18BF03325FEADC0C18BFAB
S21401CD38033202EBDC02C2F1200300FA03FC20FAFC
S21401CD4802F001FA03FE40EA0E0021FA02F1144449
S21401CD58BDE600BF70B54FF0FF0C4CF4E06C1CEA62
S21401CD6811541DBF1CEA135594EA0C0F95EA0C0FD3
S21401CD7800F0DEF82C4481EA030621EA4C5123EA46
S21401CD884C5350EA013518BF52EA033541F4801175
S21401CD9843F4801338D0A0FB02CE4FF00005E1FB28
S21401CDA802E506F00042E0FB03E54FF00006E1FB72
S21401CDB803569CF0000F18BF4EF0010EA4F1FF04B5
S21401CDC8B6F5007F64F5407404D25FEA4E0E6D41F5
S21401CDD846EB060642EAC62141EA55514FEAC52006
S21401CDE840EA5E504FEACE2EB4F1FD0C88BFBCF582
S21401CDF8E06F1ED8BEF1004F08BF5FEA500E50F133
S21401CE08000041EB045170BD06F0004646EA0101F8
S21401CE1840EA020081EA0301B4EB5C04C2BFD4EB2A
S21401CE280C0541EA045170BD41F480114FF0000E23
S21401CE38013C00F3AB8014F1360FDEBF002001F091
S21401CE48004170BDC4F10004203C35DA0C341BDC0B
S21401CE5804F11404C4F1200500FA05F320FA04F0DD
S21401CE6801FA05F240EA020001F0004221F0004111
S21401CE7810EBD37021FA04F642EB06015EEA430E84
S21401CE8808BF20EAD37070BDC4F10C04C4F12005B4
S21401CE9800FA04F320FA05F001FA04F240EA020067
S21401CEA801F0004110EBD37041F100015EEA430E38
S21401CEB808BF20EAD37070BDC4F1200500FA05F258
S21401CEC84EEA020E20FA04F301FA05F243EA0203D7
S21401CED821FA04F001F0004121FA04F220EA0200E6
S21401CEE800EBD3705EEA430E08BF20EAD37070BD2C
S21401CEF894F0000F0FD101F00046400041EB01010C
S21401CF0811F4801F08BF013CF7D041EA060195F0ED
S21401CF18000F18BF704703F00046520043EB0303A7
S21401CF2813F4801F08BF013DF7D043EA0603704794
S21401CF3894EA0C0F0CEA135518BF95EA0C0F0CD09F
S21401CF4850EA410618BF52EA4306D1D181EA0301E5
S21401CF5801F000414FF0000070BD50EA410606BFDF
S21401CF681046194652EA430619D094EA0C0F02D124
S21401CF7850EA013613D195EA0C0F05D152EA033669
S21401CF881CBF104619460AD181EA030101F0004187
S21401CF9841F0FE4141F470014FF0000070BD41F0D0
S21401CFA8FE4141F4780170BD70B54FF0FF0C4CF4AA
S21401CFB8E06C1CEA11541DBF1CEA135594EA0C0FC9
S21401CFC895EA0C0F00F0A7F8A4EB050481EA030E16
S21401CFD852EA03354FEA013100F088804FEA0333FD
S21401CFE84FF0805545EA131343EA12634FEA0222CB
S21401CFF845EA111545EA10654FEA00260EF000418C
S21401D0089D4208BF964244F1FD0404F5407402D2DD
S21401D0185B084FEA3202B61A65EB03055B084FEA6E
S21401D02832024FF480104FF4002CB6EB020E75EB6B
S21401D038030E22BFB61A754640EA0C005B084FEA93
S21401D0483202B6EB020E75EB030E22BFB61A754610
S21401D05840EA5C005B084FEA3202B6EB020E75EB5B
S21401D068030E22BFB61A754640EA9C005B084FEAD3
S21401D0783202B6EB020E75EB030E22BFB61A7546E0
S21401D08840EADC0055EA060E18D04FEA051545EACF
S21401D09816754FEA06164FEAC30343EA52734FEA78
S21401D0A8C2025FEA1C1CC0D111F4801F0BD141EAF1
S21401D0B800014FF000004FF0004CB6E711F4801F56
S21401D0C804BF01430020B4F1FD0C88BFBCF5E06F36
S21401D0D83FF6AFAEB5EB030C04BFB6EB020C5FEA46
S21401D0E8500C50F1000041EB045170BD0EF0004E9B
S21401D0F84EEA113114EB5C04C2BFD4EB0C0541EACD
S21401D108045170BD41F480114FF0000E013C90E6C9
S21401D11845EA060E8DE60CEA135594EA0C0F08BF8D
S21401D12895EA0C0F3FF43BAF94EA0C0F0AD150EA8C
S21401D13801347FF434AF95EA0C0F7FF425AF10461F
S21401D14819462CE795EA0C0F06D152EA03353FF447
S21401D158FDAE1046194622E750EA410618BF52EAC4
S21401D16843067FF4C5AE50EA41047FF40DAF52EA98
S21401D17843057FF4EBAE12E74FF0FF3C06E000BF35
S21401D1884FF0010C02E000BF4FF0010C4DF804CD42
S21401D1984FEA410C7FEA6C5C4FEA430C18BF7FEA02
S21401D1A86C5C1BD001B050EA410C0CBF52EA430C30
S21401D1B891EA030F02BF90EA020F0020704710F1B0
S21401D1C8000F91EA030F58BF994208BF90422CBF3F
S21401D1D8D8176FEAE37040F0010070474FEA410C38
S21401D1E87FEA6C5C02D150EA013C07D14FEA430C56
S21401D1F87FEA6C5CD6D152EA033CD3D05DF8040BC7
S21401D208704700BF8446104662468C4619466346F8
S21401D21800E000BF01B5FFF7B7FF002848BF10F1CF
S21401D228000F01BD4DF808EDFFF7F4FF0CBF012014
S21401D23800205DF808FB00BF4DF808EDFFF7EAFF90
S21401D24834BF012000205DF808FB00BF4DF808ED4B
S21401D258FFF7E0FF94BF012000205DF808FB00BF40
S21401D2684DF808EDFFF7CEFF94BF012000205DF8CA
S21401D27808FB00BF4DF808EDFFF7C4FF34BF0120D7
S21401D28800205DF808FB00BF4FEA410212F50012C4
S21401D29815D211D56FF47873B3EB625212D94FEAEF
S21401D2A8C12343F0004343EA505311F0004F23FAD9
S21401D2B802F018BF404270474FF00000704750EA2E
S21401D2C8013005D111F0004008BF6FF000407047EB
S21401D2D84FF00000704700BF4A0011D212F5001245
S21401D2E811D20DD56FF47873B3EB62520ED44FEAB0
S21401D2F8C12343F0004343EA505323FA02F0704730
S21401D3084FF00000704750EA013002D14FF0FF306D
S21401D31870474FF00000704753B94AB9002908BF53
S21401D32800281CBF4FF0FF314FF0FF3000F08CB9DA
S21401D338ADF1080C6DE904CE00F006F8DDF804E05E
S21401D348DDE9022304B070472DE9F04F099D0E462A
S21401D35804460F46002B47D18A429446B2FA82F316
S21401D3685AD943B102FA03FCC3F120029F409C40FC
S21401D37820FA02F217434FEA1C461FFA8CFE220CCB
S21401D388B7FBF6F106FB117701FB0EF042EA0742FE
S21401D398904208D91CEB020201F1FF3702D29042F3
S21401D3A800F23C813946121AA4B2B2FBF6F006FB2B
S21401D3B8102200FB0EFE44EA0244A64508D91CEBDF
S21401D3C8040400F1FF3202D2A64500F22A81104673
S21401D3D840EA0140A4EB0E0400211DB1DC40002305
S21401D3E8C5E90043BDE8F08F8B4205D90DB1C5E903
S21401D3F8000100210846F5E7B3FA83F100294FD169
S21401D408B342C0F00281824240F2FF800846002DF6
S21401D418E8D0C5E90047E5E7002B40F0AF808A1A57
S21401D4284FEA1C4E1FFA8CF70121B2FBFEF60EFBE3
S21401D4381620220C42EA004207FB06F090420FD95A
S21401D4481CEB020206F1FF382CBF4FF001094FF022
S21401D4580009904203D9B9F1000F00F0DC80464676
S21401D468121AA4B2B2FBFEF00EFB102200FB07F75D
S21401D47844EA0244A7420FD91CEB040400F1FF3228
S21401D4882CBF4FF0010E4FF0000EA74203D9BEF194
S21401D498000F00F0C9801046E41B40EA06409CE7EE
S21401D4A8C1F120048B4006FA01FC00FA01FE22FABB
S21401D4B804F7E6408A401F4320FA04F34FEA174868
S21401D4C843EA0C031FFA87FC4FEA1349B6FBF8F048
S21401D4D808FB106649EA064600FB0CF9B1450ED969
S21401D4E8BE1900F1FF3A2CBF4FF0010B4FF0000BAD
S21401D4F8B14503D9BBF1000F00F0A2805046A6EB58
S21401D50809061FFA83F9B6FBF8F308FB136603FB53
S21401D5180CFC49EA0646B4450ED9BE1903F1FF3894
S21401D5282CBF4FF001094FF00009B44503D9B9F1F2
S21401D538000F00F08280434643EA0040A6EB0C0643
S21401D548A0FB028C66454346E14602D307D1C64591
S21401D55805D2B8EB02036CEB070C0138E1465DB166
S21401D568BEEB030266EB090606FA04F422FA01F397
S21401D578CE401C43C5E90046002133E702FA03FC06
S21401D588C3F1200299409C40D6404FEA1C4E20FA2F
S21401D59802F21FFA8CF7B6FBFEF00A430EFB106682
S21401D5A8110C41EA064100FB07F68E420ED91CEB28
S21401D5B8010100F1FF382CBF4FF001094FF00009B7
S21401D5C88E4202D9B9F1000F34D04046891B92B277
S21401D5D8B1FBFEF60EFB161142EA014206FB07F105
S21401D5E891420ED91CEB020206F1FF382CBF4FF010
S21401D5F801094FF00009914202D9B9F1000F16D07E
S21401D6084646521A46EA00410FE7841A66EB0302B9
S21401D61801201746FBE6023E624421E702396244CE
S21401D628C1E664440238D3E66444023834E7023E6D
S21401D6386244E6E702386144C8E7023B3E447BE7BA
S21401D64802383E445BE700BF704700BF2DE9F04F44
S21401D658924685B089461E460D46554A0390294688
S21401D66815F8014B135D13F00803F8D12D2C7CD067
S21401D6782B2C4ED04FF0FF3102936FF00043CDE9CB
S21401D688001336F0100851D037464FEAE6783A4686
S21401D6984346DDE90001FFF73FFE002383468E4639
S21401D6A818461946A44613E0ACF13704A6421FDD16
S21401D6B8002B09DB83457EEB010305D38E4508BFA6
S21401D6C883453BD1A24239DA4FF0FF3315F801CB37
S21401D6D8ACF13004092CE9D9ACF14104192CE3D991
S21401D6E8ACF16104192C03D8ACF15704A642DFDC6F
S21401D6F85A1C2FD0029A12B1404261EB4101BAF18D
S21401D708000F03D0002B48D1CAF8009005B0BDE839
S21401D718F08F4FF0FF30029336F010086FF0004399
S21401D7282C7801F10205CDE90003ADD1302C25D0C6
S21401D738002E3AD10A27B0463E46A8E700FB08F372
S21401D74807FB0133A0FB07010B44201843EBE471E8
S21401D7580123BBE72223039A1360BAF1000F17D0FF
S21401D76805F1FF39DDE90001CEE74FF000470093E8
S21401D77801232C788D1CCDE9017382E72B7803F001
S21401D788DF03582B0CD086B90827B0463E467EE7FD
S21401D798DDE9000105B0BDE8F08FCDE90001DFE75E
S21401D7A810276C7802353E4671E710273E466EE72D
S21401D7B87D9004004AE700BF10B4044C13460A469D
S21401D7C8014620685DF8044B40E700BFE466002088
S21401D7D810B4044C13460A46014620685DF8044B0B
S21401D7E834E700BFE466002020F0030110F00300D0
S21401D7F8C0F1000051F8043B00F1040C4FEACC0CD0
S21401D8086FF000021CBF22FA0CF213434FF0010C12
S21401D8184CEA0C2C4CEA0C4CA3EB0C0222EA030251
S21401D82812EACC1204BF51F8043B0430F4D0C2F11A
S21401D838000102EA0102B2FA82F2C2F11F0200EB0B
S21401D848D20070472DE9F04780460C4645482646E3
S21401D85814F801EB10F80EC01CF0080CF7D1BEF155
S21401D8682D0F5BD0BEF12B0F3AD0654633F0100072
S21401D8783ED04FF0FF379A46B7FBF3F703FB07F99D
S21401D8886FEA0909002630460EE0AEF1370C63450B
S21401D8981DDD002E04DBB84202D833D1CC4531DD7C
S21401D8A84FF0FF3614F801EBAEF1300CBCF1090F5E
S21401D8B8EDD9AEF1410CBCF1190FE6D9AEF1610C08
S21401D8C8BCF1190F03D8AEF1570C6345E1DC731CA4
S21401D8D81CD005B140420AB1F6B91160BDE8F0871F
S21401D8E833F0100094F800E0654606F10204C0D152
S21401D8F8BEF1300F17D06BBB0A234FF005091A4F3C
S21401D9089A46BFE700FB0AC00126CBE7222330462A
S21401D918C8F80030002AE1D0611EDEE794F800E07E
S21401D9280125B41CA2E7207800F0DF00582807D0AC
S21401D93883B908234FF007096FF060479A46A1E7B5
S21401D948102394F801E04FF00F0902346FF0704786
S21401D9589A4697E710234FF00F096FF070479A46DB
S21401D96890E700BF7D900400999999196AE700BF6E
S21401D97810B4044C13460A46014620685DF8044B69
S21401D98860E700BFE466002010B4044C13460A465C
S21401D998014620685DF8044B54E700BFE4660020A2
S21401D9A80F4B70B50F4DAB42A3EB050607D0B6106B
S21401D9B80024013455F8043B9847A642F9D80A4D85
S21401D9C81EF0DAFF094B5E1BAB424FEAA60606D0ED
S21401D9D80024013455F8043B9847A642F9D870BD8F
S21401D9E87C6A00207C6A00207C6A0020806A00200D
S21401D9F870B5860747D0541E002A3ED0CAB20346E1
S21401DA0801E0013C39D303F8012B9D07F9D1032C1A
S21401DA182CD9CDB20F2C05EB052505EB054535D9D7
S21401DA28A4F1100C03F1100E1A462CF00F064FEA5B
S21401DA381C1CB644C2E90055C2E9025510327245AB
S21401DA48F8D10CF1010214F00C0F04F00F0C03EBE3
S21401DA58021213D0ACF1040323F003030433134476
S21401DA6842F8045B9342FBD10CF003042CB1C9B213
S21401DA781C4403F8011BA342FBD170BD6446134640
S21401DA88002CF4D1F9E703461446C0E71A46A44623
S21401DA98E0E700BF88420ED98B1883420BD900EB0A
S21401DAA8020C002A6ED0624613F801CD994202F89C
S21401DAB801CDF9D170470F2A0FD8034602F1FF3C72
S21401DAC8002A5FD00CF1010C013B8C4411F8012BA4
S21401DAD8614503F8012FF9D1704740EA01039B0716
S21401DAE851D1A2F1100301F1200C70B523F00F05F6
S21401DAF801F1100E00F110041B09AC445EF8105C2D
S21401DB080EF1100E103444F8205C5EF81C5C44F8E4
S21401DB181C5C5EF8185C44F8185C5EF8145CE64514
S21401DB2844F8145CEAD1013312F00C0F02F00F0C22
S21401DB3801EB031100EB031329D0ACF1040C1C1FF5
S21401DB488E462CF003064FEA9C0C1E445EF8045BD6
S21401DB5844F8045FB442F9D10CF1010402F003025F
S21401DB6803EB840301EB840102F1FF3C4AB10CF19B
S21401DB78010C013B8C4411F8012B614503F8012F78
S21401DB88F9D170BD704702F1FF3C03469AE7624639
S21401DB98EAE700BF2DE9F04F82468E463F487546B4
S21401DBA81EF801BB10F80B4014F00804F7D1BBF1BE
S21401DBB82D0F5BD0BBF12B0F6FF0004904BF9EF809
S21401DBC800B005F1020E33F0100010D1BBF1300F92
S21401DBD804D0002B5ED10A231F4609E09EF80000F8
S21401DBE800F0DF0058284ED0002B53D108231F46DB
S21401DBF80025B9FBF7F6284607FB16980EE0ABF1A9
S21401DC08370C63451DDD002D04DB864202D321D186
S21401DC18E0451FDA4FF0FF351EF801BBABF1300CBB
S21401DC28BCF1090FEDD9ABF1410CBCF1190FE6D9DE
S21401DC38ABF1610CBCF1190F03D8ABF1570C634576
S21401DC48E1DC6B1C0AD004B140420AB1CDB91160BF
S21401DC58BDE8F08F07FB00C00125DDE72223CAF8DF
S21401DC6800305AB10EF1FF314846F0E79EF800B091
S21401DC784FF0004905F1020E0124A4E74846BDE825
S21401DC88F08F8146EEE710239EF801B00EF1020EE2
S21401DC981F46ADE710231F46AAE700BF7D90040084
S21401DCA8242B02D8012B00D074E710B500F02EFA09
S21401DCB816230360002010BD10B5242A084C13460D
S21401DCC8246807D8012A05D00A4601462046BDE839
S21401DCD810405FE700F01AFA16230360002010BD13
S21401DCE8E466002010B5242A084C1346246807D891
S21401DCF8012A05D00A4601462046BDE8104049E7F4
S21401DD0800F004FA16230360002010BDE466002024
S21401DD18844641EA000313F0030349D1403A23D36A
S21401DD280B6803604B6843608B688360CB68C3608D
S21401DD380B6903614B6943618B698361CB69C36175
S21401DD480B6A03624B6A43628B6A8362CB6AC3625D
S21401DD580B6B03634B6B43638B6B8363CB6BC36345
S21401DD6840304031403ADBD230320BD30B68036087
S21401DD784B6843608B688360CB68C3601030103192
S21401DD88103AF3D20C3205D351F8043B40F8043B61
S21401DD98043AF9D2043208D0D2071CBF11F8013B65
S21401DDA800F8013B01D30B8803806046704700BF2B
S21401DDB8082A13D38B07B1D010F00303AED0C3F1F2
S21401DDC80403D21ADB071CBF11F8013B00F8013B1C
S21401DDD8A4D331F8023B20F8023B9FE7043AD9D393
S21401DDE8013A11F8013B00F8013BF9D20B780370B0
S21401DDF84B7843708B78837060467047024B0146B8
S21401DE08186816F0D5B800BFE4660020024B014634
S21401DE18186816F0D0B800BFE4660020CAB3844676
S21401DE280B4630B504460843800719D09CF8000015
S21401DE380C78A04212D150B3012A28D0E64603E056
S21401DE481CEB030F23D010B31EF8010F11F8014F76
S21401DE58A2EB0E03A04203F1FF33F1D0001B30BD45
S21401DE68032A07D8E2E7043A11D01EF0803F0ED104
S21401DE78032A10D92068194653F8045BA446A0F172
S21401DE88013E0434A8422EEA000EECD0CEE700206C
S21401DE9830BD10467047A4461946C7E780EA010C0C
S21401DEA81CF0030F37D110F0030C20F0030021F00B
S21401DEB8030150F8042B08BF51F8043B0ED08CF030
S21401DEC8030C6FF07F434FEACC0C23FA0CFC51F895
S21401DED8043B42EA0C0243EA0C0300BFA2F1013CF0
S21401DEE89A4201BF2CEA020C1CF0803F50F8042B22
S21401DEF851F8043BF2D04FEA02604FEA1222012899
S21401DF0828BFB0EB036F08BF1B0AF4D003F0FF036A
S21401DF18000EC01A704710F0030F0AD010F8012B34
S21401DF2811F8013B012A28BF9A42F4D0A2EB03005C
S21401DF3870474DF8045D50F8042B01F0030521F0F5
S21401DF48030151F8043B022D26D04DD822F07F4517
S21401DF58B5EB132FA2F1013C2CEA020C0DD11CF0F3
S21401DF68803C08BF51F8043B0AD185EA0205B5EBA7
S21401DF78036F0CD150F8042BE8E74FEA13235BE054
S21401DF883CF07F4C54D10B784FEA126554E04FEAC7
S21401DF98126503F0FF034FE04FEA0245A2F1013C88
S21401DFA84FEA15452CEA020CB5EB134F18D11CF0B5
S21401DFB8803C08BF51F8043B07D185EA0205B5EB5A
S21401DFC8034F09D150F8042BE6E75FEA0C4C2FD132
S21401DFD80B884FEA12452FE04FEA03434FEA1245F2
S21401DFE84FEA134328E000BF02F0FF05B5EB136FB5
S21401DFF8A2F1013C2CEA020C0DD11CF0803C08BFB2
S21401E00851F8043B0AD185EA0205B5EB032F0AD17C
S21401E01850F8042BE8E74FEA13630DE012F0FF0F00
S21401E02806D051F8043B4FEA122523F07F4303E05C
S21401E0384FF0000020BC704705F0FF0203F0FF0018
S21401E048012828BF904204BF2D0A1B0AF4D0A2EB70
S21401E058000020BC704700BF08B5064B044613B144
S21401E068002100F0AFF8044B1B6803B1984720461F
S21401E07814F094FBCDE10100D04F002000230146A7
S21401E0881A46184600F048B8032A30B415D941EAAA
S21401E098000484460B46A40704D0541E0FE0043A35
S21401E0A8032A08D91946604653F8044B5CF8045B02
S21401E0B8A542F4D0F1E760461946541E7AB1431ECC
S21401E0C80139021901E09A4209D013F8010F11F833
S21401E0D801CF6045F7D0A0EB0C0030BC704700209C
S21401E0E830BC704738B5074D074C2C1BA41005D01B
S21401E0F8013C55F8043D9847002CF9D1BDE8384055
S21401E1081EF040BC846A0020806A0020014B186813
S21401E118704700BFE4660020F0B5264C83B006467B
S21401E1280F46256805B36C681F2C3FDCA6B1D5F8E9
S21401E138880048B3D0F800114FF0010C40F82420AD
S21401E148022E00EB84020CFA04FC4CEA0101C0F82A
S21401E1580011C2F8803010D0631C002002346B60B6
S21401E16845F8247003B0F0BD13491448216010B176
S21401E1780068C1F88800104DD5E7D0F8043143EAA5
S21401E1880C03C0F80431E7E70D49CDE9002369B16E
S21401E1984FF48470FFF732FE40B100216C68C0E985
S21401E1A84011DDE90023C5F88800C5E74FF0FF30C8
S21401E1B8D8E700BF60500020D44F002000000000C0
S21401E1C805DE01002DE9F04FDFF8B49083B0D9F8E9
S21401E1D8006096B3884601907568D6F888706C1EFC
S21401E1E82BD4013507F1800B06EB8505B8F1000F36
S21401E1F826D173682A68013BA3423BD000232B60D3
S21401E208BAB1D6F804A05FB30123D7F80011A3402A
S21401E2180B4225D0D7F8040157F8241003422BD116
S21401E228019890477368D9F8002053451ED1B24229
S21401E2381CD1013C043D631CD8D103B0BDE8F08F66
S21401E2484FB15BF824304345D3D0013C043D621CF2
S21401E258F3D0002FF5D1013CEFD3013CFBD2ECE71C
S21401E26890477368D9F800205345E0D0002AE4D0D7
S21401E2781646B1E77460C3E708469047D2E700BF81
S21401E2886050002013B50446694619F0CBFA2046BB
S21401E29819F00FFCFF28024606D020469DF800100C
S21401E2A8EFF718F802B010BD0048FBE70080FFFF43
S21401E2B82DE9F0418AB001AC05460B462746194AB6
S21401E2C802F1200C264610685168083203C66245DA
S21401E2D83446F7D1002B08BF3B46002710681C467A
S21401E2E83060384603F10C0690B95FFA87F8424663
S21401E2F82846218819F0FFFC50B942462846E1888D
S21401E30819F00AFD20B942463146284619F016FD8D
S21401E3180137032F06F1080604F10204E4D10AB016
S21401E328BDE8F08194910400F0B589B005460E4623
S21401E33801F034FE044600BB01AC06F10C070FCF12
S21401E3480FC497E8070084E8070001A9284605F0E6
S21401E358F1FC2846311D19F08CFF044648B92846B9
S21401E368074901F05DFA044618B9284601F0E0FDB0
S21401E378044628463168FFF79BFF204609B0F0BDE2
S21401E3888C910400014919F0A0BA00BF29FF0100C9
S21401E39870B5164E032804460D4633781ED023FA68
S21401E3A804F202F00102AA421DD053B10122A24092
S21401E3B8A54023EA02032B43DBB233704BB101209D
S21401E3C870BD2DB10A4B01201B6898473378EDE7DD
S21401E3D83570074B00201B689847F0E79A07DED090
S21401E3E803F0FC03E9E7002070BD00BF6D60002064
S21401E3F8A0520020F8B505460C461EF028F8104F26
S21401E40806463B7833B1012D04D01CB90D481CF0E3
S21401E418E5FD3C7021462846FFF7BAFF0A4B04463D
S21401E4281B783BB93B782BB919F039FC10B1074B6F
S21401E4381B68984730461EF005F82046F8BD00BF11
S21401E4486E600020745200206D6000203467002042
S21401E458054A0B46117831B100211170034A012192
S21401E46852681878104770476E600020346700209D
S21401E47838B5074D04462B78834207D001F0B8FC1F
S21401E48820462C70BDE83840F0F7BCB938BD00BF4F
S21401E4986C60002038B5044680B11DF0D8FF012114
S21401E4A8044608461CF00EFA01210B4A084615F0E8
S21401E4B853FE2046BDE838401DF0C4BF1DF0C7FF17
S21401E4C80546214601201CF0FDF901202146024A95
S21401E4D815F042FE2846EDE79F6704001B4B02290C
S21401E4E810B5187002D0032904D010BD184B1B783C
S21401E4F8002BFAD105F08CFB0028F6D04FF000521D
S21401E508144BC3F88020BFF34F8FBFF36F8F01F012
S21401E51847FC0028E9D001F03BFA0028E5D10E4B6C
S21401E5281C6834B123689847BDE81040002001F004
S21401E53853BC19F0C6F9094B18601EF074F8084B5D
S21401E5481860204601F034FCEEE700BF526A00204E
S21401E5586C60002000E100E0C45200209C520020BC
S21401E5689852002038B504460D4605F051FB80B197
S21401E5784FF00052124B1A6001F012FC48B9012DF7
S21401E58807D8012001F028FC0E4B1B6823B15B68F5
S21401E59898470D4B1C7038BD1EF045F80B4B1A6892
S21401E5A8801A18601CF0C8FD4FF47A72084B1B6875
S21401E5B802FB003019F087F9012001F0F9FBE8E7C2
S21401E5C800E100E0C4520020526A00209852002060
S21401E5D89C520020F0B585B01DF039FF344D044635
S21401E5E82B7823B133481CF0F9FC002852D11CF0D3
S21401E5F87FFD02AA03A919F03CFB0346002838D080
S21401E60819F04BFB029B98421CD100202A4B039918
S21401E6181B682A4E9942307020D90027C91A01234F
S21401E62824482B70264A3346CDE900771DF0D7FFDC
S21401E638002837D1234A1378D90701D53178F9B19B
S21401E648204611E019F027FB029B984228D00023A8
S21401E65818461949194A0968137003910121FFF7E9
S21401E66897FE002320462B701DF0ECFE002005B017
S21401E678F0BD20462B701DF0E5FE212005B0F0BD4B
S21401E68803F0FE031370002BDAD10F4B1B68984773
S21401E6982046E9E720461DF0D5FE0E2005B0F0BD60
S21401E6A80220B3E7032320462F703370F3E700BF39
S21401E6B86E6000207452002094520020516A002097
S21401E6C859E401006D600020A052002070B51DF0CD
S21401E6D8BEFE184D04462B7823BB174A17491370FC
S21401E6E8174B184A18481A60184A194E5A60F0F714
S21401E6F82DF818491848F0F729F8184B8020336088
S21401E708EDF7E4FD052804BF154B3360154B5B6F29
S21401E71803F44073B3F5007F02BF0222124B1A605E
S21401E72801232B70F0F77AF920461DF08BFE0020A6
S21401E73870BD00BF6F6000206E600020B8910400B5
S21401E74834670020DDE5010064520020FDE3010086
S21401E758A0520020C09104006C52002079E4010008
S21401E7689DE4010000400050945200202DE9F0433A
S21401E7788F7880460F2F0C4685B003D9212005B027
S21401E788BDE8F08327B90123374A00201370F6E75E
S21401E7980D784E78EDB9002EF0D194F90310E08883
S21401E7A802F00CFE2128E9D055EA0603A088DFF816
S21401E7B8C89013D002F066FE4FF60403B9F800209D
S21401E7C801469A424BD1AE42334638BF2B46002605
S21401E7D82DE0082DD2D8082ED0D8DEE702F052FE5A
S21401E7E84FF6040501464FF60500204A136E9BB204
S21401E7F8AB4208BF0346B1F5803FA9F800300FD9F0
S21401E80802230825136680230126C2F880302B468A
S21401E81849084FF6FF720139914228BF114608E0B0
S21401E8288023012608251666C2F880302B46002963
S21401E838EFD1002202920122013FFFB20092019716
S21401E8482A4608F1F80002F0C7FC1EB14FF4801200
S21401E858074B5A65074BA2681A60022394E70348D8
S21401E8680266A9F80030AEE77060002000C001B863
S21401E87800D001B8AC520020D869002010B5044673
S21401E888D0F818210B4B4FF40061C3F8CC2090F850
S21401E8982420D20102F4006205F0D6F894F8243058
S21401E8A813F0100F4FF4007314BF034A034A13649E
S21401E8B810BD00BF003E00B0001002B8002002B82C
S21401E8C8431C07D06FF0FF02034B10405A62A3F5B2
S21401E8D880535862704700BF00E000B8F8B5044698
S21401E8E80F4616461DF0B3FD0546A047044620B15F
S21401E8F828461DF0A7FD2046F8BD04F05FFA04225D
S21401E9080549D1F8F03E23EA07033343C1F8F03E40
S21401E918024B1A64ECE700BF003000B0002002B8D2
S21401E92800F01803182B0AD003070AD440F2011383
S21401E93810F0100018BF1846034BD8677047002020
S21401E948FAE70120F8E700BF003F00B0044B18685B
S21401E958830654BFC0F30F204FF6FF70704700BF01
S21401E9685053002038B10368044A002B08BF1346E9
S21401E978034A13607047014BFAE700BF1979030091
S21401E9884067002010B4D0E9524122400B4052EAB9
S21401E998030104D003495DF8044B096808475DF88C
S21401E9A8044B7047406700200F2938B505460C46CA
S21401E9B80ED801F033FA01280CD1074A2846936E7F
S21401E9C823F00F032343936619F0C7F9002038BDD7
S21401E9D82120FCE70220FAE7003F00B0014BD86E81
S21401E9E8704700BF003F00B0014B0020D966704752
S21401E9F8003F00B003282DE9F347884655D82C4B2D
S21401EA0813F800902B4B1E5C2B4B13F800A01DF03F
S21401EA181EFD074604F01EF9054640B100230022F4
S21401EA28CDE9003301200023002103F03FFF04F065
S21401EA3819F948B100230022CDE90033002000234C
S21401EA484FF4004103F032FF6EB31C4BDC6C04F04C
S21401EA5808041B4B3146DC64484604F00DFA52465E
S21401EA683146484604F096FA164BDC646DB1164BEF
S21401EA781868D0F89010F83003F008F813490868B9
S21401EA88FFF71EFF4FF0FF330B60B8F1000F04D0FD
S21401EA980F4B002103205B689847384602B0BDE853
S21401EAA8F0471DF0CFBC3446D3E702B0BDE8F08787
S21401EAB8D0910400CC910400C8910400004000B82D
S21401EAC8006000B8005000B85C5300203C67002086
S21401EAD8346700200F4A136C13F0A00F15D1506C41
S21401EAE810F0040013D10C4BD3F8F03E23F07F430B
S21401EAF823F0FF035BB1D368C3F30362092A07D087
S21401EB08B2F10C0018BF01207047002070470120A1
S21401EB18704700BF000002B8003000B070B50D465F
S21401EB28064620B91A4B1B68A3B10E2011E001F066
S21401EB3875F9012829D1174B93F90040C4F1270428
S21401EB48641BC4F11C03002BB8BF5B42232B0CDDEE
S21401EB58212070BDA1F10B03002BB8BF5B42232B0C
S21401EB68F6DC0C4B19700020F3E786F826501DF0EA
S21401EB786EFC094AE402136A04F4FF2423F4FF2313
S21401EB881C4314621DF05EFCEDE70220E1E700BFBE
S21401EB985C5300207160002000C000B818B9034B10
S21401EBA893F90000704790F92600704771600020BD
S21401EBB810B5FFF763FE03F0A7FB1DF048FC0A4AF1
S21401EBC80121D2F8C83E044623F02003C2F8C83E05
S21401EBD80222064B08469A60054B5B689847204612
S21401EBE81DF030FC002010BD003000B0001002B847
S21401EBF834670020094B08465A6A91020BD4D3F8A9
S21401EC080021D20708D4D3F8803013F4706F14BFEC
S21401EC180120002070470120704700BF004001B85E
S21401EC28F8B50D46D0F8903002EA010423EA01034C
S21401EC382343C0F890303D4A01F00B0323EA040150
S21401EC48D1642340A2F580526F070646D36410D5D7
S21401EC580121FFF7CFFF60B104F0B0F84FF400735D
S21401EC6814F0040F14BF324A324A53620422324B5C
S21401EC781A64E90606D514F0100F14BF00221B22E9
S21401EC882E4B5A652A061DD5230616D54FF40012B3
S21401EC98274B1A62012203F58053C3F800211DF0A1
S21401ECA8D6FB0E210746032002F040FE40F2012261
S21401ECB8224B3846DA621DF0C5FB214606F1F800FC
S21401ECC802F0E4FEEF0503D5E00529D502F0FEFDC6
S21401ECD8A90503D5A20526D502F004FE15F0600F96
S21401ECE809D0D6F8E410304618F013FE8022144BEB
S21401ECF89867144B1A612B0510D504F05FF8124A71
S21401ED0814F4006FD2F8F03E14BF43F0006323F00A
S21401ED180063C2F8F03E0422074B1A640020F8BDCF
S21401ED2802F0CEFDD4E702F0D7FDD7E7006000B8C1
S21401ED38005001B8006001B8002002B8004000B8D1
S21401ED48003F00B0000002B8003000B0014B186860
S21401ED58704700BFB852002037B51DF078FB002475
S21401ED6801230022CDE90034002305461946104642
S21401ED7803F09CFD022002F003F9064B21461C60B5
S21401ED88054B02205B68984728461DF05BFB20462A
S21401ED9803B030BDC0520020346700202DE9FF4182
S21401EDA802290D4616469846039004D1FFF7D4FF6C
S21401EDB804B0BDE8F0811DF04AFB1E4F04463B68CF
S21401EDC83BB1B34205D01DF03DFB002321203B603B
S21401EDD8EEE7194B0022C3F800803E6000230126A7
S21401EDE84FF0000810461946CDE9006603F05EFDAF
S21401EDF8124B022083F8008002F0C2F843462A46E6
S21401EE08022003A902F0DAF80D4B039A1A6008B932
S21401EE182046D8E70B4D2B689847212804D0204672
S21401EE281DF010FB0020C3E731466B6802209847A7
S21401EE38F5E700BFC0520020BC52002073600020D6
S21401EE48B852002034670020044B5B6E5B054EBF4A
S21401EE580120034B187800F00100704700C001B884
S21401EE68736000200A78022A11D0101F42424241DC
S21401EE7852004B781201022B0BD0191F4B424B4103
S21401EE885B000549054842EA8312FFF727BD0122C0
S21401EE98EFE70123F5E700BFF0FFFF006DFE010075
S21401EEA80B78022B10D0181F434243415B004A7867
S21401EEB8022A0BD0111F4A424A4152000F21044828
S21401EEC843EA8202FFF70ABD0123F0E70122F5E7CC
S21401EED899FE01002DE9F8430E780446042E0D46E6
S21401EEE890F824810BD100275FFA87F9484601F08C
S21401EEF8BBFC08B14E4602E00137042FF4D1304678
S21401EF0801F0B2FC002849D094F82431B34209D163
S21401EF18AA88D4F8A4309A4204D16A88B4F826316B
S21401EF289A4238D084F82461AB883046A4F8283150
S21401EF386B88A4F82631AB8804F59275C4F8A4301A
S21401EF48FF2384F8293018F086FF84F8280028461D
S21401EF5801F04AFC18BB284601F07CFCF8B9D4F845
S21401EF68E03053B194F82411414506D02046B3F950
S21401EF781220EEF737F984F82D01204601F0B8FC87
S21401EF880949A4F828010123084AD1F8FC1004F11C
S21401EF98F80003F083FA0020BDE8F88321200C234B
S21401EFA884F82431F8E700BF004F00B0A43F00B052
S21401EFB870B5054690F824010C460C281FD0FF2989
S21401EFC801D1212070BD1AB14FF0FF320D4B1A60E6
S21401EFD818F041FF064695F8240101F07BFC8442AF
S21401EFE828BF0446E4B2B44238BF3446E0B285F8D6
S21401EFF8290001F079FDFF28E3D00020E2E702208E
S21401F008E0E700BF4467002010B590F824310446B5
S21401F0180C2B44D0D0F8E03080F82810DBB3D0F8B9
S21401F028F020D2B990F82D318B421CD3002220460D
S21401F038FFF7BEFF48BB1B4B1B7813F0FD0F23D110
S21401F048204601F055FC18490123184AD1F8FC104E
S21401F05804F1F80003F022FA16E0B0F94020B3F9FB
S21401F06812309A42E2DD0022204694F82D11FFF76D
S21401F0789FFF50B9C4F8E000204619F096F84FF6FD
S21401F088FF739842014601D1002010BD2046BDE815
S21401F098104004F077BFFF2380F82930F4E70220F8
S21401F0A8F3E700BFDC690020004F00B0A43F00B0C2
S21401F0B8F0B51D46144B04461B780F46164685B018
S21401F0C85BB1D0F8E030E3B102AAB3F9123000928E
S21401F0D8002214F056F905B0F0BD02A918F0A2FBFB
S21401F0E89DF808103A462046EEF77CF8014626B900
S21401F0F82A462046FFF75CFFEDE72046FFF784FF28
S21401F108E9E71846E7E700BF77690400D0F89830C2
S21401F118012B01D10020704770B5054650498EB0C5
S21401F12818F0ECFED5F8E0600146AC8DC5F8E400B1
S21401F13826B1336813B15B68002B6BD11DF087F9D4
S21401F1481DF080F90123D5F8E4108DF80E30B38947
S21401F158D6E90120E31A9BB200FB03224148ADF829
S21401F1680C3003680292994207D0284618F0D1FB62
S21401F17880223D493D4B88671A613D4C3B4E00F065
S21401F1884DFE0128FBD1236CD907F8D4336CDA017C
S21401F198F5D4D5F8E41028460D919DF80E2002996D
S21401F1A808AB02F037FE002831D100F037FE0128FF
S21401F1B8FBD12E4A2E49136CDB01FCD40B6CDE07FF
S21401F1C8F9D408A901A803F047F800BBAA8D294B72
S21401F1D85A6495F8243060F3410385F8243018F012
S21401F1E8E1FDD5F8E03002465B691968431EDBB2DB
S21401F1F8FD2B049114D9CC1C12D91F4B01311B6865
S21401F20815D0D81C10D8284604A904930AE0022071
S21401F2180EB070BD1A68032A90D99B6A5B0E94E7F4
S21401F228284604A918F0A8FD00200EB070BDD91C08
S21401F23804D8284604A9049318F09EFDD5F84C3145
S21401F2489B0506D495F8243043F0020385F824304C
S21401F258EAE728464FF4803118F0D7FFE4E700BF05
S21401F268FC4F00B0A8520020003F00B0000002B8D2
S21401F27800C002B8008001B85067002010B50C46DF
S21401F28819B118F035FD00B10434204602F0FAF839
S21401F298024B4042C3F8E00E002010BD003000B01B
S21401F2A8438E70B593420C4615461CD3436C8B426D
S21401F2B808BF00241DF0CBF84FF49C530B490646B3
S21401F2C8CA68C2F30362D340DA0702D50B6C9B0304
S21401F2D804D401222946204601F05CF830461DF088
S21401F2E8B1F8002070BD2120FCE700BF000002B87D
S21401F2F82DE9F84F074615460B4611B92120BDE8FA
S21401F308F88F002AFAD0032905D8002201F0ACF9B3
S21401F31803460028F2D01C889A78B4F5804F02F08C
S21401F328070180F0CE80A1F1070C187993F805B093
S21401F338DE88DCF1000343EB0C0305292B7394BF2D
S21401F3480023C2F30013C2F3801C6B73930985F87C
S21401F35810C003F00203C2F3C00C43EA0C03C2F365
S21401F3684012E8746B74AA74D7F89030AE82D80647
S21401F37800F193800639012900F28F80B7F81290C0
S21401F388D7F81C8009F1FF394F4B083C04EA0904F9
S21401F3985B6D18F804300021802B0CBF6FF07F03DB
S21401F3A8323B04F1010418BF5BB204EA0904AB73EB
S21401F3B8631D03EA09035A1CA96002EA090218F840
S21401F3C8022018F8036097F825A046EA022636B206
S21401F3D8BAF1000F5FD1F10456D5D7F8E43013B16E
S21401F3E81B68022B05D841F24D724C21002004F00F
S21401F3F8F7FDD7F8E420C6F30B0392F82420DB00C8
S21401F4080AB1B3FBF2F39B4508D83BB1CBEB0B2B08
S21401F418BBFBF3FB6FEA0B0B5FFA8BFAD7F8EC3002
S21401F42823B1504695F90E1098478246013485F85F
S21401F4380FA004EA090418F80410013404EA0904C0
S21401F44818F80430013404EA090441EA032118F8DB
S21401F4580430013404EA090441EA034118F8043087
S21401F46841EA036116F4804305D0184BDB6EB3FA04
S21401F47883F35B095B0038466A7C03F0CBF8062306
S21401F4882860AB7100203AE718F804A04FEA4A0A48
S21401F4985FFA8AFAC2E78A46C8E700230020EB73B8
S21401F4A80B4BDA69C2F30723120448BF63F0FF0364
S21401F4B85AB212F1800F1CBF323B5AB2AA730346E6
S21401F4C8DEE702201BE700BF004000B8003F00B09F
S21401F4D800C000B806238B7190F8253043B1054B60
S21401F4E8D3F8C4200B6802F01F0203EBC2030B60BB
S21401F4F800207047003E00B011F5004F1FBF01F312
S21401F5080E01044BC1F30E01002014BF996421209B
S21401F518704700BF008001B8F8B504460E4619B911
S21401F52890F824305A0647D44FF6FF73218ED4F844
S21401F538E470994204D0354B1B680BB120469847B6
S21401F548334D2B68BB4255D0324B1B683BB11FB1BC
S21401F5583A68002A50D0BF68394620469847072798
S21401F568204601F0C5F9002E3AD004F0C7FA062065
S21401F578294B94F9262093F900302849C3F127032B
S21401F5889B1A0A6ADB0222F4FF2203F4FF231343C1
S21401F5980B62D4F8E420224B2A60986701F01CFB22
S21401F5A8002501211F4A204B1170204683F88450FC
S21401F5B818F0D3FB2846F8BD4FF6FF71144DD0F866
S21401F5C8E4702A6866F386139742018680F8243029
S21401F5D817D0104B1B68002BB9D101F089F9072702
S21401F5E812493B46124AD1F8FC1004F1F80002F021
S21401F5F855FFBAE70127B3E7174620463946984725
S21401F608ADE701F075F90127EAE700BFB45200201B
S21401F618A8520020B05200207160002000C000B837
S21401F628006000B872600020003F00B0004F00B0D4
S21401F638A43F00B0054A12681AB190F81E1119B90C
S21401F6481047084602F092B901487047A4520020B4
S21401F65800FEFFFF334B2DE9F7431C6801F40079E0
S21401F66800F00103174653EA090206460D4632D052
S21401F6784FF0000823B30023002201200021CDE922
S21401F688008803F013F941462046FFF7D3FF01220D
S21401F6984146E085104618F03AFDD4F8901004F17A
S21401F6A8F80002F0F3F920490868FFF709F94FF066
S21401F6B8FF330B6094F8243043F0040384F82430B5
S21401F6C8B9F1000F07D00121204618F09EFD25F458
S21401F6D8007506430D432B4632462046FFF752F97E
S21401F6E8FB070FD51149124A0868002113681160F3
S21401F6F80121104A117003B198470F4B00210220CF
S21401F7085B68984717F00E0F08D04FF409723B2133
S21401F718002003B0BDE8F04304F062BC03B0BDE8C6
S21401F728F08300BF5C5300203C670020BC520020D9
S21401F738C0520020736000203467002008B55822A4
S21401F74800210648FEF754F91022FF210448FEF767
S21401F7584FF904F0D3F9002008BD00BFF43E00B00D
S21401F768383F00B073B574210C236D22A0F814112C
S21401F778822180F824314FF6FF734FF0FF35C0E938
S21401F78841120026C0F8002164220446838580F8C9
S21401F7982A301E4BC0E94322C36300F14803436481
S21401F7A81B4B80F82660C0E90C35C0F8A4500585C7
S21401F7B803F060FA2046FFF7C1FF94F926102046A9
S21401F7C8FFF7ACF96023134A40F6FF71D3644FF094
S21401F7D83A4211631167104A2946D36440220F4BF7
S21401F7E820461A64D4F89020FFF71AFA0E2300224E
S21401F7F8CDE9003340F202231046194603F056F8C5
S21401F80801F046F8304602B070BD00BF0700FFFFA2
S21401F818FFFF4000004000B8005000B8002002B8C2
S21401F82810B50C46FFF78AFFCCB1A378082B18D879
S21401F838E278082A15D843EA021313F0FF030CBF2F
S21401F84819466168084AC2F8F410217882F8481106
S21401F858617882F84B3182F8491104F04FF900209B
S21401F86810BD2120FCE700BF003E00B0012A10B5FC
S21401F87812D8032B10D803EB82020123074C9340BE
S21401F88894F84A01DBB221B10343002084F84A31D7
S21401F89810BD20EA0303F8E72120F9E7003E00B08F
S21401F8A8044BD3F8F03E13F0806F14BF23200020DA
S21401F8B8704700BF003000B00246F8B5B0F82841DE
S21401F8C800F1F805FFF7ECFF0B688E68013304BFFB
S21401F8D8D2F800310B604B68013304BFD2F80C3103
S21401F8E84B60771C3BD1D2F80831CF688B607E1C01
S21401F8F83CD1D2F804610F69CE60013704BFD2F853
S21401F908F8700F614F69013704BFD2F8FC704F6178
S21401F9188F69013704BFD2F810718F618F6967BB91
S21401F928C0F1640408688C6110B16D2838BF6D2079
S21401F938C2F808314B68C2E94006C2E943340B698C
S21401F9482846C2F8F8304B690F49C2F8FC30D1F89E
S21401F958FC1007230D4A02F0A1FD0020F8BD04F1B2
S21401F9686D031B1AB34238BF3346BEE704F174066B
S21401F978361ABE4238BF3E46BDE76D34241ABC422D
S21401F98838BF3C46CEE700BF004F00B0A43F00B0EA
S21401F99870B51CF05CFD05460B4E00F03FFA0128D9
S21401F9A805D028461CF04EFD0224204670BDF3689B
S21401F9B813F0706FF1D1F46814F08054EDD1284635
S21401F9C81CF040FDF1E700BF000002B838B51CF096
S21401F9D83EFD4FF6FF710A4A13888B4203D11CF08D
S21401F9E831FD0E2038BD074C074D1B046566A4F58E
S21401F9F88054636611801CF025FD0020F2E700BFE5
S21401FA08DA690020006001B80000FFFF2DE9F7431E
S21401FA1804460F4615461E46FFF75CF838B3A38A18
S21401FA282BB3204617F040FF78B9744BD3F8F02E65
S21401FA381EB10E2003B0BDE8F08302F03003102B90
S21401FA48F7D002F0C002402AF3D0DFF8E08102F0D6
S21401FA585BFCD8F81430DE07EBD51CF0F8FC06463C
S21401FA68032001F08BFB20B130461CF0EBFC022092
S21401FA78E0E7D8F8142012F00608F5D130461CF055
S21401FA88E1FC5E4B4FF400612046D3F8F09ED3F8B4
S21401FA98D06E03F0EDFF40B14FF400720121584BD0
S21401FAA808461A64424618F032FB3946204604F0E6
S21401FAB869FA524BC3F8F09EC3F8D06E0028B9D144
S21401FAC894F82430980601D4002D57D0C5F3400089
S21401FAD803F03AF9022315F4807F1FBF494A002133
S21401FAE813644FF03A420BBF454A9161136453635E
S21401FAF803F064F94FF4806315F0040F14BF424A0B
S21401FB08424A15F0400F53624FF004023C4B284618
S21401FB181A644FF0400314BF3D4A3E4AC2F8883083
S21401FB28FEF7FEFE204617F0E9FF38B14FF4807362
S21401FB3815F0010F14BF334A314A1364A90646D596
S21401FB484FF6FF72E38F93420FD0334A3349526E12
S21401FB58100CC2F301120132B3FBF2F308802A4AF1
S21401FB682A492F481B0448665366003D18BF0125DD
S21401FB7894F8243065F3451384F82430204618F0A9
S21401FB88B7F8F0B1204617F0B9FFD0B14FF40031FD
S21401FB98204603F06DFF431C03229BB2214801A9AE
S21401FBA818F046F99DF8042002F00703052B9DF886
S21401FBB8053015D112070DD443F480731A4AC2F8DA
S21401FBC8D830002003B0BDE8F04318F03EB9FFF77F
S21401FBD8FDFECAE713F0040F09D19DF80630EBE7DE
S21401FBE803F03002202A05D113F0010FF4E74FF491
S21401FBF88073E3E79DF80630E0E700BF003000B009
S21401FC08002002B8001002B8005001B8006001B820
S21401FC1800D000B800E000B8004001B8DA6900205A
S21401FC280000FFFF0C0000BA003E00B000C001B89B
S21401FC382DE9F3410646884615461F461CF007FC83
S21401FC480446032001F09AFA38B120461CF0FAFB64
S21401FC580E24204602B0BDE8F081042001F08EFA99
S21401FC680028F2D120461CF0EDFB01232A46414626
S21401FC783046FFF7CBFE04460028EAD1DFF8C880F5
S21401FC885FB388F8000039463046FEF76FFD002856
S21401FC984CD198F80030012B1CD02022244B1A6432
S21401FCA8244B9B6FB3F5817F1FD2012018F0E6F82D
S21401FCB81CF0CDFB204B06461B680193CBB901F01F
S21401FCC8DDFA15F0800526D101F01CFB284603F065
S21401FCD80FF825E003F022F8BBE798F80030012B6F
S21401FCE8F8D0002BD9D12124B3E78022134B1A610F
S21401FCF8DBE7042001F044F900230122042001A9CE
S21401FD0801F05CF90028DAD103F070F821243046B6
S21401FD181CF098FB9DE70022094B9A6701F0F2FA5E
S21401FD28084B01215B6800209847F0E7044690E7F6
S21401FD38001002B8003F00B0AC520020000002B824
S21401FD4800C001B8346700207060002008B50B4B6E
S21401FD58D3F84C114B1C10D011F080410DD1084B33
S21401FD681B6813B10320FEF745FE4FF08062054B72
S21401FD78DA6401225A6102229A6208BD0080E00F05
S21401FD885C530020001002B84FF40022034B186C95
S21401FD9803F500531A64C0F3C0407047000002B868
S21401FDA8024B586900F00100704700BF00C001B857
S21401FDB8084B5A69D10707D508B901F0BDB85B6980
S21401FDC8DA0706D401F0AAB85B69DB0701D4002874
S21401FDD8F8D1704700C001B84FF0806310B1024AED
S21401FDE853617047014AFBE7001002B8002002B8C9
S21401FDF8202350B1064AC2F8F433064B196C11F0A9
S21401FE08010104D1032002F093BA034AF3E77047CD
S21401FE18001002B800C002B8002002B80F4BDB6819
S21401FE28C3F30363013B0B2B0FD8DFE803F0060689
S21401FE380C06060606080A08080802207047042069
S21401FE4870470520704703207047054B5B6913F020
S21401FE58060F0CBF01200420704700BF000002B83F
S21401FE6800C001B8094AD368C3F303630B2B08D053
S21401FE786FF49050184100F0010080F00100400036
S21401FE887047106C10F48030EDD17047000002B84E
S21401FE980C4AD368C3F30363062B07D8042BD8B2DE
S21401FEA80BD8C31E5842584140007047072B06D14D
S21401FEB8D2F844010028ECD1704702207047002090
S21401FEC8704700BF000002B8094BDB68C3F3036341
S21401FED89A1E012A8CBF00220122012B02701EBF26
S21401FEE84FF4026222FA03F303F001030B70704722
S21401FEF8000002B8094AD368C3F30363032B01D091
S21401FF08072B08D1536CDB0605D4906C80F00800EB
S21401FF18C0F3C00070470020704700BF000002B859
S21401FF28024B0022196817F0C6BE00BF10920400E3
S21401FF3810B5FF224FF6FF71044617F0DCFE68B9CC
S21401FF48FF224FF6FF71204617F0E6FE30B920462D
S21401FF58BDE81040FF22024917F0F0BE10BD00BFF1
S21401FF68D891040010B55B0743EA02439DF80820C0
S21401FF7843EAC163520502F0BC621A43064942F4D9
S21401FF88C872044603F060FD002220461146FFF7BA
S21401FF9887F9002010BD00BF9007E12D37B50C4644
S21401FFA80546094A09490A4801F038FB94F82830F9
S21401FFB82846009394F82B3094F8292094F82A10B0
S21401FFC8FFF7D0FF03B030BD749204007C920400A2
S21401FFD84492040008B5FFF78DFF88B1094BDA692A
S21401FFE812030DD5186C10F4003009D19B6C13F070
S21401FFF8100F4FF010030CBF034A044A936408BD60
S2140200080220FCE7000002B8001002B8002002B87E
S214020018034610B500B3124AD16909031ED5546CBB
S214020028C4F38114032C15D0022C17D122460D498D
S214020038B1F8D40001F10061801A01F53571014466
S2140200481846FDF765FE064A0472926C120A427258
S214020058002010BD0822EAE72120FAE70220F8E786
S214020068000002B8003E00B00A68064B12F0802F65
S2140200781CBF42F20101C3F82812C3F88822C3F84B
S2140200888C227047004001B8F0B585B06C460E4623
S2140200980B4B074615460FCB84E80F00094BD3F8DF
S2140200A84822009226B16B1EDBB2FD2B88BF326057
S2140200B82A462146384617F05FFE05B0F0BD00BF57
S2140200C8E09104000080E00FF0B585B06E460D4B57
S2140200D807460D460FCB86E80F0017F063FE31463B
S2140200E804460246384617F0A9FF4DB140B9FF2C20
S2140200F81BBF04AB03EB8404009B54F8103C2B6034
S21402010805B0F0BDE091040030B50823054685B079
S21402011880B9094AC2F8FC3351B96C46074B0FCB73
S21402012884E80F00064B2A4621461868FFF7ACFFFC
S21402013805B030BD034AEDE7001002B8F09104009E
S2140201485C530020002002B84FF03A43D3F814213B
S214020158D2031ED54FF480320E49C1F81421A1F5F8
S2140201688051C1F818215A6DD1B2C2F30722C3F8DA
S214020178A410C3F8A4200422C3F8A4200022C3F8BB
S214020188A420C3F8A420C3F8A420C3F8A420C3F864
S214020198A4207047002000BAF0220B4B01219A6473
S2140201A8A022A3F580539A644FF03A43426CC3F8F0
S2140201B8F410FC21C3F8CC10C3F8D0204FF4005238
S2140201C8C3F8F020704700BF006000B8F8B50D46C7
S2140201D84FF03A44174606461CF039F90123042123
S2140201E8074A6363E76026616561C2F81411054A27
S2140201F8C2F884311CF026F90DB102236363F8BDF8
S214020208002000BA00E100E02DE9F041054601248D
S214020218006800F00700063004FA00F3A868EC68E5
S2140202285E1EA04262D000EA060E6C6810441E43A8
S2140202380640A3EB0E000EEB040C8242644618D965
S214020248D31A0EEB030298B1431E052B04D94B1C96
S214020258ACEB0303022B59D80B460844ACEB010E51
S21402026803EB0E0113F8014B83420C70F8D10146DA
S2140202786C688AB1531E052B01F1010302D9E01AF4
S214020288022812D80A44611E00E0013313F8010C52
S214020298934201F8010FF8D11CF0D9F80223AE6098
S2140202A8AB62BDE8F0411CF0CDB80B46204622F002
S2140202B8030E8E4453F804CB734540F804CBF9D1A9
S2140202C822F00303D01A920701EB030C04EB030790
S2140202D8E2D0CA5C0128E254DED09CF8013002283B
S2140202E87B70D9D09CF80230BB70D5E7042A35D982
S2140202F80878043AA86148780431A86111F8020C13
S214020308A86111F8010CA861A8688CE70B4620F0D2
S21402031803070F44ACEB010E1C684EF80340043387
S214020328BB42F9D120F0030310F0030F01EB030ED2
S214020338A0EB03040CEB030728D011F80380012C6A
S2140203480CF8038022D09EF80130022C7B7018BF6E
S2140203589EF80230084418BFBB7088E7013A032AA1
S21402036812D8DFE802F00F1507020B4613F8012B26
S2140203781946AA610A4612F8013BAB61114611F802
S214020388013BAB610B78AB61BDE8F08108446EE7D0
S2140203980A46F3E738B50B46154601464FF03A4487
S2140203A868B101221048C4F8F4201A46FFF72CFF59
S2140203B825B14FF03A430422C3F8F42038BD73B18E
S2140203C8D4F8D8209A4284BF0122C4F8F4204FF009
S2140203D83A42C2F8D4300223C2F8F430E8E70123DE
S2140203E8C4F8F430E4E700BFCC0000BA38B50446D7
S2140203F81CF02DF84FF03A420121238F054651672B
S2140204084BB3B3FA83F3C3F11903DBB2A069C2F89C
S214020418B410C2F88C300723C2F89000C2F8B03085
S2140204284FF4A02302F50052C2F81431A2F5805206
S214020438C2F8183100220C4B1A600C4B1B6C5B027C
S21402044809D54FF480020A4B04F1F8001A64D4F86E
S214020458901001F01BFB0023638707232846A38717
S214020468BDE838401BF0EEBFC8520020000002B8B4
S214020478002002B82DE9F84305460C46B1B1D0F87B
S2140204881880078F1BF0E3FFB5F83AC0791E01EA19
S2140204980C0323F00702032C0646DFF8F8E0424472
S2140204A85ED1DEF8004024B91BF0CCFF0E20BDE872
S2140204B8F88324F00104DEF8000020F00100A042D0
S2140204C853D10023CEF80030238894426FEA434380
S2140204D86FEA534323803ED1AB8F08EB07091846D1
S2140204E8083880B202F108044C4528BF444608285A
S2140204F804D9B4F800E0BEF5804F40D263440F43F7
S2140205081B1A3B409BB26B87A887947811884FF0DA
S2140205183A42C1F30C019165C2F89830C2F8B000AD
S2140205284FF48022174B04F00704C3F81421012263
S214020538154BC3F88421FFF707FE042C0BD14FF4A2
S2140205488002124B05F1F8001B6C114B1A64D5F8A1
S214020558901001F09BFA30461BF074FF0020A6E7C5
S214020568601E012898BF1446A5E7A88F4344E31ADD
S21402057848BFDB1908389842A6DC304694E722467C
S214020588AEE700BF002000BA00E100E0000002B8B3
S214020598002002B8C8520020154B10B519688A8F79
S2140205A84B8F088F13440138073B8C69034023F0AE
S2140205B807031C4402F108034FF03A429BB28B87AA
S2140205C8C2F8B0304FF480220A4BC3F81421012235
S2140205D8094BC3F88421A07800F00700042803D149
S2140205E8064AD3681B03FCD4054B1C6010BD00BF2B
S2140205F85C530020002000BA00E100E0000002B8C8
S214020608C852002010B5064C216839B1CB0703D46E
S214020618044B1868FFF72EFF0023236010BD00BFA7
S214020628C85200205C5300204FF480320C4B0D4910
S214020638C3F818214FF03A43C1F81421D3F8AC1086
S214020648D3F88C20012302F0070206329340C1F346
S2140206580C01083B994201D8FFF776BD704700BFE8
S214020668002000BA001000BA2DE9F04780460C4672
S21402067816468769058F1BF0EAFEB8F83A2005F198
S214020688FF3C02EA0C0323F00701032C8246394496
S214020698B8F83C0019D14A4C24689CB90244073A77
S2140206A802EA0C0222F00702BC183B44E31A48BFCF
S2140206B85B19834210DB50461BF0C4FE002420461A
S2140206C8BDE8F08724F00104EFE7012C02D0022CE3
S2140206D8EBD108380C46E8E7002E3FD08C4241D1D1
S2140206E84FF03A42D2F858904FF03A41D1F8AC203F
S2140206F8B8F81270C2F30C02934247DA2588B5F5A9
S214020708804FD8D2A378C5F30C0503F007037A1EE8
S214020718A5EB09053A43052B337005EA02052DD8E1
S2140207282DB2E84340F241420421C00F03F058FCC0
S2140207387580E3783374D8F81C207B1E03EA090315
S214020748D118B160A9B213FA85F5AF422FBF0023BC
S214020758FF1AB780F26024BFB180F36050461BF0E0
S21402076871FEACE7A4F10802974284BFED0802EBDB
S214020778C502B2F80090C9F30C09B5E7114B5B6DD8
S214020788003B18BF0123A5EBC305C9E74B6D7A1ECC
S214020798A3EB09033A431A400B4915B2002DCB685E
S2140207A80BDCC3F30363D81E43424341DB003370BA
S2140207B88B6C72801B0A3374BDE70823F7E700BF09
S2140207C8C8520020004000B8000002B8054BA82214
S2140207D8D3F84C013121431C0CBF0120C0F38070B2
S2140207E803F0FEBB0080E00F38B5134D04462978A7
S2140207F819B920221148FDF7FBF86188104A2378B8
S2140208085180002113700F4A022BC2F8CC104FF009
S214020818FF010D4A0D4B11704FF007010C4A4FF0BD
S2140208280000C2F8FC130CBF04220122C3F8FC2302
S21402083801232B7038BD00BF74600020E03F00B073
S214020848DC690020004001B8556A0020001002B892
S214020858002002B8034B1A6802609B888380002037
S214020868704700BFDC69002010B5044600F03AFF66
S214020878064BD3F8F83724B983F40033C3F3404061
S21402088810BDA31E58425841FAE700BF000002B83E
S2140208984FF63F720A4BD3F8FC37934206D0094A02
S2140208A8C3F301131370E022074B1A7041F66A026B
S2140208B8064B1B68B3FBF2F3054A1360704700BF8A
S2140208C8000002B8566A0020576A0020E852002044
S2140208D8CC52002020B1022804D1034B1878704766
S2140208E8024BFBE700207047566A0020576A002032
S2140208F82DE9F74FD0F8A4204C21022A38BF02224D
S214020908064690F824B16B48013A036AD0F8CC50F0
S2140209186948C3F38213D9400368DFF8C0A193423B
S214020928DFF8BC91654BDFF8BC8101F0010116D1F6
S2140209381C788C4213D19AF800405C450FD1D6F841
S214020948A84064B1AC420AD196F8295099F80040FA
S214020958A54204D1B8F8040003B0BDE8F08F98F8B1
S2140209680040026020461970FFF7B4FF002900F025
S214020978888004234FF07F4000255149C1F8B830DB
S214020988504BC3F8B80096F829301B06C1F8B830A1
S2140209984FF080514A4B2C04C3F8B41040F2712130
S2140209A8494B1B68B3FBF1F319215343182BB3FBCE
S2140209B8F1F173D8002C7BD0B4FA84F2C2F120028B
S2140209C8C2F10F03012B38BF0123D440A14201D242
S2140209D8013B64086A1C03F01F0152008A403B4F21
S2140209E8121B9208C7F8B0201A0242EA03121343EF
S2140209F8019305EB052305EB0325354B40F69702D5
S214020A0818682B21003818BF012003F0E9FAFA22E9
S214020A182F4B02FB04F01B6840F6FF72B0FBF3F0A4
S214020A280A2358432B4B00F57A74C3F8C420019A5C
S214020A38A3F58053C3F8C420A3F58053C3F8CC505B
S214020A48D3F8CC3000F58C50C7F8FC30C6F8A8505E
S214020A58214D14302C6001F0ABFC4FF47A72C7F8C3
S214020A68A400C7F8F8002B68B4FBF2F0B3FBF2F365
S214020A78A8F8043096F829308AF800B089F80030C9
S214020A886AE7002C14BF1025202596F829308342E1
S214020A9894BFED182D1805F0FF0579E7B1FA81F233
S214020AA834B1B4FA84F3D21A002A89DC0F238DE70C
S214020AB80F238FE7004001B84467002075600020C6
S214020AC8001002B8002002B8E8520020003F00B02A
S214020AD8CC520020006001B8D0520020546A002090
S214020AE8536A0020DC69002010B5114B01461B78BA
S214020AF8104C0C2B02D1FF20207010BD184617F0A0
S214020B08AAF902461846FFF7E5FE884228BF0846B5
S214020B18C0B2904238BF10462378C0B28342ECD0A7
S214020B28054B20701868FFF7E3FE2078E5E700BF5C
S214020B38DC690020556A00205C53002010B5044684
S214020B4803F066F878B1154B1B786BB964B1144B91
S214020B581B784BB1134B1B78013B012B04D84FF47F
S214020B680042114BDA6410BD104BDB6C1B04FAD43E
S214020B781BF06DFC044602F021F94FF400420C4BC0
S214020B882046BDE81040DA6402220A4BC3F87C24E9
S214020B980422054B1A641BF055BC00BF7660002081
S214020BA877600020D4520020002002B8000002B865
S214020BB8001002B800D003500122024B00201A701F
S214020BC8FFF7BCBF766000200022024B01201A7095
S214020BD8FFF7B4BF766000204FF48022014B9A6478
S214020BE8704700BF005000B8F7B50646544C00F0F0
S214020BF879FD01213A20EBF70BFA524B2578524F32
S214020C081E7085BB2846FFF799FF2378013B012B08
S214020C1819D8E37B01A88DF80430237C8DF80530BB
S214020C28E9F7FCF9C7F87C544FF6FF72474BC3F84E
S214020C388420F822A3F58053C3F884200022424B6E
S214020C48C3F87C240DE04FF6FF72404BC7F87C547D
S214020C58C3F88420F822A3F58053C3F88420C7F883
S214020C687C543B4B5BE00020FFF768FF2378013B90
S214020C78012B08D8E37B01A88DF80430237C8DF875
S214020C880530E9F7CBF90023C7F87C34002ECBD021
S214020C9862685AB32F4B1B6803EB5203B3FBF2F39B
S214020CA8013B1B0243F0F80326782849022E2A4AFB
S214020CB81ED0032E4FF6FF75234826D0012E38D1B4
S214020CC843F00203C1F88450C2F884300723C0F800
S214020CD87C34E37B01A88DF80430237C8DF805303C
S214020CE8E9F770F90120FFF729FF17E0F823DBE799
S214020CF84FF6FF7043F00103C1F88400C2F884304F
S214020D080622114BC3F87C24E3E743F00503C1F837
S214020D188450C2F884300423C0F87C340F4B4FF05A
S214020D2880420020DA644FF480220B4B9A6403B0A8
S214020D38F0BDC1F88450C2F884300023ECE700BF47
S214020D48D45200207760002000C00350006000B82C
S214020D58002002B8E8520020005000B8001002B87E
S214020D68F0B52B4F06463D4604460FCE0FC53368F0
S214020D7885B02B6000F0B6FC01213A20EBF748F963
S214020D880022244BC3F87C24A17A627A42EA014202
S214020D98C3F88824217CE27B42EA0142C3F8842411
S214020DA8217B627B41EA0240C3F880043B78032B2E
S214020DB82AD8DFE803F022020C178DF80410042163
S214020DC88DF805200DEB01000022E9F7C7F8E37B52
S214020DD800228DF80830237C042102A88DF80930F9
S214020DE8E9F7BCF8637A01228DF80C30A37A04215D
S214020DF803A88DF80D30E9F7B1F8074B187805B057
S214020E08BDE8F040FFF7F0BE212005B0F0BD00BFF8
S214020E18D452002000C0035077600020034BDB6CDE
S214020E28002BBCBF024BC3F888007047000002B80C
S214020E38004000B82DE9F04700F0AEFC4FF47A7691
S214020E482D4BB0FBF6F618604FF4FA737343074659
S214020E582A48190E1B021818294A4FF0000341F1B6
S214020E680001FCF759FA274BA0F5807205461A636B
S214020E7820B948222B2103F0B3F801254FF47A72E1
S214020E884FF0000A6A43534650083102FCF744FA08
S214020E981C4B1D4AB7F57A7F9A601C4B4FEA0568C9
S214020EA819601B4B8946044618604FEA152505D279
S214020EB89B222B21504603F093F801264FF47A73AF
S214020EC8A8FB030103FB05117308C01841F10001D2
S214020ED800233246FCF720FA0E4B023419600E4BFA
S214020EE849F10009A408186044EA8974054B013CD4
S214020EF89C63BDE8F08700BFE852002020A10700E7
S214020F0840420F0000C001B802110100F85200204A
S214020F18F4520020F0520020EC5200201022044B1B
S214020F28C3F884215A600122024BDA60704700BF78
S214020F3800E100E000C001B81022064BC3F8842185
S214020F48C3F88420BFF34F8FBFF36F8F0422024B80
S214020F58DA60704700E100E000C001B810B5044648
S214020F68A242A2EB0000A3EB010104D2034B013913
S214020F789B6B0133184401F0030110BD00C001B891
S214020F8838B501250A4B02019D504FF4807304467A
S214020F98084A834053661BF05AFA074AA540137854
S214020FA823EA05031370BDE838401BF04BBA00BFAE
S214020FB800E101B800E001B8806000202DE9F84F92
S214020FC8164605468A461F461BF041FA022E00F0D0
S214020FD8918080461BF048FA5A4B5B4AD3F8209019
S214020FE892F891405A6EE4B2520744BFD3F8209062
S214020FF8013404F003041BF032FA4846214600F096
S2140210082FFA8446DAF80000012E04BF0130604445
S214021018ACEB000C08BFCAF80000BCF1804F7DD3C9
S21402102800F030FA8145A1EB040188BF454BDFF892
S21402103838C188BF01F1FF3101F0030188BF9B6BFD
S214021048A0EB090E0CF80510A1B1F90742BF41F64C
S2140210581F723E4B5A67BA0742BF3C4B3C4A5A6716
S2140210687B0742BF0022374B9A673C0742BF0022E3
S214021078344B9A6511244FF0010A324B05F11002DF
S214021088120103EB051BCBF80C0132499C501A6A75
S2140210980AFA05F4586E0B78A2EB0902E4B2234367
S2140210A872450B7025D34FF48073AB40034220D1B0
S2140210B81CF80520002A40D10EB3274AF8075366C3
S2140210C807D541F61F7140F20110204B5967506749
S2140210D85967B90706D51D4B1D4A1F491F485A6747
S2140210E848675A677A0742BF01221D4B1A613B07B7
S2140210F81AD440461BF0A6F90120BDE8F88F194A13
S2140211082D0142F805A042F89C3C1BF0A0F91149B3
S2140211180B7823EA04030B701BF094F940461BF085
S21402112891F90020BDE8F88F2120FFF777FE4FF4EB
S2140211388032044B4046DA60DCE7074A404653668C
S214021148D8E700BF00C001B8003E00B000E001B812
S21402115800001F1F8060002000D001B800000101B7
S214021168000002B800E101B878600020024B187847
S214021178003818BF0120704780600020034B1030EB
S2140211880001185800F00100704700BF00C001B8FF
S21402119870B50646FEF704FE044608B1FFF7CCFE15
S2140211A800230A4D3046AB61EB612B6200F06AF908
S2140211B8074BC9B283F8911028622CB1FFF7AEFE2E
S2140211C84FF08062034B1A64002070BD00C001B85D
S2140211D8003E00B0002002B82DE9F0419DF81880C4
S2140211E80D46B8F1000F08BF0022214EB5F5803F24
S2140211F8B168074621F4700141F4A001B1609DF878
S21402120820409DF81C104FEA042444EA016444EA8C
S214021218031444EA084444EA02044FF0180140F270
S214021228E9222CBF00200120746502F0D9FE35643D
S214021238B8F1000F1AD00F4BBC68D3F888306D2C63
S21402124838BF6D245B0606D500F082FB18B10A4B40
S214021258B3FBF0F31C44204600F014F90130854233
S21402126838BF0022024B34BF5A645864BDE8F08186
S21402127800C001B800C000B800093D0038B51A4BD6
S2140212885D6C35BB10242020FFF7C8FD174B9C6009
S21402129802F04EFB2022164BC3F8842101F0D2FC42
S2140212A848B12A4600200821FEF7D4F9114B5C669D
S2140212B8A3F580531C67104AD36803F07063B3F132
S2140212C8807FF9D9084B0D4A5A6741F201429A675C
S2140212D838BD01F0B7FC0028F4D0094B054A53661E
S2140212E8A2F580521367EDE700C001B8001002B8F5
S2140212F800E100E000E001B8000002B8011B011896
S2140213081000002008B52120FFF788FD4FF4803230
S214021318014BDA6008BD00BF00C001B8F8B5184D29
S21402132804466B6A1B0426D500F086FB6B6AA0FB94
S214021338044613F0787F4FEA9367C3F34450C3F327
S214021348044505D140F25A422B2102F049FE0120FB
S214021358AD01B5FBF0F010EB871005D140F25F4205
S2140213682B2102F03DFE012002460023204631468C
S214021378FBF7D2FFF8BD00F0EBFAA0FB0401F9E791
S21402138800C000B80246012030B50B4CA0F120037D
S214021398C0F1200524FA05F504FA03F32B4304FAF0
S2140213A800F595428B4100D330BD0F2801D001309D
S2140213B8ECE7FF20F8E700BF40420F0010B50C46E6
S2140213C8FFF7ACFFC30943EA4163C01A61EBD111C8
S2140213D8FFF7D8FFFF2814D00F220C4B40F010005E
S2140213E8C3F88820A3F58053C3F88800A3F5805372
S2140213F85B6ADBB2802B06D02046BDE8104000F0C0
S21402140807BB212010BD0220FCE700BF00E000B8A1
S21402141838B51BF029F8084B084A1D6A92F891401D
S2140214285A6EE4B2520744BF1D6A01341BF017F81D
S214021438284604F0030138BD00C001B8003E00B0DB
S2140214480346064A103302EB00111B01D1F80C01C1
S214021458D158C1F3400116F01CBD00BF00C001B848
S214021468064B1B68434303EB8171054B1B68A3FBC2
S214021478003013F1004341EB00007047F0520020A1
S214021488EC5200200C4A20F04043014610B50020DA
S21402149814684FF00042E4FB0320084A890F1268DA
S2140214A802FB0300064B9B6B984204D901330131B9
S2140214B8C01A01F0030110BDF4520020F8520020B1
S2140214C800C001B8044B01F0F071103041F003017E
S2140214D800011950704700BF00C001B808B52220A5
S2140214E8FFF79CFC4FF48022014BDA6008BD00BF70
S2140214F800C001B870B51646054600B3F9B1F2B198
S2140215084268104B006803321B68920800F13040AC
S2140215189847044688B9EA68A868033231469208AA
S21402152800F1304016F0CEFC044630B9D5E9040284
S214021538214600F13040FCF75BFA204670BD2124B4
S214021548FBE700BF4C67002070B50C68651C15D019
S214021558C4F302669E42C4F3074530D1A4B294424D
S2140215682DD804EB8506B24229D2141BA50824F00E
S21402157803040E59340F04D0012C08D0002221246B
S21402158802E06B1C51F82320C0E9002470BD0E4C03
S21402159834F8133042EA03431A686B1C51F82340A6
S2140215A801EB83014B6822405E4036F0704404D15A
S2140215B81B0F032B04BF8B681A430024E4E701358C
S2140215C801EB8501C1E700BF0892040007B501A830
S2140215D8EBF71AFD9DF80530022B02BF40220B4B93
S2140215E8C3F8FC23C8220A4B5A650A4B0A4AD3F8A0
S2140215F86032DBB2FF2B08BF03239B0043F47F5302
S214021608C2F8F83303B05DF804FB00BF001002B856
S214021618008001B80080E00F000002B8836810B4AA
S214021628074C03F1304324681B689C4203D15DF8DB
S214021638044BFFF75FBF00205DF8044B704700BFFE
S214021648606700200022012108B51E4B1A645A64FE
S2140216589A641D4A516102219162DA68C2F30362F2
S2140216680D2A01D0002AF8D1112218499A6318487F
S214021678184AFFF73FFF00F0E9FF174A93685BB97D
S214021688164A93689BB94FF080620F4B5A61012243
S21402169803F580535A6108BD1149D268096803F1F7
S2140216A83043032AECD943F8041B043AF9E70C49F9
S2140216B8D268096803F13043032AE4D943F8041BC5
S2140216C8043AF9E7000002B8001002B8749704005A
S2140216D85C92040078920400449204002C9204005F
S2140216E860670020012341F6FF710D4AC2F8803276
S2140216F891660C4A53600C4A53600C4A5360A2F532
S21402170880425360A2F54042536002F5C0325360ED
S21402171802F580425360A2F500425360704700BF4C
S2140217280090005000D000B8001000BA005001B86F
S21402173838B50324FFF7D6FF114A124B124DDA6466
S214021748FFF744FF114BC3F8E0400123EB6400F0B7
S214021758DBFD4FF460736B614FF40073EB6416F0B5
S21402176821FB0021FEF7D0FC8022094B1C64A3F55E
S21402177880535C64074BC3F884215A6038BD00BFA7
S2140217880048F000000002B8001002B8005001B885
S21402179800A002B800E100E008B518F097FF044B75
S2140217A81B6FC3F300430133B0FBF3F008BD00BF61
S2140217B80080005070B5044698B1B1B13A4A52F862
S2140217C8043B834213D10023384A116CC907FCD460
S2140217D8374800EB830016F07EFB364B106001227A
S2140217E81A6470BD01330C2B02D1334D2CE0012351
S2140217F852F8041BA142F5D1304A32F81330E3E717
S214021808C2F3016335F81300110C93B211F0FE0F00
S21402181843EA0043606820D00434CAB2022A216828
S21402182808D9D4E90160033AC3E9001698600C3473
S2140218380C33F3E704D16268C3E90012083403E004
S214021848012A01D1043419602268531CD8D1002217
S214021858164B1A6003F58053C1E7120F072AEDD814
S214021868DFE802F00704090D1013181DC04303F53C
S21402187800531860E2E71A6842401A60DEE703F58A
S2140218888053F6E716F0FAFAD8E7012203F58053F2
S2140218988240F2E7012203F500538240EDE71A6818
S2140218A830EA0202FBD1C9E7FC52002000C002B8A7
S2140218B8404000B000D002B8089204004259002006
S2140218C80122014BDA647047001002B80122014B6C
S2140218D8DA647047002002B84022014BDA64704787
S2140218E8002002B84022014BDA647047001002B8A2
S2140218F80B4B1B68D3F8E43023B11A68022A01D9C5
S214021908186A7047074B9A6D90B238B1064BC2F305
S21402191807421B68DB085343B3FBF0F0704700BF6F
S2140219285C530020004001B8E8520020064BDB68F2
S214021938C3F30363984206D1044A936E23F0F00376
S21402194843EA011191667047000002B8003F00B0F2
S214021958054B1B68D3F8E43013B11A680A2A01D873
S214021968FFF7C6BF186C70475C5300202DE9F74393
S214021978064616F07CFA00248046DFF890901AF0A5
S21402198866FD0DF1070105460DF10600FEF79CFA05
S2140219989DF806308BB9721C29D016F068FAA0EBAF
S2140219A8080428461AF04EFD9DF8063013B99DF82D
S2140219B807303BB3A642E2D824E0D9F80C3013F439
S2140219C8603FE8D0D9F8180016F0D8FA731C074614
S2140219D803D016F04CFAA0EB080428461AF032FD9B
S2140219E817F5007FE0D0384603B0BDE8F0832846F6
S2140219F81AF028FD9DF80630002BC0D19DF8073056
S214021A08002BBCD1004FEEE700FEFFFF00C000B877
S214021A1810F1800F04D04D28CEBF7F20323040B25E
S214021A28FF22044BC0B25A62A3F5805358620020C4
S214021A38704700BF00E000B80B4A10B5136E0B4C97
S214021A48116E03F00703E35CC1F3CD0101FB033318
S214021A58126E0748C2F3454202FB03330068800150
S214021A68B0FBF3F010BD00BF004001B800920400BE
S214021A78E8520020044BD3F8AC3010B1C3F303325B
S214021A88027003F00F007047000002B8094B01F01D
S214021A9880011B6C03F480030B4309D14FF4001238
S214021AA8054B1A62837F1BB10122044BC3F800213F
S214021AB8704700BF000002B8006001B8005001B8C5
S214021AC82DE9F04F404F804685B038680C4615F031
S214021AD8EBFE20B90024204605B0BDE8F08F22466A
S214021AE800214046FBF784FF384B5D6915F0010577
S214021AF8F0D102F019F906460028EBD03F683846BE
S214021B0816F053FB4FF6FF73984234D04FF06051ED
S214021B182F4E304B304AD3F82090D6F88C301162CC
S214021B284FF00061A2F58052116224220421C6F801
S214021B388C202A4A4FF4804B91604FF4805200273B
S214021B48DFF8A4A0CAF868B0F262A7421ED304213E
S214021B58234A9160A2F5F032C2F88C304FF06052F8
S214021B681D4B1A6209EA02031E4A13624FF48042A8
S214021B781D4B9A66AFE73146384616F0BAFA014662
S214021B88384602F0FFF90028C0D0A3E7B26E510427
S214021B98FCD5B268D205F9D5CAF868B0D6F890204E
S214021BA80135012D0392D0D9E21B042AA8BF0422CC
S214021BB808EB070003A901930092FCF7A9F8009A1C
S214021BC8019B3A4497B2C0E75C530020000002B873
S214021BD8004000B8004001B8006001B8001002B822
S214021BE8002002B8005001B8006000B84FF60401A1
S214021BF84FF60502044B01201B6C9BB28B4208BFB2
S214021C081346024A136670470080E00F00C001B808
S214021C182DE9F74F81460F464FF0FF35FFF7F8FBE1
S214021C28002601908A462C463046DFF8D8B006F1E0
S214021C3810031B015BF8033003F00308B8F1010F29
S214021C4815D13046FFF7FCFB02460B460198514673
S214021C58FFF784F9DBF8643006F10802D340DB07A5
S214021C6839D5002F40D000252C463E604046013626
S214021C78082EDCD160B3234A0027D2F808C0916B3D
S214021C880CF440330131A4FB0141641941F100010F
S214021C98B3F5003F30D1536B0CF4405C013347F187
S214021CA80006BCF5805F22D1156B15F5807505FB1D
S214021CB806F647F1000203FB0266A5FB033232442E
S214021CC8594304FB0212A3FB04341444C9E9003442
S214021CD803B0BDE8F08FA84271EB0403C6D207B181
S214021CE83E6005460C46C1E73D463C46BEE7320224
S214021CF842EA13621B02E3E7136B13F5807347F19C
S214021D080002DDE700C001B808B516F04BF901225B
S214021D18054B93F88D3002335B00DBB202FA03F30D
S214021D28024A536108BD00BF003E00B0002000B85A
S214021D382DE9F34105460F4668461146FFF768FF48
S214021D480646B0B1AFB1DDE900321B0A43EA0263C8
S214021D58A5FB0384094B120A05FB02441A6812B94A
S214021D68FFF71AFD0246002340462146FBF7D4FA3F
S214021D783860304602B0BDE8F08100BFE852002065
S214021D884FF00052014B1A60704700BF00E100E0B6
S214021D984FF00052034BC3F88020BFF34F8FBFF3B8
S214021DA86F8F704700E100E0F8B50B46002213F883
S214021DB8044B944225D91D68854224D106245A79B3
S214021DC81D79124B88181E6804FB0503104F33F85A
S214021DD8063C7B43B3420ED900238A5A7A4396427C
S214021DE802D804FB0300F8BD9D42FAD9013304FB6E
S214021DF803F2825AF2E740F244423D21002002F002
S214021E08EFF80020EFE708330132D2E72C53002020
S214021E1840420F0000202DE9F84FA2FB018BC74E67
S214021E28C74F18EB060699466BF10003B74270EBEC
S214021E38030307D240F23E220E2102F0D1F8022016
S214021E48BDE8F88FD9F814A00C461546BAF1000F6B
S214021E5804D0DAF80030032B00F21B81B94BBA4AD9
S214021E689F6BA3F58043D3F8EC30C7F314075E00E4
S214021E78B64B48BF47F400171B6ED2F8FCA05807AB
S214021E884EBF4FF440039B0503F0E0731F43B04B6D
S214021E98D3F8E430990748BF47F0807747EA4567A2
S214021EA818F048FC012D0646C9D10028C7D0A94B10
S214021EB8984200F0FD8003F5122303F5F863984272
S214021EC800F05A81A44B984200F0A78100250246EA
S214021ED82B4600204FF00071FBF71EFA2B46013006
S214021EE808FB03F3C7F3130100FB0B33A1FB0662DF
S214021EF8A8FB008001FB0522034420339B09C9F88E
S214021F080030F60C954B46EA4236FA021C6058BF79
S214021F187642934B934D34441E602C60BAF1000F00
S214021F2800F00881FB014FF000038F49C7F3815286
S214021F388A5C194648BF6408002EB8BF76429206E5
S214021F486008C2FB06012246FBF7E6F9DAF800103B
S214021F580E2908D97D4B7B4A926BDE69D3F80C3181
S214021F68F60600F12881C0F3130017F40017C9F823
S214021F78040014BFC42040F207107C4ADAF818603E
S214021F88A2FB04C24FEA521200FB02F24FF4FA73A3
S214021F98B2FBF6F218BF002702FB03F3A4FB00C04D
S214021FA8FA33A3FB063604FB07006345864138BFAF
S214021FB80132D2B242F4006CC9F808C0002A00F016
S214021FC8BB80DAF81C70A2FB070624B1B4FA84F3C5
S214021FD80E2B40F3D880E303002E40F0D180B3FBEB
S214021FE8F0F6700000FB0220A0FB07834FEA044EBF
S214021FF8C6454FEA144474EB030309D3520010444F
S214022008A7FB0083C64574EB030306F10106F6D266
S214022018C6F30E034CEA033C4CF000630629C9F8E3
S214022028083049D9DAF83030002B45D00023C9F8F1
S2140220380C30C9F8103018F07DFBDAF83010FFF7CC
S214022048B3FE044618B18378002B40F0CC8018F013
S21402205837FBDAF83010FFF7A7FE0446002869D0E7
S2140220688378002B66D040794FF4AE62003818BFEA
S21402207801203D2101F0B4FF207940F27152003868
S2140220884FF03D0118BF012001F0AAFF23796279BB
S2140220984BE0042BDAF828707FF402AFFB014CBF42
S2140220A84FF4400307F0E07327F0E0771F43F7E6A4
S2140220B800232F481D4613E718F03CFB2C68002C1B
S2140220C800F0AF80B4FA84F3D3F1020358BFDC40C1
S2140220D8284B9C4288BF6408002875D0B4FBF0F3EE
S2140220E8642100FB134201FB02F2904203F1FF3225
S2140220F800F2A6805D085308013D1B0243EA051557
S214022108C9F80C5018F0E2FA002800F09080B4FBE8
S214022118F0F2642100FB124401FB04F4A04200F230
S2140221288D80531E52085B08013A1B0243EA0213CB
S214022138C9F81030002083E6212081E6006CCA88A0
S214022148807C814A008001B8004F00B0004001B888
S214022158000002B800F04902005A62023453002016
S214022168305300202C53002014920400D34D6210E2
S2140221780A3BB2DF3FBE4025002335481D46AFE680
S2140221881046002630E7C3F10F0E03F1110806FACF
S21402219808F820FA0EF040EA0800AEF1200826FAFF
S2140221A808F840EA080026FA0EFE013004FA03F39D
S2140221B84EF1000610E702F4801203F400131A43E5
S2140221C808BFC0F58010CEE6631EA51E5B086D0824
S2140221D8013B2D0245EA031540F2C2422B2100209C
S2140221E801F0FEFE8CE7407940F25552003818BFDF
S2140221F801203D2101F0F4FE207940F256520038C3
S21402220818BF01203D2101F0EBFE237962791B02FB
S21402221843EA0213C9F80C3019E700230D481D4695
S2140222285EE66FF01F0500287FF46AAFD4E740F237
S214022238E5422B2101F0D4FE621E72E71446FBE744
S2140222489D1E6D085308013B2D0245EA031557E704
S214022258313641DCD694BFD610B5044686B059B995
S214022268214B4168D3F8FC30827A204805930068EF
S2140222786B46FFF7CFFD69461D4B0A685A631A4B31
S214022288D3F8FC3033B34B6843B11A4B1A4AC3F837
S2140222980C214A68A3F58053C3F80C218B6843B116
S2140222A8144B164AC3F8EC208A68A3F58053C3F881
S2140222B8EC20134AC868D2F8743123F4EE63034359
S2140222C8C2F87431D2F86C31096923F4EE630B4311
S2140222D8C2F86C31002022890A4B9A6203F5A033B1
S2140222E8186406B010BD00BF004F00B05C53002053
S2140222F8008001B8006001B8FFFF0F00FFF8FF0F6B
S214022308000002B8004000B8064B9A6E920607D53F
S2140223185B6E002B4FF48043B4BF034A034AD36470
S2140223280020704700800050002002B8001002B853
S214022338064B1A6C9207FCD4022240EA0120586027
S214022348034B1A640122034B1A70704700C002B886
S21402235800D002B88160002040B10368012B05D97D
S2140223680069034B002808BF1846704700487047A4
S2140223781C92040010B590B10468012C0FD90269AA
S2140223886AB11168094B102C196051685960916836
S21402239888BFD268996094BFD960DA6010BD1022EF
S2140223A800210248FBF724FBF8E700BF3C53002055
S2140223B8084BC1171A68A2FB000302FB013310F18F
S2140223C8807043F10003400E40EAC310803820EACA
S2140223D8E07070474C5300200722194B70B5DA6339
S2140223E8184B194A1D68194BEC08E005C0184FEA45
S2140223F8153141F100010023FAF78EFF144B154EF2
S21402240818601548FFF7D4FF4042C6F8DC0049F6C4
S2140224185800FFF7CDFFC6F8A8001048FFF732F8B5
S214022428024660B1E301500818184FEA15714FF0DA
S214022438000341F10001FAF76FFFC6F8B40070BD59
S214022448000002B8E852002065CD1D00B2E60E0074
S2140224584C530020003F00B07011010040420F00AC
S21402246810B5044698B10B4BD3F8FC00FFF782FF71
S2140224784FF47A7303FB04F0074BA0F57A60DA6828
S2140224889B681044C01ABDE81040FFF791BF49F692
S2140224984040F8E7004F00B03C5300202DE9F843CF
S2140224A80546084614461E46FFF764FF05B306F0BF
S2140224B8020716F004061DD1D7B14FF47A706B687E
S2140224C85843002B40F08C80FFF772FF20636B693D
S2140224D8002B00F08C804A4AD0684FF47A7202FBCE
S2140224E80300A0F5FA50FFF763FFE062002E58D10A
S2140224F8BDE8F8832869002869D04FF47A735843F0
S2140225083F4BA0F57A609B68C01AFFF751FFA0629E
S214022518A88B00285ED04FF47A735843384BA0F540
S2140225287A609B68C01AFFF743FFE061354BE9689B
S214022538D3F80080002950D04FF47A735943304BB1
S214022548A1F57A619A685B68891AC91A2E4BC81768
S2140225581A68DFF8BC90A2FB011302FB003311F1E4
S214022568807143F10003490E41EAC3118039274BB3
S2140225782162D3F8C4306362D9F8003053B14046BA
S21402258815F0B6FB30B12246D9F800301C49D8F807
S214022598D80098470021A869FFF762FF6063002FFA
S2140225A88BD1A86830BB47F23050FFF701FF606155
S2140225B84FF47A702B6858432BB1114B1B6803F5FE
S2140225C81C5310331844FFF7F3FEA06190E749F650
S2140225D840409AE749F64040A5E749F64041B5E744
S2140225E8074B1B6803F51C53103318446CE747F275
S2140225F8305078E74FF47A735843A0F5FA50D4E788
S2140226083C5300205C5300204C530020003F00B08F
S2140226183853002038B5054608461C4615F04AFCCD
S2140226280246D5F8E400FFF797FE4368A018002B89
S214022638044AA8BF4FF4FA721A44034B92FBF3F209
S214022648104438BD0CFEFFFF18FCFFFF70B588B0BB
S2140226586D46124C0FCC0FC594E80F0085E80F00A4
S214022668D82200210E48FBF7C3F9AC2200210D48F8
S214022678FBF7BEF9202200210B48FBF7B9F915F043
S21402268841FE0A4B1B783BB16D46044E0FCD0FC672
S21402269895E80F0084E80F0008B070BDE03F00B070
S2140226A87C3E00B0543F00B0E04F00B0746000209B
S2140226B808B519F0CCFE0E4B1A78A2B90D4A126864
S2140226C812F4843F0FD10C4A1021D1641B7863B9E7
S2140226D8084B1B68DB0508D4074B2022DA64BDE8E2
S2140226E8084019F0AFBE054AEEE7044BF5E700BF0F
S2140226F88760002000140020002002B8001002B8EC
S2140227080A4B197801F0FF0229B10021197008490D
S2140227189202C1F80421597801F0FF0229B100217A
S21402272859709302024AC2F8083170478260002044
S214022738005000B8064BD3F8F00E064B5B6C1A0135
S21402274803D4054B9B6E1B0401D500F580707047B9
S214022758003000B0000002B8004000B810B519F00A
S21402276876FE0E2104460320FFF7E0F840F2012227
S214022778034B2046BDE81040DA6219F063BE00BF7C
S214022788004000B838B519F062FE4FF00043244CFA
S2140227980546C4F88030BFF34F8FBFF36F8F01230F
S2140227A8C4F88430BFF34F8FBFF36F8F0223C4F889
S2140227B88430BFF34F8FBFF36F8F0423C4F884307F
S2140227C8BFF34F8FBFF36F8F0823C4F88430BFF36D
S2140227D84F8FBFF36F8FFFF7DBFA1023C4F88430EE
S2140227E8BFF34F8FBFF36F8F2023C4F88430BFF335
S2140227F84F8FBFF36F8F4023C4F88430BFF34F8FD9
S214022808BFF36F8F4FF48063C4F88430BFF34F8FE3
S214022818BFF36F8F2846BDE8384019F013BE00BFD5
S21402282800E100E038B519F012FE05464FF0004305
S2140228380A4C2360012363600423636008236360F1
S214022848FFF79EFA102363602023636040236360C9
S2140228582846BDE8384019F0F5BD00BF00E100E0A3
S214022868012370B5074C2370074B1E68074B32408E
S214022878D3E9005319402840FCF7ECFE00232370E6
S21402288870BD00BF8560002054530020001400204D
S2140228980022044B1A70044B197811B11A70FFF70C
S2140228A807BF704786600020876000202DE9F04742
S2140228B8DDF820A003EA0108099B06460D4602EA4F
S2140228C8000703EA0A09BAF1000F40F05281031F13
S2140228D80B4300F01281052871F1000380F0E880AE
S2140228E850EA010300F07881431E0B4300F028816A
S2140228F8FFF748FFB94AD2E9004323EA050324EA68
S21402290806043C4343EA0807B54BC2E900471E687B
S21402291826EA0A0646EA09061E60FFF7C9FE14F00A
S2140229282A4F14BF48F202034FF40043AD4AB007D9
S214022938D26EAD4848BF43F4005383EA020122EA46
S2140229480302C266A94A0B408166D366C4F3804274
S2140229581203210348BF42F48072E30648BF42F4DA
S2140229680052A34BA50648BF42F400726006D3F88D
S2140229780C3248BF42F48062210648BF42F4006225
S2140229889C4882EA030123EA0203C0F80C329A4BF7
S2140229980A4017F4007FC0F80812C3F80C22974BB7
S2140229A807F4007200F0048101224FF4802583F8B0
S2140229B88820E30448BF45F48035A00348BF45F4A1
S2140229C88015A10748BF45F4001514F4001FDFF868
S2140229D8688206D0D8F8000015F092FC08B945F4CB
S2140229E80025E20248BF45F40035FB06844B48BF83
S2140229F845F480051A6A834985EA020323F001032F
S214022A081A400A621D40CB617F4B16F0010F1D6209
S214022A187E4B7F4A18BF1A467E4B7D071B6F48BF00
S214022A2842F000627C4882EA030123EA0203036753
S214022A387A4B0A4041661A67794A04F00103926C97
S214022A48A0F5803083EA020122EA03028264754A0C
S214022A580B4041649364D8F80020200248BF724BAA
S214022A6892F8F62058BF714B610748BF43F480635B
S214022A7822B114F4C06F18BF43F4807332074FF0C4
S214022A883A42BDE8F047D2F8181148BF43F000436F
S214022A9883EA010222F4A02265481140C0F8181100
S214022AA81340C0F81421634AC2F81831FFF7BABEB9
S214022AB8A0F580630B4306D020F48063A3F5007369
S214022AC80B437FF415AF19F0C2FC4449D1E9003232
S214022AD823EA060322EA050242EA08023B43C1E960
S214022AE80032554A126892F8F610514A09B313F49E
S214022AF8C06F1ED04FF4807311E019F0A8FC374A55
S214022B08D2E9003123F004033B4341EA080157EABD
S214022B180807C2E900314FF48063454A0BD0C2F871
S214022B281431A2F58052C2F81831BDE8F04719F000
S214022B3889BC4FF48073C2F81831C2F81431F4E72E
S214022B4819F085FC254AD2E9003123F001033B43FC
S214022B5841EA0801C2E900310123384A57EA080760
S214022B681BBF5364A2F580529364936408BF5364F0
S214022B78DBE750EA01037FF4BBAEBAF1010F7FF43C
S214022B88B7AE19F064FC164A136823F0010343EA49
S214022B98090313604FF480631F4AB9F1000F04D08B
S214022BA85366A2F580521367BFE713675366BCE7FE
S214022BB893F8881071B183F88820214BD3F8A410B3
S214022BC803F50053C3F8A410C3F8A0104FF050231F
S214022BD8C3F8A4200025ECE6BDE8F0870014002020
S214022BE854530020004000B8006000B8005000B8F7
S214022BF8004001B8006001B8005001B8003F00B0BC
S214022C08000002B8002002B8001002B8041C000334
S214022C180418000300C001B800E001B800D001B8EB
S214022C2800C000B800D000B80D0A0A09090A0A0945
S214022C38002000BA001000BA5C53002000E000B87A
S214022C4800400050024B5868C0F3C000704700BFEF
S214022C5800140020024B186800F00100704700BFFD
S214022C6800140020024B5868C0F3C030704700BFFB
S214022C780014002010B50446FEF75AFDFFF782FD41
S214022C882046FDF789FAFEF7DDFCFEF7D3F8FEF7D5
S214022C9845F9FFF7A1FB13490723134AD1F8FC109D
S214022CA804F1F800FFF7FAFB4FF080710020FEF7F8
S214022CB809FC4FF000720D4B4FF400110120C3F8C7
S214022CC80021FEF7FFFBFEF791FF20B940F2923291
S214022CD8142101F085F915F06EF9BDE810400120BF
S214022CE8FDF782BF004F00B0A43F00B000D001B885
S214022CF88023074A1364082340B11364054AD2F8AE
S214022D08C83E23F02003C2F8C83E7047024AF4E7DA
S214022D18001002B8003000B0002002B810B519F052
S214022D2896FB012104460020FFF7E2FF044B1961D7
S214022D38044B5B6898472046BDE8104019F082BBF2
S214022D48000002B834670020F8B5194C054620780A
S214022D5840F2E442B0FA80F03E21400901F040F920
S214022D6855B9607840F2E442BDE8F840B0FA80F01F
S214022D783E21400901F034B94FF440660D4F0E4D1E
S214022D88D7F8043140F2E442C3F381232370C5F82E
S214022D98046160783E21B0FA80F0400901F020F91B
S214022DA8D7F80831C3F381236370C5F80861F8BD04
S214022DB882600020004000B8006000B8F8B5084CF1
S214022DC8084D236C0423084F2B64236C5B0300D442
S214022DD8F8BD042602203E6415F050F82E64F4E787
S214022DE8000002B8001002B8002002B8A82238B5BF
S214022DF81A4B1D6C03F500531A6410229A60A3F549
S214022E08804302F100521A675A66FFF779FC144BA0
S214022E181B7813B90320FEF7B3F80024114B9C67FE
S214022E28FFF7CCFF104A114BD2F8F01E0B40C2F83F
S214022E38F03E04220E4B1A640E4BAA06C3F8D04084
S214022E4808D503F580739B6FB3F5817F22BF802276
S214022E58024B1A61BDE83840FCF7B8BD000002B85C
S214022E688460002000C001B8003000B0DF0000FF18
S214022E78002002B8003E00B010B551B920B3154B79
S214022E88DB681B0E13F00E0F1ED1134B1B6CD907F3
S214022E981AD4FFF763FC0F4C0020FEF7EBFD03285D
S214022EA801D0092805D1A36ADA07F5D4636CDB03D7
S214022EB8F2D4FFF783FF0122084B5A6102229A6274
S214022EC8042203F580531A644FF4C062044BDA6294
S214022ED810BD00BF000002B800C002B8001002B859
S214022EE8006001B808B503210920FEF71FFD20225D
S214022EF8014B1A6108BD00BF000002B80D4A10B5A2
S214022F08D2F8A030D2F8A4100B40B3F1804F0CD3FD
S214022F184FF040400849094CC1F8A400D467C1F8EC
S214022F28A0004FF48021064AD161034AC2F8A030B5
S214022F3810BD00BF00400050006000500000FF01B6
S214022F48001002B838B5054619F081FA0E4B044649
S214022F581868FDF74BFA35B1FFF79AFC2046BDE82C
S214022F68384019F06FBA094B1B78002BF6D0084B7D
S214022F781D78002DF2D1FFF78BFC2A464FF48040CD
S214022F880021FFF76DFCE9E75C530020866000200D
S214022F98856000202DE9F84F5A4B06460D46144622
S214022FA81B6C002A40F0AB8013F0A00F14BF4FF042
S214022FB801094FF00009FCF709FDA0234FF0000AAB
S214022FC8DFF85C810320C8F84030FDF7D9FF0420FB
S214022FD8FDF7D6FF4C4FFFF75BFC4C4B4FF0040B4C
S214022FE87B67C7F878A0FFF7E9FE494B4FF4807174
S214022FF8D3F8C82E42F02002C3F8C82EFF22C8F81B
S2140230080820404A1161D3F8F02E42491140C3F80D
S214023018F01EC8F840B0C3F8D0AE7B6913F0060FAE
S21402302804D0FEF75BFA5846FDF7AAFFB9F1000F7F
S21402303808D04FF40062384B1A644FF40042A3F5E6
S214023048E0339A6666B1354BDB6C180701D4FFF796
S21402305885FBFFF747FF0420FDF792FFFFF750FBBB
S214023068284B5A69D10748D5DA6812F0706FFBD137
S2140230782B4B2C4A1A642C4A936E23F0F003936661
S21402308815B12046FFF75EFF284BD3F84C315A1C81
S21402309801D05B0002D50122214B5A616CB31F4B4B
S2140230A8DA6E03F500539A6603F5D0331B6A1C4A98
S2140230B823F00103D3611E4BD3F80C1203F5005319
S2140230C8C3F8081203F50053D3F8841003F5005327
S2140230D899674FF03A43D3F8181103F50053C3F82B
S2140230E81411144B996C03F500535964124903F5ED
S2140230F8803359664FF608431364BDE8F88F4FF0DD
S214023108000958E7000002B800C001B80000010133
S214023118003000B0DF0000FF001002B8004000B820
S214023128002002B810003000003F00B00080E00F18
S214023138004001B800C000B85000002F9D4B2DE992
S214023148F04F9F6EDB6E85B01F409B4B9F664FF01D
S2140231583A43D3F81451D3F818311D40974BC3F8A5
S2140231681451974BD3F80822D3F80C3202EA030913
S214023178944BC3F8089203F52043DA691B6A02EAFD
S2140231880308914B08F47702DA61904BD3F80422CD
S214023198D20605D4D3F80431C3F30016DB0653D59A
S2140231A819F055F98A4B5A695E6E1B6F12F0060FB4
S2140231B806EA0306874A26F0007314BF4FF0010A90
S2140231C84FF0000A23F400637407536606D5824A52
S2140231D892F891300133DBB282F8913019F032F965
S2140231E8002F00F0E48017F4004300F0D58019F0B1
S2140231F82EF90146FFF79EFA0446784BD3F800B03C
S214023208DBF80020DBF800309A42FBD0DBF800201F
S2140232189A42FBD0FFF78EFAA04217D1084619F059
S21402322811F96F4B1C606F4BD3F840B01BF4E05299
S2140232380ED124F07F4424F0DF040CB9FFF7D6FD44
S2140232484FF0807B002414E0B246C9E70446D7E76D
S2140232580192FFF7CBFD5C4B019A1BF480541A646B
S21402326840F09C801BF4806F0CBF4FF0805B4FF0E1
S214023278806BB80715D55B4A5348126C02F4604156
S2140232880164002900F08D80110400F18D8012F48B
S214023298005F0CBF4FF000524FF0006200244BEA6A
S2140232A8020BC7F340377F004F4A2A40002A4BD00A
S2140232B815F4206F0AD040F6A3120621002000F06B
S2140232C88FFE0020FFF73EFE25F48025EB0506D587
S2140232D8FF213D4A4BF4C06B9160FFF73FFA15F0A9
S2140232E8090F0BD040F6B8120821002000F078FE2D
S2140232F8FFF7F8FD4FF03A420121516315F0106FBF
S2140233080CD040F6C1120921002000F069FEFFF732
S214023318E9FD002211461046FDF73CF815F4202F69
S2140233280AD040F6C9120721002000F059FE0020F4
S214023338FFF708FE25F48025E80301D5FDF774F9A2
S214023348002DB8BF47F0080769070ED54FF03A4276
S214023358126B12F4005F4FF4005217BF1749234945
S2140233680A634BF4000B08BF0A636A0548BF4BF0B2
S214023378040B15F48023019300F0A480FDF70CF9E2
S2140233880138062834D8DFE810F01A011D011A01A0
S21402339820012301260126019B4653E74FF0804B66
S2140233A850E74FF0007279E74FF0004276E7BB46E7
S2140233B83C4679E7004000B8006000B8002000BA32
S2140233C8004001B8006001B8002002B800E100E041
S2140233D800C001B800E001B8003E00B0D491040075
S2140233E850530020000002B8090B0B89001000BADF
S2140233F840F6FA120321002000F0F2FD4FF03A40A0
S2140234080121D0F88C20D0F8AC3002F00702063240
S21402341801FA02F2C3F30C0CA2EB0C0292B2072AD0
S21402342812D9774A126C53020ED4764BC26CC06E0F
S2140234385B6D5BB102F0070206329140C0F30C00E6
S214023448091A89B2072901D84BF4007B6E4A12780A
S214023458002A37D04FF03A42D2F8142112F4A02F9D
S21402346830D16A4A6A4912789AB9F20411D40A78AB
S2140234787AB14FEADB02674842EA447282F00102F6
S214023488D0F8F00E02F00102520020FA02F2930778
S21402349818D10420FDF774FD5F4A60485067FFF7AD
S2140234A8F7F95B490A784AB95D4A127832B15D4A39
S2140234B85D4912680BEA02020A4201D14BF4804BBC
S2140234C826F48056B9F1000F1DD019F4805F18BF94
S2140234D84BF4802B19F4807F18BF4BF4002B19F499
S2140234E8005F18BF4BF0100B19F4007F18BF4BF0A3
S2140234F8200B19F4806F18BF4BF0400B19F4006FBD
S21402350818BF4BF0800BB8F1000F3AD018F4802F92
S21402351818BF44F4007418F4803F18BF4BF4805B5D
S21402352818F4801F18BF4BF4003B18F4001F18BF8E
S2140235384BF0020B18F4003F18BF4BF4801B18F42C
S214023548800F18BF44F0100418F4002F19D0314A1F
S214023558D2F8C82E12F0C00F13D02949CA68C2F38F
S2140235680362032A01D0072A05D14A6CD00602D480
S2140235788A6C110732D54FF400212C4A28F4002809
S214023588D161002E00F01881320540F18A80284861
S214023598DFF88490C2782749002A51D04FF4006396
S2140235A8013AD2B24B66C27032B9234A1278C2B115
S2140235B840F60141214A5167002200216EE04BF491
S2140235C8803B1BE74BF4006B18E74BF4806B15E760
S2140235D84BF4807B12E74BF0080B0FE74BF4001B0B
S2140235E8CFE7D9F8782012F4A05F15BF4FF480729F
S2140235F840F60142C9F85820C9F87820DCE700BF2F
S214023608000002B8004000B88760002086600020EC
S21402361889600020003000B000C001B80000010137
S2140236288860002000140020088D0100002002B8DF
S2140236387860002000E001B88460002000D001B85D
S2140236480320FDF79DFCD9F81420A34B12F0060FB1
S21402365804BF41F61F72A149A14808BF4A674FF442
S21402366800619E4A5166D9F8142012F0060208BF75
S214023678C9F87820B3F88E2012F400615DD022F4DF
S2140236880062A3F88E20027802F0FF09002A58D1B9
S214023698FDF724FFFFF7AAFB4A4620214BEA020B56
S2140236A80C43B30009D52E20FDF7B8FB4FF00051A6
S2140236B88A4A44F0080411675166F00606D52B209C
S2140236C8FDF7ACFB1021854A1167516616F0306F7C
S2140236D805D1F1045DD5BAF1000F00F0A7803201DA
S2140236E811D52920FDF79AFBFFF7ACFA48B17D4AB7
S2140236F87D487A494A66026700F54050C068430426
S21402370822D444F0040416F0007A28D00420FDF7E8
S21402371837FC2720FDF782FBFFF768FB4FF00071A6
S2140237286E4A5166714AD2F8F01E490678D4704A33
S2140237380221916044F0020428E002784FF4005215
S214023748ACE74FF4004238E70A6720204A66FDF7DE
S21402375865FB2D2044F00C04FDF760FBD3E716F05A
S214023768807FDFF8909146D00420FDF709FC2820D8
S214023778FDF754FBD9F87820002A39D1FFF736FB33
S214023788564A584944F00104116751660021594ABD
S2140237989165320405D5584A126890474BEA000BE1
S2140237A80C43730508D555498A78002A00F08E809E
S2140237B8013A8A70002217433A4658462146FFF7CE
S2140237C84FF8019B0BB1FCF71DFF01224C4B05F08D
S2140237D80435C3F814514B4B18F4002FC3F8842150
S2140237E81EBF4FF40022424BDA6105B0BDE8F08FE7
S2140237F8C9F878A0C4E7F004C8D50420FDF7C0FBD2
S214023808414AC9F87420FDF769FED9F8642012F017
S214023818407FBBD12A20FDF701FBFFF7E7FA81E7D5
S214023828D2F8C82E930685D4384A81E733490A79EE
S21402383852B1013AD2B20A7112B92B4A34495167C7
S21402384800224BEA020BA4E70420FDF799FB0320AB
S214023858FDF796FB274A2C49516718F0F8FD814672
S2140238680DF10F00FEF706F92A4A824612780AB1C7
S214023878FEF774FFBAF1030F0ED1DFF8A0A00020FE
S214023888FEF7F8F8032807D1DAF82820D007F6D486
S214023898DAF84420D103F2D49DF80F20032A06D181
S2140238A801211D4A4846117018F0CCFDC8E74FF0B2
S2140238B83A42D2F8142112F4A02FF1D1FEF7E8FF0B
S2140238C8484618F0BFFD4FF48042BAE70220FDF7DB
S2140238D857FB01226FE700BF003E00B000E001B8C8
S2140238E8846000201000002000D001B8003000B02C
S2140238F8002002B800C001B848670020786000209F
S214023908002000BA00E100E000000101001002B841
S2140239180000010D8A60002086600020000002B8C0
S2140239280122024B1A62DA61704700BF002002B811
S214023938094A08B5D369116A0B40084923F47F007F
S214023948DB07C86106D5D1684FF0FF30C1F30361C3
S21402395814F03BFB08BD00BF000002B8002002B806
S2140239680C4A08B5536C926C13400B4A5364DB0737
S2140239780FD50A4B40F663421878122100F0010070
S21402398800F02EFBBDE80840002201200021FEF7C9
S21402399867BF08BD00C000B800E000B800140020E9
S2140239A870B5174D2C6C6B6C1C40164B24F002023B
S2140239B8E1071A6405D540F6CA420020296800F0D5
S2140239C80FFBA2071AD502220E4B1A646B68DBB2EB
S2140239D8A3B9FDF71DFD04460D460B4ED6F8F43383
S2140239E8DB060BD5FDF714FD02460B462046294694
S2140239F8FDF7B4FA652871F10001EFD370BD00BF78
S214023A08008002B800A002B8000002B838B50B4C15
S214023A180B4DD4F88430DB0706D4A36FD4F8842081
S214023A281340084A936738BDD5F804311A06F0D50C
S214023A38FFF7B6FF8023C5F88431EAE7008001B8AD
S214023A4800E100E000A001B870B514460D4618F073
S214023A58FEFC064BD3F8C86E74402C407440C3F87C
S214023A68C84E18F0EFFC06EA050070BD003000B03C
S214023A78034BD3F8C83E99430CBF01200020704779
S214023A88003000B02DE9F04117460A43012A1D46C8
S214023A989DF818409DF81C60DDF8208029D8B442AD
S214023AA827D2082E25D8032B23D8B8F1000F20D00A
S214023AB80A460021FBF7DAFEFF21EB009940C943CC
S214023AC8DFF834C008F1FF38FF00E2B2964202D8A7
S214023AD80020BDE8F0813D190CEB8505D5F8F820E5
S214023AE818F8010F0A4098401043C5F8F800013448
S214023AF8EBE72120EDE700BF003E00B01E4BD3F8EF
S214023B08C83E13F001001ED01C4B93F84C001C4A0A
S214023B1840F08073C2F8CC304FF480131949C1F8CC
S214023B28B430A1F58051C1F8B830D2F80C31DBB206
S214023B38FF2B1FD0984294BF0020012040F61F6238
S214023B483C2100F04DBA1A06E1D40F4A92F84B11FE
S214023B5821B1DB0602D592F84801D8E74FF4801265
S214023B680020084B0649C3F8B820C1F8CC00C3F8B1
S214023B78B42070470120E1E7003000B0003F00B0F3
S214023B88004000B8006000B8003E00B0034B18685A
S214023B98034B002808BF1846704700BF585300203A
S214023BA8B0CA04002DE9F843DFF860900646D9F853
S214023BB8008008461746B8F1000F03D00E242046A8
S214023BC8BDE8F88306B3336801331DD1E1B100F0CE
S214023BD873F805460028F1D0C9F8000000F092F8FC
S214023BE8284614F04BFA044640B14046C9F800800D
S214023BF800F088F8284614F03CFAE0E73560002F13
S214023C08DDD02846B847DAE72124D8E75C530020F7
S214023C18024B1868003818BF012070475C53002012
S214023C28002108B5024B08465B689847002008BD85
S214023C3834670020431E033306D8044B984228BF35
S214023C481846642838BF6420704700BF40420F00F9
S214023C5838B505460C4641B10B6833B11B680133CB
S214023C6803D0CB680BB18B684BB914F0EAF8002086
S214023C784FF4C172412100F0B3F9212038BD08463D
S214023C88FCF7A4FD00230A4A85F83031C5E9374314
S214023C98C2E9003363694BB1064A422110684FF401
S214023CA8D272C31A5842584100F09AF90020E5E742
S214023CB858630020E8520020F8B5044618F0C7FBFF
S214023CC8002607460E4B1B6893B19E68AEB196F85F
S214023CD82420D20711D435460FCC0FC50FCC0FC5FA
S214023CE823682B6096F8243043F0010386F82430C4
S214023CF8384618F0A7FB3046F8BD1B68E4E700BF55
S214023D087067002010B5044618B9054B054A1360BB
S214023D1810BDFAF727FED4F8E830002BF6D1F4E700
S214023D28638003006C670020014B1868704700BF69
S214023D385863002008B502460868FFF77BFF08604C
S214023D484868FFF777FF48608868FFF773FF886060
S214023D58C868FFF76FFF0B69C860581C03D00B488A
S214023D68834228BF03460B614B69581C03D0074899
S214023D78834228BF034688694B61FFF75BFFBDE8AD
S214023D88084088611046FBF797BD00BF40420F0007
S214023D98D0F8E0302DE9F04105460C4613B1838D84
S214023DA88B424CD0D5F8DC30002B4BD09E68002EC8
S214023DB848D0D868002845D0013800B200281ADB57
S214023DC8002106E0128A591CA24217D209B288427A
S214023DD811DB0B1803EBD3735B1003EBC30206EB82
S214023DE88202B2F80EC003F1FF3EA445EAD90FFAE2
S214023DF88EF08842EDDA2120BDE8F0814FF6FF7298
S214023E0899B29142F7D09BB203EBC30306EB830643
S214023E182846B6F9122095F82411D5F8F080E9F765
S214023E28E1F90746B8F1000F04D0002332462846C7
S214023E381946C047AC85C5F8E06085F82D710020A4
S214023E48BDE8F0810E20BDE8F08100BF2DE9F047FD
S214023E5882B004460F461646FBF796FF00285ED148
S214023E68454D2B68D4F8DCA0D4F8E0800BB1534556
S214023E7862D04FF00009AF60FBF7D0FF0128074673
S214023E8851D12B68DAF80010D8F8002013B1186858
S214023E9888425CD0204613F0E0FEC5E900A8D4F8B4
S214023EA8F0508DF80760002D58D0002220461146A3
S214023EB80DF10703A8472046FBF728F90546B9F18E
S214023EC8000F0FD076B9D4F888300BBB012F05D077
S214023ED825B12A4B002103205B689847284602B082
S214023EE8BDE8F087B5FA85F040F20752332140095B
S214023EF800F076F831462046FBF70EFB204B0546C7
S214023F081B68414620469847D4F88830002BDDD0F7
S214023F1800224FF400732046FAF734FDD6E7002352
S214023F28154D6B609DE700210120FAF763FDFBF74C
S214023F3875FF0128FBD1A4E76B68002B99D043458F
S214023F4897D1AB689F4215D04FF0010993E769688D
S214023F5811B109689142A0D059689BE794F82810D5
S214023F6894F82D313246994228BF19462046FBF767
S214023F781FF8A0E70025B1E7586300203467002041
S214023F886C670020F8B50E46054618F060FA31460A
S214023F9807462846FFF7FCFE044620B1384618F0C6
S214023FA851FA2046F8BDFBF7D1FE2246314628468E
S214023FB8FFF74CFF0446384618F044FA2046F8BD88
S214023FC838B5044D044C054B286021601A6017F07A
S214023FD839FF38BD60530020746700206453002000
S214023FE810B550B90548064B0160064802601868C5
S214023FF8054B18601868FFF7E3FF10BD74670020CA
S2140240085C530020645300206053002010B518F05B
S2140240181EFA084B04461B683BB1984728B1002293
S21402402800204FF48061FEF71BFC2046BDE81040D6
S21402403818F008BA685300200023F0B585B0CDE919
S21402404801330393124B134D1B78134E8DF804302D
S21402405818F00AFA2A78337804469A420F4F0CD098
S2140240683178386801AA297013F0E4FF50B140F697
S21402407808210B4818F07FFA04E0386813F0BAFFF4
S2140240880128EDD0204618F0EAF905B0F0BD00BFC9
S214024098326A0020606A0020616A00208453002089
S2140240A8A4670400F8B52B4B1B7823B140F6FC3105
S2140240B8294818F060FA18F0D7F9284B07461C88E2
S2140240C814F0060409D001214FF4807017F026FA7E
S2140240D83846BDE8F84018F0C2B921464FF4807059
S2140240E817F01CFA204600F09DFF022808D180220D
S2140240F81B4B8021186813F039FBFFF79DFFE7E793
S214024108204600F08FFF054638B1012807D040F652
S2140241183141114818F02FFADAE70246E8E7FF229B
S2140241280F4E104B30681A70FFF77AFD306813F09E
S21402413861FF0128CCD02A462946306813F05CFF76
S21402414821462C2017F016FA21460A2017F012FAF2
S214024158BEE700BF90600020A46704005E590020F6
S21402416884530020606A00200021014818F01CB819
S214024178C86700207F2837B5044610D14FF6FF736C
S214024188022217480DF10601ADF80630EAF74CFF91
S214024198BDF80640E2054CBF6FF04A0464B218F058
S2140241A863F9104B05461C700F4B1B88DB0710D5AE
S2140241B80E4B1B78002B0E4B0CBF21466FF07F016F
S2140241C8186813F001FB20B140F67861094818F028
S2140241D8D2F9284603B0BDE8304018F040B900BF0F
S2140241E8641002C0586A00205E59002091600020C0
S2140241F884530020A467040010B50FF0BEF860B11F
S2140242080FF0BDF80B4A80B141F20D03BDE810402D
S21402421841F20D01074817F0D3BA074B1A781B79F3
S2140242289A4204D100220023F0E70D23EEE7034A60
S214024238F9E700BF400D0300326A0020488D0100EE
S214024248F8B5164E0D46337802F0010423B140F253
S214024258C531134818F08FF9124B134F1D60134DD2
S214024268A4B1134B997801B10121202017F056F911
S2140242782B783B700F4B1C780F4B00211C700423C5
S21402428833700E48BDE8F84017F08EBF214620204E
S21402429817F044F92B783B70EEE700BF90600020D9
S2140242A8A4670400745300208D600020626A002010
S2140242B8785300208E6000208F600020C867002098
S2140242C82DE9F84318F0D0F8DFF8A0810546B8F8CB
S2140242D80030614C13F4807F03D0237873BBFFF75A
S2140242E8E1FE0021084617F045F95C4B1A78FF2ACA
S2140242F813D01A7802F0FF0632BBFF221A70237810
S214024308052B0AD100232846237018F0A8F8304651
S21402431813F0F9FF18F0A8F805462378504E062B36
S21402432809D13378FF2B06D03378022B15D100211A
S2140243384C4817F039FFFF2333702BE000214FF467
S214024348807017F0EBF8CCE71A78012A4FF0FF02D4
S21402435814BF33264C261A70D4E7337813B1337851
S214024368012B22D117F07AF907463E4896F80090B4
S21402437801F0CEFBFF235FFA89F9337077B1B9F102
S214024388010F44D16421374884F8009017F00CFFD7
S214024398FFF752FE284618F062F806E0284627700D
S2140243A818F05DF8384613F0AEFFB8F800301B0672
S2140243B805D50021802017F0B1F812F09AF901F01D
S2140243C8E3FA294E308000B32778012F42D117F03E
S2140243D8FFFD054610B3013018F0ABF900F4406053
S2140243E8B0F5006F1AD104223946284617F030FD78
S2140243F8284418F09EF94FF6FF7398420ED1002013
S214024408318800F0F1FC00233380BDE8F8830023EE
S2140244182846237018F023F83F20C4E7114801F015
S21402442877FB002108462170012500F08FFC2378CF
S2140244380BB9FFF737FE0020318800F0D5FC0023C1
S2140244483380002DE1D020780028DED1BDE8F8437D
S21402445814F091B80025EAE7906000205F6A002011
S2140244685E6A0020C86700205C5900205E5900205A
S21402447808B513460A461946064B186813F031FA69
S21402448830B1BDE8084040F2F441034818F073B86A
S21402449808BD00BF84530020A467040008B513466D
S2140244A80A461946064B186813F015FA30B1BDE8E5
S2140244B8084040F2FB41034818F05DB808BD00BF4B
S2140244C884530020A4670400024B1878431E5842FF
S2140244D8584170479060002008B5064B1B7823B1F8
S2140244E840F22551044818F046F8FFF7DBFD002095
S2140244F808BD00BF90600020A467040008B5054BFD
S21402450801EB81011868490013F060F9002818BF0A
S214024518212008BD8453002008B5044B1868F9F713
S214024528B1FE0A2390FBF3F040B208BD8453002084
S214024538014B1878704700BF616A002008B5044B23
S214024548186813F0F7FDB0FA80F0400908BD00BFFE
S2140245588453002038B5124D0C462B78012B04D90B
S21402456840F246510F4818F006F821460020FFF799
S214024578E5FF90B10C4B1C702B785BB9FFF792FDE8
S2140245880A4B93F900100A4BC901186813F03BFE50
S214024598002038BDFFF750FDF2E72120F9E700BFFB
S2140245A890600020A4670400616A002092600020E0
S2140245B88453002008B5074B186813F0B9FD30B1CC
S2140245C8054BB3FBF0F083B20BB1184608BD0120C9
S2140245D8FCE700BF8453002040420F002DE9F34752
S2140245E85C4E012017F0C4FF3388990704D440F6BE
S2140245F83F41594817F0BFFFDFF8808198F800302E
S214024608053B012B04D940F64141534817F0B3FF46
S214024618524F3B6823B940F644414F4817F0ABFF68
S214024628348814F0200478D00121222016F0A2FF44
S2140246384FF47A74FFF7BEFF3B681B78093343438F
S21402464804EBC30498F80030A5B2062B0BD117F07A
S214024658CDFB0446FFF7AEFF602358430C2303FB4B
S2140246680400284485B2D7F800903D4B99F800809C
S2140246781C7808F1FF381FFA88F8002C52D13388C4
S2140246885A0505D409F1010018F053F8C0F340148E
S2140246983449354A887812784B7812FB00F2334F41
S2140246A893423B70A4BF9B1A3B703B78CA78BD60A6
S2140246B8934238BF13463B700EF067FE002833D08D
S2140246C80EF061FE012814BF102508252543002395
S2140246D8DFF8ACA00093802243464946DAF8000089
S2140246E813F0A6F820B14FF43B611B4817F043FFBE
S2140246F81F4BDAF8000019781E4B197033889B0690
S21402470814D52A461C4B009713F092FCC0B9002019
S21402471802B0BDE8F04717F02BBF2146222016F05C
S21402472829FF87E70024B3E72546D0E72A460F4B3A
S21402473813F07CFC014618B9252016F01BFFE6E7A5
S2140247482146262016F016FF40F6F431024817F0E6
S21402475812FFDCE75E590020A467040074530020A9
S21402476893600020326A00208D600020786700205F
S214024778616A0020606A002078530020906000205A
S21402478884530020184B10B51B889B0704D440F6A8
S214024798A661164817F0EFFE154B1B78053B012B52
S2140247A804D940F6A761114817F0E5FE114B1B68BD
S2140247B823B940F6A9610D4817F0DDFE00240E4B1A
S2140247C80E4921201C7016F0D5FE014618B9BDE820
S2140247D81040FFF703BF022804D12046BDE8104068
S2140247E816F05EBF10BD00BF5E590020A467040025
S2140247F890600020745300208B600020A5490200B8
S214024808F8B55A4C23889A0704D54FF43E7158488F
S21402481817F0B1FE574801F07BF917F025FE2388FA
S21402482805465B070DD54FF0FF3013F048F8524B9C
S2140248381B68C01AB0F5717F03D90021042016F050
S2140248486DFE28464D4D17F00AFE2B78042B32D102
S21402485817F00AFE238806465F0708D54548002152
S21402486817F0A2FC3046BDE8F84017F0F8BD17F07E
S214024878F6FD17F0F9FD424B06461B78414F13B971
S214024888238859050FD50523012102202B7016F01F
S21402489845FEFFF777FF304617F0E1FD3B68DA780A
S2140248A8394B1A70F8BD3868013017F042FF820695
S2140248B8E9D50623E8E7062B4DD1344B1B78FF2BA8
S2140248C8F0D1334E0EF063FD3378002B3DD017F04F
S2140248D8CBFD238805465B0705D52648002117F039
S2140248E863FC2846BFE717F0BAFD3378013B3370FE
S2140248F817F0BAFD04460121022016F00FFEFFF754
S21402490841FF20461F4C17F0AAFD2068013017F019
S21402491810FF00F44060B0F5006F13D1246801213F
S2140249280422204617F094FA204417F002FF0146A4
S214024938184B04201A783378D21AD2B2BDE8F84057
S21402494817F0C0BE4FF6FF71F2E740202B70BDE8A5
S214024958F84013F0D8BC012BA4D100232B700E4BC1
S2140249681868FFF75DF93F20F1E700BF5E5900209F
S214024978A4670400C86700207053002090600020D7
S21402498893600020745300208C6000205E6A00202A
S2140249988D600020626A00208453002008B50A4B06
S2140249A81A7882B9012210281A7004D040F69D613E
S2140249B8064817F0E0FD0021202016F0AFFDBDE8FE
S2140249C80840FFF70BBE08BD8B600020A4670400F2
S2140249D808B5094B1B88DB0604D440F2C3510748C6
S2140249E817F0C9FD1020002116F098FD044B186830
S2140249F8BDE8084013F013BB5E590020A467040004
S214024A0884530020012208B5074B1146186813F094
S214024A18F3FA00212C2016F0ADFDBDE8084000216F
S214024A280A2016F0A7BD00BF84530020014B400899
S214024A38185C70475A6A002008B513460A46194693
S214024A48064B186812F053FF30B1BDE8084040F62E
S214024A58E941034817F08FBD08BD00BF8453002004
S214024A68A467040008B5044B186813F0C3FA0138A3
S214024A7818BF012008BD00BF8453002070B5054644
S214024A8817F0F2FC0E4B0F4E1B880446DA073570F9
S214024A9808D50D4B0D4D1B78012B08D90121286826
S214024AA813F02AFC2046BDE8704017F0D8BC1BB1AC
S214024AB80EF061FCC305F1D4317881F00101EEE70E
S214024AC85E590020596A0020916000208453002015
S214024AD80C4B10B51B880446DB0711D5FFF78CFB79
S214024AE8094B84F0010208211868D20012F03EFE33
S214024AF830B1BDE8104040F63671044817F03BBDA9
S214024B0810BD00BF5E59002084530020A46704002D
S214024B1808B5044B0146186812F0F4FE003818BFB0
S214024B28012008BD8453002010B50A4C23787BB1B7
S214024B38FFF768FF0021042016F0F0FC002102208F
S214024B4816F0ECFC00232370BDE81040FFF7AABA63
S214024B5810BD00BF9060002038B5094800F0E8FC98
S214024B680024084D95F84430E0B2834200D838BD98
S214024B7805EBC000043000F0DBFC0134F2E700BFAE
S214024B88285400208853002008B5104602494822B7
S214024B98F9F7BEF8002008BDE053002008B505481E
S214024BA817F05DFE014620B9BDE80840014817F037
S214024BB8FBBA08BDE8670020002238B51C4B15462C
S214024BC81C461A700132082A5D609D8043F8085F09
S214024BD8F8D1482200211748F8F70AFF4FF6FE7365
S214024BE8A4F868306FF48033E365134B00211A8803
S214024BF8124B1868F8F7FCFE114BC4E91255C4E9C3
S214024C08283584F8445084F85050656584F8A850CE
S214024C18E9F754FDFF220B4B012118700A4B0020BE
S214024C281A70E1F751FF0020FFF7B8FF002038BDE1
S214024C3888530020E0530020D4690020A066002094
S214024C480000FFFF94600020DA60002010B5AC2454
S214024C58084B04FB0030836C53B990F850403CB9BB
S214024C6831B1C0E912122046FFF798FF204610BD60
S214024C782120FCE788530020AC2370B503FB00F51F
S214024C88094E731993F850405CB920460BF022FF80
S214024C98735D204643F002037355FFF77FFF2046F5
S214024CA870BD0120FCE700BF88530020AC235843A0
S214024CB8024A135C23F003031354704788530020F8
S214024CC870B516461F4A04461278C2BBAC211E4D62
S214024CD801FB00518A6C92BB91F850203AB1022B24
S214024CE82DD191F84410072907D91C2026E091F8FF
S214024CF844100729F9D8012B08D0AC2000FB045031
S214024D08CA00011D0C30F8F7C5FE0021AC2303FBD0
S214024D1804F000249DF8143000EBC1012944CB713D
S214024D28049B8E808B602B1893F844202046013211
S214024D388C7183F84420FFF731FF204670BD0120AE
S214024D48FCE700BF9360002088530020F8B5234B89
S214024D5804461B780F46002B3ED1AC23204D03FB9E
S214024D680053B3F8A03023B940F245311D4817F076
S214024D7802FCAC2202FB0452D2F8A46036B192F8C6
S214024D88A33039460020B2F8A020B047AC23002151
S214024D986343EA18A2F8A010C2F8A410482192F8B1
S214024DA8A82001FB02322A44D2F89820964213D051
S214024DB8EB5C9B070CD5AC226243AB5C204623F027
S214024DC8020343F00103AB54BDE8F840FFF7E6BE22
S214024DD80BF0A2FE0028EED1F8BD00BF93600020BB
S214024DE888530020FB6704002DE9F04F89B0059030
S214024DF808460D4617F0ECF8044618B9212009B003
S214024E08BDE8F08F284617F0FFF8C0B20838215CD4
S214024E18221892F802A00491D17852682778039251
S214024E280022B4F80130ADF81E20434A029192F8E7
S214024E3800B0BBF1000F08D0404B1B681BB12046E0
S214024E484FFA8AF298470020D9E703F00703022BA5
S214024E5870D0013409225946204616F0F9FF023F5F
S214024E683F1A3B0606465FFA87F8C7D4344FD7F888
S214024E789090B9F1000F27D100210DF11E0B434681
S214024E8822460846CDF800B00BF05CFDC3B20546D4
S214024E98002B4BD1BDF81E0013F079FAE0B9BDF825
S214024EA81E0013F05DFB8146BDF81E0013F06FFA74
S214024EB8F0B906EB080201232146584692B200F0E2
S214024EC87BFDD0B119209AE75B465A46012128464F
S214024ED8C8470028D0D191E7D7F89430BDF81E000D
S214024EE8002BDCD0A11998470028D8D1022086E7E3
S214024EF842464846A119F8F70BFFBDF81E0017F000
S214024F0867F8029B059A0372049B80F809A08372CD
S214024F18039B1BBAC360AC2303FB027393F85020AF
S214024F28BDF81E0022B1DB6C03B19847E8B266E70B
S214024F38BB6FF9E7012062E7936000206C530020FC
S214024F48885300202DE9F84308460F46164602F114
S214024F58010913F00AFB8046384613F011FA0428B2
S214024F6856D1384613F030FA48F661054FF6FF7206
S214024F7848F64103294C904208BF1D46B4F85C1017
S214024F88301D17F0D8FB384613F01EFA0146B01D3E
S214024F9817F0D1FBB4F85E1006F1080017F0CBFB49
S214024FA806F10A04384614F0A3FF10B145F01005BE
S214024FB8ADB22946484617F0BEFB384613F0D0FA7B
S214024FC8424601462046F8F7A3FE3846012117F066
S214024FD837F84444074660B117F016F805463846CF
S214024FE816F0F6FFEDB201462A462046F8F790FE7E
S214024FF82C440B4AA41B13780134591C1170F37005
S21402500834703046BDE8F8430922012116F020BF65
S214025018484617F08EFB4C460546C3E788530020E1
S21402502894600020AC2210B548245043094B1A1845
S21402503892F8A81004FB0100034493F877000228AC
S21402504806D092F850301BB9032818BF012010BDAD
S2140250580020FCE78853002070B508B1012070BD17
S214025068234C94F8A850002DF8D12946B4F85C20B1
S214025078FFF714FA29462846B4F85E20FFF7F8F92F
S2140250882946284604F16002FFF7D6FC94F87730E2
S214025098002BE3D0284694F85860FFF749FA864270
S2140250A815D1002094F95A50FFF736FA854216D1E0
S2140250B80020FFF7B7FF0446002016F07FFE002800
S2140250C8CDD02146BDE870400020FFF705BA284635
S2140250D894F85810FFF73EFA0028E2D0BFE70020FF
S2140250E894F95A10FFF70AFA0028E1D0B7E700BF8A
S2140250F8885300200346AC2010B51446164A00FB17
S214025108032292F8770002280CD1E07F022809D100
S21402511841B112490978012913D992F85810227810
S21402512891420ED118462178FFF708FA90B1482224
S21402513821460B48F8F7ECFD002016F03FFE08B9AA
S214025148002010BD044B93F8A8000028F8D1FFF7FA
S21402515883FFF5E72120F4E788530020CE5F00207E
S214025168E053002038B5AC230D4C054603FB00433C
S21402517800205A6DD86483F8500012B15865FFF7BC
S21402518827FCF5F7D5FBFF281EBFAC2303FB054417
S21402519884F8A8000020FFF75FFF002038BD00BF94
S2140251A8885300207FB51D4C94F8A83023B1002000
S2140251B884F8A800FFF750FF94F85A30B4F8A060B5
S2140251C88DF80F3026B940F2FD21154817F0D3F9AD
S2140251D8144B31461D6800202A46FFF7B3FEE46FDB
S2140251E802469CB10DF10F0301930023294630466F
S2140251F80093A04702462C7854B920462146FFF76A
S214025208A5FD2046FFF7CAFC04B070BD0122F2E7EE
S21402521829460020FFF714F8F6E700BF8853002057
S214025228FB670400A066002038B5494B1C78002CA2
S21402523858D1484800F06CFC204616F0BFFD0028FE
S21402524850D0454C2378D90733D594F850201AB154
S21402525823F00303237045E023F0010323700BF0C9
S21402526843FC237805469A0701D50BF033FC2946FA
S21402527800200BF049FA40B92378284643F0010388
S2140252882370BDE838400BF025BC0023482284F87A
S214025298A33094F8A83084F8A25002FB0343D3F84C
S2140252A89830A4F8A000C4F8A430BDE83840FFF748
S2140252B879BF94F84400B0B104F1A003251D95E81F
S2140252C8030083E80300FFF76DFF94F8442028469E
S2140252D8D20004F10C01F8F7DDFB94F84430013BE8
S2140252E884F8443038BDA26C62B99B0711D523787E
S2140252F8002023F0020343F001032370BDE8384080
S214025308FFF74CBC0123A06484F8503090472378FA
S2140253189EE70BF001FC0028E9D194F8A83073B197
S214025328F5F706FB94F85030002BDBD1FF2818BFA0
S21402533884F8A800BDE838400020FFF78DBED4F8F0
S2140253488C30002BECD098470028CBD1E8E700BF7A
S21402535893600020E86700208853002070B5044652
S214025368002016F02BFDAC235C430B4E351995F83E
S21402537850300BB1002070BD0028FBD0074817F04C
S2140253886EFA0028F6D1335D002BF3D195F8440067
S214025398B0FA80F04009EEE788530020E86700205C
S2140253A810B5084A034613F0EEF814684FF6FF7273
S2140253B803EB40039C42184603D901880233914204
S2140253C8F8D010BD445400202DE9F047204F05467A
S2140253D83B88A3B3B0F90230002B30DBDFF87C80C1
S2140253E81C49D8F80000F8F759FD20B94FF4EA71BD
S2140253F8194817F0C0F80026DFF85CA0DFF86090BE
S2140254083A88B3B29A4204D84FF4EB71504617F072
S214025418B2F8D9F80030B2B253F83200D8F8001011
S21402542803EBC20468B943F83210A388284601334E
S214025438A38013F0A8F8E38803EB4003E380BDE8F3
S214025448F087F8F72BFD01360028D9D1EDE700BF23
S21402545860590020C8670400D26704000868002064
S2140254683854002038B5094C094D22682B689A42F0
S21402547804D94FF48771074817F07DF8286823681F
S214025488C01A20F0010080B238BD00BF4454002084
S2140254984C540020D267040038B5124C124D2146EF
S2140254A82846F5F7F3F823680BB12B681BB9DE21FB
S2140254B80E4817F060F82A680D4B0E491A602368E2
S2140254C823F0010313440B600B4B1A602AB9BDE89C
S2140254D83840F821054817F04EB8FFF7C3FF64288E
S2140254E8F5D938BD3C54002040540020D267040049
S2140254F8485400204C5400204454002038B5094C27
S214025508094D22682B689A4204D34FF48A710748D9
S21402551817F031F828682368C01A20F0010080B214
S21402552838BD00BF485400204C540020D2670400FF
S2140255382DE9F0411D4B04461B78012B24D1008827
S21402554816F028FD0546D8B10426DFF864802C46F6
S21402555816F08AFF07462046FFF736FF638843EAB7
S21402556808036380A05B16F015FD0446384616F05D
S21402557876FF1CB1B4F90230002BE9DA062E01D107
S214025588BDE8F0810626E2E7022BF9D116F06CFF99
S2140255980246208816F0FEFC18B10388C3F30E03F1
S2140255A823801046BDE8F04116F059BF95600020EA
S2140255B80080FFFF2DE9F04F0024BA4B97B006464D
S2140255C81C8016F051FF0123DFF8EC82B64F3B70C1
S2140255D8B8F80030A8F80040ADF81630B34B1B6890
S2140255E8019316F03CFFB24B21461A88B14BD20003
S2140255F81868F8F7FDF90DF11600FFF799FF002E67
S2140256083CD1DFF8B8924FF0000B0125D9F80040DC
S214025618019B9C4239D3BBF1000F39D1002DF2D041
S214025628D9F80040DFF898A225462246019B9A42FE
S21402563873D302230DF116003B70FFF779FF002E95
S21402564840F08F80D9F800603246AA4280F0A280E5
S214025658908816F09FFC18B10388C3F30E03938054
S214025668D08816F097FC18B10388C3F30E03D380CC
S2140256781046FFF795FE0246E7E79847E3B256F864
S21402568823300134002BF8D1BBE7BBF1000F3ED024
S2140256980BF1FF335FFA83FB16AB03EB8B0252F870
S2140256A8402CB2F9020051880028B1DA4B04AFD474
S2140256B8924641F48040931D2AF8020F02933AF864
S2140256C8020F16F067FCF0B1B0F902E0B0F802C0BB
S2140256D8BEF1000F17DB6FEA4C4C6FEA5C4CA0F881
S2140256E802C00390FFF770FEBBF10F0F8FBF0025B5
S2140256F816AB039A03EB8B009EBF0BF1010340F82F
S214025708402C5FFA83FB029B9A45D8D180E7204655
S214025718FFF746FE22460446C3E7104612F033FF5A
S2140257288346B2F90200118800280AEA010108DA5B
S214025738204616F025FC084381B204EB4B0402EB24
S2140257484B0510461180FFF72BFE02466EE7984778
S2140257585FFA8AF356F823300AF1010A002BF6D1CB
S21402576870E74FF0000AF3E73046FFF719FE824665
S2140257787EB1B6F902307188002B0ADA3088C0F397
S2140257880E0016F007FC864203462DD1C1F30D0122
S21402579871805646AE42E7D3DFF81CA116F064FEC7
S2140257A800210646504612F03FFF16F0F3FB054668
S2140257B8002800F08780304616F051FE284612F080
S2140257C8E2FE0646204616F0DBFB814676003246A7
S2140257D829462046F8F75EF9002249460DF11600DA
S2140257E817F015F83444D9E71BD9304612F0CBFE29
S2140257F8C1F30D01420071801846314692B2F8F79D
S21402580849F9C6E75046FFF7CBFDD146854203D98C
S214025818B0F90230002B01DA824603E0FFF7C0FD3A
S214025828F4E7B146554507D9BAF80000C0F30E00AA
S21402583816F0B0FB8245E5D3B9F1000F30D0B9F8BF
S2140258480000C0F30E0016F0A5FB034638B933462F
S214025858CB46994513D8B1459BD0D946ECE748467E
S21402586812F091FEB9F802204946C2F30D02A9F8D1
S2140258780220420092B21846F8F70CF9E7E71846F3
S2140258880193FFF78DFD019B9B46854203D9B0F92C
S2140258980230002B01DA0346DBE7FFF781FDF4E767
S2140258A8CB46DAE76259002095600020445400206F
S2140258B860590020385400206459002048540020BB
S2140258C80080FFFFBDF816303870A8F80030044B89
S2140258D830461C6016F0C3FD17B0BDE8F08F00BF57
S2140258E8445400202DE9F041054616F053FB0F46B6
S2140258F80446D8B116F075FF20B940F2FB4120489D
S21402590816F039FE284616F07FFB05462046FFF7B6
S21402591847FDBD42064609D004D840F2035118484E
S21402592816F029FE2588ED0B02D02781BDE8F08106
S2140259386780204612F027FE074604EB400816F05A
S21402594893FD104B1A68B2420AD1C3F8008016F0CB
S21402595886FD2A464046BDE8F041FF21F8F748B8DA
S214025968A6EB0806B5B216F07AFD072DF1D9002384
S214025978083D44F81730C8F80430A8F80250D5E7AE
S214025988D26704004454002038B516F06DFD002195
S2140259980546044812F048FE0446284616F05FFDFF
S2140259A8204638BD64590020024B1888B0FA80F0A9
S2140259B840097047645900202DE9F74F04460088CD
S2140259C81F4616F0E7FA88461546064616F009FFF9
S2140259D820B940F2FE613F4816F0CDFD3388DB0B56
S2140259E8009306D033892B443381002003B0BDE8E8
S2140259F8F08F208816F008FB82463046FFF7D0FC68
S214025A08019016F031FDDFF8D0B0019BDBF80020DC
S214025A1881469A421DD1FFF725FDA84204D2484680
S214025A2816F01DFD1A20E1E70AEB050373803FB165
S214025A38208816F0CDFA2A4641465044F8F768F907
S214025A483046FFF7ADFCCBF80000484616F007FDD7
S214025A58CBE716F004FD208816F0D6FA28440099FB
S214025A6880B216F029FB06460028DBD016F0B0FAFC
S214025A788146208816F0ACFA8246208816F0C4FAC8
S214025A88514602464846F8F743F93046AFB116F093
S214025A989FFA0746208816F0B7FA2A46414638443F
S214025AA8F8F736F90121208816F0CAFA01210246CB
S214025AB8304616F0D9FA268097E716F089FA804615
S214025AC8208816F0A1FA2A4639464044F7F790FF8E
S214025AD8E8E700BFD2670400445400203421014896
S214025AE816F049BDE6670400036910B55BB1826823
S214025AF8064B9A4201D1002010BD446916F034FDC7
S214025B08201AF9D5F7E74FF0FF30F5E7E55A020015
S214025B1882681C4B70B59A420446056819D116F07D
S214025B28A3FC236923B1A34206D100222A601A6184
S214025B38BDE8704016F093BC1A4611461269A24296
S214025B48FBD12A68A24208BF29600B6100232361A1
S214025B58EEE7036993B198426E6803D19D210A481D
S214025B6816F009FD2B46B44209D122699D4218BF98
S214025B781A614FF0000308BF6A60236170BD33469E
S214025B883669F0E7E55A0200E66704002DE9F047B1
S214025B98074600254FF0010A154EDFF858808AB0EE
S214025BA8347914B90AB0BDE8F087D6F8009087B9F8
S214025BB800972A46B8F80010234603A816F0B6FE41
S214025BC82246484603A9E9F75BFA2544EDB20836A9
S214025BD8E6E7224603A94846E9F726FACDF800A0E2
S214025BE823462A46B8F8001003A816F09FFEECE7EC
S214025BF8E8CA0400665900200148FFF799BC00BFAE
S214025C08665900209C46174BF7B50546084619887C
S214025C18164611B1144B1C78CCB101466246304682
S214025C28BDB103B0BDE8F040E9F7FEB91C44E4B2E2
S214025C3808373B79002BF0D03A689642F6D185F0C1
S214025C4801052246009516F071FE03B0F0BD074F17
S214025C58EFE7E9F715FAB0B203B0BDE8F04010F086
S214025C684CBD00BF66590020636A0020E8CA0400DB
S214025C7810B5074C238843B10020FFF787FF0020A2
S214025C88FF22044B20801A7010BD0220FCE700BFDA
S214025C9866590020636A0020142810B518D8082808
S214025CA805D110F093FDC401E4B2204610BD0E28BB
S214025CB802D110F08EFDF6E7064B53F82040002C72
S214025CC8F3D00A282478F0D105F0A0FE0443EBE7C7
S214025CD8FF24EAE738CB0400014BB3F868007047A4
S214025CE88853002000487047F2530020014B18786A
S214025CF8704700BF0C600020014B1870704700BF49
S214025D080C600020194B022810B5187002D004380F
S214025D1801281BD8164B1B78042B03D000211548E4
S214025D2816F042FA144B1B689A001BD513F0805FD4
S214025D3840F6114418BF4FF44164204611F0E0F8CB
S214025D4890B92046BDE8104010F0D5BC0948FFF7C8
S214025D58DFFE0A48FFF7DCFE162412F091FE11F069
S214025D68C9F8EAE71524E8E710BD00BF106000206E
S214025D78116000200C680020D04600203C46002017
S214025D88024B187800F00F00704700BF1060002022
S214025D98034B187800F00F00831E5842584170478C
S214025DA81060002008B512F056FEC0B112F06CFE64
S214025DB8A8B10AF0A7FF90B90A4812F0FEFB70B124
S214025DC8094812F0FAFB50B110F008FD38B111F08C
S214025DD899F820B9BDE80840044812F09FBC002094
S214025DE808BD00BF685900209A5900205054002068
S214025DF830B505460C4693B081B910B9002013B0E9
S214025E0830BD1023214A69460120FFF7FBFE9DF8A4
S214025E1805305A1E052A28D91720F0E7182200212D
S214025E282046F7F7E5FD002DEBD1FFF7B1FF30B3BB
S214025E3810F09FFB6A4601460020FEF7A5FEBDF855
S214025E480430204623819DF80230A3729DF8003064
S214025E58E37212F09FFF002304F11401237304F186
S214025E68100003F0CBFDE081C8E7094A9DF804104C
S214025E7812789142D0D12B70002CD6D1BEE7054BB2
S214025E881B78033B022BD3D9C6E700BF64EE01009A
S214025E983D6A00201060002030B593B005460C46D7
S214025EA8FFF776FF20B90C4B1B78033B022B10D862
S214025EB810F05FFB6A4601462846FEF765FE00209C
S214025EC89DF80230607023709DF80030A37013B0FE
S214025ED830BD1720FBE700BF10600020054B18787E
S214025EE8012805D000F0FD00A0F1310358425841C0
S214025EF8704700BF106000201FB50146002201A8A7
S214025F0816F022FA064801A916F0DEFC20B116F0B1
S214025F185FF84089C0F3400005B05DF804FB00BF97
S214025F28E269002030B585B00D460022014601A878
S214025F3816F00AFA084801A916F0C6FC50B116F07F
S214025F4847F80446014608222846F7F7A3FD608963
S214025F58C0F3400005B030BDE2690020F8B505463A
S214025F68F8B100210F4816F04CFC0446A8B10D4FB4
S214025F78204616F02DF8064616F0D2F9830705D401
S214025F88082229463046F8F77FF838B121463846BF
S214025F9816F05BFC04460028EAD10024201E18BF2F
S214025FA80120F8BDE269002010B50C4601460648F5
S214025FB816F08AFC30B116F00BF843891C4214BF5F
S214025FC80120002010BD00BFE26900201FB514465C
S214025FD8024601A816F0B8F9074801A916F074FC9B
S214025FE840B134B115F0F4FF142201462046F7F703
S214025FF851FD012004B010BDE26900201FB501461C
S214026008002201A816F0A0F9094801A916F05CFCBE
S21402601858B115F0DDFF4389024613F0020004D09A
S214026028507B80F00800C0F3C00005B05DF804FBA2
S214026038E2690020F7B59DF824400D4601949DF8C4
S2140260482040064600941F4613F041FF4FF6FF71A4
S2140260588842044610D0BB0711D4284600F056FFE3
S214026068204616F058FCFF281FBF084A32F81030A0
S21402607823F4804322F81030204603B0F0BD0246CF
S2140260882946304612F0E0FBEAE700BF38590020FE
S21402609873B50E460146144816F016FC0546D8B1E6
S2140260A815F096FF43890446334012D09B0736B252
S2140260B80BD5002E09DAA17B437B0289007B01916E
S2140260C8012100912146FFF7B5FF638923EA0603FB
S2140260D86381628912B1012002B070BD2946024866
S2140260E812F0C1FAF7E700BFE26900200148FFF79D
S2140260F81FBA00BFE269002013B53E4C0DF04CFDF6
S214026108D4F8FC311020C3F307430193FFF7C4FD0C
S214026118000650D50020FFF7BFFD01064BD5019BB0
S214026128802B3ED1236A9A0704D440F615442046AB
S21402613802B010BDE3699B07F7D52F4811F097FF09
S214026148012012F0FBF80DF03AFD04460028EED1C5
S21402615800F042F9294812F0BBFA00F099F9E8F77C
S214026168ADF80DF018FD08F003FF08F055FFF4F738
S214026178D7FAF4F775FBF4F78FFB03F0DBFD10F0A4
S21402618827FB10F028FB10F0C0FE1D4813F0A8FEEF
S21402619806F08CFA10F07CFE0028C8D010F07AFEC2
S2140261A8C5E7019B812BC0D1D4F80C315B00BCD566
S2140261B8D4F80C31BFE71020FFF76EFD0006BCD4FA
S2140261C80020FFF769FD0106B7D5019B802B05D194
S2140261D8084B1A6AD207A8D5DB69ACE7019B812B64
S2140261E8A3D1044BD3F80C21002A9EDAD3F80C313B
S2140261F8A1E700BF0080E00F690345EC5054002079
S214026208015F020010B512F038FC70B301F0E0FA34
S21402621880F00104E4B20020FEF724FC44EA80047D
S21402622824B212F018FC10BB02200443164816F0DB
S21402623816FB44EA4014154816F011FB24B244EA49
S2140262480014134816F00BFB24B244EA80141148D3
S21402625816F005FB24B244EA40240F4816F0FFFA6B
S21402626824B244EAC02080B210BD0124D3E70B480A
S21402627812F0A3F90028D7D0094812F09EF980F048
S2140262880100C0B24000D0E74C6800203069002008
S214026298D4460020B0680020106900206859002003
S2140262A89A59002008B501F07FF8FEF709F8144855
S2140262B812F083F908B904F025FF124812F07DF9A6
S2140262C808B906F0DDF902F095FF0F4812F032FA27
S2140262D80E4B1B78043B022B09D80D4816F0BFFA62
S2140262E828B1FFF78FFF102801D107F0E1FC10F064
S2140262F877FA12F0B8FABDE808400648FFF75AB926
S214026308685900209A590020505400201160002035
S21402631830690020B0CB0400014B1868704700BFF4
S214026328845300204FF6F77370B5984204460D461C
S21402633886B043D812F0A5FAA04207D1082220490F
S2140263482846F7F7A7FB002006B070BD1D4EB6F824
S2140263586830A3420AD10022082106F16A0012F028
S2140263681EFA18B9082206F16A01E9E784B1002381
S214026378012219462046009308F05CFDFF2811D139
S2140263882946204608F000FF80F00100C0B2DBE78D
S2140263980D4B1B689B07EAD4284606F0FBFD00282F
S2140263A8E5D0D0E702A913F03DFC0028E8D1DDF8D5
S2140263B80D302B60DDF811306B60C4E70120C3E7AF
S2140263C89660002088530020D0460020014B1870A3
S2140263D8704700BF3D6A002010B5054C08222146CA
S2140263E80448E8F721FE204612F085FA10BD00BFE1
S2140263F89660002034B608C00048704796600020B1
S214026408082208B50349F7F73FFEB0FA80F04009BC
S21402641808BD00BF96600020014B1870704700BF89
S21402642804600020F7B50D46044616461F460021AE
S214026438284601F061FD0B4B002183F859402A4695
S2140264483346204600970AF03FF9014630B1022249
S214026458204603B0BDE8F04000F006B8012003B0BD
S214026468F0BD00BF8853002013B513460C461AB178
S214026478022A0CBF134601230021044A0191009206
S2140264882246FEF71DFC02B010BD00BF658B030056
S21402649800B5002093B0FEF78FFB1E4B188813F04A
S2140264A820FD1D4B1D491A7800200AF091F9342266
S2140264B800216846F7F79CFA0B238DF800306FF434
S2140264C8803301934FF6FE73ADF8103003238DF830
S2140264D81D30134B134A0893134B10680993134B3A
S2140264E851680D93124B6A460E93124B0F93124B3A
S2140264F81093124B119302AB03C300210846FEF712
S214026508F9FD6A4601210020FEF7F4FD13B05DF896
S21402651804FB00BFCE6900204C6A0020AC7704005A
S214026528416902009660002001890300299602004C
S214026538E96A020055A50200658B0300599202001B
S214026548014B1878704700BF9E600020014B1888E0
S214026558704700BFE66900202DE9F74F81461046CE
S2140265680E46904616F0E5F8DFF840B105469BF869
S214026578003033B94A4B1B681BB94A4B1B68002BC1
S2140265887FD015F4406A05F040071BD19FBBB5F5CE
S214026598804F61D24FF48074B9F1400F73D0B9F1CD
S2140265A8800F63D0B9F1100F6BD100239BF800005F
S2140265B83D4AD9B2884264D932F8021B0133A14255
S2140265C8F7D166E008F1030016F0B3F84FF6FF734A
S2140265D8984214BF0124022487B1052705F44043D4
S2140265E8B3F5004F44F0080425D0B5F5804F24D201
S2140265F844F4807421E054460327EFE7B5F5804F4C
S2140266084FF00507F4D3BAF5406F14BF02200820EE
S2140266183844404416F08DF8019012F04FF9019B69
S21402662805F4404598420CBF44F0080444F00404BC
S214026638B5F5004F01D144F08004BAF5006F0FD1CA
S21402664808EB070016F075F8054612F01AF9A84284
S214026658A2D144F010049FE7544603270220D7E746
S214026668BAF5406F08BF44F0200495E70C4B1B6848
S2140266783BB10022D1B233F8110033F911100029C8
S21402668803DA002008E0074BF1E7A04202F1010214
S214026698F0D106B13480012003B0BDE8F08F00BF08
S2140266A86054002064540020B8590020D7600020A7
S2140266B8034B1A78022A04BF09221A70704700BFD1
S2140266C89F6000200C22034B1A211A700320002216
S2140266D801F090BD9F6000200C2208B5054B1A21D8
S2140266E81A700022104601F085FD0022024B1A603D
S2140266F808BD00BF9F6000206C5400200C2270B5B5
S2140267080D4B05461E781A7030B93046BDE8704003
S21402671800221A2101F06EBD084B1C78E1B21A2934
S214026728F3D825FA04F3DB0703D54422304601F0F2
S21402673861FD0134F2E700BF9F600020656A002011
S2140267480C22024B1A7010F0D6BB00BF9F600020C6
S214026758F0B50C8805460E468BB0E4B94FF6FF77BF
S214026768ADF8247010F0DCFB10B902200BB0F0BDB7
S214026778CDE90340CDE90544134A0294B2F85C30E9
S2140267886032019300923B464CF60101FF2009AAAB
S21402679813F0C2FB3080284612F0B9F90B4C70B1E0
S2140267A8237863B1013BDBB22846237012F0AFF9B7
S2140267B838B12078B0FA80F04009C0B2D6E705238F
S2140267C8F2E70120F9E700BF88530020646A002038
S2140267D8034B11461B6803B118470FF04CBF00BFA6
S2140267E86C5400200C22024B1A7008F039BF00BF06
S2140267F89F6000200148FEF79BBE00BF6A59002032
S2140268087FB505460C46164615F00CFE00286BD1D9
S214026818062D03D85223EB40DB071AD4B4F1006FD7
S21402682805D3E30E1C3B032B18D94F202EE000227B
S2140268382F4B1A602F4B1D7011F0D7FF03460A2DF7
S21402684854D8DFE805F02D183E4918251853534149
S214026858360002F0A3F8B4F1006FE2D20022244B0D
S214026868042D1A60234B1D70E6D1022001F0B6F9FA
S21402687811F0BBFF0346012202921F4A01921F4AE9
S21402688800921F4A314620460AF078FA04B070BDD4
S214026898314620461B4A04B0BDE870400AF056BA94
S2140268A831462046184B194A04B0BDE870400AF033
S2140268B831BA00220292164A0192104A0092154AEA
S2140268C8E0E702220B4B1A7000221046124904B067
S2140268D8BDE87040FEF7BAB9002202920F4A01924A
S2140268E8064A00920E4ACDE74D20CFE70120CDE7B3
S2140268F86C5400209F600020056702004169020070
S214026908518B0300ED670200E1660200D9670200B8
S2140269184967020059670200B9660200CD6602009E
S214026928138B030008B50AF059FA0C22014B002013
S2140269381A7008BD9F600020F0B585B0ADF8060055
S21402694818B97621644815F016FEBDF8060011F04F
S21402695817FD0446BDF8060011F012FD082846D0B9
S2140269680C2CBDF8060042D111F0FAFD074615F0C8
S214026978E0FE0DF10F010646BDF806000FF019FFFE
S214026988002879D009220021384615F061FA9DF8C8
S2140269980F301033C518BDF8060015F035FBEDB2FA
S2140269A8854269D22946BDF806000AF025FB06F498
S2140269B84C4416F44066054614D0F81C15F0B9FE89
S2140269C84FF6FF73984208BF44F04004B6F5006FCE
S2140269D808D1781D15F0ADFE4FF6FF73984208BF32
S2140269E844F010049DF80F305BB3072D44D1BDF870
S2140269F8060011F0BBFC0446BDF8060011F0C0FC08
S214026A08082817D0A30615D524F0200189B2BDF8A8
S214026A18060011F096FCBDF8060011F0A1FD002153
S214026A28092215F015FA00F1100189B20DF10600D7
S214026A3813F09BFB0022BDF80610284815F0E7FE67
S214026A481AE0082D16D8BDB1013D072D14D801A3AA
S214026A5853F825F0B96A0200C56A0200816A020084
S214026A68856A0200816A0200D16A0200F76902009A
S214026A78D76A02007C2D24D005B0F0BD24F48844E1
S214026A88A4B2B4F5084FF7D1BDF8060011F073FCAE
S214026A98BDF8061013F02AFA0028A8D0BDF806009A
S214026AA811F0C1FC00220146022015F00BFEE3E7B6
S214026AB824F48064A4B2B4F5484F97E7B4F54C4F73
S214026AC894E7B4F54C4F92D04CF6500301E04CF6DE
S214026AD840439C428AE700BFF467040068590020D6
S214026AE82DE9F7430F4690469946064615F070FA82
S214026AF80446304615F088FAC5B2083D2C44E178BB
S214026B08094BA2781970094B31461A700020434681
S214026B183A46CDF800900DF0CAFC003818BF01209E
S214026B2803B0BDE8F08300BFB9600020B86000205B
S214026B382DE9F04FDFF84081DFF8409198F8002001
S214026B4899F8003006469A4285B004D340F21911E5
S214026B58424815F010FD30460DF10F0115F00CFCF9
S214026B6820B14FF48E713D4815F005FD98F8007077
S214026B789DF80F403D1B15F0FF0530D04FF0FF3C47
S214026B88374B01211B78A140184699F800304FF67A
S214026B98FF790CFA03FC0023324A01F1FF3E019307
S214026BA8C1F1000A9DF80430984243D8122004FB2B
S214026BB800002D4BA0F1120105EBC5025200194444
S214026BC804F101091844F6F765FF4FEA89092748D0
S214026BD8A9F104010144AA004844F6F75BFF2249DA
S214026BE804EBC40201EB420321F81260204A013783
S214026BF812784FF6FF71DA731A745A7412025A80B0
S214026C081C4A0D2012781A7110225A7100229A73A1
S214026C18C3F80620C3F80A20144B43F8242088F841
S214026C28007015F04FFD0EB912F0BFFF204605B0F2
S214026C38BDE8F08F13884B450AD053680AEA030B5F
S214026C4803EA0E030B4403EB4B0343EA0C035360BD
S214026C58019B083201330193A4E700BF07680400CA
S214026C68496A0020A0440020045900209C440020C1
S214026C78B9600020A06000200A600020476A002051
S214026C8810B5074C2046FEF743FF04F06BFB02F0F4
S214026C98DDFE2046BDE810404FF47A5115F084BA5E
S214026CA80C6800202DE9F041074600250A4B0B4EDA
S214026CB893F80080ECB2A04503D8FF242046BDE82E
S214026CC8F08108223846B11DF7F7DEF901350028AB
S214026CD8F4D01236EEE700BF0A60002004590020FE
S214026CE807B50DF1070115F047FB30B19DF80730DF
S214026CF8034803EBC30300EB430003B05DF804FB51
S214026D08045900202DE9F843294E044633785D1EBF
S214026D182D1A8342EDB204D84FF4A171254815F016
S214026D282AFC0123A3404FF0FF305F1E3B4400219C
S214026D384FF6FF7E6FEA03081F4A92F800C01F4A02
S214026D48127890401E4ACBB29C4523D8BDB127B2D2
S214026D5804EBC4041B48640005EBC50204F11201E7
S214026D68014452002044F6F795FEBF001648AA00D2
S214026D78391D014402F0FC023844F6F78BFE3378DC
S214026D880022013B33704FF6FF71BDE8F8430E2030
S214026D9815F098BC1388734507D0536808EA0309A8
S214026DA83B4003EB59030343536008320131CAE7F9
S214026DB80A60002007680400496A0020476A002023
S214026DC8A0440020045900209C44002010B50A4C18
S214026DD8207858B9094B1B781A2B03D999210848E9
S214026DE815F0C9FB0322074B1A7010BD0138C0B252
S214026DF8FFF788FFECE700BF0A600020476A00201A
S214026E0807680400066000202DE9F047054615F0DD
S214026E1871FDFF28044624D1DFF884901E4B99F8AA
S214026E2800201B789A422BD22846BDE8F047FFF787
S214026E387FBE38883B79504518D86F2B4FEA131215
S214026E4814D85B0710D0123708F1010899F8001019
S214026E585FFA88F6B142ECD80023104ADEB28E42B8
S214026E6814D32046BDE8F087022AECD913F00EF8B0
S214026E780028E8D129463046BDE8F04711F088BE1A
S214026E884FF000084FF6F77A044FDFE71079013320
S214026E988F28EFD81232E1E7476A0020045900200B
S214026EA80A6000204FF6F773984210B514D8FFF719
S214026EB8ABFFFF2810D0134C00B200EBC00004EB67
S214026EC840040DF006FD104938B962880B7802EBCB
S214026ED80313A3EB1213638010BD227C637C09782C
S214026EE89A42E2732374617407D98B4203D213461B
S214026EF88B4228BF0B461B02EDE78A42F8D313469D
S214026F08F9E700BF04590020B96000202DE9F041D6
S214026F1806460F4600240E4DDFF8388098F80030F3
S214026F28A34201D8BDE8F081082229463046F7F781
S214026F38ABF840B935F8063CBB4204D02046FFF70A
S214026F48E1FE013CE4B20134E4B21235E6E700BFE2
S214026F580A5900200A600020F8B5054608460E467B
S214026F68FFF7A0FEFF2830D01D4B294653F82070A5
S214026F783046FFF7CBFF2846FFF746FFFF280446B2
S214026F8825D112F09EFFFF280AD1164C207838B178
S214026F980FF0F2FA2378B0FBF3F202FB1300C0B24A
S214026FA8294611F0F5FD044623B20F4D03EBC30341
S214026FB805EB430508223146A81DF6F76BFD2B792B
S214026FC8204603F00F032B71F8BD0027D3E7074BC3
S214026FD81B78002B18BF0027014B43F82070E3E705
S214026FE89C440020476A002004590020666A002054
S214026FF838B50B4B04461B780D46834204D840F23C
S2140270085A21084815F0B7FA074804EBC40400EBFF
S21402701844002946BDE8384008220630F6F73ABD4D
S214027028476A0020076804000459002070B5044621
S21402703808460E4615F05EFCFF28054610D0204688
S214027048FFF730FEFF2807D0084B1B7823B9084BFA
S21402705853F8202043F8252021462846FFF7C8FF84
S21402706831462046BDE87040FFF750BF666A0020EA
S2140270789C4400202DE9F843002480460127264632
S214027088114DDFF84C9099F80030A34210D83E43D1
S2140270980134E4B21A2C4FEA470705F11205F2D179
S2140270A84FF0FF30094B1B7898403043BDE8F88311
S2140270B82B884345EBD0284611F0B3FD0328E6D8C3
S2140270C82B796F2BE3D8E3E704590020476A0020A0
S2140270D80A60002010B5084C00EBC00004EB400420
S2140270E823795B0707D1204611F09BFD237923F00D
S2140270F807031843207110BD045900200022084BCC
S2140271081878084BD1B2884203F1120300D87047A8
S21402711813F80D1C013221F0100103F80D1CF1E7DB
S2140271280A600020045900202DE9F047022612279B
S214027138DFF85C90DFF85C8099F8004000250CE0E8
S21402714807FB05F338F803A00021504611F07EFD30
S21402715810B15CB1013CE4B2013599F80030EAB2EC
S2140271689342EDD8A34204D14FF6FF7A5046BDE8C3
S214027178F0870FF001FA99F80030012EA3EB04030A
S21402718890FBF3F202FB1300C4B2EDD00126D5E75A
S2140271980A60002004590020034B00211A7803488D
S2140271A89200F6F725BC00BF476A00209C440020E0
S2140271B810B5134B0C461B7886B0834212D9114978
S2140271C800EBC00001EB4001082220460631F6F724
S2140271D861FC00220821204611F0E1FA80F0010045
S2140271E8C0B206E0C01A01A9C0B212F073FE10B10E
S2140271F8002006B010BD01AB03CB20606160E8E753
S214027208476A00200459002008B5074B024653F87F
S21402721820308B4206D915204FF6FF7115F052FA28
S214027228002008BD0120FCE79C440020024B0131E7
S21402723843F82010704700BF9C4400202DE9F3470E
S21402724881460C4600272A4EDFF8ACA09AF8003092
S214027258FDB2AB4210D86946204612F054FEC0B3BF
S214027268082269464846F6F70FFF90B34946204675
S21402727811F092FFFE2537E006F10608082241467D
S2140272884846F6F701FF90B94FF6FF739C422BD09B
S2140272983388A34228D0204615F03DFBFF2814D198
S2140272A84946204602B0BDE8F047FFF755BE14B976
S2140272B812360137CAE73388A342F9D100220821D9
S2140272C8404611F06CFA0028F2D12846FFF71AFD5C
S2140272D8CCE74946002015F01CFBFF28054603D0DC
S2140272E8044B1B780344DDB2284602B0BDE8F0879B
S2140272F804590020476A00200A6000200F4B1B78BA
S21402730883420CD8C01A0E4AC0B232F81030D904DA
S21402731811D443F4805322F8103001207047094BE9
S21402732800EBC00003EB40035A79D10603D442F0BF
S21402733810025A71F1E70020704700BF476A002022
S2140273483859002004590020F0B5134B06461B781E
S214027358FBB100251148DFF84CC090F800E0104851
S21402736807781F44E8B2864501D80020F0BD7C1B8A
S21402737894FBF3F003FB10440CEBC4003CF83440D7
S214027388B44204D1002AF1D184788C42EED0013579
S214027398E8E71846EAE700BF496A0020BC4600202C
S2140273A808600020A044002070B50CF0E6FB142507
S2140273B80F49104E0B78328830809B1A03449BB2D2
S2140273C8B3FBF5F405FB14330B700B49E2B20B78EA
S2140273D8934292BF00239B1ADBB2032A0B7088BF24
S2140273E8002306499EBFD2000B68D3400B6070BDCF
S2140273F8A26000206C59002007600020BC460020CE
S214027408084B1868084BC2B21B789A4208D2074B38
S214027418C0F307201B78984234BF0020012070472B
S21402742801207047BC460020496A0020A16000205F
S214027438F8B505461746FFF7E3FF064610B9184B98
S2140274481A783AB9212001224FF6FF7115F03AF957
S2140274580020F8BD1348DFF854C003780133B3FBA5
S214027468F2F402FB143303700F48DCF8002000EB3A
S214027478C30420F8335002F10132A1703846CCF822
S2140274880020FFF7F7FDE670606011F0FAF9A842EF
S21402749801D10120DDE7E3780133E370F9E700BFA5
S2140274A8496A002008600020A0440020BC4600204C
S2140274B810B50B4C0B4A2378063B13700CF05DFB99
S2140274C80022094BFF211880084B09481A602278C7
S2140274D8D200F6F78DFA0422064B1A7010BD00BFCA
S2140274E8496A0020A16000206C590020BC46002092
S2140274F8A0440020076000202DE9F843074615F04F
S21402750833F805461A4815F0AAF91A4B48B31C6808
S2140275183C1B2C44A4B20022174BDFF864901B785D
S214027528164D99F8006005EB03155FFA82F8464592
S21402753809D9AB8805F11000A34215D9B21A294613
S2140275481201F6F7A7FA013689F80060AC80B8F19E
S214027558000F03D13946064814F026FE2846BDE831
S214027568F8833C461D60D6E705460132DDE700BFD4
S2140275782C68002070540020A46000209C43002041
S214027588A56000202DE9F74F14F0EEFF4FF0000E2D
S214027598284D294F2978294C97F800A004EB0113A7
S2140275A803EB0A120092F3465246DFF898801FFA57
S2140275B880FC0646B8F80000ACEB0009A0EB0C000D
S2140275C81FFA89F901900098984217D1BEF1000F68
S2140275D800D02970524503D200203A70FDF7DEFA31
S2140275E83B7823B32B78164804EB0314A188C8F813
S2140275F8006003B0BDE8F04F14F0D6BDB3F804C07F
S214027608CC450FD84FF0010E93F802C001310CF1A9
S214027618FF3C013AA3F804B083F802C0C9B2D2B25A
S2140276281033D0E701988444A3F804C0F8E703B0FF
S214027638BDE8F08FA4600020A56000209C430020CF
S2140276482C680020705400207FB56C461E4B1F4DD8
S2140276581E78013EF6B21E7095E80F0084E80F0009
S2140276681B4B28461A7805F1100132441201F6F728
S21402767811FA9DF8026016F00F0511D1BDF8080040
S21402768809F02CFE360918BF29464FF00002BDF84D
S214027698000008BF039904B0BDE8704002F022BD9E
S2140276A8BDF80400FFF728FF0346828804ADADF84C
S2140276B80420224603CAAA4218605960144603F1F7
S2140276C80803F6D104B070BDA46000209C430020D5
S2140276D8A5600020F8B50024084D094F094E3B78EE
S2140276E83178E2B20B449A4204F1010400DBF8BD99
S2140276F82846FDF71DFF1035F1E700BF9C43002022
S214027708A5600020A460002070B5134B06460D46FF
S214027718104612491A78124B09781B780B44934282
S21402772806DB1F204FF6FF7114F0CCFF002070BD59
S214027738FFF7E2FE013506808570044614F00FFF57
S214027748E08009F0D1FD40F602432081E360002084
S214027758FDF724FA0120EAE7466A0020A560002021
S214027768A46000202DE9F84386460023144FDFF86C
S2140277785C803E7898F8005012497219DCB294423E
S2140277881CDA4FEA041C31F80C900133F14501EB80
S2140277980410F3D1631CD21A0CF1100C12016144C6
S2140277A8F6F778F9A5428BBF05F1FF3506F1FF36E5
S2140277B888F800503E700CB9034B1C70BDE8F8837D
S2140277C8A56000209C430020A3600020A46000203F
S2140277D8044B054A1B781278D3420CBF01200020BE
S2140277E8704700BFA4600020A5600020024B1878EE
S2140277F8003818BF01207047A4600020002108B591
S214027808084B09481970094B1970094B1970094B2E
S2140278181A781201F6F7ECF8BDE808400648FEF7B3
S21402782877B900BFA56000209C430020A460002012
S214027838A3600020466A00202C68002010B50B4C76
S21402784823784BB10A4802F03BFD58B1084B012198
S214027858188811F008F908B9002010BD0122054B56
S2140278681A70FAE7FFF7F0FEEAE700BFA460002006
S2140278789C430020A360002010B50E4B1B78BBB1BA
S2140278880D4C238883424FF0000311D10B4AE16066
S214027898137049B9A3781033A37011F0AEFB18B968
S2140278A8A37823F00F03A370FFF7CEFE012010BDC6
S2140278B81846FCE7A46000209C430020A360002032
S2140278C870B592B00C4606460EF053FEE17A0546AF
S2140278D80020FCF733FE28B394F90A0010F06AFF7A
S2140278E810BB134BE27A294683F85820A27A83F80B
S2140278F85A206A46FDF748F94FF6FE739E420CBFB9
S2140279084FF6FF7323896A4629460020ADF80660BB
S214027918ADF80430FDF7EEFB40B92289054B5A80D4
S21402792812B070BD5520FBE75620F9E72120F7E78D
S214027938885300207454002010B5044601460822D5
S2140279480948F6F7A7F8237B022B0AD8002B14BFA0
S2140279583122012205490B7017234B61044B1A701A
S21402796810BD00230122F5E7785400207454002045
S21402797810600020014610230120014AFEF742B992
S21402798864EE0100014B5861704700BF7454002032
S214027998014B1878704700BF7454002010B5054C88
S2140279A82378112B03D0E221034814F0E4FD412387
S2140279B8237010BD1060002012680400064B0146B2
S2140279C81B78042B04D1054A137E053313767047B9
S2140279D8034814F0E9BB00BF11600020745400206D
S2140279E84C68002008B50648FDF7A2FD0548FDF7D5
S2140279F89FFD0EF0EAFEBDE8084000F0EBBF00BFB0
S214027A08685900209A590020064B1878332806D061
S214027A1800F0EF00A0F14303584258417047012096
S214027A28704700BF10600020002208B5074B4FF6CB
S214027A38FE701A7010F031FF4FF6FF7010F04AFF12
S214027A48034B5869BDE808400EF055BE106000208A
S214027A587454002008B5064B187838B10548FEF766
S214027A6843F84FF47A73B0FBF3F0C0B208BD00BF18
S214027A78056000207C4600202DE9F0438BB00746BF
S214027A88154698460E469DF8489049B9104605ACE4
S214027A9814F041FF214612F01DFA172818BF264691
S214027AA8B9F1000F0AD1124B1B781BB9284612F0FF
S214027AB82EFAD0B92846FEF7A1FA02E0284612F0B6
S214027AC826FA80F00104E4B29DF850302A46029362
S214027AD89DF84C303146CDE9009338464346039428
S214027AE811F005F90BB0BDE8F0834C46ECE700BF91
S214027AF80C6000200022014B1A767047745400204E
S214027B0808B50020FEF788FC0023024AC2E90133C2
S214027B18538008BD7454002010B5144B1B78033BE1
S214027B28012B16D8124BB3F868204FF6FF739A4209
S214027B380FD10320FEF7E6F801F052FFFFF7E0FF49
S214027B48002014F03BF978B1BDE81040002010F090
S214027B5815BDFEF7C7F80446FEF7BEF801462046EE
S214027B6807F01AF80220E5E710BD00BF11600020F2
S214027B788853002008B5114A114B58611378032B15
S214027B881BD0D3B1332B01D0432B10D10D4B1B780E
S214027B98033B012B05D803231370BDE808400EF0FB
S214027BA8AABD0EF0A8FDBDE80840FFF7B5BF212321
S214027BB81370BDE8084001F07DBD08BD10600020C6
S214027BC8745400201160002008B50348FDF7A0FF92
S214027BD8FFF796FF022008BD7C46002038B5114DF7
S214027BE804462B78834218BF28700FF091F980B1AB
S214027BF824B920460FF08EF902220DE001200FF07C
S214027C0889F92B781A1F012A05D9062BF4D10322E3
S214027C1802E0002CF5D10122BDE8384000210846D2
S214027C2810F0A5BF1160002030B5044685B068463E
S214027C380D46FFF79FFE94B100212846144A01F02C
S214027C48F3FE144B20681B7861688DF80430124BDB
S214027C581B788DF8053002AB03C305F071F90F4B9C
S214027C6893F8582093F85A308DF803208DF802308E
S214027C7810F024FEADF8000010F003FE1023ADF855
S214027C88060069460020064AFDF7BCFF05B030BD6F
S214027C9800F8FF073D6A0020116000208853002084
S214027CA864EE010010B5104B04461A780F4B0020FC
S214027CB883F8582014F082F810B1002010F05EFC09
S214027CC800210846FFF7B0FF0FF014F92046FDF72B
S214027CD849FA40F617400EF00EFD0023044A1380B8
S214027CE8044A138010BD00BFA660002088530020F7
S214027CF842590020405900201FB504466846FFF73F
S214027D0839FE54B100238DF8053010236946002049
S214027D18064AFDF777FF04B010BD10F0B2FDADF8C5
S214027D28060010F0CBFDADF80000EEE764EE0100A9
S214027D3810B5014604460020FCF700FC90B10C4B37
S214027D481B78023B032B0FD80A4B1C7014F06AFBF5
S214027D5860B9094A0949FCF779FF003818BF0120BB
S214027D68800010BD5520FCE70220FAE74D20F8E710
S214027D7810600020A6600020FDA50200AD7C02006F
S214027D88F8B5064614F04EFB044668B914F016F821
S214027D9850B1064D204695F8587085F8586010F090
S214027DA8EDFB10B185F858704D20F8BD88530020B9
S214027DB82DE9F04180461846033B012B0E4617462E
S214027DC802D918B1212438E0FFF708FF274B1D789F
S214027DD8022D08D0032D46D1B8F1000F03D1244B4B
S214027DE81B689B073FD43320FDF78CFF01F096FAF9
S214027DF8B6F1006F34BF1F4B052231464FF006001E
S214027E0838BF1A78FEF7FCFC044628BB1A4D2873BE
S214027E18012000F017FE10F051FD68802846B8F1E0
S214027E28000F0DD0022300F8043B10F0B3FF6C736A
S214027E382F61394630460EF0A2FB2046BDE8F08197
S214027E48012300F8043B10F0A5FF6C732F61394636
S214027E5830460EF093FBF0E72846FDF753FFB8F1DD
S214027E68000FF4D0E5E70224E7E700BF1060002021
S214027E78D0460020676A002074540020034B187806
S214027E8818B9034B034A1B78D05C70470F60002072
S214027E981160002094CC040038B5437B0446DB0707
S214027EA803D590F909000FF024F800250F4B83F844
S214027EB859502079FFF764FFFFF7E0FF61882488AE
S214027EC8034622462846FEF7ADFA044620B1172096
S214027ED8FFF750FE204638BD1723054DC821054832
S214027EE86B6114F061F903232B76F3E788530020BD
S214027EF8745400204C680020F0B51A4D06460C460D
S214027F0893B0A5F8680005F16A0729BBC5F86A1098
S214027F1879600EF02EFB6A4601460020FCF734FE16
S214027F28D5F86A30ADF81060CDF812307B68CDF817
S214027F3816300EF01EFB6A4601460020FDF7DAF8F8
S214027F484FF6FF73B5F86800984203D014B1064995
S214027F580EF018FB13B0F0BD08223846F5F79AFD66
S214027F68D7E700BF88530020F25300202DE9F041DE
S214027F78DFF8B8801F4698F8003005460C461646C5
S214027F881BB102252846BDE8F081531E052BF8D8FA
S214027F9814F048FA0028F4D13B7B032B14D14FF691
S214027FA8FE739C4212D1012E09D0022EE9D110F09E
S214027FB868FC4FF6FB73984203D810F062FC04463E
S214027FC804E011F0B9F8FAE7012EDAD0EDB939462D
S214027FD82046FFF775FC05460028D3D198F80030EE
S214027FE8332B03D0532B1CBF0E4B18613046FFF7BA
S214027FF8F5FD00214FF6FF70FFF77EFF0A4B1B7850
S214028008002BBFD011F069FFBCE7397B721ECB1E6E
S214028018594259415042504105F07CFF0546002816
S214028028D5D0AFE774540020686A0020106000209C
S2140280382DE9F04105460F46904610F022FC6B7B70
S2140280480446DB0703D595F909000EF052FF10F037
S21402805818FC384B384E188010F030FC374B188016
S214028068FDF73AFE364B1880FDF73CFE082201461D
S2140280783448F5F70FFD10F0C6FB334B1870287915
S214028088FFF77EFE00216888FFF736FFFDF726FF1A
S21402809860B14FF6F672631E9BB2934206D911F090
S2140280A84BF8B6F8683004468342F8D0204610F0FB
S2140280B8F4FB288810F00EFC4146B6F86800B8476C
S2140280C8044628B91920FFF755FD1920BDE8F081A6
S2140280D8B6F8681010F08EF900231C4D86F8593051
S2140280E82B7803F0FB03022B02D0204610F0EFFD9C
S2140280F8002220461146FFF707FB0446B0B11723B5
S2140281086B61134B1B78042B09D1C821114814F054
S2140281184BF803232B7684F00100C0B2D6E74FF45F
S21402812816710C4814F040F80023F3E71720FFF7FF
S21402813821FDF0E77259002088530020705900206C
S2140281486E590020A7600020AF60002074540020FB
S214028158116000204C680020F0B50C461E460B46FF
S2140281682049074689B004F1140053F8045B834299
S21402817841F8045BF9D11B8802AD0B80D4F80E00D7
S214028188D4F81210238803C5ADF8103023798DF879
S21402819812208DF8133000233A468DF814304FF625
S2140281A8FE71012002ABFFF7E1FEC8B902A8FFF78D
S2140281B8C3FB237B4BB10C4D0C4B01AA294601206D
S2140281C801930EF074FE2A781AB92046FFF764FE69
S2140281D803E020460199FFF72BFF08B9044B1E70EF
S2140281E809B0F0BD7459002074540020B38D030002
S2140281F8B060002001232DE9F341304E05460F46B4
S21402820800202F491446737300F0EAFB0EF073FE43
S214028218DFF8AC8038B9012D01D9042D0FD12146DB
S21402822838460EF02CFA1020002111F06EFE0028B7
S2140282383CD0002002B0BDE8F041FCF7AFBC002CF1
S214028248F1D1204B1B78212B03D0062B01D0532BC0
S21402825802D101F02FFAE6E7FDF740FE0028E2D049
S21402826800F0EAFB28B9307BC0F11800FFF782FC61
S214028278D9E7154B41462046019300F0B1FB20B1E1
S21402828840F61901114814F076F901AA0B4998F834
S2140282980C000EF00CFE32781AB90948FFF7FCFDFE
S2140282A8C1E701990648FFF7C3FEBCE7FFF79EFA47
S2140282B80028BED102B0BDE8F08100BF7454002089
S2140282C87459002010600020B38D03001268040061
S2140282D81FB5144B04461B88DB0707D44FF6FF70FE
S2140282E80021FFF709FE002004B010BD0A230E4A3B
S2140282F8012001A9FDF786FC4FF6FF73BDF80C2096
S2140283089A42EBD00822FF2101A810F048FA00286A
S214028318E4D10CB90120E7E7BDF80C0001A9FFF784
S214028328EBFDF7E78C59002026E1010038B50C462C
S214028338154610F0B2FA02F053FF29462046FFF718
S214028348DBFD00F079FB48B1054BDB790E2B28BF25
S2140283580E230133DBB2034A137038BD0123FAE752
S21402836874590020BC60002038B51D46FFF7FEFD94
S2140283780446C8B92B7B2846032B03D1BDE83840F0
S21402838810F027BDFFF7D8FA084B25469C8110F057
S2140283983AFA0121064B81401A780620FEF730FA8F
S2140283A8044608B1034B1D70204638BD745400209D
S2140283B8676A00201060002030B5012087B0FFF7FA
S2140283C887FF6B460446144A1068516803C384B98B
S2140283D804F0C4FD02A8FFF7CDFA4FF6FF75224651
S2140283E8BDF80E002946FFF7A1FF0EF0CFF807B03A
S2140283F830BD6B46094AD2F86A00D2F86E10B2F857
S214028408685003C304F0AAFD02A8FFF7B3FA6A4647
S214028418BDF80E00E6E700BFA6F00300885300206A
S21402842837B5324B04461B781BB10224204603B0EC
S21402843830BD13F0F7FF0028F7D100F00DFB14B19A
S21402844822882B4B1A8000210DF10700FDF7D0FC7D
S214028458002848D110F08FFC04460028E6D1254DA6
S2140284689DF80700FFF7BAFB2B78033B012B27D8AA
S2140284782046FFF72DFF18B3FFF79EFF00F0FCFE1D
S214028488FFF74AFB012010F088F948B9184B1B88F9
S2140284989A0707D52346052201201749FFF788FCC5
S2140284A80446C3E7154D022329460120144AFDF760
S2140284B8A9FB2B885B07B9D5204600F0F1FEB5E785
S2140284C82B78053B012BB1D8FFF776FFFFF724FB85
S2140284D82B78052B0CBF04200520FDF713FC012082
S2140284E810F05BF9DCE71724A0E700BF1060002055
S2140284F88C5900201160002000F8FF073E59002022
S21402850827E101007FB50024184E194D3278E3B2F0
S2140285189A4201D804B070BD4FF6FF73B5F86820CA
S2140285289A421AD0134B1B88DB0714D5124AB5F8A1
S214028538683010685168ADF80C3001AB03C30F4AB7
S2140285480A23002001A9FDF75DFB022300200C4A3E
S2140285580C49FDF757FB0134D8E7002208210648E4
S21402856810F01DF90028F6D1DCE700BF486A0020A3
S214028578885300208C590020F253002026E101007F
S21402858827E101003E59002010B500F0C7FE01F0B1
S21402859813FCD8B10E48FDF7BBFA0E480E4C017A0A
S2140285A80E30FFF741FB23781BB100F0F7F90023E2
S2140285B823700022094B1A73FFF7AEFA07F0B8F9D0
S2140285C800F012FFBDE81040FFF79CBF10BD00BFC9
S2140285D84C68002074590020B060002074540020B3
S2140285E810B52548FDF794FA01F0E6FB30B1234BA7
S2140285F81B781BB9BDE81040FFF7C6BF01F0DCFBCD
S21402860878B11F4C237E83B1C8211B4813F0CCFDDA
S2140286180021237E0846013B2376BDE81040FCF77E
S2140286282BBBFDF75BFC0028EBD1FDF757FC154B7F
S2140286381B7858B9112B03D003F0FD03412B19D12F
S214028648BDE810400E4B5869FFF794BA332BF7D1A2
S2140286580D4B188810F021F90C4B188810F03AF9CF
S2140286680B4B0C491888FFF747FC0B4B1878FFF79B
S21402867887FBE5E710BD00BF4C6800200C600020B1
S214028688745400201060002072590020705900208F
S2140286986E590020A7600020AF6000202DE9F04F39
S2140286A80F4685B002AD044629463846914611F073
S2140286B8BEFE4FF0000B82463846CDF804B00FF0E7
S2140286C84FFF4678022C804606F0020609D85CB1AF
S2140286D8FDF704FC0446002848D1754B01241B7894
S2140286E865E0043C022C3AD9FDF7F8FB38460FF051
S2140286F8B0FE00240546A046DFF8D8A138460FF09B
S2140287082FFF50F809300DF10500019314F011F807
S2140287189DF807B00746B8F1000F4DD1BBF1000F20
S2140287285BD0DFF88C9199F800300BB1002E63D03D
S214028738002C61D05F4B1B78022B5DD1BBF1000F7A
S21402874853D1384610F0A9F858465946FFF76CFA3E
S21402875807F0EEF840F607400DF0CDFF34E010F0D3
S214028768FEFAFDF7BBFB0446F8B15C464EB1524B27
S2140287781B78012B02D0043B012B0BD805B0BDE8B1
S214028788F08F4B4B1B782BB14B4B1B7803F0FB033C
S214028798022BF3D0BAF1000F404608BF002511F0AD
S2140287A839FE4FF001088246A8E7414B1B78002B9A
S2140287B8F0D0002EEED1E1E7BAF1000FAED0504667
S2140287C8FDF71EFE0028A9D1002013F0F7FA0028AC
S2140287D8D4D000200FF0D2FED0E74FF6F7739F42B0
S2140287E89FD91720FFF7C6F9EEE7FDF777FB48B1E2
S2140287F83248FDF78DF9F4E7FDF770FB10B1BBF1CF
S214028808000FF5D1FDF76AFB0028DDD02846FEF7F3
S21402881849FAFF28DFF89CA0294C03D09AF80030C2
S214028828012B04D12946B4F86800FEF795FBFEF73B
S21402883851FC2A463846B4F86810FFF777FD214BF4
S214028848214A93F906301B0213809AF80030012B4E
S21402885819D0312B14BF432311238AF800301B4B3F
S2140288681648196813F0A0FC00F006FD0023124C07
S21402887899F80010237641B9104813F095FC40F693
S2140288881B436361A0E71123E7E7B8F1000F03D0A3
S21402889816B1FFF779FEF2E70D4B1B78042BEED1E3
S2140288A80521064813F080FC09232376E7E700BF74
S2140288B80C60002010600020745400204C680020D1
S2140288C888530020745900208A5900206C680020BA
S2140288D8116000209660002070B508468CB00D46E0
S2140288E80FF03EFE09220021064613F0B1FA0446AE
S2140288F828460FF0AEFD052228460DF10F0304A9FF
S2140289080DF04BFF02281BD09DF80F3029461C4459
S2140289180023E4B204F11002365D01200093D2B2BD
S2140289280BF0C5FD60B1022E0AD1064B1B78012B4F
S21402893806D1054B187818B922462946FFF7AEFE27
S2140289480CB070BD106000207454002008B5084BA7
S214028958187050B1074B1B883BB14FF47A71064822
S214028968594313F021FC002008BD0120FCE700BF94
S21402897803600020E86900209C450020014B18800F
S21402898800207047E869002008B5FDF7C1F8002204
S214028998014B1A7008BD00BF0360002010B5002402
S2140289A8044B05481C80054B1C70FDF7B1F82046A1
S2140289B810BD00BF8E59002070680020B1600020EC
S2140289C808B50348FDF7A4F8BDE80840FFF7E6BF78
S2140289D8706800200148FCF7ABBD00BF8E59002026
S2140289E8F7B5134B04461B780E46EBB183421DD9E6
S2140289F80021104813F005FF002501460D4F09B95E
S214028A08012009E0AC4209D100241623224630464A
S214028A18009413F08BFF204603B0F0BD384613F0DF
S214028A2814FF01350146EAE71820F5E72720F3E7A1
S214028A38B16000208E590020014B1878704700BF9D
S214028A48B160002025289DBF024B18700020212007
S214028A58704700BF696A0020012307B51846064A10
S214028A680DF10701FDF7CEF89DF80720034B1A70A3
S214028A7803B05DF804FB00BF29E10100EA690020A3
S214028A8884B010B502AC84E80F00082224480DF121
S214028A981601089CF5F7F8FA38BB9DF815309B07BF
S214028AA805D4204B1B7803F0FD03312B23D11E4936
S214028AB86378097803F00F028A4203D0012928D185
S214028AC8022A18D12278B2B91B09022B13D194F9BB
S214028AD80230002B21DB154BB3F86820BDF80A30AC
S214028AE89A4208D1FEF790FF06E0002208210C48B9
S214028AF80FF055FE20B90020BDE8104004B07047BC
S214028B080B4BBDF808205B889A42C6D0002BC4D00F
S214028B18F1E70229EFD1012AD3E70120ECE700BFEB
S214028B2878540020106000203D6A002088530020F8
S214028B387454002084B02DE9F0478EB016AC84E851
S214028B480F00DFF868C1564BBCF802009DF85D902E
S214028B5810F001049DF96220BDF870E09DF875A03A
S214028B689DF976709DF878509DF97A109DF95E8089
S214028B789DF860601B782FD09DF87D00C0F34004F6
S214028B88C0F38000002B44D0464B1B78012B02D141
S214028B98002C00F08280C0B19CF800301E335BB215
S214028BA8BB42ACBF002701279845D4BF0023012348
S214028BB8BB4209D18A4208DB0CD1A81BC0B2802866
S214028BC88CBF0020012000E038460EB0BDE8F04712
S214028BD804B070470020F8E710F0020F18D0C3B1AF
S214028BE8490814BF01200020520814BF012300239D
S214028BF88342EAD1AB1BDBB2802B0AD9AE42E9D15B
S214028C08B84506DB49D1CA4594BF00200120DCE7F7
S214028C180BB90120D9E7AE4216D002AC1CAF0FCF73
S214028C280FC497E8030044F8040B2180DDE91A0113
S214028C3816AB0090ADF804100FCB0EF031F90028F1
S214028C48E7D1AE42B9D1C0E7BDF8583073451ED059
S214028C5808AC0DF1700CBCE80F000FC49CE80300CA
S214028C6844F8040B2180104C638873450FD1082200
S214028C78211D0DF12E00F5F707FA024638B908212C
S214028C88201D0FF08CFD10B96388002BC1D1B845A2
S214028C98BFDBC2D1CA45BCD8BFE7204695E700BFAE
S214028CA8B16000201060002074540020EA69002099
S214028CB884B02DE9F04F8FB06A4E18AC08AD84E840
S214028CC80F00162200212846F4F792FE33783BB9A5
S214028CD80024654B32781B789A4239D2002726E060
S214028CE80021624813F08DFD00270446B846DFF8D7
S214028CF87C91002C45D13FB1224639465B480FF09D
S214028D08B2FC3378013B33703378002BE0D0002175
S214028D1856484FF0000913F074FD4F468046CA467F
S214028D28DFF848B1B8F1000F6CD1002FD1D0162168
S214028D38002218A80FF02FFC014648B1002F00F0B9
S214028D488B80224649480FF046FC3378013333704D
S214028D58454B32781B789A4207D944480022018844
S214028D680FF081FC3378013B33703378012B03D143
S214028D783F49404813F018FA0FB0BDE8F04F04B068
S214028D8870470022214616232846CDF8008013F0A5
S214028D98CDFD1622294618A8F5F776F90028EBD055
S214028DA89DF864209DF824309A4225D1BDF86020AB
S214028DB8BDF820309A421FD108220DF12E010DF17E
S214028DC86E00F5F761F9B8B902AF0DF1600CBCE8B0
S214028DD80F000FC79CE8030047F8040B39800EAB58
S214028DE813E903000090ADF8041095E80F00FFF7AA
S214028DF8A1FE0028C0D027462146484613F025FD86
S214028E08044676E71623002241462846CDF800A0F7
S214028E1813F08CFD02AF0DF1600CBCE80F000FC713
S214028E289CE8030047F8040B39800EAB13E90300ED
S214028E380090ADF8041095E80F00FFF77BFE074692
S214028E4820B1B9F1000F04BF444681464146584650
S214028E5813F0FBFC804665E73A46044813F0D7FC55
S214028E6873E700BFB1600020696A00208E590020AF
S214028E7820BF0200706800202DE9F04F002104464A
S214028E889FB00DF14008162240460E91CDE90C110E
S214028E98CDF83B10F4F7ACFD052220460DF11F0372
S214028EA816A90DF07AFC0228074600F0F280204642
S214028EB80FF056FB064613F03CFC8146F01C13F0F6
S214028EC838FCADF84000701D13F033FC012FADF8E6
S214028ED84200204640F0E0800FF042FB054620465E
S214028EE813F076F80D3502232D1A009321464346D1
S214028EF80820EAB20BF0DBFA002800F0CA80204607
S214028F080FF033FB012F83469DF84D3040F0DC808E
S214028F1800252F4643F001038DF84D3016AE3388F0
S214028F28022B4DD1F1782046023108F065F81B284D
S214028F3846D1F1782046033108F05EF819283FD169
S214028F48F1782046043108F057F84A2838D14FF00D
S214028F58050AF17820460131514408F04DF8F178B7
S214028F6805905144204608F047F8059B00EB03207D
S214028F7883B200F03F02932B059240F095800023BF
S214028F88F778214602375744FFB23A4600930CA8B0
S214028F980F2313F0CBFC07F10F01204611F020F93E
S214028FA807F111010546204611F01AF9ADF84200FC
S214028FB8059B023353445FFA83FA33795345C8D87C
S214028FC806360DF17603B342A9D19DF84D20C5F3B6
S214028FD8C03363F3410220468DF84D200FF057FA4E
S214028FE88DF8440020460FF047FA8DF845002046D3
S214028FF80FF047FA9DF83230BBF1190FC3F3C302DC
S2140290088DF84720DDF833208DF84600CDF84E203F
S214029018DDF83720CDF8522094BF00229DF83E2076
S2140290288DF8482003F003028DF84A209DF84D205B
S214029038DB0963F38202694B8DF84D201B78022BFD
S21402904856D1BDF840600FF039FC864250D108A8C8
S2140290580FF0A0FEBBF1190F47D908220DF14E01F9
S21402906808A8F5F711F800283CD1B9F5004F02D048
S214029078B9F5624F0DD140F6FF7325F440459D427F
S21402908807D1002208210DF14E000FF088FB0028B8
S2140290983ED01FB0BDE8F08F0FF062FA05462046B4
S2140290A812F096FF07351EE7412B81D1F17820464C
S2140290B80231514407F0A0FF494B1B78C3F1B303B2
S2140290C818448DF8490073E76FF30003F01D8DF816
S2140290D84D3013F02EFB0CA9054620460FF0ACFEC9
S2140290E80B2772E700F058FDBFE700F055FDD0E702
S2140290F8B9F5004F02D0B9F5624FCAD140F6FF73F0
S21402910825F440459D42C4D1BBF1190FC1D9B8E731
S214029118BBF11A0F06D007F11F0142462046C9B214
S2140291280DF0C4FE2F4C304D637BDBB12B78012B40
S2140291381DD1012323730CAB029314AC94E80300ED
S2140291480090ADF8041098E80F00FFF799FC90B16C
S21402915894E803000090ADF8041098E80F00FFF7B3
S214029168A7FD08E0FCF7BAFE0028DFD0E1E703F027
S214029178FD03042BDDD02B78012B01D0042B88D1DC
S2140291881A4BDDF84E001B78DDF852108DF82230A7
S214029198BDF84030ADF820309DF84D30C3F340039B
S2140291A88DF823309DF8313003F00F038DF82C30FC
S2140291B89DF848308DF82D3009AB03C30C4B1B685D
S2140291C81BB1414608A8984763E79DF946209DF8D3
S2140291D8451008A80DF051FA5BE700BF10600020A2
S2140291E8B8600020745400209F600020B7600020FA
S2140291F86854002010B513F0B7F9114B1B78022BF0
S2140292081CD1104A1468A04218D00F4910600A6888
S214029218121B10440D4A086012786AB1013A93404C
S2140292283C2253434FF47A725343984206D9BDE818
S21402923810400320FCF766BD0A23F3E710BD00BF03
S21402924810600020C8460020C4460020396A002064
S214029258064B1B88DB0708D50022054B43F820205F
S214029268044A135C63F00F031354704790590020A6
S21402927818450020D55F002008B513F075F90022BE
S214029288024B1860024B1A6008BD00BFC846002091
S214029298C4460020014B1868704700BFC446002029
S2140292A808B50C48FCF734FCFCF772FD80B10A4B93
S2140292B80322B3F8681001200DF018FE4FF47A71F5
S2140292C8064B04481B885943BDE8084012F06CBF99
S2140292D808BD00BF9068002088530020CC69002093
S2140292E8014B188000207047EE690020044A054B9F
S2140292F81870138823F00303184310800020704761
S214029308905900203A6A0020034B1888C0F30E00D2
S214029318003818BF012070473E59002008B5FFF7ED
S214029328F3FF30B1002004490223044A0880FCF700
S21402933869FC002008BD00BF3E59002027E1010055
S214029348024B1888C0F30E00704700BF3E59002033
S2140293580023084A01201370074A08491370084B6D
S214029368084A1B7843F0040313800223064AFCF7D4
S21402937849BC00BFB4600020B36000203E590020FC
S2140293883A6A00209059002027E1010030B50121F1
S21402939800240B2385B0104D019400918DF80C30F3
S2140293A88DF80D000323B5F8680003AA8DF80E4061
S2140293B810F0CFFF68B1B5F868100FF0FAFD40B1AB
S2140293C80522064B64211A70054B06481C7012F0DB
S2140293D8EBFE05B030BD00BF88530020B360002006
S2140293E8B4600020B0680020064B1B78033B012BB4
S2140293F806D8054B1B781BB9044B1878FFF7C6BF6F
S214029408704700BF11600020B2600020396A002051
S21402941810B51548FCF77CFB144B1978F9B9144AB1
S21402942813787BB1013B1370124B1B78042B02D1C5
S2140294380846FBF721FCBDE810404FF496710A482F
S21402944812F0B2BE0C4A128802F00302022A0AD1AD
S214029458BDE81040032201200849FEF7A9BCBDE872
S2140294681040FFF7C1BF10BDB0680020B4600020EE
S214029478B3600020116000203E59002000F8FF0764
S214029488084B1A785AB10223013A93404EF66022E4
S214029498534303210448B3FBF1F112F085BE42F2AE
S2140294A81073F6E7396A0020B068002070B50546E2
S2140294B81748FCF72DFB0122164B28461A7010F0A7
S2140294C86CFF411C044689B2284607F095FDA11C8C
S2140294D8064689B2284607F08FFD0F4C02232080E5
S2140294E8214600200D4AFCF78DFB86B9238803F037
S2140294F80303022B03D1FFF7BFFEFFF7C1FF238842
S2140295085B0704D5BDE870400548FFF7C9BE70BDC5
S214029518B0680020B46000203E59002027E1010010
S214029528906800202DE9F0431F4C0546238889B031
S214029538002B33D01D4E00214FF4807010F0C5FC6E
S2140295483378DB0728D50121208812F079FD0746F3
S21402955820880FF005F8023013F0EBF805A98046CC
S214029568208811F001F83378384613F0020F104BB2
S21402957818BF0025B3F8009012F046FD0646384696
S21402958812F026FDF6B20290424606212846CDE99A
S214029598009605AB0DF02DF800232380054809B088
S2140295A8BDE8F043FCF7B4BA96590020B56000202F
S2140295B894590020D068002010B5044640F6214091
S2140295C8FFF7B0FF01214FF4807010F07EFC78B1EF
S2140295D80022084B1C80084B1A7007F085FEBDE86F
S2140295E81040064B1880064B0648198812F0DCBD58
S2140295F810BD00BF96590020B5600020945900207F
S214029608CE690020D0680020044A137818B943F0BF
S21402961801031370704743F00303FAE7B5600020AE
S214029628044B1B781BB9044A1380FEF707B90020BF
S214029638704700BFA360002092590020042230B56C
S21402964801F0400387B0002B054614BF012400240E
S2140296588DF80C208DF80D1004D004A910F053FCD8
S21402966810B304ABCDE9004301210223284603AA1E
S21402967810F06FFE0446C8B10D4BB3F868100EF032
S214029688B9FE4FF6F7739D4209D9322202212046C7
S214029698FEF73AF880F00100C0B207B030BD29469E
S2140296A820460FF086FCF5E70120F6E71920F4E7D6
S2140296B88853002010B5FFF731FE04F031FA0FF098
S2140296C804FB002010F017FC12F0ACFE08B1FDF700
S2140296D829F9204C2378532B12D103232370002315
S2140296E8FF2219460120FEF763FB002012F066FBF4
S2140296F810B100200EF042FFBDE810400DF0FABB94
S214029708062B01D0212BF0D10120FEF7F5FA4FF6F1
S214029718FE700FF0C2F84FF6FF700FF0DBF800206D
S214029728FEF752FA0020FEF759FAFEF7E9F900F0BA
S21402973829FB0DF0E2FB2378212B02D1FEF774F900
S214029748D3E70020FCF7DEFA00214FF4004010F0C1
S214029758ACF9CAE71060002010B50A4C0A48FCF7B4
S214029768D7F92378062B02D10120FEF7C5FA23780B
S214029778062B01D0532B03D1BDE81040FFF79ABF42
S21402978810BD00BF10600020F06800202DE9F047E9
S214029798DFF8C08004460E461746FFF7BFFD98F866
S2140297A8005015B90220BDE8F087212DFAD02848C6
S2140297B813F055F80028F5D114F02004394630463F
S2140297C8DFF894A0DFF8949005F00F051BD00CF094
S2140297D8D8FE012D8AF80070A9F8006029D1212345
S2140297E888F80030FFF766FF0020DCE7212388F8B8
S2140297F80030FFF75FFF00214FF6FE70FEF77CFB96
S214029808FEF780FEF0E70CF0BBFE012D8AF800702A
S214029818A9F80060EAD0062321464FF6FD7088F8BC
S2140298280030FFF70BFF40F22621094812F0BCFC75
S214029838E1E7532321464FF6FD7088F80030FFF71C
S214029848FDFE40F22621024812F0AEFCCCE700BF2D
S214029858F068002010600020B6600020F069002042
S214029868F8B50D460646511C284607F0C5FB0446C1
S21402987828460EF075FE0546023012F05AFF154BC2
S21402988807461B78022B02D0043B012B21D8124B29
S2140298981B68580201D5A1061BD5620619D50F4BBF
S2140298A8B3F86830B34214D16B781B070DD5284637
S2140298B810F0B0FDFCF7A4FD58B1314604F02000C4
S2140298C80122BDE8F840FFF761BF0EF0DAFFB842A2
S2140298D8F3D0F8BD10600020D04600208853002040
S2140298E873B504460D4613F016F8FF28034625D02E
S2140298F8134A12784AB1134A32F81020520404D591
S21402990810F0EAFA002002B070BD184610F0F5FA18
S2140299186946064610F0F7FA40B1FCF7E7F928B1AF
S214029928002302226946304605F0DCF8204645F058
S214029938400102B0BDE87040FFF780BE0120E2E7B2
S2140299480C6000203859002038B505460EF008FE8F
S2140299580446284610F021FD411C89B2284607F025
S2140299684BFB42060DD563781B070FD5204610F031
S21402997851FD0146002012F0CCFFBDE8384010F039
S214029988ABBA0348BDE83840FFF7E6BE38BD00BFAD
S214029998F068002038B54FF6FF75A842044617D07F
S2140299A80EF08CFFA04213D04FF6FD72094B1988B1
S2140299B891420DD9084A1288AA4201D0A24207D17A
S2140299C81C804FF47A71BDE83840044812F0ECBBAC
S2140299D838BD00BFD6690020F26900205C46002028
S2140299E808B50448FCF794F84FF6FF72024B1A8043
S2140299F808BD00BF5C460020D669002037B505467C
S214029A080C46082369460120064AFCF7FBF815B1FE
S214029A189DF806302B700CB1009B2360BDF804003D
S214029A2803B030BD25E1010007B508238DF806000E
S214029A38ADF80410009269460020034AFCF7E2F8E3
S214029A4803B05DF804FB00BF25E10100024A137863
S214029A580BB1013B137070470160002008B50EF089
S214029A6839FF00214FF6FF72054B08461A80FEF7AB
S214029A78DBF8BDE8084040F616400CF03CBE00BFD6
S214029A88D669002008B5FCF743F80A4B1B78023B58
S214029A98032B08D84FF6FE73074A108898424FF6EB
S214029AA8FF7301D1138008BD9842FCD0BDE8084078
S214029AB8FFF7D4BF10600020D669002010B5084B07
S214029AC81B78042B0AD00EF0DCFE0021044608465A
S214029AD8FFF794FF231A5842584110BD0020FCE7AE
S214029AE811600020F0B5002689B00546CDE9056666
S214029AF8ADF81C6010F051FC0A23024604462946BB
S214029B08009605A812F012FF9DF815309DF81470FD
S214029B181F2B27D803A80FF03DF908220DF11601CE
S214029B2803A8F4F7B1FA0646E0B9092F1CD1FFF7E5
S214029B38C5FFB8B1144B1B78A3B1144B1A884FF65D
S214029B48FD739A420ED9124C124A23780433DBB2BA
S214029B5823701278013AB3EB820F03DD58B20AF08B
S214029B6884FE267009B0F0BD0A34E4B221462846BF
S214029B7807F042FA0FF0A1F9611C284610F030FBF4
S214029B88FFF708FFEEE700BF4D6A0020D6690020FF
S214029B9801600020386A002038B5134B1B78033B57
S214029BA8012B20D9114B4FF6FF711B78ABB1104D24
S214029BB82B888B4217D10EF081FE4EF660210446A2
S214029BC80C4812F0F1FA4FF6FE7322462B8000215B
S214029BD8BDE8384009200FF07EB9074A13888B4241
S214029BE81CBF0133138038BD116000204D6A002067
S214029BF8D66900205C4600203A59002008B5044879
S214029C08FBF786FFBDE8084000210846FBF734B894
S214029C181069002010B5044661B1FF210EF041FC20
S214029C28002120460EF043FC0EF084FB0146204637
S214029C380EF043FC2146BDE810400022014812F00F
S214029C48E6BD00BF9A5900202DE9F0410D46174699
S214029C5804460EF085FC06782846FCF74DF9294698
S214029C68804620460EF0C6FB0EF00BFEA84206D132
S214029C7820460121FFF7CEFF0120BDE8F0812846E5
S214029C88B8F1000F0AD0FCF7B9F950B9144B3A46A6
S214029C982046BDE8F0411978FDF736BD10F037F9D1
S214029CA8F3E706F00306012E08D00EF0EAFD0023BD
S214029CB82246294602F042FA0028D9D120460EF05A
S214029CC855FB430505D52046BDE8F04100210EF0B8
S214029CD8CABE204610F006F9B0FA80F04009CCE772
S214029CE8376A002010B586B0044610F056FB104BB3
S214029CF80246186819790290D3F805005B7A013291
S214029D088DF8143000238DF80C1004902146009329
S214029D1892B2052304A812F009FE052204A902A895
S214029D28F4F7B2F9B0FA80F0400906B010BD00BFE9
S214029D380CCC040008B511480EF0CFFC104B1B786B
S214029D48012B06D8FF2010F0A0F8FDF7B1FB10F0A3
S214029D58BBF8FDF73BF801F091FCFFF7F9FA10F0B3
S214029D6894FC07F0F1FDFDF749FD07F03DFB0CF00A
S214029D780AFCBDE8084002F0D3BC00BF50540020DD
S214029D88CE5F002008B5F0F7D3FDFF2803D0094BB5
S214029D981B78012B06D9002010F077F8FDF788FB10
S214029DA810F092F8FDF712F801F068FCBDE80840DA
S214029DB802F0B6BCCE5F0020064B1878112806D0F3
S214029DC800F0FD00A0F141035842584170470120B7
S214029DD8704700BF106000202DE9F8430446FDF7DF
S214029DE80FFB18B100263046BDE8F8834FF6FF7819
S214029DF8184BB3F868104145F4D020460EF0FAFA2C
S214029E08154B022120461A88FDF77EFC06460028D6
S214029E18E8D020460EF0A4FB90F8079005460430DA
S214029E2812F087FC07460EF02CFD494602463846D5
S214029E38FDF7FEFAA81C12F07CFC404502D120462B
S214029E48FFF7BAFB2B789B07CDD101212046FFF7F7
S214029E58E1FEC8E78853002098590020F8B507465F
S214029E680EF07EFB0546043012F063FC0646A81C7C
S214029E7812F05FFC0446304612F04DFD3046FCF701
S214029E883BF82B789B0701D10EF0FBFCAB790BB99C
S214029E980320F8BD0EF0F5FCA0420CD10EF0F1FC42
S214029EA80446094B214638461A78FFF7CDFE0028A5
S214029EB8EED00020EDE7054B1B78052B1CBF044BA4
S214029EC8B3F86840EDE700BF9859002011600020FB
S214029ED8885300202DE9F041064610460D4610F03C
S214029EE85CFAA0F11004E7B256FA84F42146EA1B9B
S214029EF804F10E00F3F7CEFD2823DFF84480F3556D
S214029F0898F80030637301F0CDFB611C024601200D
S214029F180DF008F808220949601DF3F7BBFD98F80A
S214029F2800000FF01EFE05F10E0130463B460022E9
S214029F38C9B201F069FC1220BDE8F08196600020E3
S214029F480B6000202DE9F04F87B004460EF008FBA0
S214029F58064620460EF067FA0746301D12F0E9FB61
S214029F688146B01C12F0E5FB384696F807A012F0B8
S214029F78DBFC33789A075FD12146042001F04CFDBA
S214029F88002859D0204610F008FA0146204607F065
S214029F9833F8830750D1204610F0FFF901462046D1
S214029FA807F02AF810F00303039345D12046FFF77B
S214029FB899FE002840D0204610F0C5FA451C2046D7
S214029FC812F022F8EDB205F10A0B83455DDA304A43
S214029FD804AB1068516803C3691C204607F00CF8E6
S214029FE829468046204607F007F800EB082059461F
S214029FF81FFA80F8204606F0FFFF8346039B214699
S21402A008AA1C009304A8082312F090FC20460EF01F
S21402A0180AFA5A4641460CF077FF0122404604A93E
S21402A0280FF0D5F888BB022007F032FC013003D1C6
S21402A038404604A9F0F744FD0EF023FC48453A468C
S21402A048514607D10EF025FEF8B907B0BDE8F04F25
S21402A0580FF071B848460EF01CFEB0B90D4B1B78CF
S21402A0681BB9394648460EF07CFF3A4651464846E2
S21402A078FDF7DEF948B1317811F0030105D1204623
S21402A08807B0BDE8F04FFFF7C5BD07B0BDE8F08FD3
S21402A098A6F003000760002038B5114D2B78023B66
S21402A0A8012B18D80CF032FF0446B0B9FFF7A2F815
S21402A0B82B78032B07D12346FF2221460120FDF7E2
S21402A0C877FE012038BD21462046FAF7D5FD00382E
S21402A0D818BF0120F6E71720F4E70220F2E700BFD0
S21402A0E8106000202DE9F74305460E4614460EF08A
S21402A0F847F90C2828464AD10EF032FA09220021DE
S21402A10811F0A6FE00F11001C9B2284606F074FF47
S21402A118042813D07C282BD0012840F0AC8046B9FE
S21402A1281321284610F05CF803B0BDE8F0430EF0A1
S21402A138D1BB03B0BDE8F043FDF7DCBC5B4B1B7834
S21402A148022B40F0988046B9FFF7FAF8C3070AD5FB
S21402A158FFF792F8002C08BF3F26304603B0BDE84A
S21402A168F0430CF02CBAFFF7CFF80028F0D0F1E74E
S21402A178284611F049FF0446284611F029FF0246F0
S21402A1883046E1B203B0BDE8F0430CF016BA0EF062
S21402A198E7F98046043012F0CCFA074608F10200C6
S21402A1A812F0C7FA4FF6F773984204460CD8404A9C
S21402A1B8138801339BB213800BB93E4A13801EB133
S21402A1C83C4A13880133138098F8009009F0030973
S21402A1D8B9F1010F1DD1284610F0DFF801462846CE
S21402A1E806F00AFF0B2809D00D2807D0042842D10A
S21402A1F8284603B0BDE8F043FFF7A6BB2E4B1B78F4
S21402A208042B38D10021084603B0BDE8F043FAF71C
S21402A21833BDB9F1000F2ED13146284603F05EFD54
S21402A2284EB34FF6F7739C4225D898F8016020463D
S21402A23816F0040622D10FF038FE054620467DB1F8
S21402A2480FF065FE034600BB0C22009021463846F6
S21402A2580FF055F80C22002339462046009308E0F2
S21402A2680FF055FE0346C8B9144A009012782146E4
S21402A27838460FF044F803B0BDE8F0830FF047FE07
S21402A288034678B90B220090F1E7062233462146A8
S21402A298384600960FF033F80622DCE72B46009580
S21402A2A80622E4E74B46CDF80090F9E71060002056
S21402A2B84259002040590020116000206B6A002095
S21402A2C82DE9F04F05888BB0044628460EF048F96B
S21402A2D80746043012F02DFA8146B81C12F029FA05
S21402A2E805A98046284610F0A2F8284610F055F828
S21402A2F801460646284606F07FFE3B78824603F06D
S21402A3080303012B0CBF83464FF0FF0B12F027F90D
S21402A318E388019002930EF0B4FAFB79009048465F
S21402A328039300F081FF002876D1404600F07CFFB8
S21402A338002840F08880FDF72BFB8046FBF7CEFD11
S21402A34810B9FFF739FD30B1A8F104085FFA88F8AA
S21402A358B8F1020F1BD90BF0FD03042B00F0B380F3
S21402A368FFF72AFD20B10AF0030ABAF1010F0ED050
S21402A378FBF70EFD28B9714B1B7803F00F03062B6B
S21402A38868D16F4B2846B3F868100EF033F8BBF165
S21402A398010F63D128460EF017F84FF6FF7398425E
S21402A3A840F0918000233146284607AA0FF085FD23
S21402A3B80746002842D042799DF82530934209D9AB
S21402A3C8711D284689B206F02BFEA37823F00F03E8
S21402A3D80233A3700CF0D0F87E23B0FBF3F202FB34
S21402A3E8130303F58073A3809DF8263013F0180F25
S21402A3F80AD0A3781B0707D1009B4B4504D04846D2
S21402A4087A7905A90CF0EDF89DF82700003818BFF0
S21402A41801200BB0BDE8F08F28460EF0A1F80230F6
S21402A42812F087F94FF6F773984207D9039B2BB9B0
S21402A4382846FFF757FC00287FF477AFA37823F067
S21402A4480F03A37008E0404612F06EFA00287FF465
S21402A45872AFF3E72823A3800020DAE7BBF1020FE6
S21402A46854D10123314607AA28460FF026FD804616
S21402A4780EF007FABDF8223098421FD1B8F1000F45
S21402A488DCD00122B8F80230314628460FF013FD18
S21402A4982C4A13780133DBB2FB711370B8F802301A
S21402A4A8BDF81E209A421FBFA37823F00F0302337B
S21402A4B8A3704FF4C873A3800120AAE7184612F0C7
S21402A4C833FA0028DAD128460DF07EFF12F0CCF9CE
S21402A4D8012808BF1C4BA27809BF1B78FA2303EB96
S21402A4E8830303EB830302BF9B00FA339BB2120972
S21402A4F8A4D1DDE90121521A92B293429ED30CF0FE
S21402A5083BF800F01F001030A080D5E7BBF1030F20
S21402A518D9D1009B4B45D6D1711C284689B206F084
S21402A5286BFD0C28CFD1FCF7FFFD4FF6FF73984260
S21402A5380146C8D028460DF05DFFC4E7106000202B
S21402A548885300200E600020466A00202DE9F0415C
S21402A55805460C460DF014FF082802D10120BDE876
S21402A568F081201D12F0E5F80646284694F8078082
S21402A5780DF059FF074628460DF0F8FE010612D5DB
S21402A588184B1B78042B0ED1174B1B78022B0AD1BB
S21402A598164BB3F868204FF6FF739A4203D0002191
S21402A5A80846FAF769FB124B1B78002BD6D1A01C7B
S21402A5B812F0BFF84FF6F773984202D86378DA07B4
S21402A5C80DD523789B070AD13A46414630460EF007
S21402A5D860FB80F00100C0B200F00100BFE7012076
S21402A5E8FAE700BF116000201060002088530020A0
S21402A5F8BB6000202DE9F04F9DB004460DF0C0FE6A
S21402A608054620460DF0BCFE082869D14FF40043E3
S21402A6182046ADF85030ADF85C4011F0F5FCBDF8B8
S21402A6285C20A0F11005EDB210461023002100951B
S21402A6380FF0C3FD294617A80FF097FD204611F024
S21402A648C7FC0AF028F9002321461A460C20009374
S21402A65809F02DFF98B3204611F0BAFC14A9024659
S21402A6681020FBF779FF0501204611F0B1FC14A96A
S21402A67802464020EDB2FBF76FFF10B120460BF002
S21402A68884FF204611F0A4FC14A902468020FBF79A
S21402A69863FFB8B99DB1102517A805F067FF2046D5
S21402A6A8BDF8507011F0B0FC0646204611F090FC3A
S21402A6B829460090F3B2384617AA0BF0FCFF1DB0E5
S21402A6C8BDE8F08FBDF8503017A8ADF85E40ADF87B
S21402A6D85C300CF013FC0028DCD145F08005DBE783
S21402A6E820460DF08DFEB0F5006F40F0058120463D
S21402A6F80DF099FE0646042D40F0018120460DF025
S21402A70835FE80F40060C0F3C020002231464000C7
S21402A71811F0D8FF944B1A78022A0DD0FFF74CFB9B
S21402A72850B902F0FD03312B06D0043A012A03D9A8
S21402A7388E4B1B78002BC2D02146022001F06CF902
S21402A74805900028BBD02046ADF846400DF008FF1D
S21402A7580446BDF846000DF066FE0646201D11F0BA
S21402A768E8FFA31C83461846039311F0E2FF12A9DA
S21402A7780746BDF846000FF05AFE63780690BDF805
S21402A788460094F8008008930FF007FE63780546A3
S21402A79808F0030830460C93FBF7AEFBB8F1010F3E
S21402A7A80CBF032302230E93714B08BF4FF00B090D
S21402A7B81E80237818BF4FF00A0903F03C03082BC3
S21402A7C80D907FF47CAFBDF8460011F01DFCA84240
S21402A7D87FF675AFB8F1010F03D023789B077FF495
S21402A7E86EAF644BB3F86830B3420DD1624A634B1E
S21402A7F8B2F9001093F90030002900F0A58001EBA9
S21402A8080313A3EB211313804FF0010AA5F11003DB
S21402A818DBB20A938DF8453010224846BDF846103A
S21402A828CDF800A00DF1450309F041FE00283FF4DB
S21402A83846AF089B13F00203099300F00981504BB8
S21402A8481B78002B3FF43BAFBDF8469048460FF006
S21402A858A4FD002307904846CDE917331993ADF8AF
S21402A86868300DF0E0FD079B039003F10E014846A1
S21402A87889B20FF065FD002870D000234946079A72
S21402A888009317A80E2312F051F850460DF15D01F9
S21402A8980CF056FB9DF869300B9004939DF85C30DB
S21402A8A8282B5BD10DF16100FBF7AAFD0F9000285B
S21402A8B854D104980FF055F90F9B002866D1314BF6
S21402A8C8049A1B78D31A1C0648D404F059F9504542
S21402A8D83CD111F049FE2C4E0546346824B104F0EA
S21402A8E855F92C1B844239D30023FF2219461846F1
S21402A8F8FDF75EFA356031E04FF6FD76FBE64FF679
S21402A908FF70301A18BF012000223146400011F0AD
S21402A918D9FE0C2D0DD12146012001F07DF8002824
S21402A9283FF4CDAE214600201DB0BDE8F04FFDF73E
S21402A938D3BF2DB920461DB0BDE8F04FFEF79CBA2E
S21402A948042D7FF4BCAEE5E61B025CE704F018F9BA
S21402A958022803D104F0F6F80028BAD000221920FB
S21402A968039911F0AFFEAAE610600020BB60002033
S21402A978B6590020885300208A590020B860002063
S21402A9880C6000200B6000209854002010214846D6
S21402A998079ACDF800A00EF034FF0028DED0BB4B95
S21402A9A8049A1B78934240F0AA8003990DF161023B
S21402A9B814A811F0C9FC012114A8FBF7F5FA82467F
S21402A9C848F2030114A8FBF763FBBAF1000F03D0A1
S21402A9D8082114A80CF057FA48460FF0FCFC039915
S21402A9E80DF16100FCF72AFCFE288246B6D0FF2845
S21402A9F80AD1039811F07EFFFF28824600F087806E
S21402AA080DF16101FCF7F4FAA04B049A1B78934205
S21402AA1800F0A38050460B99FCF7F6FB00283FF49B
S21402AA284EAE50460B99FCF701FC237898070FD1D7
S21402AA3848460FF0B2FC0146484606F0DDFA00F03A
S21402AA480300012804D103980DF16101F0F738F8E4
S21402AA58BDF846000DF08AFC010440F185802046C8
S21402AA6811F067FE40F4007189B2204611F063FEC9
S21402AA7800224FF40041BDF846000DF068FCDDF8F0
S21402AA881490012310220093BDF846100E980DF17B
S21402AA98450309F00CFD00283FF411AE032866D1E1
S21402AAA8204611F046FE40F4007189B2204611F0A5
S21402AAB842FE304611F038FF002840F0B680DDF836
S21402AAC81490B8F1010F40F0B6800320BDF8461086
S21402AAD800F0A2FF002840F0AE802946BDF84600E6
S21402AAE806F08AFA0F2801467FF6E9AD4FF6F773A5
S21402AAF89F423FF6E4AD30460EF0A0FADFE5504638
S21402AB08049903F085FA00287FF44FAF26E72378E6
S21402AB1803F00303012B08D148460FF03EFC01461A
S21402AB28484606F069FA082892D0594B1A78594BC3
S21402AB381B789A4209D20DF161010398FCF70CFAC8
S21402AB48039811F0D7FE82465EE7A01C11F0F1FDCD
S21402AB584FF6F7739842EED900E75046FCF7CEFB5D
S21402AB6800283FF457AF5CE74FF0000989E7304604
S21402AB7811F0DAFE0028A4D0099B002B57D1B9F1B0
S21402AB88000F52D1B8F1010FBDF846009DD02946F4
S21402AB9806F032FA8246DFF8089199F80030002B60
S21402ABA854D00DF06EFE87427FF489ADB8F1010FDE
S21402ABB87ED1BAF1070F75D8BAF1050F7FF67FADC9
S21402ABC8354B1B78022B02D0043B012B03D899F88D
S21402ABD80030002B41D00C9B9A0640F1B4800D9BA6
S21402ABE8002B40F0AC80304611F095FEFF2840F06E
S21402ABF8A6805E457FF463AD069B002B00F09D8021
S21402AC0812AB46F204020124ADF85C2001932146F9
S21402AC1802233046009417AA0FF09BFB00283FF445
S21402AC284EAD21460DF01FFF49E5DDF8149030467B
S21402AC380FF055F945E72946BDF8460006F0DCF957
S21402AC48099B824613B9B9F1000FA4D0124B1B78A0
S21402AC58022B02D0043B012BBDD8304600F0E4FAA2
S21402AC68814600287FF42BAD0DF00BFE864225D1D7
S21402AC780A4BB3F868400DF004FE4B4601460D2217
S21402AC882046CDF800900EF03AFB18E50B6000203F
S21402AC980A600020476A00201060002088530020BF
S21402ACA80C600020AAF10E03DBB2012B88D906E558
S21402ACB80AF00303012B7FF402AD81E7304611F058
S21402ACC833FE58B90DF0FAFD4FF6FF73984205D0D9
S21402ACD811F0A8FB10B93046FCF7E4F8304611F03C
S21402ACE823FE88B10DF0EAFD4FF6FF7398420BD0AB
S21402ACF811F098FB40B9B8F1010F02D1BAF1060F6C
S21402AD0802D030460FF0EAF8069BA3B9194601228C
S21402AD1858460EF05CFA814600287FF4D0AC2046EE
S21402AD280FF078FB4A46014638460EF050FA0028DD
S21402AD383FF451AFC3E412A9E9E7069B61E76378DB
S21402AD4823F0200363704FF6FC739F423FF4B7ACC0
S21402AD584FF6FD739F4204D1B34B1B78042B3FF486
S21402AD68AEACA3790BB1013BA37163785B0727D519
S21402AD780023584617AA14A917930FF090F81798A5
S21402AD88F0B10FF085F88146384611F0C4FD179ADF
S21402AD980146137903F03000102806D003F00C00A1
S21402ADA808281CBF23F00C031371137903F033032E
S21402ADB8202B05D1FF2903D0012248460FF077F849
S21402ADC8304611F0A8FDFF281EBF0022974B43F815
S21402ADD82020089B03F001094FF6F7739F4200F202
S21402ADE8F980B9F1000F40F00181314658460EF05D
S21402ADF8B8F80DF046FD874200F0C680384611F0D6
S21402AE0893FD002841D0B8F1010F27D1BAF1010FFE
S21402AE1817D14A462946BDF846000FF04BF8384681
S21402AE2811F082FD824B1B78002B72D1584611F026
S21402AE387BFD002866D1384611F076FD002861D1E0
S21402AE483DE4384611F070FD50B3BAF1030F27D12E
S21402AE582946BDF846000EF08AFA30E4384611F064
S21402AE6863FD38460FF053F8002847D000233946CA
S21402AE785846BDF8462001F061F900283ED0002168
S21402AE88BDF84600FEF7C6FE19E4384611F04CFD3A
S21402AE9818B1B8F1010FD8D0E3E7B8F1010FE0D145
S21402AEA8634B1B78002BC1D0BAF1050F31D10DF0D8
S21402AEB8E8FC8DF85C000DF0E4FC000A8DF85D00F5
S21402AEC80123022217A90DF14600FAF775FD00289C
S21402AED87FF4F5AB691C89B2BDF8460006F07AF82D
S21402AEE80378013303706378590715D40DF0C9FC4B
S21402AEF8834522D0002239461C2032E54C4B1B786B
S21402AF08002B93D0B8F1010FCED063785A0714D528
S21402AF1802E06378580718D5BDF8464020460FF079
S21402AF28FEF9411C89B2204606F054F80378B8F1B7
S21402AF38010F03F1FF33037004D0BDF84600FEF795
S21402AF488DFF09E0BAF1050FD0D0BDF84600FEF72E
S21402AF5885FFBAF1030FCDD00228CBD1002158467F
S21402AF6817AA0EF09FFF30B10379468003F03C0320
S21402AF7843F04003037100232E4A0093394658468D
S21402AF8812780EF0BCF9B5E7B8F1010F7FF477AF87
S21402AF980AF1FF330C2B00F2868001A252F823F046
S21402AFA809B0020009B0020059AE02001FB0020042
S21402AFB841B00200C7A6020065B0020075B00200E2
S21402AFC881B0020081B00200C7A6020097B0020054
S21402AFD8A3B00200B8F1010F71D0B9F1000F08D181
S21402AFE8BDF84600FEF7AEFFFFF769BBB8F1010FE2
S21402AFF8CED0237A03F00303012B7FF460ABEFE78E
S21402B008AAF102035A422946BDF846005A410EF0F2
S21402B01851FFFFF754BB2A465846BDF84610FEF7BE
S21402B0281FFCFFF74CBB00BF11600020184500202C
S21402B0384B6A00206B6A0020691CBDF8460089B27C
S21402B04805F0DAFF0235EDB20246BDF8463058463C
S21402B058009512A906F0D4FDFFF731BB01200A9A23
S21402B068BDF84610FDF71AFBFFF729BBBDF84600E8
S21402B0780EF026FFFFF723BBBDF84600FEF732FDAB
S21402B088FFF71DBBBDF84600FEF72CFDA8E7BDF886
S21402B0984600FEF70BFAFFF712BBBDF846000BF0A8
S21402B0A827FFFFF70CBB2B4622465046BDF8461034
S21402B0B80BF0F4FE00287FF402AB51461BE50AF1BA
S21402B0C8FF330C2B3FF6FBAA01A252F823F000BF6F
S21402B0D809B0020009B0020059AE02001FB0020011
S21402B0E841B00200C7A6020065B0020075B00200B1
S21402B0F88DB002008DB00200C7A6020097B002000B
S21402B108A3B0020010B5002111480DF08DFA0446CE
S21402B118E8B10DF0B1F90F4B187020460DF0B1F9F1
S21402B1280D4B187020460DF0B2F90C4B18702046DD
S21402B1380DF0B2F90A4B1860012011F019FA2046F0
S21402B148FFF758FABDE81040002011F011BA10BDFA
S21402B15868590020B9600020B8600020B760002057
S21402B1689054002070B5144E044633680D46BBB1A1
S21402B1780DF006F90C2813D120460DF0F1F9092234
S21402B1880021044610F064FE235C042B08D10B4C05
S21402B19825B10B4B22781B789A4203D300232370DF
S21402B1A8002070BD0748316810F0FEFF23780120A2
S21402B1B801332370F5E700BF94540020BA600020DC
S21402B1C86A6A002010690020014B93F90100704753
S21402B1D88A590020014BB3F868007047885300204C
S21402B1E870B500240D4D2C70EFF77CFAE6B2B0422B
S21402B1F808D800220A4B1A700A4B198801B11A801D
S21402B208012070BD304611F08CFBC30748BF2B786F
S21402B21804F1010444BF01332B70E5E709600020FE
S21402B228026000203C59002038B50B4B05461B78B7
S21402B23873B101335C08094B188810F0C9FE002365
S21402B24830F81320AA4205D00133DAB2A242F7D365
S21402B258002038BD0120FCE7026000203C5900208F
S21402B26830B5054685B008460C4611F056FBFF2851
S21402B2780CD00DF061FF012200210346CDE9011230
S21402B288009221462A460720FCF7F6FB284611F0CC
S21402B29842FBFF2804460FD011F043FBC2070DD528
S21402B2A8204611F03EFB830708D40B4A32F81430C6
S21402B2B843F4806322F8143005B030BD0DF03CFF2D
S21402B2C8012200210346CDE90112009207202A46F0
S21402B2D8FCF7D2FBF0E700BF385900204FF6FA72A7
S21402B2E8431E9BB2934270B504462AD8FFF79CFFCA
S21402B2F838BB194B1B78042B23D0204611F0FAFAD8
S21402B308FF2801D0FBF7FEFC20460EF0C3FD08B16D
S21402B3180EF0BAFD2046114E03F0ACFE20460BF0A6
S21402B3285EF931780E4D69B1288810F051FE05464F
S21402B33801461E220230F2F7ADFB2C8033781E2B14
S21402B34807D970BD202010F0B7FE28800028EBD160
S21402B358F7E702333370F4E711600020026000203A
S21402B3683C590020044A13782BB1013BDBB2137018
S21402B3780BB9024A13807047026000203C5900202D
S21402B3880148FAF7D5B800BF3C5900202DE9F04726
S21402B398804617460D468CB061B903AE00211B489D
S21402B3A811F02FFA4FF000090446DFF860A01CB926
S21402B3B820461DE00E46F1E70022214624233046A9
S21402B3C8CDF8009011F0B2FA082241463046F2F75C
S21402B3D85BFEA8B9337C9BB96FB945B92A462146A4
S21402B3E80A480DF040F90A4A1388013B13800120E7
S21402B3F80CB0BDE8F0873B88B28953405B06ECD5B3
S21402B4082146504611F021FA0446D0E79E590020FC
S21402B4189C590020024B1888003818BF0120704734
S21402B4289C5900202DE9F04330488DB0FAF770FB9E
S21402B43811F09AF82E4D2B68C41A4FF47A73B4FB9F
S21402B448F3F4A4B214B111F08FF82860294F4FF61E
S21402B458FF763B88DFF8A080ADF80A3000233B80F1
S21402B46800210DF10A000DF0DFF8054658B9224B07
S21402B4781B882BB14FF47A711C48714310F094FE66
S21402B4880DB0BDE8F0834FF0000924234A4629464A
S21402B498CDF8009003A811F049FABDF81A30A34275
S21402B4A894BFDB1A1B1B9BB2ADF81A3063B9BDF802
S21402B4B818301B0602D508980BF0FEFAB8F80030CA
S21402B4C8013BA8F80030CBE79E4228BF1E46012360
S21402B4D84A462946009303A8242311F027FA4A4627
S21402B4E82946384611F093F9BAE700BFFC45002012
S21402B4F89C5400209E5900209C590020F0B5044612
S21402B5082E4A8DB01068516801AB03C3A378012B8D
S21402B5184FD1162200210DF11A00F2F769FAD4F873
S21402B5282110D4F81D0003AB03C32388190644BFB1
S21402B53862680892DA050BD5221D08AE04F11407D4
S21402B548354610685168083203C5BA422E46F7D106
S21402B558ADF8183013F0040318BFA3690593EFF784
S21402B568D9F80023ADF81A00082201A903A88DF815
S21402B5781C30F2F789FD18B106A903A80EF077F871
S21402B5880022242103A80DF006F8044698B10020EC
S21402B598FFF748FF00222146094811F038F9094A00
S21402B5A80020138801331380FFF73CFF00200DB0FC
S21402B5B8F0BD0220FBE71920F9E700BFA6F003005A
S21402B5C89E5900209C590020F7B5044600200E46D6
S21402B5D8FFF728FF104B1B88A34202D8212003B08E
S21402B5E8F0BD00210D4811F00CF9002501460B4F5D
S21402B5F80029F3D0A54208D1002424232246304647
S21402B608009411F093F92046E9E7384611F01DF93F
S21402B61801350146ECE700BF9C5900209E590020E0
S21402B6280148F9F785BF00BF9E590020014B1888CC
S21402B638704700BF9C59002070B50C4611460E4A4A
S21402B64823781278064613F0200542EA030222708F
S21402B65818BF611D0822F2F71DFA002D0CBF05203F
S21402B6680D20D4F80130B3602378337303F018033F
S21402B678082B08BF013070BD0C600020042307B5F4
S21402B68801200DEB0301054AFAF7BCFA019B044AAE
S21402B6981B03136003B05DF804FB00BF63E51100EB
S21402B6A8C046002010B5064C2368C3F30B0313B933
S21402B6B80448E3F7A9FC2068431C236010BD00BFBA
S21402B6C8C046002063E51100014B1868704700BFAA
S21402B6D8C046002007B50020054B064A186004231A
S21402B6E80DEB03010190FAF78DFA03B05DF804FB3F
S21402B6F8C046002063E511007FB511230A4A0120DF
S21402B70801A9FAF77FFA094B9DF814201A70084B1C
S21402B7181B780BB1052B05D10AF02DFF012007B0C7
S21402B7285DF804FB0020FAE779EB01000B600020C5
S21402B7380C6000202DE9F04F0646CBB088460088FC
S21402B7480121174610F07CFC2E4B3A463188ADF89C
S21402B758160006A80EF02AF80DF1280B5A4641469E
S21402B768C41930880DF0ACFFE4B208EB0003A3421C
S21402B77808BF044605464FF004091CBFA4EB08049C
S21402B788E4B223465A460121CDE900090BEB050A25
S21402B798CDF808B02D1B06A8EFF7ECFBEDB20BEBC5
S21402B7A804030093019523465A46414630880DF015
S21402B7B8B5FF34883946204605F01EFC394600F0A7
S21402B7C8F802204605F02CFC0121308810F038FCDF
S21402B7D801234A46514680B10DF11600FAF7ECF8F5
S21402B7E801210446BDF81620308810F03DFCB4FA54
S21402B7F884F040094BB0BDE8F08F3046FAF7DCF823
S21402B8080446F4E7966000202DE9F04FC9B00446D6
S21402B81888469246C118224A04A81F46FFF70CFF1C
S21402B8284FF00409C519EDB208AB0293A5EB0A0B53
S21402B838A8EB0A035FFA8BFBA8EB0506DBB2F6B2A7
S21402B84804EB0A02009301215B46CDF8049004A893
S21402B858EFF790FB06F590730DEB03025A44A2F538
S21402B8688072136808A844F80830E35D324623F06D
S21402B8780703E3552C442146F2F74AFA08ABCDE90A
S21402B888019308AA00230121009604A8EFF772FB89
S21402B8983246204608A9F2F73BFA49B0BDE8F08FCF
S21402B8A896600020F8B506460EF04DFE811C054649
S21402B8B889B230460EF044FDF0B1EDB12946304665
S21402B8C805F09AFB1228074616D80C4B691C1C5C16
S21402B8D889B2304605F090FB2C44052FE4B205D118
S21402B8E8052809D8064B1B5C1C44E4B221463046A0
S21402B8F8BDE8F8400EF024BD0020F8BD4ECC04008A
S21402B90848CC0400F8B505460EF047FD044628461E
S21402B9180CF026FEA11C074689B228460EF010FD3A
S21402B92800283ED0002C3CD02146284605F064FB71
S21402B9380646611C284689B205F05EFB0F2E30D8F3
S21402B948194B9B5DE118731E89B2092B0ED8DFE8E6
S21402B95803F009050D0D120D0D181E1EC40644BF70
S21402B968083189B2820601D5083189B22846BDE86F
S21402B978F8400EF0E5BC7B78DB0612D501EB4001F9
S21402B988F3E700F01F0000EB40000144EDE71F2834
S21402B99805D8092E0ABF4000022080B2F5E7C8285B
S21402B9A8E4D00020F8BD00BF61CC0400F8B5064616
S21402B9B80CF0D6FD09220021054610F049FA00F1DE
S21402B9C81004284610F0B5FEE4B207462146304673
S21402B9D805F012FB0546304610F016FBBA05A0EB3A
S21402B9E80403DBB20AD47C2D0AD0082D0AD8064AEC
S21402B9F8505D98428CBF00200120F8BD1220F8E75F
S21402BA080320F6E7FF20F4E772CC0400014B18780F
S21402BA18704700BF6C6A002038B5114B04461B7885
S21402BA2808469BB9012038BDA24205F101050FD18F
S21402BA3803EBC1035B6898470028F3D11E20224611
S21402BA484FF6FF7110F03EFE0020ECE70025054B8E
S21402BA58E9B213F83120002AE6D11446EEE700BF11
S21402BA686C6A002018CC04004FF6FF7307B5022252
S21402BA780DF106010348ADF80630E3F701FB03B003
S21402BA885DF804FB603202E0002307B5ADF8043027
S21402BA98134B984221D10B88DA0703D5232003B02B
S21402BAA85DF804FB9B0748BF4FF47F434FF0020242
S21402BAB80C480DF1060148BFADF80430E3F7B4FAB6
S21402BAC84FF6FF73BDF806209A42E7D102220548D0
S21402BAD801A9E3F7D5FA0020E1E72120DFE700BF56
S21402BAE81FD1BACA603202E0002313B502220380CD
S21402BAF804460DF106010F48E3F796FA2D2801D001
S21402BB08112805D14FF6FF73ADF80630FFF7ACFFE4
S21402BB189DF80630BDF806201BB1238843F00103C2
S21402BB2823800020FF2A82BF238843F00203238053
S21402BB3802B010BD603202E0034B1B78002B14BF24
S21402BB48442056200E3070470C6000202DE9F04F36
S21402BB588DB0179C06468946CDE90223BDF8587073
S21402BB68D588ADF816103CB9EC0605D500970AF04C
S21402BB7833FE0DB0BDE8F08FC5F380242B054FEADF
S21402BB88043448BF44F40064A80511D544F0800480
S21402BB980A2E00F26981DFE816F09A002F001700D5
S21402BBA8370067016701370010009A0037009E00C9
S21402BBB8E90548BF44F04004EAE74FF001084FF0B1
S21402BBC8020B4FF0000A14E008A95FFA89F00EF09B
S21402BBD829F8DDF82500DDF8291006AB03C3A44BC7
S21402BBE833F81930ADF816304FF00008C3460DF199
S21402BBF8180A002F5DD125E006AA0DF116015FFA94
S21402BC0889F003F017FAEFE74FF6F773994540F213
S21402BC182B8115F4026F40F02781964B1B78022B76
S21402BC2803D0043B012B00F2218147BB032E4FF0C1
S21402BC3801080CBF4FF00C0B4FF0080BBA4624F461
S21402BC48C074A4B28C4B18884FF6FF73984206D07D
S21402BC588A49FAF767FB10B124F48054A4B2039B0E
S21402BC6838460093BDF81620534644F4027105F090
S21402BC78EBF9ADF82000002838D1192079E73846C4
S21402BC8810F0C2F90246FFF757FF032E08BF013825
S21402BC98824201DD38206CE7032E4FF001080CBF04
S21402BCA84FF00C0B4FF0080B4FF0000A24F4C07448
S21402BCB8A4B2029B1B889BB91A46394606200093F3
S21402BCC808F018FC0028BDD140F6014051E74FF0B5
S21402BCD80008C34675E74FF001084FF0030B70E7FC
S21402BCE8002339461A4607200093E9E74FF6FF7302
S21402BCF8614A118899421CD00CF032FC03465E4A0F
S21402BD0804301188039310F016FD5D49039B0978E9
S21402BD1814F4805FD9715949574A1FBF086898605A
S21402BD284868D8604FF6FF7313804FF0FF330B60F6
S21402BD384B605946029A08A805F03AFA00289CD0A1
S21402BD48504C2378002B3CD1A7B1384610F05CF94A
S21402BD580746BDF8200010F057F923780744002B51
S21402BD6814BF12220022EB1003F0040317443B44CC
S21402BD78842B8FDC15F400570AD0BDF820402046E5
S21402BD880CF0F4FA40F4806189B220460CF0D9FA35
S21402BD98A6F10803012B05D801221021BDF82000C0
S21402BDA80CF0D5FA179BBDF8204043B32046BDF8E1
S21402BDB816100CF01FFBBDF82030179A00201380CF
S21402BDC8D7E6AA06C0D56B0103F020030A2E14BFD5
S21402BDD843F0010363F07E03DBB2B8F1000F08D02C
S21402BDE800215246009108A800F082FE0028ABD037
S21402BDF8BFE61A46514608A80DF003FEF6E72046A7
S21402BE080EF0CBFA179B024621460420009308F050
S21402BE1871FB00283FF458AF0A2E18D84FF4D9639E
S21402BE28F340DB0713D5072E0AD00A2E08D0BDF832
S21402BE3820000DF0A6F880F00100C0B2800098E657
S21402BE4808A80BF038F80028F1D0042091E617B1BC
S21402BE5825F04005ADB22B463146BDF820005FFA04
S21402BE6889F201F07DFE84E6012082E6162080E64D
S21402BE786C58002010600020F46900206D6A0020CB
S21402BE88C66000200C600020F7B50F469DF8281003
S21402BE980446DDE90B061D46F1B94FF6FF739C42D0
S21402BEA81CBF174B1C804FF000041CBF154B1A70A2
S21402BEB8BDF8240005F012FA00232A46CDE900430D
S21402BEC8394606209DF82030FFF740FE10B90EB11D
S21402BED8AB7A337003B0F0BD78B14FF6FF739C426D
S21402BEE81FBF074B1C80074B1A7000220CF053FB2F
S21402BEF804460028DCD11920ECE72120EAE700BF37
S21402BF08F4690020C66000202DE9F04788469DF8AF
S21402BF182810074616461D469DF820A0BDF8249010
S21402BF280B9839B158B300220CF035FB044610B909
S21402BF38192025E00C464FF6FF739D421FBF114B92
S21402BF481D80114B83F800A04FF6F7739E4208D85F
S21402BF580E4B4FF6FD761A784FF6FF73002A18BF77
S21402BF681E46484605F0BAF900233A46CDE9084384
S21402BF7831464346BDE8F0470320FFF7E7BD2120D8
S21402BF88BDE8F087F4690020C6600020CD5F002077
S21402BF982DE9F04786B09DF838600546DDE90FA81A
S21402BFA80C4617469946B6BB374B1B78022B1DD153
S21402BFB825BB4FF6F7739C4214D80026484605F070
S21402BFC88DF900233A46CDE900632146FF23284629
S21402BFD8FFF7BCFD38B9B8F1000F04D0BB7A88F871
S21402BFE8003000E0012006B0BDE8F087043B012BD4
S21402BFF8DED908460AF05CFF10B31DB3022D31D114
S21402C008EEF76AFBA042EDD9204B33F814204FF620
S21402C018FD739A4219E0BAF1000F32D01A4B1B7818
S21402C028022B05D1FFF788FDB042E6D23820DAE7C0
S21402C038043B012BF6D908460AF03AFF0028F1D14C
S21402C0481620D0E74FF6F7739C42CBD8002EB4D012
S21402C0583146002250460CF09EFA06460028ADD11C
S21402C0681920C0E7012DBDD104AA0DF10E01E0B2D8
S21402C07802F0E0FF064B1B78A342B3D9BDF80E20A8
S21402C088C5E72120AFE700BF106000206C580020EB
S21402C098416A002030B5104B87B005460C46186832
S21402C0A8596803AA03C298680C4910609A88DB8804
S21402C0B852BA23F04003ADF812300023CDE900430C
S21402C0C8ADF81020FF23098803AA0720ADF80E5002
S21402C0D8FFF73CFD07B030BDAA590020B65900202C
S21402C0E838B50C461146124A124D108022682A604C
S21402C0F862686A60A268AA60E288500616D5EA886C
S21402C108520613D561B1002218460CF044FA0146CD
S21402C11850B16088FFF7BEFF0522074B1A7038BD7C
S21402C12808460EF07BF8F2E71920F5E70220F6E754
S21402C138B6590020AA590020D66000202DE9F04FF3
S21402C148074689B0104615461C468A460EF025F95B
S21402C1580146284604F050FF064628460CF000FA28
S21402C168043010F0E6FA80460CF08BFB804550D07F
S21402C178B2074ED1DFF8AC80284605A9B8F800B059
S21402C1880EF0F2F99DF81930A8F8007003BBBDF856
S21402C1981430EBB928460CF0E3F9023010F0C9FA6D
S21402C1A84FF6F773984294BF4FF000094FF0010913
S21402C1B801230134E4B22A463846CDF8009005A990
S21402C1C8039303F001FC039B40B901339C421ED241
S21402C1D80020A8F800B009B0BDE8F08F022CF8D10C
S21402C1E8012BF6D10C4A0D4BA3F800A01378591C64
S21402C1F811700B4A7F3B16F00C01137007D1BDF87D
S21402C2081A305B0603D5BDF81600FFF743FF022374
S21402C218D1E70020DFE700BF0E600020F4690020A7
S21402C228C6600020B65900202DE9F04FABB00F4685
S21402C238ADF81E000CF094F900F1020A06465046C4
S21402C24810F077FABDF81E40054620460EF0A5F80F
S21402C2580146204604F0D0FE814600F00308301D51
S21402C26810F067FA414C20800CF00BFBA8422DD048
S21402C2784FF6F7739D4229D87378DA0726D42846EC
S21402C2880DF045FE30B101232946BDF81E20208850
S21402C298FFF754FF0CF0F5FA344B1B8883420FD194
S21402C2A8BDF81E4020460EF078F80146204604F0F7
S21402C2B8A3FE10F00C0103D1BDF81E0001F00EFD1E
S21402C2C800222B4B1A602BB0BDE8F08F2949BDF827
S21402C2D81E000EF049F92849BDF81E000EF0A7F810
S21402C2E80028254B08BF0023214ABDF81E0013600C
S21402C2F80CF0C2F8214B1870BDF81E000CF0C1F8FD
S21402C3081F4B1870BDF81E000CF0C6F81D4B1860BF
S21402C31800238DF82230002F3AD0164BDB889B0676
S21402C32836D5194B1B689D071ED4B8F1010F14BFEA
S21402C338082318230DF12202009200220DF11E0096
S21402C348114600F0D5FB18B3B8F1010FA2D10F4B76
S21402C3581B78112B9ED10DF0F3FB00289AD140F6DC
S21402C3681D40FBF70FFB95E70823E3E7B6590020C5
S21402C378A4540020AA590020BE600020B9600020FC
S21402C388B860002090540020D0460020106000209C
S21402C398504610F0CEF98246BDF81E000FF034FE65
S21402C3A8A0F11005EDB22A4631460AA8F1F7B0FC0C
S21402C3B8FF238DF82F304FF6F7739A4540F2DF8049
S21402C3C8B8F1010F00F0E780B8F1020F00F04681DD
S21402C3D8B8F1000F7FF45EAFA44DBDF81E00EB88DF
S21402C3E8ADF8240004930CF0BBF8BDF824600746A9
S21402C3F830460DF0D2FF0146304604F0FDFD8DF8BA
S21402C4082300B81C7E7810F094F907460CF039FA27
S21402C41806F00106B4F8009003906C88002E7FF4AC
S21402C42839AF4FF6F77A4246494657458CBF06203B
S21402C438082010F047F9BDF824B058460DF0ADFFB5
S21402C4485946024643460420CDF8008008F02FF8E5
S21402C458574583460AD8B5F90620EB88002A05DB35
S21402C468580603D541462046FFF714FEBBF1000FD7
S21402C4783FF410AF2B88002B5AD16B79002B57D17B
S21402C4884FF6F7730DF126019F42BDF8240094BFBC
S21402C4984FF0000B4FF0010B0DF023FCDFF8D8A18C
S21402C4A800F1FF38BAF800301FFA88F10593EB88D6
S21402C4B8BDF82600069304F09FFD069B049901909A
S21402C4C8009322465B460598C1F340110AF0FDFC2C
S21402C4D800283FF4DFAE042306200093BDF826109A
S21402C4E8624B5FFA88F207F0E2FF00283FF4D2AE0A
S21402C4F848F202036A889A4205D1BDF82410BAF8AF
S21402C508000000F025FF594D09AA29460DF123001F
S21402C5180AF0D9FC034600287FF4BCAE2104BAF818
S21402C5280000BDF8242060D5234629460DF0EEFB10
S21402C5389DF823304D4D03F00C030C2B75D128893A
S21402C5480DF0AFFB00283FF4A5AE039B0020298917
S21402C5584B4514BF0226032602F044FC444B1870CF
S21402C5684FF6F7739F42BDF8240075D8A4F1380237
S21402C5785342534132463D4904F036F88AE6B8F14A
S21402C588020F6BD0394BB3F90630002B26DAB8F116
S21402C598010F7FF41DAF0CF074F9238883423FF431
S21402C5A879AE0520BDF81E10FFF736FA00283FF4CC
S21402C5B871AE2E4AD3885B0607D50023CDE9003331
S21402C5C80A20FF232188FFF7C1FA3A469DF822304F
S21402C5D82188BDF81E0002F01DF85BE629460AA867
S21402C5E800F070F80028D2D054E60221DFF88C80DA
S21402C5F888F800102946CDF800B003F0E5F9132CA8
S21402C60896D0EB885D0493D41A4B1B78D80703D5CB
S21402C61898F80020022A8BD099077FF53BAE98F847
S21402C6280030012B7FF436AE82E700222B791248BF
S21402C63800936B791146008802F0FCFB0C4B1870CD
S21402C6489DF8233003F00C03082B89D1039B4B4536
S21402C65814BF0426052683E701238BE74846BDF860
S21402C6681E20024901F0AEFA14E600BFAA590020BD
S21402C678D5600020D15F0020B6590020C760002090
S21402C68810B5002108480BF0CFFF044650B101460A
S21402C6980420FFF7C1F928B12046BDE81040012161
S21402C6A8FFF7C2BD10BD00BF9A590020034BFF21F9
S21402C6B81A7803489200F1F79BB900BF426A002035
S21402C6C88843002070B5451804464FF0FF31AC4247
S21402C6D812D1104B10481A7805460023934211DBF4
S21402C6E80E4C2078431CB3FBF2F602FB163345F8D1
S21402C6F82010237000200CE014F8010BE1F7F4FD7B
S21402C7080146E4E750F8044BA14201D00133E5E7BD
S21402C718012070BD426A002088430020C8600020BD
S21402C728042307B501200DEB0301054AF9F76AFA57
S21402C738019B044A1B03136003B05DF804FB00BFA9
S21402C74823E11100A0540020014B1868704700BF6F
S21402C758A0540020014B1868704700BFA054002060
S21402C76810B5064C2368C3F30B0313B90448E2F763
S21402C7784BFC2068431C236010BD00BFA054002059
S21402C78823E111002DE9F04F93B003930023DDE96E
S21402C7981C79069399F8003083460DA804930E4632
S21402C7A815460AF020F899F8003013F003043ED034
S21402C7B8039B0DF1250A8DF82430002208213846FD
S21402C7C80BF0EDFF002870D028880BF0C9FE99F808
S21402C7D800301C074CBF043002300FF0AAFF07A92E
S21402C7E88046F9F79FFB9DF824300446980633D511
S21402C7F8288806F10D010DF0A3FDA8B100230093C9
S21402C808384608232988721D10F090F899F80030E7
S21402C81803F01803182B4AD1B8F1000F47D0A94BDA
S21402C828B3F86830434542D040F60A4327E02888E2
S21402C838711D0DF085FD0028F6D0009405233246BA
S21402C848298809A810F072F89DF824300DF1240AF8
S21402C85803F018030393B0E714BB39464046F9F7CA
S21402C86861FD0028D2D099F800309907DCD0402321
S21402C8782246214640460DF0F0FA40F6094399F85A
S21402C888002012F0030440F0F780288803930BF088
S21402C898CAFD224601461A200FF014FF039BEBE05E
S21402C8A807AB03CB38607960B0E74FF6FF780AF03B
S21402C8B8EFFA044620B104213846F9F74FFB04463E
S21402C8C81E9B002B5AD009231E990DA88DF83430CA
S21402C8D80AF003F9209B0BB1209B0693039B002BBF
S21402C8E840F08E800DA8EEF7A7FB99F800309A075D
S21402C8F800F09880FFF734FF5146024601200AF0FE
S21402C90811FB99F800309B0710D5594628880DF078
S21402C918F1FD0BF1090350FA83F35FFA83FB5946DC
S21402C92828880DF0BEFD00EB0B06F6B299F800302B
S21402C93813F0C20F0AF104030DD09DF824206249B1
S21402C94842F020028DF824200A68CAF804204A68B1
S21402C9585A600AF10C03012209A800921B1A3246F1
S21402C96829889BB20FF0E2FF324659462846FEF760
S21402C978E1FE002800F0A48000237DE01F9B5BB147
S21402C9889E460DF1340CBEE80F00ACE80F00DEF848
S21402C9980030CCF800309DE7049B594603F020038C
S21402C9A82888049304F028FB10F0030F0CBF012319
S21402C9B800230593049B059A003B18BF012342EA0D
S21402C9C8430300930DAA06AB38461F9900F0FEFAF9
S21402C9D8049A034682B1002880D0059B0DAA0093CC
S21402C9E8384606AB1F9900F0F1FA034699F800207C
S21402C9F822F0200289F80020002B3FF46FAF3EE7B2
S21402CA08039B102B06D1BDF8363043F00103ADF870
S21402CA18363067E7039B182B4FD1BDF8363043F004
S21402CA280203F4E701200DF125010AF089FA99F8C4
S21402CA380030824613F0040F288821D1069B1BB3C8
S21402CA48002C35D00BF0EFFC0022014616200FF022
S21402CA5839FE84B17FB14FF6FF7398450BD0002399
S21402CA680DA91A4638460AF049F9394640469DF84D
S21402CA7835200AF023FA0123184613B0BDE8F08FD2
S21402CA88002CDFD1104F01E0002CDBD10023324608
S21402CA98009359463B460CF0B4FE00283FF4C4AE59
S21402CAA8002C3FF469AF069A0AF10103136063E7A4
S21402CAB81B685345C6D80124E8E740F60A43DBE775
S21402CAC81923D9E78853002096600020002307B56B
S21402CAD8054A0648136004220DEB02010193E2F7A9
S21402CAE8CFFA03B05DF804FBA054002023E111003E
S21402CAF82DE9F04F0446B1B000888DF82F3016465F
S21402CB088A460DF04AFC0146814620880DF0C9FC8B
S21402CB1800EB090820880DF016FD00239DF82F501B
S21402CB285FFA88F815F001070790ADF8363008D195
S21402CB3801460DF1360220880DF0BCFB08B1ADF8AF
S21402CB48367016B9CDE90E660EAEFEF763FC18B15E
S21402CB5845F020058DF82F500023CDE903330293C4
S21402CB680DF12F03CDE90063224653464146484657
S21402CB78FFF708FE0546002800F043819DF82F308F
S21402CB8813F0010746D1B44A23F02003106851680F
S21402CB988DF82F3010AB03C3184600F0FBF9054694
S21402CBA8FEF744FDBBB2984200F2B7803A9B13B137
S21402CBB800233A9A1370BDF83630CBB1012120888B
S21402CBC80FF03EFA27880546002800F04F8101211B
S21402CBD838460FF035FABDF83670054638460FF077
S21402CBE813FA002300903A46194628460DF0E5FA4D
S21402CBF80023CDE9033302930DF12F03CDE9006339
S21402CC082246534641464846FFF7BCFD05460028DD
S21402CC1800F0F7809DF82F3003F01103102B40F038
S21402CC2803818E4B1B78432B40F0FE808C4B1B688F
S21402CC385B0640F1F980208808F105010DF080FBBB
S21402CC488346002800F0F0804146208804F0D4F994
S21402CC58844B10F0200F08BF1E4612A800F09AF95F
S21402CC680822314612A8F1F70FFA002800F00E81C2
S21402CC78314612A80AF0EBF8012326AE0093324694
S21402CC88002314A912A800F0A1F9002840F0CC80CD
S21402CC9812AB0DF12F07CDE90360029000932246EE
S21402CCA85346414648460197FFF76CFD002800F0B8
S21402CCB8EF80BDF89A30102043F0080318AA14A98A
S21402CCC8ADF89A300CF074FC002840F0AD8012AB38
S21402CCD8CDE90360CDE901700093224653464146EA
S21402CCE84846FFF74FFD0546002840F09D8018ABE2
S21402CCF84FF49071002012AA00F0D4F84FF00051B9
S21402CD0800200CF0D2FEBBF1000F00F08C804FF032
S21402CD18805100200CF0C9FE85E018AB14AA26A99B
S21402CD28F8B20AF040F8002840F09480082210A9C9
S21402CD3827A8F1F7A9F98346ADB19DF8A53013F0F7
S21402CD48020F08930FD0082212A927A8F1F79CF918
S21402CD5848B9089B590706D53A9B13B101233A9A54
S21402CD681370089507E03A9B002B61D1BBF1000FC0
S21402CD7870D1002308930DF1740C14AB0FCB8CE81A
S21402CD880F00BDF83630CBB1012120880FF058F9D4
S21402CD98B4F800B000284FD0012158460FF050F9D9
S21402CDA8BDF836208346104609920FF02DF9002367
S21402CDB81946099A009058460DF0FFF92A4B0DF1CC
S21402CDC8740B0493002303930DF12F03CDE900633C
S21402CDD82246534641464846CDF808B0FFF7D2FCED
S21402CDE8002837D1002D33D012AA5B464FF4827141
S21402CDF84FF4005000F056F8089B13B126A809F025
S21402CE08EDFD174B1B689A070DD4FEF703FB50B1CE
S21402CE18114A18AB1068516803C3002226A918A83D
S21402CE280CF0E9FB68BB0025284631B0BDE8F08F58
S21402CE3800233A9A137099E7BDF836200A901046EE
S21402CE4809920FF0E1F8DDE9092307990090B2E7A5
S21402CE582A46CAE70137A3E6A6F0030010600020B8
S21402CE68D0460020F2530020CC460020BDF836B04B
S21402CE7858460FF0C9F82B4600905A463846079986
S21402CE88B4E626A918A80CF0F2FBC6E78346F3E632
S21402CE9814AB2DE701461A230120014AF8F7B2BE61
S21402CEA824E10100F0B5164691B0074609A80D46DA
S21402CEB81C46FFF7EFFF3EB1336845F04005CDF854
S21402CEC826307368CDF82A301B4B1A6822EA070206
S21402CED842EA050119604B040DD5BDF824200B0A59
S21402CEE803F4E243C9B222F4E3420B4322F07F0280
S21402CEF81343ADF824301A230020104A09A9F8F77C
S21402CF0881FEB4B104A809F06EFC02236A468DF8C5
S21402CF1810301546234604F1100614461868596858
S21402CF28083303C4B3422246F7D1294604A809F0B7
S21402CF38D4FD11B0F0BD00BFD046002024E10100A8
S21402CF4847F2FF10044B196841F48042014041F44D
S21402CF5880411A600CF0A9BDD046002000B589B001
S21402CF68FEF7CAFB01A8FFF795FF0948BDF804209B
S21402CF780168130221F0FF0103F4E2030B43D2B265
S21402CF88134343F48043036009B05DF804FB00BF13
S21402CF98D046002010B50C4B0446186888B08307A4
S21402CFA806D54FF0FF3323600120636008B010BD3A
S21402CFB810F04000FAD001A8FFF76CFFDDF8063043
S21402CFC82360DDF80A30EFE7D04600202DE9F04F5F
S21402CFD899B081460C461E4617469DF88880A2B12F
S21402CFE81546284609F0FFFB18F0020B0FD004B9C5
S21402CFF811AC6B4622462946484609F0B2FE0EB1E7
S21402D0080023336019B0BDE8F08F0CADE9E76B4634
S21402D0182946484604AA09F071FE6B7808F001080A
S21402D028FF2B25D000287AD154B104AB08AF1A4694
S21402D03803CABA4220606160134604F10804F6D1B6
S21402D04826B16A78374B03EB82033360B8F1000FD8
S21402D05801D10020D6E7BDF80030D906F9D4182049
S21402D0684FF6FF716A780FF02DFB40F60E40C9E7BF
S21402D078DFF8B8A0DAF800302EB19A0756BF2A4A67
S21402D088C6F800B0326003F03003102B01D0202B14
S21402D0981ED111A8FFF7FEFE082248460DF14601EA
S21402D0A8F0F7F2FF28B1DAF8003003F04403402B19
S21402D0B80ED0B8F1000F0ED108A80CF0FAFC022325
S21402D0C82B70C4B9002FC4D0281DFFF763FFC0E732
S21402D0D840F60A4096E7DAF80030DB03ECD508A8F3
S21402D0E80CF0E7FC02232B70BCB9002FB7D0281D22
S21402D0F8FFF750FFB3E7002608AB0CAF1A4603CA81
S21402D108BA4220606160134604F10804F6D1281D6D
S21402D118FFF740FF002E9CD0A1E70126ECE72D2062
S21402D12870E700BFE4420020CC460020D04600202C
S21402D13849B9084B197849B14EF66023594328B1C4
S21402D14805480FF031B841F28831F8E70248F8F797
S21402D158DFBC00BFCF5F00201C46002070B586B03B
S21402D1680546F8F7C3FD10B9022006B070BD01A83F
S21402D178FFF710FF06460028F6D08DB92E4B1C681E
S21402D18814F0020406D02D4B1B78112BECD12C4B35
S21402D198B3F868404FF481630221ADF80C3023E0FF
S21402D1A82846F9F72DF90028DED1234B1C6814F01F
S21402D1B8020406D0214B1B78112BD5D1204BB3F88D
S21402D1C868400822294601A8F0F75EFF0028E1D049
S21402D1D84FF4027300260A21ADF80C302B68CDF8FE
S21402D1E80E306B68CDF81230002203A80BF0D3F984
S21402D1F8024608B91920B8E70F4B196801F0300340
S21402D208102B17D0202B14BF01230323490001F04B
S21402D21804010B432046002100F0F4FF0028E9D061
S21402D22800210120FFF784FF16B10122054B1A7070
S21402D23800209AE70323E9E7D04600201060002082
S21402D24888530020BD60002030B500251D4C85B0EF
S21402D258CDE90055F8F75CFC23784BB31A491B480E
S21402D2680A780078904223D90132012B0A700ED12F
S21402D2782A464FF4A071284602F0BEFAC0B2B8B9E0
S21402D28841F2883112480EF08FFF05B030BD022BEE
S21402D29809D1284602A9F9F745F80028EED102A8CE
S21402D2A8FFF75CFFEAE7032B02D101F065F9E5E731
S21402D2B8002108462170FFF73BFF0421684609F063
S21402D2C800FAE2E7C9600020CA600020756A0020FA
S21402D2D81C46002070B5194A194D04465168106854
S21402D2E886B02E7801AB03C31EB10224204606B0D0
S21402D2F870BDF8F745FD0228F7D103A800F0E8FD4F
S21402D308082201A90DF10E00F0F7BEFEA0B10D4BE2
S21402D31832464FF4A07130461C7002F06DFA04468D
S21402D3280028E3D10123084A41F2883107482B70C6
S21402D33813700EF039FFD9E72324D7E77BCC040015
S21402D348C9600020756A0020CA6000201C460020BA
S21402D358F0B50C4600219BB02B4F0646492207A87B
S21402D3680691F0F745FB3B78012B34D19EBB0DF1B5
S21402D3780E0120460CF0B5FC0546BDF80E000EF070
S21402D38843FE441BE4B2BDF80E1023462A46009616
S21402D39806A80FF0CBFA304604A9F8F7C3FFD0B9AF
S21402D3A8CCB19DF81920B2B9BDF8233003F47E43F8
S21402D3B8B3F5285F1ED3B3F5385F0ED31349BDF80D
S21402D3C80E000B6843F400030B60294609F059FD6A
S21402D3D818B104233B701BB0F0BD01220C4B04A805
S21402D3E81A70FFF7BBFE41F288310A480EF0DCFEDF
S21402D3F80223EFE711463A70FFF79AFE1E2104A8A9
S21402D40809F05FF9E7E700BFC9600020D0460020B0
S21402D418CA6000201C460020014B1870704700BFE7
S21402D428CA600020014B1878704700BFC960002008
S21402D438014B1870704700BFC96000202DE9F04FF5
S21402D4480446408891B00E298846ADF81A0074D072
S21402D45894F80890A7790BF083F809A90546BDF851
S21402D4681A00E6790DF080F8BDF81A000AF07EFF79
S21402D478430542BFBDF82A3043F40053ADF82A30BC
S21402D488E379D80642BFBDF82A3043F48053ADF894
S21402D4982A30BDF82A30990613D5022F52D10CA984
S21402D4A8207A0CF0BFFBDDF83500DDF8391007AB43
S21402D4B803C307AA0021042300910DF11A00FFF7FF
S21402D4C817FB0121BDF81A000EF0BAFD022F82469C
S21402D4D844D1454B33F81950B8F1000F79D0BDF84E
S21402D4E82A305A0675D54FF6FB72954271D83F4ACE
S21402D4F8B2F86820AA426CD0DB0502D528460CF0A2
S21402D508D7FCBDF82A30D80463D5002F33D1BDF82E
S21402D5181A000AF02BFFC10663D548F23403BDF899
S21402D52826209A4209D1324E3078FF2805D00322A7
S21402D5382946FCF72BF9FF2333700023236011B02A
S21402D548BDE8F08F012F01BF237A2A4A03EB430373
S21402D55802EB830314BF00229A1CABE7012F05D106
S21402D5680C2303FB09F3234AD55AB5E7A81C0FF088
S21402D578E0F80546B0E7284601F07CFDBDF81A003B
S21402D5880AF0F4FEC206C8D46389504605930EF024
S21402D5983BFD834650460EF01BFD059B02905FFA44
S21402D5A88BF04A46394601900093404609AB09F08B
S21402D5B820F8B8F1000F14BF0B20092016F003025A
S21402D5C818BF02F1FF32294618BFD2B20FF07AF816
S21402D5D8A3E7BDF81A000AF0C9FEC3069DD4002FB9
S21402D5E8D2D1A946D0E700BF6C5800208853002045
S21402D5F8796A0020AC57002038B500240F4B104D2E
S21402D6082A78A24205D8C2B9BDE838400D48F8F7CC
S21402D6187FBA598869B9013AD2B2A2422A70EFD0C3
S21402D628121B184603F110011201F0F733FA0346EB
S21402D638E6E701341033E4B2E2E738BDE8420020F8
S21402D648CD6000203069002070B51A4B1A4A1D7842
S21402D6580023DCB2A54200D870BD144666880133A2
S21402D668864202F11002F4D1E379A588E16003F05C
S21402D67840028DB9CAB123F00403E3710AF070FFC1
S21402D688037803F07F03037021880029E4D1BDE8FC
S21402D69870400A480EF088BD00216580A180002AE5
S21402D6A8E9D1BDE87040FFF7A7BF2046FFF7C6FEE0
S21402D6B8F7E700BFCD600020E8420020306900206E
S21402D6C82DE9F047044686B040880F4615460AF00C
S21402D6D847FFA3798046082B52D8DFE803F0052EC9
S21402D6E8185151515151050002300FF022F8002D01
S21402D6F84ED06946F8F716FE002841D1684601F072
S21402D70863FDB0FA80F0400906B0BDE8F08702A9CA
S21402D718207A0CF087FA6B466E46DDF80D00DDF8C7
S21402D7281110334A03C3237A32F81390314AD05C75
S21402D73875B131460CF09AFAE6E7237A2E4903EBDE
S21402D748430301EB830231F82390907A961CEFE7A5
S21402D7584FF6FB7AD14515D930460CF0D1FB4FF679
S21402D768FF739842054615D00146304601F09EFCE6
S21402D778554508D9E379DA060ED440F62243E36023
S21402D7880020C1E74D46294608F102000EF0D3FFF5
S21402D7980120B9E74D46EDE74FF6FC78454512D12C
S21402D7A803F00C030C2B1CD1DFB130464FF6FD718B
S21402D7B801F07CFC40F61F412046E160FFF73EFE82
S21402D7C8FFF71AFFDCE74FF6FD739D4209D10023E7
S21402D7D8304619461A4602F0DBF84146304601F052
S21402D7E865FCE37943F00C03E37140F62343C6E78E
S21402D7F86C580020D65F0020AC57002073B504464C
S21402D80840880E460AF0ACFE02300EF092FF09F08F
S21402D8184FFB18B1A11C201D09F04FFBE6B1E579B4
S21402D8280135EDB2E57115F0400514D0ECF74EFF60
S21402D8380122054600212046FFF742FF18B1394B60
S21402D8481B882B449DB2384B1B78042B01BF354BE3
S21402D8581B885B199DB22580002231462046FFF7B9
S21402D8682FFF20B360880AF07BFEE2792F4922F068
S21402D8780C03E3710B7805460133DBB20B70C371F8
S21402D8882B4BA61C1B780BB3E37998061ED52949A1
S21402D898097871B159060CD592070AD500220423D5
S21402D8A8114630460092FFF723F910B1E06002B045
S21402D8B870BD00220123114630460092FFF718F980
S21402D8C820B1E37943F00303E371EFE7304609F04A
S21402D8D8F2FA0028EAD16088FCF7C0FA0328E6D8EC
S21402D8E8DFE800F0020D1D19E37943F00403E37143
S21402D8F81B06DCD5104B1A78104B1A70D7E740F681
S21402D9082443E360E37943F00803E3712B7803F0DA
S21402D9187F032B70CBE740F62543E360C7E740F664
S21402D9282643FAE7CE690020116000200E60002028
S21402D9380C600020766A0020D45F0020CC600020AD
S21402D9482DE9F74F06460EF00AFE5F4B0546B3F87A
S21402D958009018805D4BA0EB09041B78A4B2A34282
S21402D96898BF00234FF000084FF6FF7788BF1B1BAF
S21402D978564A88BFDBB21370DFF864B1A9EB00031E
S21402D9880093534B5FFA88F2197891420ED80EB17B
S21402D998FFF732FE4FF6FF739F4200F08E8039463D
S21402D9A84C4803B0BDE8F04F0EF0FEBBBBF80220B1
S21402D9B8002A3CD0484B9BF807201878BBF800A0F2
S21402D9C8042818D00020BAF1000F08BFA246204447
S21402D9D8504523D2BBF80010009B1944ABF8001040
S21402D9E8002E4ED002F04802482A4AD10021584654
S21402D9F8FFF704FF45E00192F8F704FC30F0100345
S21402DA08019ADFD1FBF746FC344B019AB3F800C003
S21402DA188445D7D9ACEB000080B2D4E702F00C00FC
S21402DA28042807D10022ABF800200BF1100B08F1EE
S21402DA380108A6E7510602F0030C02F008000ED50C
S21402DA4828B3BCF1030F25D1DEB1DBF80C1058461B
S21402DA58002908BF4FF44261FFF7F0FC11E040B31B
S21402DA68BCF1010F25D11206EED44FF4C862ABF80A
S21402DA7800209BF8072022F0030242F002028BF8ED
S21402DA880720BBF80020974228BF1746CDE7032099
S21402DA988445D9D213060ED50C4B1A780AEB020027
S21402DAA8844208DA4A44521B0AEB0201ABF8001019
S21402DAB8E7E70120ECE7012199E7064803B0BDE84D
S21402DAC8F04FF8F725B800BFA0590020CC60002018
S21402DAD8CD6000203069002011600020CE69002049
S21402DAE8E8420020F8B500250A4E0B4F3378ECB210
S21402DAF8A34204D8BDE8F8400848F7F719BD07EB73
S21402DB080414A01CF7F714FD201DF7F711FD0135C4
S21402DB18ECE700BFCD600020E842002096590020BE
S21402DB2870B500240B4D0C4E2B78A34208D81B1B4D
S21402DB38DBB22B706BB9BDE870400848F7F7E8BF50
S21402DB4806EB041040F621410134FFF777FCE4B2F5
S21402DB58EAE770BDCD600020E84200203069002068
S21402DB68F8B5154EDFF858E035789EF800E0134F02
S21402DB78AE454FEA051C07EB051419D0002503F439
S21402DB88835343EA1323A1712272E371608027F854
S21402DB980C50A58003F0A8FB40F60243E3603378F6
S21402DBA86081013328463370FFF7CAFE2846F8BD5F
S21402DBB840F60340FBE700BFCD600020E8420020A5
S21402DBC8406A00202DE9F04F344B0D461C78174664
S21402DBD885B05CB9B1F90680DFF8C890DFF8C8A04E
S21402DBE8DFF8C8B099F80030A34202D805B0BDE8FD
S21402DBF8F08F0AEB0416B08800B9708801A90CF0F9
S21402DC08B3FCAA7A9DF80E309A4244D1B8F1000FB6
S21402DC180FDA297A9DF80C202B89914209D82048D8
S21402DC2800780844824236DA521A1B0A1341D90788
S21402DC3831D538460CF087FCBDF80A3004469A06F9
S21402DC4802D5EB889B06D1D5F37903F00C03042B97
S21402DC5808D17088F9F786FD002372881946184697
S21402DC680CF048F900213046FFF7E8FBFFF7C4FC42
S21402DC7838460EF0C9F9844208D2337A01228BF864
S21402DC88003029460023384602F0AEFCB8F1000FF1
S21402DC98ACDA0024A6E70134E4B2A3E7CB6000209E
S21402DCA83F6A0020CD600020E8420020D5600020B0
S21402DCB808B50EF054FC074B1B88C01A80B2B0F5A4
S21402DCC8807F05D9BDE80840002103480EF06CBAEB
S21402DCD808BD00BFA0590020306900202DE9F04792
S21402DCE888B004460D460CF058FB0146204603F061
S21402DCF883F910F003035FD110F00C0F06D1294602
S21402DD08204608B0BDE8F047FFF79EBC20460AF05A
S21402DD182DFBC30638D420460CF03FFB01462046AE
S21402DD2803F06AF9064620460AF01AFC80460230D4
S21402DD380EF0FFFC05A9074620460CF015FC06F077
S21402DD480C0698F801300C2E0CBF4FF003094FF062
S21402DD580609012113F0010F204618BF4FF00309E8
S21402DD680EF06EF9174B80461B88A3420FD1B5FA00
S21402DD7885F04009FBF748FC20460AF025FB0022FE
S21402DD88014607200EF09EFC08B0BDE8F08703F0B7
S21402DD98ABFA824640460EF037F9064640460EF083
S21402DDA817F9F6B202903A4649462846CDE900A641
S21402DDB805AB08F01EFCDFE7012BE5D110F00C0FCF
S21402DDC8E2D19CE796590020002210B5094B1C7830
S21402DDD8094BD1B28C4201D8002010BD197A814273
S21402DDE802D19979022902D010330132F1E70120D3
S21402DDF8F3E700BFCD600020E8420020014600227B
S21402DE0810B5084B1C78084BD0B2844201D80020C3
S21402DE1810BD187A884202D198790128F8D01033B2
S21402DE280132F1E7CD600020E8420020002210B45B
S21402DE380A4B1C780A4BD1B28C4203D85DF8044BC5
S21402DE48FFF7DABB197A814205D19979012902BF0F
S21402DE5800211980598010330132ECE7CD6000208A
S21402DE68E8420020024B1878003818BF0120704795
S21402DE78CD600020044B1B6813F0300F03D020211E
S21402DE8830200BF012BE7047D0460020002310B593
S21402DE98044608491A4601EA00414FF07F60FFF738
S21402DEA801F8E30703D5002130200BF0FEFD002021
S21402DEB810BD00BF00007207044B5B8823F478434A
S21402DEC823F08D0303800020704700BFD046002051
S21402DED808B500220346C3F80220C3F806200B4AF8
S21402DEE802301268D1B212F0200F18BF41F01001AA
S21402DEF81980930701D4FFF74DF8054B1B78023BB0
S21402DF08032B8CBF1720002008BD00BFD046002078
S21402DF181060002038B505460C46FDF7EDFB98B1B3
S21402DF280E4B187878B10E4B1B681A040FD58CB1B5
S21402DF3813F0420F00D17DB103F44073B3F5407F6E
S21402DF480CBF0020232038BD40F60840FBE740F609
S21402DF580B40F8E72046F6E72320F4E70C6000209B
S21402DF68D0460020F0B504468DB007A80D461646E2
S21402DF7808F039FC1022002103A8EFF739FD5CB13E
S21402DF88234603AC03F1100722461868596808337B
S21402DF9803C2BB421446F7D1012703A986EA070340
S21402DFA807A88DF81C708DF81D3008F087FD80EAEA
S21402DFB8070401A8E4B2EDF79DF8B6B101A88DF8FA
S21402DFC80650EDF7C3F864B1002303A907A88DF835
S21402DFD81D3008F082FD0C4B1B78432B01D1F9F754
S21402DFE8DBF80A4B1D700DB0F0BD01A88DF807507E
S21402DFF8EDF7ACF8002CF6D003A907A88DF81D702B
S21402E00808F06BFDEFE700BF106000200B600020F1
S21402E018F0B5012593B007460DA80C4608F0E3FBB9
S21402E02805A90DA8ADF8345008F072FD01A8EDF761
S21402E03861F809A90DA88DF835509DF8066008F014
S21402E04867FD0DA89DF8075008F0F8FC70BB731B17
S21402E058DBB2802B28D91FB1A64225D0A54223D1F0
S21402E06805A90DA808F039FD03A8EDF743F803A89B
S21402E0788DF80F60EDF76AF80122294609A8FFF71E
S21402E08871FF0AF0F8FD01214FF400700BF01DFF36
S21402E098FDF71AFBB0F1004F01D9FDF71BFB044B45
S21402E0A8187808F00CFB012013B0F0BD0020FBE73F
S21402E0B80B60002070B50E46144605460320FFF78F
S21402E0C8B7F946F004022946204608F060FD002209
S21402E0D8014B1A6070BD00BFCC460020F0B587B071
S21402E0E8078805461022002102A8EFF781FC3E4B5E
S21402E0F81B78002B76D1BC055ED407F08403842BEC
S21402E10863D00022394C11461046FFF72BFF17F44E
S21402E118045F276005F102061CD0B9040AD530460A
S21402E12802F09CFA00284ED1236823F4005343F4E5
S21402E1388073236030460BF034FD002842D108F085
S21402E14850FB18B9236843F480332360236843F0EE
S21402E1582003236022680DF1060042F40043236080
S21402E168FFF7AAFE12F4805FBDF8063031D043F0FE
S21402E1782003ADF806302168334611F0400218BF76
S21402E18805F123024FF07F60FEF78CFEBDF80630DD
S21402E198DA0703D5002130200BF087FC23689B059D
S21402E1A806D5012295F8221005F11200FFF7DAFECD
S21402E1B800200F4B186006E005F112000BF0F1FC88
S21402E1C800289AD0292007B0F0BDB80799D5232091
S21402E1D8F9E723F02003ADF80630FDF77BFAFEF7E1
S21402E1E875FCC8E70220EEE710600020D046002043
S21402E1F8CC460020024B1868C0F30050704700BF98
S21402E208D04600202DE9F04F0646894610460021E2
S21402E21889B01546984602F0EFFE102807460AD837
S21402E2286A4B0341DB0706D4C8F340049DB90020B5
S21402E23809B0BDE8F08F664B1C78002CF6D0FFF7C5
S21402E248D9FF00280CBF4FF4F0744FF4D074FC408A
S21402E25804F00104EAE74FF0000A18F0010F5346EB
S21402E268524629464FF00500CDF800A00CBF4FF0E5
S21402E278080B4FF4027B06F03DF90028D7D0C823D6
S21402E2883246009359465346284602F0DDFEADF85C
S21402E2980E000028CBD018F0080A4AD14FF6F773BA
S21402E2A8A7F10F02D2B29E428CBF09230123012A8C
S21402E2B801D843F04003474A8DF810301378591CAA
S21402E2C811708DF81130002C4FD09DF81030052FA4
S21402E2D843F020038DF8103033D03F4B1D78002DC5
S21402E2E85AD04FF6F77300259E424FF00F0248D9D0
S21402E2F8012304A90DF10E00F7F75EFB002896D15C
S21402E308002C4DD1BAF1000133463A4618BF012116
S21402E318BDF80E00CDF8009008F0D4FDADF80E005A
S21402E328002884D018F0040F4DD031460AF041FE7A
S21402E3387EE749460DF10E000BF0ECFD0028ADD144
S21402E34875E70121BDF80E000DF07AFE012102F0F4
S21402E35853FE0123834013F0620F1CD11E4B1B7819
S21402E368E3B14FF6F7731825BEE71B4B25461B7815
S21402E3780222002BBCD04FF6F7739E42B8D8052F60
S21402E388B6D0BAF1000FB3D19DF8103043F040036F
S21402E3988DF81030ACE710250F22A9E71825FBE701
S21402E3A8BAF1000F0AD002234A46009029460DF118
S21402E3B80E00FEF79DFB0028A4D038E741235246FC
S21402E3C8CDF800A0F2E70AF0DCFD31E79FFEFEFF7B
S21402E3D80C6000200D600020006000202DE9DF435D
S21402E3E81E46144B80461B680F469B0791460A9C9E
S21402E3F81BD4204614B108F04FFDC0B20622CDE960
S21402E40802403B460020CDE900890B490BF045FF48
S21402E418024650B10021002E0CBF012303230846F2
S21402E42804B0BDE8D043FFF7EDBE002004B0BDE857
S21402E438D08300BFD0460020206804002DE9F04FA4
S21402E4488DB081468A461F4693469DF85C803AB947
S21402E45803A8FEF79FFDB0BB00200DB0BDE8F08F05
S21402E46815460022232110460AF095F8ADF80A0050
S21402E4780028F1D00DF0ACFD0523044618F0100F65
S21402E48800F8023B677020D011220021EFF7B0FA9D
S21402E49804F11306032F4FF0080237D159463046C7
S21402E4A8EFF7F8FAC8F3801306F10905337208F095
S21402E4B8EFFC00283ED000232B706B700123033537
S21402E4C805F8013C36E003ADCBE701261022169983
S21402E4D8EFF7E0FA06FA07F313F0620F02D104F137
S21402E4E81206D7E707A808F07EF905A88DF81C607B
S21402E4F8ECF700FE9DF8162018F0200F9DF817304E
S21402E50808BF134604F11306A374C3E75146304600
S21402E518EFF7C0FA012306F10802121B28460093F9
S21402E528BDF80A10082392B20EF000FA042F06F17C
S21402E5381005BCD02D1BA9B20DF10A000BF015FE72
S21402E548002889D118F0040F0BD048460EF0E3F9DC
S21402E558FF281FBF074A32F8103023F4804322F8F8
S21402E5681030434651464846BDF80A20FFF74AFE91
S21402E57873E700BF3859002070B5032690B08DF8AF
S21402E5880760F7F7B3FB18B90224204610B070BD2F
S21402E59802AD2846FEF7FEFC0028F5D01B4B1C6889
S21402E5A814F00204F0D140F20F43194AADF82430B1
S21402E5B8136804A8CDF826305368CDF82A3008F038
S21402E5C812F995E8030005AB83E80300062304A8BE
S21402E5D88DF81D308DF81060ECF72EFD01210DF137
S21402E5E82E020DF10700ECF77FFC22461A2109A835
S21402E5F809F0D1FF024608B91924C6E701232946BD
S21402E6082046FFF7FFFD0028BFD1F5E7D0460020D9
S21402E618966000202DE9F04F04460D46002191B081
S21402E6281F2208A89B460791EFF7E2F920460BF04F
S21402E638B4FE0146204602F0DFFC8DF811002046A3
S21402E64809F08EFF9DF81130467899068146C6F382
S21402E6584006204648BF46F002060BF074FF804686
S21402E66820460DF0D1FC0022A0EB0803DBB2232BD8
S21402E67828BF232300922146424607A80EF056F9E1
S21402E68800283AD1A24B9DF81C701B789DF81DA055
S21402E698B3B3FFF7AFFD00280CBF4FF4F0734FF487
S21402E6A8D073FB40DA072BD5B30729D4082F22D11B
S21402E6B8BAF1040F21D1FBF77FFBF0B901234246DA
S21402E6C80093214605200DF1110305F0F0FEA0B1D6
S21402E6D8053F0D2F11D8DFE817F024001000AF0110
S21402E6E8BC01C50110001000100010001000100038
S21402E6F8CB01F901F901052F07D011B0BDE8F08F5B
S21402E708102F05D1BBF1000FF7D0FBF755FBD5E765
S21402E718FBF752FB0028D1D0052FCFD0112FCDD032
S21402E728EBE7BAF1050FE8D8204609F07CFE02901E
S21402E73809F102000DF0FDFF82460DF11200FFF707
S21402E748BBFB01239DF81D8003FA08F313F062034E
S21402E75803932DD0BDF812309D0722D5B407CCD529
S21402E768FBF72AFB0DF11E000BF01BFAB8F1030F9C
S21402E77804469DF82EB02FD10DF12F050AF081F828
S21402E788824540F03181032EB7D19DF836100DF13F
S21402E7981E02003918BF01210DF12E0008F09DFB5C
S21402E7A8ABE7FBF709FB0028DCD1002EA5D0D9E79A
S21402E7B8FBF702FB68B10DF11E000BF0F2F9B8F197
S21402E7C8030F04464FF0000B40F082800DF12E0531
S21402E7D8D4E7002E91D0EEE74E4B1B6898072AD551
S21402E7E8FF2208210DF1370009F0D9FF814610BB38
S21402E7F8034601460DF137020220FEF753FB0AF0E4
S21402E80840F882450DF137070DF12F0523D04FF654
S21402E818F7739A4540F2ED8000220821284609F04F
S21402E828BEFF002800F0E580002259460DF11E00C2
S21402E838FFF798FB61E70DF137070DF12F0538460C
S21402E8480BF05BF9002848D00AF01BF8824540F026
S21402E858CC804FF000092846F7F7D2FD002800F0D2
S21402E868C480B8F1010F5BD0B8F1040F7FF445AF4E
S21402E8780BF066F910B1032E7FF43FAF002C7FF43D
S21402E8883CAF3A4602210DF11E00FFF713FC224B5D
S21402E8981B7863B1FFF770FEFEF7C4FD022806D1A7
S21402E8A80120FEF7B9FD01210846FEF741FC1B4B85
S21402E8B81B78022B20D10321384607F002FFFEF709
S21402E8C8B1FD014600287FF418AFFEF731FC14E7C5
S21402E8D80DF136070DF12E05B1E7104B1B78432BC9
S21402E8E87FF40BAFB8F1010F7FF407AF09F0C9FF49
S21402E8F882457AD1C146AEE7412B7FF4FEAE054B80
S21402E9081B6859057FF5F9AEF9F73EFEF5E600BF36
S21402E9180C600020D0460020BD6000201060002059
S21402E9286C4D2B78022B22D02B78412B3FF4E5AE88
S21402E9383CB9FBF741FA594602460DF11E00FFF7AD
S21402E94811FBFBF739FA00283FF4D7AE0BF0F8F8BC
S21402E958614C98B123681B0502D42B78432B0DD142
S21402E968B0070BD440F61A40F9F70CF8C5E60BF0D8
S21402E978E7F80028D8D0B207D6D4BEE6206810F04A
S21402E988020002D102990BF09AFA2B78112B16D1B3
S21402E9982368590513D50020FEF7E0FB0446002835
S21402E9A87FF4ABAE0AF0DBF940F61C40F8F7EAFF54
S21402E9B821462046FEF7BCFBF8F7F0FF9DE6B207B5
S21402E9C801D5FFF757FAB9F1000F9DD007F009FFF6
S21402E9D818B94FF480310BF068F800223F4B3846DE
S21402E9E81A600BF081F88FE70027039B002B7FF451
S21402E9F80EAF4FF6FF73284605A9ADF8143009F096
S21402EA0833FF20B1284609F010FFADF814004FF680
S21402EA18FF73BDF8140098423FF46FAE002C0CBF8B
S21402EA280423152301930DF11E0300933A46434629
S21402EA382946FFF703FD60E60DF11D00F7F7E0FC37
S21402EA4800283FF45AAE022229460020FAF79EFE14
S21402EA5853E6F3077FF551AE3246284607A90BF070
S21402EA6858FA4AE69DF81D100120FFF7D1FA44E647
S21402EA78184B1B78022B20D1002D7FF43EAE05A83A
S21402EA88FEF788FA00283FF438AE154B1D709DF83D
S21402EA981D30002B14BF64246524FEF7C3FC03282C
S21402EAA806D128462946FEF743FB2846FEF7C0FC51
S21402EAB8214605A807F005FE1FE6043B012BDBD915
S21402EAC8284608F0F5F90028D6D116E6204608F0BA
S21402EAD8F1F912E610600020D0460020CC4600204D
S21402EAE8BD6000202DE9F34105460E4617469846B6
S21402EAF80BF026F8044640B101233A46314628462A
S21402EB08CDF80080FFF76AFC04460BF019F830B11E
S21402EB18FFF770FB78B10A4B1B689B010BD40023E6
S21402EB283A4631462846CDF80080FFF757FC002CB7
S21402EB380CBF0446012404F0010002B0BDE8F081CF
S21402EB48D046002070B58AB005A807F04CFE02230E
S21402EB5801AA15468DF81430084B03F11006144620
S21402EB6818685968083303C4B3422246F7D12946BF
S21402EB7805A807F0A3FF0AB070BD00BF83CC040047
S21402EB88014B1878704700BF776A0020014B188837
S21402EB98704700BFF66900204FF6FF732DE9F04371
S21402EBA8994280460D4685B00BD000274FF6FD7970
S21402EBB81C4EEBF791FDFCB2A0420BD84FF6FF7045
S21402EBC81DE0F7F71DFC0028EFD005B0BDE8F043BE
S21402EBD809F057BE36F814304B4517D86946204612
S21402EBE80AF0E4FF082241460DF10500EFF74CFA59
S21402EBF84FF6FF7360B99D4204D136F8140005B08B
S21402EC08BDE8F08326F814500AF0AAFF0137D0E7C9
S21402EC189D42FBD036F81430AB4208BF26F8149053
S21402EC28F4E700BF6C5800202DE9FF4706460F465A
S21402EC3800254FF6FD79DFF83C80DFF83CA0EBF7BD
S21402EC484BFDECB2A04202D804B0BDE8F08738F813
S21402EC5814304B450CD8694620460AF0A7FF08220E
S21402EC6831460DF10500EFF70FFA08B90AF80470F5
S21402EC780135E4E76C580020D65F0020014B33F8D4
S21402EC88100070476C580020F0B5064600250D4F58
S21402EC9885B0EBF721FDECB2A04201D805B0F0BD75
S21402ECA837F81430B3420BD1694620460AF0BAFF49
S21402ECB89DF80030022B1CBF4FF6FD7327F8143060
S21402ECC80135E6E76C58002030B585B004460D4697
S21402ECD8EBF702FDA0420FD9084B33F814204FF683
S21402ECE8FD739A4208D8694620460AF09BFF2946D1
S21402ECF80DF10500FFF750FF05B030BD6C58002037
S21402ED0830B585B00446EBF7E7FCA04219D9204691
S21402ED18FFF75AF80546B0B9694620460AF046FF94
S21402ED289DF800302BB1694620468DF800500AF04F
S21402ED385BFF4FF6FF720020044B23F8142005B041
S21402ED4830BD2820FBE740F60440F8E76C58002060
S21402ED582DE9F0410B7805460E461BB9BDE8F04191
S21402ED68FFF7CEBFEBF7B8FCA84231D92846FFF723
S21402ED782BF878BB374617F8058B4FF6FF713846DF
S21402ED88FFF70AFF0446384600F01EFAB0FA80F08B
S21402ED984009B8F1000F15D0B8F1030F15D04FF699
S21402EDA8FF724FF6FD73944208BF1C460B4B314662
S21402EDB823F815400A4B585528460AF015FF002036
S21402EDC8BDE8F0814FF6FF74F0E74FF6FE74EDE704
S21402EDD82820F5E740F60440F2E700BF6C5800200A
S21402EDE8D65F00202DE9FF410D4604464FF6FE7811
S21402EDF80F4F0E0AEBF770FCA04204D8FF242046F9
S21402EE0804B0BDE8F08137F8143043450CD16946A2
S21402EE1820460AF0CBFE9DF80520EBB29A4203D1B3
S21402EE289DF80630B342EAD00134E4B2E2E700BF06
S21402EE386C5800202DE9F04F0C46174698460025D8
S21402EE484FF6FD7B87B09DF840A0DFF85C900190F6
S21402EE58EBF742FCEEB2B04201D8FF2616E039F8CC
S21402EE6816205A451ED8304602A90AF09FFE3FB918
S21402EE789DF80920424515D19DF80C20524511D11E
S21402EE8844B939F81620019B9A420BD1304607B08E
S21402EE98BDE8F08F082220460DF10D01EFF7F4F8D1
S21402EEA80028F3D00135D3E76C58002010B5144675
S21402EEB80AF07CFE2046BDE8104008220149EEF71B
S21402EEC8E9BD00BF966000202DE9FF4707461546B4
S21402EED80846082224491E46EFF7D6F804460028B4
S21402EEE83FD14FF6FF7ADFF88490EBF7F5FB5FFA2F
S21402EEF884F880450BD385B3384605F099FB01257F
S21402EF080C9B18700120357004B0BDE8F08739F8FC
S21402EF18183053451FD0694640460AF047FE7A78AD
S21402EF289DF801309A4216D17A88BDF802309A4284
S21402EF3811D13A799DF804309A420CD108220DF183
S21402EF480501781DEFF7A0F828B9002DD7D140465D
S21402EF5805F089FBD3E70134C7E7FF2005F083FBFA
S21402EF68CEE70020D0E700BF966000206C5800204D
S21402EF78F0B50025154E164F85B0EBF7ADFBECB293
S21402EF88A04201D805B0F0BD694620460AF00EFE3A
S21402EF989DF80030032B06D90023694620468DF8D3
S21402EFA800300AF021FE9DF8002062B14FF6FD738C
S21402EFB84FF6FE71032A08BF0B4626F814300023C4
S21402EFC801353B55D9E74FF6FF73F6E76C58002034
S21402EFD8D65F0020F8B50E4604464FF6FF770C4B70
S21402EFE80C4D1B7803EB430305EB8305A54202D8B9
S21402EFF800242046F8BD2388BB4206D008223146A4
S21402F008A01CEFF741F80028F3D00C34EEE700BF57
S21402F018416A0020AC570020044BFF211A780448A6
S21402F02802EB42029200EEF7E3BC00BF416A002000
S21402F038AC570020F8B504460C4B0D461B78104614
S21402F048A3420DD90C27022117FB04117C43084E54
S21402F05808223144EEF71EFD335B00202B80F8BDF4
S21402F0680023136053604FF6FF73F6E7416A0020E9
S21402F078AC57002038B504464FF6FD75FFF704FE78
S21402F0880022084B1878084BD1B2884200D838BDFF
S21402F09833F80C1C0132A14208BF23F80C5C0C336F
S21402F0A8F2E700BF416A0020B857002070B505464F
S21402F0B80E460846FFF7DEFF31462846FFF76CFD88
S21402F0C829460648FFF786FF00B970BD044624F8AD
S21402F0D80C6B0AF045FD29462046F3E7AC5700209C
S21402F0E810B5082286B023490446EEF7CDFF20B9AC
S21402F0F806B0BDE8104009F0C4BB082220461E49E7
S21402F108EEF7C2FF20B91D4BB3F8680006B010BD73
S21402F1180023012221464FF6FF700093FFF78AFE6E
S21402F128FF2806D0164B33F810004FF6FB739842AA
S21402F138ECD903A8FEF7CCFE58B9BDF80C305B062E
S21402F14807D5082221460DF10E00EEF79DFF00288E
S21402F158DCD021460B48FFF73DFF40B14FF6FB7265
S21402F1684FF6FF730088904288BF1846CEE74FF6E0
S21402F178FF70CBE796600020F253002088530020E9
S21402F1886C580020AC57002070B5002204464FF693
S21402F198FB7608460A4B1D780A4BD1B28D4201D837
S21402F1A8002009E01988B14207D8A14205D10822F1
S21402F1B8991CEEF76FFC012070BD0C330132ECE7A8
S21402F1C8416A0020AC57002037B5014605460E486E
S21402F1D8FFF700FF044640B1807A29460AF046FD4A
S21402F1E880F00100C0B203B030BD03460090012291
S21402F1F829464FF6FF70FFF71DFEFF2816BF034B82
S21402F2082046185CE9E700BFAC570020D65F00200E
S21402F2182DE9F341224B04461B780F4683421546D6
S21402F22838D9FEF7EBFDB8BB4FF6FD739D421D4E6F
S21402F2380ED004EB440326F823504FF6FF739D4284
S21402F2481FD12046FEF7F2FD002002B0BDE8F0818D
S21402F2580DF10601384609F007FB4FF6FF72BDF8B6
S21402F26806303846934218BF1D460C236343F552B0
S21402F27806EB0308FFF7A8FFB0FA80F0400988F803
S21402F2880A000C2303FB0460082239460230EEF714
S21402F29801FCD9E72820D8E740F60540D5E700BFA5
S21402F2A8416A0020AC57002038B504460D46FFF7E1
S21402F2B8BBFC21460448FFF78DFE00B938BD8572AF
S21402F2C821460C30F7E700BFAC5700200023074A58
S21402F2D81370074A1370074A118801B11380064B48
S21402F2E81A880AB100221A80704700BFCF60002031
S21402F2F8CE600020A6590020A45900202DE9F04F20
S21402F3083C4C1D46238887B00746884610469DF81B
S21402F31840605BB952B10AF041FF20804FF4FA61AF
S21402F328354807B0BDE8F04F0CF03EBFDFF8D8907E
S21402F338B9F80040002C49D020460CF065FEC0F310
S21402F348470620460CF044FEDFF8C0A00296BAF83C
S21402F3580030DFF8BCB00193BBF8003004460093D7
S21402F36800222B46012025490AF097FFADF8160021
S21402F378E8B1012504EB4606B4420DD1BDB9BDF885
S21402F3881630A3B12A464146384600F06FF9ABF864
S21402F3980050AAF800500AE0012321461A460DF149
S21402F3A81600F6F709FB023405460028E4D00023C7
S21402F3B8134AA9F800301378013BDBB21370002B0E
S21402F3C8ACD107B0BDE8F04FFFF780BF0D4C2378ED
S21402F3D823B90DF027F808B90123237032462946C7
S21402F3E80520F7F70DFA0028EBD1207007B0BDE824
S21402F3F8F08F00BFA6590020506900202668040036
S21402F408CF600020CE600020A4590020405900207A
S21402F4184259002030B5154D87B02C889CB9234632
S21402F4284FF4A07248F2380103A80AF0FBFC214602
S21402F4382046FAF7E3FA22460D4B009403A9FFF793
S21402F4485DFF07B030BD204609F08AF804300DF09B
S21402F45870F903A9044628880BF086F8002300935F
S21402F46820462A8803A900F0AFFAEAE7A659002040
S21402F47800F8FF0737B5002001A9FAF7BFFA0D4CC6
S21402F488014623780C4D7BB10C4B019A1878FAF793
S21402F498CBFA2078F8F74CFC002323702B70084828
S21402F4A8F6F736FB03B030BD2B78002BF7D0FFF704
S21402F4B8B1FFF4E7D1600020CF600020D0600020C2
S21402F4C85069002008B50548F6F732F80448F6F7FA
S21402F4D82FF8BDE808400348F6F72AB8A6590020D0
S21402F4E8A4590020A25900202DE9F04F89B0894678
S21402F4F80446CDE905239DF84870139E30B316F8E6
S21402F50801ABBAF1000F23D00AF1FF34A400E4B22B
S21402F5183146012007F014FDC00E1BD1DFF838B1C2
S21402F5283146012007F00CFD9BF80050344422793E
S21402F538BDB1002F47D180234846CDE90277CDE9F1
S21402F54800773E4A059900F091F83CE08246DFE7EC
S21402F5585446DDE71B28ECD93146012007F0F0FCBB
S21402F568E7E7DFF8F880FF2A00EA08080BD14246E8
S21402F578E379A179607901EB032189B209B0BDE884
S21402F588F04FFAF751BA2E4909688B070AD5FE2AB0
S21402F59835D101230135EDB2202D4FEA43030AD1B6
S21402F5A8FF250AE0294628460792FAF727FA484529
S21402F5B8BFD1079AEBE79845ECD1224B1B78FF2B75
S21402F5C804D0AB4204D009B0BDE8F08FFF2DFAD0C4
S21402F5D829460020F4F7B2FF0028F4D09BF8003042
S21402F5E86479002BEFD1FFF771FE17484FF41051DC
S21402F5F80CF0DAFD154B8BF800501C70E3E7052A71
S21402F60897D8BAF1010F94D8B8F1000F91D0002F0D
S21402F618D9D17379002BD6D00D49098821B9082B80
S21402F62828BF08230B490B70434648461292DDE969
S21402F638051209B0BDE8F04FFFF760BE2668040061
S21402F648D0460020786A002050690020D06000204A
S21402F658A6590020CF600020D160002000F8FF07DE
S21402F668014B1880FFF7D6BEA45900200CB42DE92A
S21402F678F04F8BB014AA0E4652F8041B074609929E
S21402F688002940F08F80BDF85400ADF8220000280B
S21402F69800F0A18033794FF6F778002B40F0868089
S21402F6A847458CBF4FF009084FF008084C4B1C78AA
S21402F6B8FF2C40F08380B6F90230002BA9BF494BD5
S21402F6C8347A1C780134A2BFE4B21C7044F0800479
S21402F6D8DFF81CB12246002101F0A2FC9BF800309C
S21402F6E8BDF82200002B6CD0DFF808A14FF0000905
S21402F6F8BAF8003007930CF087FC0546BDF82200DE
S21402F7080CF066FCEBB2CDE90193FF23CDE90309C1
S21402F71800932246334639460798FCF7B5FB4FF660
S21402F728FF7305468BF80090AAF80030382D33D1BF
S21402F7383246394640460DF1220307F0C1FB00283F
S21402F7484BD04FF6F7739F4226D8B6F90230708828
S21402F758002B21DA48F204022349244B4FF0000812
S21402F768904214BF8946994609F08BF849460346E3
S21402F7788A220120CDF800800AF08FFD814658B112
S21402F7882246414601F04CFCFF23324639464046A3
S21402F798CDE90098FCF7DAF928460BB0BDE8F04F39
S21402F7A802B0704701200AF055FD6EE70023474570
S21402F7B88CBF4FF006089846337177E7FF221A7017
S21402F7C886E7CDE900033246FF2339464046FCF772
S21402F7D8BDF90546AAE71925DEE70546DCE700BFB8
S21402F7E87A6A0020D3600020376804002C68040078
S21402F7F8D2600020A859002070B54FF400330024C8
S21402F8080546164688B0ADF81A100DF10F0204A97F
S21402F8180593ADF81840ADF81C4004948DF80F40D7
S21402F82807F02DFB9DF80F3028460193049B044AE7
S21402F838009305A93346FFF719FF08B070BD00BF4D
S21402F8483068040030B54FF48035002487B003953D
S21402F858BDF82850CDE900128DF81030074A034645
S21402F86803A9BDF82C008DF81140ADF81250ADF87A
S21402F8781440FFF7FBFE07B030BD00BF3C6804002B
S21402F888B1F1006F2DE9F04314462CBF3922382215
S21402F8988BB01D464FF00003ADF81E204FF48002D1
S21402F8A82CBF4FF001099946FF2C0646ADF81C30CE
S21402F8B80892ADF824304FEA11471FFA81F80FD1A3
S21402F8C809F0F0FAB9F1000F19D1154ACDE9020587
S21402F8D843463046CDE9007407A9FFF7C7FE1AE08B
S21402F8E8FE2C0AD109F0DEFA0130C0B209F0E5FAB8
S21402F8F8B9F1000F12D00B4A02E0E8B2F8E70A4A5A
S21402F908CDE9030501233046CDE90174CDF8008020
S21402F91807A9FFF7ABFE0BB0BDE8F083034AD5E7AD
S21402F928346804003A680400336804003B6804003C
S21402F9384FF498124FF0806310B586B0CDE90323D2
S21402F9480023ADF8143008F09CFF0446F8F796FA40
S21402F958054B01900093054A234603A94FF6FD700E
S21402F968FFF784FE06B010BD9660002040680400CB
S21402F97808B5064B1B78022B02D0043B012B03D892
S21402F988FFF7D6FF002008BD0220FCE71060002023
S21402F99830B500244FF4806587B0CDE900128DF8A3
S21402F9A81030084A034603A94FF6FD708DF8114039
S21402F9B80394ADF81250ADF81440FFF757FE07B09F
S21402F9C830BD00BF446804002DE9F04F99B00E46DA
S21402F9D805460CA91046CDE90A329DF888700AF049
S21402F9E880F9BDF83090804648460CF00DFBB6F913
S21402F9F802300446002BB6F806A0B6F802B004DABF
S21402FA0800228D4B1A70002049E048460CF0FCFA9A
S21402FA184045F5D3A4EB0804E3B2002F18BF4FF411
S21402FA28A07A152B099328BF15230024013308F161
S21402FA38FF324946DBB292B2009412A80CF076FF67
S21402FA486FEA4B436FEA53437C499DF8482008689F
S21402FA584968ADF83E300DAB03C3ADF84040ADF88B
S21402FA683C40ADF842A0ADF84420BBF1000F24D1CB
S21402FA780DF14900F6F7C4FCA0B108F002FF5C4697
S21402FA8880460DF151060DF149030A9A96F8009040
S21402FA98012A2CD14FB384F0010404F0010019B0F6
S21402FAA8BDE8F08F0DF149000AF02AFA4FF6FF7406
S21402FAB8011B4C4280464C41E3E7BBF1010F57D18C
S21402FAC8BDF8498008F0DDFE80450AD040460DA9FB
S21402FAD80AF019FA80F00104E4B20DF14B060DABF8
S21402FAE8D3E7574B0DF14B06CFE70A9CD5E75FB332
S21402FAF844BBB9F1010F25D830D108F0C2FE08F090
S21402FB08C0FE2246804671784D4B029100210120A4
S21402FB18CDE900814B490AF0C0FBADF8320088B146
S21402FB2824BBB9F1010F0CBF0D210C210DF13200D7
S21402FB380AF01BFB024628B92846BDF832300FA940
S21402FB48FFF794FD0120AAE7B9F1010F04D1002CB2
S21402FB58D3D081227178D8E7002CFAD1B9F1010FF7
S21402FB6894BF002201227178D201CEE70C21DDE78C
S21402FB780A9B002B7FF447AF7388342B4BD1099B23
S21402FB88092B7FF440AF002F7FF43DAF9DF95160FB
S21402FB983A46B41008210DF1490004F0200408F092
S21402FBA8FEFDA0B1284B1B78012B3FF42CAF274A49
S21402FBB8274BB2F868201B68AA421DD0DA001BD56C
S21402FBC8C8232846234A0FA9FFF750FD1BE70DF165
S21402FBD84900F6F715FC0028E4D10DF149000AF0B1
S21402FBE88FF94FF6FF739842EAD02146F9F778FE66
S21402FBF803460028E4D1E4E75B0201D5002E08DAC2
S21402FC0800232846134A0FA9FFF730FD124B1C7033
S21402FC18F9E68D23D5E7099BCDE905A204930DF1F4
S21402FC284903CDE9028331462846CDE900790B9B84
S21402FC380FAA00F03DF8E6E6C7600020A6F003002B
S21402FC48966000204868040011600020885300204F
S21402FC58D0460020901D0400796A0020024B1878CE
S21402FC6840F08000704700BFD3600020014B188028
S21402FC7800207047FE6900204FF6FF71034602888F
S21402FC881B798A4217BF074901200A8041881EBF8E
S21402FC98054A00201180FF2B1EBF044A002013705D
S21402FCA8704700BFFA690020F8690020D460002077
S21402FCB82DE9F04FA1B09946BDF8AC302D9F0D93B3
S21402FCC89DF8B03004460E93BDF8BC3038460F9304
S21402FCD89DF8C0304E88884615469DF8A8B0109301
S21402FCE80CF027FD112E824671D808F0CAFD504541
S21402FCF876D0062E10D14FF6FD72924526D0BBF16D
S21402FD08000F10D100228023CDE900A22946204602
S21402FD18BC4AFFF7ABFC06E0BBF1000F03D1032E8B
S21402FD2807D8012E09D80022B74B1A7021B0BDE8B1
S21402FD38F08F043E022EF6D8E4E7802329462046B2
S21402FD48B24ACDF800A0FFF791FCECE7B04B1B785F
S21402FD585E074CD408F095FD00260346324601207D
S21402FD68A84900960AF099FA3B79ADF866000F930F
S21402FD780028DBD0DDE90E320D9803EB42090CF0C1
S21402FD8843F95FFA89F909F105085FFA88F88045A8
S21402FD98CCD241460D9801F02FF9109008EB400896
S21402FDA80D980CF031F98045C0DADDE90F321343BD
S21402FDB8DBB2002B40F03482BBF1000FB6D1D84636
S21402FDC842460421BDF8660001F02AF974E1904A19
S21402FDD83A2E127812D948F23B039E4207D013E015
S21402FDE88B4A127850070BD5321F022A08D8B8F861
S21402FDF8063043F48043A8F8063097E71B2E1DD832
S21402FE08B21E91B213295FD9109B494602930F9BE3
S21402FE183046CDE900B30E9A234607F037F80F2886
S21402FE2884D10122784B1A70794B1B789B0740F1D4
S21402FE382783BBF1000F7FF479AFD8E7A6F11C0140
S21402FE481E29E1D801A050F821F000BF9F04030044
S21402FE5811FE020011FE020035FD020011FE02002C
S21402FE688D0203008D02030011FE020011FE02003D
S21402FE7811FE020011FE020011FE020011FE02002F
S21402FE8811FE020011FE020011FE020011FE02001F
S21402FE9811FE020011FE020011FE020011FE02000F
S21402FEA8BF020300BF0203007104030011FE020032
S21402FEB811FE02009304030011FE0200EF04030081
S21402FEC80505030013050300132A9DD801A151F85E
S21402FED822F000BF2DFF0200BDFF0200DBFF02007A
S21402FEE8F30003005DFD020011FE020011FE02008F
S21402FEF811FE020011FE020011FE020011FE0200AF
S21402FF0811FE020011FE020011FE020011FE02009E
S21402FF1811FE020011FE02003702030011FE020063
S21402FF28CB04030000231A938DF866300DF166039E
S21402FF3822460E99484600931AAB06F0A1FF08F02F
S21402FF48A0FC0646EAF7D4FB162894BF4FF002092F
S21402FF584FF02209F7F792FF2E4B0746B3F800A098
S21402FF68FBF7EAFD2C4B80464FF6FF70B3F800B05D
S21402FF7809F07EFF294B9DF866201988244B1B78CA
S21402FF8813F002031CBF264B1B780B921A9ACDE974
S21402FF980701CDE9093240232946CDE901932046D7
S21402FFA80023CDE9058BCDE9037A1E4A0096FFF7B2
S21402FFB85DFBBBE608F065FC1B4B1C4A1B88CDE9BB
S21402FFC82A0300232946204621B0BDE8F04FFFF752
S21402FFD84DBBBE781AA9731EDBB2EF2B304627D963
S21402FFE8F22E25D005F07EFA822608F04AFC002377
S21402FFF82946CDE90003034A33462046FFF736FB77
S21403000894E600BF2C680400C76000203768040025
S214030018D15F0020FE690020FA690020F8690020F5
S214030028D46000204E680400FC6900205B68040066
S21403003805F058FA002856D008F023FC9DF86C20E3
S2140300489DF86E100492BDF86A2049000392BDF825
S2140300586820C9B2CDE901629DF86D2003465200B7
S214030068D2B208320A44009201200022C6490AF096
S21403007814F99DF86D30ADF866008DF863300028E6
S2140300883FF454AE4FF0000801230DF163011A46FE
S2140300980DF16600F5F790FC074600287FF446AE98
S2140300A89DF86330FAB293420CD89DF86E308DF8FB
S2140300B86330B8F1000F02D0BDF8663036E04FF073
S2140300C80108E1E74146304605F00EFA0123ADF88C
S2140300D86400022219A90DF16600F5F76DFC0137D5
S2140300E80028DDD022E683267FE708F0CAFB06460B
S2140300F805F019FA3346009000220120A3490AF0B6
S214030108CCF800283FF412AE00273E46ADF8680048
S21403011805F009FA5FFA87F840450DD832460421F8
S214030128BDF8680000F07CFFBDF868300022294659
S2140301382046FFF79BFAF9E5404605F0D1F9FF2874
S2140301488DF866000BD0012301361A460DF16601B9
S2140301581AA8F6B2F5F730FC00287FF4E7AD0137A6
S214030168D6E75046B7F8029005F0BAF9FF288DF897
S214030178640000F0E2811AA905F0B4F9BDF8683006
S2140301884B4507D04FF6FF72914540F0D6811904C8
S21403019800F1D3819DF86D3012930E9B0533DBB2C5
S2140301A813930F9B149300234FF0000911934B46A8
S2140301B813E017934900139BC9B219440D9889B2E3
S2140301C80AF00EF84FF0000A179B159012995FFA7B
S2140301D88AF28A4216D309F10109149A5FFA89F159
S2140301E89142E6D39DF86E201292169A1392002B2C
S2140301F840F09581119B002B40F09F81109B149330
S2140302080123D1E711999DF86400179305F06CF95B
S214030218159A179B0AF1010A824208BF0123D5E7FC
S21403022809F106095FFA89F3B046169386E1BD1C01
S21403023829465046BC7A06F0ACF9012229465046B0
S21403024808F0C5FF504609F027FE284609F058FE71
S2140302583A88824207D04FF6FF72904203D00CF0DA
S2140302685AFB09F039FE84F00804C4F3C004214697
S2140302782846FFF719F82146284621B0BDE8F04F6F
S21403028806F02DBEBBF1000F7FF450AD12073FF505
S214030298AEAD33463A462946204601F08FF9002884
S2140302A87FF444AD842329462046394A21B0BDE865
S2140302B8F04FFFF7DBB90F9897F8008009F094FB27
S2140302C800210746204601F0E3FC312EA7EB000782
S2140302D8FFB240F0D5804FF0000A0120534652463D
S2140302E8CDE9008A2B4909F0D8FFADF86600002847
S2140302F83FF41CAD162251461AA8EDF779FB1AA847
S21403030808F048FD4FF0FF33DFF894B0CDE91C330F
S2140303189BF80090B9F1000F02D14FF0010A55E09F
S2140303281D4E33796F2B02D90026324625E05046F8
S2140303381CA9F6F73DFF0028F6D0184BB6F8009030
S214030348B3F86830B9F1000F2CD1003B18BF01236E
S2140303585B0143F004038DF87A3002238DF87B3073
S21403036873881B0A49461EA88DF87D300CF0E3F9FE
S214030378B8F1000F65D0002601220221BDF86600F9
S21403038800F04EFE32461CE55F6804002C68040045
S214030398901D040067680400045900208853002051
S2140303A80A600020B3EB090318BF01235B0143F07F
S2140303B805038DF87A3002238DF87B300F238DF8EA
S2140303C87C30CDE70AF1010A5FFA8AFA0AF1FF36AA
S2140303D8F6B230460CF0A5FAC307F3D59BF80030FF
S2140303E819EB030F04D009F101095FFA89F9E9E764
S2140303F8584B1CA918783044C0B2F6F7D9FE002823
S21403040892D0304609F079FD814630460CF089FAD9
S214030418C0070FD416238DF87A304F4B1B78013359
S214030428DBB20F2B28BF0F238DF87C304B4B33F8EA
S214030438163096E730460CF074FA8107EAD412238E
S214030448E9E7BDF866000BF0DFFD1630B84292DC2C
S214030458012316221AA90DF16600F5F7ADFA00284E
S2140304687FF464AC012660E712073FF5C0AC3B4651
S214030478224629460F9801F0F9F800287FF456AC6F
S214030488BBF1000F7FF452AC0CE7BBF1000F7FF40F
S2140304984DAC802307E708F0F4F950457FF446ACE3
S2140304A8B81CF5F7ADFF00283FF440AC08F0E9F9AF
S2140304B8064608F0E6F92A4B2A4ACDE92A033346C4
S2140304C880E538460CF035F909F0D2FC00283FF4ED
S2140304D82DAC2A90002329462046234A21B0BDE89E
S2140304E8F04FFFF7C3B84B462A4621460020CDE90E
S2140304F82AB721B0BDE8F04FFEF7F6BF4B462A46AB
S21403050821460120CDE92AB7F3E75B464A46294642
S21403051820462A9721B0BDE8F04F06F0E5BC012334
S21403052819A91A460DF16600F5F746FA00287FF46E
S214030538FDAB08F101085FFA88F8013604F0F3FF0B
S2140305485FFA86FA50453FF60CAEB8F1000F3FF453
S21403055833AC35E4476A0020BC60002036590020D7
S214030568966000206C68040037680400F8B5164BDC
S21403057804461D88154B20F8025B196879B10822D2
S214030588EDF788FA124B0C201B78124EA372124B07
S21403059819780023DAB2914205D8FF2209E0C4F895
S2140305A802104160EEE7013300FB03F7F75BAF4247
S2140305B8F0D10A4BE2721B782373094B1B786373DB
S2140305C8084B1B682361F8BDB6590020A4540020C5
S2140305D8D5600020A0570020416A0020B96000209B
S2140305E8B860002090540020F0B589B006460C4643
S2140305F8154609F0A8FF0DF10A020146304609F030
S21403060859FE144F0346F0B901223A702288BDF802
S2140306180A102AB102460090072003F048FF90B15B
S21403062803A8FFF7A3FFBDF80A000BF0EDFC064688
S214030638BDF80A000BF0CCFC21460090F3B228461E
S21403064803AA05F0D0FF0023034A3B70136009B0E2
S214030658F0BD00BFD6600020A4540020142230B595
S2140306688BB005460DEB02011548DEF7DDFC10BB23
S214030678BDF81430DA0720D413F0060FC3F341028B
S21403068808BFC3F341220F4B0DF116019C5C684665
S2140306982246EDF73DFBBDF8263004F128026A44EE
S2140306A802F8283C02341B0A02F8273C69462A4605
S2140306B8E0B208F07DFF0BB030BD2320FBE700BF98
S2140306C8703214E09BCC040010B58AB0ADF826202F
S2140306D80022CDE9052204920CAA02924FF6FF7275
S2140306E80446AC2101200192064A039004FB01222A
S2140306F8603200924CF620010DF1260209F00CFC3C
S2140307080AB010BD8853002010B54FF6FF741E4A72
S2140307188AB0B2F86800B2F85E10A042ADF82600B8
S214030728B2F85C304FF6FD70ADF8241018D081424D
S2140307384FF0000094BF48F660014CF66001CDE91F
S2140307480500CDE90300CDE9010094BF09AA60328C
S21403075800920DF12602042009F0DEFB0AB010BD54
S21403076881424FF000008CBF603209AA00928CBF0A
S2140307784CF6604148F66041CDE90500CDE9030033
S214030788CDE90100014AE6E788530020F25300202A
S21403079800B50E4B0022B3F85E308BB0ADF82430AC
S2140307A84FF6FF73CDE90522CDE90322CDE90122F1
S2140307B809AA00924FF400610DF126020720ADF84E
S2140307C8263009F0A9FB0BB05DF804FB885300201C
S2140307D8202A10B5144614D8012A04D10C88B4F577
S2140307E8004418BF0124620030B10748EDF752F9F8
S2140307F8064B00201C7010BD0548EDF74BF9054B5A
S214030808F7E72120F7E700BFB8590020D760002094
S214030818F8590020D86000202DE9F04710461746FF
S2140308280BF087FFDFF814A1DFF814919AF800306D
S21403083899F800200546134302D10020BDE8F08747
S21403084810F4406800F0400619D186BBB0F5804F17
S2140308585CD24FF4807400239AF80000344AD9B265
S21403086888425DD8002399F80000324AD9B28842F4
S214030878E3D932F8021B0133A142F7D155E0F81C3D
S2140308880BF057FF4FF6FF73984214BF0124022458
S21403089886B1052605F44043B3F5004F44F0080433
S2140308A824D0B5F5804F23D244F4807420E0444620
S2140308B80326EFE7B5F5804F4FF00506F4D3B8F5F2
S2140308C8406F14BF02200820304438440BF031FF31
S2140308D8194B05F44045B3F85C3083420CBF44F02B
S2140308E8080444F00404B5F5004F01D144F080042D
S2140308F8B8F5006F0ED1B8190BF01BFF0E4BB3F803
S2140309085E308342A7D144F01004A4E74446032686
S2140309180220D9E7B8F5406F08BF44F020049AE7E9
S21403092832F8021B0133A14299D1012086E700BFA2
S214030938F8590020B859002088530020D8600020B2
S214030948D76000202DE9F04F104685B01646984626
S2140309580BF0EFFE5D4F00F00803B7F85C10044693
S21403096800F00709F01C02930391B7F85EB00BF08A
S214030978E0FE06F1050A054650460BF0DAFE034686
S2140309884FF6FF70854218D00399A1EB050CDCF1EE
S214030998000545EB0C056D004FF6FF718B420ED133
S2140309A845F004050BF03EFD029B6BB1B9F1000F51
S2140309B811D0422005B0BDE8F08F0125ECE79B4532
S2140309C808BF45F00805EDE7B9F1030FF1D8DFE8EE
S2140309D809F0021B795D0BF025FD08B9A807E8D5D1
S2140309E824F00804A4B2B4F5004F05D0B4F5624F5A
S2140309F802D0B4F5404FDCD10025294697F8A82045
S214030A08002007F08BFD3CE0D7F88030E3B90021DF
S214030A1832460846FFF700FFD8B948F6410224F0E5
S214030A2838039BB29342C4D10A2D49D0062DC0D1B0
S214030A3897F87730023B012BBBD8F3F745FD002820
S214030A48B7D140F6040505E04146304698470028E6
S214030A58DDD00825E20648BF45F08005A30648BF53
S214030A6845F4805505F00C03042BC6D1F01D0BF096
S214030A7860FE97F8A8303246009341462B4607F0A7
S214030A8822FD08B30E9B1880002093E7A90705D11B
S214030A984FF6FF73B7F85C209A428AD104F4406392
S214030AA8B3F5006F0AD0B3F5406F82D108225046DB
S214030AB80749EDF7E9FA00287FF47BAF0C25C9E769
S214030AC80425C7E7432075E7192073E788530020F2
S214030AD8E8530020034B1A781AB1FF2A04BF0022F2
S214030AE81A707047DA60002070B5084C084E2378F1
S214030AF8F55C1DB13E2107480BF03DFDFF22237828
S214030B082846F2540023237070BD00BFD960002026
S214030B18DA60002070680400034B044A1B78D05C34
S214030B28FF3818BF01207047D9600020DA6000201C
S214030B380023074A07491360074A1360074A1360E6
S214030B48074A11600121074A1170074A1360704764
S214030B58B4540020ABA00300B0540020AC540020CB
S214030B68706900207B6A0020BC5400200E2A70B5EA
S214030B780C4606461546194603D9FFF7D9FF5020F3
S214030B8870BD012807D10020F3F7B8FCB0B1FFF712
S214030B98CFFF2120F4E780220021224B1A70224B34
S214030BA81960224B1B684BB134200BF085FA204B97
S214030BB8188018B9FFF7BCFF0120E1E724F0FF63AC
S214030BC823F4FF231BB1FFF7B3FF4F20D8E774B90D
S214030BD82046F3F7ADFC0124032510F0800F43B23B
S214030BE81BBF00F01F039C409C4044F07844002041
S214030BF8104B24F078441E700F4B10491D70104B91
S214030C081C60104B1870104B1A68F4F71FF818B1CD
S214030C18FFF78EFF0420B3E79DF810200B4B1A70DE
S214030C28AEE700BFDB600020B8540020AC540020B9
S214030C38385A0020E0600020DE600020390F0300E9
S214030C48BC540020DF600020B4540020DC60002081
S214030C587FB5244B00251A7801232348234903FA32
S214030C6802F200781A440A60ADF80E5020B3984290
S214030C7836D11F4C1F4B20781B680DF10E01984781
S214030C881D4EBDF80E20307092B11C4B29460093BA
S214030C98284602230195F4F713F83278237822B10D
S214030CA8012A12BF1B230133DBB2237004B070BDC5
S214030CB8013818BF0120F0E778235A43013A0A603F
S214030CC808220F490BF03EF90B49094A09781378AD
S214030CD821B1012912BF1B230133DBB21370E5E7E9
S214030CE81846E3E7DE600020E0600020C0540020DA
S214030CF8DF600020706900207B6A0020750F030000
S214030D08B9C30300024B1868003818BF01207047A0
S214030D18AC54002037B505461C460BF083FB68B970
S214030D2874B1084B1A60084B0A461C60012329460F
S214030D3800930323FFF71AFF03B030BD4D20FBE7EC
S214030D482520F9E7A8540020B054002013B504461C
S214030D580BF068FB58B962B1074B1A6001230A46C1
S214030D68009321460323FFF701FF02B010BD4D2071
S214030D78FBE72520F9E700BFAC5400202DE9F04136
S214030D880446DDE906861D469DF820700BF04AFBEF
S214030D9888B99EB1A2B10B4B01201A600A4B0A46CA
S214030DA8C3F80080094B21461E602B460697BDE80C
S214030DB8F041FFF7DBBE4D20BDE8F0812520FBE7B9
S214030DC82120F9E770690020B4540020B0540020AD
S214030DD80148F4F7ADBB00BF385A00202DE9F041AF
S214030DE80020F3F7A1FE114B114C1E68114B208807
S214030DF81D68114B114FD3F8008010B13978F4F7FA
S214030E0871FD00203870FFF793FEF4F7ABF90EB1C7
S214030E184046B0473DB12088A84700232380BDE855
S214030E28F0410BF023BCBDE8F08100BFB0540020AE
S214030E38385A0020AC540020BC540020E16000203F
S214030E48F8B52F48F4F764FE2E4B187830BBF3F743
S214030E586FFB2D4F06463B6803B32C4B2C4D1C6883
S214030E6824B195F900301A461946A047294B1B6842
S214030E7883B1294C2378312B0CD8284B18880BF0D0
S214030E88A7F823785A1C22702A78C25423785A1C47
S214030E982270C65480232B7000233B60204C237893
S214030EA81A2B22D81F4A1278012A09D100211E4A72
S214030EB8156825FA03F0C007DAB20ED501B1227019
S214030EC80020F3F735FB2178884212D10022174B0E
S214030ED81A70FFF7BDFE40B9F8BD0133D8B21A2819
S214030EE84FF00101E5D90A442270BDE8F840FFF740
S214030EF875BF0020F3F72EFB0028E7D0F5E700BF01
S214030F0874690020E0600020B8540020A85400202C
S214030F18DB600020AC540020E1600020385A002033
S214030F28DF6000207B6A0020BC540020DD600020C0
S214030F3808B50B4B187880B90221F3F7CDFA094B9D
S214030F481B782BB100214FF6FF720846F3F7A6FA73
S214030F58BDE808400448FFF773BF00210846ECE7DE
S214030F68E0600020DC6000207469002038B5144B6C
S214030F780C461D78012D21D181B90846F3F7D8FA16
S214030F88104A05FA00F013680F4923EA00031360B2
S214030F9820462A46BDE838400AF0D4BF0B4A1378E1
S214030FA80133DBB2022B137004D9BDE83840084876
S214030FB8FFF746BFFFF74CFE0028F6D138BD00BF43
S214030FC8E0600020BC540020B9C30300DD600020A5
S214030FD87469002038B50C4605460BF015F8A04290
S214030FE803D82D2103480BF0C6FA28460AF0F0FF6B
S214030FF8204438BD8468040070B506460D460AF0DA
S214031008E7FF044648B130460AF0FEFFA84203D875
S214031018352102480BF0AFFA605D70BD84680400A2
S21403102870B50C46064615460AF0EEFFA04203D8EE
S2140310383E2104480BF09FFA30460AF0C9FF00B178
S214031048055570BD846804002DE9F0438FB0074644
S2140310580C4615461E469DF85880F8F755F920B1F4
S214031068F4F796FE08B144F400544D4B1B7813B9B5
S21403107824F40074A4B2200509D546B9284604A961
S214031088F5F750F9002846D024F40064A4B2ADF866
S2140310981840ADF81A5007F0F4FB424BADF81C00A5
S2140310A8B8F1000F02D01A78424501D293F80080AF
S2140310B83D4AE105137848BF0DF1210103F1010309
S2140310C8DBB2137058BF08A922058DF81E808DF869
S2140310D81F3006D53368083141F8083C736841F871
S2140310E8043CE30407D5314A0831136841F8083C41
S2140310F8536841F8043C0DF11808A1EB08005FFAA1
S21403110880F9002148460AF0D7FF064628B900208A
S2140311180FB0BDE8F08304AEB9E70AF059FF4146BD
S2140311284A46ECF7F5FD30460AF06EFF8046304631
S2140311380AF04EFF0023024600934FF6FF7004237F
S2140311485FFA88F107F0BFF9ADF80E000028DED085
S21403115840F201131C421AD14FF6F7739D4216D874
S2140311680AF052FF0DF10E010446284600F090FDE2
S214031178BDF80E000AF048FFE4B2A04207D9BDF84E
S2140311880E0007F0EDF9437843F004034370BDF807
S2140311980E003A4601210AF067FFBDF80E00B7E7CE
S2140311A80C6000203B6A00200E600020966000203A
S2140311B8F0B50829D58889B028D00C2926D0AE04DE
S2140311C824D405F040030B43424C267816B105F0A9
S2140311D8200423432FB2002FB8BF43F0800303290C
S2140311E820D11223AC068DF80430937A10D48DF8E8
S2140311F805300DF1060401A9621A012392B2F4F729
S214031208DBFBB0FA80F0400909B0F0BD0B46DBE71C
S21403121832228DF805308DF80420002EE9D00DF122
S2140312281304E8E70C298DF804300ABF13895379A9
S2140312388DF80530548805BF1B0A8DF806308DF8DF
S21403124805300DF1070318BF0DF106031C70240AB9
S2140312585C70148802399C70240ADC70147901299E
S2140312681C7111D8917A002F597131DA022112892B
S2140312789971DA71120A03F109041A72002EBAD0A8
S214031288AB06B8D50534B6E7A9071AD4002F0CDA87
S214031298117A51B1917A59711189127A03F10804B6
S2140312A892B102229A71D971E8E70B4C217801F1C1
S2140312B8010C84F800C091729C1D002F5971DDDA69
S2140312C8EAE7917A9C1DF8E70122090A9A71EAE788
S2140312D89C1DD3E70C6000200D600020014B18808E
S2140312E8704700BF3A5A0020014B1888704700BF62
S2140312F83A5A00202DE9F84307460BF035F9054618
S2140313081B480BF0ACFA1B4B60B31C683C1B2C4405
S214031318A4B20022184BDFF868901B78174D03EB2E
S214031328830399F8006005EB43055FFA82F84645A0
S2140313380AD9AB8805F10A00A34216D90A23B21ABA
S21403134829465A43ECF7A6FB013689F80060AC80B9
S214031358B8F1000F03D1394605480AF025FF284699
S214031368BDE8F8833C461D60D3E705460132DCE753
S21403137894690020C4540020E2600020D25800205C
S214031388E36000201FB5154A154C1378013BDBB202
S21403139813706168206801AA03C221891180114A63
S2140313A81278D21805D00A2320465A43E118ECF7D8
S2140313B871FB9DF806301B070DD0BDF80C00FFF730
S2140313C899FF03468288ADF8082001AA03CA128843
S2140313D8186059601A8104B010BD00BFE26000208F
S2140313E8D2580020E3600020002108B5084B0948BE
S2140313F81970094B1970094B1A7802EB82025200CE
S214031408ECF7F6FABDE808400548F4F781BB00BFD9
S214031418E3600020D2580020E2600020456A0020DE
S21403142894690020F8B50024084D094F094E3B7807
S2140314383178E2B20B449A4204F1010400DBF8BDAA
S2140314482846F4F775F80A35F1E700BFD2580020A6
S214031458E3600020E260002010B5064C207828B12F
S214031468054807F0A9FD10B1034B188810BDFFF710
S21403147889FFF3E7E2600020D258002008B50A4A3D
S2140314880346107860B1094A1088984209D121B9F1
S2140314989378103323F00F039370FFF773FF01203D
S2140314A808BD0020FCE700BFE2600020D2580020F9
S2140314B82DE9F74F00260BF057F8DFF8F890B246F9
S2140314C899F80070B3463A46DFF8EC801FFA80FEB8
S2140314D8B8F800C0344CAEEB0C039BB201932378E8
S2140314E8324D009303EB830305EB4303ACEB0E0C7F
S2140314F85FFA86FEBE4515D3BAF1000F01D0009BEE
S2140315082370BA422AD3002F37D00A222378C8F882
S214031518000002FB03532648998803B0BDE8F04F42
S2140315280AF042BEB3F804E001998E4512D84FF08C
S214031538010A009993F802E001310EF1FF3EC9B2A1
S214031548013AA3F804B083F802E00091D2B20A3352
S2140315580136CDE7E644A3F804E0F8E789F8002067
S2140315684AB10A222378C8F8000002FB035310483E
S21403157899880AF019FE237813B903B0BDE8F08FEB
S214031588FFF76AFF06460028F5D006F01DFF01465A
S214031598304607F00EFD20B100212888FFF76EFFBE
S2140315A8E9E740F60241F8E7E2600020D258002057
S2140315B894690020E3600020C45400202DE9F0411C
S2140315C892F808801F4608F1FF33DBB2EF2B054677
S2140315D80E46144688B00BD982238DF80E30314652
S2140315E828469DF80E30204AFEF740F8012037E0DB
S2140315F80E22002104A8ECF7FBF9B4F809308DF89D
S2140316081180ADF81230E37A03F07F02032A08D07C
S214031618012B24D103238DF81030A389ADF8153098
S2140316280EE0032B14BF022301238DF81030E36862
S214031638CDF815302369CDF81930237D8DF814308D
S214031648A7F121014A420DF10E034A4100932146B0
S2140316580DF10F0304A8FDF737FC0028BFD10020BF
S21403166808B0BDE8F08100BF901D04002DE9F04FD7
S21403167800241D7895B0CDE902010492234622463C
S2140316880120CDE90054404908F007FEADF81E00D6
S214031698F8B1A346264627460DF120090DF1380A68
S2140316A8E9F71AF85FFA84F8404516D83A4602214D
S2140316B8BDF81E00FFF7B4FC32460421BDF81E0031
S2140316C8FFF7AEFCDDE903100022BDF81E30FDF778
S2140316D8CDFF012015B0BDE8F08F4A4640460AA95B
S2140316E8FDF7E4FB9DF8282022B12DB1013DEDB2AC
S2140316F80137FFB20134D3E7BBF1000FF8D199E8FD
S21403170803009DF829308AE803008DF84030BDF8B9
S2140317182A30032A8DF841304FEA13238DF84230D6
S21403172817BF032301238DF843309DF82C30DDF8CB
S2140317383110DDF82D0014BF8DF84C308DF843308A
S21403174811AB03C302980CBF4FF00E084FF01508F1
S21403175808F04AF90590BDF81E000AF055FC0599ED
S21403176800EB080399420BDB0123424651460DF171
S2140317781E00F4F721F90028ABD10136F6B2B7E715
S2140317884FF0010BB4E700BF6768040038B5054699
S2140317980D4B0E481C88F4F7A7F9012D0CD10C4BFA
S2140317A81C88FA21614358B1884209D28408012C5F
S2140317B8204638BF012038BD022D08BF0224F0E7B3
S2140317C802480AF0F1FCF2E7CE580020BC45002098
S2140317D8CC580020012208B5054B06481A7000218C
S2140317E80AF0E2FCBDE808400020FFF7CFBF00BFC1
S2140317F8F75F0020BC4500201E4B73B51A8802F11C
S21403180808039BB2012B02D81B4B1B7823B902B0E3
S214031818BDE87040F4F77CB90024184B184D1C70CB
S214031828184B1C702B787BB14FF6FC73164E00933F
S214031838224623462146308808F0FCFA4FF6FD7305
S2140318482C70338001200FE0104B1046197807F0F0
S214031858AEFB0028F6D10C4B1A884FF6FD739A4256
S214031868F0D0012302202B7002B0BDE87040FFF7CA
S2140318788DBF00BFD0580020F75F0020FA5F002016
S214031888F85F0020F95F0020CA580020FB5F00209D
S214031898012808B50AD002280CD020B9084B1870BE
S2140318A80848F4F735F94FF0FF3008BDBDE808409F
S2140318B8FFF790BF0020BDE80840FFF767BF00BFEB
S2140318C8F75F0020BC45002002280CD859B1064A09
S2140318D813780133DBB21370044A12789A4202D89B
S2140318E80220FFF7D5BF7047F95F0020FC5F002092
S2140318F838B5A0F61343012B04460D4615D80E4AF1
S21403190813780133DBB213700C4A12789A420CD858
S2140319184FF6FD720A4B00201988914201BF002238
S2140319281D80084B1A70FFF731FF29462046BDE88D
S214031938384004F05CBE00BFFA5F0020FD5F00205D
S214031948CA580020F85F002000234FF6FD71054AA9
S2140319581370054A1370054A1180054A1370054A21
S21403196813707047FA5F0020F95F0020CA580020FA
S214031978F85F0020F75F002030B5094B02461B7856
S21403198833B1084B084C19780023D8B2884201D3E0
S214031998FF2004E0013334F823509542F5D130BDD7
S2140319A8446A0020FF5F0020AA5800200022FF2177
S2140319B8044B05481A70054B1970054B1A789200A4
S2140319C8ECF716B8FF5F0020AE580020FE5F002035
S2140319D8446A0020F7B58DF807100DF10701044691
S2140319E802F0D1FD234B1D78002D41D02046FFF78A
S2140319F8C3FF214EFF283178204B05D1204A1078A3
S214031A0885422DD9451C1570884219D01C4A1B4D92
S214031A1892F800C00022D7B2BC450CD92F4697F8D7
S214031A2803E00132864505F10405F4D102B203EB5F
S214031A388202D278FA7002B203EB8202D170307057
S214031A4802B203EB820123F82240FF228A709DF834
S214031A580720FF2A02D003EB8203987003B0F0BD79
S214031A680A46104603EB8202D278FF2AF9D1CBE75F
S214031A78FF20F3E7446A0020FE5F0020AE580020EC
S214031A88FF5F00202DE9F843FFF776FFFF2804469B
S214031A9869D04FF6FF72354F03B2DFF8DC80344E59
S214031AA827F8232098F80050A54202D10020BDE865
S214031AB8F883337820B28100A34207EB800090F8BE
S214031AC803E010D00023294A5FFA83F94D4594466C
S214031AD806D99CF803900133A14502F10402F3D119
S214031AE88CF803E001E086F800E0013DEDB22A1B1E
S214031AF8D2B2043192003944EBF7CCFF88F8005091
S214031B083378FF2B04D0A34224BF03F1FF3333708B
S214031B1800214FF6FF70154BCAB2AA420CD3002316
S214031B284FF6FF71134ADCB2AC42BBD2013332F82C
S214031B3823008842F7D1B5E79A78A2420BD11880DA
S214031B48DA78FF2A04D0A24224BF02F1FF32DA7001
S214031B5801310433E0E7FF2AF2D0A24224BF02F1A0
S214031B68FF329A70ECE72D20A1E700BFAE5800209D
S214031B78FE5F0020AA580020FF5F0020F8B51C4B24
S214031B8805461B78084673B3FFF7F6FEFF28044698
S214031B9829D02846FFF7F0FEFF2806D0154B164E29
S214031BA81A780023D9B2914218D3FF212846FFF7A3
S214031BB811FFFF28014616D00546104F23B207EB40
S214031BC8830237F823009678FFF704FFA84208BF76
S214031BD8FF25FF2E214608D12846F8BD013316F8FF
S214031BE823108142DED1FF25F6E73446E6E700BF39
S214031BF8446A0020FF5F0020AC580020AE5800203F
S214031C082DE9F04180460E461F46002386B001A8FC
S214031C1814469DF830508DF80330FEF7A7FCADF850
S214031C2804802EB13368CDF806307368CDF80A30D1
S214031C3838460AF0CDF90DF103034219214601A8E7
S214031C4804F0E1FC9DF8033093B931464046E8F7C3
S214031C5837FF0E4B1B785BB10B2C09D8FF21404688
S214031C68FFF7B8FE064605EB4404E4B2A54202D1E4
S214031C7806B0BDE8F0812946384608F0B1FA314681
S214031C88FFF7A8FE02350646EDB2EFE7446A0020E2
S214031C9800232DE9F3470DF107028DF807300446B4
S214031CA80E4602F05BFC9DF80730054663B92046EE
S214031CB8FFF762FE04465EB130880AF0A5F95FFABC
S214031CC880F8FF2C45D10025284602B0BDE8F087EA
S214031CD8B046F6E701320C2AF5D02DB207EB850598
S214031CE8AD78FF2DF6D112F0FF0AECD04FEA4A057D
S214031CF80235EDB2002EE7D0304605EB080108F0B2
S214031D0834FA0028DFD1524641463088FFF788F96F
S214031D180AF1FF3208F1010108F102093088D2B24C
S214031D28C9B25FFA89F9FFF77BF924B207EB840493
S214031D38A478FF2CC8D023B2494637F82320308826
S214031D4808F05EFA0028BED109F102095FFA89F99C
S214031D58EBE725460022014FBFE700BFAE58002039
S214031D6808B5D5F777FED5F761FA00F04AFAD6F73D
S214031D7879FEBDE80840D5F709B810B504460188CA
S214031D880120D5F727FFE3880BB9C823E38010BDE6
S214031D9837B50446D5F72CFF658885420ED8A18843
S214031DA8E288814205D3431B5343491BB3FBF1F334
S214031DB89AB280B240EA024003B030BD0022F8E788
S214031DC870B50C46088800F04BF994F8443005467D
S214031DD883420FD004F11C06304600F07CF984F8E1
S214031DE8445000F07CF9618BA0643046BDE870402F
S214031DF800F06CB970BD38B5044690F84410837883
S214031E08826CCB1A59425941D5F72AF8E37893B12D
S214031E18257985B900F063F90346A268218A04F197
S214031E281C009C1A8C4236BF52182946D11ABDE8A4
S214031E38384000F04BB938BD09B100F0FDB800F0E2
S214031E4805B938B58388044603B3E3780088A178D0
S214031E5804F10C05A3B10023B1FA81F1E370490933
S214031E68FFF7EAFF4FF6FF72A388218993421CBF48
S214031E7803F1FF33A3802846BDE8384000F026B9AF
S214031E880123E370FFF7D8FFE188F4E738BD10B500
S214031E98044681780088FFF7CFFF0123E370002309
S214031EA8A38010BD10B581780446B1FA81F1008885
S214031EB84909FFF7C1FF0023E370A38010BDFFF7AE
S214031EC8F1BF70B50446054600262B4655F8040BA5
S214031ED810B11B1B0C2B00DD70BD237C8680002BEA
S214031EE8F3D0637C13B1FFF7D2FFEEE7FFF7DAFF11
S214031EF8EBE7FFF7E6BF70B5044605464FF6FF76F1
S214031F082B4655F8040B10B11B1B0C2B00DD70BDBC
S214031F188388B342F4D04FF4FA724FF6FF73114630
S214031F28D4F7F2FFECE709B100F086B800F08EB8F4
S214031F3810B50446C0600830D5F7BEFF217920885F
S214031F48B1FA81F14909FFF7EEFFA37943B1217985
S214031F586088B1FA81F1BDE810404909FFF7E3BF8D
S214031F6810BD00F0A9B80346184613F8012B8A4299
S214031F7801D0002AF8D1704710B53B210446006803
S214031F88FFF7F1FF0022034603F8012B20682360BE
S214031F9810BD10B540B1421E0A24002012F8013FB6
S214031FA8303BD9B2092900D910BD04FB0030F5E748
S214031FB808B500F07EF808B540F2BA4200211020B2
S214031FC8D5F784FD41F2E823584340F6FF7300F241
S214031FD8FF70B0FBF3F080B208BD50F80C3C23B199
S214031FE850F8041C30F80E0C18477047084619B109
S214031FF8FF21103002F0D9B9704773B505460E466F
S2140320086DBA1446D5F78EFEADF804507EB1012C92
S21403201804D0032C09D00022012101E02246022124
S21403202801A8D7F79BFF02B070BD0022F7E704218B
S21403203832460DEB0100F4E707B540BAADF80400E5
S21403204801A8D7F7BFFF03B05DF804FB07B540BA8E
S214032058ADF8040001A8D7F7E1FF03B05DF804FB69
S214032068002307B540BAADF804000DF1030101A833
S2140320788DF80330D7F7FEFF9DF8030003B05DF82D
S21403208804FB007800F0DF03552B07D0642807D03D
S214032098663818BF4FF0FF30C0B27047012070474C
S2140320A80320704718B12D280CBF01200220704763
S2140320B8704708B501F06BFD08B500F083F8BDE876
S2140320C8084004F06EBA50E9023018470A4608304A
S2140320D8FF2102F061B9FF21083002F06EB908B596
S2140320E80AF0A1FABDE8084009F026B813B500249B
S2140320F80DF107008DF8074003F005FA40B99DF87F
S2140321080700033803288CBF0020012002B010BD47
S2140321182046FBE72DE9F041044600274FF00C0E56
S2140321288F4202DB0020BDE8F0812078904204D17C
S214032138002594F80780454502DB01370C34EFE7A2
S2140321480EFB05F6D4F808C00CEB06003CF8066050
S2140321589E42E8D00135EEE7F0B585B005460E4653
S2140321681746D5F7FFFE0446A0B131462846D5F7ED
S214032178B1FE83783A46002BA36831460293A378C8
S214032188284601934FF0000300930CBF8023402397
S214032198E4F732FF05B0F0BD08B51288D5F7E2FEBE
S2140321A850B10279BDF80C309A4207D88168029874
S2140321B8EBF770FC002008BD8620FCE78920FAE7C9
S2140321C8D5F7D4BF002004F068BA08B504F0CDFAF2
S2140321D8002814BF0320002008BD10B50446FFF7E7
S2140321E885FF20B12046BDE81040DFF74BBE10BD83
S2140321F808B5FFF77BFF18B1BDE80840DFF734BE24
S21403220808BD704708B501F0ACFFFFF7A9FDD6F780
S21403221819F86420DFF746FE6420DFF733FE01F083
S214032228A2FFD4F7E1FD08F0B1FBF8E7F8B5D0E96B
S2140322380176437B04460D4613B133463E461F4696
S214032248FFF74DFF012D206438460ED1D4F7C2FEA2
S2140322583046D4F7E3FE257360784FF47F42BDE833
S214032268F8404FF48171FFF777BF022D05D1D4F7F5
S214032278D5FE3046D4F7AEFEEDE7D4F7CFFE3046AC
S214032288D4F7CCFE0025E6E738B5037B04468B4235
S2140322980D4607D190F844305BB3BDE83840483064
S2140322A8FFF719BFFFF71BFF216C431AC72B0CD880
S2140322B80123C83184F8455084F84430091A04F1D8
S2140322C84800BDE83840FFF701BF0DB1237B2BB9A3
S2140322D829462046BDE83840FFF7A8BF0021204618
S2140322E8FFF7A4FF0123C82184F8455084F8443037
S2140322F8E5E738BD90F84510FFF7C6BF0121FFF79D
S214032308C3BF0221FFF7C0BF0021FFF7BDBF4FF6CB
S2140323180173994210B5044602D10021FFF7B4FFB2
S2140323282046BDE81040D6F72FB9032910B5044652
S2140323382BD0007B30B9012903D002290CBF01201A
S214032348FF2010BD032A07D8DFE802F0020810149E
S21403235801291CD002291FD0FF20F2E70029FBD150
S214032368B4F85C20012A12D0022AF4E704290ED016
S2140323780529F0E7042914D0052914D00029EBD140
S214032388B4F85C20111F0129ECD80220D9E75A1E9D
S214032398534253415800D4E7022B0CBF02200120B6
S2140323A8CFE70020CDE70120CBE730B587B0054659
S2140323B80C46D5F7C9FE012820D11CB1611E4B4235
S2140323C84B4158006B784FF480728DF804304FF405
S2140323D88273ADF806304FF48173ADF808300123E5
S2140323E88DF80B30002385F8900001A8CDE9032368
S2140323F88DF80A408DF81430D5F7DEFE07B030BDE9
S21403240841680346C978027B99B98168C97899B93E
S214032418002A08BF0321D6F77BB99B7B002B0CBF8A
S21403242801210221F7E79B7B002B0CBF0221012128
S214032438F1E7012AF1D17047012AF4D1704704293C
S21403244810B5044604D831B1BDE81040D6F7E4B950
S21403245805290DD010BD037B5522002B08BF032189
S214032468A0F85C1040781221FFF776FE2046EBE7CB
S21403247843681A8A83681A82E6E701230373037894
S214032488013343734FF44073C38103230374002358
S214032498A0F85C3080F89030704738B504460D468F
S2140324A801B945890123E373FFF719FEFA2202FBF4
S2140324B8050020612089BDE838405043FFF78DBEEC
S2140324C810B50446806BD8B1E278022A04D0636B51
S2140324D85B7972B984F83C3094F83C306BB1FFF7FB
S2140324E8D6FC60784FF60272BDE810400621FFF767
S2140324F833BEB3FA83F35B09ECE7FFF7D3FCF0E7E5
S21403250810BD10B50446406BD4F764FD2046BDE8FD
S2140325181040FFF7D5BF10B50446406BD4F77EFDD1
S2140325282046BDE81040FFF7CBBF10B50446406B06
S214032538D4F79AFD2046BDE81040FFF7C1BF10B593
S2140325480446002206214078FFF706FEA378022BEE
S21403255801D0FF2B04D12046BDE81040D6F7BEBCF9
S21403256810BD4FF60273994210B5044601D1FFF722
S214032578A7FFE378022B02D02046FFF7A1FF2046E9
S214032588BDE81040D6F7AABC10B5D0F8A4407CB175
S21403259803791BB14079D6F761FD48B9A3883BB9DF
S2140325A832222046BDE8104001231146D4F7ACBCBE
S2140325B810BD10B50446FFF7E7FFA278237982B962
S2140325C813B12046D6F770FD2046D6F7ADFD032394
S2140325D86078A4F86C305522BDE810401221FFF746
S2140325E8BBBD012B02D12046D6F75EFDA379012B8E
S2140325F802D12046D6F798FD0123E9E710B583787C
S2140326080446ABB9FFF7C0FFA3788BB9237913B198
S2140326182046D6F769FD2046D6F7CAFD0423607818
S214032628A4F86C305522BDE810401221FFF794BD7C
S214032638B4F86C30022B0DD02379032B02D1204635
S214032648D6F732FDA379032B02D12046D6F76CFDC5
S2140326580023E4E72046D6F7EDFDF9E7827883689A
S2140326685AB9DB78002B14BF03230423A0F86C3075
S214032678552212214078FFF76FBD1A7922B9DB7805
S214032688003B18BF0123F1E70223EFE77FB50023DA
S2140326989E6A0446B6F5C04F0D460CD201A8D6F777
S2140326A875FF039B5B0506D529462046336C04B0A5
S2140326B8BDE87040184704B070BD00239B6AB3F5A5
S2140326C8C04F05D21B6BB3F5C04F01D29B681847A2
S2140326D84FF4817070471FB500239A6AB2F5C04F4E
S2140326E804D340F2011005B05DF804FB126BB2F593
S2140326F8C04FF6D2012201A8CDE902338DF8042093
S214032708D6F744FF039BDB03EBD5029B1A0EE8D0F0
S214032718012A03D1C3F307430A2BE2D900239B6A92
S2140327281B6B1B6C9847DEE7002303607047036840
S2140327380B600160704710B538B132B129B1002378
S2140327480139D45C14B90023037010BD8B42FAD246
S21403275800F8014B0133F4E7034638B10020814201
S21403276804D01A5C02B970470130F8E770474FF097
S214032778FF31FFF7F1BF70B50C461646054660B144
S2140327885AB151B1FFF7F3FF844206D9211A3246EC
S2140327982844BDE87040FFF7CEBF70BDFEE7FEE7EE
S2140327A800239A4200D1704710B550F8234041F8E9
S2140327B8234001339A42F8D110BDD7F7B3BB436918
S2140327C8426CD91C143AB1FBF2F103EBC100033097
S2140327D8B0FBF2F00230704738B505460C46FFF7F3
S2140327E8EEFF6A6CE31D143AB3FBF2F3013304EB12
S2140327F8C30402FB004038BD38B505464469214684
S214032808FFF7EAFF6A6CE31D143AB3FBF2F30133EE
S21403281804EBC304204438BDF7B507460E46002527
S2140328287C6CA819644280EA06031C4003D02C4635
S214032838204603B0F0BDFB6B01225B6901A99847EC
S214032848019B0133F4D10435EAE770B505460C4617
S214032858D9F742F9EB6B2046BDE87040DB681847AA
S21403286870B50025044686B00562E369AB4202D814
S214032878206A06B070BD666C2068E36B05225B6948
S21403288801A906FB0500984701A800F023FC00F001
S21403289846FC10B1236A013323620135E5E738B5F0
S2140328A80446456C006804F1400305FB0101E06B30
S2140328B800F042FC05462046FFF7D2FF284638BDFF
S2140328C8F0B50546002687B0EC69013CB44203D848
S2140328D80C46204607B0F0BD01B14C1E6F6C286845
S2140328E8EB6B05225B6901A907FB0400984701A85F
S2140328F800F0F0FB00F013FC0028EAD1214601366D
S214032908E2E7F0B504460D46466CE36B006887B00D
S21403291805225B6901A906FB0500984701A800F094
S214032928D9FB00F0FCFB20B101A800F0AAFB07B016
S214032938F0BD29462046FFF7C3FF0646676C2068A6
S214032948E36B05225B6901A907FB0600984701A804
S21403295800F097FB431CEAD0B54238BF0130E6E7E0
S2140329682DE9F0434FF6FF79D0F8248004460E4647
S214032978C84514BF45460025002787B0E369BB4210
S21403298802D807B0BDE8F083E26B2368606CD2F820
S21403299814C000FB0530052201A9E04701A800F092
S2140329A899FB022806D0C8450CD1721C2946204636
S2140329B8FFF775FFE3690135B5FBF3F2013703FB50
S2140329C81255DBE729462046FFF79BFFB0F1FF3F8A
S2140329D814BF024632460132E8E70368F0B5CC1A5C
S2140329E8436C0646B4FBF3F4002587B0F3693768EF
S2140329F85A1E9542706C08D3706C336800FB04301B
S214032A0807B0BDE8F04000F095BB0134B4FBF3F221
S214032A1803FB1244F36B05225B6901A900FB0470F0
S214032A28984701A800F056FB00F079FB0028E3D18D
S214032A380135DBE710B423F0030422449B070A445A
S214032A48436C18BF04325B4281EA0204234203D074
S214032A585DF8044BFFF7C1BF10465DF8044B70479B
S214032A682DE9F041D0E90A369E42044686B028D1BD
S214032A781422C369456802FB1355284606B0BDE809
S214032A88F0812068676C331AB3FBF7F3E26B07FB36
S214032A980300D2F8148001A90522C04701A800F054
S214032AA819FB012804D0636C1D44013B3340ED1A1F
S214032AB831462046FFF791FF0646A36AB342E0D1A4
S214032AC8DBE70025F9E708B508301346D1E9001215
S214032AD8D8F788FF012008BD13B50C4600212176D8
S214032AE80093616813462246D7F776FB18B1E37D51
S214032AF803B1A07EA075A07D02B010BD73B51646BF
S214032B0800F108050C46284609680DF1070200F08F
S214032B1898F9032E06D16368834203D128462168B1
S214032B2800F076F9012002B070BDD01E009B424229
S214032B384241187E824211D11A688A420ED85A68D0
S214032B488A420BD35A6901325A61D3E90302824295
S214032B583FBF986840F8221001321A610120704777
S214032B6810B5032A029C07D1A26A5340626C5242EC
S214032B78134201D100F04CF9012010BD08B5C36813
S214032B8800209847BDE80840D8F7AEBF012814BF11
S214032B980420022070B5002442431C70CC7D101D0F
S214032BA802F002024CB91AB1012220F003001A708F
S214032BB800F108034868184470BD1AB1012220F0D2
S214032BC803001A7000230C7E01F12005DAB2A24234
S214032BD801D30020F0E735F833205E1C824206D97D
S214032BE801EBC30300F10802D8691044E4E733464F
S214032BF8801AEBE773B5054690F842601C463046E4
S214032C080DF10303FFF7C2FFEB6B012E5B690DD1D2
S214032C18324601A998479DF8033013B1BDF806302C
S214032C280193BDF80430236002B070BD012221462B
S214032C3802B0BDE870401847F0B50546002448685A
S214032C48EB6B87B00E4601225B69029402A9083033
S214032C589847274695F84230012B40F0AC80632C02
S214032C6800F2AB80612C08D805AB224631462846CD
S214032C78FFF7C0FF9DF814305BB305AB2246314619
S214032C8828468DF81070FFF7B5FF95F84230012BEC
S214032C98059B7FD14FF6FF72934256D0082205A9AB
S214032CA804A800F063FA059B9DF81010C3F30722E7
S214032CB891424AD1DBB2029A1A44029245E0DCD02A
S214032CC805AB224631462846FFF794FFBDF8143075
S214032CD8D2E795F84230012B39D1612C2ED82246FB
S214032CE83146284603ABFFF785FF3146284604AB33
S214032CF8621CFFF77FFF3146284605ABA21CFFF789
S214032D0879FF102208230DEB02010DF107008DF859
S214032D18073000F02BFA102205A90DF1070000F082
S214032D2825FA039BDAB24AB99DF80720B2EB132FAC
S214032D3804D1DDE9043203EB0243029395F84230EB
S214032D48012B14BF012302231C44013482E7302CD1
S214032D58F4D822463146284603ABFFF74BFF3146E5
S214032D68284604AB621CFFF745FF102320220DEB11
S214032D7803010DF107008DF8073000F0F7F9039B00
S214032D889AB2002ADAD19DF80720B2EB134FD5D1B1
S214032D98049BD2E70133D8D0102205A90DEB020015
S214032DA800F0E4F9059B9DF81010C3F3074291421F
S214032DB8CBD19BB27FE7312C81D9029807B0F0BDFF
S214032DC813B500240194049C0094D7F7E1FE02B0DF
S214032DD810BD13B501240194049C0094D7F7D8FEBC
S214032DE802B010BD00234FF0FF3230B544689C4252
S214032DF802D10023037230BD016801EBC30541F815
S214032E0833206A600133F2E7C0E90012FFF7EABF2E
S214032E180023F0B545689D4210D00468DF0054F8D7
S214032E28332004EBC306B2F1FF3F08D0C2F3130204
S214032E38914204D14FF0FF33E3517360F0BD013381
S214032E48E9E70023F0B545689D4202D14FF0FF300D
S214032E580EE00468DE0054F83340671C09D0C4F358
S214032E681307B94205D1240D147003683344586810
S214032E78F0BD0133E8E7704770B59400224605466F
S214032E880E4609F089FD431C0AD058B92246314636
S214032E982846EBF7F9F8002814BF3D20002070BD3C
S214032EA86E20FCE77120FAE713B5044601A8DAF7A3
S214032EB8ABF89DF8063023804FF480736380DAF707
S214032EC8BDF86060002002B010BDDAF71DB808B57B
S214032ED8DAF70AF8002008BD10B5044644EA0103E9
S214032EE813F00303084609D1934201D1002010BD0D
S214032EF854F8231040F823100133F5E721469200CF
S214032F08EAF706FFF2E710B5044609F049FD431C45
S214032F1810D088B9DAF792F8234620F00300204445
S214032F28984201D1002010BD53F8042B0132F7D084
S214032F383E20F8E76E20F6E77120F4E7704713B5EE
S214032F480023044601461B220DF107008DF80730BF
S214032F5800F00CF922689DF80730B3EBD26F0CBF6C
S214032F680120002002B010BD13B500230446014615
S214032F7820220DF107008DF8073000F0F7F80DF161
S214032F8807001A22211D00F0F1F862689DF8073041
S214032F98B3EB926F0CBF0120002002B010BD00688F
S214032FA8431C584258417047006810F07E0F0CBF08
S214032FB8C0F3C160002070470068C0F3D3107047A1
S214032FC8006800F07F0001288CBF002001207047AE
S214032FD8036813F07E0F14BF0420082070470368A5
S214032FE813F07E0F03D1406820F07C40704713F03F
S214032FF878001CBF03F07F03D81F7047006800F0F3
S2140330087F007047032809D0022803D1C1F10201C3
S214033018C8B2704700290CBF07200020704737B591
S214033028054601F10C044369694601222046984780
S214033038BDF80030012201932046AB6901A99847E1
S21403304803B030BD37B501F10C0443690122694664
S2140330580546204698474FF6FF72009B99B2914261
S2140330680DD16FF30F0343F4254343F0A5030193F0
S21403307801222046AB6901A9984703B030BD00205A
S214033088FBE737B5044600251B22011D0DF1070093
S2140330988DF8075000F06AF860689DF80720B2EBD1
S2140330A8D06F03D120F0784003B030BD0DF1070090
S2140330B81B2204F108018DF8075000F057F8A068A2
S2140330C89DF80730B3EBD06F01D1C043EAE74FF062
S2140330D8FF30E9E74BF29A22036810B5B2EB134FB9
S2140330E8044613D19BB2012B13D1FFF7CAFF013055
S2140330F80CD04FF6FF72E068B2EB104F4FEA10435E
S21403310809D180B2C01A18BF012010BD2368013345
S21403311803D00420F9E70220F7E70320F5E70128A0
S2140331288CBF002001207047033801288CBF00207D
S21403313801207047143070472DE9F041054698463C
S214033148036908460E4617469847044638B9434661
S2140331583A4631462846D8F737FD044618B131466D
S2140331682846FFF75CFF2046BDE8F0811F2A0B6858
S2140331789EBF4FF0FF3191408B43590801F05531FC
S2140331885B1A03F033319B0803F033330B4401789F
S21403319803EB13130A444FF0013103F00F334B4389
S2140331A8A2EB13620270704708B507F0BBFABDE8D6
S2140331B808400021D8F706BF0029CCBF012100210B
S2140331C8D8F700BF02214FF42070D9F7D1B970475A
S2140331D870470020D9F76CBA0120D9F769BA704747
S2140331E870B5054614460E4609F031F92B685C405F
S2140331F834405C402C60BDE8704009F023B943694D
S214033208DB01FCD4012300F5005043607047022A13
S21403321810B54FF0000405D9033A022A0CD9036007
S214033228047110BD11F4000218BF4FF07F4221F05D
S2140332387F4313430C0EF2E721F0FF03CCB2EEE70D
S21403324830B4012500F5805344685D60CB784D782B
S2140332585B0443EA05230D7889782B43090401F4B4
S21403326880310B43C0F89830E30702D430BCFFF72D
S214033278C6BF30BC704738B50C460546FFF7BFFFD8
S21403328823781146627803F0070343EAC203E27819
S214033298284643EA0223A278120102F030021343B7
S2140332A82B67EB6AA27923F48B3323F4807343EA00
S2140332B802432279120202F4E0621343627912038C
S2140332C802F480521343EB62FFF7BAFF012305F5B6
S2140332D880525360E27902B1EB6038BD08B50A6FD5
S2140332E8C96F02F00702FFF792FF08BD4FF050239D
S2140332F84FF400321A6770474FF0B0435A6812B15A
S2140333089A6A002AFAD1704770B5054614460E46DF
S21403331809F09DF82B685C4034405C402C60BDE89F
S214033328704009F08FB80122417803788A4030212B
S2140333384B4342F2100103F1A04303F570335A508E
S214033348704721FA00F2D20730B5034600F0FC04B2
S2140333580FD500220132D2B2042A02D14FF0FF3031
S21403336808E0831803F00303234421FA03F5ED0763
S214033378F0D4184630BD0020704700207047002060
S21403338870470020704701207047012070470F20C0
S2140333987047EBF79BB900207047FFF7FCBF002088
S2140333A8704770470020704700207047C368194469
S2140333B8836853F8210030F8023B136070470123F3
S2140333C810B580F888300378044653B100F061FAE4
S2140333D821462046DAF796F92046BDE8104000F065
S2140333E84DBA10BD38B50D460446DAF773F96B685F
S2140333F82046C4F8B032A96800F096F94FF0FF33B8
S2140334082046C4F8B432FFF7CDFF38BDD0F8B4323F
S21403341810B50133044601D0002010BD00F0BCFAF5
S214033428C4F8B4020130F7D194F8B80280F001006A
S214033438F3E708B5DAF78AF908BD0A7801382D2ABA
S2140334480ABF012200228918DAF7DCB907281BD835
S214033458DFE800F0060A0D1013150417012070475D
S21403346800220820DAF7CEB900221020FAE7002255
S2140334782020F7E70820FFF7E0BF1020FBE720200F
S214033488F9E70846DAF720BA002070472DE9F7432C
S21403349807280C46DDE90A7690461D4608D8013803
S2140334A806280AD8DFE800F01D27303A44574A00B2
S2140334B8212850D003B0BDE8F083002220461146E9
S2140334C8EAF762FA3368C0B205EB83013A6845F84F
S2140334D82300013348F8221033603B6801333B600E
S2140334E8E8E7002220461146EAF74EFA336880B228
S2140334F805EB8301EAE7002220461146EAF744FA79
S214033508336805EB8301E1E7002220461146EAF714
S214033518E9FB336840B205EB8301D7E70022204670
S2140335281146EAF7DFFB336800B205EB8301CDE704
S214033538002220461146EAF7D5FBE1E70023894631
S2140335481E461D468DF8063019F8013F7D2B06D119
S21403355825702D0A65703B6848F82340BDE7202B85
S214033568F2D006F00102013612B98DF80430EBE703
S2140335781022002101A88DF80530EAF7B3FB63197A
S21403358801359870ADB2DFE72DE9F04F9B4600236F
S21403359885B08B45814688469246CDE902336BDC77
S2140335A81A461E4619F80340212C09D81F2C04D89E
S2140335B8103C072C98BF012200E001260133F1E7EF
S2140335C8FF2CFBD15B4436B1013B43450ADD2B2078
S2140335D805B0BDE8F08F62B1013B4345F7DC3546DD
S2140335E8374602E000252F462E46454504DB0020D5
S2140335F8EEE79845F3D0EAE75D453BDB19F8073075
S214033608202B18D109EB07035B78FF2BDFD1CEB944
S21403361820465AF82510FFF719FF78B303AB019332
S21403362802AB00932046DDE90E235AF82510FFF770
S2140336382DFF0135D9E7212B0ED109EB07035B785C
S214033648FF2BC4D1029B5AF825200E99012641F870
S214033658232001330293ECE7A3F11004072C02D9C5
S2140336681C460137D3E709EB07035B78FF2BAED17C
S214033678E4B2CCE70624CAE72120A9E72620A7E771
S2140336882DE9F04F07460E4615469846044685B07C
S214033698DDF84490DDE90FAB206808B3DAF80020BC
S2140336A8D8F800108A421BDA0E9B53F82210D6F776
S2140336B86DFB48BBDAF800200132CAF800206268BE
S2140336C8117BFE291BD10E9B1068012100932A4605
S2140336D84346CDE902B9CDF804A0FFF7D1FF044667
S2140336E82B7843B999F800302BB97EB101233C46B1
S2140336F889F800302B70204605B0BDE8F08F01230B
S2140337088BF800302B70EBE70C34C5E73446F2E74A
S21403371810B50446236803B910BD237A13B92046A7
S214033728DAF708F90C34F5E710B541B10A7932B976
S21403373801249C300C71FEF7FAFF204610BD0020CA
S214033748FCE72DE9F041BAB005460AAA084603A9DC
S21403375800F05FF90446B0B90DF10A0301930DF1C1
S2140337680B038DF80A0000930AAA284604AB03A99C
S214033778DAF790FA9DF80A20B2B19DF80B2048B103
S2140337882AB1DAF7D7F820463AB0BDE8F081FFF752
S214033798BFFFF8E7D5F89C50002DF4D0A86808B109
S2140337A8FFF7B6FF2D68F7E700B346681AAB06F1CE
S2140337B80C082AAF01934046049B039900970AAA6C
S2140337C8FFF7E2FE04460028DDD1039B05A8CDE9F2
S2140337D80637049B0595CDE90838DBF74BFD05A8A6
S2140337E83368984705A800F03FFDCCE72D24CAE7C1
S2140337F810B50446AC30E9F7F7FF04F1AB031A1823
S2140338080020934200D110BD13F8011F0029FAD0F7
S2140338180A2908BF0130F4E70023F0B50B601360EC
S2140338280646D0F8AC0278B196F8AC0060B101242D
S21403383806F1AC07D6F8AC02844210D306F1AC0006
S214033848B3F5007F10D30120F0BD0D6801350D6078
S214033858156801351560F85C01330A2802D0B3F5FC
S214033868007FF2D30134E5E7C15C0A29EBD00029CF
S214033878E9D01168013301311160E1E710B5002181
S214033888D0F88C200446EAF7B3F80023C4E92433B7
S21403389810BD73B5044600F1AC0580212046FEF73B
S2140338A85BFF4FF4007106462846FEF755FF0136C0
S2140338B8C0F50070864220461FD8E9F795FF0646EE
S2140338C82846E9F791FF01362946421CA819EAF764
S2140338D8E1F82046E9F788FF214602462846EAF734
S2140338E817FA2046E9F780FF0A23204480F8AC300D
S2140338F80023C4F8AC3202B070BDFFF779FF01AA03
S214033908C4F8AC0269462046FFF786FF0022009BF0
S214033918234483F8AC20C0E773B50D460446FFF787
S21403392867FF6B1C19D1D4F8AC3213B1013BC4F84A
S214033938AC3200252046E9F757FFA84215D820469B
S214033948FFF79CFFD4F8AC322BB16946204601AA90
S214033958FFF762FFA0B902B070BD012DFBD1D4F802
S214033968AC328342F7D20133E1E7082000F023F8AC
S214033978202000F020F8082000F01DF80135D9E7CC
S214033988009D04F1AC06019BAB42E4D9715D204669
S214033998DAF7AEFA0135F6E707B500200DF10701A9
S2140339A800F0E7F820B99DF8070003B05DF804FBBC
S2140339B84FF0FF30F9E710B5C1B20446002000F017
S2140339C8C8F800280CBF20464FF0FF3010BD0FB4D0
S2140339D807B504AA52F8041B00200192DAF72CFC58
S2140339E8002003B05DF804EB04B0704710B54C1C18
S2140339F80B460119045D222C03D07B2C01D05C2CCA
S214033A0805D1D21A1844EAF745F8012010BD00205C
S214033A18FCE72DE9F047054691468846E9F7E4FEB4
S214033A282A4606461346197801322029FAD0C9F8D9
S214033A3800305C1B01236FF0404AC8F80030A642EA
S214033A4801D8002014E02F5D29197B2F12D0222FCE
S214033A582ED1D8F80030621C53442A4449F8232050
S214033A68012C09D911F8013C13F0DF0F04D02120EB
S214033A78BDE8F0877D27F3E701342B5DBB4209D108
S214033A882B195B7813F0DF03F1D1222F00D12B55C6
S214033A980134D4E75C2B07D1324621462846FFF784
S214033AA8A5FF0028E3D0013E0134A642E5D8DEE7A9
S214033AB85C2F08D1324621462846FFF797FF002891
S214033AC8D5D0013EE4E7202FE2D10022631CB3429F
S214033AD80A70DDD2EA18EB5C202BD9D0D8F8003070
S214033AE80F2B05DC49F823200133C8F80030CFE74D
S214033AF81E20BDE700F000B800207047D6F734B99B
S214033B0870B50C46154610B9DAF78AFB38B1436820
S214033B182BB12A462146BDE8704000681847232083
S214033B2870BDF7B50D4616461C4638B9DAF778FB66
S214033B3804B901AC20B9232003B0F0BD03B901AC26
S214033B48C768002FF7D02346324629460068B84789
S214033B58F2E707B501228DF807100DF10701FFF705
S214033B68CFFF03B05DF804FB0B4601461846FFF784
S214033B78F0BF00230122FFF7D4BF08B508F0F4FC12
S214033B88FA23B0FBF3F080B208BD0420704740F276
S214033B980160DAF73BBC7047012070470020704786
S214033BA849BA89B280EA0103C3F3031253401803E0
S214033BB880B258405B0103F4FF535840704708B57A
S214033BC8DBF726F858B1A0F15903042B06D8042BC3
S214033BD804D8DFE803F00404040304005C2008BDEB
S214033BE8DBF758B97047F8B50C468D1807355242B7
S214033BF81540A5F108070646384600F0DFF9A18800
S214033C08381B628801EBE00189B2A2EBE00225F8D3
S214033C18041C25F8062CA288C310AAB1A4EBC2027A
S214033C28B2F802C0D18003EB0C015180E28892B14E
S214033C38D31A9BB204EBC20425F8023CA380B368EC
S214033C480344B3603846F8BD15F8082C42F0020260
S214033C5805F8082CEAE725F8022CF0E72DE9F04FDB
S214033C684FF0000887B09946531C109B0546174625
S214033C7814BF14460824CDF81480002B00F0C58022
S214033C88C3F80080002900F0C28042688A4240F2E6
S214033C98BE80073121F0070608F0E6FB05AACDE942
S214033CA8008282463A464B463146284600F08AF951
S214033CB8059F834607B130B9504608F0D0FB192054
S214033CC807B0BDE8F08FB7F8028029694FEAC80243
S214033CD8C0EBC8080139B8F1270F29617AD9B9F1B9
S214033CE8000F51D1864206F1080848D022463946C5
S214033CF82846FFF778FF04460590059B98444046F8
S214033D0800F05CF9059906F10F004A88C308A2EB90
S214033D18D002A8F80220CA88A8F80430002A30D0AF
S214033D28D31A9BB201EBC202A8F8063093808B889D
S214033D38F608A380B8F804303A46E38041460023E1
S214033D482846668000F0A6F9AB680833AB6023788C
S214033D5843F0010323702B6901332B616288AB6838
S214033D68504603EBC203EA68AB60934288BFEB6036
S214033D7808F075FB109B083400201C60A0E73C463F
S214033D88BBE7A8F80620D2E707EB08042046039209
S214033D9800F014F90BF10703DB080599638008F1B3
S214033DA80703DB08A380CB8893B1DB00039AD81DEF
S214033DB8821A5A44C2F3CF020B44E2809A80A3883D
S214033DC808F1FF384FEAD808A1F80280CB80BBE792
S214033DD8E380F4E7B9F1010F1BD107F10803B3FB3E
S214033DE8F4F204FB1233B3B1224639462846FFF7EA
S214033DF8FAFE044623783A4643F001032370214625
S214033E080123284600F046F9A8E7222058E7212090
S214033E1856E78642E8D13C46ECE707B500224FF062
S214033E28FF3101AB0192DAF775FC019803B05DF830
S214033E3804FB2DE9F74F04460D46002900F0AB8036
S214033E48D0E9056808F010FB15F8087C35F8061C59
S214033E58FB07009000D531B9009808F000FB012055
S214033E6803B0BDE8F08FA368D4F8109035F804ECD7
S214033E78A3EBC10B09F10103A5F1080C4A1CC4F80E
S214033E8808B02361BEF1000F7BD0ACEBCE03D88815
S214033E98B3F802A00190187807F00207C00765D4A4
S214033EA8002F64D10198A0EB0A07012F69D18A1C59
S214033EB8ABF108075244C4F81090A76035F802EC33
S214033EC8BEF1000F61D0D4E900700CEBCE0A07EB05
S214033ED80009CA4559D21CF83EC057461CF0010CC7
S214033EE815D1AEEB0101012911D1BAF80210AAF8CF
S214033EF802C001310A44BAF80610002943D00AEB77
S214033F08C107216901392161A1680839A16015F83B
S214033F18081C013A21F0010105F8081C002125F8C0
S214033F28061C5A801A7861F300021A707FB3C3F12D
S214033F3807023A44C2F3CF02DA80BA804EB3B342DA
S214033F4827D37288002A08BF1E46B8F1000F06D08A
S214033F58434504D8B8F80220002A18BF43460098F9
S214033F68C4E9056308F07BFA002079E74FB115F832
S214033F78087C724427F0020705F8087C00279F8010
S214033F889CE763469AE70F46BBE70027BFE7DF8051
S214033F98D4E71E46D9E7222062E710B50446DAF7C7
S214033FA8D1FB2146BDE81040FFF743BFFFF7F5BF37
S214033FB80846FFF732BF0846FFF7F8BF002303603B
S214033FC843607047F0B5D0E90554561C08BF08226D
S214033FD8002B4FF0000008BF2C46DDF818C0CCF8BD
S214033FE80000002C37D09DF814706588FF0007EB97
S214033FF8C505C2F1000E2078C00708D51BBBE088AC
S214034008A0B104EBC004658807EBC505F3E78D424A
S214034018F4D363B904F10806B6FBF2F002FB1066A4
S21403402870180EB1A842EAD8CCF80040F0BD082AAA
S2140340380FD06088013004EBC000461A06EA0E0665
S214034048801B8542F0D2A0880028EFD0A4EBC004DA
S214034058D9E70846E8E72046E8E703460069C0B11B
S2140340680AB951B91A6810460378DB0711D531B96E
S214034078C3885BB100EBC300F6E79A69F3E7012947
S21403408804D1838823B1A0EBC300EDE70020704773
S214034098184670472DE9F041D0E905540746884687
S2140340A81646ABB1954200D00ABB424600213846B5
S2140340B8FFF7D3FFB442054600D02EB94246012186
S2140340C83846FFF7CAFF0446C7E90554BDE8F0813A
S2140340D8954208D08D4228BF0D46B44205D04445C4
S2140340E838BF4446F0E70D46F7E74446ECE7944204
S2140340F8EAD1E3E770B500261C46C3E90001C3E925
S2140341080266C3E905001E611A775E62FFF756FF6B
S21403411823690139C908013341802361A3683046FE
S2140341280833A360E3680833E36070BD002307B56C
S214034138684600938DF80430D8F74CFB03B05DF857
S21403414804FB10B508F083F9044606F059FB20462D
S214034158BDE8104008F076B970474FF4C870DAF730
S21403416879BBDAF761BC00F01CB87047704708B52E
S21403417803F015FA03F01DFA03F024FA03F033FAF2
S214034188BDE8084003F040BA704708B503F002FAE2
S21403419803F001FA03F000FA03F000FAFFF7F4FF5E
S2140341A808BD08B503F031FA03F030FA03F030FA25
S2140341B8BDE8084003F033BA7047012070472DE97D
S2140341C8F34112F001050446884622D110F0030590
S2140341D825D12F465208BA4209D1D8F785FE0026BC
S2140341E8B74204EB860008D1D8F78EFE11E054F8E0
S2140341F8273001330CD10137EDE7042258F826306F
S2140342080DEB0201019308F0C7FB30B1D8F77CFE2B
S2140342183D25284602B0BDE8F0810136E0E70125D2
S214034228F7E77047B0F1006F0FD300F07843B3F1A8
S214034238006F0CD000F06040B0F1404F09D0B0F1E9
S214034248604F14BF042003207047002070470120E6
S214034258704702207047002070471AB111B180B228
S214034268DAF718BE2120704701F056BEE3F742BFBF
S214034278FFF78DBCD0E9023253F8223000211878B4
S214034288E3F78ABB704702F08CB901F0DABDC3685E
S2140342988268013BDBB252F823305B78652B02D188
S2140342A80020E5F7C9BE6E2B01D10120F9E7662B7E
S2140342B801D10220F5E7704710B5D0E9023204466B
S2140342C853F82230187802F046FAE368A2680133F6
S2140342D852F82330BDE81040187802F03ABA10B501
S2140342E80446C0B2DBF7A4FF200ABDE81040DBF79C
S2140342F89FBFD0E9023253F822301878DCF7A0B80B
S21403430802F0E1B9E4F796BB08B501F0B8FEBDE8DC
S2140343180840E5F77FBDD0E9023253F82230186823
S21403432801F0ABBE0020E5F77BBE0120E5F778BEBB
S2140343380221DCF71BB80321DCF718B80521DCF7E4
S21403434815B808B501460C20DBF7ECFFBDE80840B6
S214034358DBF77ABF08B501460020DBF7E3FFBDE8C5
S2140343680840DBF771BF07B5C2688368043253F8A1
S214034378223001211B880DF10602ADF80630002312
S214034388DCF778FD03B05DF804FB08B508F000F920
S214034398BDE80840F1F786BF10B51446DDF786F882
S2140343A82146BDE8104007F0FFBE08B5DDF77EF8E6
S2140343B8BDE80840002107F0F7BE08B5DDF776F834
S2140343C8BDE80840F1F7A4BB08B5DDF76FF8BDE80C
S2140343D8084008F044BA08B5DDF768F8BDE80840B1
S2140343E8F1F782BB7047704708B508F0D1F8FFF7B6
S2140343F8FAFF03F077F9BDE80840DDF7A3B870477E
S214034408012070470120704708B5DDF737F9002803
S2140344180CBF0420012008BD70472DE9F34104466C
S2140344280D4616461F46DDF8208008F049F93B4638
S214034438324629462046CDF8008003F055F93B4618
S214034448324629462046CDF80080FFF7E5FF02B03E
S214034458BDE8F04101F060BD2DE9FF4704460D466F
S21403446816461F46BDF830809DF83490DDF838A010
S21403447808F026F93B46324629462046CDE9019AF6
S214034488CDF8008000F0FDFF04B0BDE8F04701F06A
S21403449843BD704708B508F013F903F028F9FFF78A
S2140344A8F8FFBDE8084001F037BD012070472DE945
S2140344B8F74304460D4616461F469DF8289008F00F
S2140344C8FFF83B46324629462046CDF80090FFF7CC
S2140344D8ECFF80463B46324629462046CDF80090F8
S2140344E803F006F901F018FD404603B0BDE8F08373
S2140344F8012070472DE9F74304460D4616461F4626
S2140345089DF8289008F0DCF83B46324629462046B4
S214034518CDF80090FFF7ECFF80463B463246294627
S2140345282046CDF8009003F0E4F801F0F5FC404689
S21403453803B0BDE8F083F8B504460D4616461F4695
S21403454808F0BEF83B4632462946204603F0D2F822
S214034558BDE8F84001F0E0BC00207047F8B5044613
S2140345680D46164608F0ACF8324629462046FFF7AD
S214034578F3FF074632462946204603F0BCF801F007
S214034588CBFC3846F8BD38B504460D4608F098F80F
S2140345982946204603F0B0F8BDE8384001F0BCBC15
S2140345A810B5044608F08CF8204603F0A6F8204613
S2140345B8FDF706FEBDE8104001F0AEBC704738B5FF
S2140345C804460D4608F07CF82946204603F0A7F86B
S2140345D829462046FFF7F2FFBDE8384001F09CBCA9
S2140345E8704770B504460D46164608F069F8324615
S2140345F82946204603F095F8324629462046FFF713
S214034608EFFFBDE8704001F087BC704738B5044635
S2140346180D4608F055F82946204603F084F829463F
S2140346282046FFF7F2FFBDE8384001F075BC704737
S21403463838B5054608F044F8284600F0EFFE044669
S2140346480146284601F0ABFF01F066FC204638BD5C
S21403465838B504460D4603F068F829462046FFF7A2
S214034668E6FF38BD704738B5054608F029F82846EA
S214034678E3F7ECFC04460146284601F08EFF01F0FA
S2140346884BFC204638BD38B504460D4603F04EF8B5
S21403469829462046FFF7E6FF38BD704710B504469F
S2140346A808F00EF8204603F042F82046FFF7F5FF19
S2140346B8BDE8104001F030BC704738B504460D46D7
S2140346C807F0FEFF2946204603F033F8294620461E
S2140346D8FFF7F2FFBDE8384001F01EBC704770B51F
S2140346E804460D46164607F0EBFF32462946204693
S2140346F803F020F8324629462046FFF7EFFFBDE8C9
S214034708704001F009BC704738B504460D4607F0FB
S214034718D7FF2946204603F00EF829462046FFF71A
S214034728F2FFBDE8384001F0F7BB704738B50446DA
S2140347380D4607F0C5FF2946204602F0FDFF294629
S2140347482046FFF7F2FFBDE8384001F0E5BB7047A7
S21403475810B5044607F0B4FF204602F0EEFF2046E5
S214034768FFF7F5FFBDE8104001F0D6BB704710B55C
S214034778044607F0A5FF204602F0E0FF2046FFF7B1
S214034788F5FFBDE8104001F0C7BB7047704770B52A
S21403479804460D46164607F093FF3246294620463A
S2140347A802F0CFFF324629462046FFF7EFFFBDE863
S2140347B8704001F0B1BB704710B5044607F080FFA0
S2140347C8204602F0BFFF2046FFF7F5FFBDE810407E
S2140347D801F0A2BB704738B504460D4607F070FFD4
S2140347E82946204602F0AFFF29462046FFF7F2FF88
S2140347F8BDE8384001F090BB704770B504460D46D7
S214034808164607F05DFF32462946204602F09DFF0E
S214034818324629462046FFF7EFFFBDE8704001F011
S2140348287BBB70472DE9F34104460D4616461F46E3
S214034838DDF8208007F044FF3B46324629462046EB
S214034848CDF8008002F082FF3B46324629462046D2
S214034858CDF80080FFF7E5FF02B0BDE8F04101F0B0
S2140348685BBB0E2070470E20704738B5044607F02A
S21403487827FF2046FFF7F7FF0546204602F067FFA7
S2140348882046FFF7EEFF01F047FB284638BD002019
S21403489870470020704738B5044607F011FF2046D6
S2140348A8FFF7F7FF0546204602F052FF2046FFF7BC
S2140348B8EEFF01F031FB284638BD704708B507F010
S2140348C8FFFE02F046FFFFF7F8FFBDE8084001F0D9
S2140348D823BB002070477047704708B5DCF7A0FF76
S2140348E800280CBF0420012008BD70470B68DA7B3C
S2140348F81AB9DB7C0BB9DCF7B7BF8120704708B55C
S214034908DCF7CAFFBDE80840DCF7D4BF7047DCF71E
S214034918C3BFDCF7CFBF082808D84FF48B73C34050
S21403492813F0010F0CBF2120002070472120704789
S2140349380121DDF7B1B80221DDF7AEB80421DDF7B2
S214034948ABB80821DDF7A8B81021DDF7A5B808B578
S21403495800F026F808B1002008BDDDF7EDF80028BA
S214034968F9D1DDF7FBF80120F6E7152808B503D1DA
S214034978BDE80840DDF7E6B801F089FE60B9E2F75E
S214034988B9FE032806D100F009F828B9BDE808409F
S214034998FFF7DDBF0028EBD008BD7047002070473F
S2140349A80020704708B5DDF7BFFAFA23B0FBF3F02B
S2140349B808BD0321DDF7E8BA01207047D0E90232C3
S2140349C853F822301878DDF7E7BC0868C37B1BB9B1
S2140349D8C37C0BB9DDF710BD81207047D0E90232DE
S2140349E853F822301878DDF749BD704730B50546C9
S2140349F8044615F8100B85B0029565691D44CDE984
S214034A0800250B46A21D618801F023FE05B030BDC4
S214034A18704710B492F80A4192F8053103EB042361
S214034A280B8100235DF8044B1A4601F010BE1FB530
S214034A380446084671B12178FF290BD0238B0293CD
S214034A4863690193237C00936288A31DE3F71AFB2B
S214034A58FF23237004B010BD0868C37B73B9C37CF7
S214034A68032B0BD8DFE803F002080406DEF706B8C4
S214034A78DEF736B8DEF766B8DEF714B88120704777
S214034A887047704700207047137810B5032B0CD176
S214034A985479CBB29C4208D19379B3EB112F04D146
S214034AA853781B1A5842584110BD0020FCE77FB5BF
S214034AB805460E4600246946E0B201F076FD28B99D
S214034AC86A4631462846FFF7DFFF18B90134202C1B
S214034AD8F1D1002004B070BDFFF7E9BF0868C37BB7
S214034AE89BB9C37C052B10D8DFE803F0030D070B2F
S214034AF80905DEF7CBB8DEF707BBDEF761B9DEF7E5
S214034B08B3BADEF731BADEF703B98120704700205F
S214034B18704730B5102587B001AA00210195FEF726
S214034B2845FC04462A46002102A8E8F761FF2A4600
S214034B38214602A8E8F7AEFF012102A8DEF7C2FC69
S214034B4807B030BDDEF750BC7047FFF7FDBF0B68F4
S214034B58DA7B5AB9DB7C012B04D0022B04D02BB9A1
S214034B68DFF7D4B8DFF7DEB8DFF7E8B88120704799
S214034B78002307B5012101A80193D4F729FF08B933
S214034B88D4F71AFD012003B05DF804FB08B502F05C
S214034B9830FA052803D0003818BF012008BD0220C4
S214034BA8FCE77047D0E9023253F822301878003809
S214034BB818BF0120E0F742BCE0F746BC0020704768
S214034BC8002070477047FF207047FF20704700207B
S214034BD870470020704700207047704706207047CC
S214034BE8DFF7EABE0868E0F7C3BB70B50D460446B0
S214034BF800212846164601F074F932462080022121
S214034C08284601F06EF9324660800421284601F0F2
S214034C1865F90023A360E3606060082070BD03465F
S214034C2841B181424FF0640005D94343B3FBF1F029
S214034C38C0B2704708467047E0F714BCE1F70ABAF3
S214034C48E1F712BBB0F5807F05D0A0F50073584294
S214034C585841400170470820704730B599B00D4653
S214034C6869461446E1F764FA30B915B1BDF802305F
S214034C782B600CB10D9B236019B030BD2DE9F047AE
S214034C8888B00E46904604A905AA07461D46FFF7B0
S214034C98E4FF044638BB28800DF10C09DDE904A3BC
S214034CA89A4520D2062251463846CDF8009006ABE0
S214034CB8E1F75AFAD8B9039B062B18D12A88DDF8E8
S214034CC81A3042450ED2BDF8181026F832102A8834
S214034CD806EBC20253602A885344013206332A80FD
S214034CE80493DBE7F7D9204608B0BDE8F08701242C
S214034CF8F9E72DE9F0438FB00F46904601A9002245
S214034D0804469946FFF7A9FF18B101200FB0BDE87E
S214034D18F083062220460DF1020302A9FFF7AEFF31
S214034D280028F2D105460246BDF80210019CEEB2F1
S214034D388E42EAD20EAB03EBC60656F82C3C36F880
S214034D48306C0634BE4217BFE4180122134600220D
S214034D58013522B1C8F80040C9F80030D6E71A462C
S214034D68E5E770B50024012602F01DF9E5B2C2682E
S214034D7806FA05F59542234604F10104F4D3D8B29E
S214034D8870BD70B586B0E1F721F800F11006E6F7B6
S214034D988DFB00240546142201A9301902F00AF9EE
S214034DA81CB99DF80430FF2B16D0002303F1180214
S214034DB86A4412F8142CFF2A06D11C44601E90FB82
S214034DC8F5F080B206B070BD2B44DBB2132BEDD9D9
S214034DD81434B4F5826FDED14FF0FF30F2E7E0F714
S214034DE82BBE07B504220DEB020102F0E3F8019887
S214034DF803B05DF804FB37B5054608460C46FFF7CF
S214034E08F0FFA84206D0042220460DEB02010195C6
S214034E18E6F79EFB03B030BD07B50B4600920021AC
S214034E2802460120E0F79AFE03B05DF804FB08B5D6
S214034E380121E0F7CBFDBDE80840E6F735BDE1F70D
S214034E4809B908B5FFF7F3FF002008BD08B51346F0
S214034E580A4601461846E0F715FF80F00100C0B27F
S214034E6808BD00207047704708B1E1F713BA7047CA
S214034E7830B4DDE902451DB1029430BC00F0C6B972
S214034E8830BC70471F2804D8142200F5A030DAF780
S214034E98CBB870471F2804D8142200F5A030DAF7D9
S214034EA8EFB87047152808B505D1FFF7DCFFBDE84E
S214034EB80840E1F735BB08BD10B5142486B0224672
S214034EC8002101A8E8F794FD2023224601A94FF400
S214034ED8A03001F078FC06B010BD0020704713B56B
S214034EE800230C461A460146CDE90033E0B2E2F742
S214034EF8DBF802B010BD13B5002314460190012257
S214034F080093E0B2E2F7D0F802B010BDD0E902325F
S214034F1853F822301868E2F73FBA194491420ADC7C
S214034F284218002003B9704712F8011D013B01EB34
S214034F380020DBB2F6E7002070472DE9F04F4FF06C
S214034F48000A85B0019381460F4615465346019AD3
S214034F5811785FFA8AF2914203D8002005B0BDE8BB
S214034F68F08F019909EB050801EB4202517892F894
S214034F7802B011F04004009101F03F061BD0AC19B3
S214034F88BC42D4BF0024012433466400A20740F180
S214034F988880009B1B0640F192800E9B324603EBEB
S214034FA80B000021E8F724FD3D4600231D44ADB25F
S214034FB80AF1010ACBE7042E07D866B1B31E022B03
S214034FC80BD8DFE803F0122130003E2E37D03F2EF1
S214034FD85BD03D2E4BD00320C0E7BD4234BF002430
S214034FE80124012664003346D0E7AB1CBB4250DCE1
S214034FF802233A4629464846FFF78FFFADF80A00CC
S21403500802230DF10A08C1E7EB1CBB4243DC03236A
S2140350183A4629464846FFF780FF039004260323AB
S2140350280DF10C08B2E72B1DBB4236DC04233A46C7
S21403503829464846FFF771FF03900423F0E77A1ED4
S21403504895422CDA02233A4629464846FFF765FF77
S2140350584FF6FF7380B298420EBF0223023083B224
S2140350685C19A742B4BF0324012404268EE7BD4275
S21403507815D298F80030FF2B0CBF01230133EC1828
S214035088BC42CCBF03240124EFE7012404260023F3
S2140350987CE73446B4E70224C0E70224CDE70324BA
S2140350A8E3E70E9A02EB0B0014B142F80B807DE798
S2140350B8324641460093E8F72BFE009B76E702202C
S2140350C84CE710B5144686B018811A460A9B029117
S2140350D8CDE9034301230193099B0146009303206B
S2140350E8BDF82030E2F71CFA06B010BD1FB5002441
S2140350F80294079C0194BDF818400094FFF7E1FF5B
S21403510804B010BD2DE9F0410E461746054686B095
S21403511898B391B38AB34FF0000802A95FFA88F0F0
S21403512801F043FA044640B99DF80830032B08D02B
S21403513808F10108B8F1200FEFD1204606B0BDE804
S214035148F0819DF809202B799A42F1D1BDF80A20FF
S2140351586B889A42ECD19DF80C30BDF80D006B7144
S21403516828812B4622464FF6FF71CDE90067FFF7E5
S214035178BDFF0028DCD00446DFE72124DDE710B5B1
S21403518886B00A9C04949DF824400394BDF82040F6
S21403519802940124CDE9003413460A460146062044
S2140351A8E2F7BEF906B010BD1FB504460846194611
S2140351B800230094CDE90123079BBDF81820FFF7C9
S2140351C8DEFF04B010BDF0B5022805460E461446A9
S2140351D81F468BB00AD106A9F0B201F0E6F998B9D2
S2140351E89DF8193023719DF81C306371119B224674
S2140351F804930023CDE902330193109B31460093B1
S21403520828463B46E2F78CF90BB0F0BD13B50024ED
S2140352180194049C0094FFF7D6FF02B010BD2DE955
S214035228F0450646884614469A46002701258BB05D
S21403523806A9F8B201F0B9F920BB9DF81830012B7E
S21403524819D19DF8192033799A4214D1BDF81A203A
S21403525873889A420FD19DF81C3032467371B9B2DF
S214035268CDE9030ACDE90100434602200094E2F79C
S21403527857F9054610B90137202FD9D128460BB060
S214035288BDE8F0850546F9E70023FFF7C8BF10B564
S2140352980446E2F723FF0021631E04F10F0213F806
S2140352A8010FFF2808BF19709342F8D1002323740F
S2140352B810BD0020704770B506461D46E2F782FD0E
S2140352C8044608B9212070BD3046E3F749F800289C
S2140352D8F8D0A0682A46FF21FFF75EF89DF810303D
S2140352E8002063719DF81430A371ECE713B59DF89D
S2140352F81040CDE9003413460122FFF7DCFF02B065
S21403530810BD08B5E2F75EFD28B18068FF21FFF7F8
S21403531854F8002008BD2120FCE70122FFF7F1BF5F
S2140353281FB50B466A460146184601F034F96A4625
S2140353380823002032F8021B013B13F0FF0380EA20
S2140353480100F7D1012838BF012080B205B05DF807
S21403535804FB2DE9F04F87B0DDE9109B0546884628
S214035368484619461F461446BDF848609DF84CA0A3
S214035378FFF7D6FF042D0346ABF800001AD8022D14
S2140353881DD9042D07D04FF2F222A188914222D1CB
S214035398E28891071FD5E17A0022CDE90137204636
S2140353A83346CDE90392CDF800A001F043F907B0E0
S2140353B8BDE8F08F6A1F012A11D92120F7E70022DA
S2140353C84146CDE9119228462246109707B0BDE814
S2140353D8F04F01F03EB94FF6FF760C21DCE7052DBA
S2140353E80ED10023E17A0022CDE90137CDE90392F5
S2140353F80091234652464146304601F00EF9D6E759
S2140354084FF2F222A188914204D1E288920701D58D
S214035418E17AE8E74FF6FF760C21E4E7F0B585B0C6
S2140354280546E2F78FF948B16B88B3F5006F05D1E7
S214035438681D05B0BDE8F04000F0EEBC284600F055
S21403544804FD0446C8B9E7B26946384601F0ADF824
S21403545878B99DF8006066B92946384601F0A9F878
S21403546820B140F60443984207D08C26304605B050
S214035478F0BD0134202CE6D1F7E78D26F6E7E2F7F0
S21403548847BB2DE9FF4704460D460146184617460F
S2140354981E46BDF830809DF83490DDF838A0DDF759
S2140354A82DF9D0B92146284601F021F933463A4664
S2140354B829462046CDE9019ACDF80080E2F7CCFBD1
S2140354C833463A4629462046CDE90D9ACDF830802C
S2140354D804B0BDE8F04702F009B904B0BDE8F087A8
S2140354E8E2F764BDE2F71CBDE2F740BD10B504461B
S2140354F801F009F9082201462046BDE81040E8F7FE
S214035508C9BA01F002B9002101F0FFB801F011B9D8
S2140355180020704720207047EFF7A4BFEFF7EEBFD1
S214035528F2F798BA7047E2F78DBE70B506460C4692
S214035538154600F04CF850B13CB135B1204600F0A2
S214035548D6FC013080B2A84200D9002070BD304690
S21403555800F043F840B1002CF7D0012DF5D92046CA
S21403556800F0CAFC0230EDE73046E2F7CBFDEAE787
S214035578F8B5BDF8185010B3967855B9D478A6F18F
S2140355884107012F07D8621ED2B200F0CFFD0020D4
S214035598F8BD2C46F3E7433E012E04D8A21E92B26A
S2140355A800F0DCFDF3E7D27813B90DB1AA4206D8AA
S2140355B811B9E8F71DFAEAE7E8F76CFAE7E789208E
S2140355C8E6E7413803288CBF00200120704741389E
S2140355D801288CBF002001207047433801288CBF60
S2140355E8002001207047002070470020704703887A
S2140355F8B3F57C4F01D3FFF7F8BF0846FFF7F3BFB1
S21403560810B54A880488A2420DD1037B0C7923403F
S21403561809D0B2F57C4F08D3FFF7E7FF0B891B1AAF
S2140356285842584110BD0020FCE70120FAE738B578
S2140356380D88D488A5420AD10388B3F57C4F08D2CF
S214035648FFF7D5FF13891B1A5842584138BD002067
S214035658FCE70120FAE72DE9F04715460446B8B1FA
S21403566849B1EAB100264FF0140AB04690F8049000
S214035678F3B2994501D800240AE027680AFB06779F
S2140356883846FFF7BDFF013628B13C46A5F800802B
S2140356982046BDE8F0877B8943441FFA83F8E7E78B
S2140356A81446F5E72DE9F0470E4615460446B8B105
S2140356B849B112B300274FF00C0AB846B0F8089061
S2140356C8BBB2994501D800240AE0636832462046EF
S2140356D80AFB0731FFF7ABFF28B10C46A5F8008095
S2140356E82046BDE8F0870B79013713F0300F02BF69
S2140356F8CB7843441FFA83F8E2E71446F0E72DE92C
S214035708F04186B00D461446984604AA05AB03A98D
S2140357180646E2F7CDFD40B30DB1049B2B6034B3C8
S214035728049D03982946FFF762FF2B88074602461F
S2140357387188307800F04FFBD8B1297911F010033F
S2140357480BD0EB782A46CDE900433B467188307880
S214035758FCF722FD06B0BDE8F0812A4620460599E7
S214035768CDF80080FFF704FFF4E78620F2E720462B
S214035778F0E77E20EEE71FB51C460023ADF80A20A7
S214035788BDF818208DF80400ADF80610ADF80C2007
S21403579869461A4601A800938DF80840FFF7AFFF3D
S2140357A8009804B010BDF0B587B00E4605AB04AA42
S2140357B803A90446E2F77CFD08B3049D039829462B
S2140357C8FFF715FF2B88074602466188207800F006
S2140357D804FBB0B1297911F0100108D000963B46B6
S2140357E82A4661882078D2F793FC07B0F0BD00916B
S2140357F801232A4631460598FFF7BAFEF5E78620C1
S214035808F3E77E20F1E72DE9F041064600254FF041
S21403581814080779E8B2874201D800241AE008FB7F
S21403582805F0D6F800C00CEB00043CF800008142F3
S2140358381AD132B1802A10D194F90CC0BCF1000FEA
S21403584812DAB0F57C4F05D32046FFF7CEFE834227
S21403585800D04BB92046BDE8F081402A04D194F81D
S2140358680CC01CF0400FECD10135D3E70121E2F759
S2140358785BBC08B513460022E2F784FD003818BF60
S214035888012008BD08B513464022E2F77BFD003821
S21403589818BF012008BD08B513468022E2F772FD3B
S2140358A8003818BF012008BD08B540220023E2F7D8
S2140358B869FD003818BF012008BD08B580220023FB
S2140358C8E2F760FD003818BF012008BD0023E2F7A1
S2140358D859BD0021E2F7C6BD10B504460121E2F71B
S2140358E8C1FD2046BDE8104001F034BF7047F8B547
S2140358F816461F469DF81820BDF81C300546E2F7E5
S21403590841FD78B10421E2F72BFE044650B1284640
S21403591800F00EFB3A4631462846A047BDE8F84055
S21403592800F0FABAF8BD2DE9F74F1E46DDE90C9BE1
S214035938074688461446BDF838302AB3B9F1000F2F
S21403594822D00EB392F804A099F80020504612F01D
S214035958080F0CBF802240226188E2F713FD98B136
S2140359680821E2F7FDFD054670B1504600F0E0FA5F
S2140359783346224641463846CDE9009BA84703B03E
S214035988BDE8F04F00F0C8BA03B0BDE8F08FF8B52D
S214035998BDF8187016461A463B460446E2F7F2FC6C
S2140359A8E0B177B90221E2F7DBFD0546B0B1204640
S2140359B800F0BEFA31462046A847BDE8F84000F096
S2140359C8ABBA1021E2F7CCFD054638B1204600F005
S2140359D8AFFA3A4631462046A847EEE7F8BD73B510
S2140359E8BDF8184016461A4623460546E2F7CAFC8B
S2140359F8B8B1C4B92021E2F7B3FD044670B128460E
S214035A0800F096FA099B3146009328469DF8203005
S214035A189DF81C20A047044600F07EFA204602B0F4
S214035A2870BD8624FAE70024F8E72DE9F041866876
S214035A380446007800F07CFA002514273279EBB286
S214035A489A4203D8BDE8F04100F066BA7B43326851
S214035A582078D15A02EB030800F0C1F90121404629
S214035A68E2F77EFD034608B1207898470135E5E757
S214035A782DE9F04F1C4689B09DF84C30BDF8488098
S214035A8801939DF8503092460293224643460746B2
S214035A980D46E2F777FC8DF814700646ADF81650F7
S214035AA88DF81840ADF81AA0ADF81C8018B9012077
S214035AB809B0BDE8F08F05A9FFF7A2FD0028F6D0C8
S214035AC800252F46A8462C4634E00C231FFA85F9F2
S214035AD803FB09F931887368B1F57C4F33F809205D
S214035AE803EB090B1AD333F8090050452CD3019B53
S214035AF8A3422DD900F0B8F99BF80200E3F7DCF9C6
S214035B08029B43B19BF8043013F0010F0CBF05202A
S214035B180720E3F7D1F90134A4B219E0ADF81A2047
S214035B285946304605AA0393FFF781FD039B0028D1
S214035B38D9D101353289ABB29A42C6D804EB0800EC
S214035B48C31B58425841B3E708F101081FFA88F8FF
S214035B580137BFB2EDE710B5012488B006949DF867
S214035B683C4005949DF8384004949DF834400394CB
S214035B789DF8304002940B9C0194BDF8284000948D
S214035B88E2F732FE08B010BD2DE9F04786B0BDF83F
S214035B983880DDF83C909DF840A0CDF80080CDE92C
S214035BA8019A04460D4616461F4600F012F9B8B188
S214035BB8431EDBB2012B10D800230122811E484264
S214035BC84841CDE90432CDE902A03B463246294690
S214035BD82046CDE90089FFF7BEFF06B0BDE8F0878B
S214035BE80120FAE730B50024012587B0CDE904453E
S214035BF803959DF82C5002950A9DCDE90045FFF7BD
S214035C08AAFF07B030BD30B50024012587B0CDE91B
S214035C18044503959DF828500094CDE901354023A3
S214035C28FFF799FF07B030BD10B5012486B0CDE95C
S214035C380444002403949DF828400294099C019484
S214035C48BDF820400094FFF786FF06B010BD1FB5C9
S214035C58089C03949DF81C400294069C0194002417
S214035C680094E2F7BDFE04B010BD70472DE9F84F67
S214035C780229074688460C9D04D84FF0000A50466A
S214035C88BDE8F88F1BB10429F7D942F004023A702D
S214035C982BB303247B701B0ABB70E4F7B7F94FF0EA
S214035CA800099DF82830385504F1020A01343B559B
S214035CB80B9A5FFA89F3D45C002CE0D0732C10D8C7
S214035CC82E464C2C56F804BB3DD0532C15D0622CCC
S214035CD845D1AC8805F1080600231A4616E00124C8
S214035CE8DBE7A4F17503032BC7D8763C2E1D022CDD
S214035CF852D8DFE804F0565A58006A6805F10806D1
S214035D0894B2D2B2B2F1FF0318BF01230AEB04011F
S214035D1819448845B1DB50461946002947D15344F0
S214035D281FFA83FA5CB1BBF1000FA6D0224607EB35
S214035D380A005946E7F7ECFF54441FFA84FA354637
S214035D4809F10109B4E74FF6FF736A6805F1080617
S214035D5894B222469C4214BF02230023D6E76C2C37
S214035D6805D1584600F0C8F8841CA4B2B4E7732CCF
S214035D7804D1584600F0BBF8441CF6E7A4F13003F8
S214035D88DAB2092A01D89CB2A6E7A4F14103062B86
S214035D983FF673AF373CE8E7012300242A68A34697
S214035DA8B4E70223F9E70323F7E70423F5E700F14B
S214035DB8010C01393A54C9B2120A1FFA8CF0ACE73F
S214035DC80020E3F701B80022E3F71EB80023E3F741
S214035DD831B801207047012070470120704770478B
S214035DE80020704700207047002070470020704747
S214035DF8002070470020704770470E207047002029
S214035E08704700207047002070470020704770478F
S214035E18FF2070470E207047842070477047002085
S214035E28704770470020704700207047002070476F
S214035E3800207047002070470020704700207047F6
S214035E4870470E20704700207047002070470020D8
S214035E587047704770470E2070477047002070479A
S214035E68812070477047704738B50546C0B2E3F7D8
S214035E7823F80446280AE3F71FF814B1002808BFD6
S214035E880024204638BDF8B50546C0B2E3F714F833
S214035E980446C5F30720E3F70FF80746C5F307409C
S214035EA8E3F70AF80646280EE3F706F824B12FB1F7
S214035EB836B1002808BF00242046F8BD3C46FBE759
S214035EC83446F9E710B4CC18944203DC5DF8044B67
S214035ED8FFF723B800205DF8044B70470423FFF749
S214035EE8F1BF08B50223FFF7EDFF80B208BD0078BF
S214035EF8FF2808BF0020704708B502220021FFF7D5
S214035F08F0FF4FF6FF73984208BF002008BD00381D
S214035F1818BF0120400070470020704708B5FFF7F8
S214035F28A5FCFF284FF0FF3018BF0020C0B208BDFD
S214035F3808B5FFF7F3FFFF280CBF2120002008BD94
S214035F48F8B506460C4615461F4600F011F810B17C
S214035F582544AC4200D1F8BD3946304614F8012B27
S214035F68E3F79CF8F5E7014600220220E3F726B894
S214035F780120704737B50546E1F7B0FA04460195A0
S214035F880CB981201CE0237823B12046E1F7AEFA4A
S214035F980446F5E72B6862685B889A42F5D1A368DE
S214035FA8EA7B99B272B12A8A9142EED16A7DB2EB44
S214035FB8134FEAD10020E36801A998478128E4D063
S214035FC803B030BD4FF6FF72EEE72DE9F8430446FB
S214035FD80F46904699460BB3012A1FD80C20E7F7BD
S214035FE80DFF064610B91920BDE8F8831020E7F719
S214035FF805FF18B93046E7F709FFF4E7012300253C
S21403600847EA084770600570C0F80C9044608760DC
S21403601833803046E1F75AFA2846E5E72120E3E7D6
S21403602838B50446436808460D469847B4F9083019
S214036038002B02DB2B78042B06D100232046636053
S214036048BDE83840E3F7BCBB38BD30B54FF48A55D6
S21403605887B0ADF816200DF116041A46029543B11B
S21403606800230122CDE90033234600F01EFA07B0C9
S21403607830BD019401240094F7E7FFF7EBBEFFF762
S214036088BEBE0020704708B500F001FB20B900F03B
S21403609848FB08B9E0F712FCFFF7D2FEBDE8084054
S2140360A8FFF7DBBE0020E3F7F3BF0021E4F790B861
S2140360B80022E4F74FB81FB5D2880B4612F0200F1C
S2140360C84FF6FD7114BF49245224ADF80610510546
S2140360D844BF083CE4B2110544BF083CE4B21204CA
S2140360E844BF023CE4B2032805D8DFE800F0020FF9
S2140360F8161CADF80630BDF80600FFF789FEFF2824
S2140361081CBF241AE4B2204604B010BD02AA0DF13F
S2140361180601D8B200F079FAEDE7D8B200F047FAEC
S214036128ADF80600E7E7013CE4B2E4E7F8B506464F
S21403613817460D4681B10C78FF2C0BD00846FFF79F
S214036148D6FEB84228BF3846C4B22246691C701C1D
S214036158E7F7A0FC3470F8BD0C46FBE770B50446B9
S21403616815460E4611B94170017070BD0B78FF2BAA
S21403617805D14B78FF2B02D103704370F5E7304601
S214036188FFF7BAFEA84228BF284685B22A46B11C9E
S214036198A01CE7F77FFC25702D0A6570E5E7F0B5C8
S2140361A823B9013A531C2FD1002020E0042AFBD838
S2140361B800231C46551E6E1C1AD1042A10D0012132
S2140361C8D200501E01FA00F020421EBF91404942F9
S2140361D80C4318421EBF4FF0FF3101FA02F2134375
S2140361E89C421EDCB4BF4FF0FF30002040B2F0BD27
S2140361F840B1465DEF00BE4034434E5D013DBE40B0
S2140362083343D8E70646F5E78C5C38B90346A3421A
S21403621802F1FF32C6D24FF0FF30E8E7835CA342B1
S214036228F5D90120E3E7283807288CBF002001208A
S21403623870471D2810D004D840B11C2804D0552018
S21403624870471E380128FAD81A2901E00B390F2996
S2140362588CBF5520002070470829F9E70020002145
S2140362687047F7B59DF820400546082C1046194692
S2140362789DF8246036D8002213462C44AC4208D135
S21403628806F0FD04382C0ED10096FFF7E7FF03B09F
S214036298F0BD14F8017D1B0243EA12631202BA1812
S2140362A843F10003EAE7392E10D107EE100A07EE8A
S2140362B8902AB4EEE77AF1EE10FACCBF77EE677A57
S2140362C877EEC77A002117EE900AE0E7824273EB6F
S2140362D8010403D2801A61EB0301D8E7101A63EBB3
S2140362E80101D4E700200146D1E738B5C368144650
S2140362F81944836853F821501AB12846E7F774FA05
S2140363082070284638BD2DE9F3411C4616460DF184
S21403631807029DF82050FFF7E8FF9DF807308046F0
S214036328A34288BF8DF807409DF807700DB1E41B9C
S214036338E5B22A4600213046E7F75AFB3A46414675
S2140363487019E7F7A7FB384602B0BDE8F0812DE9D8
S214036358F3411D46164601AA9DF82040FDF726F888
S214036368019B80469D4238BF0195019F04B1EC1BF3
S214036378224600213046E7F73BFB3A4641463019AA
S214036388E7F788FBF8B202B0BDE8F08173B50024DE
S214036398154601AA1E460194FDF708F8019B072B2C
S2140363A80AD92146CCB216B1C4F10704E4B2425C5A
S2140363B8013108292A55F5D1D8B202B070BD1FB5E8
S2140363C8030A8DF80E300323009303AB8DF80D00F4
S2140363D800F0BBF805B05DF804FB1FB58DF80F1089
S2140363E80421030A8DF80E30009103AB8DF80D00D7
S2140363F800F0ABF805B05DF804FBF0B589B0166895
S2140364089DF83C50CDF809608DF811305668BDF8F4
S2140364183830012D109FBDF84440CDF80D60ADF817
S21403642812308DF8145014D0032D19D13B68CDF8CB
S21403643815307B68CDF819309DF848308DF81D3037
S21403644816230093BDF84C2002AB00F07EF809B083
S214036458F0BD8DF81540240A0F238DF81640F0E793
S2140364680120F4E71FB50446084611461A460223D8
S2140364788DF80D100093214603AB00F066F804B0C0
S21403648810BD10B514461A460B6886B0CDF80D3005
S2140364984B683421CDF811300A23009303AB8DF8EB
S2140364A8154000F052F806B010BD2DE9F041B6B01D
S2140364B814461D4606460F469DF8F080E4F7ACF8EA
S2140364C803AA8DF80C001046330A8DF80F703F0A9E
S2140364D88DF80E308DF80D602B468DF810708DF8FC
S2140364E8114005EB4405AB4202F102021FD16200DC
S2140364F8D2B2931DDBB23D99D8336B44073203F807
S214036508CC8C01EB4805D3B250FA82F2A94202F1C9
S214036518020212D103EB4803009006213046BDF869
S214036528F820DBB2E4F782F836B0BDE8F08133F83A
S214036538021B1171090A5171D5E731F8024B02F8AB
S214036548024C240A02F8014CE0E72DE9F0411C4608
S21403655805460E4617469DF81880E4F75DF8207042
S21403656843463A46314628460694BDE8F041E4F7E2
S2140365785DB8002070477047D8F7A0B870477047D3
S2140365887047704770470020704770477047002071
S21403659870477047704703F00BB8FEF774B8FEF7FA
S2140365A857B803F04EBBF8F7ABBB03F03BBBF8F7A3
S2140365B865BBF8F7CDBBF8F787BBFEF71EB9FEF742
S2140365C86DB8FEF77AB8F4F7FFBDF4F703BEF3F732
S2140365D863BDF2F785BEF2F789BEEFF75DBBFEF73C
S2140365E8B7B8FEF77CB8FDF718BFFEF79FB8FEF7F7
S2140365F88BB830B4BDF808409DF80C50CDE9024579
S21403660830BCFDF729BFFDF796BFF8F713BDE4F7CF
S2140366185DB8F8F7D9BDF7F725BC70B49DF80C40FC
S214036628BDF810509DF814600394CDE9045670BC69
S214036638F5F72ABC70B49DF80C40BDF810509DF8C9
S21403664814600394CDE9045670BCF5F75DBCF5F702
S21403665847BD10B49DF8044001945DF8044BF5F764
S21403666897BC10B49DF8044001945DF8044B02F0FF
S21403667890B802F090B8FDF7A2BFFDF7B2BFFDF7DA
S214036688C5BFF1F795BBF2F7D7B9F2F7A9B9F1F792
S214036698BBB902F0BCBBF1F75FBD02F0FEBBF1F776
S2140366A8BFBEF1F791BAF2F7CDB9F2F74FB9F2F7E1
S2140366B865B9F0F7A5B8FEF7B5B8FEF768B8FEF7FC
S2140366C87BB8FEF788B800F00BBC00F004BCF7F7FD
S2140366D8FFBBF5F709BAF7F7D9BBF7F7FFBCF5F72A
S2140366E8D3B9EFF7C5BAF6F7F5BDFFF745BFFBF71E
S2140366F8EBB8FEF7E3B8FDF753BFFEF738B801F07B
S2140367081EBEE3F741BFEFF777BEEFF771BB02F0A4
S214036718B8B802F088B8EFF7BFBBEFF7FDBDEFF7E1
S21403672801BEEFF72DBBE3F74BBFE3F75DBFE3F718
S21403673835BFEFF7DBBAE3F73BBFF9F79DBA02F0CD
S21403674870B802F037B8EFF7D7BAEFF73FBEEFF7F0
S2140367581FBBE3F7D9BFE3F7D1BFF9F791B8F9F74A
S2140367687DBA03F07ABB03F080BBF9F701B9F9F7F2
S2140367787DBA00F063B900F0A1B900F0C9B900F01A
S214036788A0BA00F010BB00F079BAE4F7B3BC00F087
S214036798E6B900F013BA00F026B810B51C4601F0A7
S2140367A8DFFE05F0C6FF0023C0F340202370400039
S2140367B810BD002208B50B461146FFF7EEFF023858
S2140367C818BF012008BD0020704770470020704797
S2140367D870470020704770470E20704701207047A7
S2140367E870470120704714220021E7F701B9704764
S2140367F870B505460C468AB0252200210DF1030024
S214036808E7F7F6F86B68CDF81D30AB68CDF821309E
S214036818234601AC03F11006224618685968083364
S21403682803C2B3421446F7D101236A7B8DF80230BC
S21403683812F0040F0CBF4FF480734FF4A0731107C4
S21403684848BF43F48063ADF80030930748BFBDF8EC
S2140368580030684644BF43F00803ADF80030F4F749
S2140368684DFE0AB070BD30B5427B0D46D1070446CF
S2140368788BB007D5407801A9F4F7A6FED8B12D202A
S2140368880BB030BD9307FAD5C2F3800310074FEA5F
S2140368988313ADF8023044BF43F48063ADF8023087
S2140368A8BDF80220201D0AB10DF1020201A902F06B
S2140368B89CFE0028E3D001AB03CB9DF81430A160FF
S2140368C82373BDF810306060590642BF627B42F0FE
S2140368D8040262735A0542BF627B42F0080262737F
S2140368E81B0742BF637B43F0020363732B4606AC66
S2140368F80AAD224603CAAA4218605960144603F131
S2140369080803F6D10020BBE7F0B504460D4693B05E
S214036918252200210DF12300E7F76AF8636804F1DE
S214036928040CCDF83D30A36809AECDF841302B46AC
S21403693805F11007324618685968083303C2BB4284
S2140369481646F7D105238DF82230637B5B0103F4E3
S2140369580073ADF820306378FF2B1AD10023604606
S2140369681A4601A900F0CAF99DF80530FF2B0DD188
S214036978002301A91A46184600F0C0F99DF8053009
S214036988FF2B03D11C26304613B0F0BD9DF8053007
S21403699863700020617808AA00F09BFA0646002870
S2140369A8F1D1607801A900F02FFA2B4603AD2A46E9
S2140369B818685968083303C2BB421546F7D1637B88
S2140369C86078DB0648BF9DF81C3001A944BF63F016
S2140369D87F038DF81C3000F02EFAD4E710B5044672
S2140369E88AB02422002101A8E7F702F8637B590737
S2140369F844BF4022ADF810201A0742BFBDF8102046
S214036A0842F48062ADF81020DB070FD5607801A941
S214036A18F4F7DAFD10B12D200AB010BD01AB03CB95
S214036A28637B606043F00203A160637304A9201DBF
S214036A3802F0DDFD0028EED00020EDE71FB569461D
S214036A4800F066F8002818BF2D2005B05DF804FB93
S214036A5873B50D4614460646E3F77AFF6B881A079E
S214036A681AD522463146102002F0A2FD2046E3F747
S214036A786FFF6B88D90717D50023224601210DF12E
S214036A8807008DF80730E4F72FFA6B88002B0CBF46
S214036A982120002002B070BDDE06EAD52246082172
S214036AA8281DE4F721FAE1E79A0701D50223E4E76C
S214036AB85B07EAD50323E0E70F2070471FB50C46AC
S214036AC8694600F025F8102221466846E7F7DCFAFF
S214036AD8B0FA80F0400904B010BDB8B1B1B143882C
S214036AE8A3B90378013B082B10D8DFE803F00507A2
S214036AF8090B0F0F0F0F0D00E4F7F8B8E4F752B9B8
S214036B08FFF776BEFFF700BFE4F7E0BA2120704729
S214036B1838B50D4609B300B30378013B082B1AD8DA
S214036B28DFE803F0050D1013191919191600E4F711
S214036B3815F90446284602F03BFF204638BDE4F71D
S214036B4851F9F6E7FFF78FFEF3E7E4F781F9F0E785
S214036B58E4F7C6FAEDE72124ECE72124EDE770B560
S214036B6886B0064601A80C461546FFF73CFE0423E6
S214036B788DF804301CB12068616802AB03C329464C
S214036B8801A88DF80560FFF7A8FF06B070BD70B5BD
S214036B9886B0044601A80D461646FFF724FE0323CF
S214036BA8206861688DF8043002AB8DF8116003C362
S214036BB8294601A8FFF791FF06B070BD0022FFF72C
S214036BC8E6BF30B5437B044613F001020D468BB08F
S214036BD807D0407801A9F4F7F7FC70B12D200BB065
S214036BE830BD9B07FAD5ADF8022001A90DF10202C4
S214036BF8043002F0FAFC0028F0D000210E22A81C6C
S214036C08E6F7F6FEBDF810302B80039BAB60BDF8A5
S214036C181230AB819DF81430237301AB03CB60604D
S214036C28A1600020DBE770B5437B0446DB070E460E
S214036C388AB003D42D2528460AB070BD6946407825
S214036C4800F045F905460028F4D1DDF81D300E227C
S214036C586360DDF821300146A360637BB01C43F014
S214036C6802036373E6F7C4FEBDF80030069A43F0E2
S214036C7804033380059BB2607360DCE70B4610B5EC
S214036C880446102200211846E6F7B2FE2278032AA5
S214036C9809D0042A0DD0022A11D101462046BDE8A0
S214036CA81040E4F783BA01462046BDE81040FFF7D4
S214036CB888BF01462046BDE81040FFF7B4BF26202C
S214036CC810BDF8B5074608460C4616461D46FFF798
S214036CD88AFD04232370637B314643F00103204671
S214036CE867706373FFF714FF08B12D20F8BD2946B4
S214036CF82046FFF7C3FF0028F8D0F6E7F8B50546A1
S214036D0808460C461F461646FFF76DFD04232370F8
S214036D1825B108222946E018E6F7BCFE637B43F054
S214036D28020363734EB932460121284600F0DAF8A7
S214036D38FF28607007D12D20F8BD31462046FFF79F
S214036D48E7FE0028F7D1637B43F0010363730DB9AD
S214036D580020F1E7002FFBD039462046FFF78EFFC9
S214036D68F6E7F8B50C460746084616461D46FFF7E7
S214036D783AFD03232046394600F8043B0822E6F783
S214036D8889FE637B314643F0020320466373FFF7AD
S214036D98BFFE08B12D20F8BD29462046FFF76EFF33
S214036DA80028F8D0F6E7F8B5074608460C46164610
S214036DB81D46FFF718FD03232370637B314643F014
S214036DC80103204667706373FFF7A2FE08B12D2000
S214036DD8F8BD29462046FFF751FF0028F8D0F6E706
S214036DE818B18022012100F07DB8FF2070470023E8
S214036DF807B51A4619460093F6F7E8F8B0FA80F08E
S214036E08400903B05DF804FB0B4610B51922044687
S214036E18FF211846E6F7ECFD7E2C01468CBF04F5E9
S214036E28C43004F583304FF01902BDE8104088BF1C
S214036E38AD30D8F7F9B87E2888BF00F5C4304FF0D0
S214036E48190294BF00F58330AD30D8F719B930B5B9
S214036E5889B00D46FFF7C4FFFF2804460DD001A9E5
S214036E68FFF7D2FF2868696801AB03C3204601A968
S214036E78FFF7E1FF002009B030BD2D20FBE7704780
S214036E8870470020704770470F2070470F207047E1
S214036E98002070470F207047002070470020704777
S214036EA884B08DE80F00002004B070477047704721
S214036EB800207047704700207047704700207047CF
S214036EC801207047704700207047012070470E2046
S214036ED870470E2070470E20704700207047704793
S214036EE80E207047FF207047704770470020704792
S214036EF870477047704700207047704700207047F8
S214036F08002070470020704770477047002070477E
S214036F18002070477047002070470020704770476E
S214036F280020704710B50024E3B210B9C3F1030379
S214036F38DBB20134042CCA544FEA1222F4D110BD32
S214036F4810B50B784C788A78C97828B91046224643
S214036F58044608461946034642EA012043EA042340
S214036F6843EA004010BD7047E4F7D4B908B5D2F732
S214036F786DFC002814BF8620002008BD08B5D2F78C
S214036F8835FE003818BF012008BD08B5D2F7EEFD58
S214036F98003818BF012008BD08B5D2F773FE0038BD
S214036FA818BF012008BD08B5E4F794FABDE8084001
S214036FB8E4F742BA70B504460D461646E4F78AFA6D
S214036FC80420E4F72BFA324629462046FFF7DDFF6E
S214036FD804460220E4F722FA204670BD08B5E4F713
S214036FE879FABDE80840D2F7A5BDE4F7ABBDE4F7E8
S214036FF88BBD08B5E4F788FD20B1BDE8084000203E
S214037008E4F7C0BE112008BD08B5E4F79DFFE4F712
S214037018A3FFE4F7ABFFBDE80840E4F7BBBF10B532
S214037028044622F07042103060602160A26039B1D5
S214037038A26803F070431343A360029BE36010BD8A
S214037048A36843F08043F7E701234360C36843F02C
S2140370582003C360836843F000538360704737B5E3
S21403706815464A6804463AB18C680093096845EAA7
S2140370780403FFF7D4FF0446204603B030BD2DE9CA
S214037088F04FD3B0CDE90123DDE9608500230390F3
S214037098042003ACCDE9050307C907AB83E807005B
S2140370A8214618465D9E0494E4F78CFF074600289D
S2140370B840F0BA805C9A0AAB07CA83E807004942DD
S2140370C801F00F0900215E9B5F9A5B6852680D9179
S2140370D813445B4203F00F0AD8F8043012915B425C
S2140370E80093B368DA0048BF73684FF0100242BFD4
S2140370F8033323F003037360AB68DB0041BF6B689D
S214037108033323F003036B605E9BD3F804B05F9BE3
S2140371185C680BEB04035344CDE90E3173685B429A
S21403712803F00F03CDE910136B685B4203F00F03FC
S214037138CDE9131316AB18461591E6F759FC5C9A76
S214037148516851B9D8F804100C4354EA0B0401BF2C
S21403715810229146CDE90B240A9011234FF00052D2
S21403716804A932A8FFF77BFF40F611034FF000523D
S21403717807A9FFF774FF42F611034FF0005202996E
S214037188FFF76DFF44F611034FF000520199FFF71E
S21403719866FF412300225E99FFF761FF4FEA0A2341
S2140371A84FF000525F9943F04103FFF758FF4FEA49
S2140371B809234FF0005243F001030AA9FFF74FFFD4
S2140371C8009B4FF000521B0203F47063414643F0E2
S2140371D80103FFF744FF1038FFF736FF00230DA916
S2140371E81A461AA8FFF73BFF002331461A46FFF74D
S2140371F836FF002310A91A46FFF731FF0023294656
S2140372081A46FFF72CFF002313A91A46FFF727FF92
S214037218002362991A46FFF722FF1038FFF714FF78
S2140372281AA932A8FFF7F0FE384653B0BDE8F08F28
S21403723810B5044608B1E4F7A7FF2046BDE810409A
S214037248FCF7B4BE10B50446006A10B1616AFFF7CE
S214037258EFFF0020C4E9080010BD38B50546FFF760
S214037268F1FF2B7E0446012B0ED0023B012B0ED8D2
S214037278EB69012B18BF6FF09604282200212846D5
S214037288E6F7B6FB204638BDEB69002BF2E76FF04E
S2140372989604F2E718220021E6F7AABB70472DE901
S2140372A8F84F9846DDE90B490D9B15469A0706469F
S2140372B80F4623D02A460A9B03EB040A1444A24229
S2140372C820D10D9B9B0705D5A2EB050AD14505EBF7
S2140372D80A0420D82046BDE8F88F434639462020BE
S2140372E8B0470AF1010ACA450AEB0B02F5D3A9EB24
S2140372F804024C4588BF00222A44DCE7A246A5EBD5
S214037308040BF0E702F1010B434639461AF8010D60
S214037318B0475A46D3E74346224639462020B04765
S2140373280AF1010AD2E72DE9F047DDE90D7616F0F2
S214037338020F9DF82880DDE90854DDE90BCE1FD13E
S21403734806F001094FB1B9F1000F06D0B8F1000FE6
S21403735802D116F00C0F00D0013F4FF0300A04E0BC
S214037368202C04D005F804A001347445F8D3B9F1E9
S214037378000F05D04FF03009A74201D9202C2DD194
S21403738816F0100F1FD016F4806F2CD15CB374451B
S21403739801D0BC4227D1B4F1010E23D0BCF1100FA3
S2140373A846D1023C16F0200F28D1202C28D04FF0C7
S2140373B8780C05F804C00134202C21D04FF0300C8B
S2140373C805F804C00134202C1AD0B8F1000F23D0D6
S2140373D84FF02D0C05F804C0013412E005F80490AC
S2140373E80134C9E77446BCF1100FDBD0BCF1020FB9
S2140373F8E2D1202C04D04FF0620CDAE7202C08D117
S2140374082024CDE90A76CDE90854BDE8F047FFF70E
S21403741846BF4FF0580CCCE716F0040F02D04FF0D7
S2140374282B0CD7E716F0080FEBD04FF0200CD1E75C
S214037438BCF1020F7446C1D1DDE72DE9F04391B0E4
S214037448189D1A9E1D9F0DB927F010077C0500D5B9
S21403745815B317F0200F14BF4FF0410E4FF0610E0F
S214037468AC4600250DF12008AEF10A0EBCFBF6F972
S21403747806FB19C95FFA89F4B9F1090F94BF3034CA
S2140374887444E4B2B44508F8014B05F10105BCFBA6
S214037498F6F401D3202D10D11C9C069705941B9C4B
S2140374A8CDE903649DF86440CDE9015408AC009423
S2140374B8FFF739FF11B0BDE8F083A446D6E72DE9F8
S2140374C8F04F95B0269ECDE90A23DDE91E74DDE963
S2140374D8229B57EA040308BF26F010067205CDE977
S2140374E8080102D557EA040337D016F0200F14BF55
S2140374F84123612300250DF1300AA3F10A0821462A
S2140375084A465B463846E5F707FFD2B2092A94BFD0
S214037518303242444F45D2B274EB0B0405F10105F1
S2140375280AF8012B01D3202D14D1259B0696059323
S214037538249BDDE90801CDE903939DF88030CDE966
S21403754801530CAB0093DDE90A23FFF7ECFE15B0F5
S214037558BDE8F08F07460C46D1E70025E5E708B1F6
S21403756800F014B8704710B1D1E9003118477047D6
S21403757838B5441E14F8015F25B90A2000F006F84A
S214037588284638BD284600F001F8F3E701460020F0
S214037598FCF7DFBA70477047EDF77EBF704708B54C
S2140375A8FCF7A8FAD2F752F9BDE80840D4F78ABA26
S2140375B8704708B5D2F7B6FCFBF7FFF8BDE80840F6
S2140375C8E3F788BF08B5FBF7E8FEE4F711FEFBF719
S2140375D8E2FEE5F7BBF9E5F7A7F9E5F71DF9BDE818
S2140375E80840D7F7FBBC08B5D5F7D6FEFBF7D1FEA0
S2140375F8D5F7DEFED9F704FFD9F7AAFFDAF7B2F80C
S214037608BDE80840D9F7D0BF70477047E5F72AB9F1
S21403761808B5FCF7BAFEBDE80840FCF7E5BE7047B8
S21403762807B500220346114601200092D9F762F8EF
S21403763803B05DF804FB07B500920B46027D81890B
S2140376488068FDF77AFC003818BF0120C00103B034
S2140376585DF804FB08B50020E0F7D4FB0020E2F74A
S21403766865F90020DAF75EFA0020DAF7F5FC002061
S214037678DAF7F4FE0020DBF7E1F90020DBF70AFF70
S2140376880020DEF739FA0020DEF7A4FF0020DFF734
S21403769899FDBDE808400020DFF784BE08B5012041
S2140376A8FDF72DF90120DAF79DFBBDE80840012018
S2140376B8DBF7C4B908B50220E0F798FC0220DFF729
S2140376C88BFE0220E2F740FC0220FFF790FC022024
S2140376D8FDF7B5FB0220DEF77DFFBDE80840022074
S2140376E8E0F724B9DAF7C2BCFDF7C9BE704770479E
S2140376F87047704770477047704710B50446E0F701
S2140377082FF82046FDF731F92046DCF7D5F9204651
S214037718DDF728F92046BDE81040FDF7C3BBFDF7A3
S214037728DEBBFDF7E8BBDFF757BD70477047FDF7CD
S21403773840B970477047704770477047704704F002
S214037748BEBF70477047DFF7E1BD704770477047A5
S214037758704770477047D0F727BCFEF76BBB704778
S21403776800207047FEF768BBFEF771BBE7F758BA09
S21403777838B504460D4600F097F850B1294620461A
S214037788ECF700FC30B929462046BDE83840E7F751
S2140377980FBA0E2038BD08B5ECF73AFA18B1BDE8AB
S2140377A80840EAF7B1BD08BD70B516460C4604F0A6
S2140377B84EFE314605462046EAF782F90446284631
S2140377C804F040FE204670BD00F032B970B504469A
S2140377D800200E4600F039FBD4F8F0503DB10023E4
S2140377E831462046AC46BDE870401A4660472B46ED
S2140377F8012231462046E7F75BFC284670BD38B5BC
S214037808044648880D4600F020FBD4F8F0302BB920
S21403781829462046BDE83840E7F75CBB022038BD5A
S21403782800F015BB00F03CB9E7F790B800F01BBBB7
S21403783870B5BDF81060054606B16BB133442846EB
S2140378489BB200F073F9044620B91EB131462846A8
S21403785800F0ADF9204670BD2124FBE7E8F704BF26
S214037868C0F8EC1000207047E7F742BDE7F732BED2
S21403787810B4BDF8044001945DF8044B00F09FB8BB
S2140378880B4610B514461846A1689288E6F740FAE0
S214037898E168034631B1A0886288121A92B2184486
S2140378A8E6F736FA002010BD0346408A18B1188A50
S2140378B8003818BF012070470846E9F751BA00F0A8
S2140378C8D6BA00F0D4BAE9F763BC084708B5E7F7B1
S2140378D885F8C0B208BD022A01D800F00CBA2120E8
S2140378E87047022A01D800F017BA21207047022AE7
S2140378F801D800F023BA21207047E8F76BBB084687
S214037908E8F786BB00F033BA0020704700207047BC
S2140379187047D0F8903003F06003402B0DD0602BEF
S21403792803D0203B58425841704749B10B68012B96
S21403793806D9486940F00100704740F201107047C5
S21403794800207047F7B504461046D4E952C7DDE968
S21403795808268CEA020587EA06010540194085EAE7
S2140379680C057940C4E95251002523F4004106EA80
S214037978010320F0010043F40073024043F00203BE
S214037988CDE90055EAF792FF94F824309A0713D501
S214037998D4F84C319B050FD54FF48811204600F0D8
S2140379A834FC94F82430024665F3410384F8243003
S2140379B820460B46E6F7E6FF002003B0F0BDF0B519
S2140379C887B01C461746BDF830601AB9002420460F
S2140379D807B0F0BD002BF9D00029F7D001AAE8F7C5
S2140379E843FE0028F2D0BDF80630A2199A42BDF825
S2140379F80850C4BF9B1B9CB2B54212D90399AD1B52
S214037A08ADB23144A5420391ADF808500DD22A46CB
S214037A183846E6F77DF90499621B7819E6F778F98C
S214037A28D5E70499761B3144049122463846F5E790
S214037A380846E9F7EDBF0220E9F7A0BB08B5D0F87A
S214037A48E4304BB11A68022A06D993F825204AB1BE
S214037A58186AB0FBF2F008BD4FF446624C210020CA
S214037A68ECF7BEFA0020F6E7D0F8E42008B57AB1BA
S214037A781368022B0CD9536A13F47F4FC3F30721F9
S214037A8806D0126ADBB253438B42B3FBF1F006D23D
S214037A98002040F67F424C21ECF7A2FA002008BDEE
S214037AA80346D0F824010860B3F8283100208B80F9
S214037AB8704790F824310C2B14BF90F82900FF2048
S214037AC8704738B50C464FF400610546EBF7D0FF10
S214037AD870B17CB195F81E3173B94FF480724FF4C8
S214037AE880712846EBF7B0FF003818BF012038BD71
S214037AF82202F4E72246F2E70020F8E74FF4807103
S214037B08EBF7B6BF08B54A024FF40071EBF79CFFD4
S214037B18002008BD08B58A024FF48061EBF794FF8E
S214037B28002008BD4FF40071EBF7A2BF2DE9F04122
S214037B38884618F0030706461546194633D1B2F5A4
S214037B48805F30D89A422ED33F2A28D9B2FA82F4D5
S214037B5801220120C4F11F03DBB29A4092B2AA4263
S214037B682CBFC4F11904C4F11A04E2B2931DDBB2A4
S214037B78984080B2A84214D096F8F530ABB90120E5
S214037B8896F8243060F3C71386F824304046E8F79F
S214037B981DFBC6F82080B5823846BDE8F0813A4614
S214037BA8EAE70020ECE72127F6E70E27F4E708467E
S214037BB800F02EB9F8B511F0030607460D4614462D
S214037BC821D102B313883F2B1DD9B3FA83F3C3F12C
S214037BD81901C9B2062901D8192B12D0062928BFBC
S214037BE8062101238A1DD2B293402846238000F03B
S214037BF815F923883846FD617B82E8F7F7FB30469C
S214037C08F8BD3146EDE72126F9E738B5148811F0B3
S214037C1803054FEAC4041ED13F2C1CD9B4FA84F4D6
S214037C28C4F11903DBB2052B01D8192C11D0052B87
S214037C3828BF052301240633DBB204FA03F3C3F390
S214037C48CF041480816104820387E8F7CFFB2846B4
S214037C5838BD2B46EEE72125F9E710B51446084646
S214037C680121E9F7A7FD2046BDE810400121E9F701
S214037C78A1BDF8B504460E46174604F0E8FB3A4697
S214037C88054631462046EAF753F80446284604F0E4
S214037C98D9FB2046F8BD0220704703207047E9F752
S214037CA865BA10B50023E7F7B1FE044608B9EBF743
S214037CB835F8204610BD70B505460E46144600F046
S214037CC8C9F83146284600F04CFA00F0C3F82307F3
S214037CD844BF24F00804A4B221462846E6F784FEE7
S214037CE800224FF400312846EBF7AEFE002070BDA5
S214037CF88021EBF7BDBE7FB5531C05AAADF814105B
S214037D08029202210022DBB2CDE900211146EBF7ED
S214037D18B9FE07B05DF804FB7FB5531C05AAADF89A
S214037D281410029204210222DBB2CDE900210022BC
S214037D380121EBF7A7FE07B05DF804FB1FB5531C3C
S214037D48029100220821CDE900210122DBB2114667
S214037D58EBF798FE05B05DF804FB10B50446E6F7A6
S214037D683DFE01462046BDE81040E6F73DBE002925
S214037D7814BF21200020704738B5054610460C4628
S214037D88E8F772F965B1D5F8E0304BB15B693BB1FA
S214037D982268013204BF6FF00102226022681A606B
S214037DA8002038BD002070472DE9F74F01251C46F3
S214037DB89DF83030064601930368174603F0070319
S214037DC806339D4005F1FF380B46A1B1416804EA26
S214037DD8080BA5EB0B0A41F00059524509EB0B01BA
S214037DE814D952461846E5F793FF49467A1B5A4470
S214037DF85044E5F78DFF019B2BB13C4448EA050840
S214037E0804EA0804F46003B0BDE8F08F1846F0E708
S214037E184FF03A43022298615A6370474FF03A4349
S214037E2801225A6740F6FF72D96418651A677047C5
S214037E3837B5002514460095FFF7B6FF204603B06E
S214037E4830BDE7F783BF0020704700207047002047
S214037E5870477047704710F0FD0F14BF4FF0FF30A0
S214037E680020C0B27047704700200021704708B54D
S214037E78E9F7CEFABDE80840E9F7F2BA38B504469A
S214037E88FFF7F5FF0546FFF7F2FF431BA342FAD3B6
S214037E9838BD38B50D460446E9F7BAFA35B1844213
S214037EA800D90139204601F0030138BD844238BFA2
S214037EB80131F7E708B50121FFF7EBFFBDE80840F6
S214037EC8E9F7CEBA08B521B19200E5F721FF0020FD
S214037ED808BD2120FCE700F06F43B3F1804F02D0C2
S214037EE8B3F1204F02D120F07040704700F0604392
S214037EF8B3F1204F08BF20F0805070470B0C23F4D3
S214037F088053B3F5284FF7B50D468FB2064699B298
S214037F1816D04AF60103994214D04AF60203994248
S214037F2812D0B1F5204F14BF04240324D6F8E0304A
S214037F380BB1196851B9D6F8DC3093B928680EE046
S214037F480024F3E70124F1E70224EFE72346684613
S214037F583A46E9F7F9FADDE90003002BEBD103B05B
S214037F68F0BD19680029E9D0234668463A46E9F77A
S214037F78EBFADDE90003002BE0D1F0E70204C0F3D7
S214037F88891307D56FEA83536FEA935313F5007F74
S214037F9818B206D0A3F1C8006FF4FF739842B8BFAF
S214037FA8184670474FF0384359699A6903F50053E2
S214037FB80A405A6170470E207047EBF7BFB8EBF7D5
S214037FC8BDB8EBF7BBB8EBF7B9B808B50846EBF797
S214037FD8A7FC08BDEBF7B2B802207047022070472B
S214037FE80020704701207047002070470E20704716
S214037FF800207047E7F712BF08461146012200F033
S21403800886B870B505460C4611461A46EBF7BEFD0C
S21403801806682B462046B446BDE87040604710B550
S214038028EBF7B4FDBDE8104083681847FFF739BE81
S214038038E7F7FEBDFFF79CBBE7F7FCBA70B5044647
S2140380480D4616464FF4881100F0F4F832462946D2
S2140380582046BDE87040E8F717B87047431E012B63
S21403806803D9031F58425841704701207047FFF74A
S214038078EABE4FF4D4720021E5F7BABC70B50446DD
S214038088E7F770FB0546A8B9A169F1B1238AD3B10E
S214038098204604F11002FFF7B8FD38BBE16919B3AF
S2140380A8638AA3B1204604F11202FFF783FD78B171
S2140380B8054603E00023A3612361E3610023284602
S2140380C86361236270BDA061E8E72082E6E7E361A7
S2140380D8216A0029F2D0A28A002AEFD02046E38A32
S2140380E8BDE87040FFF722BD6182F1E76582E5616E
S2140380F8DEE711B9D0F8DC1021B1CB6813B18B6871
S214038108D88970474FF6FF707047E6F74DBC10B531
S2140381180C461146E6F76EFCE7F780FE012801D108
S214038128002010BD002CF7D10520FAE7FFF786BC20
S214038138FFF79ABC70B500232425D0F8DC00C46882
S2140381489C4201D1212070BD826805FB0322D68993
S2140381588E4202D8128A8A4201D20133F0E70020FF
S214038168F1E7F8B506460D46EBF772FDD8B94FF6B4
S214038178FF734FF0240CEF68C1B28F4208D81C4631
S21403818821463046EBF7FEFEFFF763FE2046F8BDB2
S214038198AA680CFB0122D4899C4202D2002CEFD099
S2140381A823460130E8E70024F0E7808D70470A7815
S2140381B838B505461046FFF751FF60B14C782046A0
S2140381C8FFF74CFF38B12243530704D42846BDE8CB
S2140381D83840E6F747BE212038BD10B50446087870
S2140381E8FFF73CFF58B14A781046FFF737FF30B120
S2140381F8042A04D02046BDE81040E6F751BE2120E5
S21403820810BDFFF79FBBE7F777B938B505460C46A9
S21403821804F01DF9D5F88C301C40D5F88830234374
S214038228C5F8883004F00EF9211E18BF0121002076
S214038238490238BD38B504460D4604F008F9D4F8A3
S2140382488C301D40D4F8883023EA0505C4F88850D6
S21403825804F0F8F8284638BD38B504460D464FF4FA
S2140382688811FFF7E7FF29462046BDE83840E7F7B9
S2140382782BBF73B50D7806460C4635B304238DF825
S21403828804302379304601A98DF80530FFF7A5FF9A
S2140382980546B8B92278A37952BB8DF80430E3793A
S2140382A8304601A98DF80530FFF781FF054648B922
S2140382B823783BB161883046E6F7E0FF0121304674
S2140382C8FFF7FFFB284602B070BD2946FFF7F9FB08
S2140382D829463046FFF716FC29463046FFF71AFCB0
S2140382E82378002BCAD123798DF804306379C9E73C
S2140382F802228DF80420D3E7FFF704BCFFF712BC6D
S21403830800207047704710B50446EBF7CBFE2146AE
S2140383180020ECF71BFDBDE81040002000F02BB949
S21403832870470120704708B5EDF73EFB80F0010063
S214038338C0B208BD4FF0FF30FFF7C1BA7047002040
S214038348704710B50C4603F043FE048010BD38B5DD
S2140383580C46154603F03CFE03881DB11C43A1B228
S214038368018038BD23EA040189B2F9E708B503F0AA
S2140383782FFE008808BD08B503F02AFEC07808BD9E
S21403838808B503F025FE008800F00C0008BD08B504
S21403839803F01EFE008800F00C00031F58425841E5
S2140383A808BD38B5054603F013FE04462846FFF70E
S2140383B8EEFF30B904F1100004F0BBF900F4406096
S2140383C838BD4FF40060FBE738B5054603F000FEFA
S2140383D804462846FFF7DBFF014648B91034204613
S2140383E8042203F035FD2044BDE8384004F0A1B963
S2140383F8A08838BD10B50C4603F0EAFD848010BD8E
S21403840838B5054603F0E4FD04462846FFF7BFFFE4
S21403841830B904F1100004F08CF900F4404038BD7C
S2140384284FF40060FBE738B5054603F0D1FD044674
S2140384382846FFF7ACFF014648B910342046062203
S21403844803F006FD2044BDE8384004F072B9A0885E
S21403845838BD38B5054603F0BBFD04462846FFF786
S21403846896FF014608B1201D38BD10340622204663
S21403847803F0EEFC2044F7E708B503F0A9FD007AFD
S21403848808BD08B503F0A4FD90F9090008BD08B5B2
S21403849803F09EFD807A08BD08B503F099FDC06811
S2140384A808BD10B50C4603F093FD047210BD10B555
S2140384B80C4603F08DFD447210BD10B50C4603F050
S2140384C887FDC46010BD2DE9F8430F46804600219A
S2140384D807F110001646994603F0EEFD0446D0B1A0
S2140384E803F076FD0546204603F08EFD002102467E
S2140384F82846E5F77DFA00232046AB7049F00401C9
S214038508FFF71FFFA5F804802EB13A46314605F15A
S2140385181000E5F7FDFB2046BDE8F883F8B50546E9
S2140385280F461020002103F0C7FD0446B0B103F040
S2140385384FFD0646204603F067FD002102463046F7
S214038548E5F756FA002339462046B370FFF7F9FED7
S21403855825B12A460121204603F086FD2046F8BDAC
S21403856808B503F035FD103008BD08B503F04CFD1B
S2140385781038C0B208BD0020ECF710BB08B5ECF7FE
S2140385886BFD002008BD4088C0F30C00033080084C
S21403859840000430704770B50E460546114630460F
S2140385A803F08AFD044635B128B103F011FD3246BF
S2140385B82946E5F76FFA204670BD0088B0FA80F0C2
S2140385C84009704738B505880022044604F01FF9A9
S2140385D805B1258038BDF8B507460D460088002145
S2140385E8164603F02DFDB042044605D12946384603
S2140385F8BDE8F840FFF7E6BF0021204603F020FD5C
S214038608B04205D02046002103F01AFD0446F3E7DE
S2140386182A462046002103F027FD32462846BDE8B1
S214038628F840002103F020BDF8B5058807467DB15C
S214038638CCB22146284603F003FD8542064609D1F7
S21403864800233B8000222146304603F00DFD3546C5
S2140386582846F8BD214603F0F3FC21460246284681
S21403866803F002FDEEE72DE9F047078882468846C1
S21403867814465FB3384603F0C7FC3D460646E4B2E5
S2140386882146284603F0DCFC4045814616D12146A0
S21403869803F0D6FC21460246284603F0E5FC474588
S2140386A804D1454508BF0025AAF8005000222146F4
S2140386B8404603F0D9FC3046BDE8F0878742FAD037
S2140386C803F0A2FC30444D4686B2D9E73E46F2E7AD
S2140386D800220123C0E900237047F8B504460127A2
S2140386E8002603F0C1FE23683BB903F0B8FE002258
S2140386F86368012B0ED16360F8BD1D691F61266090
S21403870803F0ADFE012DF2D02B462D691E61012D17
S214038718FAD1E6E719691A610B46EAE7036823B94B
S2140387284068012803D0EDF7DFB9002070474FF003
S214038738FF307047F8B5054603F016FF01230646D3
S2140387480027A8602B7303F08FFE2B6802467BB1C5
S2140387581C692169A1420CBF2F6019612761104665
S21403876803F07DFE012C08D0204663689847EAE7A5
S2140387786C68012C04D103F072FE00232B73F8BD3A
S2140387886169711AB1F1004FF5D8216969602361EF
S214038798E5E702207047022070470020704701442F
S2140387A8884201D10120704710F8013B9342F7D065
S2140387B80020704770B50146064692B00020EBF7D6
S2140387C89DFE044670B9FDF7D4FE054601466A4683
S2140387D82046ECF7D9F96A46294620468DF8026002
S2140387E8ECF788FC204612B070BD00B593B0FDF7D1
S2140387F8C0FE6A4601460020ECF7C6F99DF902005A
S21403880813B05DF804FB00B593B0FDF7B2FE6A46F5
S21403881801460020ECF7B8F99DF8000013B05DF8A0
S21403882804FBECF775B9012070477FB54FF6FF7167
S21403883801AAEDF7CBFB20B1BDF80C0007B05DF835
S21403884804FB4FF6FF70F9E708B51046EEF784FB0E
S214038858BDE80840EEF73EBC704770477047704760
S214038868704770477047704738B54FF6FF750D80E9
S2140388780C46F6F735FC2080A8420CBF2D200020B6
S21403888838BD002100B593B06A460846ECF77CF974
S214038898BDF8060013B05DF804FB002110B592B0CE
S2140388A804466A460846ECF76FF900216A46084606
S2140388B8ADF80640ECF71EFC12B010BD002100B55B
S2140388C893B06A460846ECF75FF9BDF8040013B0A0
S2140388D85DF804FB002110B592B004466A460846C4
S2140388E8ECF752F900216A460846ADF80440ECF75F
S2140388F801FC12B010BD70472DE9F04F87B00C4647
S21403890891460746FFF73CFD0546661C304603F0CE
S21403891810FF042D40F090803846FFF721FE0378B9
S214038928092203F00303012B14BF022303230121A7
S2140389382046039303F08CFA0922002105462046B5
S21403894803F086FA21788DF81700013900222046AD
S21403895889B2FFF720FE04EB09088346F0B14FF00F
S214038968010A2A460146CDF800A003980DF117031D
S214038978FBF7C0FD0228054626D1584603F044FBFC
S21403898800222070C0B2431E00929BB2524659463C
S214038998304603F0CBFF2378534423703846FFF75B
S2140389A8E5FC020424D498F8013021789B071FD5E8
S2140389B80139A1EB09013A464046C9B2F1F78AFAEA
S2140389C823781844207013E020B92070284607B08F
S2140389D8BDE8F08F032809D1404603F0AAFE20F429
S2140389E8007189B2404603F0A6FED7E70428D5D11E
S2140389F80125002220462178FFF7CDFD07460028EB
S214038A08E4D04FF000080146434601224046CDF81D
S214038A180080FBF76FFD022819D1384603F0F4FAF5
S214038A28C2B2013A207093B2394601223046CDF8D5
S214038A38008003F07BFFC9E780F0800520F0800004
S214038A4881B23046C5F3C01503F075FED1E700289A
S214038A58BCD12070BAE708B50020FFF764FC80F0A5
S214038A680100C0B208BD0A4608B501460020EDF766
S214038A78FBFCB0FA80F0400908BD0020ECF76EBC9A
S214038A8800210846ECF712B90020FFF74ABC70B578
S214038A98044603F04EFE042200210646204603F051
S214038AA8D7F9204403F045FE032205460021204655
S214038AB803F0CEF9204403F03CFE4FF6FF7305405F
S214038AC8ADB29D4214D1F30712D5062200212046E3
S214038AD803F0BEF9204403F02CFE0446EDF736FDFA
S214038AE8844214BF02240624EDF72AFD204070BDF5
S214038AF82046FBF7D0FEC400E4B2F5E708B5FFF757
S214038B08C6FF003818BF012008BD0120704710B5FE
S214038B180446FEF700FA08B9FEF7FFF903050FD473
S214038B280C231B2B01D1002009E020FA03F1C90707
S214038B3803F1010206D5DBB2E31A5842584110BDC9
S214038B480B23F9E71346ECE710B50C46098819B961
S214038B580846F7F71DFE2080012010BD08B510460D
S214038B681A4600F08CFABDE8084003F080BD70B5DD
S214038B7804460D46164692B06A46ECF705F86A466A
S214038B88294620468DF81F60ECF7B4FA12B070BD7C
S214038B9810B50C46EEF7B6F82046BDE81040EDF7DC
S214038BA8C7BF0129F8B505460C461DD003291ED0B4
S214038BB8052920D0072922D00026002400270120D3
S214038BC8EBF734FF304485421DDA0320EBF72EFF1C
S214038BD82044854219DA0520EBF728FF38448542F6
S214038BE8B4BF07200520F8BD6FF00406E5E76FF06D
S214038BF804040526E2E700266FF00407DFE70024EF
S214038C0805272646DBE70120EDE70320EBE738B127
S214038C184379490023F00C0301F00C010B4343711D
S214038C28704710B5044678B141794088490801F081
S214038C3806010131000AFFF7B4FF02460146204643
S214038C48FFF7E5FF104610BD0722FBE738B50D46CC
S214038C58EEF746F8044608B9002038BDFFF7E1FFEB
S214038C68002DFAD1237913F00703F5D0984238BFBD
S214038C781846C0B2F1E7EEF741BA0022EEF764BB36
S214038C880021012208B5EEF75FFB401A18BF012042
S214038C9808BD38B51546FFF7F0FF0446284603F027
S214038CA829FE84B1FF2804D0626822FA00F3DB07A2
S214038CB801D5012038BD0123834013436360E3785D
S214038CC80133E370F5E72046F4E7EEF797BD10B5F2
S214038CD803F07EF900F11004204603F02AFD20F481
S214038CE8007189B22046BDE8104003F024BD2DE983
S214038CF8FF411546019101218DF80D301B0A8DF8A9
S214038D080E309DF82C308DF80C008DF80F30284661
S214038D180423009103AA9DF828809DF830709DF8D7
S214038D28346001F016FB044670B12946FFF762FB70
S214038D38B8F1000F02D12046FFF7C9FF2FB146B995
S214038D483146204601F0D0F80024204604B0BDE89A
S214038D58F081002220461146EEF7D6FCF4E74FF4DE
S214038D687A70EEF72BBE08B5ECF7D2FEBDE80840DE
S214038D780020EEF729BF00B58BB06846EEF7FAFD7C
S214038D88009BBDF8060004A90693EEF799FD0BB001
S214038D985DF804FB1FB504466846EEF7EBFD02AB29
S214038DA803CB2060616004B010BD1FB506230446DC
S214038DB88DF80C30EFF762F800238DF80D00CDE937
S214038DC8003301210223204603AA01F0C2FA04B0A5
S214038DD810BD38B5002208210546FFF7E0FC044617
S214038DE898B9FFF74EFD22464FF6FF71EFF79EFA46
S214038DF82846297CEEF718FF287C6A69E989F0F784
S214038E0813FEEEF789FE204638BD0120FCE770B551
S214038E180C4605460120EFF715FE237B4BB1FFF7FB
S214038E2830FD014623462A46BDE870400120EFF789
S214038E389BBA4FF6FE71F5E7F8B50E460746FFF7F9
S214038E488FFB054603F075FC00F44040B0F5404F31
S214038E5814BF0022062202F10A03EB5C0B325C0005
S214038E6804F00E045B08144403F0380338461C4425
S214038E78FFF77BFB844208D2001BC2B20F2A28BF27
S214038E880F2230462919E4F743FF2046F8BDECF7CE
S214038E983FBE40F62740F0F745BBFF224FF6FF716B
S214038EA8F0F774BC07B500210DF10700F0F7A6FD2F
S214038EB89DF8070003B05DF804FB13B5044601A943
S214038EC80020F0F79BFD019A01462046F0F7ACFD1B
S214038ED8204602B010BDF0B50F46002187B0044601
S214038EE808461646F0F78AFD012305460DF10A00E3
S214038EF88DF808408DF80930FFF74CFF092C1DD173
S214038F0831460DF1120003F016FC05AB002102AA48
S214038F189B1A2846CDE90011DBB2642101F019FA41
S214038F280546E0B1092C15D1F0F7C8FD044688B10B
S214038F382846F0F7D7FD204607B0F0BD31460DF1B9
S214038F4813008DF812704FF6FF7503F0F4FB0DF15E
S214038F581503DBE7284600F014F80446EBE7044657
S214038F68E9E738B504460D4603F0DEFC40B1AC42EB
S214038F7806D0204603F0CFFCBDE8384000F0ACBF6F
S214038F8838BD10B50446FFF7EBFA023003F0D1FB01
S214038F984FF6F7739842204603D9BDE81040F0F71A
S214038FA81BBFF0F75BFFB0FA80F0400910BD012045
S214038FB870470022F0F748BE70B504460088FFF7EE
S214038FC8CFFA0546043003F0B4FB0646A81C03F0A4
S214038FD8B0FB054603F0C3FA3046F2F725F930B975
S214038FE82846F2F721F910B1284603F09DFCA3782A
S214038FF8002023F00F03A37070BD70B50546FFF776
S214039008AFFA0646284601F0C8F901462846F7F798
S214039018F3FF04462846FFF7D7F94FF6F773984247
S21403902808D8337803F00303012B05D1A31E58424F
S214039038584170BD0120FCE70020FAE741F20333EC
S21403904830B585B00D46ADF808300446FFF719FC71
S2140390588DF80A00FFF715FC0021000A8DF80B00AF
S21403906805232046CDE9001102AA8DF80C5001F01D
S21403907870F910B12146FFF79CFF05B030BD2DE906
S214039088F041044617460D46E1B13F294FF0000666
S21403909800D135462046FFF773F9082814D1012175
S2140390A8204602F0CDFF064602F0AEFF04463046E1
S2140390B802F08EFF3B4601462A46E0B2BDE8F04181
S2140390C8FDF7FBBA0126E5E72046FFF759F90246FE
S2140390D830B9BDE8F0414FF6FF71012003F0F2BA4C
S2140390E82046FFF75EF9B0F5006F0ED12046FFF76E
S2140390F86BF94FF6FF739842014617D0002D0CBF45
S21403910803200520002203F0DDFA29462046EEF761
S214039118B3FB68B929462046F2F724F840B9324625
S21403912829462046BDE8F041F0F7DCBF0120E9E711
S214039138BDE8F0817047704737B54FF6F675FDF70B
S2140391481BFA431E9BB2AB420446F8D8EDF7C8FD9C
S2140391580028F4D169462046EDF7E4F80028EED057
S214039168204600F09AFE0028E9D12046FFF788FD3E
S2140391780028E4D12046F2F757F80028DFD1204626
S21403918803F0D2FB0028DAD12046FDF700FA0028C0
S214039198D5D1204603B030BD73B504460E46F2F764
S2140391A843F8054688B92046F2F798F821462B4631
S2140391B80D224FF6FD70009500F0A1F831462046C3
S2140391C802B0BDE87040F2F74BB802B070BDF7B511
S2140391D804460D461746FFF754FB0646002D3FD0B8
S2140391E84FF6FB739C423BD82046F2F71DF808B1AE
S2140391F8A64235D02046F2F717F810B1012003B07F
S214039208F0BD2046FDF7C3F9C0B1A642F6D0F4B1C7
S21403921869462046EDF786F80246C0B9082168462F
S214039228FFF7BDFA98B9082269462846E4F72CFFE3
S21403923868B129462046FFF7AFFFDFE7A642E6D127
S2140392482846EDF7DDF810B900F03DFED6E73FB146
S21403925821462846EDF7EAFE21462846F5F726FF77
S2140392680020CCE737B5054614460C2914D8DFE8A2
S21403927801F02C132C1313130713131313242400AE
S2140392886946EDF74FF818B901216846F6F70CF862
S21403929841202946F8F72CFBD4B12046FFF760F99E
S2140392A8023003F046FA4FF6F773984210D9204671
S2140392B803B0BDE83040F0F745BE40F6144040F62C
S2140392C813430B2908BF1846E3E700F0EDFDE3E771
S2140392D803B030BD1FB50346084603218DF80D308D
S2140392E88DF80C1001230021ADF80E20CDE90031CE
S2140392F803AA042301F02DF805B05DF804FB2DE955
S214039308F34106460F4614461D469DF82080FFF790
S214039318B8FAB04207D100222146384602B0BDE863
S214039328F041FFF79FBF3A4631462046FFF7D2FF84
S214039338ADF8060060B10D2C05D100224FF6FF717B
S214039348282003F0BFF935B9BDF80600FFF719FE64
S21403935802B0BDE8F0810123424629460DF1060016
S214039368ECF72AFBBDF80630002BEDD1F0E7F7B58E
S2140393780C460546FFF7F4F8611C06462846F7F739
S2140393883BFEA11C0746284600F02AFF0146044672
S2140393983846FDF72AF90D2F34D12046F1F744FF56
S2140393A878B1301D03F0C5F904462846F679FFF769
S2140393B83AF831460246204603B0BDE8F040FFF7C8
S2140393C868BCB01C03F0B5F94FF6F773984202D998
S2140393D82846F0F7B7FD2046F1F780FFFFF751FA66
S2140393E8A04205D1002003B0BDE8F040FFF7A2BEB7
S2140393F86B46B068F16803C369462046F1F730FF49
S21403940803B0F0BD2A463946204603B0BDE8F0400F
S214039418FFF728BF14220021E4F7EABA2DE9F04F34
S21403942811F00F0704460E4615468FB05CD101208F
S214039438E1F730FE09A8FDF7D6F9092309A88DF840
S2140394482430FDF7D4F909A8E1F7F6FD01A909A820
S214039458FDF75EFB26F00F08A84404F1100904F193
S2140394680F0A454511D1236901A93344236109A885
S214039478FDF733FB0020E1F70DFEB6F1005F28BFCA
S214039488272738460FB0BDE8F08F05AA2346964629
S2140394989446186859680833ACE803004B45624697
S2140394A8F6D12B46224605F1100B53F8041B5B45F1
S2140394B842F8041BF9D1714609A8FDF70EFB09A863
S2140394C8E1F7BAFD224621460120E1F79FFD013D5B
S2140394D8631E13F8012F15F8011F534582EA01028C
S2140394E81A70F6D15D46BCE70227CAE7F0B51746F9
S2140394F885B005460C46102200216846E4F778FA3C
S214039508BFB3C4B30F2C04F00F0608D924F00F0416
S2140395183A4621462846FFF781FF40BB2744324692
S21403952839466846E4F7F4FB80222F6906F11003F0
S21403953837446B44B7F5005F03F8102C2F61C6F168
S21403954810061AD3062E1FDDFB001A0E8DF80A2006
S2140395581A0C5BBA8DF80B20ADF80C306A4610214E
S2140395682846FFF75BFF00202B69103B2B6105B0ED
S214039578F0BD3E46D8E72646D6E7022E04DDFB00B6
S2140395885BBAADF80E30E9E76A4610212846FFF7BE
S21403959845FF2B691022A3F11004002168462C61AD
S2140395A8E4F726FAB7F5005F4FEAC403CDD2E7E738
S2140395B870B50E46054686B001A81446FFF72AFF7F
S2140395C83246294601A8FFF791FF2246054601AB16
S2140395D805AE1C4603CCB44210605160234602F124
S2140395E80802F6D1284606B070BDF1F7CFBE0A4684
S2140395F80021F1F7CBBEF0B58BB00C4601A9F1F705
S214039608C5FE054680B325220021E01CE4F7F0F9E1
S2140396180123A3700E23BDF810702380FA0510D516
S21403962823464FF4877206AE23F8042B0DF1280C55
S214039638324603CA624518605960164603F10803A2
S214039648F6D13B0605D5238843F080032380069B83
S214039658636001AB03CB039BC4F81D00C4F8211059
S214039668A361F3F777F8606128460BB0F0BD30B511
S21403967805460C4687B001A8FDF7B5F8286869685B
S21403968802AB03C39DF8113043F002028DF8112094
S21403969874B12288510644BF43F006038DF811308F
S2140396A8530542BF9DF8113043F008038DF8113077
S2140396B801A8FDF793F9B0FA80F0400907B030BD6A
S2140396C82DE9F3410F460546164602F09DFC4FF07A
S2140396D80008C41BE4B2294623463A463046CDF86A
S2140396E8008003F023F90121284602F0A9FC88B17B
S2140396F80121284602F0A4FC074602F085FC05462D
S214039708C3B2424630193946CDF8008003F00EF945
S2140397182544ECB2204602B0BDE8F0812DE9F04FAF
S21403972885B00C46054691461F464FF0010ADDF8FC
S21403973838809DF83CB002F067FC22463B46294633
S2140397480646CDF800A0484603F0F0F851462846EA
S21403975802F076FC3C4418B35146284602F070FCE7
S214039768F6B2B442814610DAE7B2F31BDBB24046E0
S21403977822462946CDF800A003935F4403F0D6F8A3
S214039788039BBF1B984407F0FF0B012300220E938D
S21403979849465B46404605B0BDE8F04F03F0C6B8F9
S2140397A85B4622462946CDF838A0F3E72DE9F04173
S2140397B8002686B0074608460C4615469846CDE961
S2140397C8026604968DF8146002F01EFC411BCBB2A9
S2140397D80D2B28BF0D232A462146009602A803F020
S2140397E8A5F8424602A93846F1F726FF0646294653
S2140397F820469DF80820F7F713FC304606B0BDE868
S214039808F0812DE9F04F0E46CBB0012105461746E9
S2140398181C4602F015FC23463A462946814606A806
S214039828FFF7C4FF0DF1280A00EB070B5246314633
S21403983828465FFA8BFBFFF743FFB34503D20020A6
S2140398484BB0BDE8F08FABEB06085FFA88F808F173
S21403985804039842F3DB331F18440423C4B201936A
S214039868A31BDBB20093524643460021CDF808A05B
S21403987806A8E1F77FFB0028E1D1A4EB0B040AEB6B
S2140398880803E4B2524628463146009301944346F9
S214039898FFF744FF39462846F7F7AEFB394600F08C
S2140398A8F8022846F7F7BCFB0121284602F0C8FB56
S2140398B8002818BF4D462846ADF8165002F0A4FBFC
S2140398C8011FC9B20DF1160000F04FFC0120B7E7DF
S2140398D82DE9D841064600F060FD411C044689B2CE
S2140398E8304600F02DFD98B394B321463046F7F77B
S2140398F883FB00F00C03042B074629D000F003086B
S214039908B8F1020F00D11BBB384600F0B0FD3B068A
S2140399180444A4B216D5611C304689B200F010FD83
S214039928B0B121463046F7F767FBB8F1010F014699
S21403993800F003030CD0032B0AD0384600F0A6FD2C
S21403994803199CB221463046BDE8D84100F0F8BC5E
S2140399580020BDE8D881F8B5064600F0E0FC0546C9
S21403996804463046FEF7FCFD43785B0718D5AC1C67
S214039978A4B22146304600F0E3FCB8B12946304687
S214039988F7F73AFB0746691C304689B2F7F734FB04
S2140399981FB1874201D8FF2808D104EB4704A4B2B5
S2140399A821463046BDE8F84000F0CABC0020F8BDA2
S2140399B813B5044601A8F2F797F8BDF80430DA079A
S2140399C810D49B0707D410220021204602B0BDE816
S2140399D81040E4F70DB8224621461020FFF7E8FDAD
S2140399E80028F0D102B010BD024608B5F2F7A4F875
S2140399F8510544BF0838C0B2130544BF0838C0B27F
S214039A0808BDF0B5D30705460C468BB04AD5008883
S214039A1800F0C3FC00230646029314B9CDE90344B9
S214039A2803AC002208212046FEF7B9FEA8B1288811
S214039A38FEF796FD023002F07CFE21460746ECF759
S214039A4871FC50B1002240231146384600F005FA4F
S214039A5840F6094528460BB0F0BD31462888F7F787
S214039A68CBFA10F0030F0CBF01260026F1F7D2FC41
S214039A7846EA4000C0B200900021204602AB05AA81
S214039A88F3F7A4FA0546F1F7C5FC0028E2D0002D43
S214039A98E0D000212046009602AB05AAF3F796FA13
S214039AA80546D7E740F60A45D4E700231A46F3F7F0
S214039AB8F9B930B58BB005AD04462846FCF793FED6
S214039AC80223284601A98DF81430FDF721F823460A
S214039AD801AA144603CCAC4218605960224603F127
S214039AE80803F6D10BB030BD08B500230246194665
S214039AF81846F3F7D7F9012008BD37B50446684674
S214039B08F3F748FA054648B1082221466846E4F7BB
S214039B18BBFAB0FA80F0400903B030BDFF22082133
S214039B282046FEF73CFE034628B106212846FFF7E3
S214039B38BCFF0120F0E722460146F3F7B3F9F8E73E
S214039B4807B56846F3F726FA10B16846FDF74FF9E6
S214039B5800F0010003B05DF804FB0120F3F7F0BE44
S214039B68704730B50124054689B003A8FCF73BFEC9
S214039B7801A88DF80C40E1F7BDFA9DF806209DF87C
S214039B880730AA4209D0AB4209D103A88DF80D4085
S214039B98E1F752FA012009B030BD0024F5E70020AA
S214039BA8F9E700221021FEF7FABD70477FB50D4688
S214039BB800F582300D22694600F58070D5F734FA31
S214039BC86B462A4602AE1C4603CCB442106051606C
S214039BD8234602F10802F6D1206810602379137130
S214039BE800236B7304B070BDF0B585B06A460546AE
S214039BF80B46164601F108071446186859680833D1
S214039C0803C4BB422246F7D118680D2220601B798D
S214039C1805F582303146237100F58070D5F730FAA2
S214039C2805B0F0BD38B504460D46E0F755FDA0422D
S214039C3805D920462946FFF7B9FF002038BD282056
S214039C48FCE730B5002485B08DF80040E0F744FD06
S214039C58E5B2A84204D8F5F78BF9002005B030BD65
S214039C6869462846FFF7C0FF0134EFE738B50446D0
S214039C78002002F04EFEFF2805460FD002F051FEE4
S214039C8810F0010009D0284602F04BFE400840EACF
S214039C98C17080F0010000F0010038BD04F0010037
S214039CA8FBE70146F8B506460020F5F79BF8FF28BC
S214039CB801D00120F8BDE0F7FFFC00240546871C09
S214039CC8E0F7FEFCE3B2984201D80020F2E735F845
S214039CD82430B34203D117F82430002BE9D10134DA
S214039CE8EEE738B50D460121044602F0A9F930B16E
S214039CF80121204602F0A4F92880012038BD204619
S214039D082C8000F020FC0130C0B2F7E72DE9F047BD
S214039D1888B00746894610460DF10A011D46904647
S214039D28FFF7DFFF4FF0000ABDF80A600446304627
S214039D38CDE905AACDF81BA002F066F9031BDBB232
S214039D480B2B28BF0B2322463146CDF800A005A8C7
S214039D5802F0ECFD48F21F039D4243D00BD885F46E
S214039D680043012B15D92346424649462846009701
S214039D78FDF78AF833E048F23A039D42F3D1FEF73B
S214039D8880FDB8422BD02246414605A8FDF7ADF81C
S214039D9825E09DF8143013BBBDF81D40DDF815000B
S214039DA8DDF8191003AB03C3204603A9E0F788FEC2
S214039DB80122204603A9FFF70AFAA74206460ED051
S214039DC8012103A8F5F770FA48F201039D4206D16C
S214039DD82EB9334632463946204600F058FC08B0BA
S214039DE8BDE8F0879DF81450002DF8D12F469DF84E
S214039DF815800234EAB24245F1D2D200D2B22244E6
S214039E080823314692B2009703A8CDE9037702F0F8
S214039E188DFD03A800F074F802F07DFD00F05CF8F1
S214039E280135E7E710B50024418084800480C280AA
S214039E38038110BD13B5BDF81040CDE900340023E7
S214039E48F5F700FD02B010BD13B5BDF8104001903C
S214039E580094F5F7F7FC02B010BD07B5009301238D
S214039E68FFF7F2FF03B05DF804FB0123F5F790BD97
S214039E7838B50546EFF722FE0446E0F739FCA40199
S214039E8844EA4020284038BD704770470020704792
S214039E98FF207047002070477047002070474FF632
S214039EA8FF70704700207047704700207047704760
S214039EB8002070477047002070470020704770479F
S214039EC870470020704770477047002070474FF66A
S214039ED8FF70704717207047704770477047704782
S214039EE8704770470120704701207047002070476D
S214039EF8002070477047704770474FF6FF707047EB
S214039F084FF6FF7070470020704700207047002008
S214039F1870477047002070472DE9F04F002785B03B
S214039F2881460C467E2039469846BDF83CB09DF8D7
S214039F3844A0BDF84C500192ADF80E7002F0BCF880
S214039F480646002800F0AA8002F042F839467E2228
S214039F58E3F74EFD304602F03BF80090304602F039
S214039F6837F8B9F1FF0F0CBF274644F003073B0A3F
S214039F7814F44062077043705FD14FF00808C31C9F
S214039F88184642460199E3F785FD034604F4404420
S214039F98434484B1790606D419464FEA1B2201F8CE
S214039FA802BB5A700B46B4F5004F56D0A4F5404290
S214039FB854425441E400224618460E99E3F76AFDD4
S214039FC8009A03462044A0EB02085FFA88F89DB17E
S214039FD84FF47C521A53841C284601F0F9FF834633
S214039FE8284602F011F8C5B22A4659462046E3F732
S214039FF88FFE60190235EDB2B9F1FF0F2FD0524626
S21403A008109900F8019BE3F783FE08F101015AFA59
S21403A01881F129443046EBF765FC0C210022FF004A
S21403A02807F0800710463943FEF778FAADF80E00B6
S21403A038E8B9002005B0BDE8F08FB2F5006F80F8E8
S21403A04803804FEA182880F8048000F1050314BF3C
S21403A0584FF008084FF0020892E70224ABE708EB34
S21403A0680A0129443046EBF73DFC0821D6E730467B
S21403A07801F0AEFF0446304601F0C6FF0123024650
S21403A08821460DF10E00EBF797FC0028D1D10121EC
S21403A098BDF84820BDF80E0001F0E6FFBDF80E0037
S21403A0A8C8E710B50C46098821B90846F6F770FBC9
S21403A0B8208008B1012010BD0220FCE72DE9F047F7
S21403A0C880460F460646002402F1FF39BC4202D2F8
S21403A0D819F8015F25B9A6EB080080B2BDE8F0873A
S21403A0E89A46A5F13102012A5AF8041B10D83246BB
S21403A0F8322D02F8011B06D10134A4B2A74232D38B
S21403A1080912B21C7170013453461646A4B2DDE731
S21403A118342D0CD10334BC42DDDA0B0A317073706C
S21403A1280B0C090EB370321DF170A4B2EBE7A5F160
S21403A1383302062A0DD8303DADB22B19BB42CADA14
S21403A1482A463046013CE3F7A5FC15FA84F472194F
S21403A158EBE7A5F14102062A01D8373DECE79D88CF
S21403A16803F1080AE9E71646B5E770B50546008819
S21403A1780C4601F049FFA04228880AD201F044FFA2
S21403A1880023221A19462846BDE8704092B2EBF718
S21403A19813BC2146EBF7A6FB002070BD38B5054671
S21403A1A801F016FF0446284601F02EFF002201465A
S21403A1B82046BDE83840FEF7EEB9F8B516460C4615
S21403A1C81D46BDF8187001F003FF0444304601F03D
S21403A1D8FFFE3A4641192046BDE8F840E3F75ABC65
S21403A1E870B50C46013189B20646F6F705FF2146D7
S21403A1F805463046F6F700FF00EB052080B270BD33
S21403A2081FB50123ADF80C2000930A460223014626
S21403A21803A802F08BFB05B05DF804FB0FB437B553
S21403A228069D0021A8B201F047FF044601F0D0FEC0
S21403A2382CB1002207AB0193D1B28D4205D8204634
S21403A24803B0BDE8304004B0704753F8041B81548C
S21403A2580132F1E773B504460D4640200021164641
S21403A26801F02AFFADF8060001F0B2FEBDF806308D
S21403A27813B9002002B070BD402133462A46204455
S21403A288FFF71CFF211889B20DF10600FFF76DFFD3
S21403A2980028EED1BDF80600ECE70EB403B503AA12
S21403A2A852F8041B0192FFF7D5FF02B05DF804EBE2
S21403A2B803B070472DE9F7430F460121814616463A
S21403A2C801F0BEFE054658B1FFF768FF308088B92F
S21403A2D8284601F099FE68B1192003B0BDE8F0835B
S21403A2E8484601F091FEFF2FA0EB0704E4B214D012
S21403A2F814B934800020F0E72A4621462846FEF79C
S21403A3084AF980460028E7D03B464A462946009441
S21403A318FFF753FFA6F80080ECE70120DDE708B552
S21403A328FEF71EF9437803F001001A074CBF1030F6
S21403A3380830DB0644BF0830C0B21030C0B208BDD0
S21403A34810B50C4601F060FEA04234BF0020012081
S21403A35810BD7FB514460091024641F2092141F625
S21403A36809209DF820601D46002E18BF0146099B4C
S21403A3780020F6F769FEADF80E0010B9002004B009
S21403A38870BD01232A4621460DF10E00EBF714FB98
S21403A3980028F3D1BDF80E00F1E738B50546FFF7F8
S21403A3A8BEFF0446284601F02FFE631C9BB2834279
S21403A3B80FD82846FEF7D4F843785B0707D5214617
S21403A3C82846F6F719FE013004EB4004E4B22046AB
S21403A3D838BD0024FBE71FB5ADF80E0001F014FEE8
S21403A3E80446BDF80E00FFF7D8FF00F10E03DBB2F4
S21403A3F8BDF80E200146E01A80B200901046FFF71B
S21403A408DCFEA4F10E0189B20DF10E00FFF7ADFED6
S21403A41804B010BD4278034612F0080006D0D207EF
S21403A42802D403F10800704703F10900704737B5F3
S21403A43805460C46FEF794F8437813F0100212D03C
S21403A4489CB103F001021B074FF000032946009353
S21403A45820464FF0080354BF1832203202F066FA3B
S21403A468012003B030BD1046FBE72046F9E700F0AD
S21403A4780303012B08D0C30606D400F00C000C28EF
S21403A48814BF08200920704702207047034611F0BE
S21403A498030005D003F00303022B14BF0220032096
S21403A4A87047F8B50C46064601F0AEFD631C8342BA
S21403A4B802D900252846F8BD21463046F6F79CFD06
S21403A4C80746FFF7D4FF3B060546F3D50444304654
S21403A4D801F09AFDA4B2631C9BB28342E9D82146D5
S21403A4E83046F6F789FD01463846FFF7CFFF28447E
S21403A4F8C5B2DFE770B506460D46FFF7D2FF04463A
S21403A50810B90024204670BD29463046F6F774FD78
S21403A5188206F7D5304601F077FD2544ADB26B1CAD
S21403A5289BB28342EDD829463046F6F765FD00F020
S21403A5381803082B14BF05340634E4B2830644BF55
S21403A5480834E4B2DEE738B50546FFF726FF0446C7
S21403A55808B9002038BD01462846FFF7CBFF002878
S21403A568F7D02044C0B2F5E72DE9F04387B0054697
S21403A5780C46FDF7F5FF804602F0DBF8074628464B
S21403A588FFF70BFF064601462846FFF78AFF002219
S21403A598034600922946324602A802F0C7F99DF8F8
S21403A5A8086006F00C030C2B06F003090BD0B9F170
S21403A5B8010F59D0F10657D49DF809300DF10A0555
S21403A5C80020637107E0FF230DF10900637102F0B1
S21403A5D8B0F80DF10B05208198F80130DA0704D599
S21403A5E808F1020002F0A5F82081B9F1010F5FFA1D
S21403A5F889F83DD0F3063BD4284602F09AF86080E3
S21403A608A81C02F096F8053515F8013C208023713E
S21403A6182B78B006A37206F0400348BF43F0200326
S21403A628390627D543F40073F80448BF43F4806318
S21403A638390548BF43F400633206E38011D56A78C8
S21403A64812F003020DD06FEA43436FEA5343A97827
S21403A658B8F1020FE3800B4611D1EB7841EA0321E8
S21403A668218107B0BDE8F083FF230DF10905A7E7AD
S21403A678FF23CCE77A0648BF43F48073D4E7012A5E
S21403A68804BF0B029BB22381EBE7F7F78FB90BB135
S21403A698F7F7F8B90AB9F7F771BAFF21F7F79AB9CE
S21403A6A8431C08BF0020E4F779BA0000034B586838
S21403A6B8C0F30800003818BF0120704700ED00E01B
S21403A6C8014B1868704700BF90640020084B1B6F47
S21403A6D803F00703022B04D0032B05D0012B05D068
S21403A6E8FEE7044B18687047034BFBE703487047BD
S21403A6F8008000509064002098640020002D3101EB
S21403A70808B5FFF7E3FF054B1B6FC3F303330133AA
S21403A718B0FBF3F0024B186008BD00BF0080005082
S21403A7288C6400200048704700B4C404004870478F
S21403A738002D3101014B1868704700BF986400204C
S21403A748014B1868704700BF94640020B8B10368CB
S21403A75813F4E07F03F03F00C3F382120AD0012A02
S21403A7680DD1084B41B103F58053012282401A608C
S21403A77800207047044BF5E703F50053F5E70E2072
S21403A788704700BF688000506480005007B500F02B
S21403A79895FC6A4600F0F2FC18B14721034801F01D
S21403A7A8EAFEDDE9000103B05DF804FB81D203008D
S21403A7B80229F8B596BF104B00245C5C01280546B1
S21403A7C80E4608D0022809D008B944F002040B4BF9
S21403A7D81F6837B9F8BD44F00804F8E744F02004C6
S21403A7E8F5E77B681A68144203D0314628465B6847
S21403A7F898473F68EDE700BFA66C0400743C00204A
S21403A80838B5104D2B78ABB10F4C23781BB100F03D
S21403A8184FFA00232370002001F0C0FE0B4C50B102
S21403A82800F098FA0023012120782B70FFF7C0FF69
S21403A8380123237038BD0122054B1A702278054B75
S21403A8481A70F7E76E5A00206C5A0020745A0020D4
S21403A8586F5A0020705A00200E490B78FF2B01D13F
S21403A86898B170470BB990B97047002814BF0122F6
S21403A878FF2213440B7060B1074B1B78012B08D9D2
S21403A888064B1B782BB9FFF7BBBF1A46F1E7012225
S21403A898EFE77047735A0020745A00206F5A002057
S21403A8A810B501F0D4FD064B04461B781BB1BDE872
S21403A8B8104001F0C7BDFFF7A3FF2046F7E700BF28
S21403A8C86B5A002002282DE9F04147D0294803781F
S21403A8D8FF2B41D1002941D11A461344DBB203703A
S21403A8E800293BD0244E3278012A37D9002B3ED094
S21403A8F801F0ADFD214F04463B780BB3204D2B7872
S21403A9081BB901222A701F4A1370DFF87C8098F857
S21403A918003023B100F0CCF9002388F80030204635
S21403A92801F090FD012001F039FE01F090FD2B782F
S21403A93804461BB100F00EFA00232B7000233B706D
S21403A948204601F07FFD01243078A04206D0214638
S21403A958FFF72EFF347001E013B931B9BDE8F08173
S21403A968002914BF0122FF22B7E70122B5E7022414
S21403A978EAE700BF735A0020745A00206E5A002074
S21403A9886B5A00206F5A00206C5A00202DE9FF47A7
S21403A998EFF3108572B6AFF3008001F0D4FE0028FB
S21403A9A800F0A4806B4E6C4F337823B10020FFF77A
S21403A9B853FF00233370387878B903A900F04EFBA9
S21403A9C8044650B9654B039A1B689A4200F2968070
S21403A9D80120FFF741FF012333703B78002B40F03B
S21403A9E8AB805F4B1B78002B00F0A3804FF0020868
S21403A9F85C4CDFF890912078DFF88CA140450AD0AC
S21403AA08002389F800309AF8003013B94146FFF757
S21403AA18CFFE84F8008099F800303BB12378022BE8
S21403AA2804D1002389F8003001F0D7FEB8F1020FED
S21403AA380FD1DFF82C8198F8003053B94A4B1B78AE
S21403AA4823B900F02FF90122484B1A70012388F81E
S21403AA580030207800F0FEF89AF8003013B1444B23
S21403AA681B782370AFF30080284601F092FDEFF3BE
S21403AA78108572B63F4B1A7852B100221A703C4BB7
S21403AA8820781B78984203D101212170FFF790FEA6
S21403AA98394800F0A3FA01F06AFE8046002883D1FD
S21403AAA82F4F89F800003B789BB1DFF8C0908AF8EF
S21403AAB8000099F800301BB100F0FAF889F8008016
S21403AAC8002001F06BFD002839D000F043F900237D
S21403AAD83B70337823B10020FFF7BEFE00233370A4
S21403AAE800212078FFF764FE00232370AFF300806D
S21403AAF8284604B0BDE8F04701F04BBD1F4BD3F81A
S21403AB08008000F061F9039B80449845BFF460AF6A
S21403AB1800F054F98200039942F0020292B2CDE99A
S21403AB2800422346164AA1EB0801134801F038FDF4
S21403AB3853E700F0A1F859E74FF0010858E701205A
S21403AB4800F088F8284601F024FDEFF3108572B666
S21403AB58B6E700BF6D5A0020735A00207C3C0020DD
S21403AB686E5A0020745A0020725A00206C5A00202D
S21403AB78705A0020695A0020803C0020783C002048
S21403AB88A9A80300715A00206F5A002010B501F0D7
S21403AB985EFC0022054B1C781A7001F053FC00F08B
S21403ABA821FBE4B22043C0B210BD00BF6A5A00209E
S21403ABB838B501F04CFC094B05461B78012B04D825
S21403ABC801F040FC0024204638BD054B1C6800F005
S21403ABD8FBF80444284601F035FCF4E7745A0020D1
S21403ABE8783C00201649174A0B6F10B503F0070385
S21403ABF81360154A154C9269032B02F00200C2F340
S21403AC08400222701AD0D1F8203103F00303022B36
S21403AC1814D0D1F8243103F007039C1E6342634122
S21403AC280B4A137048B143B9054BD3F8003103F008
S21403AC380303591E4B424B41137010BD0123EFE724
S21403AC4800800050DC3C002000C00150795A0020E8
S21403AC587A5A0020012805D00238012808D800208F
S21403AC68D1F784BD034A136923F00403136130BF85
S21403AC78704700BF00ED00E0074A0849D2F82031C4
S21403AC8803F003030B60D2F82431054A03F00703E5
S21403AC981360F8F79EBA00BF00800050E83C002017
S21403ACA8E43C00200122014B1A707047785A0020B2
S21403ACB8F8B51F4B1B78002B39D01E4C2378B3B935
S21403ACC81D4B9A6DD10302D5DA6D92072FD49B6D6F
S21403ACD8DB072CD401F0A7FC184B194A1860136F2E
S21403ACE823F0070343F003031367FFF709FD01F097
S21403ACF89AFC124B134D1B68134EC01A2B78134F2E
S21403AD0856F8232046F82300111A3A681048521AB0
S21403AD180A213A600932B2FBF1F20133DBB2026070
S21403AD28B3FBF1F201FB12332B7000232370F8BD3B
S21403AD387A5A0020775A002000C00050D43C0020DE
S21403AD4800800050765A0020AC3C0020A83C002027
S21403AD58A43C002008B5F8F73FFA124B12491A6FBD
S21403AD68096822F007020A431A671049D3F8202114
S21403AD78096822F003020A43C3F820210C49D3F8D2
S21403AD882421096822F007020A43C3F82421094B41
S21403AD981B7813B10122084B9A62BDE80840FFF7F7
S21403ADA8AFBC00BF00800050DC3C0020E83C00201D
S21403ADB8E43C00207A5A002000E00050014B187843
S21403ADC8704700BF7A5A0020054B187818B1054B10
S21403ADD8186800EBD000044B1B681844704700BF84
S21403ADE87A5A0020A43C0020D83C002008B5104B13
S21403ADF81A78C2B100221A700E4B1A6F22F0070295
S21403AE0842F001021A67D3F8202142F00302C3F87E
S21403AE182021D3F8242122F0070242F00302C3F8C4
S21403AE282421FFF76DFC0122034B5A6708BD00BFB8
S21403AE38785A00200080005000E000500D490B6847
S21403AE48A0B10022A3B1834203D1836822B90B6061
S21403AE5803E01A469B68F5E7936083680BB90020FE
S21403AE6870475A6941690A445A61F8E722207047CD
S21403AE7802207047F43C002010B501F0F0FB0A4CA2
S21403AE880A4B19682368C31A09B9206010BD002B3A
S21403AE98FBD04A699A423ABF9B1A0022D21A4A61E1
S21403AEA828BF00238968EFE7F03C0020F43C002025
S21403AEB838B5154D2B682BB35B69B3B1134A02201B
S21403AEC814681C4400F088FA204600F047FA00226B
S21403AED80F492B680A70012A05D823B1D88880073A
S21403AEE80AD501230B70002038BD022000F074FA3F
S21403AEF8022000F093FAEAE79B68002BF3D0586920
S21403AF080244E8E72220EFE7F43C0020F03C002068
S21403AF187C5A0020C38870B504460D463BB9FFF734
S21403AF2847FE8542064602D2F9F70BF935460E4A1E
S21403AF38656113689BB91460A3600FE02D1A9868BF
S21403AF4819466561034618B15869A842F6D941B14E
S21403AF588C60A36013B15A69521B5A6170BD0021F5
S21403AF68F2E71460F5E700BFF43C002070B5164618
S21403AF789DF81420C0E903360271049ABDF8183008
S21403AF880260002204460D468260C38006BB01F0B9
S21403AF9866FB2844A0613DB9E368656113B12046A2
S21403AFA82168984796B1354601F051FA0646FFF7E9
S21403AFB863FF29462046FFF7ADFF074B1B68A342EE
S21403AFC801D1FFF775FF304601F03CFA002070BD4B
S21403AFD801F045FB3044DDE7F43C0020F8B50546B0
S21403AFE8D0B101F034FA0646FFF746FF0B4B284666
S21403AFF81F68FFF723FF044620B1304601F022FA04
S21403B0082046F8BDAF42F8D1FFF752FF2228F4D105
S21403B018022000F0EDF9F0E72224F1E7F43C0020E3
S21403B02838B50C460546A8B1A1B100230B7001F04C
S21403B0381BFA0121084B1B6833B901F010FA0020EC
S21403B04838BD9D4204D121702278002AF9D0F4E74E
S21403B0589B68F1E72220F3E7F43C0020F8B50646A0
S21403B0680F4601F001FA00250446124B1B6823B964
S21403B078204601F0F4F91B2011E05A691544DA88D2
S21403B088B2420DD101F0EBFA0B4E3368C01AA84250
S21403B0980AD3002320463B6001F0E1F90020F8BDFF
S21403B0A8FF2EEFD09B68E2E701F0D9FA33682B440A
S21403B0B81B1AEFE7F43C0020F03C002070B501F0C3
S21403B0C8D3F9064601F0CBFA084B044601201D685F
S21403B0D801F0B5FA18B101F0C2FA04460135304654
S21403B0E801F0BDF92046294670BD00BFFC3C002090
S21403B0F8014B1868704700BFF83C0020F8B50C4BA6
S21403B10805461B680E4683420FD3002440F2E730F9
S21403B1182146084B4FF47A721F680023E5FB0701A4
S21403B128E2F7FAF830602046F8BD2120FCE700BFB6
S21403B138EC3C0020F83C00200F4B10B51A689AB177
S21403B1484FF47A71531E1342A0FB01010ED1B2FAD3
S21403B15882F2C2F11F04531CD243E04001FA03F300
S21403B168184321FA02F20243104610BD0023E2F701
S21403B178D3F80246F8E700BFF83C002038B5164B6C
S21403B18814468342154B8B4123D3154B1A6802B3D7
S21403B1984FF47A75A0FB050305FB0131531E1342D2
S21403B1A811D1B2FA82F3C3F11F055A1CDB4301FA25
S21403B1B802F2E84021FA03F310431843E940C4E9CE
S21403B1C80001002038BD0023E2F7A6F8C4E9000111
S21403B1D8F7E72120F6E700BFEFA7C64B37894100FC
S21403B1E8F83C002010B501F03FF9034B1C7801F03A
S21403B1F836F9E4B2204610BD7B5A002008B5084B42
S21403B2081B7803F0FF004BB101F00DFA054B1B68E2
S21403B2189B69C01A02288CBF0020012008BD00BF06
S21403B2287C5A0020F43C0020C2072DE9F843044664
S21403B23807D5474A136801331360FFF71DFEFFF768
S21403B24837FEA30740F1818001F00EF94FF000089E
S21403B25805464646FFF710FE3E4F3C680CB1636949
S21403B268A3B100223C4B012E1A7003D118F0020F2B
S21403B27818BF1E70FFF71CFE222802D1022000F01A
S21403B288B7F82846BDE8F84301F0E9B823465A69F3
S21403B2983AB91A792179914288BF1C469B68002BD4
S21403B2A8F5D1284601F0DBF8D4F81080B8F1000F82
S21403B2B83FD001F0D4F9A269851AEB17454573F117
S21403B2C8000337DB23691344A36101232269CAB148
S21403B2D8C3B9A38BB8EB050833B1E28B13449BB20F
S21403B2E8B3F57A7F1CD2E38301F0BEF805464146E0
S21403B2F82046FFF70FFEA369226928461344A36175
S21403B30801F0ADF8E36813B1204621689847B4F80E
S21403B318068001F0A9F801360546FFF7ADFD9CE760
S21403B328A3F57A73E383A36918F1FF38013BA36196
S21403B338DAE7454601F098F881462046FFF77EFD92
S21403B348484601F08CF80023C0E7BDE8F88300BF41
S21403B358FC3C0020F43C00207B5A002010B5044631
S21403B36801F075F84FF0B042936A1907FCD4136AD4
S21403B378116C5269520604D4CA1A032A01D8994290
S21403B3880ED1E21A022A98BFDC1CB4F1FF3F38BF7D
S21403B398013C4FF0B04340221C6403F580539A6186
S21403B3A801F050F8054A13783BB14FF0B041CB6B28
S21403B3B843F00203CB630023137010BD046A002016
S21403B3C807B5044B01A9187901F06AF8019803B088
S21403B3D85DF804FBF06A040000F001038207034AE1
S21403B3E848BF43F040039361704700BF00100058FE
S21403B3F8820700F001030AD50121064A43F04003F9
S21403B40811704FF0B041CA6B22F00302CA63024AB6
S21403B41893617047046A002000200058830742BFE0
S21403B4284022014B5A6170470010005873B502ABAF
S21403B438164603E90600044600F052FF0546204672
S21403B44800F05EFF9DF800208DB1202C33780ED8CF
S21403B458012B2ED84FF6FF752D4803EB43132344D1
S21403B46830F81310A94202D0013120F81310294BE3
S21403B478294E33F8141036F81400814232D34FF6A7
S21403B488FF75A9424FF0010502D0013123F81410C5
S21403B49804F0FD01092927D1998AB68A0A44B242DB
S21403B4A8B4BF9A829E8233F81430834227D202B0FE
S21403B4B870BD022BDBD14FF6FF704FF6FF75144BAA
S21403B4C833F81410814218BF013104F1210018BF64
S21403B4D823F8141033F81010A9421CBF013123F8BF
S21403B4E81010C4E70025D0E71D2CDCD1598F8E1821
S21403B4F8864203DA01390A445A87D4E75887002D67
S21403B508D5D1204602B0BDE8704001F0C3B800BFED
S21403B51880560020585700200457002038B50D469B
S21403B528044600F0A1FF064A13889BB22DB12343B5
S21403B5381380BDE8384000F092BF23EA0403F7E718
S21403B5485E5900200022034B01214FF480701A70C5
S21403B558FFF7E4BF9060002008B5054B1868FCF7B2
S21403B56849FD00F00300C31E5842584108BD00BFFA
S21403B5788453002038B5044601F02AF90C4B0546D7
S21403B5881978187981420FD0631E082B0CD8DFE888
S21403B59803F0050D0B0D0B0D0D0D0D0000220146D6
S21403B5A8044B1868FCF724FD284638BD0022F7E745
S21403B5B8326A00208453002038B54FF0FF300C461B
S21403B5C8FFF76EF80A4B05461868FFF769F8641B19
S21403B5D8241A20B210F1630F06DB10F1240F05DAE4
S21403B5E864308000C0B238BD0020FCE7FF20FAE7CD
S21403B5F88453002008B5134B1B78062B04D040F65B
S21403B6082101114800F0B7FF104B1B881B0704D411
S21403B61840F622010C4800F0AEFF0D4B2A2019789D
S21403B628FFF7A8FF00210820FFF778FF0222094B3F
S21403B6381A70094B1868E8F7F3FABDE8084001F0F2
S21403B64816B800BF90600020A46704005E59002067
S21403B6588D6000205E6A00208453002010B50E4CCF
S21403B668236823B940F6A3410C4800F084FF2068FA
S21403B678013001F05EF800F0070003280AD12468B9
S21403B68809220121204600F0E3FB205C031F5842F1
S21403B698584110BD0020FCE774530020A46704003B
S21403B6A838B50C4640B100210420FFF737FF00F0F9
S21403B6B8DEFF012C1DD038BD244B1B889B07F6D50F
S21403B6C80129234A2FD1117869B30139C9B21170F8
S21403B6D811B92020FFF722FF00210220FFF71EFFE3
S21403B6E804221C4B00211C481A7000F05DFD00F074
S21403B6F8BEFF1A4C2068013001F01BF800F44060C6
S21403B708B0F5006F1FD1246801210422204600F0FB
S21403B7189FFB204401F00DF80146BDE8384000229F
S21403B728202000F0CFBF00210D4D02201170FFF737
S21403B738F5FE2B78FF2B04D040F29961094800F0F8
S21403B7481AFF2C70B3E74FF6FF71E6E75E59002041
S21403B7588F60002090600020A867002074530020A4
S21403B7685F6A0020A467040038B5134C054623888F
S21403B778580709D5FFF7F0FE01460720FFF7FAFE3C
S21403B788FF210120FFF78CFF238899070BD50B4B66
S21403B798284619788A1F51425141FFF7EBFE0121CB
S21403B7A80020FFF77DFF23881B0703D5BDE8384035
S21403B7B8FFF720BF38BD00BF5E5900209060002009
S21403B7C8F7B5124CD4E9006586EA020C85EA030746
S21403B7D80CEA000C0F405CEA070E15D086EA0C0646
S21403B7E87D40C4E90065CDE900230B4608490246B7
S21403B7F80868FCF706FD38B14FF4FD71054803B039
S21403B808BDE8F04000F0B7BE03B0F0BDB0150020A9
S21403B81884530020A467040008B50A4B1B88DB067C
S21403B82804D440F64701084800F0A5FE002110207E
S21403B838FFF774FE002000F06BFBBDE8084000F03D
S21403B84816BF00BF5E590020A46704002DE9F04F19
S21403B8585706804614461D4691B005D5FFF77CFE6D
S21403B86801460120FFF786FEEE0403D500212D20AE
S21403B878FFF780FEA00224D54046FCF73FFD0146AD
S21403B888F8B94020FFF74AFE40460AA9FCF737F8FE
S21403B898B8B99DF83030022B40F0D980BDF828009F
S21403B8A801F039F8FF2808D14046FCF726F840B9D6
S21403B8B801214020FFF732FE03E001F030F80028AC
S21403B8C8F2D1A10305D5FFF747FE01460320FFF78C
S21403B8D851FEE20104F0807640F1C080854B1B8858
S21403B8E89B072DD5844E3068FBF79EFF40BB834BE2
S21403B8F8834F18703B78FF2B04D040F2576181487A
S21403B90800F039FE4FF0000900210220FFF706FE7B
S21403B91887F800907C4F3B78062B07D10121082037
S21403B928FFF7FCFD49462820FFF724FE3B78052B46
S21403B93806D100212B20FFF71DFE3068E8F770F9C3
S21403B94800F095FE220717D56B4F0321386805AA22
S21403B958FBF784FF064620B940F2C961694800F040
S21403B9680AFE9DF81430072B00F0D080FFF7F4FD8D
S21403B97801460420FFF7FEFDE10505D5FFF7ECFDBC
S21403B98801460420FFF7F6FD14F4863F05D0FFF7BB
S21403B998E3FD01460220FFF7EDFDA20113D5FFF7ED
S21403B9A8DBFD01460820FFF7E5FD00210420FFF72D
S21403B9B8B5FD554B1B78012B03D14F4B1868E8F799
S21403B9C82FF900F054FE14F0084F09D0FFF7C4FD12
S21403B9D801460720FFF7CEFDFF210120FFF760FE93
S21403B9E8A30009D5FFF7B8FD01460620FFF7C2FDF9
S21403B9F8FF210120FFF754FEA70705D53D4B1B88FB
S21403BA081E0701D5FFF7F6FD6C0603D500210A20AD
S21403BA18FFF7B0FD280602D50120FCF781FCE905EF
S21403BA2840F1858140460AAA05A9FCF7DFFA9DF886
S21403BA381430222B00F06D8100F28281152B40F220
S21403BA486A8140F60A112F4800F095FD6FE1032B33
S21403BA587FF437AF0AA800F05AFF30E705F002076D
S21403BA6856EA07030DD0284B26201978A1F1060EAF
S21403BA78DEF1000141EB0E01FFF77CFD01213046A4
S21403BA8811E004F0805656EA07030FD01E4B262013
S21403BA981978A1F1060CDCF1000141EB0C01FFF764
S21403BAA869FD02213846FFF7FBFD4BE704F08841A2
S21403BAB851EA060309D0144B272019788F1F7942B9
S21403BAC87941FFF757FD0221D9E705F008030B4331
S21403BAD802D02320FFF74EFD680703D50021242054
S21403BAE8FFF748FDE9077FF52DAF00212520FFF76F
S21403BAF841FD27E75E590020845300208F6000200D
S21403BB085F6A0020A4670400906000203146386806
S21403BB180AAAFBF7A9FE20B14FF4DA619E4800F0A3
S21403BB282AFDBDF81630386802330AA9ADF82C305A
S21403BB38FBF79CFE20B140F2DF61974800F01BFD3F
S21403BB480023009331460423386804AAFBF790FEC3
S21403BB58042804D040F2E4618F4800F00CFDDFF8B7
S21403BB68589299F80030C3BB0DF1110000F0E1FDBF
S21403BB7800F00700022830D1FFF7EEFC0146092043
S21403BB88FFF7F8FC854B1B78062B23D1844B9DF8CF
S21403BB9813201B789A421DD19DF8353023B940F2FD
S21403BBA8FA617D4800F0E7FC0DF1110000F0C1FDD5
S21403BBB8C0F3001631462920FFF7DCFC00210820D5
S21403BBC8FFF7ACFC774B1E70FFF748FD10B93868D3
S21403BBD8E8F726F800F04BFDCEE6BDF8160001217F
S21403BBE8083080B200F068FA039030B9FFF7B4FC67
S21403BBF801460420FFF7BEFCECE700F0E9F905AAC6
S21403BC08014606463868FBF73BFE99F800A0BAF1EA
S21403BC18000F22D106F1010B584600F08AFD830671
S21403BC285AD53868FCF76AFB0746FFF795FC0537CD
S21403BC380146F8B2FFF79EFC584600F07AFD00F07E
S21403BC4807000328584F2DD001210420FFF766FC70
S21403BC584FF0FF30FBF733FE386000225349BDF838
S21403BC6816300978F718F1549DF83630BB709DF8EE
S21403BC783730FB700A9B190E3971190C7971FB71F1
S21403BC88190A99F80030B97123B9737892B343F057
S21403BC9820037370002000F069F97870039800F0A9
S21403BCA871FA97E701210922304600F0D1F8305C93
S21403BCB801210428C9D1FFF731FC4FF0FF30FBF709
S21403BCC8FEFD3B4B38601B885806C6D551464020B8
S21403BCD8FFF724FC0122C1E7FFF73EFC01460920D3
S21403BCE8FFF748FC2D4B1B78012BB6D13868E7F7CE
S21403BCF897FFB2E723F02003CBE701227E33DBB2BC
S21403BD0802FA03F313F00A1F31D113F0011F3FF4AD
S21403BD1898AE27202CE0012202FA03F3254A1A409C
S21403BD282ABB13F0041FF4D1DA077FF58AAEAB05F6
S21403BD382FD50121802011B0BDE8F04FFFF7EEBBE9
S21403BD48652B1AD8622B12D8452B0CD8422B0ED843
S21403BD58352B06D8322B0AD8252B08D9322BD8D020
S21403BD686FE6422BFBE7552B05D8522BF7D926202F
S21403BD78FFF7FAFCDBE7622BF1E7952B3FF661AE9C
S21403BD88812BBAD8722BC4D0733B022B3FF659AE1D
S21403BD98EDE711B0BDE8F08FA467040090600020BB
S21403BDA88C6000205E6A002070530020606A0020C2
S21403BDB85E5900203A00380093600020024B18783A
S21403BDC8B0FA80F0400970479060002008B5064B2B
S21403BDD84FF0FF311868FCF72FF90028B8BF033077
S21403BDE840F3870008BD00BF8453002008B5074BFF
S21403BDF81868FCF79BF930B1054BB3FBF0F083B238
S21403BE080BB1184608BD0120FCE700BF8453002089
S21403BE1840420F0038B510200C460121FFF77EFB81
S21403BE28064B1D68FFF7E2FF012200FB04F1044BF3
S21403BE382846FCF7E6F8002038BD00BF84530020E8
S21403BE4821B80300014800F096BB00BFBE67040094
S21403BE58032A70B5144602D82C4B985C70BD81F043
S21403BE68010519B90D2A07D1FF20F7E70D2A03D1D3
S21403BE7800780538C0B2F1E7084400F05AFCC5F16B
S21403BE88040110F440660246C9B209D1042C0846D8
S21403BE98E4D0052C16D112F0400F18BF0846DDE78C
S21403BEA8C5F10603042CD8B2D8D0B6F5006F03D173
S21403BEB8C5F10805E8B2ECE7B6F5406FE9D1C5F178
S21403BEC80E05F7E712F4404107D1062CC6D0072C17
S21403BED8C4D0082C13D10130CCE755065CBF831CAD
S21403BEE8D8B2062CBAD0B1F5004F02D1831CD8B20B
S21403BEF8EDE7B1F5404FEAD100F10803F7E713077A
S21403BF0844BF0530C0B20C2CA8D9ADE7E4CA040078
S21403BF18AC2370B5094C054603FB00435E6D26B992
S21403BF2840F2FD31064800F026FBAC2303FB05442C
S21403BF38002363653346BDE87040184788530020DE
S21403BF48FB67040010B40C461146AC22064B02FBF2
S21403BF580033586D20B95C655DF8044BFFF75ABF8C
S21403BF6802205DF8044B704788530020AC22034B2D
S21403BF7802FB003393F8A800704700BF88530020DD
S21403BF8828B1034B1B68C01A4010013080B27047B3
S21403BF984854002030B1044B00F100401B680138B8
S21403BFA803EB4000704700BF48540020064B1B684D
S21403BFB8834206D8054B1B68834294BF00200120A2
S21403BFC870470020704700BF4854002044540020A0
S21403BFD810B5044608B9002010BD00F00BFC20B9C4
S21403BFE840F2CD41074800F0C6FA2046FFF7D2FFD5
S21403BFF80028F0D00388DB0B14BFD0F80A000830FB
S21403C008EAE700BFD267040010B508B9002010BDE0
S21403C018FFF7C0FF044600F0E4FB20B94FF49D6128
S21403C028064800F0A8FA002CF0D02388DB0B0ABFDA
S21403C03860882089C0F30C00E9E700BFD2670400D4
S21403C04838B5FFF7A7FF0D46044650B100F0C9FB05
S21403C05820B940F24151034800F08DFA023534F80E
S21403C068150038BDD267040070B5FFF793FF0C467A
S21403C07816460546B0B100F0B4FB20B940F24D5160
S21403C0880C4800F078FA3046FFF784FF00F0A9FB67
S21403C09820B940F24E51074800F06DFA023425F8ED
S21403C0A8146070BD40F25251BDE87040014800F07C
S21403C0B862BA00BFD26704002DE9F84307468846EC
S21403C0C800F0FBFA20B940F28E512A4800F053FAE2
S21403C0D8FC1CA408284B64000434B7F5005F1E68EC
S21403C0E8A4B204D340F29551224800F044FA00F073
S21403C0F8BBF9224981460B687BB9214B1D68761B21
S21403C108C6F34F06B44227D90025484600F0A7F9D8
S21403C1182846BDE8F843FFF733BFB8F1000F11D040
S21403C128174A15685A1BC2F34F029442ECD81448B0
S21403C138620005EB44040460B8F1000F0FD1134402
S21403C1480B600CE0F61AC6F34F0676B940F2A65112
S21403C158084800F010FAD7E705EB44041C600023F0
S21403C1686F80AB80EB802B80CFE7B442CCD8044AF1
S21403C1781568DCE7D26704004C54002034540020CA
S21403C1884454002038B5054600F06EF9044629469F
S21403C1980448002200F03BFB2046BDE8384000F088
S21403C1A85EB900BF6459002082684B4B2DE9F04105
S21403C1B89A4204460E46056815D121B140F213117A
S21403C1C8464800F0D8F900F04FF923691BB92B68E5
S21403C1D82BB924612C60BDE8F04100F040B91A6918
S21403C1E822611C61F6E700F0BFF98046FEF75EFAA7
S21403C1F820B14FF49571394800F0BDF96FF000434C
S21403C2089E4221694BD22B7B08EB0602002B4DD0AE
S21403C218AB6893424AD1531C002949D061699942B5
S21403C22842D01EB9521AB2F1004F3DD96361236951
S21403C2386E689C4203D19D21284800F09CF92F463E
S21403C2480023B4420BD0002B41D172696169891A65
S21403C258B1F1004F32D83269374694422CD122695D
S21403C268BD420CBF6A603A617BB92669B44203D102
S21403C278B8211A4800F07FF93B46012E05D06269BB
S21403C2887169521AB2F1004F23D99D420BBF6B68EE
S21403C2981A69236122610CBF6C601C6104E0434485
S21403C2A831B162699342C1D1BDE8F0811346B3E761
S21403C2B86A6822616C60B9E71646C6E7A8EB02020D
S21403C2C8B2F1004FC7D93B4637463669B9E71F462A
S21403C2D8F9E733463669D0E7E55A0200E66704000D
S21403C2E80823064A12F8011B814205D0013B13F0C6
S21403C2F8FF03F7D1184670470120704795CB040013
S21403C3080823064A12F8011B814205D0013B13F0A5
S21403C318FF03F7D118467047012070478DCB0400FA
S21403C32810B5082207490446E1F7AEFEB0FA80F0D6
S21403C3384FF6FF732289400940009A4208BF40F02F
S21403C348010010BDA6CB040030B504460D4685B0E3
S21403C35802B9084A1068516801AB03C301AB03CBA3
S21403C36820602046ADF80C501B886160238105B019
S21403C37830BD00BFA6F00300002270B50A4B1C7838
S21403C3880A4BD5B2AC4202D800200C7008E01E88CF
S21403C3980132864205D30D701B881B1A5842584132
S21403C3A870BD1233EDE700BF0A6000200459002071
S21403C3B810B5164B187860B1154C2368CBB14FF4FB
S21403C3C8707200201349FFF7BDFD2368013B236005
S21403C3D810BDFFF7FBFC1049104A91F9004013689B
S21403C3E884420B4C03F1010313602368B8BF08703B
S21403C3F853B90B4800F033FA0028E9D1BDE81040DA
S21403C40801460748FFF7D0BE0822DAE7E0600020B7
S21403C418C0540020B9C30300DB600020B8540020D2
S21403C42874690020054B1B682BB9054B1868003840
S21403C43818BF012070470120704700BFB054002082
S21403C448AC54002010B962B6BFF36F8F7047EFF392
S21403C458108072B67047302383F31188704780F3D1
S21403C4681188BFF36F8F7047EFF31180302383F380
S21403C47811887047002070474FF4004070474FF408
S21403C4887A7070470122417803788A4030214B43FB
S21403C49841F2100103F1A04303F570335A50704775
S21403C4A809B100F008B8222070470121FEF74EB9FB
S21403C4B80021FEF74BB970B506460D46FFF7D4FFC5
S21403C4C804461D2E48D8DFE806F00F18471D20231C
S21403C4D84726292C47472F32473538473B473E4799
S21403C4E84744474747474741FEF7F0F80026286082
S21403C4F82046FFF7B4FF304670BD4FF4C070CFF741
S21403C508A1FDF3E74FF42070F9E74FF44070F6E720
S21403C5184FF46070F3E74FF40070F0E74FF4806071
S21403C528EDE74FF49060EAE74FF4C060E7E74FF4AF
S21403C538F060E4E74FF4B060E1E74FF4D060DEE77D
S21403C5484FF4E060DBE74FF4A060D8E74FF4807061
S21403C558D5E74FF40860D2E700202126C7E708B5D9
S21403C568FEF714F980B208BD08B5FEF70FF908BD43
S21403C578704742DE704738B504460D4600F008F8A3
S21403C588FFF769FF29462046BDE83840FFF7F1BFA5
S21403C598704710B962B6BFF36F8F704701207047B4
S21403C5A82DE9FF410D4616461F460446A8B14FF02F
S21403C5B80008C0F81C80FEF711FDBDF82C30424673
S21403C5C802939DF828302946CDE900732046334662
S21403C5D8FEF7CCFC04B0BDE8F0812220FAE7F0B5FC
S21403C5E81F46002387B00D46164604468DF81730B7
S21403C5F8A8B1C3610DF11701FEF712FD9DF81720C8
S21403C6087AB9BDF83430294602939DF8303020466F
S21403C618CDE900733346FEF7A9FC07B0F0BD222028
S21403C628FBE70320F9E738B5FFF71EFF054600F0DA
S21403C63816F804462846FFF712FF204638BD4FF083
S21403C648B04301285B6904D0022805D1C3F38010E0
S21403C658704703F0010070470020704770474FF09B
S21403C668B0439A6A1207FCD4186A7047704708B52D
S21403C678FFF7FCFF00F01DF808BD10B5FFF7E7FE4F
S21403C688012104460846FEF71DF92046BDE810407A
S21403C698FFF7D8BE10B5044600F012F82046FBF79D
S21403C6A84EF82046F8F771F8BDE81040F9F734BCA1
S21403C6B8704708B5FFF7FCFF08BD012070477047B1
S21403C6C80020704730B589B00446ADF806108DF8DB
S21403C6D81020FFF705FE05462046FFF711FE034622
S21403C6E89DB1BDF80600ABB900F0BEF8FF2808BF39
S21403C6F800200DF10F038DF80F001A462046049903
S21403C7080593FEF793FE09B030BD0028F5D00DF16A
S21403C7180603F2E700F0A8F8FF2808BF0020BDF8D4
S21403C72806308DF80F00ADF81A308DF8180006ABF2
S21403C738E3E7008870470170090A417070470120D3
S21403C74870470120704738B5E0F786F80446D4F7F3
S21403C75895FF051E18BF2546D5F762F8041E18BFB1
S21403C7682C46FFF7ECFF002818BF204638BD38B51F
S21403C778FEF70CFA0446F7F708FA04281ED0022830
S21403C7884FF0000508BF0124F8F7A7F8042817D0C8
S21403C798022808BF0124F7F737FE042812D0022818
S21403C7A808BF0124FFF7CDFF04280DD0022808BFD1
S21403C7B80124002D18BF0024204638BD0125E3E7D1
S21403C7C80125E8E70125EDE70024F5E7FF20704794
S21403C7D808B5FFF7FBFF002008BD02210120E1F79B
S21403C7E87DBE08B520B1FFF7E1FB00F0010008BDE8
S21403C7F80120FAE708B5FFF7CDFBBDE80840FFF7C9
S21403C808F0BF008810B1C9B2FFF71ABC70472DE90C
S21403C818F041B0F8008006460C46D5B2B8F1000FD2
S21403C82811D029464046FFF70BFC22460746294601
S21403C8384046FFF719FC3A4629462046FFF714FCFC
S21403C8483480BDE8F0810F46F5E703461B880846A3
S21403C8588B4202D00021FFF7F3BB00207047006924
S21403C868003818BF0120704700207047F8B5064601
S21403C8780D46FFF755FD0328044621D02846FFF743
S21403C8884FFD032807461BD010F0020318D1A00754
S21403C8980DD5F90716D401233C43E20704D431899E
S21403C8A82A89914218BF002303F00100F8BD082225
S21403C8B829463046E1F7E8FBB0FA80F35B09EBE775
S21403C8C80020F3E71846F1E770B50D460021064643
S21403C8D8FFF797FF044630B1FFF77AFB0146284671
S21403C8E8FFF7C4FF08B1204670BD21463046FFF760
S21403C8F8ACFFEFE707B50DF10701FFF73DFD20B1E4
S21403C9089DF8070003B05DF804FBFF20FAE7002054
S21403C9187047FF207047FF207047FF2070470020AE
S21403C9287047002000217047002070472DE9F84320
S21403C93807460846154688461C469DF82090FFF786
S21403C94847FB4619A4B19EB14046FFF75DFB254455
S21403C95885420FDC2246B9F1000F06D13146384628
S21403C968E1F798F80020BDE8F88339463046F7E73C
S21403C9782120F8E71D20F6E7F8B500BFF8BC08BC89
S21403C9889E467047F8B500BFF8BC08BC9E4670477D
S21403C9985FF800F0816100205FF800F0E162002094
S21403C9A85FF800F039620020446576696365207491
S21403C9B8797065206368616E67652064657465636E
S21403C9C87465643A202564202D3E2025640D0A00EC
S21403C9D850726573732064657465637465640D0AC1
S21403C9E8004D756C74692070726573732064657482
S21403C9F865637465643A2025640D0A0052656C65A0
S21403CA086173652064657465637465640D0A004C18
S21403CA186F6E6720707265737320646574656374DC
S21403CA2865640D0A0072656C61795F73746172746C
S21403CA385F6C61746368696E675F70756C73653A7B
S21403CA4820616E6F746865722070756C73652069F3
S21403CA5873206163746976650D0A0072656C617983
S21403CA685F6F6E0D0A0072656C61795F6F66660D9F
S21403CA780A0072656C61795F746F67676C650D0A87
S21403CA880057726974696E6720636F6E66696720FC
S21403CA98746F206E763A2025730D0A0053697A65FB
S21403CAA83A2025640D0A004661696C656420746F34
S21403CAB8207772697465204445564943455F434F5A
S21403CAC84E4649475F4441544120746F204E562CC6
S21403CAD8207374617475733A2025642E202862794E
S21403CAE87465733A202564290D0A007375636365B4
S21403CAF87373210D0A004661696C656420746F20A0
S21403CB0872656164204E565F4954454D5F444556E9
S21403CB184943455F434F4E4649472C207573696E14
S21403CB28672064656661756C7420636F6E666967F3
S21403CB3820696E73746561642C20737461747573ED
S21403CB483A2025642E202862797465733A20256472
S21403CB58290D0A005573696E6720636F6E666967E9
S21403CB683A2025642063686172732066726F6D0DC0
S21403CB780A25730D0A00736F6E6F66663B5A424D3D
S21403CB88494E494C322D637573746F6D3B42413081
S21403CB98753B4C4335693B534136753B52413541EA
S21403CBA8343B004E6574776F726B207374617475CB
S21403CBB873206368616E67656420746F2025640D4F
S21403CBC80A004D616E7566616374757265722074CA
S21403CBD86F6F206269670D0A004D6F64656C207479
S21403CBE86F6F206269670D0A00496E697469616C24
S21403CBF8697A696E67205A6967626565207769741A
S21403CC08682025642073776974636865732C202508
S21403CC18642072656C6179732C20256420636F76B3
S21403CC2865722073776974636865732C202564209E
S21403CC38636F766572730D0A00436F6E66696720C5
S21403CC487061727365642073756363657373667561
S21403CC586C6C790D0A007265616420766572736977
S21403CC686F6E20666F726D206E6577206C6F6361DA
S21403CC7874696F6E0D0A004661696C656420746F8B
S21403CC88207772697465206C6173745365656E5694
S21403CC98657273696F6E20746F204E562C207374FA
S21403CCA83A2025640D0A004F6C6420766572736912
S21403CCB86F6E3A2025640D0A0043757272656E74AA
S21403CCC82076657273696F6E3A2025640D0A0052E2
S21403CCD84553455420414C4C210D0A0068616C5F4E
S21403CCE86770696F5F63616C6C6261636B3A20653A
S21403CCF8787469206C696E6520256C64207374618A
S21403CD0874757320256C750D0A0068616C5F67700F
S21403CD18696F5F63616C6C6261636B3A206E6F2048
S21403CD28667265652045585449206C696E65730DAF
S21403CD380A002F686F6D652F72756E6E65722F7792
S21403CD486F726B2F747579612D7A69676265652DC5
S21403CD587377697463682F747579612D7A69676266
S21403CD6865652D7377697463682F73696C6162737D
S21403CD785F746F6F6C732F73696D706C6963697416
S21403CD88795F73646B2F2E2E2F2E2E2F7372632FBD
S21403CD9873696C6162732F68616C2F7A6967626561
S21403CDA8652E630044726F7070696E67206F6C64DB
S21403CDB8204F544120696D6167652C206375727234
S21403CDC8656E74206F66667365743A20256C750AFB
S21403CDD800556E6B6E6F776E20636F766572206391
S21403CDE86F6D6D616E643A2025640D0A00556E6B8F
S21403CDF86E6F776E20636D642025640D0A00427596
S21403CE0874746F6E207072657373206465746563DB
S21403CE187465642C20627574206E6F206275747452
S21403CE286F6E20697320707265737365640D0A00EC
S21403CE38427574746F6E206C6F6E672070726573BC
S21403CE48732064657465637465642C206275742046
S21403CE586E6F20627574746F6E206973206C6F6EC4
S21403CE686720707265737365640D0A004E6F2063DE
S21403CE786F7665722073776974636820636F6E666E
S21403CE88696720696E204E562C207573696E672075
S21403CE9864656661756C74730D0A0041747472690F
S21403CEA862757465206368616E6765642C206570B7
S21403CEB83A2025642C20636C75737465723A2025B2
S21403CEC8642C20617474723A2025640D0A00506F2E
S21403CED86C6C20636F6E74726F6C3A2073656E6445
S21403CEE8696E6720636865636B2D696E0D0A005A61
S21403CEF8434C2061637469766974792C20656E7473
S21403CF086572696E67206661737420706F6C6C0D4A
S21403CF180A00506F6C6C20636F6E74726F6C3A20E5
S21403CF28636865636B2D696E20726573706F6E73C5
S21403CF38652C20666173743D25642C2074696D65C1
S21403CF486F75743D25640D0A00506F6C6C20636F13
S21403CF586E74726F6C3A206661737420706F6C6CB3
S21403CF682073746F700D0A00506F6C6C20636F6EBD
S21403CF7874726F6C3A20736574206C6F6E672070DA
S21403CF886F6C6C20696E74657276616C3D256C7582
S21403CF980D0A00506F6C6C20636F6E74726F6C3A78
S21403CFA8207365742073686F727420706F6C6C20BE
S21403CFB8696E74657276616C3D25640D0A00506F60
S21403CFC86C6C20636F6E74726F6C3A20636865636B
S21403CFD86B2D696E20696E74657276616C20777244
S21403CFE8697474656E3D256C750D0A00506F6C6C1C
S21403CFF820636F6E74726F6C3A20696E76616C6923
S21403D0086420636865636B2D696E20696E74657248
S21403D01876616C2C20726576657274696E670D0A84
S21403D02800506F6C6C20636F6E74726F6C3A206678
S21403D03861737420706F6C6C2074696D656F75749A
S21403D048207772697474656E3D25640D0A00506F07
S21403D0586C6C20636F6E74726F6C3A2066617374BF
S21403D06820706F6C6C2074696D656F75742C2073F3
S21403D0787769746368696E6720746F206C6F6E6770
S21403D08820706F6C6C0D0A00556E6B6E6F776E2092
S21403D0984C6576656C4374726C20636F6D6D616E58
S21403D0A8643A2025640D0A00556E6B6E6F776E2002
S21403D0B84F6E4F666620636F6D6D616E643A20250A
S21403D0C8640D0A00496E6465782061742077726976
S21403D0D8746520617474723A2025640D0A004E6FD5
S21403D0E82073776974636820636F6E66696720695F
S21403D0F86E204E562C207573696E672064656661CC
S21403D108756C74730D0A00496E76616C69642072D7
S21403D118656C61795F696E64657820256420696E3D
S21403D128204E562C20726573657474696E67207476
S21403D1386F2064656661756C740D0A003E200055A1
S21403D1486E6B6E6F776E206572726F7200496E70C3
S21403D1587574206275666665722069732046554C39
S21403D1684C004D6178696D756D206E756D626572DC
S21403D178206F6620617267756D656E7473206578B7
S21403D1886365656465640054686520617267756DD8
S21403D198656E74206973206E6F7420666F726D6196
S21403D1A87474656420636F72726563746C7900497E
S21403D1B86E636F727265637420617267756D656EF0
S21403D1C874207479706500496E636F727265637450
S21403D1D8206E756D626572206F6620617267756D65
S21403D1E8656E7473004E6F20636F6D6D616E642099
S21403D1F8666F756E640075696E7438006164646979
S21403D20874696F6E616C002A00756E6B6E6F776E4D
S21403D2180077696C6463617264006865786F70741C
S21403D22800737472696E676F70740075696E743311
S21403D238326F70740075696E7431366F707400756A
S21403D248696E74386F7074006865780073747269F1
S21403D2586E670075696E7431360075696E7433329D
S21403D268002E2E2E200068656C70000A25730A258A
S21403D2787325730025732008002F686F6D652F725A
S21403D288756E6E65722F776F726B2F747579612D55
S21403D2987A69676265652D7377697463682F747531
S21403D2A879612D7A69676265652D73776974636832
S21403D2B82F73696C6162735F746F6F6C732F736916
S21403D2C86D706C69636974795F73646B2F706C61D6
S21403D2D874666F726D2F736572766963652F6C65F6
S21403D2E8676163795F68616C2F7372632F6261731A
S21403D2F8652D7265706C6163656D656E742E63006B
S21403D3082F686F6D652F72756E6E65722F776F72E5
S21403D3186B2F747579612D7A69676265652D7377E6
S21403D328697463682F747579612D7A6967626565B0
S21403D3382D7377697463682F73696C6162735F749E
S21403D3486F6F6C732F73696D706C69636974795F3B
S21403D35873646B2F706C6174666F726D2F7365726E
S21403D368766963652F746F6B656E5F6D616E616753
S21403D37865722F6C65676163792F7372632F736C9D
S21403D3885F746F6B656E5F6D616E616765722E6342
S21403D398002F686F6D652F72756E6E65722F776FC7
S21403D3A8726B2F747579612D7A69676265652D735B
S21403D3B877697463682F747579612D7A696762650E
S21403D3C8652D7377697463682F73696C6162735F1D
S21403D3D8746F6F6C732F73696D706C696369747996
S21403D3E85F73646B2F706C6174666F726D2F7365F1
S21403D3F872766963652F746F6B656E5F6D616E61B8
S21403D4086765722F6C65676163792F7372632F7311
S21403D4186C5F746F6B656E5F6D616E756661637462
S21403D4287572696E672E630043757272656E742033
S21403D438436F6E6669673A20253078005365742013
S21403D448434341206D6F646520746F2025643A203A
S21403D45825307800656E61626C6564006469736183
S21403D468626C6564006F757428636C69656E7429ED
S21403D47800696E202873657276657229004D4647E3
S21403D48820537472696E673A2025730041707042A0
S21403D49875696C646572204D464720436F64653A28
S21403D4A820307825303458006E6F6465205B004161
S21403D4B864646974696F6E616C20696E74657266FC
S21403D4C86163657300202025643A200070616765F0
S21403D4D8205B25645D206368616E205B25645D20A0
S21403D4E8707772205B25645D006E6F7420616374C9
S21403D4F8697665006572726F722030782530385801
S21403D5080070616E4944205B3078253034585D20BE
S21403D5186E6F64654944205B3078253034585D2047
S21403D528007870616E205B307800706172656E7487
S21403D5384944205B3078253034585D207061726525
S21403D5486E7452737369205B25645D006E6F646541
S21403D55854797065205B0053656375726974792026
S21403D5686C6576656C205B253032585D006E657495
S21403D578776F726B207374617465205B253032583D
S21403D5885D20004275666665722062797465733A33
S21403D598202564202F20256400457020636E743A86
S21403D5A8202564006570202564205B656E64706FB3
S21403D5B8696E742025732C20646576696365202557
S21403D5C8735D20006E776B205B25645D2070726F39
S21403D5D866696C65205B3078253034585D20646551
S21403D5E8764964205B3078253034585D207665723A
S21403D5F8205B3078253032585D00202020202573A4
S21403D60820636C75737465723A2030782530345805
S21403D61820004E776B20636E743A202564006E777D
S21403D6286B202564205B25735D005072696D6172FB
S21403D63879202870726F290020206E6F64655479EC
S21403D6487065205B3078253032585D00202073657E
S21403D65863757269747950726F66696C65205B309E
S21403D66878253032585D0045502025643A202573C6
S21403D67820004572726F723A2020556E6B6E6F7774
S21403D6886E20656E64706F696E742E00456E6162F7
S21403D6986C65206576656E742064656275672069B7
S21403D6A86E666F20696E20436F726520434C49206F
S21403D6B8636F6D706F6E656E74006F6E6C79206342
S21403D6C86F6F7264696E61746F72732063616E2024
S21403D6D8666F726D0A006A6F696E20307825303877
S21403D6E8580A006C65617665002573203078253006
S21403D6F832580A0072656A6F696E0072656A6F69E6
S21403D7086E44696666446576696365547970650030
S21403D7186578742E2050414E2049443A20004E57CF
S21403D7284B206F70656E3A20257520736563004E2F
S21403D738574B20636C6F7365640066696E64206A72
S21403D7486F696E61626C653A20307825303258000E
S21403D75866696E6420756E757365643A203078253D
S21403D768303258004368616E67696E6720746F20AD
S21403D7786368616E6E656C2025643A2030782530C0
S21403D788325800696E76616C6964206E6574776FCB
S21403D798726B20696E6465780053686F72742049EB
S21403D7A8443A203078253034582C204555493634A9
S21403D7B83A20002C2050616E2049443A20307825C0
S21403D7C83034580053746172746564206D756C74D4
S21403D7D8692D70687920696E746572666163650081
S21403D7E84661696C656420746F2025732025732051
S21403D7F8307825303258005465726D696E617465E9
S21403D8086420257320307825303258004B656570C0
S21403D81820616C69766520737570706F7274206505
S21403D8286E61626C65642E006661696C656420745B
S21403D8386F20736574206B65657020616C69766507
S21403D848206D6F64652E0073756363657373667501
S21403D8586C6C792073657420746865206368696CDA
S21403D868642074696D656F7574206F7074696F6E64
S21403D878206D61736B2E006661696C656420746F36
S21403D8882073657420746865206368696C64207403
S21403D898696D656F7574206F7074696F6E206D613E
S21403D8A8736B2E00646973636F766572004D6174DB
S21403D8B86368202573792066726F6D20307825306B
S21403D8C834582C206570202564004E574B2041643D
S21403D8D8647265737320726573706F6E73653A202E
S21403D8E830782530345800494545452041646472EC
S21403D8F865737320726573706F6E73653A20005391
S21403D9086572766963652025737920646F6E652E64
S21403D91800232020747970652020206E776B2020E2
S21403D9286C6F6320202072656D202020636C7573EE
S21403D9382020206E6F6465202020657569002020EE
S21403D948256420202020307825303458202030784D
S21403D9582530345820203078253034582030782520
S21403D9683034582000736C5F7A69676265655F6751
S21403D97865745F62696E64696E67204572726F725A
S21403D9883A203078253038580A002564206F6620F8
S21403D99825642062696E64696E67732075736564AF
S21403D9A800656E61626C6564207072696E740064EB
S21403D9B8697361626C6564207072696E7400616471
S21403D9C864206C696E6B206B6579004552523A2069
S21403D9D843616C63756C61746564204352432064C9
S21403D9E86F6573206E6F74206D61746368004552AB
S21403D9F8523A20496E7374616C6C20436F646520D9
S21403DA086D75737420626520382C2031302C2031D4
S21403DA18342C206F7220313820627974657320693C
S21403DA286E206C656E677468004552523A2041450D
S21403DA38532D4D4D4F2068617368206661696C6588
S21403DA48643A2030782530325800536574206A6F5C
S21403DA58696E696E67206C696E6B206B65790073F7
S21403DA6865742062696E642025643A203078253010
S21403DA78327800454D50545900554E494341004DA0
S21403DA88324F4E45004D554C5449003F2020202028
S21403DA9800496E64657820494545452041646472AB
S21403DAA86573732020202020202020204E574B49C2
S21403DAB86E6465782020496E204643202020202067
S21403DAC854544C28732920466C6167202020204B29
S21403DAD8657920202020002564202020202000208F
S21403DAE820256420202020202020002020253038D0
S21403DAF85820200020307825303458202000496EDE
S21403DB0864657820494545452041646472657373A6
S21403DB18202020202020202020496E204643202035
S21403DB282020205479706520204175746820204B86
S21403DB386579002D20202020200025632020202022
S21403DB482025632020202020006965730057415252
S21403DB584E494E473A202052454144494E47204FA6
S21403DB6846204B45592056414C5545532044495366
S21403DB7841424C4544204259204D464720544F4B7A
S21403DB88454E004E574B204B6579002573206F751D
S21403DB98742046433A202530385800257320736589
S21403DBA871206E756D3A203078253032580025730B
S21403DBB8206F75742046433A20253038780054433E
S21403DBC820257320002573205461626C6500256444
S21403DBD82F256420656E7472696573207573656492
S21403DBE82E005472616E7369656E74204B657900F6
S21403DBF8256420656E7472257320636F6E73756D66
S21403DC08696E67202564207061636B65742062758E
S21403DC186666657225732E0057494C4C0057494C67
S21403DC284C204E4F540054727573742043656E74BB
S21403DC38657220257320616C6C6F77207472757318
S21403DC48742063656E7465722072656A6F696E7395
S21403DC58207573696E672077656C6C2D6B6E6F77AE
S21403DC686E206B65792E005365742074696D656F35
S21403DC78757420666F722054727573742043656ECC
S21403DC887465722072656A6F696E73207573696E40
S21403DC98672077656C6C2D6B6E6F776E206C696E7C
S21403DCA86B206B657920746F202564207365636F1A
S21403DCB86E64732E004552524F523A2000257373F2
S21403DCC87461636B206D75737420626520646F7767
S21403DCD86E2E0052656164696E6720416C6C6F77BF
S21403DCE865640048617368696E67206F6E6C7900B7
S21403DCF8736C5F7A69676265655F6B65795F736581
S21403DD087474696E67735F743A20307825303458B4
S21403DD180020205065726D697373696F6E733A20BD
S21403DD282573004572726F723A204661696C6564A2
S21403DD3820746F2067657420636F6E6669672C208E
S21403DD487374617475733A203078253038580046F2
S21403DD5861696C65643A20307825303858004D730D
S21403DD68673A20636C7573203078253034582C2036
S21403DD78636D64203078253032582C206C656E200D
S21403DD882564006275666665723A2000454D42450D
S21403DD98525F00257353454355524954595F4C45C2
S21403DDA856454C3A20253032580025736572617300
S21403DDB865206B65792025643A20307825303858F5
S21403DDC800636D64206E6F74206275696C740073EB
S21403DDD8726320657020253032782C20636C757347
S21403DDE820253034780073656E64696E6720746F17
S21403DDF8206D756C7469636173742062696E640060
S21403DE0825733A2065703A2025642C20636C3A20E3
S21403DE183078253034582C20617474723A20307860
S21403DE2825303458002C207376723A202563002553
S21403DE38733A20726561643A203078253032780068
S21403DE482C207376723A2025632C206474797065C7
S21403DE583A2030782530325800417267756D656E02
S21403DE687420617420696E6465783A202564206995
S21403DE7873206F7574206F662072616E6765004342
S21403DE886F6D6D616E6420616C7265616479206282
S21403DE9875696C742E202043616E6E6F74207365EB
S21403DEA874204D464720737065636966696320630B
S21403DEB86F646520666F7220636F6D6D616E642E86
S21403DEC8004D464720436F64652053657420666F8C
S21403DED872206E65787420636F6D6D616E643A2088
S21403DEE830782530345800557365204E657874208D
S21403DEF853657175656E63652053657420666F7226
S21403DF08206E65787420636F6D6D616E643A203099
S21403DF1878253032580044697361626C652044651D
S21403DF286661756C7420526573706F6E73652053E3
S21403DF38657420666F72206E65787420636F6D6DE6
S21403DF48616E643A20307825303258004552523A8A
S21403DF582072656164696E6720617474726962759C
S21403DF6874652025303278004552523A206174741D
S21403DF787269627574652073697A652025642074EE
S21403DF886F6F206C6172676520666F7220627566B4
S21403DF98666572004572726F723A206174747269AC
S21403DFA862757465204944203078253034582072C9
S21403DFB865706F727461626C65206368616E67650D
S21403DFC82069732073697A65202564422C2062755C
S21403DFD8742025644220656E74657265640A006E53
S21403DFE86F20636D64004572726F723A20434C4922
S21403DFF82053656E64206661696C65642C207374AF
S21403E008617475733A203078253038580045727233
S21403E0186F723A2020455549363420617267756D0C
S21403E028656E7420697320656D70747920616E64FB
S21403E038206C6F6F6B7570206279206E6F64652035
S21403E0484944206661696C65642E0047726F757073
S21403E05800556E696361737400556E62696E642059
S21403E068257320257330782530325800526571752C
S21403E0786573743A20005A444F2073696D706C6553
S21403E0882064657363207265712025303278005AE0
S21403E098444F206E6F6465206465736320726571F0
S21403E0A82025303278005A444F206D617463682007
S21403E0B86465736320726571202530325800557382
S21403E0C8696E67206D79206C6F63616C20455549CE
S21403E0D8363420666F722064657374204555493656
S21403E0E83420696E2062696E64696E67005A444F0D
S21403E0F82062696E64207265712025303278006369
S21403E1086C7573746572206C696D697420726561C9
S21403E1186368656400696E76616C6964207061671C
S21403E128653A202564206F72206368616E6E656C9D
S21403E1383A202564004368616E6765206368616EEC
S21403E1486E656C207374617475733A203078253065
S21403E1583278006475726174696F6E206D757374B6
S21403E16820626520696E2072616E67652030202DF7
S21403E178203500636F756E74206D75737420626541
S21403E18820696E2072616E67652031202D20380065
S21403E1987363616E207374617475732030782530E9
S21403E1A83258006E6574776F726B2075706461748D
S21403E1B865207365742073746174757320307825CD
S21403E1C8303258004163746976652045502072657D
S21403E1D87175657374207374617475733A20307837
S21403E1E825303258004C5149205461626C652072C0
S21403E1F86571756573743A20307825303258004255
S21403E208696E64696E67205461626C652072657115
S21403E218756573743A20307825303258004C65613A
S21403E228766520257330782530325800506F776529
S21403E238722044657363726970746F722025733035
S21403E2487825303258005573696E67206D79206CCF
S21403E2586F63616C20455549363420666F722064B7
S21403E26865737420455549363420696E20756E6289
S21403E278696E64696E6700526F75746520546162CF
S21403E2886C65202573307825303258002F686F6DFB
S21403E298652F72756E6E65722F776F726B2F747536
S21403E2A879612D7A69676265652D73776974636822
S21403E2B82F747579612D7A69676265652D73776939
S21403E2C87463682F73696C6162735F746F6F6C73C2
S21403E2D82F73696D706C69636974795F73646B2FE8
S21403E2E870726F746F636F6C2F7A69676265652FD8
S21403E2F86170702F6672616D65776F726B2F636FCF
S21403E3086D6D6F6E2F736C5F7A69676265655F7391
S21403E318797374656D5F636F6D6D6F6E2E630045FD
S21403E3287874656E64656420526573657420696ED7
S21403E338666F3A203078253034582028257329000C
S21403E3482F686F6D652F72756E6E65722F776F7295
S21403E3586B2F747579612D7A69676265652D737796
S21403E368697463682F747579612D7A696762656560
S21403E3782D7377697463682F73696C6162735F744E
S21403E3886F6F6C732F73696D706C69636974795FEB
S21403E39873646B2F70726F746F636F6C2F7A696711
S21403E3A86265652F6170702F6672616D65776F722F
S21403E3B86B2F636F6D6D6F6E2F7A69676265655F26
S21403E3C86170705F6672616D65776F726B5F736C91
S21403E3D86565702E630053746179206177616B6598
S21403E3E8207768656E206E6F74206A6F696E656441
S21403E3F83A20257300466F726365642073746179E7
S21403E408206177616B653A20202020202020202079
S21403E41820257300466F7263696E672064657669A4
S21403E428636520746F2073746179206177616B6507
S21403E43800416C6C6F77696E6720646576696365FF
S21403E44820746F20676F20746F20736C6565700087
S21403E4582F686F6D652F72756E6E65722F776F7284
S21403E4686B2F747579612D7A69676265652D737785
S21403E478697463682F747579612D7A69676265654F
S21403E4882D7377697463682F73696C6162735F743D
S21403E4986F6F6C732F73696D706C69636974795FDA
S21403E4A873646B2F70726F746F636F6C2F7A696700
S21403E4B86265652F6170702F6672616D65776F721E
S21403E4C86B2F636F6D6D6F6E2F7A69676265655F15
S21403E4D8737461636B5F736C6565702E6300525863
S21403E4E83A205265736574546F466163746F727924
S21403E4F844656661756C747343616C6C6261636BC7
S21403E50800657A737020636F756E74657273206620
S21403E51861696C656420257500657A737020526599
S21403E528736574205468726573686F6C64206572CB
S21403E538726F7220257500657A7370205365742090
S21403E5485468726573686F6C64206572726F7220A4
S21403E5582575002575292025733A202575005365EA
S21403E5687474696E67205468726573686F6C642088
S21403E578636F6D6D616E64003F3F3F004D616320BE
S21403E5885278204263617374004D61632054782087
S21403E5984263617374004D6163205278205563614A
S21403E5A87374004D61632054782055636173740057
S21403E5B84D616320547820556361737420526574E3
S21403E5C87279004D61632054782055636173742013
S21403E5D84661696C00415053205278204263617348
S21403E5E87400415053205478204263617374004189
S21403E5F8505320527820556361737400415053205A
S21403E6085478205563617374205375636365737315
S21403E6180041505320547820556361737420526523
S21403E628747279004150532054782055636173748B
S21403E638204661696C00526F75746520446973637C
S21403E64820496E69746961746564004E6569676814
S21403E658626F72204164646564004E656967686228
S21403E6686F722052656D6F766564004E65696768DC
S21403E678626F72205374616C65004A6F696E204935
S21403E6886E6469636174696F6E004368696C6420BD
S21403E6984D6F76656400415348204F766572666C05
S21403E6A86F7700415348204672616D652045727244
S21403E6B86F7200415348204F76657272756E204517
S21403E6C872726F72004E574B204643204661696C40
S21403E6D875726500415053204643204661696C7540
S21403E6E872650041534820584F66660041505320D0
S21403E6F8556E617574686F72697A6564204B6579BF
S21403E708004E574B204465637279707420466169DE
S21403E7186C75726573004150532044656372797053
S21403E72874204661696C75726573005061636B6526
S21403E738742042756666657220416C6C6F636174FB
S21403E74865204661696C757265730052656C6179FC
S21403E75865642055636173740050687920746F206C
S21403E7684D4143207175657565206C696D69742024
S21403E77872656163686564005061636B65742056EF
S21403E788616C69646174652064726F7020636F7569
S21403E7986E74004E574B207265747279206F7665D7
S21403E7A872666C6F7700434341204661696C7572E5
S21403E7B865730042726F6164636173742074616287
S21403E7C86C652066756C6C00505441204C6F205065
S21403E7D8726920526571005054412048692050726E
S21403E7E8692052657100505441204C6F205072695D
S21403E7F82044656E6965640050544120486920507A
S21403E80872692044656E69656400505441204C6FF4
S21403E8182050726920547820416272740050544123
S21403E8282048692050726920547820416272740027
S21403E8384164647265737320436F6E666C696374B0
S21403E8482053656E740043534C20527820736368D4
S21403E8586564756C65206661696C6564000D0044C3
S21403E86865627567207072696E742067726F75705B
S21403E8782025730A0057726F6E6720706172616D88
S21403E888657465720A005363686564756C65206D04
S21403E8986F7665206E776B0025732025643A2025EE
S21403E8A864004D6178206D6F7665206C696D6974B8
S21403E8B82072656163686564206E776B2025643A09
S21403E8C820256400456E6420446576696365205098
S21403E8D86F6C6C20496E666F726D6174696F6E003B
S21403E8E8454D4245525F454E445F44455649434568
S21403E8F85F54494D454F55543A2020202020202068
S21403E908256400506F6C6C20636F6D706C6574655E
S21403E918642063616C6C6261636B3A202573002024
S21403E9282043757272656E7420506F6C6C20496E46
S21403E93874657276616C20287173293A2020202525
S21403E9486C640020204C6F6E6720506F6C6C2049F7
S21403E9586E74657276616C20287173293A202020BC
S21403E968202020256C6400202053686F7274205082
S21403E9786F6C6C20496E74657276616C20287173AF
S21403E988293A2020202020256C6400202057616B1C
S21403E998652054696D656F757420287173293A204C
S21403E9A82020202020202020202020256C640020E2
S21403E9B82057616B652054696D656F7574204269CD
S21403E9C8746D61736B3A202020202020202020308D
S21403E9D8782530385800202043757272656E742087
S21403E9E8417070205461736B733A202020202020D6
S21403E9F82020202020203078253038580020204337
S21403EA08757272656E7420506F6C6C20436F6E74EB
S21403EA18726F6C20202020202020202020257300C1
S21403EA28202044656661756C7420506F6C6C2043B7
S21403EA386F6E74726F6C20202020202020202020E8
S21403EA48257300466F7263696E672064657669632B
S21403EA586520746F2073686F727420706F6C6C0017
S21403EA68416C6C6F77696E672064657669636520A9
S21403EA78746F206C6F6E6720706F6C6C00534C5FFE
S21403EA885A49474245455F41465F4C4F4E475F509C
S21403EA984F4C4C00534C5F5A49474245455F4146E5
S21403EAA85F53484F52545F504F4C4C00706F6C6C1A
S21403EAB8206E776B2025643A20307825303258004C
S21403EAC846696E6420616E642042696E6420496EEE
S21403EAD869746961746F723A20436F6D706C6574FC
S21403EAE8653A2030782530325800537461727420A2
S21403EAF87461726765740046696E6420616E64208B
S21403EB0842696E64205461726765740025733A20FF
S21403EB1825733A2030782530325800467261676D7F
S21403EB28656E746174696F6E2052582077696E64D7
S21403EB386F772073697A652073657420746F202550
S21403EB4864002F686F6D652F72756E6E65722F770A
S21403EB586F726B2F747579612D7A69676265652D97
S21403EB687377697463682F747579612D7A69676238
S21403EB7865652D7377697463682F73696C6162734F
S21403EB885F746F6F6C732F73696D706C69636974E8
S21403EB98795F73646B2F70726F746F636F6C2F7A01
S21403EBA869676265652F6170702F6672616D657738
S21403EBB86F726B2F706C7567696E2F667261676DFF
S21403EBC8656E746174696F6E2F667261676D656EC4
S21403EBD8746174696F6E2E630052583A20416464F8
S21403EBE847726F7570526573706F6E7365203078F1
S21403EBF8253032582C203078253034580052583A6D
S21403EC08205669657747726F7570526573706F6EB5
S21403EC187365203078253032582C203078253034E8
S21403EC28582C20220052583A2047657447726F754D
S21403EC38704D656D62657273686970526573706F3F
S21403EC486E7365203078253032582C20307825307E
S21403EC5832582C00205B3078253034585D005258E3
S21403EC683A2052656D6F766547726F757052657395
S21403EC78706F6E7365203078253032582C203078C4
S21403EC88253034580065705B253032585D2069643A
S21403EC985B253034585D00436C656172696E672086
S21403ECA8616C6C2067726F7570732E004552523A0A
S21403ECB8204661696C656420746F206372656174AD
S21403ECC8652062696E64696E67202830782530325D
S21403ECD85829004552523A2042696E64696E672085
S21403ECE87461626C652069732066756C6C004552A6
S21403ECF8523A2077726974696E67206E616D652073
S21403ED08737570706F727420253032580052583AF3
S21403ED182041646447726F75702030782530345804
S21403ED282C20220075760052583A20566965774794
S21403ED38726F7570203078253034580075767300F6
S21403ED48766965775F67726F75700047726F75705F
S21403ED58733A206661696C656420746F2073656E08
S21403ED686420257320726573706F6E73653A20305E
S21403ED787825303258006765745F67726F75705F01
S21403ED886D656D6265727368697020726573706FFE
S21403ED986E73650064656661756C745F726573701F
S21403EDA86F6E73650052583A2047657447726F75DD
S21403EDB8704D656D626572736869702030782530AA
S21403EDC832582C007575620047726F7570733A2057
S21403EDD86661696C656420746F2073656E642025AC
S21403EDE8733A203078253032580052583A20526504
S21403EDF86D6F766547726F75702030782530345896
S21403EE08004552523A204661696C656420746F2047
S21403EE1864656C6574652062696E64696E6720282C
S21403EE28307825303258290072656D6F76655F67CE
S21403EE38726F75700052583A2052656D6F76654149
S21403EE486C6C47726F7570730052583A204164644D
S21403EE5847726F757049664964656E746966796941
S21403EE686E67203078253034582C2022006164647D
S21403EE78004368616E6E656C206E6F742076616CF5
S21403EE8869643A202564005072696D6172790025B9
S21403EE9873206D61736B206E6F772030782530385A
S21403EEA858005365636F6E64617279004D61736BC6
S21403EEB8206E6F742076616C69643A20256400704E
S21403EEC872696D617279007365636F6E64617279D6
S21403EED80025733A20536574202573206D61736B80
S21403EEE820746F2030782530385800537461747551
S21403EEF8730025733A2025733A004368616E6E657E
S21403EF086C206D61736B3A0020202020283129205D
S21403EF18307825303858205B0020202020283229D6
S21403EF2820307825303858205B0053746174653A6E
S21403EF3820307825303258202825732900437572E7
S21403EF4872656E74206368616E6E656C3A2025641C
S21403EF5800546F74616C20626561636F6E733A2048
S21403EF682564004A6F696E20617474656D707473E6
S21403EF783A202564004E6574776F726B207374614C
S21403EF8874653A203078253032580053746F700011
S21403EF9825732053746F702E2020436C65616E6949
S21403EFA86E672075702E0042726F616463617374B6
S21403EFB8696E67207065726D6974206A6F696E0082
S21403EFC854727573742063656E746572206C696E0B
S21403EFD86B206B6579207570646174652073746142
S21403EFE87475730025733A205741524E494E473A73
S21403EFF820736C5F7A69676265655F7365745F69BA
S21403F0086E697469616C5F73656375726974795F39
S21403F0187374617465206661696C65642E20436F3A
S21403F0286E74696E75696E6720776974686F757430
S21403F03820696E7374616C6C20636F64652E00457B
S21403F04872726F723A20696E7374616C6C20636FA8
S21403F0586465207365747570206661696C65642ED3
S21403F06820497320616E20696E7374616C6C20632B
S21403F0786F646520666C6173686564206F6E746F71
S21403F08820746865206465766963653F00D0D1D2CD
S21403F098D3D4D5D6D7D8D9DADBDCDDDEDF00FFFF5D
S21403F0A8FFFFFFFFFFFF005A6967426565416C6C07
S21403F0B869616E636530390025733A206973737521
S21403F0C8696E67207363616E206F6E2025732063F5
S21403F0D868616E6E656C7320286D61736B2030787B
S21403F0E8253038582900257320697320616C7265AA
S21403F0F861647920696E2070726F67726573730036
S21403F1085374617274004578616D696E696E672021
S21403F118626561636F6E206F6E206368616E6E65ED
S21403F1286C20256420776974682070616E496420B2
S21403F13830782530345800546869732062656163F3
S21403F1486F6E206973206E6F742070617274206FFF
S21403F15866207468652063757272656E74206368CA
S21403F168616E6E656C206D61736B20283078253070
S21403F1783858292E2047657474696E67206E65783B
S21403F1887420626561636F6E2077686F73652063AA
S21403F19868616E6E656C206269746D61736B206955
S21403F1A873207365742E004572726F723A20257346
S21403F1B820636F756C64206E6F7420617474656D5C
S21403F1C87074206A6F696E3A20307825303258009A
S21403F1D84E6F20626561636F6E73206C656674207C
S21403F1E86F6E2063757272656E74206D61736B2E15
S21403F1F8204D6F76696E6720746F206E657874206D
S21403F2087374617465002573206A6F696E696E6727
S21403F21820307825303458206F6E206368616E6E10
S21403F228656C2025640025732053746174653A2041
S21403F2382573004572726F723A20257320636F75C3
S21403F2486C64206E6F7420736574757020736563C1
S21403F25875726974793A20307825303258004572C9
S21403F268726F723A205363616E20636F6D706C65BC
S21403F27874652068616E646C657220726574757255
S21403F2886E65642030782530325800257320736302
S21403F298616E20636F6D706C6574652E20426561C0
S21403F2A8636F6E732068656172643A20256400256F
S21403F2B87320737461636B20737461747573203081
S21403F2C87825303258002573206E6574776F726B15
S21403F2D8206A6F696E65642E0025732074727969D7
S21403F2E86E67206E657874206E6574776F726B2E02
S21403F2F8004E6F6E65005363616E205072696D61D0
S21403F3087279204368616E6E656C7320616E642043
S21403F31875736520436F6E66696775726564204BFF
S21403F3286579005363616E205072696D6172792046
S21403F3384368616E6E656C7320616E6420757365D1
S21403F34820496E7374616C6C20436F646500536365
S21403F358616E205072696D617279204368616E6EC2
S21403F368656C7320616E64205573652043656E74FF
S21403F37872616C697A6564204B6579005363616EC4
S21403F388205072696D617279204368616E6E656C90
S21403F3987320616E642055736520446973747269BB
S21403F3A86275746564204B6579005363616E2053F8
S21403F3B865636F6E64617279204368616E6E656C0F
S21403F3C87320616E642075736520436F6E66696784
S21403F3D875726564204B6579005363616E205365C7
S21403F3E8636F6E64617279204368616E6E656C73D1
S21403F3F820616E642075736520496E7374616C6C46
S21403F40820436F6465005363616E205365636F6EB4
S21403F41864617279204368616E6E656C7320616EF1
S21403F42864205573652043656E7472616C697A65EA
S21403F43864204B6579005363616E205365636F6E72
S21403F44864617279204368616E6E656C7320616EC1
S21403F45864205573652044697374726962757465AC
S21403F46864204B6579005363616E205072696D6141
S21403F4787279204368616E6E656C7320616E6420D2
S21403F48855736520416C6C204B6579732028696E2B
S21403F4987374616C6C20636F64652C2063656E748B
S21403F4A872616C697A65642C206469737472696224
S21403F4B87574656429005363616E205365636F6EC4
S21403F4C864617279204368616E6E656C7320616E41
S21403F4D8642055736520416C6C204B65797320282E
S21403F4E8696E7374616C6C20636F64652C20636546
S21403F4F86E7472616C697A65642C206469737472BD
S21403F50869627574656429004F6E2F4F66662073AB
S21403F51865742076616C75653A2025303258202547
S21403F528303258004552523A2072656164696E67F4
S21403F538206F6E2F6F66662025303258004F6E2F69
S21403F5486F666620616C72656164792073657420E2
S21403F558746F206E65772076616C756500546F67E7
S21403F568676C65206F6E2F6F66662066726F6D20F8
S21403F5782530325820746F202530325800455252B1
S21403F5883A2077726974696E67206F6E2F6F6666A6
S21403F598202530325800496E7374616C6C6564209C
S21403F5A854797065202842617365293A202030789B
S21403F5B825303258004361706162696C6974696505
S21403F5C8733A202020202020202020202030782551
S21403F5D830345800426F6F746C6F616465722056DE
S21403F5E8657273696F6E3A202020202030782530A4
S21403F5F834580053656375726520426F6F746C6F79
S21403F60861646572204B65793A202020202020000B
S21403F618426F6F746C6F6164696E67206661696CAC
S21403F62865642100446F776E6C6F61642066616958
S21403F6386C65642E0044656C6574696E6720666144
S21403F648696C656420646F776E6C6F61642C2073D5
S21403F65874617475733A2030782530325800496DD2
S21403F66861676520646F6573206E6F7420636F6EC1
S21403F6787461696E20616E205570677261646520D7
S21403F688496D6167652054616720283078253034D2
S21403F69858292E20536B697070696E6720757067DA
S21403F6A8726164652E00457865637574696E6720B4
S21403F6B8626F6F746C6F61642063616C6C62616304
S21403F6C86B2E005374617274696E672045424C2032
S21403F6D8766572696669636174696F6E0045424C44
S21403F6E8206661696C65642076657269666963611C
S21403F6F874696F6E2E0045424C207061737365649F
S21403F70820766572696669636174696F6E2E002573
S21403F71873696E67204F544120636C69656E742065
S21403F7287374617465206D616368696E65007374CC
S21403F7386F7070004572726F723A204E6F20696D53
S21403F74861676520617420696E64657820256400A6
S21403F7584E6F7420737570706F727465642E0043F1
S21403F7686C69656E7420696D61676520717565726D
S21403F7787920696E666F004D616E75662049443A56
S21403F78820202020202020202030782530345800C0
S21403F798496D61676520547970652049443A20208D
S21403F7A820203078253034580043757272656E749D
S21403F7B82056657273696F6E3A2020307825303884
S21403F7C8580048617264776172652056657273697A
S21403F7D86F6E3A20004E4100517565727920446574
S21403F7E86C6179206D733A20202020202020202069
S21403F7F8202020256C640053657276657220446960
S21403F80873636F766572792044656C6179206D73CE
S21403F8183A20256C6400446F776E6C6F61642044ED
S21403F828656C6179206D733A2020202020202020E3
S21403F83820256C640052756E205570677261646586
S21403F8482044656C6179206D733A2020202020209F
S21403F858256C64005665726966792044656C61791F
S21403F868206D733A202020202020202020202025C9
S21403F8786C6400446F776E6C6F6164204572726FB8
S21403F88872205468726573686F6C643A2020256426
S21403F89800557067726164652057616974205468FF
S21403F8A8726573686F6C643A202020202564004FC5
S21403F8B8544120446F776E6772616465733A2044D7
S21403F8C8697361626C6564004F544120446F776EB8
S21403F8D86772616465733A20456E61626C6564009D
S21403F8E8426F6F746C6F61642073746174653A2039
S21403F8F8257300496E76616C69642045502025643B
S21403F908207768656E20747279696E6720746F2035
S21403F91873656E64204F5441206D65737361676524
S21403F9282E0053656E64696E67205570677261644E
S21403F9386520456E6420726571756573742E00259F
S21403F948733A20696E76616C696420636D644964F2
S21403F95820307825303258004572726F723A20206C
S21403F9684661696C656420746F2073656E64204F06
S21403F978544120636F6D6D616E6420307825303294
S21403F988582C207374617475733A20307825303296
S21403F998580053657276657220756E6B6E6F776E58
S21403F9A82C2066616C6C696E67206261636B2074D9
S21403F9B86F20646973636F766572792E004D61787C
S21403F9C8696D756D207175657279206572726F72CF
S21403F9D8732068697420282564292C20737461723F
S21403F9E874696E672073656172636820666F722038
S21403F9F86E6577204F5441207365727665722E0ABA
S21403FA08004170706C79696E6720757067726164FF
S21403FA18650025733A20696E76616C6964206F66A3
S21403FA28667365742063757272656E7454696D6562
S21403FA382830782530385829203E2075706772613B
S21403FA48646554696D652830782530385829004F21
S21403FA58544120436C75737465723A2077616974F0
S21403FA6820666F72202564207300525865642074DC
S21403FA78696D654F75742030782530385820732C97
S21403FA88204D41582074696D654F7574203078256C
S21403FA983038582073004D6178696D756D20757020
S21403FAA86772616465207265717565737473206D1A
S21403FAB8616465202825642920776974686F7574DE
S21403FAC820726573706F6E73652066726F6D207330
S21403FAD865727665722E00557067726164696E6723
S21403FAE820616E79776179004F54412053657276A9
S21403FAF869636520646973636F76657279207072CB
S21403FB086576656E746564202D20616E6F7468650E
S21403FB187220697320616C726561647920696E204E
S21403FB2870726F6772657373004661696C656420EB
S21403FB38746F20696E69746961746520736572767B
S21403FB4869636520646973636F766572792E004FFF
S21403FB585441205365727669636520446973636FFD
S21403FB687665727920696E2070726F677265737333
S21403FB7800436C69656E74207665726966696361AD
S21403FB8874696F6E206661696C65642E00536967D5
S21403FB986E617475726500437573746F6D0070617A
S21403FBA873736564004641494C4544004E6F2073A1
S21403FBB869676E61747572652076657269666963CE
S21403FBC86174696F6E20737570706F72742C206120
S21403FBD87373756D696E6720696D616765206973F0
S21403FBE8206F6B61792E00257320766572696669C6
S21403FBF8636174696F6E2025733A20307825303236
S21403FC0858004D6178696D756D206E756D62657205
S21403FC18206F6620646F776E6C6F616420657272FE
S21403FC286F727320726561636820282564292C2007
S21403FC3861626F7274696E672E004F544120436C7D
S21403FC4875737465723A2073657474696E672049B0
S21403FC584545452061646472657373206F66204F5B
S21403FC68544120636C7573746572005061727469CD
S21403FC78616C2066696C6520646F776E6C6F61646F
S21403FC8820666F756E642C20636F6E74696E756973
S21403FC986E672066726F6D206F66667365742030B4
S21403FCA8782530385800466F756E642066756C6C18
S21403FCB87920646F776E6C6F616465642066696C1F
S21403FCC86520696E2073746F726167652028766590
S21403FCD87273696F6E20307825303858292E00469F
S21403FCE86F756E642066696C6520696E2073746F21
S21403FCF872616765207769746820646966666572E9
S21403FD08656E742076657273696F6E202830782561
S21403FD1830385829207468616E2063757272656E70
S21403FD28742076657273696F6E20283078253038AC
S21403FD3858290046696C6520696E2073746F726172
S21403FD4867652069732073616D6520617320637529
S21403FD587272656E742072756E6E696E672076654C
S21403FD687273696F6E202830782530385829004E0C
S21403FD786F20696D61676520666F756E6420696EAE
S21403FD882073746F726167652E004F544120536564
S21403FD98727669636520446973636F766572792042
S21403FDA8756E626C6F636B65640049676E6F726924
S21403FDB86E67207365727665722066726F6D206C47
S21403FDC86F6F706261636B2061646472657373003E
S21403FDD849676E6F72696E6720307825303458200D
S21403FDE84F54412073657276657220696E20736579
S21403FDF861726368206F66205443005365747469A0
S21403FE086E67204F54412053657276657220746F6F
S21403FE18203078253034580044656C6179696E67FC
S21403FE28202564207365636F6E6473206265666F4E
S21403FE387265207374617274696E67204F5441202B
S21403FE48636C69656E740054696D656F75742077A5
S21403FE58616974696E6720666F72206D6573736176
S21403FE6867652E00426164204F544120636F6D6DB1
S21403FE78616E643A20307825303258004F5441205A
S21403FE88636F6D6D616E6420307825303258207448
S21403FE986F6F2073686F727420286C656E202564F4
S21403FEA8203C206D696E20256429004F5441206349
S21403FEB86F6D6D616E642066726F6D20756E726508
S21403FEC8636F676E697A65642073657276657220F8
S21403FED83078253034582E20204D79204F54412031
S21403FEE87365727665723A2030782530345800493F
S21403FEF86D616765204E6F7469667900476F742075
S21403FF08756E65787065637465642025732E202086
S21403FF18537461727420646973636F766572792E9D
S21403FF280064656661756C74004F54413A206661D7
S21403FF38696C656420746F2073656E64202573206E
S21403FF48726573706F6E73653A2030782530325851
S21403FF5800496D616765206E6F7469667900476F3F
S21403FF687420756E65787065637465642025732ED2
S21403FF78202049676E6F7265642E004F54413A20FD
S21403FF8844656661756C7420726573706F6E73650D
S21403FF9820666F7220496D616765206E6F746966A7
S21403FFA8792C207374617475732030782530325831
S21403FFB800496D616765206E6F7469667920636FA3
S21403FFC86D6D616E6400257320756E696361737465
S21403FFD82C207175657279696E6700496E76616C57
S21403FFE86964002573202573207061796C6F6164DA
S21403FFF820747970652030782530325800257320B0
S21404000825733A206F7574206F662072616E676573
S214040018206A697474657220256400257320257324
S2140400283A207061796C6F6164206C656E677468D9
S21404003820646F65736E2774206D6174636820741A
S2140400487970652030782530325820282564203C7D
S214040058202564290025732025732064756520747B
S2140400686F206E6F6E2D6D61746368696E67206DA0
S214040078616E7566616374757265722049440025FD
S214040088732025732064756520746F206E6F6E2D3B
S2140400986D61746368696E6720696D61676520744D
S2140400A87970652049440025732025732064756596
S2140400B820746F206D61746368696E672066697260
S2140400C86D776172652076657273696F6E00257345
S2140400D82025732C2052782764204A697474657224
S2140400E82028307825303258292C205069636B65CF
S2140400F864204A697474657220283078253032582A
S21404010829005175657279206E65787420696D6169
S214040118676520726573706F6E7365002573207249
S214040128657475726E6564203078253032582E20D2
S214040138204E6F206E657720696D61676520746F41
S21404014820646F776E6C6F61642E00257320746F5D
S2140401586F2073686F727420282564203C202564F9
S214040168290025733A204E657720696D61676520F6
S214040178697320617661696C61626C6520666F726A
S21404018820646F776E6C6F61642E00257320697324
S214040198206E6F74207573696E67206D7920696D9B
S2140401A861676520696E666F2E004552524F523A53
S2140401B8204E65787420496D6167652069732074DC
S2140401C86F6F2062696720746F2073746F7265207E
S2140401D828307825303858203E203078253038584E
S2140401E8290025732072657475726E6564207361C0
S2140401F86D652046696C6556657273696F6E206115
S214040208732063757272656E746C7920696E737484
S214040218616C6C65642E004F544120446F776E679A
S21404022872616465732044697361626C65643A201C
S21404023846696C6556657273696F6E20626568698F
S2140402486E642063757272656E7420696E73746169
S2140402586C6C6174696F6E005374617274696E674E
S21404026820646F776E6C6F61642C205665727369B0
S2140402786F6E20307825303858004572726F723A9F
S214040288204661696C656420746F2064656C6574C7
S2140402986520696D6167652E004572726F723A2033
S2140402A84661696C656420746F20657261736520A5
S2140402B86F6C642074656D7020646174612E0049E7
S2140402C86D61676520626C6F636B20726573706F0F
S2140402D86E7365004F54413A20496D616765426CF8
S2140402E86F636B5265706F6E736520636F6E7461AF
S2140402F8696E7320696E76616C6964206F72206912
S2140403086E636F6D706C6574652064617461005506
S21404031870646174696E67204D696E20426C6F6301
S2140403286B205265717565737420506572696F64C5
S21404033820746F202564206D7300446F776E6C6F8D
S21404034861642064656C61792062792073657276CD
S2140403586572202564206D7300446F776E6C6F6138
S214040368642061626F7274656420627920736572B2
S2140403787665722E0053657276657220646F6573AF
S2140403886E277420737570706F7274207061676559
S21404039820726571756573742C206F6E6C79207580
S2140403A873696E6720626C6F636B2072657175651E
S2140403B873742E005365727665722072657475724E
S2140403C86E65642027756E737570706F72746564D5
S2140403D820636C757374657220636F6D6D616E64EB
S2140403E8272E00556E6B6E6F776E202573207374F8
S2140403F86174757320636F646520307825303258CD
S2140404080025732068617320646174612073697AB7
S21404041865202825642920736D616C6C65722074C8
S21404042868616E2061637475616C207061636B65C6
S214040438742073697A6520282564292E002573207C
S2140404486572726F723A20457870656374656420C5
S2140404586F6666736574203078253038582C2062A9
S214040468757420676F74203078253038582E20200D
S21404047849676E6F72696E6700257320696E666FCA
S21404048820646964206E6F74206D61746368206DDF
S2140404987920657870656374656420696E666F2E66
S2140404A8202044726F7070696E672E004661696C0E
S2140404B8656420746F20777269746520746F20737E
S2140404C8746F7261676520646576696365210044A4
S2140404D86F776E6C6F61640055706772616465202F
S2140404E8656E6420726573706F6E7365005365720B
S2140404F87665722061626F727465642075706772BF
S2140405086164652C207374617475733A2030782599
S214040518303258004572726F723A2025732068612B
S2140405286420696E76616C69642025733A200066D7
S214040538696C652076657273696F6E0041646469D8
S2140405486E67202564206D732E2064656C6179209F
S214040558666F7220696D6D6564696174652075706F
S21404056867726164652E00436F756E74646F776E88
S21404057820746F20757067726164653A202564205C
S2140405886D73002053746174653A20202025730027
S2140405982057616974696E6720666F722072657386
S2140405A8706F6E73653A20257300204E6578742044
S2140405B84576656E742054696D65723A2025642004
S2140405C86D73002043757272656E7420446F776E7F
S2140405D86C6F6164204F66667365743A20307825BC
S2140405E8303858202825642525290025733A20669E
S2140405F861696C65642070617273696E67204F5414
S2140406084120636D6420307825303258004F5441B9
S2140406182044656661756C7420726573706F6E73BA
S2140406286520746F20636F6D6D616E642049442085
S2140406383078253032582C207374617475732030E2
S214040648782530325800496D61676520626C6F639F
S2140406586B20726571756573742074657374206F86
S2140406686E6C7920776F726B73207768656E20736B
S2140406787461746520697320424F4F544C4F41444B
S2140406885F53544154455F4E4F4E450052616E6465
S2140406986F6D2044656C6179206265666F726520AB
S2140406A8737461727400446973636F766572696EF5
S2140406B867204F5441205365727665720047657407
S2140406C8204F54412053657276657220455549007B
S2140406D84F627461696E206C696E6B206B65790075
S2140406E85175657279696E67204E65787420496D10
S2140406F861676500446F776E6C6F6164696E672026
S214040708496D61676500566572696679696E672022
S214040718496D6167650057616974696E6720666F1D
S214040728722055706772616465206D6573736167BE
S2140407386500436F756E74646F776E20746F20550A
S2140407487067726164650057616974696E672074BE
S2140407586F207570677261646520766961206F75AD
S214040768742D6F662D62616E64206D656368616EB4
S21404077869736D0025733A202564252520636F6DFB
S214040788706C65746500496D616765202564002092
S214040798204552524F523A20436F756C64206E6F50
S2140407A874206765742066756C6C2068656164657A
S2140407B8722100202048656164657220566572734C
S2140407C8696F6E3A20307825303458002020486502
S2140407D861646572204C656E6774683A20202564E7
S2140407E82062797465730020204669656C6420432A
S2140407F86F6E74726F6C3A20203078253034580047
S21404080820204D616E75662049443A202020202019
S2140408182020307825303458002020496D616765DB
S21404082820547970653A20202020203078253034EA
S2140408385800202056657273696F6E3A202020206F
S214040848202020203078253038580020205A696720
S2140408586265652056657273696F6E3A203078252E
S21404086830345800202048656164657220537472D9
S214040878696E673A20202573002020496D616765F4
S2140408882053697A653A2020202020256C6420624B
S21404089879746573002020536563757269747920CA
S2140408A8437265643A202030782530325800202078
S2140408B85570677261646520446573743A20202015
S2140408C80020204D696E2E204857205665723A201F
S2140408D82020203078253034580020204D61782E8A
S2140408E8204857205665723A202020203078253034
S2140408F83458002020546F74616C20546167733A2E
S21404090820256400202020205461673A203078256A
S214040918303458002020202020204C656E677468E8
S2140409283A20256C64004572726F723A20436F75DC
S2140409386C64206E6F74206F627461696E207461D3
S2140409486720696E666F2066726F6D20696D6167D1
S214040958652E000A256420696D6167657320696ED3
S214040968204F54412073746F726167652E00496D79
S2140409786167652064656C65746525732E00457229
S214040988726F723A2020436F756C64206E6F742001
S2140409987265616420626C6F636B3A203078253028
S2140409A832582E0A005374617274696E6720657231
S2140409B86173652066726F6D206F66667365742052
S2140409C830782530385820746F20307825303858D9
S2140409D800436F756C64206E6F7420737461727450
S2140409E8204552415345212028307825303258294D
S2140409F800454550524F4D20457261736520636F1C
S214040A086D706C657465002F686F6D652F72756EF2
S214040A186E65722F776F726B2F747579612D7A698C
S214040A28676265652D7377697463682F7475796171
S214040A382D7A69676265652D7377697463682F73A1
S214040A48696C6162735F746F6F6C732F73696D7012
S214040A586C69636974795F73646B2F70726F746FF3
S214040A68636F6C2F7A69676265652F6170702F668D
S214040A7872616D65776F726B2F706C7567696E2F10
S214040A886F74612D73746F726167652D73696D7009
S214040A986C652D656570726F6D2F6F74612D737438
S214040AA86F726167652D656570726F6D2D7061670D
S214040AB8652D65726173652E63002F686F6D652FEB
S214040AC872756E6E65722F776F726B2F7475796197
S214040AD82D7A69676265652D7377697463682F7400
S214040AE87579612D7A69676265652D7377697463AC
S214040AF8682F73696C6162735F746F6F6C732F739E
S214040B08696D706C69636974795F73646B2F70724E
S214040B186F746F636F6C2F7A69676265652F61708F
S214040B28702F6672616D65776F726B2F706C756760
S214040B38696E2F6F74612D73746F726167652D7398
S214040B48696D706C652D656570726F6D2F6F746155
S214040B582D73746F726167652D656570726F6D2E7F
S214040B6863004F54412053696D706C652053746F4D
S214040B787261676520454550524F4D207761726E05
S214040B88696E673A20636F756C64206E6F742067AD
S214040B98657420736C6F7420696E666F20666F7256
S214040BA820736C6F7420256420286572726F722017
S214040BB8307825303258292E2044656661756C7461
S214040BC8696E6720746F2073706563696669656407
S214040BD82061646472657373206F666673657473E4
S214040BE80053746F72616765204472697665723A59
S214040BF8202020202020202020202020204F544160
S214040C082053696D706C652053746F726167652034
S214040C18454550524F4D20506C7567696E005265B5
S214040C286164204D6F64696679205772697465201B
S214040C38537570706F72743A20206E6F00534F436A
S214040C4820426F6F746C6F6164696E6720537570A9
S214040C58706F72743A2020202079657300426F6F93
S214040C68746C6F616465722053746F726167652073
S214040C78537570706F72743A20557365206669727E
S214040C88737420736C6F7400536C6F7420746F20C5
S214040C987573653A2020202020202020202020203C
S214040CA82020202025640043757272656E742044E3
S214040CB86F776E6C6F6164204F66667365743A204E
S214040CC82020203078253038580045424C2053746C
S214040CD8617274204F66667365743A20202020205B
S214040CE820202020202030782530385800454550CC
S214040CF8524F4D2053746172743A202020202020CD
S214040D082020202020202020203078253038580025
S214040D18454550524F4D20456E643A2020202020E9
S214040D282020202020202020202020203078253035
S214040D38385800496D61676520496E666F2053749C
S214040D486172743A20202020202020202020203081
S214040D5878253038580053617665205261746520CA
S214040D6828627974657329202020202020202020DA
S214040D782020307825303858004F6666736574200E
S214040D886F6620646F776E6C6F6164206F66667337
S214040D986574202020307825303858004F666673EE
S214040DA86574206F662045424C206F6666736574CA
S214040DB83A20202020202020307825303858004F2C
S214040DC86666736574206F6620696D61676520734F
S214040DD8746172743A202020202020307825303818
S214040DE85800736C5F7A69676265655F61665F6FF2
S214040DF874615F73746F726167655F647269766540
S214040E08725F726561645F63622829206661696C33
S214040E1865642100426164206D61676963206E75AC
S214040E286D62657220696E2066696C653A20307852
S214040E3825303258203078253032582030782530FE
S214040E48325820307825303258004261642076655E
S214040E587273696F6E20696E2066696C65203078D7
S214040E6825303458004572726F723A207265616490
S214040E78416E6456616C696461746553746F726517
S214040E8864496D61676528292074726965642074ED
S214040E986F2072656164206D6F7265206461746189
S214040EA8207468616E20697420636F756C642068AA
S214040EB86F6C642E00736C5F7A69676265655F6140
S214040EC8665F6F74615F73746F726167655F64727F
S214040ED8697665725F726561645F63622829204675
S214040EE841494C454421004C617374206F6666730F
S214040EF8657420646F776E6C6F616465643A20303D
S214040F0878253038580053746F72616765204D6FC2
S214040F1864756C653A204F54412053696D706C654E
S214040F282053746F7261676520506C7567696E002C
S214040F38496D616765732053746F7265643A20203F
S214040F482564206F6620310A00253032583A006539
S214040F5870202530325820636C7573202530345839
S214040F6820617474722025303458207376722025D4
S214040F786300206D6667202530325800207265703D
S214040F886F7274206D696E2025303458206D617830
S214040F982025303458207270742D636867202530F5
S214040FA838580020726563656976652066726F6DC9
S214040FB8202530345820657020253032582074692E
S214040FC86D656F7574202530345800636C656172DE
S214040FD80072656D6F766500636C656172696E672D
S214040FE8206C617374207265706F72742074696DF6
S214040FF865206F6620616C6C206174747269627512
S2140410087465730074657374696E672074696D69B2
S2140410186E67206F6620766172696F7573207265D5
S214041028706F7274696E67206F7065726174696F29
S2140410386E73002D2D2D2D2D2D2D2D2D2D2D2D2D75
S2140410482D2D2D2D2D2D2D2D2D2D2D2D2D2D2D2DBF
S2140410582D2D2D2D2D2D2D2D2D2D2D2D2D2D2D2DAF
S2140410682D2D002D2D7461626C6520726561647384
S214041078202D2066756C6C207461626C652D2D00BD
S214041088726573756C74203D202564206D73002D7D
S2140410982D696E6974202F207363686564756C65A2
S2140410A8207469636B2D2D2D002D2D6C6F616420C3
S2140410B8636F6E66696775726174696F6E206465BE
S2140410C86661756C74732D2D002F686F6D652F72AD
S2140410D8756E6E65722F776F726B2F747579612DC6
S2140410E87A69676265652D7377697463682F7475A2
S2140410F879612D7A69676265652D737769746368A3
S2140411082F73696C6162735F746F6F6C732F736986
S2140411186D706C69636974795F73646B2F70726F32
S214041128746F636F6C2F7A69676265652F61707078
S2140411382F6672616D65776F726B2F706C75676951
S2140411486E2F7265706F7274696E672F7265706F32
S2140411587274696E672E6300524541445F52505458
S2140411685F43464700726561645F7265706F7274A8
S214041178696E675F636F6E66696775726174696FB7
S2140411886E005265706F7274696E673A206661699C
S2140411986C656420746F2073656E642025732072F2
S2140411A86573706F6E73653A203078253032580050
S2140411B84552523A2072656164696E6720636C759D
S2140411C873746572203078253034582061747472CC
S2140411D86962757465203078253034583A2030783A
S2140411E825303258004552523A207265706F727430
S2140411F8696E67206F66204C4F4E47207374726979
S2140412086E67206174747269627574652074797087
S21404121865206E6F7420737570706F727465643AA7
S21404122820636C75737465722030782530345820C2
S2140412386174747269627574652030782530345820
S214041248005265706F7274696E6720456E747279A1
S2140412582046756C6C202D206372656174696E6710
S214041268206E6577207265706F7274004346475F18
S21404127852505400202D20646972656374696F6E39
S2140412883A253032582C20617474723A2530345812
S21404129800202020747970653A253032582C206D49
S2140412A8696E3A253034582C206D61783A253034E6
S2140412B858002020206368616E67653A0020202065
S2140412C874696D656F75743A2530345800636F6EAB
S2140412D86669677572655F7265706F7274696E6742
S2140412E8002054434C4B2075706461746520616C0F
S2140412F8726561647920696E2070726F67726573AF
S21404130873004D616E75616C2054434C4B207570A8
S21404131864617465206661696C65642E2573005380
S21404132874617274696E672075706461746520747C
S214041338727573742063656E746572206C696E6B5F
S214041348206B65792070726F6365737300557064DB
S214041358617465205443204C696E6B204B65790094
S214041368204E6577206B65792065737461626C69B5
S214041378736865643A00204572726F723A00506169
S21404138872746E65723A20005A434C20676C6F621A
S214041398616C20636C757374657220636F6D6D6120
S2140413A86E647300646972656374696F6E00646959
S2140413B873632D636F6D2D67656E00646973632DA3
S2140413C8636F6D2D726563006578706563742D723E
S2140413D865706F72742D66726F6D2D6D6500757706
S2140413E872697465006E7772697465007265706FE9
S2140413F872742D726561640073656E642D6D652D57
S214041408612D7265706F72740043726561746573DA
S214041418206120676C6F62616C20646973636F7601
S214041428657220636F6D6D616E6420666F722074DA
S2140414386865206173736F63696174656420766197
S2140414486C7565732E00636C757374657249641FD6
S21404145861747472696275746549641F6D61784E47
S214041468756D626572546F5265706F72741F0043AF
S214041478726561746573206120676C6F62616C20A5
S21404148873656E64206D652061207265706F727472
S21404149820636F6D6D616E6420666F722074686574
S2140414A8206173736F6369617465642076616C7513
S2140414B865732E00636C757374657249641F617472
S2140414C87472696275746549641F646174615479D9
S2140414D870651F6D696E5265706F727454696D65B8
S2140414E81F6D61785265706F727454696D651F72EA
S2140414F865706F727461626C654368616E67651FB8
S2140415080043726561746573206120676C6F62615D
S2140415186C2072656164207265706F7274696E6798
S21404152820636F6D6D616E6420666F7220746865E3
S214041538206173736F63696174656420636C757383
S2140415487465722C2061747472696275746520619E
S2140415586E64207365727665722F636C69656E7443
S21404156820646972656374696F6E2E00636C7573A4
S21404157874657249641F6174747269627574654926
S214041588641F646972656374696F6E1F00476C6FC5
S21404159862616C207265706F7274696E6720636F1F
S2140415A86D6D616E6400656E64706F696E741F633A
S2140415B86C757374657249641F61747472696275B4
S2140415C8746549641F6D61736B1F004372656174AB
S2140415D86573206120676C6F62616C207265616454
S2140415E820636F6D6D616E64206D657373616765E6
S2140415F820746F20726561642066726F6D2074684B
S2140416086520636C757374657220616E64206174FA
S2140416187472696275746520737065636966696552
S214041628642E00636C757374657249641F61747400
S21404163872696275746549641F00437265617465EE
S21404164873206120676C6F62616C207772697465B9
S21404165820636F6D6D616E64206D65737361676575
S21404166820746F20777269746520746F20746865B7
S21404167820636C757374657220616E64206174747B
S21404168872696275746520737065636966696564F2
S21404169800636C757374657249641F617474726947
S2140416A86275746549641F747970651F6461746132
S2140416B81F004372656174652061206578706563F0
S2140416C8742D7265706F72742D66726F6D2D6D65EC
S2140416D8206D657373616765207769746820617324
S2140416E8736F6369617465642076616C7565732EBF
S2140416F800636C757374657249641F6174747269E7
S2140417086275746549641F74696D656F75741F0026
S214041718437265617465206120446973636F7665F6
S2140417287220436F6D6D616E64732047656E6572D3
S2140417386174656420636F6D6D616E642077697487
S21404174868206173736F6369617465642076616C7D
S2140417587565732E00636C757374657249641F73BC
S21404176874617274436F6D6D616E6449641F6D6154
S21404177878436F6D6D616E6449641F0053657473B6
S2140417882074686520646972656374696F6E206680
S2140417986F7220676C6F62616C20636F6D6D616E2B
S2140417A864732C2065697468657220636C69656E59
S2140417B87420746F20736572766572206F72207356
S2140417C8657276657220746F20636C69656E742E14
S2140417D80053657473206120666C616720736F20FC
S2140417E87468617420746865206170706C696361DC
S2140417F874696F6E206672616D65776F726B2057B9
S214041808494C4C204E4F5420726573706F6E64209A
S214041818746F20746865206E657874205A434C206B
S2140418286D657373616765207468617420636F6D92
S214041838657320696E206F7665722074686520610A
S21404184869722E0053657473206120666C61672084
S214041858736F207468617420746865206170706C96
S21404186869636174696F6E206672616D65776F72FD
S2140418786B2057494C4C20726573706F6E642074E5
S2140418886F20746865206E657874205A434C206D02
S214041898657373616765207468617420636F6D652A
S2140418A87320696E206F7665722074686520616996
S2140418B8722E0053657473207468652044697361D6
S2140418C8626C652044656661756C74205265737035
S2140418D86F6E7365204672616D6520436F6E747211
S2140418E86F6C2062697420746F2075736520666F48
S2140418F87220746865206E65787420636F6D6D61F8
S2140419086E642069662074686520636F6D6D616E09
S21404191864206973206E6F7420616C7265616479E3
S214041928206275696C742E0064697361626C654420
S214041938656661756C74526573706F6E73651F00A7
S214041948536574732074686520666C616720746FC9
S214041958207573652074686520696E6372656D65A5
S2140419686E7465642073657175656E6365206E753F
S2140419786D6265722066726F6D2074686520667283
S214041988616D65776F726B20666F72207468652068
S2140419986E6578742072617720636F6D6D616E640E
S2140419A82E007573654E65787453657175656E6338
S2140419B8651F00436C6920636F6D6D616E642074E7
S2140419C86F2063616C6C20736C5F7A696762656507
S2140419D85F61665F7365745F74696D652066756EAE
S2140419E86374696F6E20646F63756D656E74656481
S2140419F820696E2061662E680075746354696D6587
S214041A081F0053657473207468652074776F2062AA
S214041A18797465206D616E75666163747572657236
S214041A28207370656369666963206964656E7469A2
S214041A386669657220746F2075736520666F7220F8
S214041A48746865206E65787420636F6D6D616E6466
S214041A582069662074686520636F6D6D616E642006
S214041A686973206E6F7420616C7265616479206294
S214041A7875696C742E006D6667537065636966696C
S214041A886349641F006E6F742000534C5F535441BF
S214041A985455535F4E4554574F524B5F555020305C
S214041AA878253034580054727573742043656E7400
S214041AB865722045554920686173202573636861FB
S214041AC86E6765642E00534C5F5354415455535FF8
S214041AD84E4554574F524B5F444F574E00534C5F36
S214041AE85354415455535F4E4F545F4A4F494E45DD
S214041AF84400534C5F5354415455535F5A49474224
S214041B0845455F4E4554574F524B5F4F50454E45DB
S214041B18443A2025642073656300534C5F5354414C
S214041B285455535F5A49474245455F4E4554574FA7
S214041B38524B5F434C4F5345440025733A20257354
S214041B480064697374726962757465640063656EAB
S214041B587472616C697A656400466F726D002573E9
S214041B68696E67206F6E2063682025642C20706178
S214041B786E496420307825303458004572726F7286
S214041B883A2044657669636520646F6573206E6FD2
S214041B987420737570706F7274202573206E657464
S214041BA8776F726B20666F726D6174696F6E004A28
S214041BB86F696E00496E76616C6964205365637557
S214041BC8726974792050726F66696C653A20307849
S214041BD82530325800704A6F696E20666F72202569
S214041BE864207365633A20307825303258004C698F
S214041BF86D6974696E67206475726174696F6E20A6
S214041C086F66207065726D6974206A6F696E2066E7
S214041C18726F6D20666F7265766572202832353568
S214041C282920746F203235340052583A205A444FCB
S214041C382C20636F6D6D616E6420307825303458BF
S214041C482C207374617475733A20307825303258B2
S214041C580053696D706C650052583A202573204409
S214041C686573632052657370004D61746368002C55
S214041C78204D6174636865733A202564004465766C
S214041C8869636520416E6E6F756E63653A203078B9
S214041C98253034580052583A204945454520416471
S214041CA8647265737320526573706F6E7365005241
S214041CB8583A204163746976652045502052657306
S214041CC8706F6E73652C20436F756E743A202564A6
S214041CD8004E6F6465002C204D6174636865733A22
S214041CE82030782530345800737461636B20766529
S214041CF8722E205B25642E25642E25640020257309
S214041D08206275696C642025645D005A444F00534C
S214041D184500484100436C757374657200476C6FE0
S214041D2862616C0025737478203078253038582C16
S214041D38200050726F66696C653A20257320283037
S214041D487825303458292C20436C75737465723A98
S214041D58203078253034582C202564206279746520
S214041D68732C00205A434C20257320436D64204965
S214041D78443A202564005072652D52656C6561737B
S214041D886500416C706861203100416C70686120A0
S214041D983200416C706861203300426574612031FA
S214041DA8004265746120320042657461203300473E
S214041DB84100526573657420696E666F3A20307800
S214041DC82530325820282573290064656C657465A7
S214041DD82062696E64696E673A2025303258202579
S214041DE8303258000102030405060708090A0B0CDA
S214041DF8000101010101010101010101010057521D
S214041E08495445204552523A2000257365702025CA
S214041E1830325820636C757320253034582061742A
S214041E2874722025303458206E6F74207375707061
S214041E386F72746564002573696E76616C696420D4
S214041E4864617461207479706500257361747472B2
S214041E58206E6F74207772697461626C65005752DD
S214041E684954453A206E6F2077726974652C206A47
S214041E787573742061207465737400524541443A3E
S214041E88206174747269627574652073697A652052
S214041E98746F6F206C6172676520666F7220636169
S214041EA86C6C657200636C6E7400737276720052A2
S214041EB85700524F00202052414D20200020746FB6
S214041EC86B656E200065787465726E2000454E4416
S214041ED8504F494E54202530325800636C75732091
S214041EE82F2073696465202F2061747472202F2054
S214041EF86D666720202F74797065286C656E292FA7
S214041F08207277202F2073746F72616765202F20E4
S214041F18646174612028726177290025303458205A
S214041F282F202573202F2025303458202F200020DA
S214041F382F202530325820282530325829202F20A3
S214041F482573202F202573202F2000556E73757057
S214041F58706F72746564004F544120524541443A88
S214041F682065703A25303258206369643A2530343F
S214041F78582061747469643A25303458206D736B3C
S214041F883A25303258206D66636F64653A253034D6
S214041F985800524541443A20636C75732025303402
S214041FA8582C206174747220253034582066616970
S214041FB86C6564202530325800524541443A206303
S214041FC86C757320253034582C206174747220255F
S214041FD83034582C20646174614C656E3A20253080
S214041FE832582C204F4B0028256329253032582593
S214041FF83032582530325825303258253032582554
S21404200830325825303258253032580064697361A6
S214042018626C65002573642C2064726F7070696E38
S214042028672065702030782530325820636C7573C5
S2140420382030782530345820636D64203078253075
S21404204832580047656E657261746564005265634C
S214042058656976656400446973636F7665722043C0
S2140420686F6D6D616E647320726573706F6E7365E1
S2140420782028636F6D706C6574653A202563292C77
S214042088202573204944733A200030782530325886
S21404209820005F45585400524541445F4154545209
S2140420A80057524954453A20636C757320253034DA
S2140420B858206174747220253034582000464149EB
S2140420C84C20253032580057524954453A20746FEC
S2140420D86F2073686F727400444953435F415454C5
S2140420E85200257325733A20636C757320253034A3
S2140420F8580053766320446973633A20002573575F
S214042108616974696E672025642073656320666F49
S2140421187220646973636F7665727920746F2063BE
S2140421286F6D706C65746500537461746520636FB5
S21404213872726573706F6E64696E6720746F20744C
S2140421486865207468652072657175657374206E99
S2140421586F7420666F756E640A002573636F6D70FE
S2140421686C6574652E0A0025735365727669636513
S21404217820446973636F7665727920537461746555
S214042188206C696D69747320726561636865640A96
S214042198002573496C6C6567616C2062726F6164B4
S2140421A86361737420616464726573732C2072654A
S2140421B86D617070696E6720746F2076616C6964EF
S2140421C8206F6E652E0025734661696C65642074FD
S2140421D86F2073656E64206D617463682064697328
S2140421E8636F766572793A20307825303258002540
S2140421F8735374617274696E6720646973636F7667
S21404220865727920666F7220636C757374657220C4
S2140422183078253034580025734661696C65642027
S214042228746F2073656E642073696D706C652064C2
S214042238657363726970746F7220726571756573FD
S214042248743A203078253032580025734661696C14
S214042258656420746F2073656E642049454545207F
S2140422686164647265737320726571756573743A14
S214042278203078253032580025734661696C6564C9
S21404228820746F2073656E64204E574B2061646417
S2140422987265737320726571756573743A20307845
S2140422A825303258004572726F723A2025732062C0
S2140422B861642073696D706C652064657363726904
S2140422C870746F72206C656E6774682E0025734D83
S2140422D865737361676520746F6F2073686F7274B3
S2140422E80025734D65737361676520746F6F20737B
S2140422F8686F727420666F72206E756D2E20656E18
S21404230864706F696E74730025734D617463682511
S2140423187320666F756E642066726F6D203078253C
S2140423283034582E004572726F723A20257320692D
S2140423386E76616C6964206C656E677468202825FF
S2140423486420213D2025642920666F722041637429
S21404235869766520456E64706F696E74207265735D
S214042368706F6E7365002573676F74206163746994
S214042378766520455020726573706F6E73650055D8
S21404238854432074696D653A2025642F25642F25E7
S214042398642025643A25643A25642028253038586C
S2140423A8290028556E6B6E6F776E20636C75732ED6
S2140423B8205B3078253034585D29000D0A542530C2
S2140423C838583A005258206C656E2025642C2065CF
S2140423D87020253032582C20636C7573203078258D
S2140423E83034582000206D666749642025303458F8
S2140423F80020464320253032582073657120253046
S214042408325820636D642025303258207061796C08
S2140424186F61645B004261736963004F766572207E
S2140424287468652041697220426F6F746C6F6164CA
S214042438696E67002573525820706B7420746F6F2A
S2140424482073686F72743A202564203C2025640043
S2140424582573525820706B74206D616C666F726DAC
S21404246865643A202564203C2025640020204861C1
S214042478766520526F7574657220537570706F7226
S21404248874002020456E6420446576696365204F91
S2140424986E6C79002020456E61626C6564002020AD
S2140424A844697361626C6564004572726F72207267
S2140424B8657472696576696E6720696E666F2066EC
S2140424C86F72206C696272617279204944202564AF
S2140424D8002573206C6962726172792573207072A4
S2140424E86573656E74005A69676265652050726F15
S2140424F80042696E64696E67005365637572697431
S2140425087920436F72650053656375726974792020
S2140425184C696E6B204B6579730043424B452031FA
S21404252836334B310043424B4520445341205369CC
S214042538676E004543430043424B452044534120BD
S214042548566572696679005061636B6574205661D6
S2140425586C6964617465005A4C4C0043424B4520D0
S2140425683238334B3100454343203238334B31003D
S21404257843424B4520636F7265004E4350004D75C9
S2140425886C7469206E6574776F726B00456E68614B
S2140425986E63656420426561636F6E2052657100E0
S2140425A843424B45203238334B312044534120565E
S2140425B86572696679004D756C74692D50414E00D4
S2140425C82F686F6D652F72756E6E65722F776F72D2
S2140425D86B2F747579612D7A69676265652D7377D3
S2140425E8697463682F747579612D7A69676265659D
S2140425F82D7377697463682F73696C6162735F748B
S2140426086F6F6C732F73696D706C69636974795F27
S21404261873646B2F70726F746F636F6C2F7A69674D
S2140426286265652F737461636B2F636F6E66696783
S2140426382F736C5F7A69676265655F636F6E666938
S2140426486775726174696F6E2E63002F686F6D65A7
S2140426582F72756E6E65722F776F726B2F7475791D
S214042668612D7A69676265652D7377697463682F67
S214042678747579612D7A69676265652D73776974EF
S21404268863682F73696C6162735F746F6F6C732F02
S21404269873696D706C69636974795F73646B2F70A2
S2140426A8726F746F636F6C2F7A69676265652F73D0
S2140426B87461636B2F6672616D65776F726B2F61D9
S2140426C865732D6563622E63002F686F6D652F72C0
S2140426D8756E6E65722F776F726B2F747579612DB0
S2140426E87A69676265652D7377697463682F74758C
S2140426F879612D7A69676265652D7377697463688D
S2140427082F73696C6162735F746F6F6C732F736970
S2140427186D706C69636974795F73646B2F70726F1C
S214042728746F636F6C2F7A69676265652F7374615B
S214042738636B2F73656375726974792F7A69676238
S21404274865652D73656375726974792D6D616E613F
S2140427586765722D6E6F2D7661756C742E630045F1
S21404276872726F723A20204661696C656420746FD1
S21404277820726561642066726F6D20454550524F1D
S2140427884D2061742030782534582C207374617475
S21404279875733A20256400454550524F4D20496EBE
S2140427A8697469616C697A65643A202563004545ED
S2140427B850524F4D20427573793A20256300506174
S2140427C8727469616C20576F72642053746F7261F7
S2140427D8676520436F756E743A2025640041646407
S2140427E8726573733A2030782534582C20506172F9
S2140427F87469616C20576F72643A203078255800E3
S214042808636F6E6669726D656400617373756D6572
S21404281864000A454550524F4D20496E666F004E77
S2140428286F7420617661696C61626C6520286F6CD0
S21404283864657220626F6F746C6F616465722900D8
S21404284850617274204465736372697074696F6E3C
S2140428583A202020202020202020202573004361B1
S214042868706162696C69746965733A202020202057
S2140428782020202020202020203078253258005080
S2140428886167652045726173652074696D652028E3
S21404289873293A2020202020202564005061727471
S2140428A82045726173652074696D65202873293A1A
S2140428B82020202020202564005061727420457250
S2140428C86173652074696D6520286D73293A202024
S2140428D820202020256400506167652073697A6586
S2140428E820286279746573293A2020202020202025
S2140428F82020256C00506172742073697A6520283C
S2140429086279746573293A2020202020202020200C
S214042918256C00576F72642073697A65202862797B
S214042928746573293A20202020202020202025643E
S214042938202825702900454550524F4D20696E6958
S214042948743A2030782558002F686F6D652F727595
S2140429586E6E65722F776F726B2F747579612D7A28
S21404296869676265652D7377697463682F7475790A
S214042978612D7A69676265652D7377697463682F54
S21404298873696C6162735F746F6F6C732F73696DB0
S214042998706C69636974795F73646B2F7574696C9A
S2140429A82F706C7567696E2F706C7567696E2D630A
S2140429B86F6D6D6F6E2F656570726F6D2F656570C0
S2140429C8726F6D2E6300556E61626C6520746F209D
S2140429D8626F6F7420696D61676520617420736C1B
S2140429E86F7420256C640A00536C6F74204D616EF6
S2140429F861676572206661696C656420746F20651A
S214042A087261736520736C6F740A004D6178207266
S214042A18656164206C696D69742073657420746FCD
S214042A282025642062797465730A004164647265BB
S214042A3873732020202020202020202044617461E5
S214042A480A00307825346C78202020202020203076
S214042A587825780A004661696C656420746F20726C
S214042A686561642066726F6D20666C6173680A001F
S214042A78536C6F7420256C640A2020416464726564
S214042A88737320202020203A20307825346C580A86
S214042A9820204C656E6774682020202020203A2069
S214042AA8307825346C582028256C6420627974653F
S214042AB873290A00202054797065202020202020BD
S214042AC820203A20004E6F2047424C2070726573CF
S214042AD8656E740A005A69674265650A0054687226
S214042AE86561640A00436F6E6E6563740A00426C1F
S214042AF87565746F6F74680A00426C7565746F6FD9
S214042B087468206170706C69636174696F6E0A001A
S214042B184D43550A004F7468657220283078256C32
S214042B2858290A00202056657273696F6E20202083
S214042B3820203A203078256C580A002020436170FB
S214042B486162696C69746965733A20307825346CF7
S214042B58580A00202050726F647563742049442014
S214042B68203A2000307825582000536C6F74204D86
S214042B78616E616765723A206661696C6564207483
S214042B886F20696E697469616C697A6520626F6F13
S214042B98746C6F6164657220286572726F72203077
S214042BA878253478290A0056657273696F6E202072
S214042BB82020203A2025640A0050617274202020C0
S214042BC820202020203A2025730A00436170616281
S214042BD8696C69746965733A20307825780A0050F8
S214042BE86172742073697A652020203A202564204F
S214042BF8420A00506167652073697A652020203A86
S214042C0820256420420A00576F72642073697A6527
S214042C182020203A20256420420A00536C6F7473DF
S214042C28202020202020203A2025640A00466169B6
S214042C386C656420746F20726561642066726F6DBB
S214042C482073746F7261676520666C6173682028E8
S214042C586572726F72202564290A00496E76616C63
S214042C68696420736C6F7420256420286D6178204D
S214042C78736C6F74202564290A004661696C656460
S214042C8820746F2067657420696E666F20666F729D
S214042C9820736C6F742025640A00536C6F74204D7F
S214042CA8616E616765723A20736C6F742077726917
S214042CB87465206661696C7572652E204164647259
S214042CC8657373206F6666736574202825642920E7
S214042CD82B207772697465206C656E677468202883
S214042CE82564292067726561746572207468616E4C
S214042CF820746F74616C20736C6F74206C656E67D7
S214042D08746820282564290A00536C6F74204D6162
S214042D186E61676572207761726E696E673A2073B2
S214042D286C6F74202564206C656E6774682028258B
S214042D386429206E6F7420616C69676E65642074FC
S214042D486F20706167652073697A65202825642971
S214042D582E2054686520656E7469726520736C6FDE
S214042D68742077696C6C206E6F74206265206572B7
S214042D78617365642E0A00536C6F74204D616E612E
S214042D886765723A206661696C656420746F2065AD
S214042D987261736520256420627974657320696E90
S214042DA820736C6F742025642061742061646472D7
S214042DB865737320307825347820286572726F72AC
S214042DC82030782578290A004572617365642025C1
S214042DD86420627974657320696E20736C6F74203E
S214042DE825640A004661696C656420746F207365FF
S214042DF87420736C6F7420746F20626F6F7420284D
S214042E086572726F72203078253478290A00466114
S214042E18696C656420746F20736574206C697374B8
S214042E28206F6620736C6F747320746F20626F6FE4
S214042E387420286572726F72203078253478290ACF
S214042E48004661696C656420746F20676574206E3B
S214042E586577206C697374206F6620736C6F74735F
S214042E6820746F20626F6F7420286572726F7220E8
S214042E783078253478290A00426567696E6E696E6B
S214042E886720696D6167652076657269666963613E
S214042E9874696F6E2E2E2E002E6661696C65642129
S214042EA820284572726F72203078253478290A00F3
S214042EB82E7061737365642120426F6F74696E6740
S214042EC820736C6F742025640A00666E692B00668E
S214042ED86E69006E616E00666E692D006C696273B9
S214042EE8006273656E640072657365740072617758
S214042EF80073656E645F6D756C74696361737400E2
S214042F0873656E642D7573696E672D6D756C74695B
S214042F18636173742D62696E64696E670074696DA3
S214042F286573796E63006765742D7074692D7261B4
S214042F3864696F2D636F6E66696700636F6E666992
S214042F48672D6363612D6D6F6465006576656E74C1
S214042F5873007365637572697479007A6967626564
S214042F68655F7072696E7400706C7567696E006E62
S214042F786574006B657973006F7074696F6E0070A2
S214042F886C7567006368616E67656B65790063686E
S214042F98616E67656B007A646F007072696E742080
S214042FA872656C6174656420636F6D6D616E6473BD
S214042FB82E0061747472005A646F2072656C6174B2
S214042FC8656420636F6D6D616E64732E00726F7531
S214042FD8746500706F776572006D676D742D6C711B
S214042FE869006D676D742D62696E64006E6F646542
S214042FF80073696D706C65006965656500756E6259
S214043008696E64006E776B2D757064006F75742D29
S214043018636C2D6C69737400696E2D636C2D6C6912
S2140430287374005A646F20696E2D636C2D6C697313
S214043038742072656C6174656420636F6D6D616E6F
S21404304864732E005A646F206F75742D636C2D6C30
S2140430586973742072656C6174656420636F6D6D42
S214043068616E64732E005A646F206E776B2D7570CC
S214043078642072656C6174656420636F6D6D616E3F
S21404308864732E007363616E2D6368616E2D6D61C3
S214043098736B007363616E006368616E50670063E8
S2140430A868616E005A646F20756E62696E64207279
S2140430B8656C6174656420636F6D6D616E64732EF0
S2140430C800756E6963617374006368616E67656B27
S2140430D865792072656C6174656420636F6D6D61D3
S2140430E86E64732E006C696E6B004F7074696F6E35
S2140430F82072656C6174656420636F6D6D616E64BF
S214043108732E007265676973746572006469736305
S21404311800696E7374616C6C2D636F646500626914
S2140431286E64696E672D7461626C65007072696E90
S214043138742D72782D6D736773006170737265747D
S21404314872790041505320726574727920666C61F6
S2140431586720666F72636520636F6D6D616E647356
S21404316800456E61626C65732F44697361626C65B1
S21404317873207072696E74696E67206F6620527861
S214043188206D657373616765732E00656E61626C86
S214043198650042696E64696E67207461626C6520B6
S2140431A872656C6174656420636F6D6D616E6473BB
S2140431B82E005365637572697479206B657973207C
S2140431C872656C6174656420636F6D6D616E64739B
S2140431D82E0064656C657465004E6574776F726B53
S2140431E82072656C6174656420636F6D6D616E64CE
S2140431F8732E00666F726D0072656A6F696E2D6451
S2140432086966662D6465766963652D7479706500EC
S21404321865787470616E69640069736F70656E00B2
S21404322862726F61642D706A6F696E006368616E9E
S21404323867652D6368616E6E656C00696E697400F7
S2140432486368616E67652D6B6565702D616C69765C
S214043258652D6D6F64650074696D656F75742D6F83
S2140432687074696F6E2D6D61736B006D756C74691F
S2140432782D7068792D7374617274006D756C746939
S2140432882D7068792D73746F700066696E64006EAD
S2140432986574776F726B2066696E6420636F6D6DF4
S2140432A8616E64732E006A6F696E61626C65007580
S2140432B86E7573656400736C6F742D6D616E6167EB
S2140432C8657200636F756E7465727300656E642D3F
S2140432D86465766963652D737570706F72740066BD
S2140432E8696E642D616E642D62696E64006672612F
S2140432F8676D656E746174696F6E0067726F75705A
S214043308732D736572766572006E6574776F726B6B
S2140433182D7374656572696E67006F74612D626FCC
S2140433286F746C6F6164006F74612D636C69656E8D
S21404333874006F74612D73746F726167652D636FA3
S2140433486D6D6F6E006F74612D73746F726167654F
S2140433582D656570726F6D0069646C652D736C6598
S2140433686570007570646174652D74632D6C696E80
S2140433786B2D6B6579007570646174652D74632DA7
S2140433886C696E6B2D6B65792072656C6174656407
S21404339820636F6D6D616E64730074696D65720089
S2140433A86E6F7700436F6D6D616E647320746F2063
S2140433B8636F6E74726F6C2069646C696E672F73C2
S2140433C86C656570696E67206F662074686520642E
S2140433D8657669636500666F7263652D6177616BF0
S2140433E865006177616B652D7768656E2D6E6F7401
S2140433F82D6A6F696E6564007265706F7274696EA3
S214043408672072656C6174656420636F6D6D616EA8
S21404341864732E00636C6561722D6C6173742D720F
S21404342865706F72742D74696D6500746573742D98
S21404343874696D696E67006F74612D73746F726159
S21404344867652D656570726F6D2072656C6174654D
S2140434586420636F6D6D616E64732E0077697065A2
S214043468006F74612D73746F726167652D636F6D79
S2140434786D6F6E2072656C6174656420636F6D6D24
S214043488616E6473007072696E74496D6167657302
S2140434980072656C6F61640073746F726167652D82
S2140434A8696E666F00646174612D7072696E74006B
S2140434B86F74612D636C69656E742072656C6174D3
S2140434C8656420636F6D6D616E64732E0076657235
S2140434D869667900626C6F636B2D7465737400702B
S2140434E86167652D726571756573740075706772AA
S2140434F86164652D726571756573740064697361BA
S214043508626C652D646F776E6772616465730065B7
S2140435186E61626C652D646F776E6772616465733D
S214043528006F74612D626F6F746C6F6164207265CE
S2140435386C6174656420636F6D6D616E6473006E90
S2140435486574776F726B2D7374656572696E672020
S21404355872656C6174656420636F6D6D616E647307
S2140435682E007072652D636F6E6669677572656482
S2140435782D6B65792D736574006D61736B207265A8
S2140435886C6174656420636F6D6D616E642E007380
S214043598756274726163740067726F7570732D73E5
S2140435A865727665722072656C6174656420636FF3
S2140435B86D6D616E64732E00667261676D656E74F8
S2140435C86174696F6E2072656C6174656420636FDC
S2140435D86D6D616E64732E007365742D72782D7725
S2140435E8696E646F772D73697A65006172746966AB
S2140435F8696369616C2D626C6F636B2D64726F709E
S2140436080046696E6420616E642062696E64207286
S214043618656C6174656420636F6D6D616E64732E8A
S21404362800696E69746961746F7200656E642D64EE
S21404363865766963652D737570706F72742072652C
S2140436486C6174656420636F6D6D616E64732E00BF
S214043658706F6C6C2D636F6D706C657465642D6328
S214043668616C6C6261636B00666F7263652D736868
S2140436786F72742D706F6C6C00656E61626C655F3A
S2140436887479706500737461636B00617070007A96
S214043698636C006C65676163795F61665F64656225
S2140436A8756700636F756E746572732072656C61F6
S2140436B874656420636F6D6D616E64732E0070723A
S2140436C8696E742D636F756E7465722D7479706582
S2140436D80073696D706C652D7072696E7400707213
S2140436E8696E742D7468726573686F6C647300739E
S2140436F865742D7468726573686F6C64007265739C
S21404370865742D7468726573686F6C64730073658A
S2140437186E642D726571756573740073656375726E
S2140437286974792072656C6174656420636F6D6D65
S214043738616E6473007365742D616C6C6F772D7499
S214043748727573742D63656E7465722D72656A6F0F
S214043758696E2D7573696E672D77656C6C2D6B6E47
S2140437686F776E2D6B6579007365742D616C6C6F5D
S214043778772D74727573742D63656E7465722D7205
S214043788656A6F696E2D7573696E672D77656C6CDF
S2140437982D6B6E6F776E2D6B65792D74696D656FFD
S2140437A87574007365742D6B65792D72657175650E
S2140437B873742D706F6C696379006D66672D746F0A
S2140437C86B656E006170730053656375726974790E
S2140437D8206170732072656C6174656420636F6D14
S2140437E86D616E64732E004765742F736574204D7F
S2140437F8464720746F6B656E2E00656E64706F693D
S2140438086E742072656C6174656420636F6D6D6197
S2140438186E64732E00656570726F6D207574696CBE
S2140438286974792072656C6174656420636F6D6D64
S214043838616E647300536C6F74204D616E616765C6
S214043848722072656C6174656420636F6D6D616E59
S214043858647300626F6F742D736C6F7400657261A5
S21404386873652D736C6F74006578742D666C61735C
S214043878682D696E666F00736C6F74732D696E6657
S2140438886F005072696E74732074696D652E0050EB
S21404389872696E7473206174747269627574652EC5
S2140438A800436C6561727320746865205A444F201F
S2140438B86C697374206F6620636C69656E7420285F
S2140438C8696E2920636C7573746572732E0041647F
S2140438D8647320636C75737465727320746F2074D4
S2140438E86865206B6E6F776E20636C69656E7420EE
S2140438F828696E2920636C757374657273206F6EFD
S2140439082074686973206465766963652E00436C61
S2140439186561727320746865205A444F206C697315
S21404392874206F6620636C69656E7420286F7574DE
S2140439382920636C7573746572732E00416464730E
S21404394820636C75737465727320746F207468656D
S214043958206B6E6F776E20636C69656E7420286FB3
S21404396875742920636C757374657273206F6E2082
S21404397874686973206465766963652E0053656E9A
S214043988647320616E207570646174652063686171
S2140439986E6E656C20726571756573742E00636847
S2140439A8616E6E656C1F0053656E647320616E20CD
S2140439B8757064617465206368616E6E656C2070EA
S2140439C8616765207265712E20546865207374617A
S2140439D8636B2073656E6473206E776B20656E6800
S2140439E8616E6365642075706461746520726571C0
S2140439F820666F72206E6F6E2D7A65726F20706106
S214043A0867652E006368616E6E656C1F7061676516
S214043A181F00506572666F726D7320616E20656E46
S214043A2865726779207363616E2E007461726765C8
S214043A38744E6F646549641F7363616E447572617E
S214043A4874696F6E1F7363616E436F756E741F00BF
S214043A5842726F6164636173747320746865204985
S214043A6844206F6620746865206E6577206E6574DA
S214043A78776F726B206D616E6167657220616E6424
S214043A8820616374697665206368616E6E656C731D
S214043A982E006E776B4D676549641F6368616E6EAA
S214043AA8656C4D61736B1F00506572666F726D733B
S214043AB820616E20656E65726779207363616E2077
S214043AC86F6E20676976656E206368616E6E656CD6
S214043AD8206D61736B2E007461726765744E6F6433
S214043AE86549641F7363616E4475726174696F6EA9
S214043AF81F7363616E436F756E741F6368616E6EC1
S214043B08656C4D61736B1F0053656E64732061208A
S214043B186E6574776F726B20616464726573732064
S214043B287265717565737420666F72207468652093
S214043B38676976656E204945454520616464726503
S214043B4873732E00696565651F0052657175657324
S214043B58747320616E204945454520616464726526
S214043B687373206261736564206F6E2061206769D1
S214043B7876656E206E6F64652049442E006E6F6409
S214043B886549641F0053656E647320612073696D0C
S214043B98706C652064657363726970746F722072E2
S214043BA865717565737420666F7220746865207312
S214043BB8686F7274206164647265737320616E64DE
S214043BC820656E64706F696E7420737065636966C9
S214043BD86965642E00646573741F7461726765741E
S214043BE8456E64706F696E741F0053656E64732047
S214043BF861206D6174636844657363726970746F79
S214043C0872735265717565737420746F2074686571
S214043C1820676976656E2064657374696E61746975
S214043C286F6E20776974682074686520676976659E
S214043C386E2070726F66696C652E006E6F646549D7
S214043C48641F70726F66696C651F0053656E6473D3
S214043C582061206E6F64652064657363726970748E
S214043C686F72207265717565737420746F20612095
S214043C78676976656E207461726765742064657614
S214043C886963652E007461726765741F0053656EF8
S214043C9864732061205A444F2042696E6420636F1F
S214043CA86D6D616E6420746F206120646576696347
S214043CB8652073706563696669656420696E207437
S214043CC8686520636F6D6D616E6420617267756DDB
S214043CD8656E74732E0044657374696E6174696FD7
S214043CE86E1F536F7572636520656E64706F696EB8
S214043CF8741F44657374696E6174696F6E20656EAB
S214043D0864706F696E741F636C7573746572494466
S214043D181F72656D6F746545554936341F6465733F
S214043D287445554936341F0053656E647320616EB6
S214043D382061637469766520656E64706F696E7455
S214043D48207265717565737420746F2074686520B5
S214043D586465766963652077697468207468652085
S214043D68676976656E2073686F72742049442E00FE
S214043D7853656E647320616E20756E62696E642086
S214043D887265717565737420666F72206120756E2E
S214043D9869636173742062696E64696E6720746F00
S214043DA82074686520746172676574206465766932
S214043DB863652E007461726765741F736F7572632A
S214043DC8652065756936341F736F7572636520657B
S214043DD86E64706F696E741F636C7573746572496C
S214043DE8441F64657374696E6174696F6E455549DA
S214043DF836341F64657374696E6174696F6E206502
S214043E086E64706F696E741F0053656E6473206108
S214043E186E20756E62696E6420726571756573745A
S214043E2820666F722061206D756C746963617374A3
S214043E382062696E64696E6720746F2074686520F2
S214043E48746172676574206465766963652E0074A8
S214043E5861726765741F736F75726365206575692B
S214043E6836341F736F7572636520656E64706F6988
S214043E786E741F636C757374657249441F67726F3A
S214043E887570416464726573731F0053656E64735A
S214043E982061205A444F204D616E6167656D656EDA
S214043EA874204C6561766520636F6D6D616E642061
S214043EB8746F20746865207461726765742064651D
S214043EC8766963652E007461726765741F72656D22
S214043ED86F76654368696C6472656E1F72656A6F8F
S214043EE8696E1F0053656E64732061205A444F2020
S214043EF84D474D542D42696E64202842696E6469A4
S214043F086E67205461626C65292052657175657305
S214043F187420746F207468652074617267657420F1
S214043F286465766963652E007461726765741F73C9
S214043F3874617274496E6465781F0053656E6473A1
S214043F482061205A444F204D474D542D4C5149204A
S214043F58284C5149205461626C6529205265717554
S214043F6865737420746F207468652074617267655D
S214043F7874206465766963652E0053656E647320E1
S214043F8861205A444F20506F7765722044657363E6
S214043F98726970746F7220526571756573742074D3
S214043FA86F2074686520746172676574206465762A
S214043FB86963652E0053656E64732061205A444F06
S214043FC820726F75746520726571756573742063E5
S214043FD86F6D6D616E6420746F20746865207461FB
S214043FE8726765742E007461726765741F696E64FF
S214043FF865781F00696E6465781F65756936341FB1
S214044008696E7374616C6C436F64651F00696E64D3
S21404401865781F65756936341F6B65791F005443C8
S214044028206C696E6B206B65792072657175657393
S2140440387420706F6C6963791F417070206C696EA8
S2140440486B206B6579207265717565737420706F63
S2140440586C6963791F00426F6F6C3A20616C6C6FF1
S214044068772074727573742063656E746572207233
S214044078656A6F696E207573696E672077656C6C00
S2140440882D6B6E6F776E206B65791F0070726F6686
S214044098696C6549641F636C757374657249641F3B
S2140440A80074617267657449641F00456E61626CCA
S2140440B86573207072696E74696E67206F66205225
S2140440C878206D657373616765732E005365747322
S2140440D8207468652062696E64696E67207461621C
S2140440E86C6500696E6465781F636C7573746572B5
S2140440F81F6C6F63616C45701F72656D6F746545E0
S214044108701F65756936341F00436C6561727320C9
S2140441187468652062696E64696E67207461626C8F
S214044128652E005072696E7473207468652062691F
S2140441386E64696E67207461626C6520746F20749F
S214044148686520636F6D6D616E64206C696E652E9C
S21404415800436C6561727320616C6C2073656375CB
S21404416872697479206B6579732E0044656C65747E
S214044178652074686520737065636966696564207C
S2140441886C696E6B206B657920696E6465782E00A1
S2140441985072696E747320616C6C207365637572F3
S2140441A8697479206B6579732E005465726D696E2F
S2140441B86174657320746865206D756C74692D5018
S2140441C8485920696E74657266616365005573653F
S2140441D86420746F207374617274206D756C7469CE
S2140441E82D50485920696E74657266616365206F40
S2140441F874686572207468616E206E617469766589
S21404420820616E6420666F726D20746865206E6522
S21404421874776F726B2E2054686520737461636BB1
S21404422820757365732073616D652050616E4964EB
S214044238206173206E617469766520726164696FA3
S214044248206E6574776F726B2E00706167651F63E6
S21404425868616E6E656C1F706F7765721F6F707419
S214044268696F6E734D61736B202842697420302021
S2140442783D20526F757465727320616C6C6F776538
S214044288642C204269742031203D2042726F616498
S2140442986361737420616C6C6F776564291F0041D1
S2140442A87474656D70747320746F206368616E67C8
S2140442B86520746865206368696C642074696D6534
S2140442C86F7574206F7074696F6E206D61736B20E0
S2140442D8746F2066696C746572206F757420756EC9
S2140442E8646573697261626C652076616C75657362
S2140442F82028652E672E206E6F206D6F72652074D9
S21404430868616E20332064617973292E0074696DA0
S214044318656F7574206F7074696F6E206D61736B4A
S2140443281F005377697463686573206265747765DC
S214044338656E20646966666572656E74206B65656D
S2140443487020616C697665206D6F6465732073757B
S21404435870706F72746564206279206120726F755C
S2140443687465722E004B65657020616C69766520ED
S2140443786D6F64651F005072696E74732074686587
S2140443882063757272656E74204E6F6465204944A6
S2140443982C2045554936342C20616E642050616EB5
S2140443A82049442E00496E697469616C697A65739C
S2140443B82061206E6574776F726B3B20746869732E
S2140443C82069732061207465737420636F6D6D6152
S2140443D86E64207573656420666F722074632D732B
S2140443E87761702D6F75742074657374696E672EA3
S2140443F8005365747320746865206E6574776F72ED
S2140444086B20696E6465782075736564206279200C
S214044418616C6C2066757475726520434C4920631C
S2140444286F6D6D616E64732E20204265666F7265CB
S21404443820657865637574696E67206120434C4906
S21404444820636F6D6D616E642C20746865206672D7
S214044458616D65776F726B207377697463686573CB
S21404446820746F2074686973206E6574776F726B36
S2140444782E202041667465722074686520636F6D0B
S2140444886D616E642066696E697368657320657805
S21404449865637574696E672C207468652066726136
S2140444A86D65776F726B20737769746368657320BC
S2140444B86261636B20746F20746865207072657619
S2140444C8696F7573206E6574776F726B2E2020542F
S2140444D8686520434C4920757365732074686520A5
S2140444E873616D65206E6574776F726B20696E6490
S2140444F8657820756E74696C2074686520646576C2
S21404450869636520726573657473206F72206974B5
S214044518206973206368616E676564207468726FC7
S214044528756768207468697320636F6D6D616E645F
S2140445382E00417474656D70747320746F206368FC
S214044548616E676520646576696365206F76657253
S21404455820746F206120646966666572656E7420CF
S2140445686368616E6E656C20676976656E20696E31
S21404457820746865206368616E6E656C2061726776
S214044588756D656E742E00546865206368616E6E7A
S214044598656C20746F206368616E676520746F1F8E
S2140445A80066696E64556E7573656450616E496419
S2140445B80066696E644A6F696E61626C654E6574FE
S2140445C8776F726B005065726D697473206A6F69D1
S2140445D86E696E67206F6E20746865206E657477E2
S2140445E86F726B20666F72206120676976656E202D
S2140445F86E756D626572206F66207365636F6E6490
S2140446087320414E442062726F61646361737473ED
S2140446182061205A444F204D676D74205065726D92
S2140446286974204A6F696E696E672072657175656C
S214044638737420746F20616C6C20726F7574657265
S214044648732E00412073696E676C65206279746501
S21404465820696E6469636174696E6720686F772081
S2140446686C6F6E6720746865206465766963652078
S21404467873686F756C642068617665207065726D02
S2140446886974206A6F696E696E67207475726E65E0
S21404469864206F6E20666F722E20412076616C75DA
S2140446A865206F662030786666207475726E73208F
S2140446B86F6E207065726D6974206A6F696E206902
S2140446C86E646566696E6974656C792E1F00436846
S2140446D865636B73206E6574776F726B20706A6F90
S2140446E8696E207374617475732E005772697465E5
S2140446F8732074686520657874656E6465642070D4
S214044708616E20494420666F72207468652064656B
S214044718766963652E0065787470616E69641F0037
S21404472852656A6F696E7320616E20657869737462
S214044738696E67206E6574776F726B20696E206188
S21404474820736563757265206F7220696E7365637E
S214044758757265206D616E6E65722077697468205F
S2140447686120646966666572656E74206465766938
S214044778636520747970652E00426F6F6C65616E90
S214044788206E6574776F726B206B6579206176612D
S214044798696C6162696C6974791F4368616E6E65D9
S2140447A86C206D61736B1F416E20656E756D657246
S2140447B86174696F6E20696E6469636174696E6793
S2140447C82074686520646576696365207479706505
S2140447D820746F2072656A6F696E2061732E546840
S2140447E86520737461636B206F6E6C7920616363F4
S2140447F86570747320534C5F5A49474245455F4574
S2140448084E445F44455649434520616E6420534CE4
S2140448185F5A49474245455F534C454550595F459D
S2140448284E445F4445564943452E1F0052654A6F19
S214044838696E732061206E6574776F726B2E004202
S2140448486F6F6C65616E206E6574776F726B206B24
S214044858657920617661696C6162696C6974791F2F
S2140448684368616E6E656C206D61736B1F004C65E2
S214044878617665732061206E6574776F726B2E009F
S2140448885475726E73207065726D6974206A6F69E8
S2140448986E696E67206F6E20666F72207468652076
S2140448A8616D6F756E74206F662074696D65206916
S2140448B86E646963617465642E00412073696E676B
S2140448C86C65206279746520696E646963617469CD
S2140448D86E6720686F77206C6F6E67207468652033
S2140448E86465766963652073686F756C64206861AF
S2140448F87665207065726D6974206A6F696E696E74
S21404490867207475726E206F6E20666F722E204153
S2140449182076616C7565206F66203078666620742C
S21404492875726E73207065726D6974206A6F696E2D
S21404493820696E646566696E6974656C792E1F00F5
S2140449484A6F696E732061206E6574776F726B2088
S2140449586F6E206120676976656E206368616E6E87
S214044968656C2C2077697468206120676976656EA3
S21404497820545820506F77657220616E6420504129
S2140449884E2049442E00546865206368616E6E653F
S2140449986C206F6E20776869636820746F206A6F6E
S2140449A8696E20746865206E6574776F726B1F4F26
S2140449B86E652D62797465207369676E6564207602
S2140449C8616C756520696E6469636174696E6720D5
S2140449D874686520545820506F776572207468612F
S2140449E8742074686520726164696F2073686F75D3
S2140449F86C642062652073657420746F1F54686540
S214044A082050414E204944206F6E207768696368B9
S214044A1820746F206A6F696E20746865206E6574EA
S214044A28776F726B1F00466F726D732061206E6518
S214044A3874776F726B206F6E206120676976656E77
S214044A48206368616E6E656C2C20776974682061D3
S214044A5820676976656E20545820506F77657220F3
S214044A68616E642050414E2049442E0054686520E7
S214044A786368616E6E656C206F6E2077686963681C
S214044A8820746F20666F726D20746865206E657476
S214044A98776F726B1F4F6E652D6279746520736924
S214044AA8676E65642076616C756520696E646963F3
S214044AB86174696E672074686520545820506F774F
S214044AC8657220746861742074686520726164690C
S214044AD86F2073686F756C64206265207365742034
S214044AE8746F1F5468652050414E204944206F6EE9
S214044AF820776869636820746F20666F726D207407
S214044B086865206E6574776F726B1F0054686973E6
S214044B1820696E6974696174657320612054434C16
S214044B284B207570646174652070726F6365647574
S214044B3872652E005370656369667920746865200B
S214044B48616D6F756E74206F662074696D65207468
S214044B586F2077616974206166746572206F6E656C
S214044B682054434C4B20757064617465206F7065DF
S214044B78726174696F6E20636F6D706C65746573AB
S214044B88206265666F726520626567696E6E696E17
S214044B98672061206E65772054434C4B20757064FB
S214044BA8617465206F7065726174696F6E2E005447
S214044BB8686520616D6F756E74206F662074696D04
S214044BC865206265747765656E20737562736571B2
S214044BD875656E742074727573742063656E746577
S214044BE872206C696E6B206B6579207570646174CD
S214044BF8657320696E206D696C6C697365636F6E86
S214044C0864731F00536574206F7220636C65617249
S214044C182073746179206177616B65207768656EA7
S214044C28206E6F74206A6F696E656400536574201D
S214044C386F7220636C65617220666F7263652061AB
S214044C4877616B6500446973706C61792074686574
S214044C5820736C6565702073746174757300464FB1
S214044C68522054455354494E4720505552504F539A
S214044C784553202D206761746865722074696D69D0
S214044C886E67206D65747269637320666F7220722E
S214044C9865706F7274696E67207461626C65206FE4
S214044CA87065726174696F6E732E00436C65617209
S214044CB87320746865206C617374207265706F72F3
S214044CC8742074696D65206F6620617474726962F5
S214044CD8757465732E00416464732061206E65776D
S214044CE820656E74727920746F2074686520726506
S214044CF8706F7274207461626C652E005468652047
S214044D086C6F63616C20656E64706F696E74206680
S214044D18726F6D20776869636820746865206174AB
S214044D2874726962757465206973207265706F722F
S214044D387465641F54686520636C757374657220A3
S214044D487768657265207468652061747472696230
S214044D58757465206973206C6F63617465641F5489
S214044D686865204944206F662074686520617474F9
S214044D78726962757465206265696E67207265700B
S214044D886F727465641F3020666F7220636C696581
S214044D986E742D73696465206174747269627574BF
S214044DA86573206F72203120666F72207365727681
S214044DB865722D73696465206174747269627574AA
S214044DC865731F546865206D696E696D756D20720C
S214044DD865706F7274696E6720696E746572766141
S214044DE86C2C206D6561737572656420696E20731A
S214044DF865636F6E64732E1F546865206D617869E9
S214044E086D756D207265706F7274696E6720696E51
S214044E1874657276616C2C206D6561737572656451
S214044E2820696E207365636F6E64732E1F546865FD
S214044E38206D696E696D756D206368616E6765209F
S214044E48746F207468652061747472696275746519
S214044E5820746861742077696C6C20726573756C4D
S214044E687420696E2061207265706F7274206265A2
S214044E78696E672073656E742E1F0052656D6F76B3
S214044E88657320616E20656E7472792066726F6D24
S214044E9820746865207265706F7274207461626C21
S214044EA8652E0054686520696E646578206F6620F0
S214044EB8746865207265706F727420746F206265FA
S214044EC82072656D6F7665641F00436C6561727346
S214044ED820616C6C20656E74726965732066726FE7
S214044EE86D20746865207265706F727420746162D0
S214044EF86C652E005072696E74732074686520722F
S214044F0865706F7274207461626C652E00576970E0
S214044F18657320616C6C206461746120696E20740A
S214044F2868652073746F7261676520646576696363
S214044F38652E005072696E747320617262697472A9
S214044F48617279206279746573206F662074686567
S214044F58204F544120696D616765206F6E2064692F
S214044F68736B2E0054686520696E646578206F66D6
S214044F782074686520696D61676520746F20707297
S214044F88696E742069747320646174611F5468655B
S214044F98206F666673657420696E746F207468651E
S214044FA8204F544120696D616765207468617420D8
S214044FB877696C6C206265207072696E7465641F0C
S214044FC8005072696E747320696E666F726D6174D0
S214044FD8696F6E2061626F757420746865207374D7
S214044FE86F72616765206465766963652E0052652D
S214044FF86C6F6164207468652073746F726167658A
S214045008206465766963652E0044656C657465730B
S2140450182074686520696D6167652061742074680A
S214045028652073706563696669656420696E64657E
S214045038782E0054686520696E646578206174204B
S214045048776869636820746F20626567696E206490
S214045058656C6574696E672074686520696D616738
S214045068651F005072696E74732074686520696DD4
S214045078616765732E00456E61626C6573204F54D4
S2140450884120646F776E6772616465732E004469A5
S2140450987361626C6573204F544120646F776E6742
S2140450A872616465732E0053656E647320616E20A6
S2140450B855706772616465456E645265717565738B
S2140450C87420746F20616E204F5441207365727685
S2140450D865722E0043616E206265207573656420D0
S2140450E8746F2064796E616D6963616C6C79207481
S2140450F875726E206F66662073656E64696E6720C7
S21404510870616765207265717565737473206F6E58
S2140451182074686520636C69656E742073696465B9
S2140451282C2069662074686520736572766572201B
S214045138646F65736E277420737570706F7274204D
S2140451487468697320666561747572652E00426FAB
S2140451586F6C65616E2076616C7565207475726E09
S214045168696E67206F6E20283129206F72206F665B
S2140451786620283029207468652070616765207267
S21404518865717565737420666C61671F0053656E78
S214045198647320616E20696D61676520626C6F6355
S2140451A86B207265717565737420666F7220612052
S2140451B866696C6520746865207365727665722006
S2140451C873686F756C64206E6F7420686176652EDC
S2140451D8202054657374206861726E657373206F3B
S2140451E86E6C79202874657374206361736520393E
S2140451F82E352E36202D204D697373696E6720462A
S214045208696C6529005072696E747320696E666FDE
S214045218726D6174696F6E206F6E207468652063A2
S214045228757272656E74207374617465206F662077
S214045238746865204F544120636C69656E742064F5
S2140452486F776E6C6F61642E0053746F707320747E
S2140452586865204F5441207374617465206D6163DA
S21404526868696E652E005374617274732074686579
S214045278204F544120636C69656E7420737461749E
S21404528865206D616368696E652E205468652073B1
S21404529874617465206D616368696E6520646973FA
S2140452A8636F7665727320746865204F5441207363
S2140452B865727665722C20717565726965732066E9
S2140452C86F72206E657720696D616765732C20643C
S2140452D86F776E6C6F6164732074686520696D619E
S2140452E867657320616E6420776169747320666FDE
S2140452F872207468652073657276657220636F6DB4
S2140453086D616E6420746F20757067726164652EB3
S214045318005072696E747320746865206D616E75CA
S21404532866616374757265722049442C20496D6100
S214045338676520547970652049442C20616E642082
S21404534856657273696F6E20696E666F726D6174E6
S214045358696F6E2074686174206172652075736560
S21404536864207768656E2061207175657279206E91
S21404537865787420696D6167652069732073656E46
S2140453887420746F2074686520736572766572205D
S21404539862792074686520636C69656E742E0050A3
S2140453A86572666F726D73207369676E6174757261
S2140453B86520766572696669636174696F6E206FC5
S2140453C86E2074686520696D616765206174207451
S2140453D868652073706563696669656420696E64C8
S2140453E865782E0054686520696E64657820617453
S2140453F820776869636820746F20626567696E2021
S214045408766572696669636174696F6E206F662073
S21404541874686520696D6167651F00426F6F746CF8
S2140454286F6164732074686520696D6167652061BF
S214045438742074686520737065636966696564209A
S214045448696E6465782062792063616C6C696E673E
S21404545820746865204F544120626F6F746C6F61C6
S214045468642063616C6C6261636B2E00546865200B
S214045478696E646578206174207768696368207447
S2140454886F20626567696E20626F6F746C6F616403
S214045498696E672074686520696D6167651F0050CA
S2140454A872696E747320696E666F2061626F7574B4
S2140454B82074686520696E7374616C6C6564206218
S2140454C86F6F746C6F616465722E005375627472C4
S2140454D8616374732061206368616E6E656C206610
S2140454E8726F6D20656974686572207468652070CB
S2140454F872696D617279206F72207365636F6E646A
S214045508617279206368616E6E656C206D61736B79
S214045518206F6620746865206E6574776F726B2DCD
S2140455287374656572696E6720636F6D706F6E65F8
S2140455386E742E00546865206368616E6E656C2010
S2140455486D61736B20746F20737562747261637413
S21404555820746865206368616E6E656C2066726F79
S2140455686D1F546865206368616E6E656C20746F81
S21404557820737562747261637420746865206D6143
S214045588736B2066726F6D1F00416464732061201C
S2140455986368616E6E656C20746F206569746865EF
S2140455A87220746865207072696D617279206F72F2
S2140455B8207365636F6E64617279206368616E6ECA
S2140455C8656C206D61736B206F6620746865206E49
S2140455D86574776F726B2D7374656572696E672070
S2140455E8636F6D706F6E656E742E00546865206305
S2140455F868616E6E656C206D61736B20746F2061D4
S21404560864642061206368616E6E656C20746F1F25
S214045618546865206368616E6E656C20746F2061DB
S214045628646420746F20746865206D61736B1F0052
S2140456385365747320656974686572207468652098
S2140456487072696D617279206F72207365636F6E0C
S21404565864617279206368616E6E656C206D61732F
S2140456686B2E00546865206368616E6E656C206DE9
S21404567861736B20746F207375627472616374202F
S214045688746865206368616E6E656C2066726F6DFB
S2140456981F5468652076616C756520746F20736581
S2140456A87420746865206368616E6E656C206D612D
S2140456B8736B20746F2E1F005365747320746865AB
S2140456C8207072652D636F6E6669677572656420EF
S2140456D86B657920736F207468617420746865201C
S2140456E86A6F696E696E67206465766963652063A8
S2140456F8616E20656E74657220746865206E6574C4
S214045708776F726B2E005365747320746865207007
S2140457187265636F6E66696775726564206B657912
S2140457281F0053746F707320746865206E657477F1
S2140457386F726B207374656572696E672070726F1A
S214045748636573732E00537461727473207468658A
S214045758206E6574776F726B207374656572696EF4
S214045768672070726F636573732E0041206D6173D2
S2140457786B206F66206F7074696F6E7320666F7225
S21404578820696E6469636174696E67207370656303
S21404579869666963206265686176696F72207769ED
S2140457A87468696E20746865206E6574776F726BAA
S2140457B82D7374656572696E672070726F6365739E
S2140457C8732E1F00446973706C617973207468655E
S2140457D82063757272656E742073746174757320B1
S2140457E86F6620746865206E6574776F726B2073B5
S2140457F874656572696E672070726F636573732E5D
S21404580800436C65617273207468652067726F75EF
S2140458187073207461626C65206F6E20657665729D
S2140458287920656E64706F696E74005072696E7460
S2140458387320696E666F726D6174696F6E2061623B
S2140458486F75742074686520636F6E74656E747300
S214045858206F66207468652067726F75707320748D
S21404586861626C652E004172746966696369616C6D
S2140458786C792064726F70732074686520626C6F2C
S214045888636B206E756D62657220646566696E6505
S2140458986420627920746865207061737365642077
S2140458A8617267756D656E74206F6E6C79206F6EA5
S2140458B863652C20616E64207468656E20616C6C68
S2140458C86F77732069742075706F6E206120726517
S2140458D87472792E0054686520626C6F636B206E50
S2140458E8756D62657220746F206172746966696387
S2140458F869616C6C792064726F7020746F20666FAF
S2140459087263652061207265747279202D20736530
S2140459187420746F203078464620746F2064697348
S21404592861626C651F005365747320746865207221
S2140459386563656976652077696E646F7720736931
S2140459487A652E2020427920646566696E697469D2
S2140459586F6E20696E2074686520536D61727420BA
S214045968456E657267792070726F66696C65206922
S21404597874206D7573742062652073657420746F63
S214045988203120627574207468697320616C6C6FAA
S214045998777320697420746F206265206368616E6B
S2140459A86765642E00546865206D6178206E756D91
S2140459B8626572206F662074686520626C6F636B1C
S2140459C873207265636569766564206265666F72BE
S2140459D86520616E204150532061636B20697320F3
S2140459E867656E6572617465641F004D616B6573E7
S2140459F82074686973206E6F6465207374617274AA
S214045A08206964656E74696679696E6720617320B7
S214045A18612074617267657420666F722062696EAD
S214045A2864696E67207769746820616E20696E6998
S214045A38746961746F72206E6F64652E00546865AD
S214045A4820656E64706F696E74206F6E207768695F
S214045A58636820746F20626567696E2074686520C1
S214045A6846696E64696E6720616E642042696E6476
S214045A78696E67207461726765742070726F6365F7
S214045A8873731F004D616B65732074686973206EA9
S214045A986F64652073746172742074686520696E17
S214045AA869746961746F722070617274206F6620FD
S214045AB87468652066696E64696E6720616E642022
S214045AC862696E64696E672070726F636573732E9D
S214045AD80054686520656E64706F696E74206F6E16
S214045AE820776869636820746F20626567696E202A
S214045AF87468652046696E64696E6720616E642002
S214045B0842696E64696E6720696E69746961746F48
S214045B18722070726F636573731F00536574732005
S214045B28776865746865722074686520434C4920F4
S214045B38666F726365732074686520646576696346
S214045B486520746F2073686F727420706F6C6C2E87
S214045B58005468652076616C756520696E646963AF
S214045B686174696E672077686574686572207468FE
S214045B7865206465766963652073686F756C642050
S214045B8873686F727420706F6C6C1F00536574733F
S214045B98207768657468657220746865206465761D
S214045BA86963657320706F6C6C20636F6D706C65C9
S214045BB87465642063616C6C6261636B2066756EE1
S214045BC86374696F6E20697320656E61626C6564C0
S214045BD82E005468652076616C756520696E646964
S214045BE8636174696E672077686574686572207483
S214045BF86865206465766963657320706F6C6C20CD
S214045C08636F6D706C657465642063616C6C626147
S214045C18636B2066756E6374696F6E20697320659E
S214045C286E61626C65641F00446973706C61797395
S214045C382074686520737461747573206F662074A5
S214045C48686520456E6420446576696365732070CC
S214045C586F6C6C696E672E00456E61626C652F64A6
S214045C68697361626C6520646562756720606C653B
S214045C786761637920617070206672616D65776FFD
S214045C88726B20646562756760207072696E742032
S214045C98747970652E00456E61626C652F6469734D
S214045CA861626C651F00456E61626C652F6469737A
S214045CB861626C6520646562756720607A636C60EF
S214045CC8207072696E7420747970652E00456E6152
S214045CD8626C652F64697361626C652064656275BD
S214045CE867206061707060207072696E74207479C1
S214045CF870652E00456E61626C652F646973616217
S214045D086C652064656275672060636F72656020E1
S214045D187072696E7420747970652E00456E6162BF
S214045D286C652F64697361626C6520646562756767
S214045D382060737461636B60207072696E7420747B
S214045D487970652E0053656E6473206120726571E0
S214045D587565737420666F72204F544120636F759F
S214045D686E746572732E0052657365747320616C65
S214045D786C207468726573686F6C64732076616CE3
S214045D8875657320746F203078464646462E005351
S214045D986574732061207468726573686F6C642018
S214045DA876616C756520666F722061207061727406
S214045DB86963756C61722074797065206F662063F8
S214045DC86F756E7465722E0054797065206F662040
S214045DD8636F756E7465721F5468726573686F6C4A
S214045DE8642056616C75651F005072696E74732062
S214045DF8746865207468726573686F6C6473206F62
S214045E086620616C6C2074686520636F756E7465B3
S214045E1872732E00436C6561727320616C6C206328
S214045E286F756E7465722076616C7565732E005096
S214045E3872696E747320616C6C20636F756E74651A
S214045E48722076616C7565732E005072696E747371
S214045E58207468652076616C7565206F66207468A2
S214045E68697320706172746963756C617220636FFC
S214045E78756E7465722E0054686520636F756E744B
S214045E886572207479706520746F207072696E74F8
S214045E981F005072696E747320616C6C20636F7592
S214045EA86E7465722076616C75657320616E642005
S214045EB8636C65617273207468656D2E005365742F
S214045EC8204D464720746F6B656E2C2043414E4E1A
S214045ED84F5420424520554E53455420425920439A
S214045EE84C492E005072696E74204D464720746FD4
S214045EF86B656E2E005072696E74206163746976E1
S214045F0865206576656E74732E0044697361626CE9
S214045F18652074686520656E64706F696E742066A3
S214045F286F72205A434C206D657373616765732ED0
S214045F3800456E64706F696E7420696E6465781FB8
S214045F4800456E61626C65732074686520656E64CE
S214045F58706F696E7420666F72205A434C206D65A4
S214045F687373616765732E005072696E7420737458
S214045F7861747573206F6620656E64706F696E74DD
S214045F88732E0053686F777320746865207665727D
S214045F9873696F6E206F662074686520736F667405
S214045FA8776172652E005365742074686520636F84
S214045FB86E66696775726564203830322E31352E00
S214045FC83420434341206D6F646520696E207468ED
S214045FD86520726164696F2E2053656520646F635B
S214045FE8756D656E746174696F6E2072656761722B
S214045FF864696E67205241494C5F494545453830C7
S214046008323135345F4363614D6F64655F742E00C7
S21404601841205241494C5F4945454538303231356F
S214046028345F4363614D6F64655F742076616C7595
S214046038651F0052657475726E7320505449207239
S2140460486164696F20636F6E66696720696E666F40
S214046058726D6174696F6E20746F206465746572FE
S2140460686D696E6520746865205048592074797087
S21404607865206265696E6720757365642062792099
S2140460885241494C2E2072657475726E2076616C86
S214046098756520697320656E756D205241494C5F9D
S2140460A8494545453830323135345F507469526154
S2140460B864696F436F6E6669675F7420652E672030
S2140460C8205241494C5F49454545383032313534CC
S2140460D85F5054495F524144494F5F434F4E4649C7
S2140460E8475F32503447485A203D20307830305580
S2140460F8205241494C5F494545453830323135349C
S2140461085F5054495F524144494F5F434F4E464996
S214046118475F32503447485A5F414E5444495620E4
S2140461283D203078303155205241494C5F49454529
S214046138453830323135345F5054495F524144490A
S2140461484F5F434F4E4649475F32503447485A5F7D
S214046158434F4558203D2030783032552052414927
S2140461684C5F494545453830323135345F505449DB
S2140461785F524144494F5F434F4E4649475F32504A
S2140461883447485A5F414E544449565F434F45582E
S214046198203D2030783033550053656E6473206193
S2140461A82072656164206174747220666F7220744C
S2140461B868652074696D65206F6620746865206458
S2140461C86576696365207370656369666965642EB8
S2140461D82049742073657473206120666C61672097
S2140461E8736F207768656E206974206765747320FA
S2140461F874686520726573706F6E736520697420A1
S214046208777269746573207468652074696D65208F
S214046218746F20697473206F776E2074696D6520B7
S214046228617474722E0049641F737263456E6470D9
S2140462386F696E741F64657374456E64706F696EF7
S214046248741F005768656E2073656E64696E6720F0
S2140462587573696E6720612062696E64696E672C5F
S2140462682073706563696669657320776865746802
S21404627865722061206D756C74696361737420623D
S214046288696E64696E672073686F756C64206265EE
S21404629820757365642E007573654D756C74696333
S2140462A861737442696E64696E671F0053656E6431
S2140462B8732061207072652D627566666572656402
S2140462C8206D756C746963617374206D657373618E
S2140462D8676520746F206120676976656E2067722B
S2140462E86F75702049442066726F6D206120676957
S2140462F876656E20656E64706F696E742E006772BC
S2140463086F757049641F7372632D656E64706F6968
S2140463186E741F00437265617465732061206D6531
S214046328737361676520627920737065636966793B
S214046338696E67207468652072617720627974656F
S214046348732E20557365207468652073656E642003
S214046358636F6D6D616E6420746F2073656E642060
S214046368746865206D657373616765206F6E636511
S21404637820697420686173206265656E206372659F
S214046388617465642E2045783A20726177203078E7
S21404639830303046207B30302030412030302031B9
S2140463A8312032322033332034342035357D20737F
S2140463B8656E64732061206D657373616765207408
S2140463C86F20636C757374657220313520283078B5
S2140463D83030304629206F66206C656E67746820F6
S2140463E83820776869636820696E636C75646573BA
S2140463F820746865205A434C206865616465722E6B
S21404640800436C757374657249641F446174611F34
S2140464180052657365747320746865206E6F6465CE
S2140464282E005772697465732061206D65737361F5
S21404643867652E00456E64706F696E741F436C75CD
S214046448737465722049441F417474726962757462
S214046458652049441F4D61736B1F44617461207441
S2140464687970651F4461746120627974651F0052EF
S214046478656164732061206D6573736167652E00BA
S214046488456E64706F696E741F436C7573746572B9
S2140464982049441F417474726962757465204944BE
S2140464A81F31206966207365727665722064697286
S2140464B8656374696F6E2C203020696620636C6986
S2140464C8656E7420646972656374696F6E1F005321
S2140464D8656E64732061206D6573736167652E004D
S2140464E844657374696E6174696F6E1F536F757251
S2140464F8636520656E64706F696E741F4465737493
S214046508696E6174696F6E20656E64706F696E7407
S2140465181F00536F7572636520656E64706F696ECD
S214046528741F004C69737473207768696368206FF6
S2140465387074696F6E616C206C69627261726965E9
S21404654873206F662074686520737461636B2061BA
S214046558726520696D706C656D656E746564206F10
S2140465686E2074686973206465766963652E0050C6
S21404657872696E747320696E666F726D6174696F82
S2140465886E2061626F757420746865206E65747712
S2140465986F726B2073746174652C20636C757374E6
S2140465A86572732C20616E6420656E64706F696E04
S2140465B874732E006F66667365741F005072696E76
S2140465C8747320696E666F726D6174696F6E206687
S2140465D86F7220616C6C20617661696C61626C65AF
S2140465E820736C6F74732E00526561647320726135
S2140465F87720646174612066726F6D20666C6173BF
S214046608682073746F726167652E004164647265EE
S214046618737320746F20726561641F4E756D6265AE
S21404662872206F6620627974657320746F207265B1
S21404663861641F005072696E747320666C617368B7
S2140466482073746F7261676520696E666F726D6118
S21404665874696F6E2E00457261736573207468657D
S2140466682073706563696669656420736C6F74204B
S21404667849442E0053746F7261676520736C6F7497
S214046688206E756D6265721F00426F6F7473207496
S214046698686520696D61676520696E207468652081
S2140466A873706563696669656420736C6F742049E2
S2140466B8442E00434C4920696E7374616E636520EA
S2140466C86578616D706C650064756D6D795F696E6B
S2140466D87374005A434C20636F6D6D616E64730067
S2140466E8626173696300676C6F62616C006D6667EC
S2140466F82D636F6465007573652D6E6578742D73E8
S214046708657175656E636500782D64656661756C7C
S214046718742D7265737000746573742D7265737066
S2140467286F6E73652D6F6E00746573742D72657362
S214046738706F6E73652D6F6666005A434C206261EF
S21404674873696320636C757374657220636F6D6D0B
S214046758616E6473007274666400436F6D6D616E77
S2140467686420746861742072657365747320616C40
S2140467786C206174747269627574652076616C75D0
S214046788657320746F20666163746F72792064651C
S2140467986661756C742E005241494C006C6F7765BF
S2140467A8722D6D61632D7261696C2D3830322E310D
S2140467B8352E342E63006C69627261696C2E610032
S2140467C8756E636C61696D6564006275666665728C
S2140467D82D6D616E6167656D656E742E63006576F2
S2140467E8656E742D71756575652E63007A696762C2
S2140467F865652D75707065722D6D61632E63006E08
S21404680865696768626F722E63006173736F636984
S2140468186174696F6E2E6300313832317300313417
S2140468283232310031323100327300313232313192
S21404683832003132323131003238310038313100E9
S214046848313832313100313231313132313232324B
S2140468583173003132320031323131323231003163
S21404686831313100323238006D61632D6D756C74C8
S214046878692D6E6574776F726B2E63006C6567613D
S21404688863792D7061636B65742D627566666572CF
S2140468982E63000000000200000000000000000054
S2140468A8BA04000000000000000002000000000017
S2140468B800000000BA040000000000000001020303
S2140468C80E312E312E322D3730323861666265002D
S2140468D80100000203030100060000000000030094
S2140468E80000000013B779FAC925DDB7ADF3CFE089
S2140468F8F1B614B80102000000000000FFFFFFFF15
S2140469080100000001000000000000000000000074
S2140469180000000000000000000000000000000066
S2140469280000000000000000000000000000000056
S21404693800000000073F0300D72E0300D32E0300F1
S214046948B12E03007F2E03000F2F0300E12E030051
S214046958812E03002C00000002020203000000003F
S21404696800000000648000506880005000020100A7
S2140469780009007FB06904000100000F9069040054
S2140469880000000000000000E1FE59FF8FFFADFF85
S214046998C1FFD0FFDCFFE4FFEBFFF2FFF6FFFAFFD0
S2140469A8FDFF0000030005005500EDFEFF0064002F
S2140469B81E0000007F001B0DD063FDFF3600B703E2
S2140469C84DDAFFFF1C005901EC3600001100BD002B
S2140469D8C83B00000B00710014350000070049008E
S2140469E8352C0000050037000526000003001400B7
S2140469F8FF140000051E040047D1030047D1030016
S214046A0847D1030047D1030047D1030047D1030009
S214046A1847D1030047D1030047D1030047D10300F9
S214046A2847D1030047D1030047D1030047D10300E9
S214046A3847D1030047D1030047D1030047D10300D9
S214046A4847D1030047D1030047D1030047D10300C9
S214046A5847D1030047D1030047D1030047D10300B9
S214046A6847D1030055D1030047D103006AD1030078
S214046A7847D1030047D103008FD1030047D1030051
S214046A8847D1030047D1030047D10300B7D1030019
S214046A9847D1030047D1030047D1030047D1030079
S214046AA8CFD1030047D10300EDD10300010304014D
S214046AB8010109030B0000000B000000020000009F
S214046AC80000202000000000030000008C8C3C001E
S214046AD80000000000000000000000001E00000087
S214046AE80A0000001A000000000000581200000007
S214046AF8E46A0400554E4B00474F200042544C00AD
S214046B08474F3200474F3300474F3400474F35004E
S214046B18474F3600474F3700474F3800474F39002E
S214046B28474F4100474F4200474F4300474F4400F2
S214046B38474F4500474F46004A4D500042445200CE
S214046B485550520042544D004D534D0046544C0087
S214046B58554E4B00474F200042544C0042414400D7
S214046B6846544C00465243004F54410044534C008C
S214046B784241500055504700544D45004641550083
S214046B88545A4600554E4B0050494E00454D340065
S214046B98554E4B0048562000554E4B00455850005D
S214046BA84C574D00554E4B005242540044534C002B
S214046BB8454D3400554E4B0041535400554E4B003A
S214046BC856465900494E4800554E4B004C434B0018
S214046BD858544C004F424600554E4B004852440009
S214046BE84D454D004255530055534700444247000F
S214046BF8444D410056435400554E4B005550200012
S214046C08525020004150300041503100415020007D
S214046C184450200044454300FC6A0400006B04000A
S214046C28586B04008C6B0400986B0400A06B04007B
S214046C38AC6B0400BC6B0400C46B0400D06B04008B
S214046C48E06B0400006C0400554E4B0046494200B5
S214046C5842544C0045585400505752005744470075
S214046C6820535700435253004653480042414400B9
S214046C78464C540042524F00010401030306010522
S214046C88010501090600060B0000070B050B0000AA
S214046C9800000000000000000400E40C02000104E8
S214046CA81001000000050002000003003C6F040009
S214046CB8386F0400246F0400206F04001C6F04005F
S214046CC8186F0400066F0400F66E0400DC6E0400F9
S214046CD8D46E0400CA6E0400C86E0400B06E0400C5
S214046CE8AD6E0400A56E0400946E0400846E040061
S214046CF8726E0400586E0400506E0400446E04005D
S214046D08406E04003C6E04002E6E0400236E0400DD
S214046D180A6E0400F16D0400956D0400946D040079
S214046D28846D04005C6D0400516D0400506D04000D
S214046D383C6D040000000000000000000000000095
S214046D4800000000000000000F0000000000000023
S214046D580000000000000000000000000000000022
S214046D680000000000000000000000000000000012
S214046D780000000000000000000000000100000001
S214046D880000000000000000000000000F000000E3
S214046D9800000000000000000000000000000000E2
S214046DA800000000000000000000000000000000D2
S214046DB800000000000000000000000000000000C2
S214046DC800000000000000000000000000000000B2
S214046DD800000000000000000000000000000000A2
S214046DE80000000000000000000000000000000092
S214046DF80000000000000000000000000000000082
S214046E080000000000000000000000000000000071
S214046E180000000000000000000000000000000061
S214046E280000000000000000000000000000000051
S214046E38000000000000000000000000FFFFFFFF45
S214046E48FFFFFFFFFFFF0000000000000000000037
S214046E580000000000000000000000000000000021
S214046E680000000000000000000000000000000011
S214046E780000000000000000000000000000000001
S214046E8800000000000000000000000000000000F1
S214046E9800000000000000000000000000FFFFFFE4
S214046EA8FFFFFFFFFF9C0000FF000000000000003B
S214046EB80000000000000000000000008000000041
S214046EC80000FFFFFFFFFFFFFFFFFFFF00000000BB
S214046ED8FFFF0000000000000000000000000000A3
S214046EE80000000000000000000000000000FFFF93
S214046EF8FF00000000000000000000000000000082
S214046F080000000000000000000000000000000070
S214046F180000000000000000000000000000000060
S214046F280000000000000000000000000000000050
S214046F3800000000FC030101010101010101010137
S214046F48010101010100000000000001002000000A
S214046F5800000001010000200204110404021110BC
S214046F681A080A021801081110111A080A04020D50
S214046F780B19195C0110280B01140000000000000E
S214046F8800000000000000000001010101010100EA
S214046F9801010101010101000001010100010001D4
S214046FA801000000000000000000000000000000CF
S214046FB800010000000000000000000000000000BF
S214046FC801FF010023E1010075E4010063E201000A
S214046FD863E5010062E1010079EB010064EE01005B
S214046FE824E1010025E1010026E1010027E1010072
S214046FF828E1010029E101002AE10100000001005E
S2140470088000010000010100800101000002010067
S2140470188002010020E201000003010000050100CF
S21404702880050100000601002C8901008006010085
S2140470380007010001E5010002E50100000801005F
S214047048800801000040010086321010FFFFFFFF91
S214047058FFFFFFFF7BDA030081DA030087DA030009
S2140470688DDA030093DA030056777777777777779E
S21404707877777777777777775A6967426565416C64
S2140470886C69616E636530395A6967426565416C37
S2140470986C69616E636530394E574B205374656569
S2140470A872696E67000095969595950507090D0013
S2140470B8000000000001020304060000F9F20300C1
S2140470C894060400AE060400C5060400D8060400A8
S2140470D8E8060400FC0604000E0704001E07040065
S2140470E83A0704004F0704000208010D0D010101C8
S2140470F812010000FFFFFFFFFFFFFFFF0000000074
S2140471080000000001090501000200000000000359
S2140471181EF1EE0B2C71040090130400051E0400E7
S214047128FE000000AC1304008C720400000000008B
S214047138B61304007C72040000000000C3130400A5
S2140471486C72040000000000D01304005C72040093
S21404715800000000EE13040048720400000000005B
S214047168E61304003472040000000000ED13040063
S2140471782072040000000000FB13040010720400D0
S214047188000000006D120400FC71040000000000FA
S214047198F4130400EC71040000000000001404005A
S2140471A8D871040000000000ACD80300C8710400BD
S2140471B800000000000000000000000000000000BE
S2140471C84B430300111404004E140400010100FF8D
S2140471D8E50B010077140400BC1404000101000147
S2140471E80107FF00A10B010009150400741504002B
S2140471F8010100FFE10A010095150400AE1504001C
S21404720800010100FF0000005D430300D3150400DD
S2140472182B1604000101FF00454303004216040030
S2140472289916040001010207FF0000003F4303000B
S214047238421604009916040001010207FF00000024
S2140472483943030042160400991604000101020794
S214047258FF000000950A0100BA160400F916040097
S214047268010101FF350A0100181704005D17040020
S214047278010000FFF1090100181704005D17040057
S214047288010000FF790A0100841704008A15040027
S21404729800FF000033430300D9170400A542040086
S2140472A8FF0000002D4303004C180400A542040008
S2140472B8FF000000D1090100BB18040030190400BF
S2140472C800FF0000A909010048190400AA190400CF
S2140472D800FF00001F430300BB190400011A040042
S2140472E802FF0000710901000A1A04007E1A04004D
S2140472F801FF0000000000007E1D040011000000CD
S2140473088A1D040012000000921D040013000000E9
S2140473189A1D040021000000A21D0400220000009B
S214047328A91D040023000000B01D0400AA000000E4
S214047338B71D0400FF00000000000000FFFFFFFF69
S214047348FFFFFFFF00000000000000000000010827
S2140473580109020A030B040C050D060E070F081094
S21404736801180119021A031B041C051D061E071F13
S21404737808200121022203230424052506260727BC
S21404738808280129022A032B042C052D062E072F6C
S21404739808300131023203380239043A08E004E1BD
S2140473A804E204E802E902EA04F008F11000000026
S2140473B800000000040500002074040002000F000A
S2140473C84874040002000F007074040002000F00E2
S2140473D89874040002000F00C074040002000F0032
S2140473E8E874040002000F001075040002000F0081
S2140473F83875040002000F006075040002000F00D0
S2140474088875040002000F00B075040002000F001F
S214047418D875040002000F0000000000007604007F
S21404742803000000400000000000000019000000EF
S2140474382476040004000F0080000000000000000A
S214047448000000000076040003000000400000006E
S21404745800000000190000002476040004000F0051
S2140474688000000000000000000000000076040011
S214047478030000004000000000000000190000009F
S2140474882476040004000F008000000000000000BA
S214047498000000000076040003000000400000001E
S2140474A800000000190000002476040004000F0001
S2140474B880000000000000000000000000760400C1
S2140474C8030000004000000000000000190000004F
S2140474D82476040004000F0080000000000000006A
S2140474E800000000007604000300000040000000CE
S2140474F800000000190000002476040004000F00B1
S2140475088000000000000000000000000076040070
S21404751803000000400000000000000019000000FE
S2140475282476040004000F00800000000000000019
S214047538000000000076040003000000400000007D
S21404754800000000190000002476040004000F0060
S2140475588000000000000000000000000076040020
S21404756803000000400000000000000019000000AE
S2140475782476040004000F008000000000000000C9
S214047588000000000076040003000000400000002D
S21404759800000000190000002476040004000F0010
S2140475A880000000000000000000000000760400D0
S2140475B8030000004000000000000000190000005E
S2140475C82476040004000F00800000000000000079
S2140475D800000000007604000300000040000000DD
S2140475E800000000190000002476040004000F00C0
S2140475F880000000000000000000200120000000B9
S21404760808000000040042213000000098760400B8
S21404761800FF420030000000000000000000F008F0
S21404762840000000B976040001002304400000006E
S214047638C176040006003001400000000000000087
S214047648FDFF2102400000000100000019000004AC
S21404765819000101190002041900030119000504A0
S2140476681900060119000704040041004D2C010006
S21404767806004100534B0300190081003D490100F0
S21404768819008400C95301000080000000000000AF
S21404769806435553544F4D000000000000000000F8
S2140476A800000000000000000000000000000000C9
S2140476B800FFFFFFFFFFFFFFFFFFFFFFFF000401C0
S2140476C80401040104010401040104010401040181
S2140476D8040104010401FFFFFFFFFFFFFFFFFFFF94
S2140476E8FFFFFFFFFFFFFFFFFFFFFFFFFFFF000196
S2140476F802030405060708090A0B1F1C1F1E1F1E83
S2140477081F1F1E1F1E1F07021F012F0037013F00E1
S2140477185701DF02E700FF02000000000000000037
S2140477280000000000000000000000000000000048
S2140477380000000000000000000000001D240400F3
S2140477481900000023240400FFFF000000000000C6
S214047758EE240400F9240400051E04000125040090
S2140477680F250400051E0400222504002D25040008
S2140477783B2504003F2504004F25040001F40300BC
S2140477885F250400632504006E250400782504009C
S214047798822504008625040094250400A8250400F0
S2140477A8BE25040000800000000000000000000061
S2140477B800000000FFFFFFFFFF00000000000000BD
S2140477C80000000000000000000000400000000068
S2140477D801000000F9D90100000000000000F03F95
S2140477E8000000000000244000000000000059408B
S2140477F80000000000408F40000000000088C340DE
S21404780800000000006AF8400000000080842E4152
S21404781800000000D01263410000000084D797419E
S2140478280000000065CDCD417AF703009C8E040065
S21404783800000000E42E04008C8E04000000000003
S214047848E92E04007C8E040000000000EA2E0400E2
S2140478586C8E040000000000FB130400588E04001D
S21404786800000000EE130400448E0400000000002C
S214047878EF2E0400348E040000000000F52E0400E9
S214047888248E040000000000F92E0400148E040060
S21404789800000000082F0400048E04000000000006
S2140478A8252F0400F48D0400000000002E2F040089
S2140478B8E48D040000000000432F0400D48D040067
S2140478C8000000003C050400C48D0400000000000D
S2140478D8532F0400848D040000000000593304006C
S2140478E8E08404000000000006230400A0840400CA
S2140478F8000000005A2F0400E08304000000000083
S214047908632F0400E482040000000000702F0400C3
S2140479188C7E0400000000008C250400647D0400AE
S21404792800000000772F0400647D040001000000B6
S2140479387B2F0400247D040000000000802F040030
S214047948E87B04000000000039D20300E87B04004A
S21404795801000000702F04008C7E04000000000064
S214047968872F04008C7E0400010000008C2F04007E
S214047978B47B040000000000962F0400B47B0400C7
S214047988010000009E2F0400E479040000000000B3
S214047998B1D90300B079040000000000000000001C
S2140479A80000000000000000C0790400A22F0400B4
S2140479B8051E0400FE000000BA2F04008885040093
S2140479C8000000002E34040078850400000000003F
S2140479D8000000000000000000000000F479040025
S2140479E8BF2F0400051E0400FE000000D52F040067
S2140479F80887040000000000DB2F0400F886040053
S214047A0800000000E12F0400E886040000000000DF
S214047A18EA2F0400D886040000000000EBD6030012
S214047A28C886040000000000F5D40300908604000D
S214047A380000000003DE03007C860400000000004B
S214047A48F42F04006C86040000000000F0D903003C
S214047A585C86040000000000F92F04004C8604002D
S214047A6800000000003004003C860400000000000B
S214047A789CE803002C86040000000000053004007F
S214047A88807B0400000000000C300400287B0400FF
S214047A980000000014300400F47A0400000000001B
S214047AA820300400C07A0400000000000000000033
S214047AB80000000000000000D07A04002B30040008
S214047AC8051E0400FE00000075EE0300A8850400E9
S214047AD800000000D30F040098850400000000008E
S214047AE8000000000000000000000000047B040002
S214047AF84C300400051E0400FE00000075EE03006A
S214047B08C885040000000000D30F0400B8850400EC
S214047B180000000000000000000000000000000054
S214047B28387B04006E300400051E0400FE000000C6
S214047B388C30040018860400000000007D3504001C
S214047B4808860400000000009B300400F885040042
S214047B5800000000A0300400E885040000000000CF
S214047B68A7300400D88504000000000000000000C8
S214047B780000000000000000907B0400AC30040005
S214047B88051E0400FE00000037EE0300B486040059
S214047B9800000000C9300400A086040000000000AD
S214047BA8000000000000000000000000C47B040081
S214047BB8D1300400051E0400FE000000ED30040069
S214047BC848870400000000008C2504003887040059
S214047BD80000000000000000000000000000000094
S214047BE8F87B0400F2300400051E0400FE000000C2
S214047BF80B310400F887040000000000F8EA0300CC
S214047C08E88704000000000014310400D887040044
S214047C1800000000ED30040028870400000000007F
S214047C2819310400188704000000000026310400F7
S214047C38E47C04000000000034310400B07C040036
S214047C480000000042310400707C040000000000BC
S214047C585A2F0400E083040000000000000000001F
S214047C680000000000000000807C04004B31040083
S214047C78051E0400FE0000002D670400C8870400E3
S214047C88000000003E670400B887040000000000F7
S214047C9829FF0300A8870400000000000000000075
S214047CA80000000000000000C07C040069310400E5
S214047CB8051E0400FE000000933104001888040022
S214047CC800000000142004000888040000000000D7
S214047CD8000000000000000000000000F47C04001F
S214047CE89A310400051E0400FE000000B1D9030002
S214047CF84C88040000000000D30F04003C880400ED
S214047D08000000007D3504002888040000000000F8
S214047D18000000000000000000000000347D04009D
S214047D28BA310400051E0400FE000000B1D90300A1
S214047D387C88040000000000DA3104006C88040023
S214047D4800000000D30F04005C8804000000000054
S214047D58000000000000000000000000747D04001D
S214047D68E1310400051E0400FE000000FB31040097
S214047D78B089040000000000C3EF0300A0890400D3
S214047D88000000002E320400908904000000000061
S214047D98EBD603008089040000000000FCD603002C
S214047DA870890400000000000032040060890400A2
S214047DB80000000018320400508904000000000087
S214047DC82132040040890400000000002832040020
S214047DD830890400000000003432040000890400DE
S214047DE8000000007D350400F08804000000000050
S214047DF843320400E088040000000000E8FF0300A3
S214047E08D08804000000000048320400C08804003B
S214047E18000000005F320400B08804000000000080
S214047E28733204009C8804000000000083320400B7
S214047E388C8804000000000092320400587E040077
S214047E480000000000000000000000000000000021
S214047E58687E040097320400051E0400FE00000035
S214047E68AE3204002089040000000000B732040083
S214047E781089040000000000000000000000000054
S214047E88000000009C7E0400051E0400051E040075
S214047E98FE000000BE320400208504000000000036
S214047EA8CB3204006483040000000000D4320400CB
S214047EB8A482040000000000E73204007082040074
S214047EC800000000F53204003C82040000000000B4
S214047ED80333040008820400000000001133040081
S214047EE87081040000000000223304004881040066
S214047EF8000000002F330400A880040000000000DF
S214047F083A33040050800400000000004D33040097
S214047F182880040000000000DF120400C47F040068
S214047F280000000060330400847F040000000000A2
S214047F386B330400507F04000000000000000000BB
S214047F480000000000000000607F04007E33040088
S214047F58051E0400FE000000A2330400D0890400B5
S214047F6800000000A8330400C089040000000000D4
S214047F78000000000000000000000000947F0400D9
S214047F88AC330400051E0400FE000000E5EF030001
S214047F98008A040000000000DE330400F0890400B0
S214047FA800000000EA330400E08904000000000032
S214047FB8000000000000000000000000D47F040059
S214047FC800340400051E0400FE000000B1D90300B6
S214047FD8648A040000000000D30F0400548A0400D6
S214047FE800000000D90F0400448A040000000000C2
S214047FF875EE0300308A0400000000001C340400F8
S214048008208A04000000000033340400108A0400A8
S214048018000000000000000000000000000000004F
S214048028388004003F340400051E0400FE000000E7
S21404803864340400748A0400000000000000000091
S214048048000000000000000060800400693404009A
S214048058051E0400FE0000008D340400C48A0400D3
S21404806800000000DA310400B48A040000000000AE
S21404807899340400A48A040000000000A034040014
S214048088948A040000000000AD340400848A0400C6
S21404809800000000000000000000000000000000CF
S2140480A8B8800400B8340400051E0400FE0000006E
S2140480B826330400748B040000000000D534040042
S2140480C8648B0400000000007AF70300548B040055
S2140480D800000000A8060400448B0400000000000A
S2140480E88D320400348B040000000000E5EF030022
S2140480F8248B040000000000DC340400148B040005
S21404810800000000E7340400048B040000000000AC
S214048118F4340400F48A0400000000000435040063
S214048128E48A04000000000017350400D48A04001A
S214048138000000000000000000000000000000002E
S2140481485881040029350400051E0400FE000000BA
S2140481587AF70300848B0400000000000000000087
S2140481680000000000000000808104004735040079
S214048178051E0400FE000000E5EF0300F48B04006F
S21404818800000000A8060400E48B040000000000B9
S2140481988D320400D48B0400000000006A35040005
S2140481A8C48B04000000000096300400C881040054
S2140481B800000000000000000000000000000000AE
S2140481C8D881040081350400051E0400FE00000062
S2140481D87D350400B48B04000000000075EE03002F
S2140481E8A48B04000000000097350400948B040058
S2140481F8000000000000000000000000000000006E
S21404820818820400A0350400051E0400FE000000C1
S214048218B1D90300148C040000000000D30F040036
S214048228048C0400000000000000000000000000A9
S214048238000000004C820400C0350400051E04003B
S214048248FE000000E0350400348C04000000000042
S214048258F3350400248C040000000000000000002D
S21404826800000000000000008082040009360400B4
S214048278051E0400FE00000029360400548C040081
S21404828800000000F8EA0300448C04000000000024
S214048298000000000000000000000000B482040093
S2140482A833360400051E0400FE000000E5EF030054
S2140482B8848C04000000000058360400748C040003
S2140482C80000000070360400648C040000000000FF
S2140482D8000000000000000000000000F482040013
S2140482E8051E0400051E0400FE0000008136040076
S2140482F80C830400000000000000000000000000DA
S214048308000000001C830400051E0400051E04006B
S214048318FE0000008D360400D48C04000000000023
S2140483287D250400C48C0400000000009336040075
S214048338B48C04000000000097360400A48C0400E3
S214048348000000009B360400948C04000000000023
S2140483580000000000000000000000007483040011
S214048368AB360400051E0400FE000000B1D9030065
S214048378548D040000000000C6360400448D040032
S21404838800000000D9360400348D04000000000004
S214048398D30F0400248D040000000000E636040011
S2140483A8148D040000000000F7360400048D040051
S2140483B80000000005370400F48C040000000000E8
S2140483C816370400E48C04000000000000000000D7
S2140483D80000000000000000F083040023370400B7
S2140483E8051E0400FE0000003D37040078870400DC
S2140483F800000000703704006887040000000000CE
S214048408AB3704005887040000000000C237040095
S2140484186C84040000000000CC3704003884040090
S214048428000000000000000000000000000000003B
S21404843848840400D0370400051E0400FE0000002B
S2140484482D67040098870400000000003E670400B7
S21404845888870400000000000000000000000000F8
S214048468000000007C840400EF370400051E0400A6
S214048478FE00000010EB0300748D040000000000EA
S2140484887D350400648D0400000000000000000030
S2140484980000000000000000B08404000238040055
S2140484A8051E0400FE000000B1D90300B48D0400C4
S2140484B80000000093310400A48D040000000000AE
S2140484C814200400948D040000000000000000003E
S2140484D80000000000000000F08404001D380400BA
S2140484E8051E0400FE000000AD340400CC8E040013
S2140484F800000000E5EF0300BC8E04000000000046
S2140485087AF70300AC8E04000000000000000000A8
S2140485180000000000000000308504003D38040018
S214048528051E0400FE0000005B3804001C8F0400CF
S21404853800000000653804000C8F040000000000EA
S21404854870380400FC8E040000000000FB130400CE
S214048558EC8E0400000000007F380400DC8E040063
S21404856800000000000000000000000000000000FA
S214048578114303008A380400051E0400FF000000A7
S2140485880D43030097380400051E0400FF0000008E
S214048598E5100100A9380400051E0400FF000000C9
S2140485A881100100D63804009E40040001FF000034
S2140485B8E510010016390400051E0400FF0000003B
S2140485C881100100443904009E40040001FF0000A5
S2140485D81911010085390400A639040000FF0000BB
S2140485E819110100AF3904000C3A04000000FF001A
S2140485F8951101001A3A0400333A0400010001FFF9
S21404860801120100583A04009A3A04000102FF00D5
S21404861895110100B03A0400DF3A04000100010293
S214048628FF000000110F0100103B04004C3B04003F
S21404863807FF0000310F0100523B0400853B04008D
S21404864801FF0000450F01008D3B0400DD3B0400DC
S2140486580100FF00A10F0100F23B0400433C0400A4
S2140486680101FF00750F0100533C04008D3C040013
S21404867801FF0000F50F0100953C0400DE3C0400F1
S214048688010000010707FF0031120100303D040015
S214048698853B040001FF000031130100783D040007
S2140486A8BC3D0400010700010700FF006F430300F8
S2140486B8113E0400573E04000107000101FF0000B4
S2140486C8B9120100933E0400CE3E0400010000FFE8
S2140486D889120100EC3E0400303F04000100FF004C
S2140486E859120100433F0400303F04000100FF0014
S2140486F801130100823F04008D3C040001FF0000C2
S21404870871130100BD3F0400EE3F04000100FF00A2
S214048718A1FC0000051E0400FC3F0400000707FF38
S21404872845FC0000051E040015400400000707FF6A
S21404873851010100051E04002140040007FF000043
S21404874851010100051E04002140040007FF000033
S214048758C1420300051E0400264004000000FF0072
S2140487682D010100051E04000F17040001FF000078
S214048778F5000100051E04005E40040000FF00002A
S21404878825FC0000051E0400051E0400FF0000006A
S21404879825FC0000051E0400051E0400FF0000005A
S2140487A897420300051E0400051E0400FF0000008F
S2140487B897420300051E0400051E0400FF0000007F
S2140487C897420300051E0400051E0400FF0000006F
S2140487D8F5FB0000051E0400944004000101FF0098
S2140487E8E1FB0000051E0400A940040001FF000088
S2140487F893420300051E0400051E0400FF00000043
S214048808A9FB000071310400051E0400FF000000E7
S214048818A9FB0000B3400400051E0400FF00000086
S21404882829FD0000D4400400EB40040000010000C9
S21404883807FF00008F42030011410400051E0400D0
S214048848FF000000A5FA00002B410400051E0400E2
S214048858FF0000000943030059410400051E0400F4
S214048868FF000000FB42030073410400F53F0400C8
S21404887800FF00002504010098410400051E0400BA
S214048888FF00000079F90000B2410400051E040048
S214048898FF0000000DF90000D54104005242040010
S2140488A800000310FF000000E9F90000A7420400D6
S2140488B81543040001FF0000BDF900002A43040024
S2140488C86D43040000FF0000D1F800007E43040056
S2140488D8051E0400FF0000008D420300AD4304009B
S2140488E8051E0400FF000000ADF80000F94304006C
S2140488F8F53F040000FF000079F800003A4504003C
S2140489088F45040000FF00005DF80000A945040038
S214048918051E0400FF00000041F80000B9450400E5
S214048928051E0400FF0000007D420300CD45040038
S2140489384B46040000FF000011F80000D646040069
S214048948051E0400FF000000CDF70000F3460400EF
S2140489581E47040007FF00008DF7000028470400A0
S21404896881470400000500FF45F70000344804006A
S214048978474804000002FF0021F700007648040078
S214048988051E0400FF0000007D420300884804001A
S214048998C248040000FF0000B5F600004849040079
S2140489A88E490400000301FFA5F600002E4A0400C1
S2140489B8744A0400000301FF41720100144B0400CA
S2140489C8051E0400FF000000154F03003C4B04007E
S2140489D8B74B040002FF0000511701000C4C0400BA
S2140489E8A542040000FF00001D170100344C0400D3
S2140489F8A542040000FF0000CD1601004D4C0400FB
S214048A08051E0400FF0000004D640100664C0400C7
S214048A18051E0400FF00000025640100B34C040092
S214048A28051E0400FF000000B1630100DE4C0400CC
S214048A38044D040000010100010102FF89630100DE
S214048A48834E0400AB4E040000FF00006963010077
S214048A58D24E0400051E0400FF000000B1620100A7
S214048A68FC4E0400051E0400FF000000E74D03004A
S214048A78154F0400051E0400FF000000815701007E
S214048A883B4F04006C4F04000002FF00494C0300EF
S214048A98C94F0400051E0400FF000000454C0300EF
S214048AA8F64F0400051E0400FF00000035570100B9
S214048AB8115004003B50040000FF0000F554010068
S214048AC86B500400051E0400FF00000071400100FE
S214048AD87E500400051E0400FF00000059400100F3
S214048AE896500400051E0400FF000000C14B030056
S214048AF8AF500400051E0400FF000000AD4B030041
S214048B08DC5004005651040000FF00000154010024
S214048B1895510400051E0400FF000000F1520100F0
S214048B280D520400051E0400FF000000153F010056
S214048B3851520400051E0400FF000000F93E01001F
S214048B486E520400051E0400FF000000713F010079
S214048B5819530400051E0400FF000000653F0100C9
S214048B68A7530400EC53040000FF0000313F010043
S214048B78235404007454040000FF00005D3D010003
S214048B88A7540400051E0400FF000000F531010088
S214048B98D35404003C5504000000FF00F5310100DE
S214048BA891550400F35504000000FF0095320100B7
S214048BB8385604006B5604000002FF001B4B0300E3
S214048BC8C05604000E57040007FF0000C93301000E
S214048BD82A570400051E0400FF000000DD310100CA
S214048BE84E5704007357040000FF0000E9320100E2
S214048BF8CC570400051E0400FF000000AD2B01003E
S214048C0809580400051E0400FF000000752B010027
S214048C1833580400051E0400FF000000F34903004F
S214048C286E580400DD58040000FF0000D12401003B
S214048C382E590400AD59040000FF0000E54903005E
S214048C48F3590400455A040000FF0000C549030010
S214048C588C5A0400D95A040000FF0000991D01002C
S214048C68235B0400595B040003FF0000D11D0100C8
S214048C78945B0400DA5B040003FF0000811C010017
S214048C88305C0400051E0400FF0000005149030080
S214048C98605C04009E5C040000FF00004B4903006F
S214048CA8AE5C04009E5C040000FF00004549030017
S214048CB8D55C04009E5C040000FF00003F490300E6
S214048CC8FC5C04009E5C040000FF000039490300B5
S214048CD8245D04009E5C040000FF000015490300A0
S214048CE84D5D0400051E0400FF0000001B49030038
S214048CF86F5D0400051E0400FF000000D119010082
S214048D08975D0400D05D04000001FF00FD19010012
S214048D18F15D0400051E0400FF0000001749030067
S214048D281C5E0400051E0400FF000000B9190100BB
S214048D38375E0400051E0400FF00000075190100D4
S214048D48525E04007F5E040000FF00005D19010007
S214048D589A5E0400051E0400FF000000A501010039
S214048D68C55E0400051E0400FF000000A5010100FE
S214048D78EC5E0400051E0400FF00000095F60000E3
S214048D88FD5E0400051E0400FF00000061F60000F6
S214048D98125F0400395F040000FF000061F600005B
S214048DA8495F0400395F040000FF0000F9F500007D
S214048DB8705F0400051E0400FF00000075420300EF
S214048DC88B5F0400051E0400FF00000055F2000037
S214048DD8AE5F04001860040000FF000035F20000CF
S214048DE83B600400051E0400FF0000001D0E010081
S214048DF8A16104002E620400010000FF010D0100B9
S214048E084B6204009F62040000FF0000350D010059
S214048E18B4620400066304000100FF00A10C01000C
S214048E281C630400096404000107FF007942030078
S214048E3819640400051E0400FF0000000106010072
S214048E482A6404003C640400000101000007FF00D3
S214048E58F904010077640400886404000001010032
S214048E68FF000000350D0100D7640400E864040020
S214048E78010000FF71040100D76404001A650400A9
S214048E8800FF0000E1A401002B650400051E040091
S214048E98FF00000089F2000077650400051E040040
S214048EA8FF000000716F0300051E0400051E040081
S214048EB8FF000000A9B20100051E0400051E0400F8
S214048EC8FF0000006DB20100051E0400BC65040026
S214048ED802FF000019BA0100C4650400051E040058
S214048EE8FF000000A5B90100F0650400136604003D
S214048EF80200FF00F36F03003C660400051E04002E
S214048F08FF00000081B901005E6604007C66040068
S214048F1802FF000059B90100916604007C6604004B
S214048F2802FF000001000000C84B002000000000FB
S214048F3800000000FFFF0000F548030000000000E2
S214048F4803000000FFFF0100D349030000000000EF
S214048F5804000000FFFF0100614A0300000000004F
S214048F6804000000FFFF0000E54A030000000000BC
S214048F7806000000FFFF0000574B03000000000037
S214048F8819000000FFFF0100ED4B030097360400AC
S214048F98D466002000000000000000000000000066
S214048FA800000000E86604001890040000000000B2
S214048FB8EE6604001C71040000000000F566040058
S214048FC8EC720400000000002E340400DC72040076
S214048FD800000000FE660400CC72040000000000D6
S214048FE810670400BC720400000000001F67040039
S214048FF8AC72040000000000306704009C72040091
S214049008000000000000000000000000000000004F
S2140490182890040042670400051E0400FE000000B1
S2140490285D67040040900400000000000000000093
S21404903800000000000000002976030062670400B0
S214049048051E0400FF03010001013F040201003F5E
S214049058040202003D040202003D0401020001026B
S2140490680003010002023D0402010002020201009C
S214049078020200000020202020202020202028286B
S21404908828282820202020202020202020202020B7
S21404909820202020208810101010101010101010F7
S2140490A81010101010040404040404040404041027
S2140490B810101010101041414141414101010101B5
S2140490C8010101010101010101010101010101017F
S2140490D8101010101010424242424242020202028B
S2140490E8020202020202020202020202020202024F
S2140490F810101010200000000000000000000000FF
S214049108000000000000000000000000000000004E
S214049118000000000000000000000000000000003E
S214049128000000000000000000000000000000002E
S214049138000000000000000000000000000000001E
S214049148000000000000000000000000000000000E
S21404915800000000000000000000000000000000FE
S21404916800000000000000000000000000000000EE
S21404917800000000000000021000000064500020F8
S214049188801300200000020800000000FFFFFFFF15
S214049198FFFFFFFFFFFFFFFF0000000000000000C6
S2140491A800000000000000000000000000000000AE
S2140491B8200000006DE5010010000000E5E4010051
S2140491C800000001000001010001010120C001B8EF
S2140491D80000000000000000FFFFFFFFFFFFFFFF86
S2140491E8FFFFFFFFFFFFFFFFFFFFFFFFFFFFFFFF7E
S2140491F8FFFFFFFFFFFFFFFF030404080808080833
S21404920800B801B802B800B074C604000304040821
S2140492180805000000000000000000000000000030
S21404922800000000F8330000E0030000D837000010
S21404923814000000383E000008000000002F00005C
S214049248F8040000EC37000004000000343E000078
S2140492580300000000000000002F0000F0370000A4
S21404926801000000403E000039000000012F000005
S2140492780100000070B50822804B1A60804B1B68FA
S214049288DC0302D50020088070BD0C880019401E37
S21404929800787C4DA870641C0C8045076D0F052D5E
S2140492A805D8794E3668F60603D5022D0DD0032068
S2140492B870BD9604AE401E4001D1082070BD052D31
S2140492C803D1104201D1641E0C80AA4848600020CD
S2140492D870BDF3B582B008886C490978491CC9B2D0
S2140492E8814204D202990918491E097800E000212F
S2140492F8644A517093785B075B0F01933023019C93
S214049308052C28D1194232D19478E5081E242C401D
S214049318CD0702D5250001242C430125A14EE6409D
S2140493282E4072D0019FA04EE641402426403E437C
S2140493384C0602D5340020262643947889080D4026
S214049348A7080C2139402943C02525400D43202170
S2140493582943967051704A490C6855780221232689
S2140493682E4008D0660302D52B40202B01D00520BA
S21404937882E0424B196093789B0601D4202203E0CE
S2140493889278120702D540223C4B1A603D4A9278DE
S2140493986B461A70C022854B1E680E4001D11542D2
S2140493A812D06E46377827263E40232E03D1E6028F
S2140493B807D4012606E0252E03D0212E04D1260341
S2140493C802D504262D4F3E601B6819402026019FAF
S2140493D8002F1CD11E4027D02A4B5B781A40402AFF
S2140493E813D00C221A40042A0FD02A073BD4012291
S2140493F8002902D0E100CB0F5A4069460978CB070A
S214049408DB0F1A422FD021012AD4072034E0022F7A
S214049418E2D11E4008D00029DED1CC232B4003D14C
S2140494286B461B785B0601D5032025E0A30311D5FC
S2140494389C4E73691B051B0D5B1C3668F60205D526
S214049448994E36683607B60F9B1B5B1E9BB2052BD8
S21404945804D1C1E7029B1B78052BBDD006200BE080
S2140494688021064A1160E90702D4401C0399088043
S214049478AB4803994860002004B0F0BD481002A821
S214049488C83E0000343E0000440002A8543E0000D3
S214049498F2B586494978CA0705D4009A128880180E
S2140494A8401E037800E000239E4A106802249E4D5E
S2140494B82E68F60611D512695340DBB2002B03D189
S2140494C86E68D30973402340002B03D0020204D4E9
S2140494D80A20F2BDE206954E3260744A1E02C02384
S2140494E80B403343914E336093785E07760F022E13
S2140494F806D16D682C4003D1002000990880F2BD7F
S214049508A0250D409E08102737402F433D090E0717
S21404951802D42E0010253543CC240C401A262E409F
S2140495280A2E04D1CC2C02D02E00FD253540804EC0
S214049538EE40F60705D4000416D5412B10D10829A9
S21404954812D17C48E84011210140214320200843D9
S21404955810700D210140009808D000F0A9F8F2BD5B
S2140495680B2B01D10029ECD00720F2BD00F020F81F
S214049578F2BD00005F2F000038B50C006E490B786A
S2140495881A0953399500491925881B071B0FEB1A26
S2140495989A1A8018FEF756FE010002D1200000F041
S2140495A807F832BDF300A3E398144068480002A8FD
S2140495B8F8B50400614805683C4F3878D026304230
S2140495C802D00D21014005D008205D490860EF202F
S2140495D8FEF7F6FD39782000314204D009093970BF
S2140495E800F066F8F2BD052129401FD002884D49CF
S2140495F8CA60544BEC0705D5521C0280690607D48A
S214049608514B05E043242C40422C03D1521C0280C3
S21404961843600DE010224A4B1A604C4A09688B00D6
S214049628DB0F1901D1628021090311600021018032
S2140496380020F2BD0A888018401E0078830601D4EC
S214049648121D0A801822024004D00888520880187E
S214049658C01E088039480068C00702D50888401C20
S21404966808803948486000207047344A1368DB0786
S21404967808D51268920705D40A888018401E007810
S21404968804280CD110202E4A10603048254A126847
S2140496989300DB0F1A01C2628022120302600020C4
S2140496A8088070470C4000A8080001A8343E000053
S2140496B831B581B02649002000900822254B1D7834
S2140496C802230C24254202D10022234903E02C401D
S2140496D8082C00D10222EC0703D50C001E21614099
S2140496E800931D4207D015490968090601D51B4988
S2140496F801E00021C943019B194C21601949FF2444
S2140497088C70009C15012543CD7008701888009944
S21404971840188018188014485860002036BD000089
S2140497281D310000C83E0000440002A8441002A8E8
S2140497380D0F0C0D071708504B3F0000480002A8F1
S214049748482002A8C1320000F73200001C1002A804
S214049758DE1B2501343E00002084100000FCFF01B7
S214049768F43E0000483F000005320000343E000086
S214049778C1290000D9290000D9290000D9290000E8
S214049788D9290000D92900000000000000000000C4
S2140497980000000000000000D9290000D9290000B4
S2140497A8D9290000192E0000D929000055230000E5
S2140497B865230000F123000039240000B3240000C8
S2140497C81D260000D3240000BD2600001F25000027
S2140497D85D250000D5250000312800000129000079
S2140497E827230000632B00004D200000812B000077
S2140497F8F52B0000D9290000D52C00009D2C00006C
S214049808D9290000D9290000212D0000D9290000F3
S214049818D9290000D92900005D1000005310000063
S21404982867100000711000007B1000008C488068E8
S214049838000200D4704780B580208002A8490860DA
S214049848CF2000F045FA01BDF8B586480068864C76
S214049858802292032260854E316809051DD5110BB6
S214049868A023034001D0216017E002403FD180279F
S2140498787F4A17607F4A1760084038D0784D287AA0
S214049888400705D501207C49086000027B4908602A
S2140498982878002801D0062801DB0020F2BD00F055
S2140498A851FB716889684E682978052907D1B90576
S2140498B8A1606E60B668CC218901704A116000F018
S2140498C84AFB012E00DA0226BC208005854908607A
S2140498D8942080058449086065480021C9430164CA
S2140498E87142416481490F6040210160D5E7AE4862
S2140498F80160FFF79BFF0120F2BD5A4801688905FD
S21404990804D5C06E0004000F022801D0002070475A
S2140499180120704738B580245548046000F012FBCF
S21404992805007348006800F05FF9280000F013FB90
S214049938FFF77CFF4A48007A000705D5A0004A4985
S214049948086000F0FEFB31BD600397490860AD4827
S214049958046031BDFEB50500CC20800193494860FB
S214049968012693480660FFF7C8FF002877D03C4CCA
S2140499782078002873D031020195052802D02A469B
S2140499880A406CD1CC27BF01884A17609E4A1268E1
S21404999853075B0F022805D1022B5ED3080137490B
S2140499A80860F7BD4D01032804D1022B55D9334866
S2140499B80560F7BD042802D111404ED0F7BD05282E
S2140499C84BD10198002848D0C005C10F684641709D
S2140499D80198C004C10F6846017000F0B3FA0290FB
S2140499E8606869464978002903D006688021214AB8
S2140499F811602C04A7496A461278002A0CD0C2685B
S214049A080B68D21AA44B1B68234001D0066800E0F2
S214049A184668964200DD1600684640786A4612781C
S214049A28024308D008684242B01E824202DA7042F4
S214049A38886000E00026029800F08DFA01988005F8
S214049A4801D5964804600198054001D094480460FE
S214049A58002E02D009480760F7BDFFF75BFFF7BD85
S214049A68403E0000400002A8402002A8C83E00006D
S214049A780CC001A890E001A894D000A8505201A8F0
S214049A8838B5802487480460012049490860864D13
S214049A982878052802D0600084490860FFF72DFF5F
S214049AA8002812D012480068000A80214140A8689D
S214049AB8000EC9B2814208D2534800684007400FD6
S214049AC8022802D2FFF726FF31BD79480168C02272
S214049AD80A4002D1C06F204001D00448046031BD5A
S214049AE81C1002A808E001A808D001A894D001A870
S214049AF818C000A8F1B582B00F008026B600A020D2
S214049B08384002D06B4806604CE000F01BFA009020
S214049B1869480468F80202D5A0680069029000F053
S214049B285FFBB102606800F069F921782000002222
S214049B38491C43788B4200D2002118234B43C5188E
S214049B480C352B78082BF3DA0C0001708560564820
S214049B58297801703E4007D0574909688968CA6859
S214049B68F90201D403218A43826001261046304054
S214049B7803D100F0F6FB00F0B4FFF104686900F0C6
S214049B883DF93C2000F0A4F8E0B200F0A1F80098F3
S214049B9800F0E1F930054749086048480660300295
S214049BA8024908600298FEBD401002A84C6201A84B
S214049BB894E000A810B542480068800501D4FE2049
S214049BC810BDC02080033F49086000F0BBF93A493D
S214049BD809688A78D20702D589688C7800E00C78F8
S214049BE800F0B9F9200010BD334909688A688B78F3
S214049BF8DB0704D5927818235A438A180C329060E7
S214049C0870470000100002A8084001A8F1B582B009
S214049C182D4F3C680026200F000702D1E001029071
S214049C282AE000F05EFF00F08DF901908021090318
S214049C38606800F0E3F825786D1C6078A84200D2C6
S214049C480025E80020180C30009000680290802157
S214049C5809030098406800F0D1F83D2000F038F871
S214049C68E8B200F035F825700098A060019800F076
S214049C7872F902A800F09AFF14480068800407D511
S214049C88786901F050FC02990818029000D50296EB
S214049C980298FEBD48C001A8480002A8481002A8B9
S214049CA8482002A894E001A8403E0000506201A89B
S214049CB814C001A8402002A8CC3E000090E000A8EA
S214049CC8400002A8401002A8D03E0000FC0302A8E8
S214049CD841490968002901D5404908607047F3B529
S214049CE881B03F4FB9683F4C4A004CD5012509015D
S214049CF800D5212501003C4A106856682268920659
S214049D08920E94463A6893008022134062461343A0
S214049D18802252001A4300920A0023D0890601D5ED
S214049D28012008E0F021014007D16946097A0C228F
S214049D380A4002D0022000F03FF82C4909680904BA
S214049D480AD53968090701D5022605E039684903A2
S214049D5801D5002600E003264835009A24490968F8
S214049D68890003E0009A2249C96909094023194071
S214049D7811439A00002E02D016432666083521663B
S214049D88024322662566E06D4407640F00F0C4F8B3
S214049D98A0070BD0052C09D0B868000406D400F038
S214049DA8D1F80221134A116000F0D5F800F0BDF886
S214049DB8002000F001F8F7BD0B490A68F0239A431F
S214049DC8000110430860C0B270478020C0020A49E8
S214049DD808607047000000004C0002A8884000A8ED
S214049DE8440002A8284000A8683F0000384101A89B
S214049DF8084001A87CD40350485000A880B5664A99
S214049E08116001F0BBFBFFF7E0FF01BDFEB500F0F3
S214049E1899F802901020614908600023604803609E
S214049E280220604908606048C0684005C20DD52A0B
S214049E3801D2D52204E0D1204000824200D9020093
S214049E4810000100594C0194843C246864011DD513
S214049E58574C0094251D574E367806277E43AA533A
S214049E680024019D2D7CE540ED070CD5009D0626B3
S214049E786643AD19AD888FB2BD4200D2290086B2BA
S214049E88AE4200D22800641C022CEAD389B24631BA
S214049E980904494C0C404638C005C00D20434249C5
S214049EA80860C0200006454908604048017D00292E
S214049EB80CD04349D52A02D98024E4050C60D12461
S214049EC86400A24202D2802424060C6010213D4C71
S214049ED821603D490B604188002900D10280029820
S214049EE800F039F8F7BD80B538483949086039486C
S214049EF8C1680902090A1922514341600521016013
S214049F08FFF784FF01BD33480068C00300D47047D8
S214049F1880B5FFF77BFF01BD8020C0021E4908609C
S214049F282D4800684007FBD470478020C0022B49A0
S214049F380860704701E02A4908602A490968014010
S214049F48F9D17047284800682021284A1160102152
S214049F58274A116070473021014002D11020234956
S214049F68086070472048006830210140102901D154
S214049F7801207047002070471E48007806210140DB
S214049F8807D01D480068022803D0032801D0012002
S214049F987047002070470000401002A8F41302A877
S214049FA8048002A8409002A87C400050743F000039
S214049FB8643E0000603E00000000FF01A060005000
S214049FC8A4500050F42302A818E000E07F1A060103
S214049FD8500002A810E000E0400002A8402002A8B2
S214049FE8282002A8280002A85C0002A85C2002A870
S214049FF85C1002A8BC3E00006C3F0000F8B553484D
S21404A0088021490281610221514A51600021514A46
S21404A0181160514A118003214D4A116002210160E2
S21404A02820204E49086080204D490860CC208001D5
S21404A0384C49086001204C4908604648806F0090E7
S21404A0480F24070B274049480068C505ED0D103D49
S21404A058C0202843C0B2FFF73BFE3E480069800391
S21404A0680AD5092F08D0FFF787FF002802D04048F2
S21404A0780068804701F0D8F80098044000943D48EA
S21404A08804680098032803D0022806D1032F3AD080
S21404A09800F002FA0098032803D0062F33D1062DC1
S21404A0A831D0354800680104C90F01D001F084FB9B
S21404A0B832480068000109D5052D07D1012501207D
S21404A0C82F4908604005FFF735FF00E0002521000A
S21404A0D8380000F0E3F904002A4E002D06D000F0FC
S21404A0E889FB01203060022027490860802080030D
S21404A0F87065800925490860FFF73EFF002802D0EE
S21404A108234800688047124880214902C161002F0D
S21404A11808D10221416000200E490861C020C00011
S21404A1281C4908602000F2BD80B5FFF7F5FE1A4802
S21404A1380078800602D4022018490860FFF7F5FE66
S21404A14801BD022016490860704700002C1002A8BA
S21404A158282002A8340002A8743E000094E001A84F
S21404A1680CC001A8506201A894E000A804ED00E021
S21404A178E8370000B44000A800E200E0F03E000023
S21404A188645000A8646000A82C4000A880E200E0A0
S21404A198E43700002C6001A8C83E0000081002A896
S21404A1A8082002A87B480068800700D4704730B5AA
S21404A1B881480421904A0123E024E4008568254068
S21404A1C802D01360D160D3600068044002D01360E4
S21404A1D85160536030BD8948012181600160704731
S21404A1E810B5012075498A680240FCD1844A0423C4
S21404A1F8D3600C680440FCD15360106010BD8149DC
S21404A20808680122104200D1704710B5E023DB002D
S21404A2180340FF24A41CA34204D37B4B1B689B0661
S21404A22800D54868024001D000F0B6F810BDFEB567
S21404A2380700C8207549086006207549086080200C
S21404A24840037449086074480168744A0A408021C7
S21404A258090111430160724CC020C0002060022529
S21404A268A56168036F4908606F4E7048F0664C2015
S21404A2786F49C86638686F498968814201D2009177
S21404A28800E000900099401A38600121380000F078
S21404A29855FB01903868009940183860FFF782FF2C
S21404A2A8634800686349086063480168490601D53D
S21404A2B8624900E0624931670199002908D10321FF
S21404A2C8E16100683068054002D080208002206181
S21404A2D80198FEBDF1B55B4C8020C00120605A4D44
S21404A2E80126AE62594F3E601D20286056206866D7
S21404A2F8072001F009FB0220286006212966544934
S21404A3080968002902D4082129666966514929651D
S21404A318C021C900504A1268F823DB01134001D152
S21404A328A96700E07961E16B314008D0216BC90761
S21404A33805D44A490968084001D101F0EDFA4848AD
S21404A34848490860206B064001D1FFF72BFF0098A8
S21404A35801F0C8FA206B8001FCD4206A42490860E0
S21404A368F1BD30B53748414B0121026B0A4001D193
S21404A3785961D9603E4A3F4C54663F4C14650324E1
S21404A3881C600023CE4D2B6014609162C9030160E3
S21404A39830BD00004C0002A8F0210901374A1160BC
S21404A3A80140374801602020364908603649096864
S21404A3B80840C849086070476C0102A8700102A8E2
S21404A3C880B532480821324A13680B4001D001612F
S21404A3D841611178C90602D5862109010160FFF793
S21404A3E80EFF14202B490860BB480168490701D0B2
S21404A3F8FF21416101BD0000681102A86C2102A872
S21404A408682102A8783F0000400002A8548001A8EA
S21404A4180C9001A8942002A8680102A8FFF1FFFF87
S21404A428441102A8A01002A8E40002A8294E0600B7
S21404A438300002A8A03F0000FC0302A8CC3F00009E
S21404A448C43F0000100002A8E01002A8442102A895
S21404A45828C000A80C1E0000A88001A8483E0000DA
S21404A468FFFF7F7FB46000A89C3F0000602102A81D
S21404A478E02002A85E060000041E00002C6001A866
S21404A4882C5001A8442002A8084001A8301102A8AC
S21404A498F84F0000703F000070470000F8B586B01B
S21404A4A805000C008D48866AFFF74CFD0590B0053C
S21404A4B803D58B480068FFF797FB0020019001221C
S21404A4C87306DB0F87498F688860B8204000864E7D
S21404A4D830606608B82030400978F0260E40402ED2
S21404A4E802D10100402008430D2D02D1390004276B
S21404A4F80F43790704D501001420084310218C4320
S21404A5087A4909686D462A7004930500784EC8058A
S21404A51806D58020400077490860280001250543B1
S21404A5280498002811D10C20284008280DD02800AB
S21404A5386A49496BCA0601D410229043890601D495
S21404A54820218843B121014067D068460078002856
S21404A55865D0B26BB06D012101235207520F921DCC
S21404A5689340C004C00C181A80B2082809D2802563
S21404A57806205A4A106008049D4A106000206A465D
S21404A5881070812028404DD00820049A002A00D153
S21404A59830623A00082717431020844304200390A7
S21404A5A80005984A10604008974A1060974801606A
S21404A5B868460078002832D00398062838D394488A
S21404A5C8806BC00634D593480068000E0190904806
S21404A5D8006880B202908F48006A000604D0029889
S21404A5E88021490101430291FFF7C6FC002809D0DF
S21404A5F889480078C00605D002988021C90101431D
S21404A60889B2029102983061029800123061374884
S21404A6180168C80500D57AE70AE008203062009485
S21404A628049732E090A06906C90E405C0390BFE721
S21404A6380094049703982949CB6A764A12683468C2
S21404A6486F463C8128241C400443980CC0012043D0
S21404A6581C001B0E23401024234003439000402272
S21404A6681040184302AA9070086B000A02A9C87022
S21404A678FFF7A0FA02A908710198487167480068AC
S21404A688C8800298F0660398F0660598FFF763FC9E
S21404A69808240098400601D55A488460FFF76CFCE5
S21404A6A8002805D05E480078002801D05D4804607C
S21404A6B80498C1B2E8B2FFF712FB009807B0F0BDE1
S21404A6C8400102A8081A03D2574909684018401CD2
S21404A6D870470000441002A80C4000A8180002A8FE
S21404A6E81CC000A8683F0000B46000A81C0100AAAB
S21404A6F8540000AA1C2100AAF8B54C4E0F240125C4
S21404A7084B491027706B38401BD001200870494805
S21404A718006849490968FFF7D5FF48490968401899
S21404A72801284BDB01F0A4F945490968090B0C40DC
S21404A738022C41D16905434A11604349CF63356009
S21404A7483AE0F06BC0001ED540480068E021890551
S21404A758014033D03A4D28682103014078028142EB
S21404A7682CD1FFF7EFFB3A4A3A490968C90502D5DE
S21404A7783949096811602968090B21400229F3D070
S21404A788FFF7E9FBF1BD354E3068002816D00D708A
S21404A79801F0A8F8002811D101F06AF928490968D7
S21404A7A8090B0C40022C07D12904264A1160022101
S21404A7B8254A11600021316001F05EF9F1BD802060
S21404A7C880042749086070478020400424490860AC
S21404A7D870478020C004224908607047802000051E
S21404A7E81F4908607047802040051D490860704767
S21404A7F8141100AA1B480168490701D0FF214161CA
S21404A80870470000401002A8205001A8006101A863
S21404A8181C4000A8084001A8C43E0000448001A8C3
S21404A828F0370000845000A838C001A8100002A819
S21404A838773E00001CC101A820C001A8E03E000025
S21404A848AC0002A81C1002A8082002A8204001A8F0
S21404A858800000AA084000A8904000A84C3E0000CB
S21404A868382002A80C4000A80301070603010706BF
S21404A878050106060501060603020706030207067F
S21404A8880502060605020606FF2807D0032805D291
S21404A898A9490978C140C807C00F70470020704707
S21404A8A8F0B5802000020821A44A11600A23012179
S21404A8B8A34A01249C400443B6A5ED5C2543956051
S21404A8C8F025A04E35609D4DB5A6F65C02273743A5
S21404A8D82F6004262E609C4D2D680D4006D1CD02AF
S21404A8E86D1E03D0966C3603FAD401E00220F0BD40
S21404A8F8956CD66C6D036D0BAE4200D220005B1EC1
S21404A908D7D508238F4C23609060904B1B685B0157
S21404A91812D58F4C63785D1C01262E4066701D0088
S21404A9280626754365191268AA80E880237082484B
S21404A93802789940114301700020F0BDF1B582B049
S21404A948FFF749FC002481480068400102D401202E
S21404A95801901DE07F48826B00207D49C3B206251E
S21404A9686B43CB189B8895B2AB4204D0401CC3B249
S21404A978022BF3D3FF200870012001907348006867
S21404A988400105D50878FFF77FFF002800D001941A
S21404A9987148006871498861714D02980068296D8C
S21404A9A84618002E15DD00F072FD2860C001301A26
S21404A9B800280EDDFFF714FC00F093F802980068F0
S21404A9C8296D401800F08EFF050002D00298046036
S21404A9D885E0644E802080003060604A106807284E
S21404A9E82ED005210840052805D011600C2000F05B
S21404A9F88BFF050073D15C4D5C482862FFF7F0FBBB
S21404AA0802202860E020C00259490860000259491B
S21404AA18486080208004706002203060012000F0C6
S21404AA2873FF802040002862022000F06DFF90200B
S21404AA3840012862022000F067FF8020C0002862D8
S21404AA484D4EE02040003060042000F05DFF050015
S21404AA583CD10220474908608002B062C001B06257
S21404AA6810203C4908600127F765402643480068DB
S21404AA7830401BD135480068400113D53448007867
S21404AA886946087068460078FFF7FEFE002809D075
S21404AA982F4869460978062251434018C0882D492C
S21404AAA8086403E0FFF7FCFE05000FD12948076099
S21404AAB8C467022000F028FF314C2660B0002060EE
S21404AAC8022000F021FF8120C002A062019800281D
S21404AAD805D02A480068800101D4FFF714FA280034
S21404AAE8FEBD70B5FFF777FBFFF77AFB0226194819
S21404AAF80660244DF0022862C4082C62012000F087
S21404AB0803FF600828622E601F482862E020400081
S21404AB181B490860174D2E60FFF7FEF91B4E307868
S21404AB28002800D005200D490860FFF7FEF92C60C0
S21404AB3817480068706370BD843F0000889001A8B9
S21404AB48448001A888A001A8140002A8F03E0000CA
S21404AB58603E00000C8001A8F80302A83C0102A885
S21404AB688C3F0000941002A83C1102A8BD080000FF
S21404AB78142102A8942002A82C9001A84C0002A82C
S21404AB882CA001A83C2102A8FD680000603F000034
S21404AB98300002A80000000101020408102020006A
S21404ABA8505050404040403020202000F8B5040063
S21404ABB8FFF716FB2948C021C900294A1268F8235A
S21404ABC8DB01134002D1274A116000E001600094BB
S21404ABD82549AC2252008A640A220A602349802244
S21404ABE852030A60224C626A224B13408022D20027
S21404ABF81A43626280222260022242605003C860BE
S21404AC081D48E0601D4E4C20F0661D4D686996216F
S21404AC18C901471800980068874200D30700C01B7C
S21404AC280099086000210098FFF788FE00990968D3
S21404AC38C919009A116031682960124909684906D9
S21404AC4801D5114900E011492161F2BD80200001B7
S21404AC580F49086000010F4908607047582102A888
S21404AC68AC8001A8581102A80C8001A8941002A868
S21404AC78440102A8FFF1FFFF286E0600300002A870
S21404AC88903F0000FC0302A8CC3F0000C43F00002D
S21404AC98401002A8685000A8F1B584B0B44800680B
S21404ACA80390B448006B9621C90140180499884259
S21404ACB805D2081A00F016FE002800D013E2AE4C9F
S21404ACC86068C00700D50EE20420AC498862800399
S21404ACD8AB494862AB480568606B8607B60F032E17
S21404ACE803D01020A549886224E0084680218902FA
S21404ACF84162A16B890601D5012062E0290610D5B8
S21404AD08A26B02210A400CD19F4A05231360A36B49
S21404AD1810273B401943116000211160616B090A32
S21404AD28116004218162A06B002803D5C8039349E7
S21404AD3848620026606B400705D5606BC00080211A
S21404AD484900084003E08B488068C10701D5FFF72F
S21404AD5823FB0122154008D0B748B1014018006A01
S21404AD68C004C00C401EB549086000200021B44B3E
S21404AD78DB6E1B0417D5B34B1B68002B13D40121B9
S21404AD88AE4B5B69002B0ED0AF4B1A70AF4A1060FF
S21404AD981022AF4B1A60CA06AE4B9A670723AD4D0E
S21404ADA82B60AB4B5A65AC4AC0239B001360350234
S21404ADB8002901D0190000E02900CC4E3160536008
S21404ADC87560E16B942292050A40150000D00125AF
S21404ADD880263602284300062CD06A482821405C80
S21404ADE8C0210140402902D1FFF79EF901E0FFF790
S21404ADF8A8F9202020602D0600D174E1944D606BDC
S21404AE08400708D570085E4948620220686000F06A
S21404AE1859FA002806D0042058498862400258493E
S21404AE2848626E6057480078000600D45BE130013B
S21404AE385249FEE00125606828405AD1AC480068AB
S21404AE48C005400F022803D0032801D0062802D1E3
S21404AE5869464D7005E0002069464870A548A6492D
S21404AE684860680446498862FFF756F87348406E97
S21404AE78E16B0E4008D1C00606D5FFF763F8022139
S21404AE889E4A1160FFF767F8FFF74FF8280320601B
S21404AE989B4EC02000067060280497490860606BC3
S21404AEA84007C10F684601703020039949072CD51E
S21404AEB84021A24A1162904F4901396603219164E0
S21404AEC80021116030607D6580207060062000F0E7
S21404AED81BFD00280DD12802F866022000F014FD98
S21404AEE828029749886618207060082000F00CFD30
S21404AEF8002800D0F7E024207060E020C0029049C3
S21404AF08C865A020C00238666FE0E16BC90246D562
S21404AF18BE4949680902090E01914909022901DB5B
S21404AF28884A01E0B32292000199302937D311499F
S21404AF380B88E72B33D395277F00BB4205D8FB1A2B
S21404AF481B095A43920A534204E07F4FDB191B0934
S21404AF585A43930A5BB2019AD2180F6BBC46CF6B5E
S21404AF687B436746FB180B639F2A0FD39F2210E088
S21404AF78FC0302A8743F0000100002A81C2002A8C4
S21404AF881C1002A8C83E0000E40000AA202A00D824
S21404AF9821221102114312040A4329490A60674907
S21404AFA8AA020A629A4A8A6414220A603060524FD5
S21404AFB87D65E020C0026249C865A803B8664002F9
S21404AFC87060062000F0A0FC002833D12D06FD662C
S21404AFD8022000F099FC5A488566680970600820C3
S21404AFE800F092FC002825D17560032000F08CFC44
S21404AFF888481849886700F04AFA874D401DC001FA
S21404B008296B401801908548406F8021C901084083
S21404B01802900846824908600198049988421FD21B
S21404B0280846296B401A00F05DFC002816D00298E2
S21404B0387C49086057E000BF0C0000AA204000A81E
S21404B048CC4001A8784201A8763E0000703E000075
S21404B058645000A83C6000A8046100A80498019005
S21404B068206AE86204270398384001D0402002E0AA
S21404B078F8057060C0087060012000F045FCB8014F
S21404B0881D490860019800F02DFC8A4E6846007831
S21404B098002805D161480068F061380586490860CB
S21404B0A802986049086085488549086024487902FA
S21404B0B8416669464978002900D10760206A6862B3
S21404B0C868460078002808D0012000F01DFC307877
S21404B0D8000602D5780492490860E06BC00202D5DF
S21404B0E84A480068286305B0F0BD00BF045100A8AC
S21404B0F8204001A8040000FFB41002A87CE4035012
S21404B108441102A810B5FEF71DFF864900240C60FA
S21404B1180A22CA61FEF71FFF8348C021890201601C
S21404B12882494160824810210160C9054165402072
S21404B138804908608048047010BD0000400102A8D9
S21404B148B82002A833070000D6FEFFFF7B48406BF2
S21404B158800300D47047F8B57948046800270020AF
S21404B16800257849E20706D5C02080028025ED032D
S21404B178EA0A0A6003E0A20701D40320402528430C
S21404B188C862012000F0C0FB802040006E490867B2
S21404B19808206E4908606E490968090203D46D4997
S21404B1A809680140FBD0012000F0AEFB6A4EE007B8
S21404B1B802D58020800430643564042000F0A4FBA3
S21404B1C8600702D5E020C002F060644830640120BD
S21404B1D800F09AFB62483064C320000630645A487C
S21404B1E88021490201671021B163890271615D49B2
S21404B1F80F60012232603022F2638F628021890157
S21404B2084E4A116009010160F1BD0000F83F0000D4
S21404B218F3070000FFFF7F7F743F000020C001A8EB
S21404B22894E001A894D001A8F8B54F4800680D2703
S21404B23807400424002F00D104274C481025660331
S21404B24808214B4A4B4B1B682340126814D04260B3
S21404B258394004D00220FEF7AFFD474806603C405C
S21404B26807D046480068054344480560B008424984
S21404B27808600220424915E00260394005D00220E1
S21404B288FEF79AFDA0023C4908603C4006D03B48BD
S21404B29801680D4305607009374908603848066038
S21404B2A8300329490860FFF751FF00210020FEF704
S21404B2B816FDF1BDC83E00001C1002A803000300DA
S21404B2C8482102A810B580202E490A6802400AD0F0
S21404B2D82D4B1A680624144005D15C6E2B4A22406E
S21404B2E81B6D9C0101D5002010BD096808400DD0CF
S21404B2F82748824203D1180501D5012010BD2548E8
S21404B3080068C107C90F481E8041C00F10BD2248F7
S21404B3180321C163A82181631021016070470000DE
S21404B3281C2002A8D80000AA402002A80400008016
S21404B338646000A82C4000A8763E0000100002A80E
S21404B348FC0302A81C1102A8442002A84C6201A807
S21404B358C44001A84C4201A8082102A82400000100
S21404B36898008800600102A8B44000A8E83E0000DF
S21404B3781CC101A8440002A8401002A8683F0000A7
S21404B388685000A8400002A814C001A81F1F0000A7
S21404B398010C000030C101A8082002A86C48006807
S21404B3A80121084209D16B4A12686B4B000C1840FD
S21404B3B8F03291400B40984201D00220704700209A
S21404B3C87047F8B507000F386A461080604CA068C6
S21404B3D80A0004D16B461B8882B29A423AD20022EB
S21404B3E86B461A80012502263A0013D0226832409A
S21404B3F807D000292ED059480088401C5749088091
S21404B40800203900E16056490E6080B2B84201D384
S21404B41869460D805348456000E030BF20683040D8
S21404B42803D1FFF7BBFF0028F7D04D484560390025
S21404B43810D02168314005D048490A886B461B88D5
S21404B448D2180A8006600020E060A068B84201D2DC
S21404B45844480660FFF7A2FFF2BD38B5050000F0C1
S21404B46807FB0400012199204543A8093E4A1268AF
S21404B4788018123880B2FFF7A4FF05008020C001A8
S21404B4883A490860200000F0F7FA280032BD33482D
S21404B49803883549096802889342F9D110040818C4
S21404B4A87047FEB51238070C6946088000F0E0FAC3
S21404B4B80190274C294D2888B8421ADA01202C49CD
S21404B4C80860274E30BF02202168014006D030604D
S21404B4D84003264908602888401C2880FFF75EFF3A
S21404B4E8002802D12988B942ECDB012171600028C2
S21404B4F80DD12888B8420AD1A068694609888842C6
S21404B50805D2002168460088FFF75BFF01E0FFF7D5
S21404B51845FF04008020C00114490860019800F023
S21404B528ABFA2000FEBD10B512490A680E4B1B681C
S21404B5380C689442FAD0DB014033141A02D28869A4
S21404B5482418641C0C4800684443181B10BD0000EB
S21404B558280002A804ED00E0FF3F0000743E000047
S21404B568282002A8281002A8300002A880E200E0DA
S21404B5782C1002A820C001A8B43F0000F0B502E0D1
S21404B5880A601C602E607EC84F1C07D05F1C04D05F
S21404B5986F1CF5D10A601C60F0BD0A60F0BD00009F
S21404B5A880B5FEF709FC01207F49086001BD80B517
S21404B5B8EB2000F001F801BD30B57C490B68184053
S21404B5C81022134210D07A4B7A4C2468224008D0B2
S21404B5D8A84A14682402FF252D022540DD620024AB
S21404B5E81460802252031A60086030BDF3B5010067
S21404B5F816001C00002500959F48019A3300002772
S21404B6080BE0BC464F5D4743AE009E597E40575DEF
S21404B61847433740664637436D1CA542F1D339097C
S21404B62839438A080A43510811430840C1090143AB
S21404B6380F208A0B0A4302405040F6BDF1B582B08B
S21404B6480E0000208B490860FD25AD01EF7AA87A24
S21404B65801900F21394000910ED00B46874A88493D
S21404B6680298FFF7C3FF01990140824801608548A4
S21404B67841438548084001D1012400E044013809C3
S21404B68815D032003B0929000298009E6D7A751978
S21404B6984019FFF7ABFF0199091101407548026884
S21404B6A80B0113430360002901D04800444377483C
S21404B6B80068204001D10420FEBD0020FEBD80B5F0
S21404B6C80A0000211180724952888018FFF7B6FFD5
S21404B6D802BD70B50F226F4B5C7905780F202040A9
S21404B6E8C5402009284001259C79C4402C4001D136
S21404B6F8032070BD2F4C2468254005D09D6846005D
S21404B708AD5B6D1E644E3560DD78DE79C640F007A5
S21404B71811D5E0060FD5002D0DD06048486008887E
S21404B728488008881C7800192A4080185A78801897
S21404B7382A09801800E000200880002070BD80B523
S21404B74857480168574A0820014201D050611061E1
S21404B758C90602D58621090111605349534A12685D
S21404B76812040CD5524A1268530401D5C00305E0E6
S21404B778C0239B0113404202934200D008600D4840
S21404B7880078C022024002D180204005086049485B
S21404B798006820221040086047480068C00101D4A9
S21404B7A8FFF705FF01BD00002C4000A8703F00000D
S21404B7B81C1002A8C83E0000F8B5404F38687E68DA
S21404B7C806403F4830403F4908608024A4033E4D65
S21404B7D8F00227D53D48016801200A0605D53C49EC
S21404B7E80968A9602870022014E0014202D0394989
S21404B7F8A9600FE00020C9060CD52849A960364A76
S21404B80891780B071B0F12789A1809095118A98002
S21404B818E880A888A880A888002801D0264301E0E4
S21404B828FFF7C5FE264023D0264E74603460A888E9
S21404B83800280BD0F969814208D3291D2748AA682D
S21404B84890470100F3D0FFF7ABFEF1BD01000CD022
S21404B858FC218902B161224902038A6134604C6082
S21404B868FA69824204D30C60F1BDEB20FFF7A4FE0C
S21404B878F1BD0000503E000001010101F83E000041
S21404B888383F00001111000021840000F43E000037
S21404B898183F0000483F0000204000A8531F00003F
S21404B8A8F84F0000302102A8441002A8384101A825
S21404B8B8204201A8084001A8CC4000A8B44000A82B
S21404B8C8FFFFDFFFB46000A8543E0000C83E000037
S21404B8D8EC370000671F0000493F0000D44000A86A
S21404B8E8B45000A810B5C409FFF7D1FD201A3128B2
S21404B8F806DAC000183801D4C01EFDD5002010BDD5
S21404B9082000FFF7CEFD10BDC32148436F3801D48D
S21404B9181E38FDD500207047FEB5C020C004364941
S21404B928086036483649C86510243648046010202E
S21404B938FFF7EAFF00285ED1FF20000532490860B9
S21404B94832483349086033482D49086025042E4890
S21404B9580560314807680820FFF7D6FF00284AD153
S21404B96808262E4806600120FFF7CEFF2A4880687E
S21404B97802902B4806602B48214908602248056037
S21404B9880820FFF7C1FF002835D1244806600120A7
S21404B998FFF7BAFF204DA868019021480660184EA4
S21404B9A8214830600299019800F046F80104FC200A
S21404B9B88003084000900298C10B0198C00B00F061
S21404B9C83BF80006FC218905014000980143174806
S21404B9D80A0C4240FF239B1CD218104008433060D0
S21404B9E82F60E00308490860286828601048046047
S21404B9F8104981640020FEBD20E000A8F717000067
S21404BA082C0102A8401102A8B02002A80000380E93
S21404BA18B01002A810103030E04001A8E05001A889
S21404BA28E06001A830301010202020203F3F00009E
S21404BA38402102A8F7FFF00010B54904CA104004D4
S21404BA48C310991A00209A18D30F9A18521052182D
S21404BA588B115B0E5B18DB11D2182023541A01D401
S21404BA6822001843CC0F611849105B08F6D110BDA4
S21404BA78EFF3108072B67047002800D162B670479C
S21404BA8880B5FEF779FA002802D0B74800688047E0
S21404BA9801BD80B5FEF7B2FAB448006800030AD4BC
S21404BAA8FEF7FAFCFFF752FBFEF75BFC0120FFF7F4
S21404BAB829FBFFF716F880208005FEF73BFA01BD40
S21404BAC880B5FEF79BFA80204002FEF733FA01BDE4
S21404BAD8F8B5FEF721FA052097490860FEF725FA17
S21404BAE8964806680124264201D1FEF774FBFEF741
S21404BAF885FA9F48016800919E4A40681060B1051F
S21404BB08C80F002126420FD000919B4B5D68156034
S21404BB181D689A4A17687B1BBD4202D39769DB19CE
S21404BB285B1C974FBB42F5D3964D2960002804D07A
S21404BB3831000098FDF7DEFF00902868204004D105
S21404BB486846FEF774FB002802D10098FEF7C2FB8D
S21404BB58A94804606004FEF7EDF9F1BD38B5A74CB2
S21404BB68E06BC00506D580200006206000BF00BF35
S21404BB7840082060FEF724FCFEF740FAFDF764FE52
S21404BB8805009F489F490860FFF77AFF8020C00297
S21404BB98FEF7D0F9002D01D08020206001209A49B4
S21404BBA8087031BDF8B5FEF729FA984F2C20385C92
S21404BBB80521014002D0FEF7B7FA01E0FEF7C1FA04
S21404BBC88E4C0225F86A284001D0012020601020F7
S21404BBD8C0438F4908600026A6638E480660FEF7B1
S21404BBE8CBF9002803D08C480068804700E03E6004
S21404BBF8FEF792F989480068E16B090407D4000740
S21404BC0805D5FEF79FF986490D60FEF7A4F9FEF7F9
S21404BC188CF9FFF794FDA804FEF78CF9F1BD80B5FE
S21404BC28FEF7ECF951480068000303D4FEF799FBC5
S21404BC38FEF757FF80204003FEF77CF901BD38B5B0
S21404BC48FEF7DCF96D4C2025FFF73CFB002806D0F0
S21404BC58206B000704D5FFF75AFBFEF7F7FF2560AD
S21404BC68FEF77FFBFEF73DFF6E4800780C21014087
S21404BC78042902D1FEF758FA01E0FEF762FA6804CE
S21404BC88FEF758F94020206031BD1CB5FEF744F98C
S21404BC98052029490860FEF748F9FEF7AFF9FFF7CB
S21404BCA836FBB848006800906846FEF77FFF040035
S21404BCB8FFF7E6FE002C02D10098FEF7EDFF802081
S21404BCC84004FEF737F913BDF8B5FEF797F9AE4CFE
S21404BCD8256A5020284002D0FEF726FA01E0FEF72F
S21404BCE830FA464FFFF7EEFA00281BD1786B400768
S21404BCF81DD4386BE0214901014018D1A80611D497
S21404BD08FEF70AF9256AA14E354207D0FF20C0433C
S21404BD182D182562802000059D490860FEF705F960
S21404BD282E4002D00120386001E0002020608020E8
S21404BD388004FEF7FFF8F1BD3C1102A8400002A8F3
S21404BD4880B5FEF75BF993480068400601D5FEF710
S21404BD5808FB0120FFF7D6F9FEF7C3FE8020C004CF
S21404BD68FEF7E8F801BD0000DC3700000C0002A866
S21404BD78B83F00004C3E0000D43E000020C001A896
S21404BD8801FF0000483E000010B526480468FEF788
S21404BD9835F981490968090328D40321C00601D561
S21404BDA8214001E0A0080140012902D1FEF7BCF9B0
S21404BDB80BE0200107D50E20FFF7F2FBA748042165
S21404BDC8016008210160FEF7BCF9A54C2069A54965
S21404BDD80860FFF755FE2068002807D040001228A0
S21404BDE802D2FFF791FD01E0FFF737FB80208003BE
S21404BDF8FEF7A0F810BD0000402002A8100002A814
S21404BE0870012000B46000A8773E0000C43E00001D
S21404BE18442002A8503E0000E0370000844000A8F2
S21404BE287CE40350F03E0000F8B584B0012668466A
S21404BE38067000270297FEF7E1F80390564C206830
S21404BE48000300D597E00320A849C863864800681D
S21404BE58FB25AD010F210F220240032A03D0000B55
S21404BE68014006294DD1A2480068A2498E6DE16BAF
S21404BE78890701D59F49CE6DFFF755FB8619FEF74E
S21404BE887BF800280ED02879C1060BD02868090D3F
S21404BE984143890B761897490968002902D100029C
S21404BEA8400C3618002E01D5019700E00196606B09
S21404BEB80107C80F03212A6B0A40022A1BD1039ADA
S21404BEC8D20618D5AA68D30513D5A66B8A4B1E4086
S21404BED89E4203D11021854AD1630CE092050AD408
S21404BEE8E26B2823134006D16B461F70284A11605C
S21404BEF801E06A461770029068460678002E03D159
S21404BF080FE07C48406D0190FFF7DCF9002808D064
S21404BF18FFF7FDF90298002802D0FEF797FE00E026
S21404BF280026022071490860002E10D03020285CB4
S21404BF380C210140042902D0A06BC00602D5FEF7E6
S21404BF48F3F801E0FEF7FDF82020606013E0FEF742
S21404BF5808FA802000060E490860684868490860A0
S21404BF6801A8FEF723FE0400FFF78AFD002C02D181
S21404BF780198FEF791FE80200004FDF7DBFF05B06C
S21404BF88F0BD0000CC3F0000D03E000000FFFF00DC
S21404BF98441002A8440102A80C0002A8FEB5002416
S21404BFA80194FEF72BF8FFF76BFD564EF06E564DD0
S21404BFB80007000F072807D17068002804D400205B
S21404BFC8FFF7A0F8286841E0012103204F4A736868
S21404BFD85B070BD44E4B1B680B4007D01368DF0572
S21404BFE80BD55B0502D43368DB0503D40191916A4B
S21404BFF8890904E01021474B1960916A0909084029
S21404C00800900020FFF77EF80098002805D1706895
S21404C018C00602D4FEF795F801E0FEF785F800207E
S21404C0280199002903D13C480068FFF77CFA69693E
S21404C038401801D5009400E000906846FEF7F7F82B
S21404C048002805D10098FEF745F9A869054908604F
S21404C05880200005FDF76EFFF7BD000080E200E0D3
S21404C068AC3F00004C3E0000AC0002A8F8B5FDF753
S21404C078C5FF002400252948066B80277F0530065F
S21404C08806D5300709D5FFF742F9FEF7DFFD29E0A4
S21404C09801251F480068284019D00020FFF732F809
S21404C0A80220064002D01E490C60C8611D48046878
S21404C0B8002D03D02000FDF7A9FD0400FFF727F99B
S21404C0C82000FEF7E9FD3800FDF734FFF1BD1648F9
S21404C0D80078C0210140402902D1FEF725F801E086
S21404C0E8FEF72FF820200D490860ECE7082002A880
S21404C0F80CC101A86C3F000010000010FFFF7F7FF2
S21404C108B46000A8400002A8BC3F0000C83E000077
S21404C118B44000A8441002A81CC101A8100002A834
S21404C128180000AAD83F0000F03E000000F03CF8D3
S21404C13802480349486000F052F800BF732A00001A
S21404C1480000000080B5EFF305800B2801D23A21E1
S21404C15800E02921FF221632002000F03FFAFEE70D
S21404C16810B5C20018231340FF249C40E2438907F5
S21404C178090E9940030004D470489B089B00C01815
S21404C18806E0AD4B0007000F083880088000181832
S21404C19803681A401143016010BD80B57322542108
S21404C1A8002000F01BFA01BD10B5FFF761FC012161
S21404C1B8634A1160634B644A1360644A136003233A
S21404C1C8634C2360634C2360634B1960634B1960AC
S21404C1D88023A44C2360D160FFF74EFC10BDFFF704
S21404C1E847FC05000024012160B2FFF7B9FF641C70
S21404C1F80E2CF8D301210F20FFF7B2FF01211120DE
S21404C208FFF7AEFF01211320FFF7AAFF012117202D
S21404C218FFF7A6FF03210120C043FFF7A1FF012172
S21404C2281B20FFF79DFF7348734908607348C16A6B
S21404C238C1620168016002207149086001208A49C8
S21404C248086047046F4C20693840FCD02068800199
S21404C25801D4FDF748FE2800FFF70EFC774D0AE0E8
S21404C26800281BD0FDF76EFE18E020693840FCD085
S21404C2783000FFF701FC206E0004000F022801D1ED
S21404C288FEF73AFAFFF7F4FB0600FDF76BFE002804
S21404C298A878E5D0002801D1FDF75DFE012069786D
S21404C2A8002909D12978002905D170490968890621
S21404C2B801D45349086030BF0021697029780029E1
S21404C2C8D6D102214E4A116067490860CDE768480E
S21404C2D8016842680A40674810401B49086080079E
S21404C2E803D5A4480188491C0180704770B5624884
S21404C2F8016840680840000E00066049802212055E
S21404C308104218D05E4B1C68641C1C605D4C5E4D65
S21404C3182D682D0407D5A568002D04D007250D60C3
S21404C3280125AC4E3560402525601B68012B02D9D3
S21404C33810238B62CA67886770BD000000E400E0BB
S21404C348040002A80000FF3F282002A82C1002A818
S21404C35840E002A844C002A804C001A8044001A8FA
S21404C368F8B5854C206B616B01400091834D0846F7
S21404C378286000988249014007D0FDF7FDFD002893
S21404C38803D000989449096888478020009901409A
S21404C3981CD0F821C90123680B4017D0C02212010B
S21404C3A8934213D880231B06EB6226680E40944FEC
S21404C3B83F683F043F0F022F01D0032F03D1002EFE
S21404C3C801D09642F1D38F490B6028608E480078D6
S21404C3D806280DDA0098CC218901014008D0FFF719
S21404C3E847FB04000098FDF7B5FA2000FFF744FB66
S21404C3F8F1BD0000FFFF9B0800E100E0E04001A853
S21404C4085C2002A84C0002A810B58048016844685D
S21404C4180C407F48046080210C4205D041607D486A
S21404C42801600020FDF796FA600403D580204005D5
S21404C4387949086010BD00001CED00E0763E000057
S21404C44838B57648016844680C40E00707D5FFF716
S21404C4580FFB0500FDF714FB2800FFF70DFB7048DB
S21404C468046031BD505201A85C1002A8F40302A867
S21404C478280002A8FFFF00C0B44000A83C6000A83B
S21404C488703E00002C4000A8384101A8FEB5654C53
S21404C498206C666C064001273E4216D03D0662486C
S21404C4A80560206861490F60002802D00021FDF766
S21404C4B8A5FC5F480068A021C90188428041C043A2
S21404C4C8C00F5C4988705C480560FDF73BFD029028
S21404C4D802210E4049D06068C2B20192000A009058
S21404C4E808224B4B4C03554D0020019E012E27D0A5
S21404C4F8022E38D1009E012E24D1EE780096504E96
S21404C5082F780C2047430020F051287840059027C0
S21404C5187F04C719032038434A4F38601C604A48CA
S21404C5280460301D2B780C246343484C2468009F11
S21404C538E419C45028780C2358433150444811E071
S21404C5480091DCE7002E0ED1424E37603C4E361D75
S21404C5582D780C277D4370515C601C60C8043E4BE4
S21404C56818603E480260314801600298FDF7F3FC03
S21404C578F7BD0000743E00001C4201A84C6201A8E6
S21404C5880200060070B5FDF7DDFC0400FFF770FA3C
S21404C5982C490A68D20717D5294A121D304B5D7AEA
S21404C5A80C2675435659294D2D681E60CE685E6064
S21404C5B84968D9818021C9041B4E3160197B6918E2
S21404C5C85B7A0C256B43D150FFF756FA2000FDF72B
S21404C5D8C2FC70BD3C5000A8D8370000002800D024
S21404C5E8704710B50C00FDF7ADFC1E490C6001221F
S21404C5F81D4B1A600B6C1340FCD1FDF7ACFC10BD48
S21404C608AC0002A8785201A8403E000090C001A8D9
S21404C61890E001A80CC001A804ED00E090C000A8B2
S21404C62890E000A800C002A8401002A840E002A8B3
S21404C638404000A8763E0000402002A88D3E000038
S21404C648300000A860C101A894D001A8200000A862
S21404C658F42302A860E101A880E200E0F41302A82B
S21404C668843E0000008002A8409002A8B0C60400D9
S21404C678000000008CC60400010000000000000052
S21404C68800F04902000000004063598F404B4C00FC
S21404C6980B000B001A00FF7F6467002000000000F0
S21404C6A82CCA0400000000000C400200018014009C
S21404C6B87F40000020400200000000000000000048
S21404C6C830400700000000000000000000000000E2
S21404C6D8000000000000000000400000A00704005E
S21404C6E850400100000000005C400200000000000A
S21404C6F800000000A840010007000000BC40040039
S21404C7080000000000000000000000000000000018
S21404C7180441040000400000FF4C0000FF5D0000D8
S21404C728FF4D000020C0011000F8070020C00130AB
S21404C738F502080024C00110FF00000024C00130E0
S21404C7480018000028C00700EC80B38343754051E6
S21404C758A00F004830400000000000000000000061
S21404C7682E02000050C00400511130040E2D09E6B4
S21404C77854060708D1B6020064C00A000430001C38
S21404C788403018090D647920EBFCFB017FF6E803BA
S21404C798BD4B721511A3180510325476980A00007A
S21404C7A80000000008000101040700001800010149
S21404C7B80000000020000101088400001C40080155
S21404C7C81000000020F9130407C0520000000000FF
S21404C7D80000000000000003000000000000000045
S21404C7E8584006016402FF004108000001000000EA
S21404C7F8B0070800A70000000000000080401101F0
S21404C8084B01A0089BC34A74F00300000000000014
S21404C818000000000101103050707F7F0000000007
S21404C82800000000000000000000000000000000F7
S21404C83800000000000000000000000000000000E7
S21404C84800000000E0400201330000000000000081
S21404C858EC4001017DA8D98BF440050164048307E4
S21404C8688813C83A9C200A0000612000B75635127F
S21404C8780C410301F95412002030042988BB4040B7
S21404C88824410201000000000310000030410A01A0
S21404C8986406660C0C010000E853FA000000000069
S21404C8A80000000000000000000000000000000077
S21404C8B800000000010100006841030164048307C6
S21404C8C888138200000000003042040100000000C3
S21404C8D80000000E000000000000000044420201B0
S21404C8E800000000F4811F0054420C010000000000
S21404C8F800003C0000000000000000005555555597
S21404C908170000000000000000000000AAAA0600A5
S21404C9180000000000000000000000001080010174
S21404C92803000000388002011149100001000000CD
S21404C9389C800301EB40020070780300D5C0000019
S21404C948A8800111F0010000A88001310542CB013E
S21404C958AC800111F0010000AC80013105228D0085
S21404C968B0800201000300023700000198000202AA
S21404C978000C00044C000000A4000102000400009F
S21404C988D0000202050040AA88010000E400010263
S21404C9986C2C5111F4000202000000003D2108111D
S21404C9A8FC0001123F000000FC00013200540400A1
S21404C9B8300101026000510254010102C43F000024
S21404C9C86801010200040000FC4F0103DCC90400EE
S21404C9D8FFFFFFFF12000000666666000000000006
S21404C9E894CA040084CA040000000000001A9A00CE
S21404C9F8005A620280841E000420F5001149500281
S21404CA08000000002ECA0400000000000000000019
S21404CA1800000000B1841E000000000000000000B2
S21404CA280000000005020200000000F04902061497
S21404CA38000000E0930405380000A0080000000089
S21404CA48580901040706100A01040707C80A00045F
S21404CA580807800B00040808380C00040908610855
S21404CA6800000000680800000000C7090104040369
S21404CA782C0B01040404920C01040504ED170000B1
S21404CA88ED1700000000000000000000193F010632
S21404CA980410010000010106001027000009000028
S21404CAA80000000000000000A5ED010055ED01009F
S21404CAB861ED010051EE01003F7A0300E17F0300B7
S21404CAC8E57F0300E97F0300ED7F0300F17F0300A1
S21404CAD800000000A8010000081400200001030458
S21404CAE864EE01001000000024E101001A000000B2
S21404CAF879EB01001100000075E401001100000044
S21404CB0863E511000400000023E11100040000009E
S21404CB1825E101000800000026E101000A000000E3
S21404CB2827E10100020000000000000000000000E9
S21404CB3899CC040093CC0400000000009ACC0400AE
S21404CB48B777040000000000B1770400B377040048
S21404CB5800000000B577040071CC04009FCC0400E4
S21404CB68B8770400B277040000000000B677040023
S21404CB788CCB0400AF770400B0770400B4770400C5
S21404CB88AE770400000203040508090A0B00010234
S21404CB980304051D2000B40108020200AA00FFFFD2
S21404CBA8FFFFFFFFFFFFFFFF019F0300614B02002B
S21404CBB8DD7602002D140300ED7902006788030071
S21404CBC8698803006B8803006D880300EDDA0200A9
S21404CBD889B30200CDF40200D90D0300FD670200F4
S21404CBE86188030029B6020063880300015C02001A
S21404CBF865880300276F0300F56002009D44030060
S21404CC080000000000130000000000000000000000
S21404CC1801000000B5B90200020000005F99030095
S21404CC28030000000DB9020004000000D9980300B0
S21404CC3805000000ADB80200000000000000000077
S21404CC480023001B2200FF00000000000C0902025B
S21404CC58000000001C1A0B0303FF06080402020265
S21404CC6804020A0B030302030480FF0204FF010103
S21404CC7801010800000000000000005A69674265C8
S21404CC8865416C6C69616E6365303980008F8E8C83
S20C04CC9880808006080C108061
S20C04CCA084A0FB7F01000000E4
S21004CCA8B4CC040058630020CB0100004C
S21404CCB40000000000000000FFFF00000100000068
S21404CCC40000000000000000000000000000000057
S21404CCD40000000000000000000000000000000047
S21404CCE40000000000000000000000000000000037
S21404CCF40000000000000000000000000000000027
S21404CD040000000000000000000000000000000016
S21404CD140000000000000000000000000000000006
S21404CD2400000000000000000000000000000000F6
S21404CD3400000000000000000000000000000000E6
S21404CD4400000000000000000000000000000000D6
S21404CD5400000000000000000000000000000000C6
S21404CD6400000000000000000000000000000000B6
S21404CD7400000000000000000000000000000000A6
S21404CD840000000000000000000000000000000096
S21404CD940000000000000000000000000000000086
S21404CDA40000000000000000000000000000000076
S21404CDB40000000000000000000100000000F00174
S21404CDC408000000081000200100230104000000ED
S21404CDD4101000200600300101000000141000208A
S21404CDE4FFFFFFFFC0EA2101C0EA21010080000022
S21404CDF400F04902A06400200060070000800000E0
S21404CE0428350020C8000000FE00000000000000D2
S21404CE144069040018100020FFFFFFFFA06C040004
S21404CE24330000009D15010033000000DF480300B2
S21404CE3480E5030084E5030091E503009EE5030012
S21404CE44ABE50300B8E50300CBE50300DDE503002A
S21404CE54EAE50300F7E5030004E6030019E6030025
S21404CE642CE603003EE6030053E6030062E60300F2
S21404CE7473E6030082E6030092E603009EE60300DC
S21404CE84ABE60300BBE60300CDE60300DCE60300E2
S21404CE94EBE60300F4E6030009E703001EE70300D9
S21404CEA433E7030053E7030061E7030080E7030066
S21404CEB49BE70300AEE70300BBE70300D0E70300E9
S21404CEC4DFE70300EEE7030000E8030012E80300CC
S21404CED425E8030038E803004EE8030000000000D9
S21404CEE40F00000085EA03009CEA0300FF0000002C
S21404CEF40000000000000000000000000000000025
S21404CF040000000000000000000000000030E704F9
S21404CF1400C81803F9F20300FEF203002BF303001F
S21404CF2456F3030084F30300B2F30300E1F30300AF
S21404CF340EF403003EF403006EF40300BEF4030090
S21404CF44FFFFFFFF00F80300FFFFFFFF00000400DD
S21404CF5400000400005C26050466002006000000A9
S21404CF64348F0400000000000100190001000000D2
S21404CF7410410020010019000100000010410020A7
S21404CF8401001900010000001041002001001900EE
S21404CF9401000000104100200100190001000000F7
S21404CFA41041002001001900010000001041002077
S21404CFB401001900010000001041002001001900BE
S21404CFC401000000104100200100190001000000C7
S21404CFD41041002001001900010000001041002047
S21404CFE4010019000100000010410020010019008E
S21404CFF401000000104100201C4500200000000031
S21404D0040000000030780400C84B0020B8660020F6
S21404D014884E0020D06604000600000000000000CD
S21404D0240000000000000000948F0400AC8F04008D
S21404D034DB660400051E0400FE000000E86600200B
S21404D04400000000984E0020004F0020684F002087
S21404D05400000000000000000000000000000000C3
S21404D06400000000000000000000000000000000B3
S21404D07400000000000000000000000000000000A3
S21404D0840000000000000000000000001579030002
S21404D09411790300FFFFFFFF19790300FFFFFFFF69
S21404D0A4717E0300CD7E0300FFFFFFFFFFFFFFFF3B
S21404D0B4FFFFFFFFFFFFFFFF2F2A0000FFFFFFFF16
S21404D0C40000000063800300D8CA0400FFFFFFFFCB
S21404D0D40000000020A107000000000055B803006B
S21404D0E40000000000000000000000000000000033
S21404D0F40000000000000000000000000000000023
S21404D1045054002071410200E55A0200051E040032
S21404D1140000000000000000000000000000000002
S21404D124505400200948020000000000051E0400B4
S21404D13400000000000000000000000000000000E2
S21404D1445054002031520200E55A0200051E040021
S21404D15400000000000000000000000000000000C2
S21404D164C867040050540020896C020000000000C4
S21404D174051E04000000000000000000000000007B
S21404D18400000000505400208D75020000000000CA
S21404D194051E04000000000000000000000000005B
S21404D1A40000000050540020E9850200000000003E
S21404D1B4051E04000000000000000000000000003B
S21404D1C400000000B80B000050540020C989020077
S21404D1D400000000051E040000000000000000001B
S21404D1E4000000000000000050540020A992020031
S21404D1F400000000051E04000000000000000000FB
S21404D204000000000000000050540020199402009E
S21404D21400000000051E04000000000000000000DA
S21404D2240000000000000000505400209B8E030001
S21404D23400000000051E04000000000000000000BA
S21404D2440000000000000000505400206197020013
S21404D25400000000051E040000000000000000009A
S21404D264000000000000000050540020059C02004A
S21404D27400000000051E040000000000000000007A
S21404D284000000000000000050540020639B0300CC
S21404D29400000000051E040000000000000000005A
S21404D2A40000000000000000505400207DF402003A
S21404D2B400000000051E040000000000000000003A
S21404D2C40000000000000000ABA00300505400203F
S21404D2D4490E0300E55A0200051E0400000000007F
S21404D2E4000000000000000000000000505400206D
S21404D2F4B914030000000000051E0400000000002A
S21404D304000000000000000000000000FFFFD0073B
S21404D314B80B0000FFFFFFFFCEFAEFBEFFFFFDFFD2
S21404D324FDFF0C002C01001E2C0140068000FFFFAC
S21404D33404F8FFFF0C000000000000004000FDFF9E
S21404D3442C019C000000FFFFFDFFFFFFFFFF60EAC7
S21404D3548000800010C1CDAB0A01320101FFFFFF3B
S21404D364FFFFFFFFFFFFFFFFFFFFFFFFFFFFFFFFC0
S21404D374FFFFFFFFFFFFFFFFFFFFFFFFFF01FF05A8
S21404D384FFFFFF0101FFFF0201FFFF640250FF0FCE
S21404D3940208031E050216010A0C052007051001DF
S21404D3A4010F080101010104FF0301FF0CFF0F7FB5
S21404D3B47F0150403000FFFFFF0B03FF050B010302
S21404D3C40105020201FFFFFFFFFFFFFFFF01010249
S21004D3D4FFFFFF01056D0000DD6C00008B
S804009DF569
